unity_timestamp,eye_timestamp,left_validata,left_eye_openness,left_eye_pupil_diameter,left_eye_origin.x,left_eye_origin.y,left_eye_origin.z,left_eye_gaze.x,left_eye_gaze.y,left_eye_gaze.z,right_validata,right_eye_openness,right_eye_pupil_diameter,right_eye_origin.x,right_eye_origin.y,right_eye_origin.z,right_eye_gaze.x,right_eye_gaze.y,right_eye_gaze.z,combined_eye_origin.x,combined_eye_origin.y,combined_eye_origin.z,combined_eye_gaze.x,combined_eye_gaze.y,combined_eye_gaze.z,gaze_distance,
20.46867,22228,True,1.0000000000,4.0000000000,-0.0320000000,0.0000000000,0.0000000000,0.7720684000,0.3463778000,0.5328534000,True,1.0000000000,4.0000000000,0.0320000000,0.0000000000,0.0000000000,0.7664499000,0.3500647000,0.5385251000,0.0000000000,0.0000000000,0.0000000000,0.7692667000,0.3482246000,0.5356944000,4.6500380000,
20.49656,22291,True,1.0000000000,4.0000000000,-0.0320000000,0.0000000000,0.0000000000,0.7720734000,0.3463764000,0.5328472000,True,1.0000000000,4.0000000000,0.0320000000,0.0000000000,0.0000000000,0.7664458000,0.3500692000,0.5385280000,0.0000000000,0.0000000000,0.0000000000,0.7692670000,0.3482262000,0.5356928000,4.6426150000,
20.51656,22327,True,1.0000000000,4.0000000000,-0.0320000000,0.0000000000,0.0000000000,0.7720969000,0.3463625000,0.5328223000,True,1.0000000000,4.0000000000,0.0320000000,0.0000000000,0.0000000000,0.7664174000,0.3500893000,0.5385554000,0.0000000000,0.0000000000,0.0000000000,0.7692647000,0.3482293000,0.5356941000,4.6001590000,
20.52466,22335,True,1.0000000000,4.0000000000,-0.0320000000,0.0000000000,0.0000000000,0.7721157000,0.3463514000,0.5328021000,True,1.0000000000,4.0000000000,0.0320000000,0.0000000000,0.0000000000,0.7664016000,0.3501010000,0.5385702000,0.0000000000,0.0000000000,0.0000000000,0.7692664000,0.3482297000,0.5356916000,4.5722620000,
20.53634,22346,True,1.0000000000,4.0000000000,-0.0320000000,0.0000000000,0.0000000000,0.7721143000,0.3463480000,0.5328063000,True,1.0000000000,4.0000000000,0.0320000000,0.0000000000,0.0000000000,0.7664055000,0.3500941000,0.5385692000,0.0000000000,0.0000000000,0.0000000000,0.7692676000,0.3482245000,0.5356931000,4.5764720000,
20.5469,22357,True,1.0000000000,4.0000000000,-0.0320000000,0.0000000000,0.0000000000,0.7721152000,0.3463491000,0.5328043000,True,1.0000000000,4.0000000000,0.0320000000,0.0000000000,0.0000000000,0.7663970000,0.3501014000,0.5385766000,0.0000000000,0.0000000000,0.0000000000,0.7692638000,0.3482287000,0.5356958000,4.5690430000,
20.55798,22368,True,1.0000000000,4.0000000000,-0.0320000000,0.0000000000,0.0000000000,0.7721233000,0.3463423000,0.5327970000,True,1.0000000000,4.0000000000,0.0320000000,0.0000000000,0.0000000000,0.7663955000,0.3501009000,0.5385790000,0.0000000000,0.0000000000,0.0000000000,0.7692671000,0.3482251000,0.5356934000,4.5612650000,
20.56947,22380,True,1.0000000000,4.0000000000,-0.0320000000,0.0000000000,0.0000000000,0.7721351000,0.3463340000,0.5327854000,True,1.0000000000,4.0000000000,0.0320000000,0.0000000000,0.0000000000,0.7663803000,0.3501102000,0.5385947000,0.0000000000,0.0000000000,0.0000000000,0.7692655000,0.3482256000,0.5356954000,4.5399670000,
20.59163,22402,True,1.0000000000,4.0000000000,-0.0320000000,0.0000000000,0.0000000000,0.7721422000,0.3463335000,0.5327754000,True,1.0000000000,4.0000000000,0.0320000000,0.0000000000,0.0000000000,0.7663707000,0.3501207000,0.5386014000,0.0000000000,0.0000000000,0.0000000000,0.7692643000,0.3482306000,0.5356938000,4.5268570000,
20.61359,22424,True,1.0000000000,4.0000000000,-0.0320000000,0.0000000000,0.0000000000,0.7721481000,0.3463230000,0.5327736000,True,1.0000000000,4.0000000000,0.0320000000,0.0000000000,0.0000000000,0.7663676000,0.3501161000,0.5386088000,0.0000000000,0.0000000000,0.0000000000,0.7692657000,0.3482231000,0.5356967000,4.5197730000,
20.63593,22451,True,1.0000000000,4.0000000000,-0.0320000000,0.0000000000,0.0000000000,0.7721480000,0.3463289000,0.5327699000,True,1.0000000000,4.0000000000,0.0320000000,0.0000000000,0.0000000000,0.7663658000,0.3501232000,0.5386067000,0.0000000000,0.0000000000,0.0000000000,0.7692648000,0.3482296000,0.5356938000,4.5184600000,
20.65791,22469,True,1.0000000000,4.0000000000,-0.0320000000,0.0000000000,0.0000000000,0.7721525000,0.3463219000,0.5327679000,True,1.0000000000,4.0000000000,0.0320000000,0.0000000000,0.0000000000,0.7663651000,0.3501197000,0.5386101000,0.0000000000,0.0000000000,0.0000000000,0.7692667000,0.3482244000,0.5356945000,4.5142830000,
20.68045,22491,True,1.0000000000,4.0000000000,-0.0320000000,0.0000000000,0.0000000000,0.7721514000,0.3463226000,0.5327691000,True,1.0000000000,4.0000000000,0.0320000000,0.0000000000,0.0000000000,0.7663644000,0.3501199000,0.5386108000,0.0000000000,0.0000000000,0.0000000000,0.7692658000,0.3482248000,0.5356955000,4.5147090000,
20.70315,22513,True,1.0000000000,4.0000000000,-0.0320000000,0.0000000000,0.0000000000,0.7721494000,0.3463283000,0.5327682000,True,1.0000000000,4.0000000000,0.0320000000,0.0000000000,0.0000000000,0.7663651000,0.3501240000,0.5386073000,0.0000000000,0.0000000000,0.0000000000,0.7692651000,0.3482297000,0.5356933000,4.5167240000,
20.725,22535,True,1.0000000000,4.0000000000,-0.0320000000,0.0000000000,0.0000000000,0.7721460000,0.3463275000,0.5327738000,True,1.0000000000,4.0000000000,0.0320000000,0.0000000000,0.0000000000,0.7663699000,0.3501176000,0.5386044000,0.0000000000,0.0000000000,0.0000000000,0.7692658000,0.3482261000,0.5356945000,4.5232780000,
20.74839,22558,True,1.0000000000,4.0000000000,-0.0320000000,0.0000000000,0.0000000000,0.7721413000,0.3463317000,0.5327778000,True,1.0000000000,4.0000000000,0.0320000000,0.0000000000,0.0000000000,0.7663736000,0.3501165000,0.5386001000,0.0000000000,0.0000000000,0.0000000000,0.7692652000,0.3482276000,0.5356944000,4.5297620000,
20.76977,22580,True,1.0000000000,4.0000000000,-0.0320000000,0.0000000000,0.0000000000,0.7721384000,0.3463350000,0.5327800000,True,1.0000000000,4.0000000000,0.0320000000,0.0000000000,0.0000000000,0.7663761000,0.3501161000,0.5385966000,0.0000000000,0.0000000000,0.0000000000,0.7692651000,0.3482291000,0.5356938000,4.5340860000,
20.79139,22602,True,1.0000000000,4.0000000000,-0.0320000000,0.0000000000,0.0000000000,0.7721401000,0.3463318000,0.5327795000,True,1.0000000000,4.0000000000,0.0320000000,0.0000000000,0.0000000000,0.7663767000,0.3501137000,0.5385974000,0.0000000000,0.0000000000,0.0000000000,0.7692662000,0.3482263000,0.5356939000,4.5331270000,
20.81364,22624,True,1.0000000000,4.0000000000,-0.0320000000,0.0000000000,0.0000000000,0.7721404000,0.3463355000,0.5327766000,True,1.0000000000,4.0000000000,0.0320000000,0.0000000000,0.0000000000,0.7663730000,0.3501201000,0.5385984000,0.0000000000,0.0000000000,0.0000000000,0.7692646000,0.3482313000,0.5356930000,4.5300540000,
20.83629,22646,True,1.0000000000,4.0000000000,-0.0320000000,0.0000000000,0.0000000000,0.7721452000,0.3463245000,0.5327769000,True,1.0000000000,4.0000000000,0.0320000000,0.0000000000,0.0000000000,0.7663723000,0.3501126000,0.5386044000,0.0000000000,0.0000000000,0.0000000000,0.7692666000,0.3482221000,0.5356961000,4.5256700000,
20.85807,22668,True,1.0000000000,4.0000000000,-0.0320000000,0.0000000000,0.0000000000,0.7721432000,0.3463290000,0.5327768000,True,1.0000000000,4.0000000000,0.0320000000,0.0000000000,0.0000000000,0.7663705000,0.3501170000,0.5386041000,0.0000000000,0.0000000000,0.0000000000,0.7692647000,0.3482265000,0.5356959000,4.5258500000,
20.87993,22690,True,1.0000000000,4.0000000000,-0.0320000000,0.0000000000,0.0000000000,0.7721467000,0.3463235000,0.5327752000,True,1.0000000000,4.0000000000,0.0320000000,0.0000000000,0.0000000000,0.7663720000,0.3501129000,0.5386047000,0.0000000000,0.0000000000,0.0000000000,0.7692672000,0.3482217000,0.5356954000,4.5242140000,
20.90365,22714,True,1.0000000000,4.0000000000,-0.0320000000,0.0000000000,0.0000000000,0.7721506000,0.3463237000,0.5327694000,True,1.0000000000,4.0000000000,0.0320000000,0.0000000000,0.0000000000,0.7663665000,0.3501192000,0.5386083000,0.0000000000,0.0000000000,0.0000000000,0.7692665000,0.3482250000,0.5356944000,4.5168750000,
20.92473,22735,True,1.0000000000,4.0000000000,-0.0320000000,0.0000000000,0.0000000000,0.7721583000,0.3463186000,0.5327617000,True,1.0000000000,4.0000000000,0.0320000000,0.0000000000,0.0000000000,0.7663557000,0.3501263000,0.5386192000,0.0000000000,0.0000000000,0.0000000000,0.7692649000,0.3482260000,0.5356960000,4.5024820000,
20.94702,22757,True,1.0000000000,4.0000000000,-0.0320000000,0.0000000000,0.0000000000,0.7721728000,0.3463099000,0.5327461000,True,1.0000000000,4.0000000000,0.0320000000,0.0000000000,0.0000000000,0.7663441000,0.3501348000,0.5386301000,0.0000000000,0.0000000000,0.0000000000,0.7692665000,0.3482260000,0.5356937000,4.4822770000,
20.96922,22780,True,1.0000000000,4.0000000000,-0.0320000000,0.0000000000,0.0000000000,0.7721844000,0.3463042000,0.5327331000,True,1.0000000000,4.0000000000,0.0320000000,0.0000000000,0.0000000000,0.7663308000,0.3501454000,0.5386421000,0.0000000000,0.0000000000,0.0000000000,0.7692657000,0.3482284000,0.5356933000,4.4632740000,
20.99116,22801,True,1.0000000000,4.0000000000,-0.0320000000,0.0000000000,0.0000000000,0.7722003000,0.3462895000,0.5327197000,True,1.0000000000,4.0000000000,0.0320000000,0.0000000000,0.0000000000,0.7663127000,0.3501529000,0.5386630000,0.0000000000,0.0000000000,0.0000000000,0.7692646000,0.3482248000,0.5356970000,4.4375770000,
21.01348,22824,True,1.0000000000,4.0000000000,-0.0320000000,0.0000000000,0.0000000000,0.7722305000,0.3462674000,0.5326903000,True,1.0000000000,4.0000000000,0.0320000000,0.0000000000,0.0000000000,0.7662849000,0.3501688000,0.5386922000,0.0000000000,0.0000000000,0.0000000000,0.7692660000,0.3482218000,0.5356970000,4.3942300000,
21.03562,22846,True,1.0000000000,4.0000000000,-0.0320000000,0.0000000000,0.0000000000,0.7724880000,0.3461008000,0.5324252000,True,1.0000000000,4.0000000000,0.0320000000,0.0000000000,0.0000000000,0.7660178000,0.3503465000,0.5389566000,0.0000000000,0.0000000000,0.0000000000,0.7692627000,0.3482281000,0.5356978000,4.0379600000,
21.058,22868,True,1.0000000000,4.0000000000,-0.0320000000,0.0000000000,0.0000000000,0.7725410000,0.3460679000,0.5323696000,True,1.0000000000,4.0000000000,0.0320000000,0.0000000000,0.0000000000,0.7659603000,0.3503861000,0.5390124000,0.0000000000,0.0000000000,0.0000000000,0.7692609000,0.3482316000,0.5356981000,3.9702030000,
21.08083,22891,True,1.0000000000,4.0000000000,-0.0320000000,0.0000000000,0.0000000000,0.7725489000,0.3460625000,0.5323617000,True,1.0000000000,4.0000000000,0.0320000000,0.0000000000,0.0000000000,0.7659528000,0.3503908000,0.5390201000,0.0000000000,0.0000000000,0.0000000000,0.7692611000,0.3482313000,0.5356981000,3.9609110000,
21.09113,22901,True,1.0000000000,4.0000000000,-0.0320000000,0.0000000000,0.0000000000,0.7726029000,0.3460253000,0.5323076000,True,1.0000000000,4.0000000000,0.0320000000,0.0000000000,0.0000000000,0.7658967000,0.3504258000,0.5390769000,0.0000000000,0.0000000000,0.0000000000,0.7692604000,0.3482303000,0.5356996000,3.8959880000,
21.10249,22913,True,1.0000000000,4.0000000000,-0.0320000000,0.0000000000,0.0000000000,0.7726035000,0.3460233000,0.5323079000,True,1.0000000000,4.0000000000,0.0320000000,0.0000000000,0.0000000000,0.7658973000,0.3504238000,0.5390775000,0.0000000000,0.0000000000,0.0000000000,0.7692610000,0.3482284000,0.5357001000,3.8959480000,
21.11387,22924,True,1.0000000000,4.0000000000,-0.0320000000,0.0000000000,0.0000000000,0.7726201000,0.3460108000,0.5322919000,True,1.0000000000,4.0000000000,0.0320000000,0.0000000000,0.0000000000,0.7658801000,0.3504335000,0.5390956000,0.0000000000,0.0000000000,0.0000000000,0.7692608000,0.3482270000,0.5357013000,3.8763750000,
21.12444,22935,True,1.0000000000,4.0000000000,-0.0320000000,0.0000000000,0.0000000000,0.7726363000,0.3460011000,0.5322747000,True,1.0000000000,4.0000000000,0.0320000000,0.0000000000,0.0000000000,0.7658622000,0.3504461000,0.5391128000,0.0000000000,0.0000000000,0.0000000000,0.7692600000,0.3482285000,0.5357013000,3.8568930000,
21.1363,22947,True,1.0000000000,4.0000000000,-0.0320000000,0.0000000000,0.0000000000,0.7726530000,0.3459929000,0.5322559000,True,1.0000000000,4.0000000000,0.0320000000,0.0000000000,0.0000000000,0.7658451000,0.3504601000,0.5391280000,0.0000000000,0.0000000000,0.0000000000,0.7692600000,0.3482315000,0.5356995000,3.8377550000,
21.14713,22957,True,1.0000000000,4.0000000000,-0.0320000000,0.0000000000,0.0000000000,0.7726707000,0.3459748000,0.5322419000,True,1.0000000000,4.0000000000,0.0320000000,0.0000000000,0.0000000000,0.7658284000,0.3504646000,0.5391489000,0.0000000000,0.0000000000,0.0000000000,0.7692606000,0.3482247000,0.5357031000,3.8184540000,
21.15854,22968,True,1.0000000000,4.0000000000,-0.0320000000,0.0000000000,0.0000000000,0.7726859000,0.3459709000,0.5322223000,True,1.0000000000,4.0000000000,0.0320000000,0.0000000000,0.0000000000,0.7658100000,0.3504828000,0.5391631000,0.0000000000,0.0000000000,0.0000000000,0.7692591000,0.3482319000,0.5357004000,3.7997650000,
21.16945,22980,True,1.0000000000,4.0000000000,-0.0320000000,0.0000000000,0.0000000000,0.7727013000,0.3459586000,0.5322081000,True,1.0000000000,4.0000000000,0.0320000000,0.0000000000,0.0000000000,0.7657942000,0.3504908000,0.5391804000,0.0000000000,0.0000000000,0.0000000000,0.7692589000,0.3482298000,0.5357021000,3.7826530000,
21.18022,22990,True,1.0000000000,4.0000000000,-0.0320000000,0.0000000000,0.0000000000,0.7727155000,0.3459491000,0.5321936000,True,1.0000000000,4.0000000000,0.0320000000,0.0000000000,0.0000000000,0.7657819000,0.3504988000,0.5391926000,0.0000000000,0.0000000000,0.0000000000,0.7692600000,0.3482291000,0.5357009000,3.7681680000,
21.19133,23001,True,1.0000000000,4.0000000000,-0.0320000000,0.0000000000,0.0000000000,0.7727242000,0.3459473000,0.5321821000,True,1.0000000000,4.0000000000,0.0320000000,0.0000000000,0.0000000000,0.7657668000,0.3505127000,0.5392051000,0.0000000000,0.0000000000,0.0000000000,0.7692569000,0.3482352000,0.5357015000,3.7552940000,
21.20316,23013,True,1.0000000000,4.0000000000,-0.0320000000,0.0000000000,0.0000000000,0.7727366000,0.3459346000,0.5321724000,True,1.0000000000,4.0000000000,0.0320000000,0.0000000000,0.0000000000,0.7657603000,0.3505123000,0.5392146000,0.0000000000,0.0000000000,0.0000000000,0.7692599000,0.3482286000,0.5357015000,3.7450910000,
21.21381,23024,True,1.0000000000,4.0000000000,-0.0320000000,0.0000000000,0.0000000000,0.7727425000,0.3459328000,0.5321651000,True,1.0000000000,4.0000000000,0.0320000000,0.0000000000,0.0000000000,0.7657494000,0.3505216000,0.5392240000,0.0000000000,0.0000000000,0.0000000000,0.7692574000,0.3482324000,0.5357025000,3.7361420000,
21.225,23035,True,1.0000000000,4.0000000000,-0.0320000000,0.0000000000,0.0000000000,0.7727510000,0.3459275000,0.5321560000,True,1.0000000000,4.0000000000,0.0320000000,0.0000000000,0.0000000000,0.7657421000,0.3505266000,0.5392311000,0.0000000000,0.0000000000,0.0000000000,0.7692581000,0.3482323000,0.5357016000,3.7276740000,
21.23572,23046,True,1.0000000000,4.0000000000,-0.0320000000,0.0000000000,0.0000000000,0.7727582000,0.3459239000,0.5321480000,True,1.0000000000,4.0000000000,0.0320000000,0.0000000000,0.0000000000,0.7657341000,0.3505329000,0.5392383000,0.0000000000,0.0000000000,0.0000000000,0.7692577000,0.3482337000,0.5357013000,3.7196710000,
21.24669,23057,True,1.0000000000,4.0000000000,-0.0320000000,0.0000000000,0.0000000000,0.7727655000,0.3459188000,0.5321406000,True,1.0000000000,4.0000000000,0.0320000000,0.0000000000,0.0000000000,0.7657248000,0.3505388000,0.5392478000,0.0000000000,0.0000000000,0.0000000000,0.7692568000,0.3482341000,0.5357023000,3.7108690000,
21.25761,23067,True,1.0000000000,4.0000000000,-0.0320000000,0.0000000000,0.0000000000,0.7727753000,0.3459101000,0.5321322000,True,1.0000000000,4.0000000000,0.0320000000,0.0000000000,0.0000000000,0.7657171000,0.3505414000,0.5392569000,0.0000000000,0.0000000000,0.0000000000,0.7692579000,0.3482311000,0.5357028000,3.7016910000,
21.26913,23079,True,1.0000000000,4.0000000000,-0.0320000000,0.0000000000,0.0000000000,0.7727825000,0.3459063000,0.5321240000,True,1.0000000000,4.0000000000,0.0320000000,0.0000000000,0.0000000000,0.7657081000,0.3505484000,0.5392652000,0.0000000000,0.0000000000,0.0000000000,0.7692571000,0.3482327000,0.5357028000,3.6931770000,
21.27972,23090,True,1.0000000000,4.0000000000,-0.0320000000,0.0000000000,0.0000000000,0.7727922000,0.3458945000,0.5321178000,True,1.0000000000,4.0000000000,0.0320000000,0.0000000000,0.0000000000,0.7657021000,0.3505468000,0.5392748000,0.0000000000,0.0000000000,0.0000000000,0.7692589000,0.3482260000,0.5357046000,3.6850060000,
21.2912,23102,True,1.0000000000,4.0000000000,-0.0320000000,0.0000000000,0.0000000000,0.7727979000,0.3458939000,0.5321098000,True,1.0000000000,4.0000000000,0.0320000000,0.0000000000,0.0000000000,0.7656959000,0.3505541000,0.5392789000,0.0000000000,0.0000000000,0.0000000000,0.7692587000,0.3482293000,0.5357026000,3.6787570000,
21.30242,23113,True,1.0000000000,4.0000000000,-0.0320000000,0.0000000000,0.0000000000,0.7728016000,0.3458915000,0.5321059000,True,1.0000000000,4.0000000000,0.0320000000,0.0000000000,0.0000000000,0.7656900000,0.3505580000,0.5392846000,0.0000000000,0.0000000000,0.0000000000,0.7692577000,0.3482302000,0.5357036000,3.6738900000,
21.31321,23123,True,1.0000000000,4.0000000000,-0.0320000000,0.0000000000,0.0000000000,0.7728067000,0.3458864000,0.5321018000,True,1.0000000000,4.0000000000,0.0320000000,0.0000000000,0.0000000000,0.7656862000,0.3505587000,0.5392896000,0.0000000000,0.0000000000,0.0000000000,0.7692584000,0.3482280000,0.5357040000,3.6692610000,
21.3244,23135,True,1.0000000000,4.0000000000,-0.0320000000,0.0000000000,0.0000000000,0.7728087000,0.3458907000,0.5320961000,True,1.0000000000,4.0000000000,0.0320000000,0.0000000000,0.0000000000,0.7656831000,0.3505664000,0.5392889000,0.0000000000,0.0000000000,0.0000000000,0.7692578000,0.3482340000,0.5357009000,3.6666350000,
21.33636,23146,True,1.0000000000,4.0000000000,-0.0320000000,0.0000000000,0.0000000000,0.7728105000,0.3458868000,0.5320961000,True,1.0000000000,4.0000000000,0.0320000000,0.0000000000,0.0000000000,0.7656799000,0.3505657000,0.5392940000,0.0000000000,0.0000000000,0.0000000000,0.7692572000,0.3482317000,0.5357034000,3.6640530000,
21.34769,23158,True,1.0000000000,4.0000000000,-0.0320000000,0.0000000000,0.0000000000,0.7728124000,0.3458872000,0.5320930000,True,1.0000000000,4.0000000000,0.0320000000,0.0000000000,0.0000000000,0.7656767000,0.3505695000,0.5392961000,0.0000000000,0.0000000000,0.0000000000,0.7692566000,0.3482338000,0.5357029000,3.6614700000,
21.35889,23169,True,1.0000000000,4.0000000000,-0.0320000000,0.0000000000,0.0000000000,0.7728177000,0.3458841000,0.5320875000,True,1.0000000000,4.0000000000,0.0320000000,0.0000000000,0.0000000000,0.7656752000,0.3505708000,0.5392973000,0.0000000000,0.0000000000,0.0000000000,0.7692585000,0.3482329000,0.5357007000,3.6579900000,
21.37148,23182,True,1.0000000000,4.0000000000,-0.0320000000,0.0000000000,0.0000000000,0.7728201000,0.3458818000,0.5320854000,True,1.0000000000,4.0000000000,0.0320000000,0.0000000000,0.0000000000,0.7656729000,0.3505716000,0.5393000000,0.0000000000,0.0000000000,0.0000000000,0.7692586000,0.3482322000,0.5357011000,3.6555610000,
21.39853,23209,True,1.0000000000,4.0000000000,-0.0320000000,0.0000000000,0.0000000000,0.7728162000,0.3458894000,0.5320862000,True,1.0000000000,4.0000000000,0.0320000000,0.0000000000,0.0000000000,0.7656721000,0.3505771000,0.5392975000,0.0000000000,0.0000000000,0.0000000000,0.7692562000,0.3482387000,0.5357002000,3.6572430000,
21.4105,23220,True,1.0000000000,4.0000000000,-0.0320000000,0.0000000000,0.0000000000,0.7728173000,0.3458834000,0.5320886000,True,1.0000000000,4.0000000000,0.0320000000,0.0000000000,0.0000000000,0.7656712000,0.3505725000,0.5393019000,0.0000000000,0.0000000000,0.0000000000,0.7692562000,0.3482334000,0.5357036000,3.6562070000,
21.42428,23235,True,1.0000000000,4.0000000000,-0.0320000000,0.0000000000,0.0000000000,0.7728174000,0.3458798000,0.5320905000,True,1.0000000000,4.0000000000,0.0320000000,0.0000000000,0.0000000000,0.7656757000,0.3505661000,0.5392998000,0.0000000000,0.0000000000,0.0000000000,0.7692586000,0.3482283000,0.5357035000,3.6583460000,
21.4358,23246,True,1.0000000000,4.0000000000,-0.0320000000,0.0000000000,0.0000000000,0.7728134000,0.3458851000,0.5320931000,True,1.0000000000,4.0000000000,0.0320000000,0.0000000000,0.0000000000,0.7656755000,0.3505686000,0.5392981000,0.0000000000,0.0000000000,0.0000000000,0.7692565000,0.3482322000,0.5357040000,3.6604320000,
21.44964,23262,True,1.0000000000,4.0000000000,-0.0320000000,0.0000000000,0.0000000000,0.7728136000,0.3458829000,0.5320941000,True,1.0000000000,4.0000000000,0.0320000000,0.0000000000,0.0000000000,0.7656776000,0.3505653000,0.5392975000,0.0000000000,0.0000000000,0.0000000000,0.7692576000,0.3482295000,0.5357041000,3.6613200000,
21.45787,23268,True,1.0000000000,4.0000000000,-0.0320000000,0.0000000000,0.0000000000,0.7728131000,0.3458890000,0.5320909000,True,1.0000000000,4.0000000000,0.0320000000,0.0000000000,0.0000000000,0.7656760000,0.3505722000,0.5392953000,0.0000000000,0.0000000000,0.0000000000,0.7692565000,0.3482360000,0.5357015000,3.6607520000,
21.46935,23280,True,1.0000000000,4.0000000000,-0.0320000000,0.0000000000,0.0000000000,0.7728151000,0.3458834000,0.5320916000,True,1.0000000000,4.0000000000,0.0320000000,0.0000000000,0.0000000000,0.7656745000,0.3505689000,0.5392995000,0.0000000000,0.0000000000,0.0000000000,0.7692568000,0.3482316000,0.5357039000,3.6589620000,
21.48054,23292,True,1.0000000000,4.0000000000,-0.0320000000,0.0000000000,0.0000000000,0.7728177000,0.3458790000,0.5320907000,True,1.0000000000,4.0000000000,0.0320000000,0.0000000000,0.0000000000,0.7656744000,0.3505663000,0.5393014000,0.0000000000,0.0000000000,0.0000000000,0.7692581000,0.3482281000,0.5357044000,3.6575590000,
21.49108,23301,True,1.0000000000,4.0000000000,-0.0320000000,0.0000000000,0.0000000000,0.7728218000,0.3458741000,0.5320880000,True,1.0000000000,4.0000000000,0.0320000000,0.0000000000,0.0000000000,0.7656728000,0.3505650000,0.5393044000,0.0000000000,0.0000000000,0.0000000000,0.7692594000,0.3482250000,0.5357046000,3.6546490000,
21.50238,23313,True,1.0000000000,4.0000000000,-0.0320000000,0.0000000000,0.0000000000,0.7728204000,0.3458835000,0.5320839000,True,1.0000000000,4.0000000000,0.0320000000,0.0000000000,0.0000000000,0.7656661000,0.3505780000,0.5393056000,0.0000000000,0.0000000000,0.0000000000,0.7692553000,0.3482362000,0.5357031000,3.6519820000,
21.51305,23323,True,1.0000000000,4.0000000000,-0.0320000000,0.0000000000,0.0000000000,0.7728227000,0.3458781000,0.5320839000,True,1.0000000000,4.0000000000,0.0320000000,0.0000000000,0.0000000000,0.7656643000,0.3505753000,0.5393100000,0.0000000000,0.0000000000,0.0000000000,0.7692556000,0.3482322000,0.5357053000,3.6498280000,
21.52655,23339,True,1.0000000000,4.0000000000,-0.0320000000,0.0000000000,0.0000000000,0.7728254000,0.3458756000,0.5320816000,True,1.0000000000,4.0000000000,0.0320000000,0.0000000000,0.0000000000,0.7656655000,0.3505738000,0.5393091000,0.0000000000,0.0000000000,0.0000000000,0.7692575000,0.3482302000,0.5357038000,3.6490290000,
21.53572,23346,True,1.0000000000,4.0000000000,-0.0320000000,0.0000000000,0.0000000000,0.7728268000,0.3458749000,0.5320802000,True,1.0000000000,4.0000000000,0.0320000000,0.0000000000,0.0000000000,0.7656652000,0.3505741000,0.5393093000,0.0000000000,0.0000000000,0.0000000000,0.7692581000,0.3482299000,0.5357031000,3.6482530000,
21.54648,23357,True,1.0000000000,4.0000000000,-0.0320000000,0.0000000000,0.0000000000,0.7728274000,0.3458761000,0.5320785000,True,1.0000000000,4.0000000000,0.0320000000,0.0000000000,0.0000000000,0.7656666000,0.3505749000,0.5393069000,0.0000000000,0.0000000000,0.0000000000,0.7692591000,0.3482309000,0.5357011000,3.6485980000,
21.55777,23368,True,1.0000000000,4.0000000000,-0.0320000000,0.0000000000,0.0000000000,0.7728240000,0.3458775000,0.5320826000,True,1.0000000000,4.0000000000,0.0320000000,0.0000000000,0.0000000000,0.7656646000,0.3505753000,0.5393095000,0.0000000000,0.0000000000,0.0000000000,0.7692564000,0.3482318000,0.5357044000,3.6493670000,
21.56921,23379,True,1.0000000000,4.0000000000,-0.0320000000,0.0000000000,0.0000000000,0.7728255000,0.3458753000,0.5320817000,True,1.0000000000,4.0000000000,0.0320000000,0.0000000000,0.0000000000,0.7656677000,0.3505721000,0.5393071000,0.0000000000,0.0000000000,0.0000000000,0.7692587000,0.3482292000,0.5357028000,3.6500940000,
21.57986,23390,True,1.0000000000,4.0000000000,-0.0320000000,0.0000000000,0.0000000000,0.7728218000,0.3458807000,0.5320835000,True,1.0000000000,4.0000000000,0.0320000000,0.0000000000,0.0000000000,0.7656646000,0.3505771000,0.5393082000,0.0000000000,0.0000000000,0.0000000000,0.7692553000,0.3482344000,0.5357043000,3.6504920000,
21.5922,23402,True,1.0000000000,4.0000000000,-0.0320000000,0.0000000000,0.0000000000,0.7728245000,0.3458764000,0.5320824000,True,1.0000000000,4.0000000000,0.0320000000,0.0000000000,0.0000000000,0.7656671000,0.3505729000,0.5393074000,0.0000000000,0.0000000000,0.0000000000,0.7692579000,0.3482301000,0.5357034000,3.6503390000,
21.60226,23412,True,1.0000000000,4.0000000000,-0.0320000000,0.0000000000,0.0000000000,0.7728238000,0.3458777000,0.5320828000,True,1.0000000000,4.0000000000,0.0320000000,0.0000000000,0.0000000000,0.7656655000,0.3505748000,0.5393087000,0.0000000000,0.0000000000,0.0000000000,0.7692567000,0.3482317000,0.5357041000,3.6499100000,
21.61325,23423,True,1.0000000000,4.0000000000,-0.0320000000,0.0000000000,0.0000000000,0.7728245000,0.3458760000,0.5320827000,True,1.0000000000,4.0000000000,0.0320000000,0.0000000000,0.0000000000,0.7656642000,0.3505745000,0.5393107000,0.0000000000,0.0000000000,0.0000000000,0.7692564000,0.3482307000,0.5357051000,3.6488650000,
21.62448,23435,True,1.0000000000,4.0000000000,-0.0320000000,0.0000000000,0.0000000000,0.7728268000,0.3458761000,0.5320795000,True,1.0000000000,4.0000000000,0.0320000000,0.0000000000,0.0000000000,0.7656640000,0.3505762000,0.5393098000,0.0000000000,0.0000000000,0.0000000000,0.7692575000,0.3482316000,0.5357031000,3.6476450000,
21.63564,23446,True,1.0000000000,4.0000000000,-0.0320000000,0.0000000000,0.0000000000,0.7728269000,0.3458763000,0.5320791000,True,1.0000000000,4.0000000000,0.0320000000,0.0000000000,0.0000000000,0.7656625000,0.3505774000,0.5393111000,0.0000000000,0.0000000000,0.0000000000,0.7692568000,0.3482324000,0.5357035000,3.6467710000,
21.6466,23457,True,1.0000000000,4.0000000000,-0.0320000000,0.0000000000,0.0000000000,0.7728299000,0.3458706000,0.5320784000,True,1.0000000000,4.0000000000,0.0320000000,0.0000000000,0.0000000000,0.7656640000,0.3505727000,0.5393120000,0.0000000000,0.0000000000,0.0000000000,0.7692590000,0.3482271000,0.5357036000,3.6460110000,
21.65732,23467,True,1.0000000000,4.0000000000,-0.0320000000,0.0000000000,0.0000000000,0.7728296000,0.3458742000,0.5320766000,True,1.0000000000,4.0000000000,0.0320000000,0.0000000000,0.0000000000,0.7656615000,0.3505777000,0.5393123000,0.0000000000,0.0000000000,0.0000000000,0.7692576000,0.3482314000,0.5357029000,3.6449330000,
21.66898,23479,True,1.0000000000,4.0000000000,-0.0320000000,0.0000000000,0.0000000000,0.7728318000,0.3458700000,0.5320761000,True,1.0000000000,4.0000000000,0.0320000000,0.0000000000,0.0000000000,0.7656627000,0.3505742000,0.5393130000,0.0000000000,0.0000000000,0.0000000000,0.7692593000,0.3482276000,0.5357029000,3.6443540000,
21.67993,23490,True,1.0000000000,4.0000000000,-0.0320000000,0.0000000000,0.0000000000,0.7728317000,0.3458697000,0.5320765000,True,1.0000000000,4.0000000000,0.0320000000,0.0000000000,0.0000000000,0.7656607000,0.3505751000,0.5393152000,0.0000000000,0.0000000000,0.0000000000,0.7692583000,0.3482278000,0.5357043000,3.6434190000,
21.69132,23502,True,1.0000000000,4.0000000000,-0.0320000000,0.0000000000,0.0000000000,0.7728325000,0.3458717000,0.5320739000,True,1.0000000000,4.0000000000,0.0320000000,0.0000000000,0.0000000000,0.7656586000,0.3505791000,0.5393155000,0.0000000000,0.0000000000,0.0000000000,0.7692577000,0.3482309000,0.5357032000,3.6419260000,
21.7028,23513,True,1.0000000000,4.0000000000,-0.0320000000,0.0000000000,0.0000000000,0.7728346000,0.3458717000,0.5320709000,True,1.0000000000,4.0000000000,0.0320000000,0.0000000000,0.0000000000,0.7656568000,0.3505817000,0.5393165000,0.0000000000,0.0000000000,0.0000000000,0.7692578000,0.3482322000,0.5357021000,3.6399170000,
21.71328,23523,True,1.0000000000,4.0000000000,-0.0320000000,0.0000000000,0.0000000000,0.7728370000,0.3458675000,0.5320702000,True,1.0000000000,4.0000000000,0.0320000000,0.0000000000,0.0000000000,0.7656555000,0.3505798000,0.5393195000,0.0000000000,0.0000000000,0.0000000000,0.7692584000,0.3482291000,0.5357033000,3.6380700000,
21.72416,23534,True,1.0000000000,4.0000000000,-0.0320000000,0.0000000000,0.0000000000,0.7728392000,0.3458675000,0.5320669000,True,1.0000000000,4.0000000000,0.0320000000,0.0000000000,0.0000000000,0.7656534000,0.3505827000,0.5393206000,0.0000000000,0.0000000000,0.0000000000,0.7692584000,0.3482306000,0.5357022000,3.6359130000,
21.73659,23573,True,1.0000000000,4.0000000000,-0.0320000000,0.0000000000,0.0000000000,0.7728395000,0.3458703000,0.5320647000,True,1.0000000000,4.0000000000,0.0320000000,0.0000000000,0.0000000000,0.7656490000,0.3505886000,0.5393231000,0.0000000000,0.0000000000,0.0000000000,0.7692564000,0.3482350000,0.5357023000,3.6335470000,
21.76959,23580,True,1.0000000000,4.0000000000,-0.0320000000,0.0000000000,0.0000000000,0.7728410000,0.3458671000,0.5320646000,True,1.0000000000,4.0000000000,0.0320000000,0.0000000000,0.0000000000,0.7656476000,0.3505871000,0.5393258000,0.0000000000,0.0000000000,0.0000000000,0.7692565000,0.3482326000,0.5357037000,3.6321460000,
21.7799,23590,True,1.0000000000,4.0000000000,-0.0320000000,0.0000000000,0.0000000000,0.7728463000,0.3458629000,0.5320597000,True,1.0000000000,4.0000000000,0.0320000000,0.0000000000,0.0000000000,0.7656401000,0.3505915000,0.5393338000,0.0000000000,0.0000000000,0.0000000000,0.7692553000,0.3482327000,0.5357053000,3.6256750000,
21.79104,23601,True,1.0000000000,4.0000000000,-0.0320000000,0.0000000000,0.0000000000,0.7728460000,0.3458653000,0.5320584000,True,1.0000000000,4.0000000000,0.0320000000,0.0000000000,0.0000000000,0.7656444000,0.3505909000,0.5393280000,0.0000000000,0.0000000000,0.0000000000,0.7692575000,0.3482336000,0.5357016000,3.6279460000,
21.80253,23613,True,1.0000000000,4.0000000000,-0.0320000000,0.0000000000,0.0000000000,0.7728439000,0.3458641000,0.5320624000,True,1.0000000000,4.0000000000,0.0320000000,0.0000000000,0.0000000000,0.7656420000,0.3505898000,0.5393322000,0.0000000000,0.0000000000,0.0000000000,0.7692552000,0.3482325000,0.5357058000,3.6278320000,
21.81327,23623,True,1.0000000000,4.0000000000,-0.0320000000,0.0000000000,0.0000000000,0.7728470000,0.3458615000,0.5320596000,True,1.0000000000,4.0000000000,0.0320000000,0.0000000000,0.0000000000,0.7656450000,0.3505872000,0.5393295000,0.0000000000,0.0000000000,0.0000000000,0.7692582000,0.3482299000,0.5357030000,3.6277600000,
21.82483,23635,True,1.0000000000,4.0000000000,-0.0320000000,0.0000000000,0.0000000000,0.7728463000,0.3458668000,0.5320571000,True,1.0000000000,4.0000000000,0.0320000000,0.0000000000,0.0000000000,0.7656429000,0.3505936000,0.5393285000,0.0000000000,0.0000000000,0.0000000000,0.7692568000,0.3482357000,0.5357013000,3.6270360000,
21.83589,23646,True,1.0000000000,4.0000000000,-0.0320000000,0.0000000000,0.0000000000,0.7728465000,0.3458666000,0.5320569000,True,1.0000000000,4.0000000000,0.0320000000,0.0000000000,0.0000000000,0.7656403000,0.3505950000,0.5393310000,0.0000000000,0.0000000000,0.0000000000,0.7692557000,0.3482363000,0.5357025000,3.6257170000,
21.84626,23656,True,1.0000000000,4.0000000000,-0.0320000000,0.0000000000,0.0000000000,0.7728496000,0.3458619000,0.5320557000,True,1.0000000000,4.0000000000,0.0320000000,0.0000000000,0.0000000000,0.7656388000,0.3505934000,0.5393344000,0.0000000000,0.0000000000,0.0000000000,0.7692564000,0.3482332000,0.5357035000,3.6233570000,
21.85737,23667,True,1.0000000000,4.0000000000,-0.0320000000,0.0000000000,0.0000000000,0.7728545000,0.3458561000,0.5320521000,True,1.0000000000,4.0000000000,0.0320000000,0.0000000000,0.0000000000,0.7656370000,0.3505921000,0.5393378000,0.0000000000,0.0000000000,0.0000000000,0.7692580000,0.3482297000,0.5357035000,3.6199480000,
21.86879,23679,True,1.0000000000,4.0000000000,-0.0320000000,0.0000000000,0.0000000000,0.7728568000,0.3458575000,0.5320479000,True,1.0000000000,4.0000000000,0.0320000000,0.0000000000,0.0000000000,0.7656317000,0.3505985000,0.5393412000,0.0000000000,0.0000000000,0.0000000000,0.7692565000,0.3482336000,0.5357032000,3.6161520000,
21.87972,23690,True,1.0000000000,4.0000000000,-0.0320000000,0.0000000000,0.0000000000,0.7728602000,0.3458518000,0.5320467000,True,1.0000000000,4.0000000000,0.0320000000,0.0000000000,0.0000000000,0.7656267000,0.3505982000,0.5393483000,0.0000000000,0.0000000000,0.0000000000,0.7692558000,0.3482306000,0.5357060000,3.6120150000,
21.89075,23701,True,1.0000000000,4.0000000000,-0.0320000000,0.0000000000,0.0000000000,0.7728660000,0.3458495000,0.5320398000,True,1.0000000000,4.0000000000,0.0320000000,0.0000000000,0.0000000000,0.7656236000,0.3506018000,0.5393505000,0.0000000000,0.0000000000,0.0000000000,0.7692572000,0.3482313000,0.5357037000,3.6075460000,
21.90231,23713,True,1.0000000000,4.0000000000,-0.0320000000,0.0000000000,0.0000000000,0.7728692000,0.3458485000,0.5320358000,True,1.0000000000,4.0000000000,0.0320000000,0.0000000000,0.0000000000,0.7656179000,0.3506066000,0.5393554000,0.0000000000,0.0000000000,0.0000000000,0.7692559000,0.3482332000,0.5357043000,3.6031370000,
21.91343,23723,True,1.0000000000,4.0000000000,-0.0320000000,0.0000000000,0.0000000000,0.7728745000,0.3458433000,0.5320314000,True,1.0000000000,4.0000000000,0.0320000000,0.0000000000,0.0000000000,0.7656147000,0.3506071000,0.5393597000,0.0000000000,0.0000000000,0.0000000000,0.7692570000,0.3482308000,0.5357042000,3.5988610000,
21.92448,23735,True,1.0000000000,4.0000000000,-0.0320000000,0.0000000000,0.0000000000,0.7728789000,0.3458428000,0.5320254000,True,1.0000000000,4.0000000000,0.0320000000,0.0000000000,0.0000000000,0.7656098000,0.3506126000,0.5393630000,0.0000000000,0.0000000000,0.0000000000,0.7692567000,0.3482334000,0.5357029000,3.5942910000,
21.93645,23746,True,1.0000000000,4.0000000000,-0.0320000000,0.0000000000,0.0000000000,0.7728832000,0.3458382000,0.5320222000,True,1.0000000000,4.0000000000,0.0320000000,0.0000000000,0.0000000000,0.7656042000,0.3506144000,0.5393698000,0.0000000000,0.0000000000,0.0000000000,0.7692562000,0.3482319000,0.5357047000,3.5894200000,
21.94736,23757,True,1.0000000000,4.0000000000,-0.0320000000,0.0000000000,0.0000000000,0.7728890000,0.3458308000,0.5320185000,True,1.0000000000,4.0000000000,0.0320000000,0.0000000000,0.0000000000,0.7656003000,0.3506135000,0.5393760000,0.0000000000,0.0000000000,0.0000000000,0.7692571000,0.3482278000,0.5357059000,3.5846120000,
21.95923,23769,True,1.0000000000,4.0000000000,-0.0320000000,0.0000000000,0.0000000000,0.7728937000,0.3458308000,0.5320117000,True,1.0000000000,4.0000000000,0.0320000000,0.0000000000,0.0000000000,0.7655938000,0.3506208000,0.5393804000,0.0000000000,0.0000000000,0.0000000000,0.7692563000,0.3482315000,0.5357047000,3.5791540000,
21.97049,23781,True,1.0000000000,4.0000000000,-0.0320000000,0.0000000000,0.0000000000,0.7729000000,0.3458231000,0.5320076000,True,1.0000000000,4.0000000000,0.0320000000,0.0000000000,0.0000000000,0.7655895000,0.3506199000,0.5393869000,0.0000000000,0.0000000000,0.0000000000,0.7692574000,0.3482272000,0.5357060000,3.5739620000,
21.98166,23792,True,1.0000000000,4.0000000000,-0.0320000000,0.0000000000,0.0000000000,0.7729049000,0.3458212000,0.5320017000,True,1.0000000000,4.0000000000,0.0320000000,0.0000000000,0.0000000000,0.7655841000,0.3506249000,0.5393915000,0.0000000000,0.0000000000,0.0000000000,0.7692571000,0.3482288000,0.5357054000,3.5688980000,
21.99305,23803,True,1.0000000000,4.0000000000,-0.0320000000,0.0000000000,0.0000000000,0.7729086000,0.3458234000,0.5319948000,True,1.0000000000,4.0000000000,0.0320000000,0.0000000000,0.0000000000,0.7655783000,0.3506334000,0.5393942000,0.0000000000,0.0000000000,0.0000000000,0.7692561000,0.3482341000,0.5357033000,3.5642890000,
22.00441,23815,True,1.0000000000,4.0000000000,-0.0320000000,0.0000000000,0.0000000000,0.7729130000,0.3458180000,0.5319920000,True,1.0000000000,4.0000000000,0.0320000000,0.0000000000,0.0000000000,0.7655742000,0.3506335000,0.5394000000,0.0000000000,0.0000000000,0.0000000000,0.7692562000,0.3482315000,0.5357049000,3.5601600000,
22.01529,23825,True,1.0000000000,4.0000000000,-0.0320000000,0.0000000000,0.0000000000,0.7729176000,0.3458144000,0.5319875000,True,1.0000000000,4.0000000000,0.0320000000,0.0000000000,0.0000000000,0.7655715000,0.3506348000,0.5394030000,0.0000000000,0.0000000000,0.0000000000,0.7692572000,0.3482304000,0.5357042000,3.5565680000,
22.02633,23836,True,1.0000000000,4.0000000000,-0.0320000000,0.0000000000,0.0000000000,0.7729220000,0.3458116000,0.5319831000,True,1.0000000000,4.0000000000,0.0320000000,0.0000000000,0.0000000000,0.7655680000,0.3506371000,0.5394064000,0.0000000000,0.0000000000,0.0000000000,0.7692577000,0.3482301000,0.5357036000,3.5527680000,
22.03805,23848,True,1.0000000000,4.0000000000,-0.0320000000,0.0000000000,0.0000000000,0.7729232000,0.3458116000,0.5319812000,True,1.0000000000,4.0000000000,0.0320000000,0.0000000000,0.0000000000,0.7655624000,0.3506416000,0.5394115000,0.0000000000,0.0000000000,0.0000000000,0.7692556000,0.3482324000,0.5357053000,3.5494700000,
22.04938,23860,True,1.0000000000,4.0000000000,-0.0320000000,0.0000000000,0.0000000000,0.7729275000,0.3458079000,0.5319775000,True,1.0000000000,4.0000000000,0.0320000000,0.0000000000,0.0000000000,0.7655597000,0.3506424000,0.5394146000,0.0000000000,0.0000000000,0.0000000000,0.7692564000,0.3482309000,0.5357050000,3.5461750000,
22.06116,23872,True,1.0000000000,4.0000000000,-0.0320000000,0.0000000000,0.0000000000,0.7729290000,0.3458112000,0.5319731000,True,1.0000000000,4.0000000000,0.0320000000,0.0000000000,0.0000000000,0.7655542000,0.3506505000,0.5394174000,0.0000000000,0.0000000000,0.0000000000,0.7692544000,0.3482367000,0.5357041000,3.5428030000,
22.07224,23882,True,1.0000000000,4.0000000000,-0.0320000000,0.0000000000,0.0000000000,0.7729329000,0.3458054000,0.5319712000,True,1.0000000000,4.0000000000,0.0320000000,0.0000000000,0.0000000000,0.7655519000,0.3506486000,0.5394217000,0.0000000000,0.0000000000,0.0000000000,0.7692552000,0.3482328000,0.5357054000,3.5398260000,
22.08384,23894,True,1.0000000000,4.0000000000,-0.0320000000,0.0000000000,0.0000000000,0.7729360000,0.3458040000,0.5319675000,True,1.0000000000,4.0000000000,0.0320000000,0.0000000000,0.0000000000,0.7655492000,0.3506510000,0.5394240000,0.0000000000,0.0000000000,0.0000000000,0.7692555000,0.3482333000,0.5357047000,3.5369990000,
22.09532,23905,True,1.0000000000,4.0000000000,-0.0320000000,0.0000000000,0.0000000000,0.7729380000,0.3458081000,0.5319620000,True,1.0000000000,4.0000000000,0.0320000000,0.0000000000,0.0000000000,0.7655463000,0.3506585000,0.5394233000,0.0000000000,0.0000000000,0.0000000000,0.7692550000,0.3482392000,0.5357016000,3.5346730000,
22.10592,23917,True,1.0000000000,4.0000000000,-0.0320000000,0.0000000000,0.0000000000,0.7729406000,0.3458017000,0.5319625000,True,1.0000000000,4.0000000000,0.0320000000,0.0000000000,0.0000000000,0.7655435000,0.3506555000,0.5394292000,0.0000000000,0.0000000000,0.0000000000,0.7692549000,0.3482344000,0.5357048000,3.5321350000,
22.11851,23929,True,1.0000000000,4.0000000000,-0.0320000000,0.0000000000,0.0000000000,0.7729430000,0.3457977000,0.5319617000,True,1.0000000000,4.0000000000,0.0320000000,0.0000000000,0.0000000000,0.7655411000,0.3506545000,0.5394333000,0.0000000000,0.0000000000,0.0000000000,0.7692549000,0.3482319000,0.5357065000,3.5298410000,
22.12931,23939,True,1.0000000000,4.0000000000,-0.0320000000,0.0000000000,0.0000000000,0.7729457000,0.3457968000,0.5319582000,True,1.0000000000,4.0000000000,0.0320000000,0.0000000000,0.0000000000,0.7655388000,0.3506570000,0.5394350000,0.0000000000,0.0000000000,0.0000000000,0.7692551000,0.3482327000,0.5357056000,3.5274190000,
22.14055,23951,True,1.0000000000,4.0000000000,-0.0320000000,0.0000000000,0.0000000000,0.7729484000,0.3457945000,0.5319558000,True,1.0000000000,4.0000000000,0.0320000000,0.0000000000,0.0000000000,0.7655371000,0.3506576000,0.5394370000,0.0000000000,0.0000000000,0.0000000000,0.7692557000,0.3482319000,0.5357054000,3.5253360000,
22.15245,23962,True,1.0000000000,4.0000000000,-0.0320000000,0.0000000000,0.0000000000,0.7729483000,0.3457950000,0.5319556000,True,1.0000000000,4.0000000000,0.0320000000,0.0000000000,0.0000000000,0.7655330000,0.3506607000,0.5394409000,0.0000000000,0.0000000000,0.0000000000,0.7692536000,0.3482337000,0.5357072000,3.5234310000,
22.16267,23973,True,1.0000000000,4.0000000000,-0.0320000000,0.0000000000,0.0000000000,0.7729517000,0.3457932000,0.5319519000,True,1.0000000000,4.0000000000,0.0320000000,0.0000000000,0.0000000000,0.7655330000,0.3506611000,0.5394405000,0.0000000000,0.0000000000,0.0000000000,0.7692553000,0.3482330000,0.5357052000,3.5218520000,
22.17373,23984,True,1.0000000000,4.0000000000,-0.0320000000,0.0000000000,0.0000000000,0.7729524000,0.3457896000,0.5319532000,True,1.0000000000,4.0000000000,0.0320000000,0.0000000000,0.0000000000,0.7655317000,0.3506588000,0.5394439000,0.0000000000,0.0000000000,0.0000000000,0.7692550000,0.3482301000,0.5357075000,3.5208850000,
22.1851,23995,True,1.0000000000,4.0000000000,-0.0320000000,0.0000000000,0.0000000000,0.7729548000,0.3457883000,0.5319505000,True,1.0000000000,4.0000000000,0.0320000000,0.0000000000,0.0000000000,0.7655327000,0.3506584000,0.5394425000,0.0000000000,0.0000000000,0.0000000000,0.7692567000,0.3482293000,0.5357056000,3.5201840000,
22.19593,24006,True,1.0000000000,4.0000000000,-0.0320000000,0.0000000000,0.0000000000,0.7729538000,0.3457916000,0.5319499000,True,1.0000000000,4.0000000000,0.0320000000,0.0000000000,0.0000000000,0.7655301000,0.3506628000,0.5394435000,0.0000000000,0.0000000000,0.0000000000,0.7692549000,0.3482331000,0.5357057000,3.5194700000,
22.20706,24017,True,1.0000000000,4.0000000000,-0.0320000000,0.0000000000,0.0000000000,0.7729540000,0.3457958000,0.5319468000,True,1.0000000000,4.0000000000,0.0320000000,0.0000000000,0.0000000000,0.7655289000,0.3506681000,0.5394419000,0.0000000000,0.0000000000,0.0000000000,0.7692544000,0.3482378000,0.5357034000,3.5187610000,
22.21893,24029,True,1.0000000000,4.0000000000,-0.0320000000,0.0000000000,0.0000000000,0.7729564000,0.3457921000,0.5319458000,True,1.0000000000,4.0000000000,0.0320000000,0.0000000000,0.0000000000,0.7655296000,0.3506654000,0.5394426000,0.0000000000,0.0000000000,0.0000000000,0.7692560000,0.3482346000,0.5357032000,3.5179620000,
22.23105,24042,True,1.0000000000,4.0000000000,-0.0320000000,0.0000000000,0.0000000000,0.7729563000,0.3457897000,0.5319474000,True,1.0000000000,4.0000000000,0.0320000000,0.0000000000,0.0000000000,0.7655283000,0.3506638000,0.5394454000,0.0000000000,0.0000000000,0.0000000000,0.7692553000,0.3482327000,0.5357054000,3.5174370000,
22.24054,24051,True,1.0000000000,4.0000000000,-0.0320000000,0.0000000000,0.0000000000,0.7729576000,0.3457889000,0.5319462000,True,1.0000000000,4.0000000000,0.0320000000,0.0000000000,0.0000000000,0.7655287000,0.3506635000,0.5394451000,0.0000000000,0.0000000000,0.0000000000,0.7692561000,0.3482321000,0.5357047000,3.5170050000,
22.24987,24060,True,1.0000000000,4.0000000000,-0.0320000000,0.0000000000,0.0000000000,0.7729569000,0.3457903000,0.5319462000,True,1.0000000000,4.0000000000,0.0320000000,0.0000000000,0.0000000000,0.7655275000,0.3506653000,0.5394456000,0.0000000000,0.0000000000,0.0000000000,0.7692552000,0.3482336000,0.5357050000,3.5167530000,
22.26096,24071,True,1.0000000000,4.0000000000,-0.0320000000,0.0000000000,0.0000000000,0.7729573000,0.3457890000,0.5319465000,True,1.0000000000,4.0000000000,0.0320000000,0.0000000000,0.0000000000,0.7655280000,0.3506638000,0.5394458000,0.0000000000,0.0000000000,0.0000000000,0.7692556000,0.3482323000,0.5357052000,3.5168430000,
22.27223,24082,True,1.0000000000,4.0000000000,-0.0320000000,0.0000000000,0.0000000000,0.7729571000,0.3457908000,0.5319456000,True,1.0000000000,4.0000000000,0.0320000000,0.0000000000,0.0000000000,0.7655286000,0.3506652000,0.5394441000,0.0000000000,0.0000000000,0.0000000000,0.7692558000,0.3482339000,0.5357039000,3.5171370000,
22.28329,24094,True,1.0000000000,4.0000000000,-0.0320000000,0.0000000000,0.0000000000,0.7729566000,0.3457948000,0.5319436000,True,1.0000000000,4.0000000000,0.0320000000,0.0000000000,0.0000000000,0.7655294000,0.3506684000,0.5394408000,0.0000000000,0.0000000000,0.0000000000,0.7692560000,0.3482375000,0.5357013000,3.5177660000,
22.29549,24106,True,1.0000000000,4.0000000000,-0.0320000000,0.0000000000,0.0000000000,0.7729543000,0.3457983000,0.5319448000,True,1.0000000000,4.0000000000,0.0320000000,0.0000000000,0.0000000000,0.7655286000,0.3506708000,0.5394403000,0.0000000000,0.0000000000,0.0000000000,0.7692544000,0.3482404000,0.5357016000,3.5185280000,
22.30605,24116,True,1.0000000000,4.0000000000,-0.0320000000,0.0000000000,0.0000000000,0.7729532000,0.3457927000,0.5319501000,True,1.0000000000,4.0000000000,0.0320000000,0.0000000000,0.0000000000,0.7655293000,0.3506640000,0.5394440000,0.0000000000,0.0000000000,0.0000000000,0.7692542000,0.3482342000,0.5357060000,3.5193700000,
22.31653,24129,True,1.0000000000,4.0000000000,-0.0320000000,0.0000000000,0.0000000000,0.7729517000,0.3457994000,0.5319480000,True,1.0000000000,4.0000000000,0.0320000000,0.0000000000,0.0000000000,0.7655300000,0.3506692000,0.5394393000,0.0000000000,0.0000000000,0.0000000000,0.7692538000,0.3482401000,0.5357027000,3.5204790000,
22.3285,24139,True,1.0000000000,4.0000000000,-0.0320000000,0.0000000000,0.0000000000,0.7729520000,0.3457952000,0.5319502000,True,1.0000000000,4.0000000000,0.0320000000,0.0000000000,0.0000000000,0.7655331000,0.3506633000,0.5394388000,0.0000000000,0.0000000000,0.0000000000,0.7692555000,0.3482352000,0.5357035000,3.5217380000,
22.33934,24150,True,1.0000000000,4.0000000000,-0.0320000000,0.0000000000,0.0000000000,0.7729500000,0.3457944000,0.5319535000,True,1.0000000000,4.0000000000,0.0320000000,0.0000000000,0.0000000000,0.7655340000,0.3506607000,0.5394394000,0.0000000000,0.0000000000,0.0000000000,0.7692550000,0.3482334000,0.5357054000,3.5230830000,
22.35139,24162,True,1.0000000000,4.0000000000,-0.0320000000,0.0000000000,0.0000000000,0.7729499000,0.3457932000,0.5319543000,True,1.0000000000,4.0000000000,0.0320000000,0.0000000000,0.0000000000,0.7655371000,0.3506573000,0.5394371000,0.0000000000,0.0000000000,0.0000000000,0.7692565000,0.3482311000,0.5357047000,3.5246160000,
22.36153,24172,True,1.0000000000,4.0000000000,-0.0320000000,0.0000000000,0.0000000000,0.7729477000,0.3457942000,0.5319571000,True,1.0000000000,4.0000000000,0.0320000000,0.0000000000,0.0000000000,0.7655379000,0.3506563000,0.5394368000,0.0000000000,0.0000000000,0.0000000000,0.7692557000,0.3482311000,0.5357059000,3.5260330000,
22.37288,24183,True,1.0000000000,4.0000000000,-0.0320000000,0.0000000000,0.0000000000,0.7729469000,0.3457958000,0.5319571000,True,1.0000000000,4.0000000000,0.0320000000,0.0000000000,0.0000000000,0.7655402000,0.3506558000,0.5394337000,0.0000000000,0.0000000000,0.0000000000,0.7692565000,0.3482316000,0.5357044000,3.5275070000,
22.38439,24195,True,1.0000000000,4.0000000000,-0.0320000000,0.0000000000,0.0000000000,0.7729443000,0.3457962000,0.5319604000,True,1.0000000000,4.0000000000,0.0320000000,0.0000000000,0.0000000000,0.7655404000,0.3506545000,0.5394342000,0.0000000000,0.0000000000,0.0000000000,0.7692553000,0.3482312000,0.5357063000,3.5288340000,
22.39479,24205,True,1.0000000000,4.0000000000,-0.0320000000,0.0000000000,0.0000000000,0.7729441000,0.3457982000,0.5319596000,True,1.0000000000,4.0000000000,0.0320000000,0.0000000000,0.0000000000,0.7655421000,0.3506552000,0.5394314000,0.0000000000,0.0000000000,0.0000000000,0.7692560000,0.3482325000,0.5357045000,3.5297580000,
22.42166,24232,True,1.0000000000,4.0000000000,-0.0320000000,0.0000000000,0.0000000000,0.7729421000,0.3457985000,0.5319625000,True,1.0000000000,4.0000000000,0.0320000000,0.0000000000,0.0000000000,0.7655429000,0.3506536000,0.5394313000,0.0000000000,0.0000000000,0.0000000000,0.7692553000,0.3482319000,0.5357059000,3.5311320000,
22.4393,24249,True,1.0000000000,4.0000000000,-0.0320000000,0.0000000000,0.0000000000,0.7729349000,0.3458067000,0.5319675000,True,1.0000000000,4.0000000000,0.0320000000,0.0000000000,0.0000000000,0.7655489000,0.3506531000,0.5394231000,0.0000000000,0.0000000000,0.0000000000,0.7692547000,0.3482357000,0.5357043000,3.5374230000,
22.45018,24261,True,1.0000000000,4.0000000000,-0.0320000000,0.0000000000,0.0000000000,0.7729349000,0.3458038000,0.5319695000,True,1.0000000000,4.0000000000,0.0320000000,0.0000000000,0.0000000000,0.7655502000,0.3506494000,0.5394238000,0.0000000000,0.0000000000,0.0000000000,0.7692553000,0.3482324000,0.5357056000,3.5380710000,
22.46181,24272,True,1.0000000000,4.0000000000,-0.0320000000,0.0000000000,0.0000000000,0.7729331000,0.3458070000,0.5319699000,True,1.0000000000,4.0000000000,0.0320000000,0.0000000000,0.0000000000,0.7655535000,0.3506493000,0.5394191000,0.0000000000,0.0000000000,0.0000000000,0.7692561000,0.3482340000,0.5357034000,3.5404840000,
22.47236,24301,True,1.0000000000,4.0000000000,-0.0320000000,0.0000000000,0.0000000000,0.7729298000,0.3458094000,0.5319731000,True,1.0000000000,4.0000000000,0.0320000000,0.0000000000,0.0000000000,0.7655553000,0.3506483000,0.5394171000,0.0000000000,0.0000000000,0.0000000000,0.7692554000,0.3482347000,0.5357040000,3.5429290000,
22.50585,24316,True,1.0000000000,4.0000000000,-0.0320000000,0.0000000000,0.0000000000,0.7729253000,0.3458118000,0.5319781000,True,1.0000000000,4.0000000000,0.0320000000,0.0000000000,0.0000000000,0.7655587000,0.3506455000,0.5394141000,0.0000000000,0.0000000000,0.0000000000,0.7692548000,0.3482344000,0.5357050000,3.5467400000,
22.51816,24328,True,1.0000000000,4.0000000000,-0.0320000000,0.0000000000,0.0000000000,0.7729157000,0.3458143000,0.5319906000,True,1.0000000000,4.0000000000,0.0320000000,0.0000000000,0.0000000000,0.7655716000,0.3506332000,0.5394039000,0.0000000000,0.0000000000,0.0000000000,0.7692563000,0.3482295000,0.5357060000,3.5575890000,
22.5352,24345,True,1.0000000000,4.0000000000,-0.0320000000,0.0000000000,0.0000000000,0.7728999000,0.3458321000,0.5320017000,True,1.0000000000,4.0000000000,0.0320000000,0.0000000000,0.0000000000,0.7655858000,0.3506314000,0.5393847000,0.0000000000,0.0000000000,0.0000000000,0.7692555000,0.3482375000,0.5357020000,3.5721890000,
22.54603,24356,True,1.0000000000,4.0000000000,-0.0320000000,0.0000000000,0.0000000000,0.7728885000,0.3458308000,0.5320193000,True,1.0000000000,4.0000000000,0.0320000000,0.0000000000,0.0000000000,0.7655989000,0.3506140000,0.5393776000,0.0000000000,0.0000000000,0.0000000000,0.7692562000,0.3482281000,0.5357071000,3.5841950000,
22.55719,24367,True,1.0000000000,4.0000000000,-0.0320000000,0.0000000000,0.0000000000,0.7728697000,0.3458444000,0.5320377000,True,1.0000000000,4.0000000000,0.0320000000,0.0000000000,0.0000000000,0.7656178000,0.3506029000,0.5393580000,0.0000000000,0.0000000000,0.0000000000,0.7692561000,0.3482293000,0.5357065000,3.6028310000,
22.5683,24378,True,1.0000000000,4.0000000000,-0.0320000000,0.0000000000,0.0000000000,0.7728510000,0.3458578000,0.5320561000,True,1.0000000000,4.0000000000,0.0320000000,0.0000000000,0.0000000000,0.7656417000,0.3505883000,0.5393335000,0.0000000000,0.0000000000,0.0000000000,0.7692586000,0.3482286000,0.5357034000,3.6240740000,
22.5792,24389,True,1.0000000000,4.0000000000,-0.0320000000,0.0000000000,0.0000000000,0.7728176000,0.3458807000,0.5320898000,True,1.0000000000,4.0000000000,0.0320000000,0.0000000000,0.0000000000,0.7656726000,0.3505690000,0.5393022000,0.0000000000,0.0000000000,0.0000000000,0.7692571000,0.3482303000,0.5357044000,3.6566960000,
22.59024,24400,True,1.0000000000,4.0000000000,-0.0320000000,0.0000000000,0.0000000000,0.7727798000,0.3459093000,0.5321261000,True,1.0000000000,4.0000000000,0.0320000000,0.0000000000,0.0000000000,0.7657114000,0.3505474000,0.5392610000,0.0000000000,0.0000000000,0.0000000000,0.7692574000,0.3482337000,0.5357018000,3.6963790000,
22.602,24412,True,1.0000000000,4.0000000000,-0.0320000000,0.0000000000,0.0000000000,0.7728674000,0.3458496000,0.5320377000,True,1.0000000000,4.0000000000,0.0320000000,0.0000000000,0.0000000000,0.7656213000,0.3506044000,0.5393521000,0.0000000000,0.0000000000,0.0000000000,0.7692567000,0.3482326000,0.5357035000,3.6057120000,
22.61272,24423,True,1.0000000000,4.0000000000,-0.0320000000,0.0000000000,0.0000000000,0.7726728000,0.3459764000,0.5322378000,True,1.0000000000,4.0000000000,0.0320000000,0.0000000000,0.0000000000,0.7658252000,0.3504697000,0.5391501000,0.0000000000,0.0000000000,0.0000000000,0.7692600000,0.3482281000,0.5357016000,3.8154650000,
22.62357,24434,True,1.0000000000,4.0000000000,-0.0320000000,0.0000000000,0.0000000000,0.7726094000,0.3460156000,0.5323044000,True,1.0000000000,4.0000000000,0.0320000000,0.0000000000,0.0000000000,0.7658918000,0.3504235000,0.5390854000,0.0000000000,0.0000000000,0.0000000000,0.7692612000,0.3482244000,0.5357023000,3.8893520000,
22.63522,24445,True,1.0000000000,4.0000000000,-0.0320000000,0.0000000000,0.0000000000,0.7725340000,0.3460697000,0.5323787000,True,1.0000000000,4.0000000000,0.0320000000,0.0000000000,0.0000000000,0.7659681000,0.3503782000,0.5390066000,0.0000000000,0.0000000000,0.0000000000,0.7692612000,0.3482285000,0.5356997000,3.9791690000,
22.64652,24457,True,1.0000000000,4.0000000000,-0.0320000000,0.0000000000,0.0000000000,0.7722438000,0.3462607000,0.5326754000,True,1.0000000000,4.0000000000,0.0320000000,0.0000000000,0.0000000000,0.7662711000,0.3501800000,0.5387047000,0.0000000000,0.0000000000,0.0000000000,0.7692658000,0.3482241000,0.5356959000,4.3742550000,
22.65716,24467,True,1.0000000000,4.0000000000,-0.0320000000,0.0000000000,0.0000000000,0.7721624000,0.3463156000,0.5327576000,True,1.0000000000,4.0000000000,0.0320000000,0.0000000000,0.0000000000,0.7663529000,0.3501278000,0.5386221000,0.0000000000,0.0000000000,0.0000000000,0.7692657000,0.3482253000,0.5356954000,4.4971920000,
22.6687,24479,True,1.0000000000,4.0000000000,-0.0320000000,0.0000000000,0.0000000000,0.7720790000,0.3463719000,0.5328419000,True,1.0000000000,4.0000000000,0.0320000000,0.0000000000,0.0000000000,0.7664380000,0.3500735000,0.5385363000,0.0000000000,0.0000000000,0.0000000000,0.7692660000,0.3482262000,0.5356944000,4.6315310000,
22.67945,24489,True,1.0000000000,4.0000000000,-0.0320000000,0.0000000000,0.0000000000,0.7719906000,0.3464305000,0.5329320000,True,1.0000000000,4.0000000000,0.0320000000,0.0000000000,0.0000000000,0.7665287000,0.3500145000,0.5384455000,0.0000000000,0.0000000000,0.0000000000,0.7692667000,0.3482257000,0.5356936000,4.7834300000,
22.69063,24501,True,1.0000000000,4.0000000000,-0.0320000000,0.0000000000,0.0000000000,0.7719012000,0.3464887000,0.5330237000,True,1.0000000000,4.0000000000,0.0320000000,0.0000000000,0.0000000000,0.7666245000,0.3499511000,0.5383503000,0.0000000000,0.0000000000,0.0000000000,0.7692694000,0.3482229000,0.5356916000,4.9512520000,
22.70218,24512,True,1.0000000000,4.0000000000,-0.0320000000,0.0000000000,0.0000000000,0.7718057000,0.3465604000,0.5331153000,True,1.0000000000,4.0000000000,0.0320000000,0.0000000000,0.0000000000,0.7667157000,0.3499005000,0.5382534000,0.0000000000,0.0000000000,0.0000000000,0.7692668000,0.3482332000,0.5356886000,5.1328910000,
22.7128,24523,True,1.0000000000,4.0000000000,-0.0320000000,0.0000000000,0.0000000000,0.7717322000,0.3466001000,0.5331957000,True,1.0000000000,4.0000000000,0.0320000000,0.0000000000,0.0000000000,0.7667969000,0.3498387000,0.5381778000,0.0000000000,0.0000000000,0.0000000000,0.7692704000,0.3482220000,0.5356907000,5.2937050000,
22.72396,24534,True,1.0000000000,4.0000000000,-0.0320000000,0.0000000000,0.0000000000,0.7716569000,0.3466550000,0.5332693000,True,1.0000000000,4.0000000000,0.0320000000,0.0000000000,0.0000000000,0.7668738000,0.3497937000,0.5380977000,0.0000000000,0.0000000000,0.0000000000,0.7692707000,0.3482267000,0.5356872000,5.4621740000,
22.73527,24545,True,1.0000000000,4.0000000000,-0.0320000000,0.0000000000,0.0000000000,0.7715914000,0.3466898000,0.5333413000,True,1.0000000000,4.0000000000,0.0320000000,0.0000000000,0.0000000000,0.7669429000,0.3497402000,0.5380340000,0.0000000000,0.0000000000,0.0000000000,0.7692722000,0.3482173000,0.5356911000,5.6201930000,
22.74595,24556,True,1.0000000000,4.0000000000,-0.0320000000,0.0000000000,0.0000000000,0.7715567000,0.3467176000,0.5333734000,True,1.0000000000,4.0000000000,0.0320000000,0.0000000000,0.0000000000,0.7669781000,0.3497221000,0.5379953000,0.0000000000,0.0000000000,0.0000000000,0.7692724000,0.3482221000,0.5356878000,5.7061190000,
22.75721,24567,True,1.0000000000,4.0000000000,-0.0320000000,0.0000000000,0.0000000000,0.7715939000,0.3466912000,0.5333368000,True,1.0000000000,4.0000000000,0.0320000000,0.0000000000,0.0000000000,0.7669404000,0.3497448000,0.5380344000,0.0000000000,0.0000000000,0.0000000000,0.7692722000,0.3482203000,0.5356892000,5.6142800000,
22.76983,24580,True,1.0000000000,4.0000000000,-0.0320000000,0.0000000000,0.0000000000,0.7716260000,0.3466719000,0.5333028000,True,1.0000000000,4.0000000000,0.0320000000,0.0000000000,0.0000000000,0.7669065000,0.3497689000,0.5380671000,0.0000000000,0.0000000000,0.0000000000,0.7692715000,0.3482228000,0.5356886000,5.5357660000,
22.77909,24589,True,1.0000000000,4.0000000000,-0.0320000000,0.0000000000,0.0000000000,0.7716580000,0.3466491000,0.5332714000,True,1.0000000000,4.0000000000,0.0320000000,0.0000000000,0.0000000000,0.7668731000,0.3497890000,0.5381016000,0.0000000000,0.0000000000,0.0000000000,0.7692710000,0.3482215000,0.5356902000,5.4600670000,
22.7903,24600,True,1.0000000000,4.0000000000,-0.0320000000,0.0000000000,0.0000000000,0.7716871000,0.3466317000,0.5332406000,True,1.0000000000,4.0000000000,0.0320000000,0.0000000000,0.0000000000,0.7668459000,0.3498085000,0.5381277000,0.0000000000,0.0000000000,0.0000000000,0.7692720000,0.3482226000,0.5356880000,5.3965640000,
22.80147,24612,True,1.0000000000,4.0000000000,-0.0320000000,0.0000000000,0.0000000000,0.7717086000,0.3466188000,0.5332179000,True,1.0000000000,4.0000000000,0.0320000000,0.0000000000,0.0000000000,0.7668214000,0.3498258000,0.5381514000,0.0000000000,0.0000000000,0.0000000000,0.7692707000,0.3482248000,0.5356885000,5.3459150000,
22.81232,24622,True,1.0000000000,4.0000000000,-0.0320000000,0.0000000000,0.0000000000,0.7717302000,0.3466066000,0.5331946000,True,1.0000000000,4.0000000000,0.0320000000,0.0000000000,0.0000000000,0.7667996000,0.3498421000,0.5381719000,0.0000000000,0.0000000000,0.0000000000,0.7692705000,0.3482269000,0.5356873000,5.2987580000,
22.82355,24634,True,1.0000000000,4.0000000000,-0.0320000000,0.0000000000,0.0000000000,0.7717462000,0.3465926000,0.5331805000,True,1.0000000000,4.0000000000,0.0320000000,0.0000000000,0.0000000000,0.7667828000,0.3498496000,0.5381908000,0.0000000000,0.0000000000,0.0000000000,0.7692703000,0.3482237000,0.5356897000,5.2637340000,
22.83492,24645,True,1.0000000000,4.0000000000,-0.0320000000,0.0000000000,0.0000000000,0.7717574000,0.3465847000,0.5331694000,True,1.0000000000,4.0000000000,0.0320000000,0.0000000000,0.0000000000,0.7667677000,0.3498589000,0.5382062000,0.0000000000,0.0000000000,0.0000000000,0.7692685000,0.3482244000,0.5356919000,5.2361550000,
22.84561,24656,True,1.0000000000,4.0000000000,-0.0320000000,0.0000000000,0.0000000000,0.7717701000,0.3465777000,0.5331556000,True,1.0000000000,4.0000000000,0.0320000000,0.0000000000,0.0000000000,0.7667567000,0.3498676000,0.5382165000,0.0000000000,0.0000000000,0.0000000000,0.7692693000,0.3482253000,0.5356901000,5.2111860000,
22.85655,24666,True,1.0000000000,4.0000000000,-0.0320000000,0.0000000000,0.0000000000,0.7717816000,0.3465685000,0.5331449000,True,1.0000000000,4.0000000000,0.0320000000,0.0000000000,0.0000000000,0.7667494000,0.3498707000,0.5382248000,0.0000000000,0.0000000000,0.0000000000,0.7692714000,0.3482223000,0.5356890000,5.1917210000,
22.86804,24678,True,1.0000000000,4.0000000000,-0.0320000000,0.0000000000,0.0000000000,0.7717884000,0.3465681000,0.5331353000,True,1.0000000000,4.0000000000,0.0320000000,0.0000000000,0.0000000000,0.7667390000,0.3498816000,0.5382325000,0.0000000000,0.0000000000,0.0000000000,0.7692697000,0.3482275000,0.5356880000,5.1741440000,
22.87896,24689,True,1.0000000000,4.0000000000,-0.0320000000,0.0000000000,0.0000000000,0.7717968000,0.3465608000,0.5331278000,True,1.0000000000,4.0000000000,0.0320000000,0.0000000000,0.0000000000,0.7667297000,0.3498859000,0.5382430000,0.0000000000,0.0000000000,0.0000000000,0.7692693000,0.3482260000,0.5356896000,5.1559960000,
22.88994,24700,True,1.0000000000,4.0000000000,-0.0320000000,0.0000000000,0.0000000000,0.7718018000,0.3465553000,0.5331242000,True,1.0000000000,4.0000000000,0.0320000000,0.0000000000,0.0000000000,0.7667223000,0.3498886000,0.5382518000,0.0000000000,0.0000000000,0.0000000000,0.7692681000,0.3482247000,0.5356922000,5.1433740000,
22.90174,24712,True,1.0000000000,4.0000000000,-0.0320000000,0.0000000000,0.0000000000,0.7718089000,0.3465498000,0.5331175000,True,1.0000000000,4.0000000000,0.0320000000,0.0000000000,0.0000000000,0.7667176000,0.3498907000,0.5382569000,0.0000000000,0.0000000000,0.0000000000,0.7692693000,0.3482231000,0.5356914000,5.1316010000,
22.91232,24722,True,1.0000000000,4.0000000000,-0.0320000000,0.0000000000,0.0000000000,0.7718140000,0.3465513000,0.5331091000,True,1.0000000000,4.0000000000,0.0320000000,0.0000000000,0.0000000000,0.7667147000,0.3498975000,0.5382567000,0.0000000000,0.0000000000,0.0000000000,0.7692705000,0.3482272000,0.5356872000,5.1234950000,
22.92383,24734,True,1.0000000000,4.0000000000,-0.0320000000,0.0000000000,0.0000000000,0.7718183000,0.3465442000,0.5331076000,True,1.0000000000,4.0000000000,0.0320000000,0.0000000000,0.0000000000,0.7667091000,0.3498968000,0.5382651000,0.0000000000,0.0000000000,0.0000000000,0.7692699000,0.3482233000,0.5356907000,5.1136240000,
22.93532,24745,True,1.0000000000,4.0000000000,-0.0320000000,0.0000000000,0.0000000000,0.7718230000,0.3465412000,0.5331028000,True,1.0000000000,4.0000000000,0.0320000000,0.0000000000,0.0000000000,0.7667041000,0.3499001000,0.5382701000,0.0000000000,0.0000000000,0.0000000000,0.7692696000,0.3482234000,0.5356908000,5.1039290000,
22.94654,24757,True,1.0000000000,4.0000000000,-0.0320000000,0.0000000000,0.0000000000,0.7718275000,0.3465374000,0.5330985000,True,1.0000000000,4.0000000000,0.0320000000,0.0000000000,0.0000000000,0.7666990000,0.3499029000,0.5382757000,0.0000000000,0.0000000000,0.0000000000,0.7692695000,0.3482230000,0.5356914000,5.0942180000,
22.95782,24768,True,1.0000000000,4.0000000000,-0.0320000000,0.0000000000,0.0000000000,0.7718319000,0.3465363000,0.5330930000,True,1.0000000000,4.0000000000,0.0320000000,0.0000000000,0.0000000000,0.7666940000,0.3499078000,0.5382796000,0.0000000000,0.0000000000,0.0000000000,0.7692692000,0.3482249000,0.5356906000,5.0849670000,
22.96956,24780,True,1.0000000000,4.0000000000,-0.0320000000,0.0000000000,0.0000000000,0.7718350000,0.3465348000,0.5330895000,True,1.0000000000,4.0000000000,0.0320000000,0.0000000000,0.0000000000,0.7666865000,0.3499133000,0.5382867000,0.0000000000,0.0000000000,0.0000000000,0.7692670000,0.3482269000,0.5356924000,5.0745640000,
22.98066,24791,True,1.0000000000,4.0000000000,-0.0320000000,0.0000000000,0.0000000000,0.7718430000,0.3465295000,0.5330815000,True,1.0000000000,4.0000000000,0.0320000000,0.0000000000,0.0000000000,0.7666823000,0.3499158000,0.5382909000,0.0000000000,0.0000000000,0.0000000000,0.7692689000,0.3482255000,0.5356905000,5.0626530000,
22.99205,24802,True,1.0000000000,4.0000000000,-0.0320000000,0.0000000000,0.0000000000,0.7718483000,0.3465216000,0.5330788000,True,1.0000000000,4.0000000000,0.0320000000,0.0000000000,0.0000000000,0.7666737000,0.3499171000,0.5383024000,0.0000000000,0.0000000000,0.0000000000,0.7692673000,0.3482223000,0.5356950000,5.0490490000,
23.0037,24814,True,1.0000000000,4.0000000000,-0.0320000000,0.0000000000,0.0000000000,0.7718563000,0.3465218000,0.5330671000,True,1.0000000000,4.0000000000,0.0320000000,0.0000000000,0.0000000000,0.7666668000,0.3499272000,0.5383058000,0.0000000000,0.0000000000,0.0000000000,0.7692679000,0.3482274000,0.5356908000,5.0344000000,
23.01485,24825,True,1.0000000000,4.0000000000,-0.0320000000,0.0000000000,0.0000000000,0.7718666000,0.3465134000,0.5330577000,True,1.0000000000,4.0000000000,0.0320000000,0.0000000000,0.0000000000,0.7666610000,0.3499292000,0.5383125000,0.0000000000,0.0000000000,0.0000000000,0.7692702000,0.3482242000,0.5356895000,5.0189750000,
23.02615,24836,True,1.0000000000,4.0000000000,-0.0320000000,0.0000000000,0.0000000000,0.7718750000,0.3465064000,0.5330502000,True,1.0000000000,4.0000000000,0.0320000000,0.0000000000,0.0000000000,0.7666529000,0.3499331000,0.5383217000,0.0000000000,0.0000000000,0.0000000000,0.7692703000,0.3482226000,0.5356904000,5.0029760000,
23.03776,24848,True,1.0000000000,4.0000000000,-0.0320000000,0.0000000000,0.0000000000,0.7718849000,0.3464978000,0.5330414000,True,1.0000000000,4.0000000000,0.0320000000,0.0000000000,0.0000000000,0.7666446000,0.3499365000,0.5383313000,0.0000000000,0.0000000000,0.0000000000,0.7692711000,0.3482201000,0.5356908000,4.9855930000,
23.04923,24860,True,1.0000000000,4.0000000000,-0.0320000000,0.0000000000,0.0000000000,0.7718899000,0.3465019000,0.5330313000,True,1.0000000000,4.0000000000,0.0320000000,0.0000000000,0.0000000000,0.7666324000,0.3499518000,0.5383385000,0.0000000000,0.0000000000,0.0000000000,0.7692677000,0.3482298000,0.5356895000,4.9694060000,
23.06117,24872,True,1.0000000000,4.0000000000,-0.0320000000,0.0000000000,0.0000000000,0.7718984000,0.3464963000,0.5330226000,True,1.0000000000,4.0000000000,0.0320000000,0.0000000000,0.0000000000,0.7666228000,0.3499582000,0.5383481000,0.0000000000,0.0000000000,0.0000000000,0.7692672000,0.3482302000,0.5356899000,4.9523900000,
23.07197,24882,True,1.0000000000,4.0000000000,-0.0320000000,0.0000000000,0.0000000000,0.7719104000,0.3464852000,0.5330126000,True,1.0000000000,4.0000000000,0.0320000000,0.0000000000,0.0000000000,0.7666160000,0.3499594000,0.5383571000,0.0000000000,0.0000000000,0.0000000000,0.7692698000,0.3482253000,0.5356894000,4.9346870000,
23.0836,24894,True,1.0000000000,4.0000000000,-0.0320000000,0.0000000000,0.0000000000,0.7719179000,0.3464744000,0.5330087000,True,1.0000000000,4.0000000000,0.0320000000,0.0000000000,0.0000000000,0.7666050000,0.3499606000,0.5383720000,0.0000000000,0.0000000000,0.0000000000,0.7692681000,0.3482205000,0.5356949000,4.9175720000,
23.09478,24905,True,1.0000000000,4.0000000000,-0.0320000000,0.0000000000,0.0000000000,0.7719288000,0.3464704000,0.5329956000,True,1.0000000000,4.0000000000,0.0320000000,0.0000000000,0.0000000000,0.7665946000,0.3499708000,0.5383803000,0.0000000000,0.0000000000,0.0000000000,0.7692684000,0.3482236000,0.5356926000,4.8978600000,
23.10588,24916,True,1.0000000000,4.0000000000,-0.0320000000,0.0000000000,0.0000000000,0.7719401000,0.3464639000,0.5329832000,True,1.0000000000,4.0000000000,0.0320000000,0.0000000000,0.0000000000,0.7665858000,0.3499775000,0.5383884000,0.0000000000,0.0000000000,0.0000000000,0.7692697000,0.3482237000,0.5356905000,4.8793640000,
23.11872,24929,True,1.0000000000,4.0000000000,-0.0320000000,0.0000000000,0.0000000000,0.7719519000,0.3464572000,0.5329705000,True,1.0000000000,4.0000000000,0.0320000000,0.0000000000,0.0000000000,0.7665765000,0.3499845000,0.5383968000,0.0000000000,0.0000000000,0.0000000000,0.7692711000,0.3482240000,0.5356885000,4.8604290000,
23.12881,24939,True,1.0000000000,4.0000000000,-0.0320000000,0.0000000000,0.0000000000,0.7719598000,0.3464480000,0.5329651000,True,1.0000000000,4.0000000000,0.0320000000,0.0000000000,0.0000000000,0.7665654000,0.3499878000,0.5384106000,0.0000000000,0.0000000000,0.0000000000,0.7692695000,0.3482210000,0.5356926000,4.8431660000,
23.14037,24950,True,1.0000000000,4.0000000000,-0.0320000000,0.0000000000,0.0000000000,0.7719711000,0.3464431000,0.5329520000,True,1.0000000000,4.0000000000,0.0320000000,0.0000000000,0.0000000000,0.7665571000,0.3499958000,0.5384172000,0.0000000000,0.0000000000,0.0000000000,0.7692710000,0.3482226000,0.5356894000,4.8256180000,
23.15168,24962,True,1.0000000000,4.0000000000,-0.0320000000,0.0000000000,0.0000000000,0.7719754000,0.3464385000,0.5329487000,True,1.0000000000,4.0000000000,0.0320000000,0.0000000000,0.0000000000,0.7665433000,0.3500030000,0.5384322000,0.0000000000,0.0000000000,0.0000000000,0.7692663000,0.3482239000,0.5356953000,4.8096140000,
23.16228,24972,True,1.0000000000,4.0000000000,-0.0320000000,0.0000000000,0.0000000000,0.7719840000,0.3464364000,0.5329375000,True,1.0000000000,4.0000000000,0.0320000000,0.0000000000,0.0000000000,0.7665358000,0.3500115000,0.5384373000,0.0000000000,0.0000000000,0.0000000000,0.7692670000,0.3482272000,0.5356923000,4.7953950000,
23.17258,24983,True,1.0000000000,4.0000000000,-0.0320000000,0.0000000000,0.0000000000,0.7719942000,0.3464287000,0.5329279000,True,1.0000000000,4.0000000000,0.0320000000,0.0000000000,0.0000000000,0.7665311000,0.3500137000,0.5384428000,0.0000000000,0.0000000000,0.0000000000,0.7692696000,0.3482244000,0.5356902000,4.7822220000,
23.18354,24994,True,1.0000000000,4.0000000000,-0.0320000000,0.0000000000,0.0000000000,0.7719990000,0.3464279000,0.5329214000,True,1.0000000000,4.0000000000,0.0320000000,0.0000000000,0.0000000000,0.7665228000,0.3500214000,0.5384495000,0.0000000000,0.0000000000,0.0000000000,0.7692680000,0.3482279000,0.5356904000,4.7708620000,
23.19536,25005,True,1.0000000000,4.0000000000,-0.0320000000,0.0000000000,0.0000000000,0.7720057000,0.3464188000,0.5329176000,True,1.0000000000,4.0000000000,0.0320000000,0.0000000000,0.0000000000,0.7665171000,0.3500204000,0.5384582000,0.0000000000,0.0000000000,0.0000000000,0.7692685000,0.3482228000,0.5356928000,4.7600590000,
23.2056,25016,True,1.0000000000,4.0000000000,-0.0320000000,0.0000000000,0.0000000000,0.7720106000,0.3464170000,0.5329118000,True,1.0000000000,4.0000000000,0.0320000000,0.0000000000,0.0000000000,0.7665111000,0.3500257000,0.5384633000,0.0000000000,0.0000000000,0.0000000000,0.7692680000,0.3482246000,0.5356925000,4.7507490000,
23.21673,25027,True,1.0000000000,4.0000000000,-0.0320000000,0.0000000000,0.0000000000,0.7720126000,0.3464200000,0.5329069000,True,1.0000000000,4.0000000000,0.0320000000,0.0000000000,0.0000000000,0.7665029000,0.3500354000,0.5384687000,0.0000000000,0.0000000000,0.0000000000,0.7692649000,0.3482309000,0.5356928000,4.7418950000,
23.22835,25038,True,1.0000000000,4.0000000000,-0.0320000000,0.0000000000,0.0000000000,0.7720200000,0.3464103000,0.5329025000,True,1.0000000000,4.0000000000,0.0320000000,0.0000000000,0.0000000000,0.7665012000,0.3500317000,0.5384735000,0.0000000000,0.0000000000,0.0000000000,0.7692677000,0.3482243000,0.5356930000,4.7341340000,
23.23932,25049,True,1.0000000000,4.0000000000,-0.0320000000,0.0000000000,0.0000000000,0.7720254000,0.3464095000,0.5328951000,True,1.0000000000,4.0000000000,0.0320000000,0.0000000000,0.0000000000,0.7664986000,0.3500362000,0.5384743000,0.0000000000,0.0000000000,0.0000000000,0.7692692000,0.3482261000,0.5356898000,4.7271420000,
23.25016,25061,True,1.0000000000,4.0000000000,-0.0320000000,0.0000000000,0.0000000000,0.7720257000,0.3464103000,0.5328943000,True,1.0000000000,4.0000000000,0.0320000000,0.0000000000,0.0000000000,0.7664905000,0.3500425000,0.5384818000,0.0000000000,0.0000000000,0.0000000000,0.7692653000,0.3482296000,0.5356930000,4.7200340000,
23.26122,25071,True,1.0000000000,4.0000000000,-0.0320000000,0.0000000000,0.0000000000,0.7720312000,0.3464029000,0.5328910000,True,1.0000000000,4.0000000000,0.0320000000,0.0000000000,0.0000000000,0.7664895000,0.3500393000,0.5384853000,0.0000000000,0.0000000000,0.0000000000,0.7692676000,0.3482244000,0.5356932000,4.7144180000,
23.27222,25082,True,1.0000000000,4.0000000000,-0.0320000000,0.0000000000,0.0000000000,0.7720327000,0.3464004000,0.5328904000,True,1.0000000000,4.0000000000,0.0320000000,0.0000000000,0.0000000000,0.7664844000,0.3500412000,0.5384914000,0.0000000000,0.0000000000,0.0000000000,0.7692658000,0.3482241000,0.5356960000,4.7088580000,
23.28391,25094,True,1.0000000000,4.0000000000,-0.0320000000,0.0000000000,0.0000000000,0.7720382000,0.3463966000,0.5328850000,True,1.0000000000,4.0000000000,0.0320000000,0.0000000000,0.0000000000,0.7664853000,0.3500404000,0.5384905000,0.0000000000,0.0000000000,0.0000000000,0.7692690000,0.3482218000,0.5356928000,4.7049650000,
23.29453,25105,True,1.0000000000,4.0000000000,-0.0320000000,0.0000000000,0.0000000000,0.7720404000,0.3463964000,0.5328821000,True,1.0000000000,4.0000000000,0.0320000000,0.0000000000,0.0000000000,0.7664834000,0.3500428000,0.5384917000,0.0000000000,0.0000000000,0.0000000000,0.7692692000,0.3482229000,0.5356919000,4.7015550000,
23.30565,25116,True,1.0000000000,4.0000000000,-0.0320000000,0.0000000000,0.0000000000,0.7720412000,0.3463955000,0.5328814000,True,1.0000000000,4.0000000000,0.0320000000,0.0000000000,0.0000000000,0.7664798000,0.3500448000,0.5384954000,0.0000000000,0.0000000000,0.0000000000,0.7692678000,0.3482234000,0.5356935000,4.6978860000,
23.31671,25128,True,1.0000000000,4.0000000000,-0.0320000000,0.0000000000,0.0000000000,0.7720398000,0.3463992000,0.5328811000,True,1.0000000000,4.0000000000,0.0320000000,0.0000000000,0.0000000000,0.7664750000,0.3500508000,0.5384984000,0.0000000000,0.0000000000,0.0000000000,0.7692647000,0.3482283000,0.5356948000,4.6950450000,
23.32799,25138,True,1.0000000000,4.0000000000,-0.0320000000,0.0000000000,0.0000000000,0.7720443000,0.3463965000,0.5328763000,True,1.0000000000,4.0000000000,0.0320000000,0.0000000000,0.0000000000,0.7664758000,0.3500505000,0.5384974000,0.0000000000,0.0000000000,0.0000000000,0.7692673000,0.3482268000,0.5356919000,4.6918480000,
23.33989,25150,True,1.0000000000,4.0000000000,-0.0320000000,0.0000000000,0.0000000000,0.7720480000,0.3463927000,0.5328735000,True,1.0000000000,4.0000000000,0.0320000000,0.0000000000,0.0000000000,0.7664757000,0.3500492000,0.5384985000,0.0000000000,0.0000000000,0.0000000000,0.7692692000,0.3482242000,0.5356910000,4.6886040000,
23.35052,25161,True,1.0000000000,4.0000000000,-0.0320000000,0.0000000000,0.0000000000,0.7720487000,0.3463919000,0.5328729000,True,1.0000000000,4.0000000000,0.0320000000,0.0000000000,0.0000000000,0.7664739000,0.3500501000,0.5385004000,0.0000000000,0.0000000000,0.0000000000,0.7692686000,0.3482243000,0.5356917000,4.6865340000,
23.36155,25172,True,1.0000000000,4.0000000000,-0.0320000000,0.0000000000,0.0000000000,0.7720482000,0.3463933000,0.5328726000,True,1.0000000000,4.0000000000,0.0320000000,0.0000000000,0.0000000000,0.7664704000,0.3500535000,0.5385032000,0.0000000000,0.0000000000,0.0000000000,0.7692667000,0.3482267000,0.5356930000,4.6839270000,
23.37233,25182,True,1.0000000000,4.0000000000,-0.0320000000,0.0000000000,0.0000000000,0.7720519000,0.3463858000,0.5328723000,True,1.0000000000,4.0000000000,0.0320000000,0.0000000000,0.0000000000,0.7664719000,0.3500473000,0.5385051000,0.0000000000,0.0000000000,0.0000000000,0.7692692000,0.3482199000,0.5356938000,4.6820750000,
23.3834,25194,True,1.0000000000,4.0000000000,-0.0320000000,0.0000000000,0.0000000000,0.7720529000,0.3463911000,0.5328672000,True,1.0000000000,4.0000000000,0.0320000000,0.0000000000,0.0000000000,0.7664705000,0.3500544000,0.5385025000,0.0000000000,0.0000000000,0.0000000000,0.7692690000,0.3482260000,0.5356899000,4.6800790000,
23.39512,25205,True,1.0000000000,4.0000000000,-0.0320000000,0.0000000000,0.0000000000,0.7720518000,0.3463893000,0.5328701000,True,1.0000000000,4.0000000000,0.0320000000,0.0000000000,0.0000000000,0.7664673000,0.3500538000,0.5385075000,0.0000000000,0.0000000000,0.0000000000,0.7692668000,0.3482248000,0.5356939000,4.6783370000,
23.40576,25216,True,1.0000000000,4.0000000000,-0.0320000000,0.0000000000,0.0000000000,0.7720543000,0.3463852000,0.5328691000,True,1.0000000000,4.0000000000,0.0320000000,0.0000000000,0.0000000000,0.7664671000,0.3500514000,0.5385092000,0.0000000000,0.0000000000,0.0000000000,0.7692680000,0.3482217000,0.5356942000,4.6761450000,
23.41672,25227,True,1.0000000000,4.0000000000,-0.0320000000,0.0000000000,0.0000000000,0.7720543000,0.3463889000,0.5328667000,True,1.0000000000,4.0000000000,0.0320000000,0.0000000000,0.0000000000,0.7664642000,0.3500571000,0.5385098000,0.0000000000,0.0000000000,0.0000000000,0.7692665000,0.3482263000,0.5356933000,4.6737200000,
23.428,25238,True,1.0000000000,4.0000000000,-0.0320000000,0.0000000000,0.0000000000,0.7720563000,0.3463863000,0.5328654000,True,1.0000000000,4.0000000000,0.0320000000,0.0000000000,0.0000000000,0.7664639000,0.3500560000,0.5385109000,0.0000000000,0.0000000000,0.0000000000,0.7692675000,0.3482244000,0.5356933000,4.6716980000,
23.43913,25249,True,1.0000000000,4.0000000000,-0.0320000000,0.0000000000,0.0000000000,0.7720588000,0.3463876000,0.5328610000,True,1.0000000000,4.0000000000,0.0320000000,0.0000000000,0.0000000000,0.7664632000,0.3500595000,0.5385095000,0.0000000000,0.0000000000,0.0000000000,0.7692684000,0.3482269000,0.5356904000,4.6690900000,
23.44965,25260,True,1.0000000000,4.0000000000,-0.0320000000,0.0000000000,0.0000000000,0.7720571000,0.3463847000,0.5328655000,True,1.0000000000,4.0000000000,0.0320000000,0.0000000000,0.0000000000,0.7664583000,0.3500585000,0.5385172000,0.0000000000,0.0000000000,0.0000000000,0.7692651000,0.3482249000,0.5356964000,4.6665140000,
23.46109,25271,True,1.0000000000,4.0000000000,-0.0320000000,0.0000000000,0.0000000000,0.7720584000,0.3463862000,0.5328626000,True,1.0000000000,4.0000000000,0.0320000000,0.0000000000,0.0000000000,0.7664564000,0.3500622000,0.5385175000,0.0000000000,0.0000000000,0.0000000000,0.7692648000,0.3482275000,0.5356952000,4.6638520000,
23.47237,25284,True,1.0000000000,4.0000000000,-0.0320000000,0.0000000000,0.0000000000,0.7720620000,0.3463827000,0.5328596000,True,1.0000000000,4.0000000000,0.0320000000,0.0000000000,0.0000000000,0.7664573000,0.3500605000,0.5385172000,0.0000000000,0.0000000000,0.0000000000,0.7692671000,0.3482249000,0.5356936000,4.6615110000,
23.48446,25295,True,1.0000000000,4.0000000000,-0.0320000000,0.0000000000,0.0000000000,0.7720625000,0.3463877000,0.5328555000,True,1.0000000000,4.0000000000,0.0320000000,0.0000000000,0.0000000000,0.7664545000,0.3500678000,0.5385166000,0.0000000000,0.0000000000,0.0000000000,0.7692659000,0.3482311000,0.5356912000,4.6587620000,
23.49485,25305,True,1.0000000000,4.0000000000,-0.0320000000,0.0000000000,0.0000000000,0.7720642000,0.3463860000,0.5328542000,True,1.0000000000,4.0000000000,0.0320000000,0.0000000000,0.0000000000,0.7664528000,0.3500682000,0.5385187000,0.0000000000,0.0000000000,0.0000000000,0.7692659000,0.3482304000,0.5356916000,4.6559440000,
23.50669,25317,True,1.0000000000,4.0000000000,-0.0320000000,0.0000000000,0.0000000000,0.7720663000,0.3463792000,0.5328556000,True,1.0000000000,4.0000000000,0.0320000000,0.0000000000,0.0000000000,0.7664518000,0.3500634000,0.5385232000,0.0000000000,0.0000000000,0.0000000000,0.7692665000,0.3482246000,0.5356945000,4.6534160000,
23.51691,25327,True,1.0000000000,4.0000000000,-0.0320000000,0.0000000000,0.0000000000,0.7720667000,0.3463846000,0.5328514000,True,1.0000000000,4.0000000000,0.0320000000,0.0000000000,0.0000000000,0.7664492000,0.3500709000,0.5385221000,0.0000000000,0.0000000000,0.0000000000,0.7692654000,0.3482311000,0.5356919000,4.6507940000,
23.52824,25338,True,1.0000000000,4.0000000000,-0.0320000000,0.0000000000,0.0000000000,0.7720703000,0.3463817000,0.5328481000,True,1.0000000000,4.0000000000,0.0320000000,0.0000000000,0.0000000000,0.7664487000,0.3500706000,0.5385230000,0.0000000000,0.0000000000,0.0000000000,0.7692670000,0.3482296000,0.5356907000,4.6474310000,
23.5398,25350,True,1.0000000000,4.0000000000,-0.0320000000,0.0000000000,0.0000000000,0.7720721000,0.3463730000,0.5328512000,True,1.0000000000,4.0000000000,0.0320000000,0.0000000000,0.0000000000,0.7664459000,0.3500648000,0.5385306000,0.0000000000,0.0000000000,0.0000000000,0.7692665000,0.3482223000,0.5356961000,4.6436860000,
23.5514,25362,True,1.0000000000,4.0000000000,-0.0320000000,0.0000000000,0.0000000000,0.7720743000,0.3463732000,0.5328479000,True,1.0000000000,4.0000000000,0.0320000000,0.0000000000,0.0000000000,0.7664431000,0.3500684000,0.5385323000,0.0000000000,0.0000000000,0.0000000000,0.7692662000,0.3482242000,0.5356953000,4.6396130000,
23.56211,25372,True,1.0000000000,4.0000000000,-0.0320000000,0.0000000000,0.0000000000,0.7720772000,0.3463739000,0.5328433000,True,1.0000000000,4.0000000000,0.0320000000,0.0000000000,0.0000000000,0.7664406000,0.3500725000,0.5385332000,0.0000000000,0.0000000000,0.0000000000,0.7692664000,0.3482266000,0.5356935000,4.6351600000,
23.5732,25383,True,1.0000000000,4.0000000000,-0.0320000000,0.0000000000,0.0000000000,0.7720806000,0.3463725000,0.5328392000,True,1.0000000000,4.0000000000,0.0320000000,0.0000000000,0.0000000000,0.7664382000,0.3500750000,0.5385349000,0.0000000000,0.0000000000,0.0000000000,0.7692669000,0.3482272000,0.5356923000,4.6304420000,
23.58403,25395,True,1.0000000000,4.0000000000,-0.0320000000,0.0000000000,0.0000000000,0.7720839000,0.3463700000,0.5328361000,True,1.0000000000,4.0000000000,0.0320000000,0.0000000000,0.0000000000,0.7664355000,0.3500765000,0.5385379000,0.0000000000,0.0000000000,0.0000000000,0.7692672000,0.3482266000,0.5356922000,4.6254530000,
23.59459,25405,True,1.0000000000,4.0000000000,-0.0320000000,0.0000000000,0.0000000000,0.7720886000,0.3463651000,0.5328324000,True,1.0000000000,4.0000000000,0.0320000000,0.0000000000,0.0000000000,0.7664320000,0.3500769000,0.5385426000,0.0000000000,0.0000000000,0.0000000000,0.7692679000,0.3482244000,0.5356928000,4.6186460000,
23.60675,25417,True,1.0000000000,4.0000000000,-0.0320000000,0.0000000000,0.0000000000,0.7720916000,0.3463621000,0.5328301000,True,1.0000000000,4.0000000000,0.0320000000,0.0000000000,0.0000000000,0.7664249000,0.3500805000,0.5385504000,0.0000000000,0.0000000000,0.0000000000,0.7692658000,0.3482247000,0.5356955000,4.6104600000,
23.61761,25428,True,1.0000000000,4.0000000000,-0.0320000000,0.0000000000,0.0000000000,0.7720966000,0.3463631000,0.5328222000,True,1.0000000000,4.0000000000,0.0320000000,0.0000000000,0.0000000000,0.7664197000,0.3500883000,0.5385527000,0.0000000000,0.0000000000,0.0000000000,0.7692657000,0.3482292000,0.5356927000,4.6022920000,
23.62792,25438,True,1.0000000000,4.0000000000,-0.0320000000,0.0000000000,0.0000000000,0.7721043000,0.3463575000,0.5328146000,True,1.0000000000,4.0000000000,0.0320000000,0.0000000000,0.0000000000,0.7664147000,0.3500910000,0.5385581000,0.0000000000,0.0000000000,0.0000000000,0.7692671000,0.3482277000,0.5356917000,4.5919280000,
23.63992,25450,True,1.0000000000,4.0000000000,-0.0320000000,0.0000000000,0.0000000000,0.7721126000,0.3463481000,0.5328087000,True,1.0000000000,4.0000000000,0.0320000000,0.0000000000,0.0000000000,0.7664078000,0.3500916000,0.5385676000,0.0000000000,0.0000000000,0.0000000000,0.7692679000,0.3482234000,0.5356935000,4.5796820000,
23.65008,25461,True,1.0000000000,4.0000000000,-0.0320000000,0.0000000000,0.0000000000,0.7721169000,0.3463460000,0.5328038000,True,1.0000000000,4.0000000000,0.0320000000,0.0000000000,0.0000000000,0.7663965000,0.3500997000,0.5385785000,0.0000000000,0.0000000000,0.0000000000,0.7692643000,0.3482263000,0.5356965000,4.5671940000,
23.66118,25471,True,1.0000000000,4.0000000000,-0.0320000000,0.0000000000,0.0000000000,0.7721267000,0.3463421000,0.5327923000,True,1.0000000000,4.0000000000,0.0320000000,0.0000000000,0.0000000000,0.7663888000,0.3501072000,0.5385843000,0.0000000000,0.0000000000,0.0000000000,0.7692655000,0.3482282000,0.5356937000,4.5533730000,
23.67281,25483,True,1.0000000000,4.0000000000,-0.0320000000,0.0000000000,0.0000000000,0.7721345000,0.3463382000,0.5327834000,True,1.0000000000,4.0000000000,0.0320000000,0.0000000000,0.0000000000,0.7663764000,0.3501166000,0.5385959000,0.0000000000,0.0000000000,0.0000000000,0.7692633000,0.3482309000,0.5356951000,4.5373530000,
23.68419,25494,True,1.0000000000,4.0000000000,-0.0320000000,0.0000000000,0.0000000000,0.7721475000,0.3463281000,0.5327709000,True,1.0000000000,4.0000000000,0.0320000000,0.0000000000,0.0000000000,0.7663680000,0.3501208000,0.5386052000,0.0000000000,0.0000000000,0.0000000000,0.7692657000,0.3482280000,0.5356936000,4.5204530000,
23.69459,25505,True,1.0000000000,4.0000000000,-0.0320000000,0.0000000000,0.0000000000,0.7721566000,0.3463218000,0.5327621000,True,1.0000000000,4.0000000000,0.0320000000,0.0000000000,0.0000000000,0.7663553000,0.3501287000,0.5386182000,0.0000000000,0.0000000000,0.0000000000,0.7692639000,0.3482288000,0.5356956000,4.5035630000,
23.70622,25516,True,1.0000000000,4.0000000000,-0.0320000000,0.0000000000,0.0000000000,0.7721661000,0.3463151000,0.5327527000,True,1.0000000000,4.0000000000,0.0320000000,0.0000000000,0.0000000000,0.7663419000,0.3501368000,0.5386319000,0.0000000000,0.0000000000,0.0000000000,0.7692620000,0.3482296000,0.5356979000,4.4859260000,
23.71674,25527,True,1.0000000000,4.0000000000,-0.0320000000,0.0000000000,0.0000000000,0.7721825000,0.3463050000,0.5327355000,True,1.0000000000,4.0000000000,0.0320000000,0.0000000000,0.0000000000,0.7663360000,0.3501413000,0.5386372000,0.0000000000,0.0000000000,0.0000000000,0.7692674000,0.3482268000,0.5356920000,4.4687960000,
23.7285,25539,True,1.0000000000,4.0000000000,-0.0320000000,0.0000000000,0.0000000000,0.7721883000,0.3463039000,0.5327278000,True,1.0000000000,4.0000000000,0.0320000000,0.0000000000,0.0000000000,0.7663217000,0.3501535000,0.5386499000,0.0000000000,0.0000000000,0.0000000000,0.7692630000,0.3482324000,0.5356945000,4.4534010000,
23.73952,25549,True,1.0000000000,4.0000000000,-0.0320000000,0.0000000000,0.0000000000,0.7721989000,0.3462903000,0.5327212000,True,1.0000000000,4.0000000000,0.0320000000,0.0000000000,0.0000000000,0.7663144000,0.3501516000,0.5386613000,0.0000000000,0.0000000000,0.0000000000,0.7692649000,0.3482246000,0.5356970000,4.4399220000,
23.74982,25560,True,1.0000000000,4.0000000000,-0.0320000000,0.0000000000,0.0000000000,0.7722090000,0.3462883000,0.5327079000,True,1.0000000000,4.0000000000,0.0320000000,0.0000000000,0.0000000000,0.7663094000,0.3501597000,0.5386633000,0.0000000000,0.0000000000,0.0000000000,0.7692674000,0.3482277000,0.5356913000,4.4284670000,
23.76117,25571,True,1.0000000000,4.0000000000,-0.0320000000,0.0000000000,0.0000000000,0.7722163000,0.3462812000,0.5327020000,True,1.0000000000,4.0000000000,0.0320000000,0.0000000000,0.0000000000,0.7663040000,0.3501608000,0.5386702000,0.0000000000,0.0000000000,0.0000000000,0.7692683000,0.3482247000,0.5356919000,4.4190250000,
23.77208,25582,True,1.0000000000,4.0000000000,-0.0320000000,0.0000000000,0.0000000000,0.7722182000,0.3462811000,0.5326992000,True,1.0000000000,4.0000000000,0.0320000000,0.0000000000,0.0000000000,0.7662953000,0.3501678000,0.5386781000,0.0000000000,0.0000000000,0.0000000000,0.7692651000,0.3482282000,0.5356944000,4.4110790000,
23.78359,25594,True,1.0000000000,4.0000000000,-0.0320000000,0.0000000000,0.0000000000,0.7722223000,0.3462747000,0.5326973000,True,1.0000000000,4.0000000000,0.0320000000,0.0000000000,0.0000000000,0.7662905000,0.3501672000,0.5386854000,0.0000000000,0.0000000000,0.0000000000,0.7692647000,0.3482247000,0.5356972000,4.4044600000,
23.79449,25604,True,1.0000000000,4.0000000000,-0.0320000000,0.0000000000,0.0000000000,0.7722264000,0.3462743000,0.5326918000,True,1.0000000000,4.0000000000,0.0320000000,0.0000000000,0.0000000000,0.7662872000,0.3501715000,0.5386871000,0.0000000000,0.0000000000,0.0000000000,0.7692651000,0.3482266000,0.5356953000,4.3990420000,
23.80699,25617,True,1.0000000000,4.0000000000,-0.0320000000,0.0000000000,0.0000000000,0.7722290000,0.3462717000,0.5326897000,True,1.0000000000,4.0000000000,0.0320000000,0.0000000000,0.0000000000,0.7662843000,0.3501726000,0.5386906000,0.0000000000,0.0000000000,0.0000000000,0.7692650000,0.3482259000,0.5356960000,4.3949240000,
23.81661,25627,True,1.0000000000,4.0000000000,-0.0320000000,0.0000000000,0.0000000000,0.7722301000,0.3462722000,0.5326878000,True,1.0000000000,4.0000000000,0.0320000000,0.0000000000,0.0000000000,0.7662809000,0.3501759000,0.5386932000,0.0000000000,0.0000000000,0.0000000000,0.7692639000,0.3482278000,0.5356963000,4.3916940000,
23.82768,25638,True,1.0000000000,4.0000000000,-0.0320000000,0.0000000000,0.0000000000,0.7722294000,0.3462752000,0.5326868000,True,1.0000000000,4.0000000000,0.0320000000,0.0000000000,0.0000000000,0.7662773000,0.3501809000,0.5386953000,0.0000000000,0.0000000000,0.0000000000,0.7692617000,0.3482318000,0.5356968000,4.3894690000,
23.83929,25649,True,1.0000000000,4.0000000000,-0.0320000000,0.0000000000,0.0000000000,0.7722343000,0.3462690000,0.5326837000,True,1.0000000000,4.0000000000,0.0320000000,0.0000000000,0.0000000000,0.7662805000,0.3501759000,0.5386938000,0.0000000000,0.0000000000,0.0000000000,0.7692658000,0.3482262000,0.5356945000,4.3882190000,
23.85004,25661,True,1.0000000000,4.0000000000,-0.0320000000,0.0000000000,0.0000000000,0.7722354000,0.3462683000,0.5326827000,True,1.0000000000,4.0000000000,0.0320000000,0.0000000000,0.0000000000,0.7662808000,0.3501757000,0.5386937000,0.0000000000,0.0000000000,0.0000000000,0.7692664000,0.3482257000,0.5356940000,4.3875530000,
23.86165,25672,True,1.0000000000,4.0000000000,-0.0320000000,0.0000000000,0.0000000000,0.7722339000,0.3462667000,0.5326858000,True,1.0000000000,4.0000000000,0.0320000000,0.0000000000,0.0000000000,0.7662788000,0.3501744000,0.5386972000,0.0000000000,0.0000000000,0.0000000000,0.7692647000,0.3482244000,0.5356973000,4.3872540000,
23.87187,25682,True,1.0000000000,4.0000000000,-0.0320000000,0.0000000000,0.0000000000,0.7722346000,0.3462689000,0.5326834000,True,1.0000000000,4.0000000000,0.0320000000,0.0000000000,0.0000000000,0.7662794000,0.3501766000,0.5386949000,0.0000000000,0.0000000000,0.0000000000,0.7692654000,0.3482265000,0.5356950000,4.3872030000,
23.88322,25694,True,1.0000000000,4.0000000000,-0.0320000000,0.0000000000,0.0000000000,0.7722341000,0.3462695000,0.5326837000,True,1.0000000000,4.0000000000,0.0320000000,0.0000000000,0.0000000000,0.7662790000,0.3501772000,0.5386949000,0.0000000000,0.0000000000,0.0000000000,0.7692650000,0.3482271000,0.5356951000,4.3873000000,
23.89453,25705,True,1.0000000000,4.0000000000,-0.0320000000,0.0000000000,0.0000000000,0.7722344000,0.3462681000,0.5326841000,True,1.0000000000,4.0000000000,0.0320000000,0.0000000000,0.0000000000,0.7662796000,0.3501756000,0.5386953000,0.0000000000,0.0000000000,0.0000000000,0.7692654000,0.3482256000,0.5356955000,4.3874400000,
23.90543,25716,True,1.0000000000,4.0000000000,-0.0320000000,0.0000000000,0.0000000000,0.7722352000,0.3462686000,0.5326828000,True,1.0000000000,4.0000000000,0.0320000000,0.0000000000,0.0000000000,0.7662808000,0.3501758000,0.5386934000,0.0000000000,0.0000000000,0.0000000000,0.7692664000,0.3482260000,0.5356939000,4.3878440000,
23.91651,25727,True,1.0000000000,4.0000000000,-0.0320000000,0.0000000000,0.0000000000,0.7722349000,0.3462668000,0.5326844000,True,1.0000000000,4.0000000000,0.0320000000,0.0000000000,0.0000000000,0.7662818000,0.3501731000,0.5386938000,0.0000000000,0.0000000000,0.0000000000,0.7692667000,0.3482237000,0.5356949000,4.3887060000,
23.92736,25738,True,1.0000000000,4.0000000000,-0.0320000000,0.0000000000,0.0000000000,0.7722345000,0.3462705000,0.5326825000,True,1.0000000000,4.0000000000,0.0320000000,0.0000000000,0.0000000000,0.7662833000,0.3501756000,0.5386899000,0.0000000000,0.0000000000,0.0000000000,0.7692673000,0.3482268000,0.5356920000,4.3901840000,
23.93911,25749,True,1.0000000000,4.0000000000,-0.0320000000,0.0000000000,0.0000000000,0.7722306000,0.3462729000,0.5326867000,True,1.0000000000,4.0000000000,0.0320000000,0.0000000000,0.0000000000,0.7662812000,0.3501768000,0.5386922000,0.0000000000,0.0000000000,0.0000000000,0.7692642000,0.3482286000,0.5356952000,4.3915430000,
23.95072,25761,True,1.0000000000,4.0000000000,-0.0320000000,0.0000000000,0.0000000000,0.7722318000,0.3462697000,0.5326869000,True,1.0000000000,4.0000000000,0.0320000000,0.0000000000,0.0000000000,0.7662845000,0.3501723000,0.5386906000,0.0000000000,0.0000000000,0.0000000000,0.7692664000,0.3482248000,0.5356945000,4.3929510000,
23.9612,25772,True,1.0000000000,4.0000000000,-0.0320000000,0.0000000000,0.0000000000,0.7722267000,0.3462766000,0.5326899000,True,1.0000000000,4.0000000000,0.0320000000,0.0000000000,0.0000000000,0.7662818000,0.3501776000,0.5386909000,0.0000000000,0.0000000000,0.0000000000,0.7692626000,0.3482309000,0.5356961000,4.3948830000,
23.97307,25783,True,1.0000000000,4.0000000000,-0.0320000000,0.0000000000,0.0000000000,0.7722286000,0.3462757000,0.5326876000,True,1.0000000000,4.0000000000,0.0320000000,0.0000000000,0.0000000000,0.7662866000,0.3501749000,0.5386859000,0.0000000000,0.0000000000,0.0000000000,0.7692659000,0.3482291000,0.5356925000,4.3969180000,
23.98474,25795,True,1.0000000000,4.0000000000,-0.0320000000,0.0000000000,0.0000000000,0.7722265000,0.3462729000,0.5326926000,True,1.0000000000,4.0000000000,0.0320000000,0.0000000000,0.0000000000,0.7662873000,0.3501700000,0.5386878000,0.0000000000,0.0000000000,0.0000000000,0.7692652000,0.3482252000,0.5356960000,4.3991050000,
23.99547,25805,True,1.0000000000,4.0000000000,-0.0320000000,0.0000000000,0.0000000000,0.7722237000,0.3462774000,0.5326935000,True,1.0000000000,4.0000000000,0.0320000000,0.0000000000,0.0000000000,0.7662873000,0.3501729000,0.5386862000,0.0000000000,0.0000000000,0.0000000000,0.7692638000,0.3482289000,0.5356956000,4.4009870000,
24.00604,25816,True,1.0000000000,4.0000000000,-0.0320000000,0.0000000000,0.0000000000,0.7722248000,0.3462798000,0.5326905000,True,1.0000000000,4.0000000000,0.0320000000,0.0000000000,0.0000000000,0.7662907000,0.3501737000,0.5386807000,0.0000000000,0.0000000000,0.0000000000,0.7692661000,0.3482305000,0.5356914000,4.4027550000,
24.01775,25828,True,1.0000000000,4.0000000000,-0.0320000000,0.0000000000,0.0000000000,0.7722223000,0.3462798000,0.5326940000,True,1.0000000000,4.0000000000,0.0320000000,0.0000000000,0.0000000000,0.7662907000,0.3501721000,0.5386817000,0.0000000000,0.0000000000,0.0000000000,0.7692648000,0.3482297000,0.5356936000,4.4046190000,
24.02823,25838,True,1.0000000000,4.0000000000,-0.0320000000,0.0000000000,0.0000000000,0.7722209000,0.3462788000,0.5326968000,True,1.0000000000,4.0000000000,0.0320000000,0.0000000000,0.0000000000,0.7662917000,0.3501696000,0.5386821000,0.0000000000,0.0000000000,0.0000000000,0.7692645000,0.3482279000,0.5356952000,4.4063860000,
24.03963,25850,True,1.0000000000,4.0000000000,-0.0320000000,0.0000000000,0.0000000000,0.7722198000,0.3462779000,0.5326990000,True,1.0000000000,4.0000000000,0.0320000000,0.0000000000,0.0000000000,0.7662932000,0.3501669000,0.5386816000,0.0000000000,0.0000000000,0.0000000000,0.7692648000,0.3482261000,0.5356961000,4.4083650000,
24.05121,25861,True,1.0000000000,4.0000000000,-0.0320000000,0.0000000000,0.0000000000,0.7722179000,0.3462842000,0.5326977000,True,1.0000000000,4.0000000000,0.0320000000,0.0000000000,0.0000000000,0.7662936000,0.3501717000,0.5386779000,0.0000000000,0.0000000000,0.0000000000,0.7692640000,0.3482317000,0.5356936000,4.4100890000,
24.06209,25872,True,1.0000000000,4.0000000000,-0.0320000000,0.0000000000,0.0000000000,0.7722166000,0.3462821000,0.5327010000,True,1.0000000000,4.0000000000,0.0320000000,0.0000000000,0.0000000000,0.7662946000,0.3501680000,0.5386789000,0.0000000000,0.0000000000,0.0000000000,0.7692639000,0.3482288000,0.5356957000,4.4117620000,
24.07308,25883,True,1.0000000000,4.0000000000,-0.0320000000,0.0000000000,0.0000000000,0.7722164000,0.3462819000,0.5327011000,True,1.0000000000,4.0000000000,0.0320000000,0.0000000000,0.0000000000,0.7662961000,0.3501668000,0.5386775000,0.0000000000,0.0000000000,0.0000000000,0.7692646000,0.3482281000,0.5356951000,4.4129740000,
24.0846,25895,True,1.0000000000,4.0000000000,-0.0320000000,0.0000000000,0.0000000000,0.7722135000,0.3462866000,0.5327025000,True,1.0000000000,4.0000000000,0.0320000000,0.0000000000,0.0000000000,0.7662938000,0.3501711000,0.5386781000,0.0000000000,0.0000000000,0.0000000000,0.7692619000,0.3482326000,0.5356961000,4.4135730000,
24.09552,25905,True,1.0000000000,4.0000000000,-0.0320000000,0.0000000000,0.0000000000,0.7722172000,0.3462807000,0.5327010000,True,1.0000000000,4.0000000000,0.0320000000,0.0000000000,0.0000000000,0.7662981000,0.3501648000,0.5386761000,0.0000000000,0.0000000000,0.0000000000,0.7692659000,0.3482265000,0.5356942000,4.4139090000,
24.10649,25917,True,1.0000000000,4.0000000000,-0.0320000000,0.0000000000,0.0000000000,0.7722170000,0.3462807000,0.5327013000,True,1.0000000000,4.0000000000,0.0320000000,0.0000000000,0.0000000000,0.7662978000,0.3501648000,0.5386764000,0.0000000000,0.0000000000,0.0000000000,0.7692657000,0.3482265000,0.5356946000,4.4138510000,
24.11807,25928,True,1.0000000000,4.0000000000,-0.0320000000,0.0000000000,0.0000000000,0.7722167000,0.3462807000,0.5327017000,True,1.0000000000,4.0000000000,0.0320000000,0.0000000000,0.0000000000,0.7662973000,0.3501649000,0.5386770000,0.0000000000,0.0000000000,0.0000000000,0.7692653000,0.3482265000,0.5356951000,4.4137820000,
24.1286,25939,True,1.0000000000,4.0000000000,-0.0320000000,0.0000000000,0.0000000000,0.7722192000,0.3462796000,0.5326986000,True,1.0000000000,4.0000000000,0.0320000000,0.0000000000,0.0000000000,0.7662995000,0.3501642000,0.5386745000,0.0000000000,0.0000000000,0.0000000000,0.7692677000,0.3482257000,0.5356923000,4.4133520000,
24.13978,25950,True,1.0000000000,4.0000000000,-0.0320000000,0.0000000000,0.0000000000,0.7722173000,0.3462791000,0.5327018000,True,1.0000000000,4.0000000000,0.0320000000,0.0000000000,0.0000000000,0.7662969000,0.3501641000,0.5386783000,0.0000000000,0.0000000000,0.0000000000,0.7692653000,0.3482253000,0.5356958000,4.4129370000,
24.15067,25963,True,1.0000000000,4.0000000000,-0.0320000000,0.0000000000,0.0000000000,0.7722158000,0.3462783000,0.5327044000,True,1.0000000000,4.0000000000,0.0320000000,0.0000000000,0.0000000000,0.7662940000,0.3501642000,0.5386823000,0.0000000000,0.0000000000,0.0000000000,0.7692631000,0.3482250000,0.5356991000,4.4118960000,
24.16201,25972,True,1.0000000000,4.0000000000,-0.0320000000,0.0000000000,0.0000000000,0.7722223000,0.3462716000,0.5326994000,True,1.0000000000,4.0000000000,0.0320000000,0.0000000000,0.0000000000,0.7662987000,0.3501587000,0.5386792000,0.0000000000,0.0000000000,0.0000000000,0.7692688000,0.3482189000,0.5356950000,4.4104570000,
24.17311,25983,True,1.0000000000,4.0000000000,-0.0320000000,0.0000000000,0.0000000000,0.7722192000,0.3462814000,0.5326977000,True,1.0000000000,4.0000000000,0.0320000000,0.0000000000,0.0000000000,0.7662930000,0.3501701000,0.5386799000,0.0000000000,0.0000000000,0.0000000000,0.7692643000,0.3482295000,0.5356946000,4.4086810000,
24.18448,25995,True,1.0000000000,4.0000000000,-0.0320000000,0.0000000000,0.0000000000,0.7722211000,0.3462784000,0.5326968000,True,1.0000000000,4.0000000000,0.0320000000,0.0000000000,0.0000000000,0.7662913000,0.3501695000,0.5386826000,0.0000000000,0.0000000000,0.0000000000,0.7692645000,0.3482277000,0.5356955000,4.4059850000,
24.1952,26005,True,1.0000000000,4.0000000000,-0.0320000000,0.0000000000,0.0000000000,0.7722248000,0.3462726000,0.5326952000,True,1.0000000000,4.0000000000,0.0320000000,0.0000000000,0.0000000000,0.7662910000,0.3501664000,0.5386851000,0.0000000000,0.0000000000,0.0000000000,0.7692662000,0.3482233000,0.5356960000,4.4029720000,
24.20615,26016,True,1.0000000000,4.0000000000,-0.0320000000,0.0000000000,0.0000000000,0.7722261000,0.3462729000,0.5326930000,True,1.0000000000,4.0000000000,0.0320000000,0.0000000000,0.0000000000,0.7662877000,0.3501697000,0.5386876000,0.0000000000,0.0000000000,0.0000000000,0.7692652000,0.3482251000,0.5356961000,4.3995330000,
24.21816,26028,True,1.0000000000,4.0000000000,-0.0320000000,0.0000000000,0.0000000000,0.7722263000,0.3462796000,0.5326884000,True,1.0000000000,4.0000000000,0.0320000000,0.0000000000,0.0000000000,0.7662820000,0.3501803000,0.5386889000,0.0000000000,0.0000000000,0.0000000000,0.7692625000,0.3482337000,0.5356944000,4.3952060000,
24.22846,26039,True,1.0000000000,4.0000000000,-0.0320000000,0.0000000000,0.0000000000,0.7722313000,0.3462746000,0.5326844000,True,1.0000000000,4.0000000000,0.0320000000,0.0000000000,0.0000000000,0.7662810000,0.3501793000,0.5386910000,0.0000000000,0.0000000000,0.0000000000,0.7692645000,0.3482307000,0.5356935000,4.3907490000,
24.23947,26049,True,1.0000000000,4.0000000000,-0.0320000000,0.0000000000,0.0000000000,0.7722352000,0.3462682000,0.5326830000,True,1.0000000000,4.0000000000,0.0320000000,0.0000000000,0.0000000000,0.7662786000,0.3501769000,0.5386960000,0.0000000000,0.0000000000,0.0000000000,0.7692652000,0.3482264000,0.5356953000,4.3861000000,
24.25074,26061,True,1.0000000000,4.0000000000,-0.0320000000,0.0000000000,0.0000000000,0.7722348000,0.3462711000,0.5326817000,True,1.0000000000,4.0000000000,0.0320000000,0.0000000000,0.0000000000,0.7662719000,0.3501840000,0.5387009000,0.0000000000,0.0000000000,0.0000000000,0.7692617000,0.3482313000,0.5356970000,4.3815300000,
24.26214,26072,True,1.0000000000,4.0000000000,-0.0320000000,0.0000000000,0.0000000000,0.7722407000,0.3462643000,0.5326776000,True,1.0000000000,4.0000000000,0.0320000000,0.0000000000,0.0000000000,0.7662712000,0.3501814000,0.5387035000,0.0000000000,0.0000000000,0.0000000000,0.7692642000,0.3482266000,0.5356964000,4.3766760000,
24.27265,26083,True,1.0000000000,4.0000000000,-0.0320000000,0.0000000000,0.0000000000,0.7722430000,0.3462637000,0.5326747000,True,1.0000000000,4.0000000000,0.0320000000,0.0000000000,0.0000000000,0.7662675000,0.3501848000,0.5387066000,0.0000000000,0.0000000000,0.0000000000,0.7692636000,0.3482281000,0.5356965000,4.3722600000,
24.28476,26095,True,1.0000000000,4.0000000000,-0.0320000000,0.0000000000,0.0000000000,0.7722449000,0.3462633000,0.5326722000,True,1.0000000000,4.0000000000,0.0320000000,0.0000000000,0.0000000000,0.7662641000,0.3501877000,0.5387093000,0.0000000000,0.0000000000,0.0000000000,0.7692630000,0.3482294000,0.5356966000,4.3685600000,
24.29525,26105,True,1.0000000000,4.0000000000,-0.0320000000,0.0000000000,0.0000000000,0.7722462000,0.3462621000,0.5326711000,True,1.0000000000,4.0000000000,0.0320000000,0.0000000000,0.0000000000,0.7662626000,0.3501885000,0.5387112000,0.0000000000,0.0000000000,0.0000000000,0.7692628000,0.3482291000,0.5356970000,4.3664210000,
24.30622,26117,True,1.0000000000,4.0000000000,-0.0320000000,0.0000000000,0.0000000000,0.7722505000,0.3462577000,0.5326677000,True,1.0000000000,4.0000000000,0.0320000000,0.0000000000,0.0000000000,0.7662657000,0.3501849000,0.5387090000,0.0000000000,0.0000000000,0.0000000000,0.7692665000,0.3482251000,0.5356942000,4.3654780000,
24.31748,26128,True,1.0000000000,4.0000000000,-0.0320000000,0.0000000000,0.0000000000,0.7722481000,0.3462590000,0.5326701000,True,1.0000000000,4.0000000000,0.0320000000,0.0000000000,0.0000000000,0.7662655000,0.3501849000,0.5387094000,0.0000000000,0.0000000000,0.0000000000,0.7692653000,0.3482257000,0.5356957000,4.3670130000,
24.32887,26139,True,1.0000000000,4.0000000000,-0.0320000000,0.0000000000,0.0000000000,0.7722446000,0.3462628000,0.5326728000,True,1.0000000000,4.0000000000,0.0320000000,0.0000000000,0.0000000000,0.7662683000,0.3501845000,0.5387056000,0.0000000000,0.0000000000,0.0000000000,0.7692649000,0.3482274000,0.5356951000,4.3716960000,
24.34327,26153,True,1.0000000000,4.0000000000,-0.0320000000,0.0000000000,0.0000000000,0.7722412000,0.3462620000,0.5326782000,True,1.0000000000,4.0000000000,0.0320000000,0.0000000000,0.0000000000,0.7662762000,0.3501762000,0.5386998000,0.0000000000,0.0000000000,0.0000000000,0.7692671000,0.3482229000,0.5356948000,4.3798890000,
24.36129,26171,True,1.0000000000,4.0000000000,-0.0320000000,0.0000000000,0.0000000000,0.7722228000,0.3462792000,0.5326938000,True,1.0000000000,4.0000000000,0.0320000000,0.0000000000,0.0000000000,0.7662907000,0.3501719000,0.5386820000,0.0000000000,0.0000000000,0.0000000000,0.7692650000,0.3482293000,0.5356937000,4.4042410000,
24.37255,26183,True,1.0000000000,4.0000000000,-0.0320000000,0.0000000000,0.0000000000,0.7722105000,0.3462856000,0.5327075000,True,1.0000000000,4.0000000000,0.0320000000,0.0000000000,0.0000000000,0.7663026000,0.3501623000,0.5386713000,0.0000000000,0.0000000000,0.0000000000,0.7692648000,0.3482276000,0.5356951000,4.4222940000,
24.38388,26194,True,1.0000000000,4.0000000000,-0.0320000000,0.0000000000,0.0000000000,0.7721967000,0.3462953000,0.5327212000,True,1.0000000000,4.0000000000,0.0320000000,0.0000000000,0.0000000000,0.7663164000,0.3501539000,0.5386571000,0.0000000000,0.0000000000,0.0000000000,0.7692647000,0.3482283000,0.5356948000,4.4430790000,
24.39498,26219,True,1.0000000000,4.0000000000,-0.0320000000,0.0000000000,0.0000000000,0.7721798000,0.3463097000,0.5327363000,True,1.0000000000,4.0000000000,0.0320000000,0.0000000000,0.0000000000,0.7663296000,0.3501486000,0.5386418000,0.0000000000,0.0000000000,0.0000000000,0.7692627000,0.3482328000,0.5356946000,4.4659190000,
24.41441,26225,True,1.0000000000,4.0000000000,-0.0320000000,0.0000000000,0.0000000000,0.7721655000,0.3463179000,0.5327516000,True,1.0000000000,4.0000000000,0.0320000000,0.0000000000,0.0000000000,0.7663469000,0.3501362000,0.5386253000,0.0000000000,0.0000000000,0.0000000000,0.7692642000,0.3482307000,0.5356940000,4.4901020000,
24.42843,26239,True,1.0000000000,4.0000000000,-0.0320000000,0.0000000000,0.0000000000,0.7721341000,0.3463367000,0.5327850000,True,1.0000000000,4.0000000000,0.0320000000,0.0000000000,0.0000000000,0.7663828000,0.3501107000,0.5385907000,0.0000000000,0.0000000000,0.0000000000,0.7692662000,0.3482272000,0.5356933000,4.5426390000,
24.44518,26255,True,1.0000000000,4.0000000000,-0.0320000000,0.0000000000,0.0000000000,0.7720983000,0.3463602000,0.5328217000,True,1.0000000000,4.0000000000,0.0320000000,0.0000000000,0.0000000000,0.7664174000,0.3500879000,0.5385563000,0.0000000000,0.0000000000,0.0000000000,0.7692654000,0.3482275000,0.5356942000,4.5989760000,
24.45631,26266,True,1.0000000000,4.0000000000,-0.0320000000,0.0000000000,0.0000000000,0.7720826000,0.3463730000,0.5328359000,True,1.0000000000,4.0000000000,0.0320000000,0.0000000000,0.0000000000,0.7664347000,0.3500793000,0.5385373000,0.0000000000,0.0000000000,0.0000000000,0.7692662000,0.3482296000,0.5356918000,4.6258430000,
24.468,26279,True,1.0000000000,4.0000000000,-0.0320000000,0.0000000000,0.0000000000,0.7720689000,0.3463805000,0.5328511000,True,1.0000000000,4.0000000000,0.0320000000,0.0000000000,0.0000000000,0.7664528000,0.3500658000,0.5385203000,0.0000000000,0.0000000000,0.0000000000,0.7692683000,0.3482265000,0.5356908000,4.6520570000,
24.47921,26289,True,1.0000000000,4.0000000000,-0.0320000000,0.0000000000,0.0000000000,0.7720551000,0.3463828000,0.5328695000,True,1.0000000000,4.0000000000,0.0320000000,0.0000000000,0.0000000000,0.7664692000,0.3500482000,0.5385083000,0.0000000000,0.0000000000,0.0000000000,0.7692695000,0.3482188000,0.5356940000,4.6771230000,
24.48976,26300,True,1.0000000000,4.0000000000,-0.0320000000,0.0000000000,0.0000000000,0.7720429000,0.3463928000,0.5328806000,True,1.0000000000,4.0000000000,0.0320000000,0.0000000000,0.0000000000,0.7664815000,0.3500422000,0.5384946000,0.0000000000,0.0000000000,0.0000000000,0.7692695000,0.3482208000,0.5356928000,4.6977700000,
24.51082,26321,True,1.0000000000,4.0000000000,-0.0320000000,0.0000000000,0.0000000000,0.7720335000,0.3464055000,0.5328861000,True,1.0000000000,4.0000000000,0.0320000000,0.0000000000,0.0000000000,0.7664824000,0.3500481000,0.5384897000,0.0000000000,0.0000000000,0.0000000000,0.7692652000,0.3482301000,0.5356929000,4.7065130000,
24.52329,26333,True,1.0000000000,4.0000000000,-0.0320000000,0.0000000000,0.0000000000,0.7720161000,0.3464095000,0.5329087000,True,1.0000000000,4.0000000000,0.0320000000,0.0000000000,0.0000000000,0.7665035000,0.3500268000,0.5384734000,0.0000000000,0.0000000000,0.0000000000,0.7692670000,0.3482214000,0.5356961000,4.7393850000,
24.53391,26344,True,1.0000000000,4.0000000000,-0.0320000000,0.0000000000,0.0000000000,0.7720115000,0.3464183000,0.5329095000,True,1.0000000000,4.0000000000,0.0320000000,0.0000000000,0.0000000000,0.7665088000,0.3500292000,0.5384644000,0.0000000000,0.0000000000,0.0000000000,0.7692673000,0.3482270000,0.5356920000,4.7478660000,
24.54517,26355,True,1.0000000000,4.0000000000,-0.0320000000,0.0000000000,0.0000000000,0.7720032000,0.3464221000,0.5329192000,True,1.0000000000,4.0000000000,0.0320000000,0.0000000000,0.0000000000,0.7665120000,0.3500253000,0.5384622000,0.0000000000,0.0000000000,0.0000000000,0.7692648000,0.3482269000,0.5356956000,4.7580220000,
24.55618,26366,True,1.0000000000,4.0000000000,-0.0320000000,0.0000000000,0.0000000000,0.7719992000,0.3464284000,0.5329207000,True,1.0000000000,4.0000000000,0.0320000000,0.0000000000,0.0000000000,0.7665197000,0.3500241000,0.5384521000,0.0000000000,0.0000000000,0.0000000000,0.7692665000,0.3482294000,0.5356913000,4.7678790000,
24.56749,26378,True,1.0000000000,4.0000000000,-0.0320000000,0.0000000000,0.0000000000,0.7719927000,0.3464286000,0.5329301000,True,1.0000000000,4.0000000000,0.0320000000,0.0000000000,0.0000000000,0.7665288000,0.3500141000,0.5384457000,0.0000000000,0.0000000000,0.0000000000,0.7692678000,0.3482245000,0.5356928000,4.7815430000,
24.5785,26388,True,1.0000000000,4.0000000000,-0.0320000000,0.0000000000,0.0000000000,0.7719846000,0.3464313000,0.5329401000,True,1.0000000000,4.0000000000,0.0320000000,0.0000000000,0.0000000000,0.7665392000,0.3500046000,0.5384371000,0.0000000000,0.0000000000,0.0000000000,0.7692689000,0.3482211000,0.5356934000,4.7978670000,
24.59099,26401,True,1.0000000000,4.0000000000,-0.0320000000,0.0000000000,0.0000000000,0.7719706000,0.3464417000,0.5329537000,True,1.0000000000,4.0000000000,0.0320000000,0.0000000000,0.0000000000,0.7665517000,0.3499976000,0.5384238000,0.0000000000,0.0000000000,0.0000000000,0.7692680000,0.3482228000,0.5356936000,4.8213420000,
24.61313,26428,True,1.0000000000,4.0000000000,-0.0320000000,0.0000000000,0.0000000000,0.7719481000,0.3464627000,0.5329726000,True,1.0000000000,4.0000000000,0.0320000000,0.0000000000,0.0000000000,0.7665768000,0.3499874000,0.5383947000,0.0000000000,0.0000000000,0.0000000000,0.7692692000,0.3482281000,0.5356883000,4.8640300000,
24.62346,26434,True,1.0000000000,4.0000000000,-0.0320000000,0.0000000000,0.0000000000,0.7719283000,0.3464709000,0.5329959000,True,1.0000000000,4.0000000000,0.0320000000,0.0000000000,0.0000000000,0.7666007000,0.3499670000,0.5383741000,0.0000000000,0.0000000000,0.0000000000,0.7692711000,0.3482220000,0.5356896000,4.9037980000,
24.63433,26444,True,1.0000000000,4.0000000000,-0.0320000000,0.0000000000,0.0000000000,0.7718489000,0.3465244000,0.5330761000,True,1.0000000000,4.0000000000,0.0320000000,0.0000000000,0.0000000000,0.7666786000,0.3499172000,0.5382953000,0.0000000000,0.0000000000,0.0000000000,0.7692701000,0.3482237000,0.5356901000,5.0531230000,
24.645,26455,True,1.0000000000,4.0000000000,-0.0320000000,0.0000000000,0.0000000000,0.7718206000,0.3465425000,0.5331053000,True,1.0000000000,4.0000000000,0.0320000000,0.0000000000,0.0000000000,0.7667015000,0.3499017000,0.5382729000,0.0000000000,0.0000000000,0.0000000000,0.7692672000,0.3482249000,0.5356933000,5.1036160000,
24.65604,26466,True,1.0000000000,4.0000000000,-0.0320000000,0.0000000000,0.0000000000,0.7717634000,0.3465845000,0.5331609000,True,1.0000000000,4.0000000000,0.0320000000,0.0000000000,0.0000000000,0.7667606000,0.3498673000,0.5382110000,0.0000000000,0.0000000000,0.0000000000,0.7692679000,0.3482286000,0.5356901000,5.2223690000,
24.66732,26478,True,1.0000000000,4.0000000000,-0.0320000000,0.0000000000,0.0000000000,0.7716923000,0.3466290000,0.5332348000,True,1.0000000000,4.0000000000,0.0320000000,0.0000000000,0.0000000000,0.7668390000,0.3498138000,0.5381340000,0.0000000000,0.0000000000,0.0000000000,0.7692713000,0.3482239000,0.5356882000,5.3831280000,
24.68939,26501,True,1.0000000000,4.0000000000,-0.0320000000,0.0000000000,0.0000000000,0.7715841000,0.3467001000,0.5333451000,True,1.0000000000,4.0000000000,0.0320000000,0.0000000000,0.0000000000,0.7669498000,0.3497413000,0.5380234000,0.0000000000,0.0000000000,0.0000000000,0.7692720000,0.3482230000,0.5356877000,5.6374430000,
24.69881,26509,True,1.0000000000,4.0000000000,-0.0320000000,0.0000000000,0.0000000000,0.7715054000,0.3467537000,0.5334241000,True,1.0000000000,4.0000000000,0.0320000000,0.0000000000,0.0000000000,0.7670294000,0.3496908000,0.5379426000,0.0000000000,0.0000000000,0.0000000000,0.7692721000,0.3482244000,0.5356867000,5.8368740000,
24.71231,26522,True,1.0000000000,4.0000000000,-0.0320000000,0.0000000000,0.0000000000,0.7717509000,0.3465871000,0.5331773000,True,1.0000000000,4.0000000000,0.0320000000,0.0000000000,0.0000000000,0.7667778000,0.3498504000,0.5381975000,0.0000000000,0.0000000000,0.0000000000,0.7692702000,0.3482214000,0.5356914000,5.2534170000,
24.72301,26533,True,1.0000000000,4.0000000000,-0.0320000000,0.0000000000,0.0000000000,0.7718766000,0.3465023000,0.5330503000,True,1.0000000000,4.0000000000,0.0320000000,0.0000000000,0.0000000000,0.7666495000,0.3499323000,0.5383269000,0.0000000000,0.0000000000,0.0000000000,0.7692695000,0.3482202000,0.5356931000,4.9982580000,
24.73408,26544,True,1.0000000000,4.0000000000,-0.0320000000,0.0000000000,0.0000000000,0.7719877000,0.3464307000,0.5329360000,True,1.0000000000,4.0000000000,0.0320000000,0.0000000000,0.0000000000,0.7665346000,0.3500091000,0.5384408000,0.0000000000,0.0000000000,0.0000000000,0.7692682000,0.3482231000,0.5356933000,4.7910810000,
24.7452,26555,True,1.0000000000,4.0000000000,-0.0320000000,0.0000000000,0.0000000000,0.7720909000,0.3463672000,0.5328278000,True,1.0000000000,4.0000000000,0.0320000000,0.0000000000,0.0000000000,0.7664282000,0.3500831000,0.5385441000,0.0000000000,0.0000000000,0.0000000000,0.7692671000,0.3482285000,0.5356911000,4.6137790000,
24.77431,26585,True,1.0000000000,4.0000000000,-0.0320000000,0.0000000000,0.0000000000,0.7721780000,0.3463065000,0.5327411000,True,1.0000000000,4.0000000000,0.0320000000,0.0000000000,0.0000000000,0.7663354000,0.3501403000,0.5386388000,0.0000000000,0.0000000000,0.0000000000,0.7692648000,0.3482270000,0.5356956000,4.4717830000,
24.81135,26622,True,1.0000000000,4.0000000000,-0.0320000000,0.0000000000,0.0000000000,0.7771866000,0.3429584000,0.5275989000,True,1.0000000000,4.0000000000,0.0320000000,0.0000000000,0.0000000000,0.7610087000,0.3535705000,0.5439242000,0.0000000000,0.0000000000,0.0000000000,0.7691593000,0.3482924000,0.5358045000,1.6154880000,
24.82425,26634,True,1.0000000000,4.0000000000,-0.0320000000,0.0000000000,0.0000000000,0.7727797000,0.3459041000,0.5321296000,True,1.0000000000,4.0000000000,0.0320000000,0.0000000000,0.0000000000,0.7657121000,0.3505417000,0.5392639000,0.0000000000,0.0000000000,0.0000000000,0.7692577000,0.3482282000,0.5357049000,3.6967850000,
24.83434,26644,True,1.0000000000,4.0000000000,-0.0320000000,0.0000000000,0.0000000000,0.7728137000,0.3458821000,0.5320945000,True,1.0000000000,4.0000000000,0.0320000000,0.0000000000,0.0000000000,0.7656777000,0.3505645000,0.5392979000,0.0000000000,0.0000000000,0.0000000000,0.7692577000,0.3482287000,0.5357046000,3.6613000000,
24.85115,26661,True,1.0000000000,4.0000000000,-0.0320000000,0.0000000000,0.0000000000,0.7728351000,0.3458733000,0.5320691000,True,1.0000000000,4.0000000000,0.0320000000,0.0000000000,0.0000000000,0.7656525000,0.3505864000,0.5393194000,0.0000000000,0.0000000000,0.0000000000,0.7692560000,0.3482353000,0.5357027000,3.6376010000,
24.86752,26678,True,1.0000000000,4.0000000000,-0.0320000000,0.0000000000,0.0000000000,0.7728761000,0.3458429000,0.5320293000,True,1.0000000000,4.0000000000,0.0320000000,0.0000000000,0.0000000000,0.7656132000,0.3506086000,0.5393608000,0.0000000000,0.0000000000,0.0000000000,0.7692571000,0.3482313000,0.5357037000,3.5973600000,
24.87847,26688,True,1.0000000000,4.0000000000,-0.0320000000,0.0000000000,0.0000000000,0.7728848000,0.3458416000,0.5320175000,True,1.0000000000,4.0000000000,0.0320000000,0.0000000000,0.0000000000,0.7656020000,0.3506205000,0.5393690000,0.0000000000,0.0000000000,0.0000000000,0.7692559000,0.3482367000,0.5357020000,3.5875450000,
24.89012,26700,True,1.0000000000,4.0000000000,-0.0320000000,0.0000000000,0.0000000000,0.7728942000,0.3458303000,0.5320113000,True,1.0000000000,4.0000000000,0.0320000000,0.0000000000,0.0000000000,0.7655938000,0.3506207000,0.5393805000,0.0000000000,0.0000000000,0.0000000000,0.7692565000,0.3482312000,0.5357046000,3.5788620000,
24.90116,26711,True,1.0000000000,4.0000000000,-0.0320000000,0.0000000000,0.0000000000,0.7729006000,0.3458275000,0.5320038000,True,1.0000000000,4.0000000000,0.0320000000,0.0000000000,0.0000000000,0.7655870000,0.3506264000,0.5393863000,0.0000000000,0.0000000000,0.0000000000,0.7692564000,0.3482327000,0.5357038000,3.5724660000,
24.91215,26722,True,1.0000000000,4.0000000000,-0.0320000000,0.0000000000,0.0000000000,0.7729064000,0.3458244000,0.5319973000,True,1.0000000000,4.0000000000,0.0320000000,0.0000000000,0.0000000000,0.7655790000,0.3506325000,0.5393938000,0.0000000000,0.0000000000,0.0000000000,0.7692553000,0.3482341000,0.5357044000,3.5657030000,
24.92921,26740,True,1.0000000000,4.0000000000,-0.0320000000,0.0000000000,0.0000000000,0.7729102000,0.3458199000,0.5319947000,True,1.0000000000,4.0000000000,0.0320000000,0.0000000000,0.0000000000,0.7655734000,0.3506341000,0.5394006000,0.0000000000,0.0000000000,0.0000000000,0.7692545000,0.3482327000,0.5357065000,3.5611620000,
24.94537,26756,True,1.0000000000,4.0000000000,-0.0320000000,0.0000000000,0.0000000000,0.7729241000,0.3458126000,0.5319793000,True,1.0000000000,4.0000000000,0.0320000000,0.0000000000,0.0000000000,0.7655611000,0.3506440000,0.5394117000,0.0000000000,0.0000000000,0.0000000000,0.7692554000,0.3482341000,0.5357044000,3.5484640000,
24.95614,26766,True,1.0000000000,4.0000000000,-0.0320000000,0.0000000000,0.0000000000,0.7729295000,0.3458093000,0.5319736000,True,1.0000000000,4.0000000000,0.0320000000,0.0000000000,0.0000000000,0.7655551000,0.3506482000,0.5394174000,0.0000000000,0.0000000000,0.0000000000,0.7692552000,0.3482345000,0.5357044000,3.5429830000,
24.96747,26778,True,1.0000000000,4.0000000000,-0.0320000000,0.0000000000,0.0000000000,0.7729355000,0.3458029000,0.5319691000,True,1.0000000000,4.0000000000,0.0320000000,0.0000000000,0.0000000000,0.7655501000,0.3506490000,0.5394241000,0.0000000000,0.0000000000,0.0000000000,0.7692556000,0.3482318000,0.5357056000,3.5377300000,
24.97873,26789,True,1.0000000000,4.0000000000,-0.0320000000,0.0000000000,0.0000000000,0.7729410000,0.3457992000,0.5319635000,True,1.0000000000,4.0000000000,0.0320000000,0.0000000000,0.0000000000,0.7655454000,0.3506519000,0.5394288000,0.0000000000,0.0000000000,0.0000000000,0.7692561000,0.3482314000,0.5357051000,3.5328400000,
24.98953,26800,True,1.0000000000,4.0000000000,-0.0320000000,0.0000000000,0.0000000000,0.7729446000,0.3457989000,0.5319583000,True,1.0000000000,4.0000000000,0.0320000000,0.0000000000,0.0000000000,0.7655404000,0.3506574000,0.5394325000,0.0000000000,0.0000000000,0.0000000000,0.7692554000,0.3482340000,0.5357044000,3.5286230000,
25.00073,26811,True,1.0000000000,4.0000000000,-0.0320000000,0.0000000000,0.0000000000,0.7729481000,0.3457941000,0.5319564000,True,1.0000000000,4.0000000000,0.0320000000,0.0000000000,0.0000000000,0.7655370000,0.3506572000,0.5394374000,0.0000000000,0.0000000000,0.0000000000,0.7692555000,0.3482315000,0.5357059000,3.5254090000,
25.01193,26822,True,1.0000000000,4.0000000000,-0.0320000000,0.0000000000,0.0000000000,0.7729515000,0.3457899000,0.5319542000,True,1.0000000000,4.0000000000,0.0320000000,0.0000000000,0.0000000000,0.7655342000,0.3506569000,0.5394415000,0.0000000000,0.0000000000,0.0000000000,0.7692559000,0.3482293000,0.5357069000,3.5224130000,
25.02413,26835,True,1.0000000000,4.0000000000,-0.0320000000,0.0000000000,0.0000000000,0.7729558000,0.3457864000,0.5319502000,True,1.0000000000,4.0000000000,0.0320000000,0.0000000000,0.0000000000,0.7655312000,0.3506582000,0.5394449000,0.0000000000,0.0000000000,0.0000000000,0.7692565000,0.3482282000,0.5357066000,3.5189750000,
25.03365,26844,True,1.0000000000,4.0000000000,-0.0320000000,0.0000000000,0.0000000000,0.7729573000,0.3457921000,0.5319444000,True,1.0000000000,4.0000000000,0.0320000000,0.0000000000,0.0000000000,0.7655256000,0.3506686000,0.5394461000,0.0000000000,0.0000000000,0.0000000000,0.7692544000,0.3482363000,0.5357043000,3.5156610000,
25.04472,26855,True,1.0000000000,4.0000000000,-0.0320000000,0.0000000000,0.0000000000,0.7729620000,0.3457884000,0.5319400000,True,1.0000000000,4.0000000000,0.0320000000,0.0000000000,0.0000000000,0.7655239000,0.3506691000,0.5394483000,0.0000000000,0.0000000000,0.0000000000,0.7692559000,0.3482347000,0.5357032000,3.5126020000,
25.05586,26866,True,1.0000000000,4.0000000000,-0.0320000000,0.0000000000,0.0000000000,0.7727128000,0.3459520000,0.5321956000,True,1.0000000000,4.0000000000,0.0320000000,0.0000000000,0.0000000000,0.7657796000,0.3505014000,0.5391942000,0.0000000000,0.0000000000,0.0000000000,0.7692575000,0.3482319000,0.5357028000,3.7684010000,
25.06697,26877,True,1.0000000000,4.0000000000,-0.0320000000,0.0000000000,0.0000000000,0.7727129000,0.3459494000,0.5321972000,True,1.0000000000,4.0000000000,0.0320000000,0.0000000000,0.0000000000,0.7657814000,0.3504976000,0.5391941000,0.0000000000,0.0000000000,0.0000000000,0.7692584000,0.3482286000,0.5357035000,3.7693020000,
25.07818,26888,True,1.0000000000,4.0000000000,-0.0320000000,0.0000000000,0.0000000000,0.7727100000,0.3459523000,0.5321996000,True,1.0000000000,4.0000000000,0.0320000000,0.0000000000,0.0000000000,0.7657855000,0.3504960000,0.5391895000,0.0000000000,0.0000000000,0.0000000000,0.7692590000,0.3482292000,0.5357023000,3.7731140000,
25.0892,26899,True,1.0000000000,4.0000000000,-0.0320000000,0.0000000000,0.0000000000,0.7727028000,0.3459581000,0.5322062000,True,1.0000000000,4.0000000000,0.0320000000,0.0000000000,0.0000000000,0.7657941000,0.3504915000,0.5391800000,0.0000000000,0.0000000000,0.0000000000,0.7692597000,0.3482299000,0.5357009000,3.7817260000,
25.10055,26911,True,1.0000000000,4.0000000000,-0.0320000000,0.0000000000,0.0000000000,0.7726904000,0.3459696000,0.5322168000,True,1.0000000000,4.0000000000,0.0320000000,0.0000000000,0.0000000000,0.7658039000,0.3504884000,0.5391682000,0.0000000000,0.0000000000,0.0000000000,0.7692583000,0.3482341000,0.5357002000,3.7940170000,
25.11149,26921,True,1.0000000000,4.0000000000,-0.0320000000,0.0000000000,0.0000000000,0.7726775000,0.3459709000,0.5322346000,True,1.0000000000,4.0000000000,0.0320000000,0.0000000000,0.0000000000,0.7658195000,0.3504709000,0.5391575000,0.0000000000,0.0000000000,0.0000000000,0.7692596000,0.3482259000,0.5357038000,3.8096800000,
25.12267,26933,True,1.0000000000,4.0000000000,-0.0320000000,0.0000000000,0.0000000000,0.7726601000,0.3459874000,0.5322489000,True,1.0000000000,4.0000000000,0.0320000000,0.0000000000,0.0000000000,0.7658367000,0.3504649000,0.5391368000,0.0000000000,0.0000000000,0.0000000000,0.7692594000,0.3482311000,0.5357005000,3.8289470000,
25.134,26944,True,1.0000000000,4.0000000000,-0.0320000000,0.0000000000,0.0000000000,0.7726406000,0.3460041000,0.5322666000,True,1.0000000000,4.0000000000,0.0320000000,0.0000000000,0.0000000000,0.7658576000,0.3504550000,0.5391135000,0.0000000000,0.0000000000,0.0000000000,0.7692599000,0.3482344000,0.5356976000,3.8518770000,
25.14489,26955,True,1.0000000000,4.0000000000,-0.0320000000,0.0000000000,0.0000000000,0.7731131000,0.3456885000,0.5317854000,True,1.0000000000,4.0000000000,0.0320000000,0.0000000000,0.0000000000,0.7653626000,0.3507742000,0.5396088000,0.0000000000,0.0000000000,0.0000000000,0.7692519000,0.3482378000,0.5357069000,3.3710820000,
25.15602,26966,True,1.0000000000,4.0000000000,-0.0320000000,0.0000000000,0.0000000000,0.7735804000,0.3453758000,0.5313087000,True,1.0000000000,4.0000000000,0.0320000000,0.0000000000,0.0000000000,0.7648744000,0.3510882000,0.5400965000,0.0000000000,0.0000000000,0.0000000000,0.7692453000,0.3482401000,0.5357150000,3.0011680000,
25.1671,26977,True,1.0000000000,4.0000000000,-0.0320000000,0.0000000000,0.0000000000,0.7740002000,0.3450957000,0.5308792000,True,1.0000000000,4.0000000000,0.0320000000,0.0000000000,0.0000000000,0.7644305000,0.3513746000,0.5405385000,0.0000000000,0.0000000000,0.0000000000,0.7692369000,0.3482449000,0.5357238000,2.7303790000,
25.17828,26988,True,1.0000000000,4.0000000000,-0.0320000000,0.0000000000,0.0000000000,0.7743705000,0.3448501000,0.5304986000,True,1.0000000000,4.0000000000,0.0320000000,0.0000000000,0.0000000000,0.7640408000,0.3516276000,0.5409249000,0.0000000000,0.0000000000,0.0000000000,0.7692307000,0.3482502000,0.5357293000,2.5295390000,
25.18925,26999,True,1.0000000000,4.0000000000,-0.0320000000,0.0000000000,0.0000000000,0.7747166000,0.3446177000,0.5301443000,True,1.0000000000,4.0000000000,0.0320000000,0.0000000000,0.0000000000,0.7636725000,0.3518637000,0.5412914000,0.0000000000,0.0000000000,0.0000000000,0.7692232000,0.3482537000,0.5357378000,2.3659600000,
25.20058,27011,True,1.0000000000,4.0000000000,-0.0320000000,0.0000000000,0.0000000000,0.7749675000,0.3444549000,0.5298831000,True,1.0000000000,4.0000000000,0.0320000000,0.0000000000,0.0000000000,0.7634030000,0.3520424000,0.5415552000,0.0000000000,0.0000000000,0.0000000000,0.7692167000,0.3482629000,0.5357411000,2.2595430000,
25.21159,27021,True,1.0000000000,4.0000000000,-0.0320000000,0.0000000000,0.0000000000,0.7752026000,0.3442905000,0.5296461000,True,1.0000000000,4.0000000000,0.0320000000,0.0000000000,0.0000000000,0.7631548000,0.3521948000,0.5418059000,0.0000000000,0.0000000000,0.0000000000,0.7692129000,0.3482581000,0.5357498000,2.1689270000,
25.22289,27033,True,1.0000000000,4.0000000000,-0.0320000000,0.0000000000,0.0000000000,0.7753678000,0.3441845000,0.5294731000,True,1.0000000000,4.0000000000,0.0320000000,0.0000000000,0.0000000000,0.7629775000,0.3523135000,0.5419784000,0.0000000000,0.0000000000,0.0000000000,0.7692088000,0.3482654000,0.5357509000,2.1089990000,
25.23401,27044,True,1.0000000000,4.0000000000,-0.0320000000,0.0000000000,0.0000000000,0.7754235000,0.3441444000,0.5294175000,True,1.0000000000,4.0000000000,0.0320000000,0.0000000000,0.0000000000,0.7629203000,0.3523475000,0.5420368000,0.0000000000,0.0000000000,0.0000000000,0.7692088000,0.3482626000,0.5357528000,2.0899420000,
25.24518,27055,True,1.0000000000,4.0000000000,-0.0320000000,0.0000000000,0.0000000000,0.7754825000,0.3441066000,0.5293557000,True,1.0000000000,4.0000000000,0.0320000000,0.0000000000,0.0000000000,0.7628528000,0.3523926000,0.5421025000,0.0000000000,0.0000000000,0.0000000000,0.7692053000,0.3482666000,0.5357552000,2.0690410000,
25.2561,27066,True,1.0000000000,4.0000000000,-0.0320000000,0.0000000000,0.0000000000,0.7755465000,0.3440627000,0.5292907000,True,1.0000000000,4.0000000000,0.0320000000,0.0000000000,0.0000000000,0.7627851000,0.3524350000,0.5421702000,0.0000000000,0.0000000000,0.0000000000,0.7692041000,0.3482662000,0.5357571000,2.0477150000,
25.26714,27078,True,1.0000000000,4.0000000000,-0.0320000000,0.0000000000,0.0000000000,0.7755563000,0.3440570000,0.5292799000,True,1.0000000000,4.0000000000,0.0320000000,0.0000000000,0.0000000000,0.7627718000,0.3524445000,0.5421827000,0.0000000000,0.0000000000,0.0000000000,0.7692025000,0.3482682000,0.5357581000,2.0440110000,
25.27846,27088,True,1.0000000000,4.0000000000,-0.0320000000,0.0000000000,0.0000000000,0.7755663000,0.3440471000,0.5292715000,True,1.0000000000,4.0000000000,0.0320000000,0.0000000000,0.0000000000,0.7627675000,0.3524440000,0.5421891000,0.0000000000,0.0000000000,0.0000000000,0.7692055000,0.3482630000,0.5357572000,2.0416910000,
25.28952,27100,True,1.0000000000,4.0000000000,-0.0320000000,0.0000000000,0.0000000000,0.7755395000,0.3440678000,0.5292976000,True,1.0000000000,4.0000000000,0.0320000000,0.0000000000,0.0000000000,0.7627910000,0.3524314000,0.5421641000,0.0000000000,0.0000000000,0.0000000000,0.7692035000,0.3482669000,0.5357575000,2.0497870000,
25.30016,27110,True,1.0000000000,4.0000000000,-0.0320000000,0.0000000000,0.0000000000,0.7755303000,0.3440754000,0.5293059000,True,1.0000000000,4.0000000000,0.0320000000,0.0000000000,0.0000000000,0.7628009000,0.3524269000,0.5421533000,0.0000000000,0.0000000000,0.0000000000,0.7692038000,0.3482684000,0.5357562000,2.0528260000,
25.31141,27121,True,1.0000000000,4.0000000000,-0.0320000000,0.0000000000,0.0000000000,0.7754888000,0.3441017000,0.5293497000,True,1.0000000000,4.0000000000,0.0320000000,0.0000000000,0.0000000000,0.7628478000,0.3523952000,0.5421079000,0.0000000000,0.0000000000,0.0000000000,0.7692059000,0.3482654000,0.5357550000,2.0671740000,
25.32252,27133,True,1.0000000000,4.0000000000,-0.0320000000,0.0000000000,0.0000000000,0.7754476000,0.3441302000,0.5293916000,True,1.0000000000,4.0000000000,0.0320000000,0.0000000000,0.0000000000,0.7628919000,0.3523677000,0.5420636000,0.0000000000,0.0000000000,0.0000000000,0.7692069000,0.3482657000,0.5357534000,2.0812290000,
25.3337,27144,True,1.0000000000,4.0000000000,-0.0320000000,0.0000000000,0.0000000000,0.7754260000,0.3441419000,0.5294157000,True,1.0000000000,4.0000000000,0.0320000000,0.0000000000,0.0000000000,0.7629176000,0.3523483000,0.5420401000,0.0000000000,0.0000000000,0.0000000000,0.7692086000,0.3482618000,0.5357536000,2.0890960000,
25.34461,27155,True,1.0000000000,4.0000000000,-0.0320000000,0.0000000000,0.0000000000,0.7754115000,0.3441544000,0.5294287000,True,1.0000000000,4.0000000000,0.0320000000,0.0000000000,0.0000000000,0.7629337000,0.3523409000,0.5420222000,0.0000000000,0.0000000000,0.0000000000,0.7692093000,0.3482642000,0.5357510000,2.0941940000,
25.35602,27166,True,1.0000000000,4.0000000000,-0.0320000000,0.0000000000,0.0000000000,0.7754103000,0.3441546000,0.5294304000,True,1.0000000000,4.0000000000,0.0320000000,0.0000000000,0.0000000000,0.7629318000,0.3523414000,0.5420245000,0.0000000000,0.0000000000,0.0000000000,0.7692077000,0.3482646000,0.5357530000,2.0941110000,
25.36687,27177,True,1.0000000000,4.0000000000,-0.0320000000,0.0000000000,0.0000000000,0.7754241000,0.3441442000,0.5294169000,True,1.0000000000,4.0000000000,0.0320000000,0.0000000000,0.0000000000,0.7629187000,0.3523487000,0.5420383000,0.0000000000,0.0000000000,0.0000000000,0.7692082000,0.3482631000,0.5357533000,2.0895940000,
25.37803,27188,True,1.0000000000,4.0000000000,-0.0320000000,0.0000000000,0.0000000000,0.7754377000,0.3441356000,0.5294026000,True,1.0000000000,4.0000000000,0.0320000000,0.0000000000,0.0000000000,0.7629021000,0.3523597000,0.5420544000,0.0000000000,0.0000000000,0.0000000000,0.7692069000,0.3482644000,0.5357543000,2.0845800000,
25.38914,27199,True,1.0000000000,4.0000000000,-0.0320000000,0.0000000000,0.0000000000,0.7754611000,0.3441215000,0.5293773000,True,1.0000000000,4.0000000000,0.0320000000,0.0000000000,0.0000000000,0.7628782000,0.3523769000,0.5420768000,0.0000000000,0.0000000000,0.0000000000,0.7692070000,0.3482661000,0.5357530000,2.0767390000,
25.40071,27211,True,1.0000000000,4.0000000000,-0.0320000000,0.0000000000,0.0000000000,0.7754836000,0.3441049000,0.5293551000,True,1.0000000000,4.0000000000,0.0320000000,0.0000000000,0.0000000000,0.7628540000,0.3523909000,0.5421019000,0.0000000000,0.0000000000,0.0000000000,0.7692064000,0.3482649000,0.5357547000,2.0690370000,
25.41135,27221,True,1.0000000000,4.0000000000,-0.0320000000,0.0000000000,0.0000000000,0.7755007000,0.3440953000,0.5293365000,True,1.0000000000,4.0000000000,0.0320000000,0.0000000000,0.0000000000,0.7628334000,0.3524060000,0.5421212000,0.0000000000,0.0000000000,0.0000000000,0.7692049000,0.3482677000,0.5357552000,2.0628900000,
25.42307,27233,True,1.0000000000,4.0000000000,-0.0320000000,0.0000000000,0.0000000000,0.7755202000,0.3440836000,0.5293154000,True,1.0000000000,4.0000000000,0.0320000000,0.0000000000,0.0000000000,0.7628112000,0.3524216000,0.5421421000,0.0000000000,0.0000000000,0.0000000000,0.7692038000,0.3482698000,0.5357553000,2.0561430000,
25.43564,27246,True,1.0000000000,4.0000000000,-0.0320000000,0.0000000000,0.0000000000,0.7755478000,0.3440640000,0.5292878000,True,1.0000000000,4.0000000000,0.0320000000,0.0000000000,0.0000000000,0.7627838000,0.3524381000,0.5421699000,0.0000000000,0.0000000000,0.0000000000,0.7692042000,0.3482684000,0.5357556000,2.0472920000,
25.44703,27257,True,1.0000000000,4.0000000000,-0.0320000000,0.0000000000,0.0000000000,0.7755697000,0.3440453000,0.5292677000,True,1.0000000000,4.0000000000,0.0320000000,0.0000000000,0.0000000000,0.7627635000,0.3524470000,0.5421927000,0.0000000000,0.0000000000,0.0000000000,0.7692053000,0.3482636000,0.5357571000,2.0405060000,
25.45927,27269,True,1.0000000000,4.0000000000,-0.0320000000,0.0000000000,0.0000000000,0.7755913000,0.3440359000,0.5292422000,True,1.0000000000,4.0000000000,0.0320000000,0.0000000000,0.0000000000,0.7627330000,0.3524719000,0.5422195000,0.0000000000,0.0000000000,0.0000000000,0.7692012000,0.3482715000,0.5357579000,2.0322720000,
25.47046,27295,True,1.0000000000,4.0000000000,-0.0320000000,0.0000000000,0.0000000000,0.7756097000,0.3440218000,0.5292245000,True,1.0000000000,4.0000000000,0.0320000000,0.0000000000,0.0000000000,0.7627189000,0.3524790000,0.5422346000,0.0000000000,0.0000000000,0.0000000000,0.7692035000,0.3482681000,0.5357568000,2.0271630000,
25.49094,27301,True,1.0000000000,4.0000000000,-0.0320000000,0.0000000000,0.0000000000,0.7756202000,0.3440110000,0.5292161000,True,1.0000000000,4.0000000000,0.0320000000,0.0000000000,0.0000000000,0.7627087000,0.3524818000,0.5422473000,0.0000000000,0.0000000000,0.0000000000,0.7692037000,0.3482642000,0.5357591000,2.0238850000,
25.50307,27313,True,1.0000000000,4.0000000000,-0.0320000000,0.0000000000,0.0000000000,0.7756376000,0.3440031000,0.5291956000,True,1.0000000000,4.0000000000,0.0320000000,0.0000000000,0.0000000000,0.7626864000,0.3525000000,0.5422667000,0.0000000000,0.0000000000,0.0000000000,0.7692016000,0.3482694000,0.5357587000,2.0177060000,
25.5115,27321,True,1.0000000000,4.0000000000,-0.0320000000,0.0000000000,0.0000000000,0.7756442000,0.3440013000,0.5291874000,True,1.0000000000,4.0000000000,0.0320000000,0.0000000000,0.0000000000,0.7626750000,0.3525099000,0.5422763000,0.0000000000,0.0000000000,0.0000000000,0.7691992000,0.3482735000,0.5357594000,2.0149370000,
25.52259,27333,True,1.0000000000,4.0000000000,-0.0320000000,0.0000000000,0.0000000000,0.7756541000,0.3439912000,0.5291793000,True,1.0000000000,4.0000000000,0.0320000000,0.0000000000,0.0000000000,0.7626697000,0.3525097000,0.5422838000,0.0000000000,0.0000000000,0.0000000000,0.7692016000,0.3482685000,0.5357593000,2.0125630000,
25.53342,27343,True,1.0000000000,4.0000000000,-0.0320000000,0.0000000000,0.0000000000,0.7756691000,0.3439790000,0.5291653000,True,1.0000000000,4.0000000000,0.0320000000,0.0000000000,0.0000000000,0.7626550000,0.3525170000,0.5422999000,0.0000000000,0.0000000000,0.0000000000,0.7692019000,0.3482660000,0.5357604000,2.0079430000,
25.54452,27355,True,1.0000000000,4.0000000000,-0.0320000000,0.0000000000,0.0000000000,0.7756789000,0.3439748000,0.5291537000,True,1.0000000000,4.0000000000,0.0320000000,0.0000000000,0.0000000000,0.7626391000,0.3525297000,0.5423140000,0.0000000000,0.0000000000,0.0000000000,0.7691990000,0.3482704000,0.5357617000,2.0040220000,
25.55573,27366,True,1.0000000000,4.0000000000,-0.0320000000,0.0000000000,0.0000000000,0.7756892000,0.3439655000,0.5291446000,True,1.0000000000,4.0000000000,0.0320000000,0.0000000000,0.0000000000,0.7626367000,0.3525287000,0.5423181000,0.0000000000,0.0000000000,0.0000000000,0.7692030000,0.3482653000,0.5357593000,2.0020210000,
25.5672,27377,True,1.0000000000,4.0000000000,-0.0320000000,0.0000000000,0.0000000000,0.7756873000,0.3439725000,0.5291427000,True,1.0000000000,4.0000000000,0.0320000000,0.0000000000,0.0000000000,0.7626317000,0.3525379000,0.5423191000,0.0000000000,0.0000000000,0.0000000000,0.7691997000,0.3482734000,0.5357589000,2.0015740000,
25.57805,27388,True,1.0000000000,4.0000000000,-0.0320000000,0.0000000000,0.0000000000,0.7756848000,0.3439706000,0.5291477000,True,1.0000000000,4.0000000000,0.0320000000,0.0000000000,0.0000000000,0.7626365000,0.3525310000,0.5423167000,0.0000000000,0.0000000000,0.0000000000,0.7692008000,0.3482690000,0.5357602000,2.0027070000,
25.58903,27399,True,1.0000000000,4.0000000000,-0.0320000000,0.0000000000,0.0000000000,0.7756771000,0.3439752000,0.5291561000,True,1.0000000000,4.0000000000,0.0320000000,0.0000000000,0.0000000000,0.7626477000,0.3525233000,0.5423061000,0.0000000000,0.0000000000,0.0000000000,0.7692024000,0.3482673000,0.5357589000,2.0055940000,
25.60079,27411,True,1.0000000000,4.0000000000,-0.0320000000,0.0000000000,0.0000000000,0.7756668000,0.3439836000,0.5291656000,True,1.0000000000,4.0000000000,0.0320000000,0.0000000000,0.0000000000,0.7626534000,0.3525213000,0.5422994000,0.0000000000,0.0000000000,0.0000000000,0.7692000000,0.3482705000,0.5357603000,2.0080530000,
25.61137,27421,True,1.0000000000,4.0000000000,-0.0320000000,0.0000000000,0.0000000000,0.7756636000,0.3439848000,0.5291696000,True,1.0000000000,4.0000000000,0.0320000000,0.0000000000,0.0000000000,0.7626596000,0.3525161000,0.5422940000,0.0000000000,0.0000000000,0.0000000000,0.7692014000,0.3482685000,0.5357596000,2.0095100000,
25.62259,27433,True,1.0000000000,4.0000000000,-0.0320000000,0.0000000000,0.0000000000,0.7756653000,0.3439809000,0.5291696000,True,1.0000000000,4.0000000000,0.0320000000,0.0000000000,0.0000000000,0.7626605000,0.3525128000,0.5422947000,0.0000000000,0.0000000000,0.0000000000,0.7692028000,0.3482649000,0.5357600000,2.0093890000,
25.63373,27444,True,1.0000000000,4.0000000000,-0.0320000000,0.0000000000,0.0000000000,0.7756683000,0.3439836000,0.5291635000,True,1.0000000000,4.0000000000,0.0320000000,0.0000000000,0.0000000000,0.7626542000,0.3525216000,0.5422979000,0.0000000000,0.0000000000,0.0000000000,0.7692011000,0.3482707000,0.5357585000,2.0079680000,
25.6447,27455,True,1.0000000000,4.0000000000,-0.0320000000,0.0000000000,0.0000000000,0.7756765000,0.3439746000,0.5291572000,True,1.0000000000,4.0000000000,0.0320000000,0.0000000000,0.0000000000,0.7626479000,0.3525221000,0.5423065000,0.0000000000,0.0000000000,0.0000000000,0.7692022000,0.3482665000,0.5357597000,2.0057010000,
25.65627,27466,True,1.0000000000,4.0000000000,-0.0320000000,0.0000000000,0.0000000000,0.7756767000,0.3439777000,0.5291549000,True,1.0000000000,4.0000000000,0.0320000000,0.0000000000,0.0000000000,0.7626452000,0.3525273000,0.5423070000,0.0000000000,0.0000000000,0.0000000000,0.7692010000,0.3482706000,0.5357588000,2.0052790000,
25.66715,27477,True,1.0000000000,4.0000000000,-0.0320000000,0.0000000000,0.0000000000,0.7756706000,0.3439796000,0.5291626000,True,1.0000000000,4.0000000000,0.0320000000,0.0000000000,0.0000000000,0.7626462000,0.3525243000,0.5423074000,0.0000000000,0.0000000000,0.0000000000,0.7691984000,0.3482701000,0.5357628000,2.0063890000,
25.67883,27489,True,1.0000000000,4.0000000000,-0.0320000000,0.0000000000,0.0000000000,0.7756683000,0.3439809000,0.5291651000,True,1.0000000000,4.0000000000,0.0320000000,0.0000000000,0.0000000000,0.7626569000,0.3525172000,0.5422971000,0.0000000000,0.0000000000,0.0000000000,0.7692025000,0.3482671000,0.5357589000,2.0083500000,
25.68938,27499,True,1.0000000000,4.0000000000,-0.0320000000,0.0000000000,0.0000000000,0.7756631000,0.3439839000,0.5291709000,True,1.0000000000,4.0000000000,0.0320000000,0.0000000000,0.0000000000,0.7626608000,0.3525142000,0.5422936000,0.0000000000,0.0000000000,0.0000000000,0.7692018000,0.3482670000,0.5357600000,2.0097690000,
25.70049,27511,True,1.0000000000,4.0000000000,-0.0320000000,0.0000000000,0.0000000000,0.7756586000,0.3439906000,0.5291731000,True,1.0000000000,4.0000000000,0.0320000000,0.0000000000,0.0000000000,0.7626650000,0.3525152000,0.5422869000,0.0000000000,0.0000000000,0.0000000000,0.7692016000,0.3482709000,0.5357577000,2.0111140000,
25.71137,27521,True,1.0000000000,4.0000000000,-0.0320000000,0.0000000000,0.0000000000,0.7756627000,0.3439860000,0.5291702000,True,1.0000000000,4.0000000000,0.0320000000,0.0000000000,0.0000000000,0.7626605000,0.3525162000,0.5422927000,0.0000000000,0.0000000000,0.0000000000,0.7692014000,0.3482691000,0.5357592000,2.0097940000,
25.72244,27533,True,1.0000000000,4.0000000000,-0.0320000000,0.0000000000,0.0000000000,0.7756723000,0.3439792000,0.5291606000,True,1.0000000000,4.0000000000,0.0320000000,0.0000000000,0.0000000000,0.7626486000,0.3525234000,0.5423046000,0.0000000000,0.0000000000,0.0000000000,0.7692003000,0.3482694000,0.5357605000,2.0064930000,
25.73413,27544,True,1.0000000000,4.0000000000,-0.0320000000,0.0000000000,0.0000000000,0.7756901000,0.3439694000,0.5291407000,True,1.0000000000,4.0000000000,0.0320000000,0.0000000000,0.0000000000,0.7626306000,0.3525374000,0.5423210000,0.0000000000,0.0000000000,0.0000000000,0.7692005000,0.3482715000,0.5357588000,2.0009750000,
25.74514,27555,True,1.0000000000,4.0000000000,-0.0320000000,0.0000000000,0.0000000000,0.7757075000,0.3439575000,0.5291229000,True,1.0000000000,4.0000000000,0.0320000000,0.0000000000,0.0000000000,0.7626127000,0.3525484000,0.5423388000,0.0000000000,0.0000000000,0.0000000000,0.7692006000,0.3482713000,0.5357590000,1.9955910000,
25.7559,27566,True,1.0000000000,4.0000000000,-0.0320000000,0.0000000000,0.0000000000,0.7757190000,0.3439455000,0.5291140000,True,1.0000000000,4.0000000000,0.0320000000,0.0000000000,0.0000000000,0.7625989000,0.3525529000,0.5423554000,0.0000000000,0.0000000000,0.0000000000,0.7691995000,0.3482676000,0.5357629000,1.9917560000,
25.76677,27577,True,1.0000000000,4.0000000000,-0.0320000000,0.0000000000,0.0000000000,0.7757297000,0.3439381000,0.5291030000,True,1.0000000000,4.0000000000,0.0320000000,0.0000000000,0.0000000000,0.7625910000,0.3525579000,0.5423633000,0.0000000000,0.0000000000,0.0000000000,0.7692010000,0.3482664000,0.5357615000,1.9888990000,
25.77788,27588,True,1.0000000000,4.0000000000,-0.0320000000,0.0000000000,0.0000000000,0.7757382000,0.3439326000,0.5290941000,True,1.0000000000,4.0000000000,0.0320000000,0.0000000000,0.0000000000,0.7625811000,0.3525645000,0.5423729000,0.0000000000,0.0000000000,0.0000000000,0.7692004000,0.3482670000,0.5357618000,1.9861360000,
25.78923,27599,True,1.0000000000,4.0000000000,-0.0320000000,0.0000000000,0.0000000000,0.7757474000,0.3439274000,0.5290840000,True,1.0000000000,4.0000000000,0.0320000000,0.0000000000,0.0000000000,0.7625729000,0.3525707000,0.5423805000,0.0000000000,0.0000000000,0.0000000000,0.7692010000,0.3482676000,0.5357607000,1.9834990000,
25.8,27610,True,1.0000000000,4.0000000000,-0.0320000000,0.0000000000,0.0000000000,0.7757602000,0.3439209000,0.5290695000,True,1.0000000000,4.0000000000,0.0320000000,0.0000000000,0.0000000000,0.7625566000,0.3525832000,0.5423951000,0.0000000000,0.0000000000,0.0000000000,0.7691994000,0.3482707000,0.5357609000,1.9791560000,
25.81127,27621,True,1.0000000000,4.0000000000,-0.0320000000,0.0000000000,0.0000000000,0.7757773000,0.3439093000,0.5290519000,True,1.0000000000,4.0000000000,0.0320000000,0.0000000000,0.0000000000,0.7625393000,0.3525942000,0.5424123000,0.0000000000,0.0000000000,0.0000000000,0.7691996000,0.3482704000,0.5357609000,1.9739950000,
25.82228,27632,True,1.0000000000,4.0000000000,-0.0320000000,0.0000000000,0.0000000000,0.7757946000,0.3438955000,0.5290356000,True,1.0000000000,4.0000000000,0.0320000000,0.0000000000,0.0000000000,0.7625190000,0.3526049000,0.5424339000,0.0000000000,0.0000000000,0.0000000000,0.7691983000,0.3482690000,0.5357637000,1.9684300000,
25.83352,27643,True,1.0000000000,4.0000000000,-0.0320000000,0.0000000000,0.0000000000,0.7758158000,0.3438812000,0.5290136000,True,1.0000000000,4.0000000000,0.0320000000,0.0000000000,0.0000000000,0.7624967000,0.3526193000,0.5424559000,0.0000000000,0.0000000000,0.0000000000,0.7691981000,0.3482692000,0.5357639000,1.9619820000,
25.84448,27655,True,1.0000000000,4.0000000000,-0.0320000000,0.0000000000,0.0000000000,0.7758312000,0.3438745000,0.5289956000,True,1.0000000000,4.0000000000,0.0320000000,0.0000000000,0.0000000000,0.7624767000,0.3526358000,0.5424734000,0.0000000000,0.0000000000,0.0000000000,0.7691959000,0.3482741000,0.5357637000,1.9568030000,
25.85559,27665,True,1.0000000000,4.0000000000,-0.0320000000,0.0000000000,0.0000000000,0.7758439000,0.3438589000,0.5289872000,True,1.0000000000,4.0000000000,0.0320000000,0.0000000000,0.0000000000,0.7624710000,0.3526320000,0.5424837000,0.0000000000,0.0000000000,0.0000000000,0.7691996000,0.3482645000,0.5357648000,1.9540980000,
25.86694,27677,True,1.0000000000,4.0000000000,-0.0320000000,0.0000000000,0.0000000000,0.7758445000,0.3438630000,0.5289836000,True,1.0000000000,4.0000000000,0.0320000000,0.0000000000,0.0000000000,0.7624667000,0.3526394000,0.5424849000,0.0000000000,0.0000000000,0.0000000000,0.7691978000,0.3482702000,0.5357636000,1.9533950000,
25.87765,27688,True,1.0000000000,4.0000000000,-0.0320000000,0.0000000000,0.0000000000,0.7758440000,0.3438634000,0.5289841000,True,1.0000000000,4.0000000000,0.0320000000,0.0000000000,0.0000000000,0.7624678000,0.3526388000,0.5424839000,0.0000000000,0.0000000000,0.0000000000,0.7691980000,0.3482702000,0.5357633000,1.9536230000,
25.88891,27699,True,1.0000000000,4.0000000000,-0.0320000000,0.0000000000,0.0000000000,0.7758343000,0.3438705000,0.5289937000,True,1.0000000000,4.0000000000,0.0320000000,0.0000000000,0.0000000000,0.7624758000,0.3526343000,0.5424755000,0.0000000000,0.0000000000,0.0000000000,0.7691971000,0.3482715000,0.5357639000,1.9562270000,
25.90026,27711,True,1.0000000000,4.0000000000,-0.0320000000,0.0000000000,0.0000000000,0.7758307000,0.3438687000,0.5289999000,True,1.0000000000,4.0000000000,0.0320000000,0.0000000000,0.0000000000,0.7624854000,0.3526240000,0.5424688000,0.0000000000,0.0000000000,0.0000000000,0.7692000000,0.3482653000,0.5357636000,1.9581000000,
25.91122,27721,True,1.0000000000,4.0000000000,-0.0320000000,0.0000000000,0.0000000000,0.7758229000,0.3438811000,0.5290033000,True,1.0000000000,4.0000000000,0.0320000000,0.0000000000,0.0000000000,0.7624865000,0.3526306000,0.5424629000,0.0000000000,0.0000000000,0.0000000000,0.7691966000,0.3482749000,0.5357623000,1.9594520000,
25.92238,27732,True,1.0000000000,4.0000000000,-0.0320000000,0.0000000000,0.0000000000,0.7758202000,0.3438816000,0.5290070000,True,1.0000000000,4.0000000000,0.0320000000,0.0000000000,0.0000000000,0.7624882000,0.3526282000,0.5424621000,0.0000000000,0.0000000000,0.0000000000,0.7691962000,0.3482738000,0.5357637000,1.9601030000,
25.9339,27744,True,1.0000000000,4.0000000000,-0.0320000000,0.0000000000,0.0000000000,0.7758278000,0.3438706000,0.5290031000,True,1.0000000000,4.0000000000,0.0320000000,0.0000000000,0.0000000000,0.7624865000,0.3526232000,0.5424677000,0.0000000000,0.0000000000,0.0000000000,0.7691991000,0.3482659000,0.5357646000,1.9587270000,
25.94524,27755,True,1.0000000000,4.0000000000,-0.0320000000,0.0000000000,0.0000000000,0.7758286000,0.3438787000,0.5289965000,True,1.0000000000,4.0000000000,0.0320000000,0.0000000000,0.0000000000,0.7624779000,0.3526376000,0.5424705000,0.0000000000,0.0000000000,0.0000000000,0.7691953000,0.3482771000,0.5357627000,1.9573630000,
25.9567,27767,True,1.0000000000,4.0000000000,-0.0320000000,0.0000000000,0.0000000000,0.7758337000,0.3438666000,0.5289969000,True,1.0000000000,4.0000000000,0.0320000000,0.0000000000,0.0000000000,0.7624770000,0.3526292000,0.5424771000,0.0000000000,0.0000000000,0.0000000000,0.7691975000,0.3482669000,0.5357663000,1.9564660000,
25.9684,27779,True,1.0000000000,4.0000000000,-0.0320000000,0.0000000000,0.0000000000,0.7758392000,0.3438643000,0.5289904000,True,1.0000000000,4.0000000000,0.0320000000,0.0000000000,0.0000000000,0.7624759000,0.3526313000,0.5424774000,0.0000000000,0.0000000000,0.0000000000,0.7691996000,0.3482668000,0.5357631000,1.9554880000,
25.97945,27789,True,1.0000000000,4.0000000000,-0.0320000000,0.0000000000,0.0000000000,0.7758386000,0.3438647000,0.5289912000,True,1.0000000000,4.0000000000,0.0320000000,0.0000000000,0.0000000000,0.7624710000,0.3526344000,0.5424824000,0.0000000000,0.0000000000,0.0000000000,0.7691968000,0.3482686000,0.5357661000,1.9548830000,
25.99097,27801,True,1.0000000000,4.0000000000,-0.0320000000,0.0000000000,0.0000000000,0.7758434000,0.3438648000,0.5289840000,True,1.0000000000,4.0000000000,0.0320000000,0.0000000000,0.0000000000,0.7624668000,0.3526406000,0.5424841000,0.0000000000,0.0000000000,0.0000000000,0.7691972000,0.3482717000,0.5357634000,1.9535600000,
26.00301,27813,True,1.0000000000,4.0000000000,-0.0320000000,0.0000000000,0.0000000000,0.7758428000,0.3438625000,0.5289863000,True,1.0000000000,4.0000000000,0.0320000000,0.0000000000,0.0000000000,0.7624673000,0.3526375000,0.5424855000,0.0000000000,0.0000000000,0.0000000000,0.7691972000,0.3482691000,0.5357652000,1.9537100000,
26.01356,27823,True,1.0000000000,4.0000000000,-0.0320000000,0.0000000000,0.0000000000,0.7758445000,0.3438652000,0.5289820000,True,1.0000000000,4.0000000000,0.0320000000,0.0000000000,0.0000000000,0.7624621000,0.3526447000,0.5424880000,0.0000000000,0.0000000000,0.0000000000,0.7691955000,0.3482740000,0.5357644000,1.9527270000,
26.02513,27836,True,1.0000000000,4.0000000000,-0.0320000000,0.0000000000,0.0000000000,0.7758553000,0.3438538000,0.5289735000,True,1.0000000000,4.0000000000,0.0320000000,0.0000000000,0.0000000000,0.7624584000,0.3526429000,0.5424945000,0.0000000000,0.0000000000,0.0000000000,0.7691991000,0.3482675000,0.5357634000,1.9505830000,
26.03707,27848,True,1.0000000000,4.0000000000,-0.0320000000,0.0000000000,0.0000000000,0.7758599000,0.3438522000,0.5289680000,True,1.0000000000,4.0000000000,0.0320000000,0.0000000000,0.0000000000,0.7624518000,0.3526486000,0.5425000000,0.0000000000,0.0000000000,0.0000000000,0.7691982000,0.3482696000,0.5357635000,1.9489680000,
26.04799,27858,True,1.0000000000,4.0000000000,-0.0320000000,0.0000000000,0.0000000000,0.7758678000,0.3438524000,0.5289564000,True,1.0000000000,4.0000000000,0.0320000000,0.0000000000,0.0000000000,0.7624391000,0.3526624000,0.5425089000,0.0000000000,0.0000000000,0.0000000000,0.7691959000,0.3482767000,0.5357623000,1.9460020000,
26.05999,27870,True,1.0000000000,4.0000000000,-0.0320000000,0.0000000000,0.0000000000,0.7758738000,0.3438408000,0.5289550000,True,1.0000000000,4.0000000000,0.0320000000,0.0000000000,0.0000000000,0.7624360000,0.3526565000,0.5425169000,0.0000000000,0.0000000000,0.0000000000,0.7691975000,0.3482679000,0.5357656000,1.9446790000,
26.071,27881,True,1.0000000000,4.0000000000,-0.0320000000,0.0000000000,0.0000000000,0.7758803000,0.3438377000,0.5289474000,True,1.0000000000,4.0000000000,0.0320000000,0.0000000000,0.0000000000,0.7624271000,0.3526637000,0.5425250000,0.0000000000,0.0000000000,0.0000000000,0.7691963000,0.3482700000,0.5357659000,1.9424370000,
26.08196,27892,True,1.0000000000,4.0000000000,-0.0320000000,0.0000000000,0.0000000000,0.7758826000,0.3438393000,0.5289430000,True,1.0000000000,4.0000000000,0.0320000000,0.0000000000,0.0000000000,0.7624220000,0.3526701000,0.5425278000,0.0000000000,0.0000000000,0.0000000000,0.7691950000,0.3482741000,0.5357651000,1.9413940000,
26.09451,27905,True,1.0000000000,4.0000000000,-0.0320000000,0.0000000000,0.0000000000,0.7758890000,0.3438341000,0.5289370000,True,1.0000000000,4.0000000000,0.0320000000,0.0000000000,0.0000000000,0.7624173000,0.3526722000,0.5425332000,0.0000000000,0.0000000000,0.0000000000,0.7691959000,0.3482725000,0.5357649000,1.9397670000,
26.10545,27921,True,1.0000000000,4.0000000000,-0.0320000000,0.0000000000,0.0000000000,0.7758957000,0.3438258000,0.5289326000,True,1.0000000000,4.0000000000,0.0320000000,0.0000000000,0.0000000000,0.7624142000,0.3526703000,0.5425387000,0.0000000000,0.0000000000,0.0000000000,0.7691978000,0.3482674000,0.5357655000,1.9383640000,
26.11742,27928,True,1.0000000000,4.0000000000,-0.0320000000,0.0000000000,0.0000000000,0.7759010000,0.3438262000,0.5289246000,True,1.0000000000,4.0000000000,0.0320000000,0.0000000000,0.0000000000,0.7624049000,0.3526803000,0.5425452000,0.0000000000,0.0000000000,0.0000000000,0.7691959000,0.3482727000,0.5357648000,1.9362770000,
26.12765,27938,True,1.0000000000,4.0000000000,-0.0320000000,0.0000000000,0.0000000000,0.7759131000,0.3438150000,0.5289142000,True,1.0000000000,4.0000000000,0.0320000000,0.0000000000,0.0000000000,0.7623920000,0.3526854000,0.5425602000,0.0000000000,0.0000000000,0.0000000000,0.7691956000,0.3482697000,0.5357671000,1.9326880000,
26.13852,27948,True,1.0000000000,4.0000000000,-0.0320000000,0.0000000000,0.0000000000,0.7759212000,0.3438116000,0.5289044000,True,1.0000000000,4.0000000000,0.0320000000,0.0000000000,0.0000000000,0.7623820000,0.3526939000,0.5425686000,0.0000000000,0.0000000000,0.0000000000,0.7691948000,0.3482723000,0.5357665000,1.9301210000,
26.14978,27960,True,1.0000000000,4.0000000000,-0.0320000000,0.0000000000,0.0000000000,0.7759332000,0.3438053000,0.5288908000,True,1.0000000000,4.0000000000,0.0320000000,0.0000000000,0.0000000000,0.7623687000,0.3527044000,0.5425806000,0.0000000000,0.0000000000,0.0000000000,0.7691942000,0.3482745000,0.5357659000,1.9265120000,
26.16079,27971,True,1.0000000000,4.0000000000,-0.0320000000,0.0000000000,0.0000000000,0.7759424000,0.3437956000,0.5288838000,True,1.0000000000,4.0000000000,0.0320000000,0.0000000000,0.0000000000,0.7623603000,0.3527060000,0.5425912000,0.0000000000,0.0000000000,0.0000000000,0.7691948000,0.3482705000,0.5357678000,1.9240310000,
26.17157,27982,True,1.0000000000,4.0000000000,-0.0320000000,0.0000000000,0.0000000000,0.7759503000,0.3437922000,0.5288743000,True,1.0000000000,4.0000000000,0.0320000000,0.0000000000,0.0000000000,0.7623498000,0.3527147000,0.5426003000,0.0000000000,0.0000000000,0.0000000000,0.7691936000,0.3482732000,0.5357677000,1.9214340000,
26.18264,27993,True,1.0000000000,4.0000000000,-0.0320000000,0.0000000000,0.0000000000,0.7759552000,0.3437904000,0.5288683000,True,1.0000000000,4.0000000000,0.0320000000,0.0000000000,0.0000000000,0.7623430000,0.3527206000,0.5426061000,0.0000000000,0.0000000000,0.0000000000,0.7691928000,0.3482752000,0.5357676000,1.9197850000,
26.19411,28004,True,1.0000000000,4.0000000000,-0.0320000000,0.0000000000,0.0000000000,0.7759627000,0.3437839000,0.5288615000,True,1.0000000000,4.0000000000,0.0320000000,0.0000000000,0.0000000000,0.7623377000,0.3527226000,0.5426123000,0.0000000000,0.0000000000,0.0000000000,0.7691939000,0.3482730000,0.5357674000,1.9179630000,
26.20475,28015,True,1.0000000000,4.0000000000,-0.0320000000,0.0000000000,0.0000000000,0.7759739000,0.3437781000,0.5288490000,True,1.0000000000,4.0000000000,0.0320000000,0.0000000000,0.0000000000,0.7623249000,0.3527323000,0.5426237000,0.0000000000,0.0000000000,0.0000000000,0.7691932000,0.3482751000,0.5357669000,1.9146250000,
26.21664,28027,True,1.0000000000,4.0000000000,-0.0320000000,0.0000000000,0.0000000000,0.7759899000,0.3437639000,0.5288346000,True,1.0000000000,4.0000000000,0.0320000000,0.0000000000,0.0000000000,0.7623091000,0.3527391000,0.5426417000,0.0000000000,0.0000000000,0.0000000000,0.7691936000,0.3482714000,0.5357688000,1.9101410000,
26.22715,28038,True,1.0000000000,4.0000000000,-0.0320000000,0.0000000000,0.0000000000,0.7760109000,0.3437531000,0.5288109000,True,1.0000000000,4.0000000000,0.0320000000,0.0000000000,0.0000000000,0.7622843000,0.3527583000,0.5426641000,0.0000000000,0.0000000000,0.0000000000,0.7691919000,0.3482758000,0.5357684000,1.9037900000,
26.23852,28049,True,1.0000000000,4.0000000000,-0.0320000000,0.0000000000,0.0000000000,0.7760345000,0.3437367000,0.5287868000,True,1.0000000000,4.0000000000,0.0320000000,0.0000000000,0.0000000000,0.7622604000,0.3527731000,0.5426880000,0.0000000000,0.0000000000,0.0000000000,0.7691921000,0.3482751000,0.5357685000,1.8972230000,
26.25004,28061,True,1.0000000000,4.0000000000,-0.0320000000,0.0000000000,0.0000000000,0.7760615000,0.3437194000,0.5287585000,True,1.0000000000,4.0000000000,0.0320000000,0.0000000000,0.0000000000,0.7622318000,0.3527922000,0.5427157000,0.0000000000,0.0000000000,0.0000000000,0.7691917000,0.3482762000,0.5357684000,1.8895950000,
26.26061,28071,True,1.0000000000,4.0000000000,-0.0320000000,0.0000000000,0.0000000000,0.7760930000,0.3436997000,0.5287251000,True,1.0000000000,4.0000000000,0.0320000000,0.0000000000,0.0000000000,0.7621971000,0.3528161000,0.5427490000,0.0000000000,0.0000000000,0.0000000000,0.7691905000,0.3482785000,0.5357687000,1.8805950000,
26.27205,28082,True,1.0000000000,4.0000000000,-0.0320000000,0.0000000000,0.0000000000,0.7761195000,0.3436811000,0.5286981000,True,1.0000000000,4.0000000000,0.0320000000,0.0000000000,0.0000000000,0.7621648000,0.3528359000,0.5427814000,0.0000000000,0.0000000000,0.0000000000,0.7691880000,0.3482793000,0.5357717000,1.8726910000,
26.28339,28094,True,1.0000000000,4.0000000000,-0.0320000000,0.0000000000,0.0000000000,0.7761533000,0.3436534000,0.5286667000,True,1.0000000000,4.0000000000,0.0320000000,0.0000000000,0.0000000000,0.7621382000,0.3528478000,0.5428112000,0.0000000000,0.0000000000,0.0000000000,0.7691920000,0.3482715000,0.5357711000,1.8645900000,
26.29532,28105,True,1.0000000000,4.0000000000,-0.0320000000,0.0000000000,0.0000000000,0.7761828000,0.3436356000,0.5286348000,True,1.0000000000,4.0000000000,0.0320000000,0.0000000000,0.0000000000,0.7621006000,0.3528739000,0.5428467000,0.0000000000,0.0000000000,0.0000000000,0.7691884000,0.3482759000,0.5357733000,1.8557270000,
26.30485,28115,True,1.0000000000,4.0000000000,-0.0320000000,0.0000000000,0.0000000000,0.7762120000,0.3436150000,0.5286053000,True,1.0000000000,4.0000000000,0.0320000000,0.0000000000,0.0000000000,0.7620667000,0.3528948000,0.5428810000,0.0000000000,0.0000000000,0.0000000000,0.7691864000,0.3482762000,0.5357760000,1.8474500000,
26.31607,28126,True,1.0000000000,4.0000000000,-0.0320000000,0.0000000000,0.0000000000,0.7762125000,0.3436150000,0.5286047000,True,1.0000000000,4.0000000000,0.0320000000,0.0000000000,0.0000000000,0.7620664000,0.3528952000,0.5428810000,0.0000000000,0.0000000000,0.0000000000,0.7691866000,0.3482764000,0.5357757000,1.8473640000,
26.32758,28138,True,1.0000000000,4.0000000000,-0.0320000000,0.0000000000,0.0000000000,0.7762445000,0.3435960000,0.5285699000,True,1.0000000000,4.0000000000,0.0320000000,0.0000000000,0.0000000000,0.7620319000,0.3529198000,0.5429134000,0.0000000000,0.0000000000,0.0000000000,0.7691858000,0.3482795000,0.5357748000,1.8387090000,
26.33893,28149,True,1.0000000000,4.0000000000,-0.0320000000,0.0000000000,0.0000000000,0.7762757000,0.3435738000,0.5285387000,True,1.0000000000,4.0000000000,0.0320000000,0.0000000000,0.0000000000,0.7619977000,0.3529406000,0.5429479000,0.0000000000,0.0000000000,0.0000000000,0.7691846000,0.3482789000,0.5357768000,1.8303090000,
26.34974,28160,True,1.0000000000,4.0000000000,-0.0320000000,0.0000000000,0.0000000000,0.7763031000,0.3435546000,0.5285107000,True,1.0000000000,4.0000000000,0.0320000000,0.0000000000,0.0000000000,0.7619706000,0.3529571000,0.5429752000,0.0000000000,0.0000000000,0.0000000000,0.7691852000,0.3482778000,0.5357767000,1.8233340000,
26.36045,28171,True,1.0000000000,4.0000000000,-0.0320000000,0.0000000000,0.0000000000,0.7763234000,0.3435431000,0.5284885000,True,1.0000000000,4.0000000000,0.0320000000,0.0000000000,0.0000000000,0.7619416000,0.3529778000,0.5430026000,0.0000000000,0.0000000000,0.0000000000,0.7691812000,0.3482825000,0.5357795000,1.8171030000,
26.37233,28182,True,1.0000000000,4.0000000000,-0.0320000000,0.0000000000,0.0000000000,0.7763466000,0.3435248000,0.5284663000,True,1.0000000000,4.0000000000,0.0320000000,0.0000000000,0.0000000000,0.7619273000,0.3529842000,0.5430183000,0.0000000000,0.0000000000,0.0000000000,0.7691859000,0.3482767000,0.5357764000,1.8123550000,
26.38296,28193,True,1.0000000000,4.0000000000,-0.0320000000,0.0000000000,0.0000000000,0.7763574000,0.3435202000,0.5284535000,True,1.0000000000,4.0000000000,0.0320000000,0.0000000000,0.0000000000,0.7619127000,0.3529963000,0.5430310000,0.0000000000,0.0000000000,0.0000000000,0.7691842000,0.3482805000,0.5357764000,1.8091860000,
26.39334,28203,True,1.0000000000,4.0000000000,-0.0320000000,0.0000000000,0.0000000000,0.7763625000,0.3435210000,0.5284452000,True,1.0000000000,4.0000000000,0.0320000000,0.0000000000,0.0000000000,0.7618974000,0.3530105000,0.5430431000,0.0000000000,0.0000000000,0.0000000000,0.7691793000,0.3482881000,0.5357785000,1.8066580000,
26.40491,28215,True,1.0000000000,4.0000000000,-0.0320000000,0.0000000000,0.0000000000,0.7763693000,0.3435087000,0.5284433000,True,1.0000000000,4.0000000000,0.0320000000,0.0000000000,0.0000000000,0.7618967000,0.3530030000,0.5430491000,0.0000000000,0.0000000000,0.0000000000,0.7691823000,0.3482782000,0.5357805000,1.8056970000,
26.41607,28226,True,1.0000000000,4.0000000000,-0.0320000000,0.0000000000,0.0000000000,0.7763736000,0.3435069000,0.5284383000,True,1.0000000000,4.0000000000,0.0320000000,0.0000000000,0.0000000000,0.7618926000,0.3530068000,0.5430524000,0.0000000000,0.0000000000,0.0000000000,0.7691825000,0.3482792000,0.5357797000,1.8046600000,
26.42692,28237,True,1.0000000000,4.0000000000,-0.0320000000,0.0000000000,0.0000000000,0.7763767000,0.3435063000,0.5284340000,True,1.0000000000,4.0000000000,0.0320000000,0.0000000000,0.0000000000,0.7618887000,0.3530107000,0.5430552000,0.0000000000,0.0000000000,0.0000000000,0.7691821000,0.3482809000,0.5357791000,1.8037920000,
26.43892,28249,True,1.0000000000,4.0000000000,-0.0320000000,0.0000000000,0.0000000000,0.7763830000,0.3435003000,0.5284287000,True,1.0000000000,4.0000000000,0.0320000000,0.0000000000,0.0000000000,0.7618809000,0.3530138000,0.5430642000,0.0000000000,0.0000000000,0.0000000000,0.7691815000,0.3482795000,0.5357810000,1.8020350000,
26.44961,28260,True,1.0000000000,4.0000000000,-0.0320000000,0.0000000000,0.0000000000,0.7763893000,0.3434939000,0.5284237000,True,1.0000000000,4.0000000000,0.0320000000,0.0000000000,0.0000000000,0.7618794000,0.3530126000,0.5430671000,0.0000000000,0.0000000000,0.0000000000,0.7691839000,0.3482757000,0.5357799000,1.8010490000,
26.46042,28271,True,1.0000000000,4.0000000000,-0.0320000000,0.0000000000,0.0000000000,0.7763904000,0.3434963000,0.5284206000,True,1.0000000000,4.0000000000,0.0320000000,0.0000000000,0.0000000000,0.7618785000,0.3530164000,0.5430660000,0.0000000000,0.0000000000,0.0000000000,0.7691840000,0.3482788000,0.5357778000,1.8008090000,
26.47182,28282,True,1.0000000000,4.0000000000,-0.0320000000,0.0000000000,0.0000000000,0.7763857000,0.3435048000,0.5284219000,True,1.0000000000,4.0000000000,0.0320000000,0.0000000000,0.0000000000,0.7618758000,0.3530236000,0.5430649000,0.0000000000,0.0000000000,0.0000000000,0.7691804000,0.3482867000,0.5357780000,1.8010890000,
26.48278,28293,True,1.0000000000,4.0000000000,-0.0320000000,0.0000000000,0.0000000000,0.7763820000,0.3435021000,0.5284292000,True,1.0000000000,4.0000000000,0.0320000000,0.0000000000,0.0000000000,0.7618828000,0.3530138000,0.5430616000,0.0000000000,0.0000000000,0.0000000000,0.7691818000,0.3482804000,0.5357798000,1.8023980000,
26.49428,28304,True,1.0000000000,4.0000000000,-0.0320000000,0.0000000000,0.0000000000,0.7763788000,0.3435037000,0.5284327000,True,1.0000000000,4.0000000000,0.0320000000,0.0000000000,0.0000000000,0.7618874000,0.3530104000,0.5430574000,0.0000000000,0.0000000000,0.0000000000,0.7691826000,0.3482795000,0.5357795000,1.8033560000,
26.5052,28315,True,1.0000000000,4.0000000000,-0.0320000000,0.0000000000,0.0000000000,0.7763743000,0.3435099000,0.5284353000,True,1.0000000000,4.0000000000,0.0320000000,0.0000000000,0.0000000000,0.7618907000,0.3530115000,0.5430519000,0.0000000000,0.0000000000,0.0000000000,0.7691819000,0.3482831000,0.5357780000,1.8043380000,
26.51652,28327,True,1.0000000000,4.0000000000,-0.0320000000,0.0000000000,0.0000000000,0.7763698000,0.3435106000,0.5284414000,True,1.0000000000,4.0000000000,0.0320000000,0.0000000000,0.0000000000,0.7618948000,0.3530066000,0.5430495000,0.0000000000,0.0000000000,0.0000000000,0.7691816000,0.3482810000,0.5357798000,1.8054070000,
26.52837,28338,True,1.0000000000,4.0000000000,-0.0320000000,0.0000000000,0.0000000000,0.7763690000,0.3435099000,0.5284432000,True,1.0000000000,4.0000000000,0.0320000000,0.0000000000,0.0000000000,0.7618971000,0.3530037000,0.5430481000,0.0000000000,0.0000000000,0.0000000000,0.7691824000,0.3482791000,0.5357800000,1.8057900000,
26.53843,28348,True,1.0000000000,4.0000000000,-0.0320000000,0.0000000000,0.0000000000,0.7763712000,0.3435115000,0.5284388000,True,1.0000000000,4.0000000000,0.0320000000,0.0000000000,0.0000000000,0.7618936000,0.3530092000,0.5430494000,0.0000000000,0.0000000000,0.0000000000,0.7691818000,0.3482827000,0.5357784000,1.8050870000,
26.54952,28360,True,1.0000000000,4.0000000000,-0.0320000000,0.0000000000,0.0000000000,0.7763808000,0.3435009000,0.5284318000,True,1.0000000000,4.0000000000,0.0320000000,0.0000000000,0.0000000000,0.7618892000,0.3530075000,0.5430567000,0.0000000000,0.0000000000,0.0000000000,0.7691844000,0.3482766000,0.5357787000,1.8033390000,
26.55993,28370,True,1.0000000000,4.0000000000,-0.0320000000,0.0000000000,0.0000000000,0.7763887000,0.3434984000,0.5284218000,True,1.0000000000,4.0000000000,0.0320000000,0.0000000000,0.0000000000,0.7618790000,0.3530172000,0.5430648000,0.0000000000,0.0000000000,0.0000000000,0.7691833000,0.3482802000,0.5357778000,1.8010780000,
26.57239,28383,True,1.0000000000,4.0000000000,-0.0320000000,0.0000000000,0.0000000000,0.7764052000,0.3434838000,0.5284070000,True,1.0000000000,4.0000000000,0.0320000000,0.0000000000,0.0000000000,0.7618678000,0.3530207000,0.5430781000,0.0000000000,0.0000000000,0.0000000000,0.7691863000,0.3482748000,0.5357772000,1.7976350000,
26.58218,28392,True,1.0000000000,4.0000000000,-0.0320000000,0.0000000000,0.0000000000,0.7764185000,0.3434771000,0.5283918000,True,1.0000000000,4.0000000000,0.0320000000,0.0000000000,0.0000000000,0.7618463000,0.3530368000,0.5430979000,0.0000000000,0.0000000000,0.0000000000,0.7691824000,0.3482796000,0.5357797000,1.7933650000,
26.59328,28403,True,1.0000000000,4.0000000000,-0.0320000000,0.0000000000,0.0000000000,0.7764340000,0.3434683000,0.5283747000,True,1.0000000000,4.0000000000,0.0320000000,0.0000000000,0.0000000000,0.7618251000,0.3530519000,0.5431176000,0.0000000000,0.0000000000,0.0000000000,0.7691798000,0.3482828000,0.5357811000,1.7888830000,
26.6051,28415,True,1.0000000000,4.0000000000,-0.0320000000,0.0000000000,0.0000000000,0.7764585000,0.3434492000,0.5283511000,True,1.0000000000,4.0000000000,0.0320000000,0.0000000000,0.0000000000,0.7617996000,0.3530656000,0.5431446000,0.0000000000,0.0000000000,0.0000000000,0.7691796000,0.3482803000,0.5357831000,1.7827740000,
26.6153,28425,True,1.0000000000,4.0000000000,-0.0320000000,0.0000000000,0.0000000000,0.7764908000,0.3434311000,0.5283154000,True,1.0000000000,4.0000000000,0.0320000000,0.0000000000,0.0000000000,0.7617674000,0.3530900000,0.5431740000,0.0000000000,0.0000000000,0.0000000000,0.7691801000,0.3482836000,0.5357802000,1.7749530000,
26.62664,28437,True,1.0000000000,4.0000000000,-0.0320000000,0.0000000000,0.0000000000,0.7765262000,0.3434069000,0.5282789000,True,1.0000000000,4.0000000000,0.0320000000,0.0000000000,0.0000000000,0.7617266000,0.3531156000,0.5432144000,0.0000000000,0.0000000000,0.0000000000,0.7691780000,0.3482846000,0.5357826000,1.7658330000,
26.63777,28448,True,1.0000000000,4.0000000000,-0.0320000000,0.0000000000,0.0000000000,0.7765650000,0.3433841000,0.5282367000,True,1.0000000000,4.0000000000,0.0320000000,0.0000000000,0.0000000000,0.7616785000,0.3531499000,0.5432597000,0.0000000000,0.0000000000,0.0000000000,0.7691739000,0.3482907000,0.5357846000,1.7555460000,
26.64976,28460,True,1.0000000000,4.0000000000,-0.0320000000,0.0000000000,0.0000000000,0.7766176000,0.3433425000,0.5281865000,True,1.0000000000,4.0000000000,0.0320000000,0.0000000000,0.0000000000,0.7616289000,0.3531751000,0.5433128000,0.0000000000,0.0000000000,0.0000000000,0.7691762000,0.3482828000,0.5357865000,1.7435570000,
26.66088,28471,True,1.0000000000,4.0000000000,-0.0320000000,0.0000000000,0.0000000000,0.7766732000,0.3433045000,0.5281296000,True,1.0000000000,4.0000000000,0.0320000000,0.0000000000,0.0000000000,0.7615675000,0.3532138000,0.5433736000,0.0000000000,0.0000000000,0.0000000000,0.7691741000,0.3482835000,0.5357890000,1.7300820000,
26.67162,28482,True,1.0000000000,4.0000000000,-0.0320000000,0.0000000000,0.0000000000,0.7767316000,0.3432701000,0.5280659000,True,1.0000000000,4.0000000000,0.0320000000,0.0000000000,0.0000000000,0.7615011000,0.3532613000,0.5434359000,0.0000000000,0.0000000000,0.0000000000,0.7691709000,0.3482904000,0.5357890000,1.7159040000,
26.68304,28494,True,1.0000000000,4.0000000000,-0.0320000000,0.0000000000,0.0000000000,0.7768005000,0.3432225000,0.5279957000,True,1.0000000000,4.0000000000,0.0320000000,0.0000000000,0.0000000000,0.7614266000,0.3533076000,0.5435101000,0.0000000000,0.0000000000,0.0000000000,0.7691692000,0.3482902000,0.5357916000,1.6999280000,
26.69339,28504,True,1.0000000000,4.0000000000,-0.0320000000,0.0000000000,0.0000000000,0.7768757000,0.3431733000,0.5279168000,True,1.0000000000,4.0000000000,0.0320000000,0.0000000000,0.0000000000,0.7613447000,0.3533616000,0.5435898000,0.0000000000,0.0000000000,0.0000000000,0.7691670000,0.3482932000,0.5357929000,1.6827300000,
26.70507,28515,True,1.0000000000,4.0000000000,-0.0320000000,0.0000000000,0.0000000000,0.7769605000,0.3431111000,0.5278326000,True,1.0000000000,4.0000000000,0.0320000000,0.0000000000,0.0000000000,0.7612537000,0.3534143000,0.5436828000,0.0000000000,0.0000000000,0.0000000000,0.7691652000,0.3482890000,0.5357982000,1.6639170000,
26.71616,28526,True,1.0000000000,4.0000000000,-0.0320000000,0.0000000000,0.0000000000,0.7770519000,0.3430552000,0.5277344000,True,1.0000000000,4.0000000000,0.0320000000,0.0000000000,0.0000000000,0.7611524000,0.3534849000,0.5437790000,0.0000000000,0.0000000000,0.0000000000,0.7691616000,0.3482970000,0.5357981000,1.6437570000,
26.72704,28537,True,1.0000000000,4.0000000000,-0.0320000000,0.0000000000,0.0000000000,0.7771444000,0.3429897000,0.5276406000,True,1.0000000000,4.0000000000,0.0320000000,0.0000000000,0.0000000000,0.7610499000,0.3535472000,0.5438818000,0.0000000000,0.0000000000,0.0000000000,0.7691582000,0.3482961000,0.5358037000,1.6238610000,
26.73845,28548,True,1.0000000000,4.0000000000,-0.0320000000,0.0000000000,0.0000000000,0.7772510000,0.3429220000,0.5275277000,True,1.0000000000,4.0000000000,0.0320000000,0.0000000000,0.0000000000,0.7609333000,0.3536258000,0.5439937000,0.0000000000,0.0000000000,0.0000000000,0.7691548000,0.3483023000,0.5358044000,1.6016810000,
26.74944,28560,True,1.0000000000,4.0000000000,-0.0320000000,0.0000000000,0.0000000000,0.7773708000,0.3428351000,0.5274075000,True,1.0000000000,4.0000000000,0.0320000000,0.0000000000,0.0000000000,0.7608059000,0.3537010000,0.5441232000,0.0000000000,0.0000000000,0.0000000000,0.7691529000,0.3482973000,0.5358104000,1.5777610000,
26.76029,28570,True,1.0000000000,4.0000000000,-0.0320000000,0.0000000000,0.0000000000,0.7774996000,0.3427511000,0.5272723000,True,1.0000000000,4.0000000000,0.0320000000,0.0000000000,0.0000000000,0.7606630000,0.3537950000,0.5442618000,0.0000000000,0.0000000000,0.0000000000,0.7691480000,0.3483033000,0.5358136000,1.5523410000,
26.7716,28582,True,1.0000000000,4.0000000000,-0.0320000000,0.0000000000,0.0000000000,0.7776396000,0.3426599000,0.5271252000,True,1.0000000000,4.0000000000,0.0320000000,0.0000000000,0.0000000000,0.7605022000,0.3539009000,0.5444177000,0.0000000000,0.0000000000,0.0000000000,0.7691400000,0.3483117000,0.5358196000,1.5251330000,
26.78235,28592,True,1.0000000000,4.0000000000,-0.0320000000,0.0000000000,0.0000000000,0.7777824000,0.3425617000,0.5269781000,True,1.0000000000,4.0000000000,0.0320000000,0.0000000000,0.0000000000,0.7603463000,0.3539985000,0.5445720000,0.0000000000,0.0000000000,0.0000000000,0.7691360000,0.3483125000,0.5358249000,1.4990040000,
26.79381,28604,True,1.0000000000,4.0000000000,-0.0320000000,0.0000000000,0.0000000000,0.7779329000,0.3424614000,0.5268213000,True,1.0000000000,4.0000000000,0.0320000000,0.0000000000,0.0000000000,0.7601873000,0.3541012000,0.5447272000,0.0000000000,0.0000000000,0.0000000000,0.7691342000,0.3483148000,0.5358258000,1.4728800000,
26.80499,28615,True,1.0000000000,4.0000000000,-0.0320000000,0.0000000000,0.0000000000,0.7780661000,0.3423702000,0.5266838000,True,1.0000000000,4.0000000000,0.0320000000,0.0000000000,0.0000000000,0.7600384000,0.3541949000,0.5448741000,0.0000000000,0.0000000000,0.0000000000,0.7691287000,0.3483172000,0.5358322000,1.4498540000,
26.81644,28626,True,1.0000000000,4.0000000000,-0.0320000000,0.0000000000,0.0000000000,0.7781833000,0.3422887000,0.5265635000,True,1.0000000000,4.0000000000,0.0320000000,0.0000000000,0.0000000000,0.7599058000,0.3542768000,0.5450055000,0.0000000000,0.0000000000,0.0000000000,0.7691233000,0.3483183000,0.5358393000,1.4300730000,
26.82738,28637,True,1.0000000000,4.0000000000,-0.0320000000,0.0000000000,0.0000000000,0.7782797000,0.3422243000,0.5264629000,True,1.0000000000,4.0000000000,0.0320000000,0.0000000000,0.0000000000,0.7597986000,0.3543459000,0.5451102000,0.0000000000,0.0000000000,0.0000000000,0.7691196000,0.3483215000,0.5358425000,1.4143280000,
26.83832,28648,True,1.0000000000,4.0000000000,-0.0320000000,0.0000000000,0.0000000000,0.7783999000,0.3421455000,0.5263363000,True,1.0000000000,4.0000000000,0.0320000000,0.0000000000,0.0000000000,0.7596689000,0.3544310000,0.5452355000,0.0000000000,0.0000000000,0.0000000000,0.7691171000,0.3483257000,0.5358435000,1.3954640000,
26.84928,28660,True,1.0000000000,4.0000000000,-0.0320000000,0.0000000000,0.0000000000,0.7784505000,0.3421067000,0.5262868000,True,1.0000000000,4.0000000000,0.0320000000,0.0000000000,0.0000000000,0.7596139000,0.3544613000,0.5452926000,0.0000000000,0.0000000000,0.0000000000,0.7691157000,0.3483218000,0.5358479000,1.3876450000,
26.85993,28670,True,1.0000000000,4.0000000000,-0.0320000000,0.0000000000,0.0000000000,0.7784751000,0.3420908000,0.5262609000,True,1.0000000000,4.0000000000,0.0320000000,0.0000000000,0.0000000000,0.7595849000,0.3544804000,0.5453206000,0.0000000000,0.0000000000,0.0000000000,0.7691140000,0.3483236000,0.5358492000,1.3837220000,
26.8715,28682,True,1.0000000000,4.0000000000,-0.0320000000,0.0000000000,0.0000000000,0.7784938000,0.3420793000,0.5262406000,True,1.0000000000,4.0000000000,0.0320000000,0.0000000000,0.0000000000,0.7595602000,0.3544972000,0.5453440000,0.0000000000,0.0000000000,0.0000000000,0.7691114000,0.3483264000,0.5358511000,1.3805630000,
26.88274,28693,True,1.0000000000,4.0000000000,-0.0320000000,0.0000000000,0.0000000000,0.7784830000,0.3420889000,0.5262502000,True,1.0000000000,4.0000000000,0.0320000000,0.0000000000,0.0000000000,0.7595738000,0.3544910000,0.5453289000,0.0000000000,0.0000000000,0.0000000000,0.7691126000,0.3483281000,0.5358482000,1.3823470000,
26.89406,28704,True,1.0000000000,4.0000000000,-0.0320000000,0.0000000000,0.0000000000,0.7784602000,0.3421037000,0.5262743000,True,1.0000000000,4.0000000000,0.0320000000,0.0000000000,0.0000000000,0.7595994000,0.3544742000,0.5453043000,0.0000000000,0.0000000000,0.0000000000,0.7691135000,0.3483269000,0.5358477000,1.3858770000,
26.90473,28715,True,1.0000000000,4.0000000000,-0.0320000000,0.0000000000,0.0000000000,0.7784346000,0.3421191000,0.5263023000,True,1.0000000000,4.0000000000,0.0320000000,0.0000000000,0.0000000000,0.7596295000,0.3544530000,0.5452762000,0.0000000000,0.0000000000,0.0000000000,0.7691153000,0.3483237000,0.5358472000,1.3899800000,
26.91647,28727,True,1.0000000000,4.0000000000,-0.0320000000,0.0000000000,0.0000000000,0.7783916000,0.3421506000,0.5263454000,True,1.0000000000,4.0000000000,0.0320000000,0.0000000000,0.0000000000,0.7596759000,0.3544260000,0.5452291000,0.0000000000,0.0000000000,0.0000000000,0.7691162000,0.3483256000,0.5358446000,1.3966120000,
26.92747,28738,True,1.0000000000,4.0000000000,-0.0320000000,0.0000000000,0.0000000000,0.7783027000,0.3422126000,0.5264367000,True,1.0000000000,4.0000000000,0.0320000000,0.0000000000,0.0000000000,0.7597676000,0.3543694000,0.5451381000,0.0000000000,0.0000000000,0.0000000000,0.7691160000,0.3483276000,0.5358437000,1.4102340000,
26.93837,28748,True,1.0000000000,4.0000000000,-0.0320000000,0.0000000000,0.0000000000,0.7782624000,0.3422347000,0.5264818000,True,1.0000000000,4.0000000000,0.0320000000,0.0000000000,0.0000000000,0.7598216000,0.3543298000,0.5450884000,0.0000000000,0.0000000000,0.0000000000,0.7691221000,0.3483185000,0.5358409000,1.4174170000,
26.94899,28759,True,1.0000000000,4.0000000000,-0.0320000000,0.0000000000,0.0000000000,0.7782135000,0.3422702000,0.5265309000,True,1.0000000000,4.0000000000,0.0320000000,0.0000000000,0.0000000000,0.7598706000,0.3543012000,0.5450388000,0.0000000000,0.0000000000,0.0000000000,0.7691213000,0.3483216000,0.5358400000,1.4249780000,
26.95985,28770,True,1.0000000000,4.0000000000,-0.0320000000,0.0000000000,0.0000000000,0.7781765000,0.3422955000,0.5265691000,True,1.0000000000,4.0000000000,0.0320000000,0.0000000000,0.0000000000,0.7599126000,0.3542747000,0.5449975000,0.0000000000,0.0000000000,0.0000000000,0.7691231000,0.3483207000,0.5358379000,1.4311360000,
26.97146,28782,True,1.0000000000,4.0000000000,-0.0320000000,0.0000000000,0.0000000000,0.7781463000,0.3423148000,0.5266014000,True,1.0000000000,4.0000000000,0.0320000000,0.0000000000,0.0000000000,0.7599505000,0.3542494000,0.5449611000,0.0000000000,0.0000000000,0.0000000000,0.7691264000,0.3483174000,0.5358356000,1.4364830000,
26.9827,28793,True,1.0000000000,4.0000000000,-0.0320000000,0.0000000000,0.0000000000,0.7781264000,0.3423311000,0.5266202000,True,1.0000000000,4.0000000000,0.0320000000,0.0000000000,0.0000000000,0.7599682000,0.3542411000,0.5449419000,0.0000000000,0.0000000000,0.0000000000,0.7691249000,0.3483212000,0.5358351000,1.4394600000,
26.99389,28804,True,1.0000000000,4.0000000000,-0.0320000000,0.0000000000,0.0000000000,0.7781129000,0.3423385000,0.5266352000,True,1.0000000000,4.0000000000,0.0320000000,0.0000000000,0.0000000000,0.7599865000,0.3542278000,0.5449250000,0.0000000000,0.0000000000,0.0000000000,0.7691271000,0.3483181000,0.5358340000,1.4419690000,
27.00476,28815,True,1.0000000000,4.0000000000,-0.0320000000,0.0000000000,0.0000000000,0.7781042000,0.3423441000,0.5266445000,True,1.0000000000,4.0000000000,0.0320000000,0.0000000000,0.0000000000,0.7599918000,0.3542241000,0.5449200000,0.0000000000,0.0000000000,0.0000000000,0.7691252000,0.3483191000,0.5358360000,1.4430910000,
27.0154,28825,True,1.0000000000,4.0000000000,-0.0320000000,0.0000000000,0.0000000000,0.7780970000,0.3423480000,0.5266525000,True,1.0000000000,4.0000000000,0.0320000000,0.0000000000,0.0000000000,0.7600015000,0.3542170000,0.5449110000,0.0000000000,0.0000000000,0.0000000000,0.7691264000,0.3483174000,0.5358354000,1.4444370000,
27.02632,28837,True,1.0000000000,4.0000000000,-0.0320000000,0.0000000000,0.0000000000,0.7780867000,0.3423552000,0.5266632000,True,1.0000000000,4.0000000000,0.0320000000,0.0000000000,0.0000000000,0.7600136000,0.3542093000,0.5448992000,0.0000000000,0.0000000000,0.0000000000,0.7691270000,0.3483171000,0.5358347000,1.4462330000,
27.03784,28848,True,1.0000000000,4.0000000000,-0.0320000000,0.0000000000,0.0000000000,0.7780780000,0.3423591000,0.5266735000,True,1.0000000000,4.0000000000,0.0320000000,0.0000000000,0.0000000000,0.7600282000,0.3541981000,0.5448861000,0.0000000000,0.0000000000,0.0000000000,0.7691298000,0.3483134000,0.5358332000,1.4480780000,
27.04931,28860,True,1.0000000000,4.0000000000,-0.0320000000,0.0000000000,0.0000000000,0.7780586000,0.3423724000,0.5266933000,True,1.0000000000,4.0000000000,0.0320000000,0.0000000000,0.0000000000,0.7600474000,0.3541860000,0.5448670000,0.0000000000,0.0000000000,0.0000000000,0.7691295000,0.3483138000,0.5358334000,1.4511920000,
27.05925,28869,True,1.0000000000,4.0000000000,-0.0320000000,0.0000000000,0.0000000000,0.7780420000,0.3423851000,0.5267097000,True,1.0000000000,4.0000000000,0.0320000000,0.0000000000,0.0000000000,0.7600610000,0.3541788000,0.5448529000,0.0000000000,0.0000000000,0.0000000000,0.7691276000,0.3483164000,0.5358343000,1.4536310000,
27.07076,28881,True,1.0000000000,4.0000000000,-0.0320000000,0.0000000000,0.0000000000,0.7780328000,0.3423920000,0.5267187000,True,1.0000000000,4.0000000000,0.0320000000,0.0000000000,0.0000000000,0.7600746000,0.3541710000,0.5448390000,0.0000000000,0.0000000000,0.0000000000,0.7691296000,0.3483159000,0.5358317000,1.4554680000,
27.08126,28892,True,1.0000000000,4.0000000000,-0.0320000000,0.0000000000,0.0000000000,0.7780205000,0.3424009000,0.5267312000,True,1.0000000000,4.0000000000,0.0320000000,0.0000000000,0.0000000000,0.7600866000,0.3541639000,0.5448269000,0.0000000000,0.0000000000,0.0000000000,0.7691292000,0.3483167000,0.5358318000,1.4574380000,
27.09288,28903,True,1.0000000000,4.0000000000,-0.0320000000,0.0000000000,0.0000000000,0.7780110000,0.3424075000,0.5267411000,True,1.0000000000,4.0000000000,0.0320000000,0.0000000000,0.0000000000,0.7600965000,0.3541577000,0.5448171000,0.0000000000,0.0000000000,0.0000000000,0.7691293000,0.3483168000,0.5358317000,1.4590210000,
27.10465,28915,True,1.0000000000,4.0000000000,-0.0320000000,0.0000000000,0.0000000000,0.7780061000,0.3424072000,0.5267484000,True,1.0000000000,4.0000000000,0.0320000000,0.0000000000,0.0000000000,0.7601046000,0.3541489000,0.5448115000,0.0000000000,0.0000000000,0.0000000000,0.7691308000,0.3483122000,0.5358325000,1.4600720000,
27.11515,28927,True,1.0000000000,4.0000000000,-0.0320000000,0.0000000000,0.0000000000,0.7780030000,0.3424110000,0.5267504000,True,1.0000000000,4.0000000000,0.0320000000,0.0000000000,0.0000000000,0.7601081000,0.3541485000,0.5448067000,0.0000000000,0.0000000000,0.0000000000,0.7691310000,0.3483139000,0.5358311000,1.4606150000,
27.12638,28937,True,1.0000000000,4.0000000000,-0.0320000000,0.0000000000,0.0000000000,0.7779949000,0.3424162000,0.5267591000,True,1.0000000000,4.0000000000,0.0320000000,0.0000000000,0.0000000000,0.7601179000,0.3541420000,0.5447974000,0.0000000000,0.0000000000,0.0000000000,0.7691316000,0.3483131000,0.5358307000,1.4620650000,
27.13749,28947,True,1.0000000000,4.0000000000,-0.0320000000,0.0000000000,0.0000000000,0.7779869000,0.3424239000,0.5267659000,True,1.0000000000,4.0000000000,0.0320000000,0.0000000000,0.0000000000,0.7601279000,0.3541379000,0.5447862000,0.0000000000,0.0000000000,0.0000000000,0.7691325000,0.3483149000,0.5358284000,1.4635340000,
27.14863,28959,True,1.0000000000,4.0000000000,-0.0320000000,0.0000000000,0.0000000000,0.7779732000,0.3424348000,0.5267791000,True,1.0000000000,4.0000000000,0.0320000000,0.0000000000,0.0000000000,0.7601378000,0.3541333000,0.5447754000,0.0000000000,0.0000000000,0.0000000000,0.7691303000,0.3483180000,0.5358294000,1.4654890000,
27.15975,28970,True,1.0000000000,4.0000000000,-0.0320000000,0.0000000000,0.0000000000,0.7779641000,0.3424389000,0.5267899000,True,1.0000000000,4.0000000000,0.0320000000,0.0000000000,0.0000000000,0.7601482000,0.3541245000,0.5447667000,0.0000000000,0.0000000000,0.0000000000,0.7691308000,0.3483155000,0.5358303000,1.4670900000,
27.17095,28981,True,1.0000000000,4.0000000000,-0.0320000000,0.0000000000,0.0000000000,0.7779554000,0.3424402000,0.5268018000,True,1.0000000000,4.0000000000,0.0320000000,0.0000000000,0.0000000000,0.7601601000,0.3541123000,0.5447578000,0.0000000000,0.0000000000,0.0000000000,0.7691323000,0.3483100000,0.5358317000,1.4687870000,
27.18156,28992,True,1.0000000000,4.0000000000,-0.0320000000,0.0000000000,0.0000000000,0.7779496000,0.3424495000,0.5268044000,True,1.0000000000,4.0000000000,0.0320000000,0.0000000000,0.0000000000,0.7601646000,0.3541149000,0.5447499000,0.0000000000,0.0000000000,0.0000000000,0.7691315000,0.3483159000,0.5358291000,1.4696350000,
27.19311,29003,True,1.0000000000,4.0000000000,-0.0320000000,0.0000000000,0.0000000000,0.7779459000,0.3424505000,0.5268090000,True,1.0000000000,4.0000000000,0.0320000000,0.0000000000,0.0000000000,0.7601705000,0.3541098000,0.5447450000,0.0000000000,0.0000000000,0.0000000000,0.7691326000,0.3483138000,0.5358289000,1.4704170000,
27.20721,29017,True,1.0000000000,4.0000000000,-0.0320000000,0.0000000000,0.0000000000,0.7779478000,0.3424506000,0.5268062000,True,1.0000000000,4.0000000000,0.0320000000,0.0000000000,0.0000000000,0.7601606000,0.3541175000,0.5447538000,0.0000000000,0.0000000000,0.0000000000,0.7691287000,0.3483178000,0.5358319000,1.4694630000,
27.22444,29035,True,1.0000000000,4.0000000000,-0.0320000000,0.0000000000,0.0000000000,0.7779683000,0.3424354000,0.5267860000,True,1.0000000000,4.0000000000,0.0320000000,0.0000000000,0.0000000000,0.7601435000,0.3541269000,0.5447716000,0.0000000000,0.0000000000,0.0000000000,0.7691306000,0.3483150000,0.5358309000,1.4663550000,
27.2358,29046,True,1.0000000000,4.0000000000,-0.0320000000,0.0000000000,0.0000000000,0.7779976000,0.3424133000,0.5267569000,True,1.0000000000,4.0000000000,0.0320000000,0.0000000000,0.0000000000,0.7601141000,0.3541434000,0.5448019000,0.0000000000,0.0000000000,0.0000000000,0.7691312000,0.3483124000,0.5358318000,1.4615390000,
27.24657,29057,True,1.0000000000,4.0000000000,-0.0320000000,0.0000000000,0.0000000000,0.7780291000,0.3423924000,0.5267240000,True,1.0000000000,4.0000000000,0.0320000000,0.0000000000,0.0000000000,0.7600797000,0.3541656000,0.5448354000,0.0000000000,0.0000000000,0.0000000000,0.7691303000,0.3483134000,0.5358325000,1.4561760000,
27.2579,29068,True,1.0000000000,4.0000000000,-0.0320000000,0.0000000000,0.0000000000,0.7780814000,0.3423592000,0.5266684000,True,1.0000000000,4.0000000000,0.0320000000,0.0000000000,0.0000000000,0.7600195000,0.3542061000,0.5448930000,0.0000000000,0.0000000000,0.0000000000,0.7691272000,0.3483174000,0.5358341000,1.4471230000,
27.26904,29079,True,1.0000000000,4.0000000000,-0.0320000000,0.0000000000,0.0000000000,0.7781447000,0.3423150000,0.5266036000,True,1.0000000000,4.0000000000,0.0320000000,0.0000000000,0.0000000000,0.7599497000,0.3542491000,0.5449625000,0.0000000000,0.0000000000,0.0000000000,0.7691251000,0.3483173000,0.5358373000,1.4365460000,
27.28001,29090,True,1.0000000000,4.0000000000,-0.0320000000,0.0000000000,0.0000000000,0.7782146000,0.3422694000,0.5265299000,True,1.0000000000,4.0000000000,0.0320000000,0.0000000000,0.0000000000,0.7598737000,0.3542990000,0.5450358000,0.0000000000,0.0000000000,0.0000000000,0.7691234000,0.3483201000,0.5358380000,1.4251330000,
27.29177,29102,True,1.0000000000,4.0000000000,-0.0320000000,0.0000000000,0.0000000000,0.7783344000,0.3421913000,0.5264034000,True,1.0000000000,4.0000000000,0.0320000000,0.0000000000,0.0000000000,0.7597355000,0.3543902000,0.5451694000,0.0000000000,0.0000000000,0.0000000000,0.7691164000,0.3483276000,0.5358431000,1.4053780000,
27.30285,29113,True,1.0000000000,4.0000000000,-0.0320000000,0.0000000000,0.0000000000,0.7784281000,0.3421268000,0.5263070000,True,1.0000000000,4.0000000000,0.0320000000,0.0000000000,0.0000000000,0.7596340000,0.3544535000,0.5452696000,0.0000000000,0.0000000000,0.0000000000,0.7691141000,0.3483278000,0.5358462000,1.3908050000,
27.3135,29123,True,1.0000000000,4.0000000000,-0.0320000000,0.0000000000,0.0000000000,0.7785316000,0.3420527000,0.5262021000,True,1.0000000000,4.0000000000,0.0320000000,0.0000000000,0.0000000000,0.7595229000,0.3545199000,0.5453813000,0.0000000000,0.0000000000,0.0000000000,0.7691122000,0.3483248000,0.5358509000,1.3751080000,
27.32483,29135,True,1.0000000000,4.0000000000,-0.0320000000,0.0000000000,0.0000000000,0.7786423000,0.3419770000,0.5260873000,True,1.0000000000,4.0000000000,0.0320000000,0.0000000000,0.0000000000,0.7593983000,0.3545984000,0.5455036000,0.0000000000,0.0000000000,0.0000000000,0.7691075000,0.3483272000,0.5358562000,1.3583150000,
27.33575,29146,True,1.0000000000,4.0000000000,-0.0320000000,0.0000000000,0.0000000000,0.7787707000,0.3418957000,0.5259503000,True,1.0000000000,4.0000000000,0.0320000000,0.0000000000,0.0000000000,0.7592499000,0.3546984000,0.5456452000,0.0000000000,0.0000000000,0.0000000000,0.7691000000,0.3483377000,0.5358602000,1.3390860000,
27.34654,29157,True,1.0000000000,4.0000000000,-0.0320000000,0.0000000000,0.0000000000,0.7789069000,0.3418027000,0.5258088000,True,1.0000000000,4.0000000000,0.0320000000,0.0000000000,0.0000000000,0.7591003000,0.3547928000,0.5457917000,0.0000000000,0.0000000000,0.0000000000,0.7690960000,0.3483396000,0.5358646000,1.3197790000,
27.35748,29167,True,1.0000000000,4.0000000000,-0.0320000000,0.0000000000,0.0000000000,0.7790615000,0.3416955000,0.5256495000,True,1.0000000000,4.0000000000,0.0320000000,0.0000000000,0.0000000000,0.7589291000,0.3548990000,0.5459610000,0.0000000000,0.0000000000,0.0000000000,0.7690907000,0.3483404000,0.5358717000,1.2984360000,
27.36918,29180,True,1.0000000000,4.0000000000,-0.0320000000,0.0000000000,0.0000000000,0.7792116000,0.3415965000,0.5254914000,True,1.0000000000,4.0000000000,0.0320000000,0.0000000000,0.0000000000,0.7587568000,0.3550111000,0.5461276000,0.0000000000,0.0000000000,0.0000000000,0.7690826000,0.3483484000,0.5358781000,1.2780100000,
27.37961,29189,True,1.0000000000,4.0000000000,-0.0320000000,0.0000000000,0.0000000000,0.7793683000,0.3414886000,0.5253291000,True,1.0000000000,4.0000000000,0.0320000000,0.0000000000,0.0000000000,0.7585831000,0.3551196000,0.5462983000,0.0000000000,0.0000000000,0.0000000000,0.7690774000,0.3483502000,0.5358846000,1.2577120000,
27.39084,29201,True,1.0000000000,4.0000000000,-0.0320000000,0.0000000000,0.0000000000,0.7795210000,0.3413830000,0.5251710000,True,1.0000000000,4.0000000000,0.0320000000,0.0000000000,0.0000000000,0.7584143000,0.3552245000,0.5464644000,0.0000000000,0.0000000000,0.0000000000,0.7690725000,0.3483512000,0.5358908000,1.2385680000,
27.42212,29232,True,1.0000000000,4.0000000000,-0.0320000000,0.0000000000,0.0000000000,0.7796694000,0.3412852000,0.5250143000,True,1.0000000000,4.0000000000,0.0320000000,0.0000000000,0.0000000000,0.7582427000,0.3553363000,0.5466298000,0.0000000000,0.0000000000,0.0000000000,0.7690641000,0.3483597000,0.5358973000,1.2201110000,
27.43614,29246,True,1.0000000000,4.0000000000,-0.0320000000,0.0000000000,0.0000000000,0.7802195000,0.3409081000,0.5244417000,True,1.0000000000,4.0000000000,0.0320000000,0.0000000000,0.0000000000,0.7576227000,0.3557254000,0.5472360000,0.0000000000,0.0000000000,0.0000000000,0.7690412000,0.3483712000,0.5359226000,1.1570110000,
27.44534,29255,True,1.0000000000,4.0000000000,-0.0320000000,0.0000000000,0.0000000000,0.7801975000,0.3409242000,0.5244640000,True,1.0000000000,4.0000000000,0.0320000000,0.0000000000,0.0000000000,0.7576439000,0.3557130000,0.5472146000,0.0000000000,0.0000000000,0.0000000000,0.7690405000,0.3483729000,0.5359228000,1.1592360000,
27.45676,29267,True,1.0000000000,4.0000000000,-0.0320000000,0.0000000000,0.0000000000,0.7803059000,0.3408508000,0.5243506000,True,1.0000000000,4.0000000000,0.0320000000,0.0000000000,0.0000000000,0.7575274000,0.3557870000,0.5473279000,0.0000000000,0.0000000000,0.0000000000,0.7690387000,0.3483742000,0.5359243000,1.1477930000,
27.46815,29279,True,1.0000000000,4.0000000000,-0.0320000000,0.0000000000,0.0000000000,0.7803922000,0.3407930000,0.5242597000,True,1.0000000000,4.0000000000,0.0320000000,0.0000000000,0.0000000000,0.7574273000,0.3558511000,0.5474247000,0.0000000000,0.0000000000,0.0000000000,0.7690338000,0.3483782000,0.5359287000,1.1384980000,
27.47852,29289,True,1.0000000000,4.0000000000,-0.0320000000,0.0000000000,0.0000000000,0.7804721000,0.3407424000,0.5241736000,True,1.0000000000,4.0000000000,0.0320000000,0.0000000000,0.0000000000,0.7573355000,0.3559133000,0.5475115000,0.0000000000,0.0000000000,0.0000000000,0.7690297000,0.3483849000,0.5359303000,1.1300540000,
27.51512,29325,True,1.0000000000,4.0000000000,-0.0320000000,0.0000000000,0.0000000000,0.7804880000,0.3407308000,0.5241575000,True,1.0000000000,4.0000000000,0.0320000000,0.0000000000,0.0000000000,0.7573139000,0.3559261000,0.5475329000,0.0000000000,0.0000000000,0.0000000000,0.7690273000,0.3483856000,0.5359333000,1.1282410000,
27.534,29344,True,1.0000000000,4.0000000000,-0.0320000000,0.0000000000,0.0000000000,0.7807191000,0.3405697000,0.5239179000,True,1.0000000000,4.0000000000,0.0320000000,0.0000000000,0.0000000000,0.7570491000,0.3560894000,0.5477927000,0.0000000000,0.0000000000,0.0000000000,0.7690160000,0.3483893000,0.5359472000,1.1046450000,
27.55801,29368,True,1.0000000000,4.0000000000,-0.0320000000,0.0000000000,0.0000000000,0.7807365000,0.3405552000,0.5239015000,True,1.0000000000,4.0000000000,0.0320000000,0.0000000000,0.0000000000,0.7570302000,0.3560985000,0.5478131000,0.0000000000,0.0000000000,0.0000000000,0.7690156000,0.3483867000,0.5359494000,1.1029500000,
27.56704,29377,True,1.0000000000,4.0000000000,-0.0320000000,0.0000000000,0.0000000000,0.7808578000,0.3404773000,0.5237712000,True,1.0000000000,4.0000000000,0.0320000000,0.0000000000,0.0000000000,0.7568943000,0.3561894000,0.5479417000,0.0000000000,0.0000000000,0.0000000000,0.7690112000,0.3483946000,0.5359507000,1.0911260000,
27.57834,29388,True,1.0000000000,4.0000000000,-0.0320000000,0.0000000000,0.0000000000,0.7808549000,0.3404790000,0.5237745000,True,1.0000000000,4.0000000000,0.0320000000,0.0000000000,0.0000000000,0.7568969000,0.3561874000,0.5479394000,0.0000000000,0.0000000000,0.0000000000,0.7690109000,0.3483944000,0.5359511000,1.0913790000,
27.58962,29400,True,1.0000000000,4.0000000000,-0.0320000000,0.0000000000,0.0000000000,0.7808907000,0.3404534000,0.5237376000,True,1.0000000000,4.0000000000,0.0320000000,0.0000000000,0.0000000000,0.7568539000,0.3562133000,0.5479820000,0.0000000000,0.0000000000,0.0000000000,0.7690083000,0.3483949000,0.5359545000,1.0878100000,
27.63417,29445,True,1.0000000000,4.0000000000,-0.0320000000,0.0000000000,0.0000000000,0.7809268000,0.3404331000,0.5236970000,True,1.0000000000,4.0000000000,0.0320000000,0.0000000000,0.0000000000,0.7568111000,0.3562448000,0.5480207000,0.0000000000,0.0000000000,0.0000000000,0.7690058000,0.3484010000,0.5359543000,1.0842580000,
27.64655,29457,True,1.0000000000,4.0000000000,-0.0320000000,0.0000000000,0.0000000000,0.7811685000,0.3402667000,0.5234447000,True,1.0000000000,4.0000000000,0.0320000000,0.0000000000,0.0000000000,0.7565338000,0.3564180000,0.5482908000,0.0000000000,0.0000000000,0.0000000000,0.7689939000,0.3484071000,0.5359672000,1.0614560000,
27.65609,29466,True,1.0000000000,4.0000000000,-0.0320000000,0.0000000000,0.0000000000,0.7811261000,0.3402879000,0.5234941000,True,1.0000000000,4.0000000000,0.0320000000,0.0000000000,0.0000000000,0.7565891000,0.3563752000,0.5482425000,0.0000000000,0.0000000000,0.0000000000,0.7689992000,0.3483957000,0.5359670000,1.0656550000,
27.66643,29477,True,1.0000000000,4.0000000000,-0.0320000000,0.0000000000,0.0000000000,0.7811558000,0.3402740000,0.5234590000,True,1.0000000000,4.0000000000,0.0320000000,0.0000000000,0.0000000000,0.7565517000,0.3564053000,0.5482744000,0.0000000000,0.0000000000,0.0000000000,0.7689962000,0.3484041000,0.5359659000,1.0627690000,
27.67733,29487,True,1.0000000000,4.0000000000,-0.0320000000,0.0000000000,0.0000000000,0.7811892000,0.3402510000,0.5234241000,True,1.0000000000,4.0000000000,0.0320000000,0.0000000000,0.0000000000,0.7565144000,0.3564286000,0.5483108000,0.0000000000,0.0000000000,0.0000000000,0.7689950000,0.3484047000,0.5359673000,1.0597230000,
27.69166,29502,True,1.0000000000,4.0000000000,-0.0320000000,0.0000000000,0.0000000000,0.7812031000,0.3402406000,0.5234101000,True,1.0000000000,4.0000000000,0.0320000000,0.0000000000,0.0000000000,0.7564963000,0.3564391000,0.5483289000,0.0000000000,0.0000000000,0.0000000000,0.7689933000,0.3484049000,0.5359696000,1.0583630000,
27.71238,29523,True,1.0000000000,4.0000000000,-0.0320000000,0.0000000000,0.0000000000,0.7812403000,0.3402174000,0.5233695000,True,1.0000000000,4.0000000000,0.0320000000,0.0000000000,0.0000000000,0.7564516000,0.3564694000,0.5483707000,0.0000000000,0.0000000000,0.0000000000,0.7689906000,0.3484089000,0.5359708000,1.0548710000,
27.72192,29532,True,1.0000000000,4.0000000000,-0.0320000000,0.0000000000,0.0000000000,0.7812626000,0.3401984000,0.5233487000,True,1.0000000000,4.0000000000,0.0320000000,0.0000000000,0.0000000000,0.7564303000,0.3564789000,0.5483938000,0.0000000000,0.0000000000,0.0000000000,0.7689915000,0.3484044000,0.5359724000,1.0530190000,
27.7328,29543,True,1.0000000000,4.0000000000,-0.0320000000,0.0000000000,0.0000000000,0.7812734000,0.3401938000,0.5233354000,True,1.0000000000,4.0000000000,0.0320000000,0.0000000000,0.0000000000,0.7564201000,0.3564883000,0.5484020000,0.0000000000,0.0000000000,0.0000000000,0.7689921000,0.3484069000,0.5359700000,1.0521180000,
27.74389,29554,True,1.0000000000,4.0000000000,-0.0320000000,0.0000000000,0.0000000000,0.7812786000,0.3401915000,0.5233294000,True,1.0000000000,4.0000000000,0.0320000000,0.0000000000,0.0000000000,0.7564082000,0.3564970000,0.5484126000,0.0000000000,0.0000000000,0.0000000000,0.7689889000,0.3484102000,0.5359724000,1.0514200000,
27.75525,29565,True,1.0000000000,4.0000000000,-0.0320000000,0.0000000000,0.0000000000,0.7812814000,0.3401895000,0.5233265000,True,1.0000000000,4.0000000000,0.0320000000,0.0000000000,0.0000000000,0.7564063000,0.3564981000,0.5484147000,0.0000000000,0.0000000000,0.0000000000,0.7689894000,0.3484097000,0.5359721000,1.0512110000,
27.77126,29583,True,1.0000000000,4.0000000000,-0.0320000000,0.0000000000,0.0000000000,0.7812678000,0.3401966000,0.5233421000,True,1.0000000000,4.0000000000,0.0320000000,0.0000000000,0.0000000000,0.7564203000,0.3564872000,0.5484024000,0.0000000000,0.0000000000,0.0000000000,0.7689893000,0.3484076000,0.5359735000,1.0523800000,
27.78996,29602,True,1.0000000000,4.0000000000,-0.0320000000,0.0000000000,0.0000000000,0.7812440000,0.3402150000,0.5233656000,True,1.0000000000,4.0000000000,0.0320000000,0.0000000000,0.0000000000,0.7564471000,0.3564724000,0.5483751000,0.0000000000,0.0000000000,0.0000000000,0.7689902000,0.3484093000,0.5359712000,1.0545250000,
27.79969,29610,True,1.0000000000,4.0000000000,-0.0320000000,0.0000000000,0.0000000000,0.7812262000,0.3402265000,0.5233847000,True,1.0000000000,4.0000000000,0.0320000000,0.0000000000,0.0000000000,0.7564722000,0.3564560000,0.5483510000,0.0000000000,0.0000000000,0.0000000000,0.7689934000,0.3484065000,0.5359684000,1.0563430000,
27.81073,29621,True,1.0000000000,4.0000000000,-0.0320000000,0.0000000000,0.0000000000,0.7812117000,0.3402341000,0.5234014000,True,1.0000000000,4.0000000000,0.0320000000,0.0000000000,0.0000000000,0.7564864000,0.3564446000,0.5483389000,0.0000000000,0.0000000000,0.0000000000,0.7689929000,0.3484045000,0.5359704000,1.0575700000,
27.82197,29632,True,1.0000000000,4.0000000000,-0.0320000000,0.0000000000,0.0000000000,0.7811992000,0.3402403000,0.5234161000,True,1.0000000000,4.0000000000,0.0320000000,0.0000000000,0.0000000000,0.7565026000,0.3564319000,0.5483248000,0.0000000000,0.0000000000,0.0000000000,0.7689944000,0.3484011000,0.5359704000,1.0587950000,
27.83289,29643,True,1.0000000000,4.0000000000,-0.0320000000,0.0000000000,0.0000000000,0.7811876000,0.3402544000,0.5234242000,True,1.0000000000,4.0000000000,0.0320000000,0.0000000000,0.0000000000,0.7565129000,0.3564320000,0.5483105000,0.0000000000,0.0000000000,0.0000000000,0.7689935000,0.3484081000,0.5359672000,1.0597370000,
27.84426,29654,True,1.0000000000,4.0000000000,-0.0320000000,0.0000000000,0.0000000000,0.7811758000,0.3402620000,0.5234368000,True,1.0000000000,4.0000000000,0.0320000000,0.0000000000,0.0000000000,0.7565269000,0.3564227000,0.5482973000,0.0000000000,0.0000000000,0.0000000000,0.7689943000,0.3484071000,0.5359667000,1.0608410000,
27.85522,29665,True,1.0000000000,4.0000000000,-0.0320000000,0.0000000000,0.0000000000,0.7811646000,0.3402678000,0.5234496000,True,1.0000000000,4.0000000000,0.0320000000,0.0000000000,0.0000000000,0.7565399000,0.3564127000,0.5482859000,0.0000000000,0.0000000000,0.0000000000,0.7689949000,0.3484049000,0.5359672000,1.0618790000,
27.86651,29677,True,1.0000000000,4.0000000000,-0.0320000000,0.0000000000,0.0000000000,0.7811434000,0.3402825000,0.5234718000,True,1.0000000000,4.0000000000,0.0320000000,0.0000000000,0.0000000000,0.7565665000,0.3563959000,0.5482601000,0.0000000000,0.0000000000,0.0000000000,0.7689971000,0.3484036000,0.5359650000,1.0639390000,
27.87733,29687,True,1.0000000000,4.0000000000,-0.0320000000,0.0000000000,0.0000000000,0.7811175000,0.3402983000,0.5235003000,True,1.0000000000,4.0000000000,0.0320000000,0.0000000000,0.0000000000,0.7565972000,0.3563746000,0.5482315000,0.0000000000,0.0000000000,0.0000000000,0.7689988000,0.3484005000,0.5359645000,1.0663920000,
27.90249,29713,True,1.0000000000,4.0000000000,-0.0320000000,0.0000000000,0.0000000000,0.7810551000,0.3403386000,0.5235671000,True,1.0000000000,4.0000000000,0.0320000000,0.0000000000,0.0000000000,0.7566693000,0.3563269000,0.5481628000,0.0000000000,0.0000000000,0.0000000000,0.7690021000,0.3483962000,0.5359625000,1.0722630000,
27.91574,29726,True,1.0000000000,4.0000000000,-0.0320000000,0.0000000000,0.0000000000,0.7809584000,0.3404129000,0.5236632000,True,1.0000000000,4.0000000000,0.0320000000,0.0000000000,0.0000000000,0.7567768000,0.3562678000,0.5480530000,0.0000000000,0.0000000000,0.0000000000,0.7690051000,0.3484027000,0.5359540000,1.0813100000,
27.93554,29752,True,1.0000000000,4.0000000000,-0.0320000000,0.0000000000,0.0000000000,0.7807965000,0.3405194000,0.5238354000,True,1.0000000000,4.0000000000,0.0320000000,0.0000000000,0.0000000000,0.7569643000,0.3561455000,0.5478736000,0.0000000000,0.0000000000,0.0000000000,0.7690140000,0.3483930000,0.5359476000,1.0971330000,
27.94993,29760,True,1.0000000000,4.0000000000,-0.0320000000,0.0000000000,0.0000000000,0.7807034000,0.3405797000,0.5239347000,True,1.0000000000,4.0000000000,0.0320000000,0.0000000000,0.0000000000,0.7570693000,0.3560761000,0.5477736000,0.0000000000,0.0000000000,0.0000000000,0.7690178000,0.3483874000,0.5359458000,1.1063130000,
27.97055,29781,True,1.0000000000,4.0000000000,-0.0320000000,0.0000000000,0.0000000000,0.7804325000,0.3407658000,0.5242174000,True,1.0000000000,4.0000000000,0.0320000000,0.0000000000,0.0000000000,0.7573813000,0.3558806000,0.5474691000,0.0000000000,0.0000000000,0.0000000000,0.7690319000,0.3483799000,0.5359305000,1.1342450000,
27.98867,29799,True,1.0000000000,4.0000000000,-0.0320000000,0.0000000000,0.0000000000,0.7800285000,0.3410437000,0.5246379000,True,1.0000000000,4.0000000000,0.0320000000,0.0000000000,0.0000000000,0.7578354000,0.3555967000,0.5470250000,0.0000000000,0.0000000000,0.0000000000,0.7690479000,0.3483727000,0.5359122000,1.1780440000,
27.9993,29809,True,1.0000000000,4.0000000000,-0.0320000000,0.0000000000,0.0000000000,0.7797274000,0.3412429000,0.5249557000,True,1.0000000000,4.0000000000,0.0320000000,0.0000000000,0.0000000000,0.7581819000,0.3553717000,0.5466912000,0.0000000000,0.0000000000,0.0000000000,0.7690639000,0.3483568000,0.5358996000,1.2133800000,
28.01037,29820,True,1.0000000000,4.0000000000,-0.0320000000,0.0000000000,0.0000000000,0.7793671000,0.3414883000,0.5253310000,True,1.0000000000,4.0000000000,0.0320000000,0.0000000000,0.0000000000,0.7585822000,0.3551190000,0.5462998000,0.0000000000,0.0000000000,0.0000000000,0.7690763000,0.3483497000,0.5358862000,1.2577380000,
28.03293,29847,True,1.0000000000,4.0000000000,-0.0320000000,0.0000000000,0.0000000000,0.7786492000,0.3419718000,0.5260805000,True,1.0000000000,4.0000000000,0.0320000000,0.0000000000,0.0000000000,0.7593921000,0.3546018000,0.5455100000,0.0000000000,0.0000000000,0.0000000000,0.7691079000,0.3483264000,0.5358561000,1.3573880000,
28.05033,29861,True,1.0000000000,4.0000000000,-0.0320000000,0.0000000000,0.0000000000,0.7780248000,0.3423969000,0.5267275000,True,1.0000000000,4.0000000000,0.0320000000,0.0000000000,0.0000000000,0.7600844000,0.3541643000,0.5448297000,0.0000000000,0.0000000000,0.0000000000,0.7691303000,0.3483149000,0.5358314000,1.4569100000,
28.06594,29876,True,1.0000000000,4.0000000000,-0.0320000000,0.0000000000,0.0000000000,0.7757033000,0.3439551000,0.5291307000,True,1.0000000000,4.0000000000,0.0320000000,0.0000000000,0.0000000000,0.7626231000,0.3525365000,0.5423321000,0.0000000000,0.0000000000,0.0000000000,0.7692035000,0.3482640000,0.5357594000,1.9977920000,
28.07736,29887,True,1.0000000000,4.0000000000,-0.0320000000,0.0000000000,0.0000000000,0.7754886000,0.3440982000,0.5293524000,True,1.0000000000,4.0000000000,0.0320000000,0.0000000000,0.0000000000,0.7628462000,0.3523924000,0.5421119000,0.0000000000,0.0000000000,0.0000000000,0.7692050000,0.3482624000,0.5357583000,2.0669760000,
28.08831,29898,True,1.0000000000,4.0000000000,-0.0320000000,0.0000000000,0.0000000000,0.7747102000,0.3446259000,0.5301481000,True,1.0000000000,4.0000000000,0.0320000000,0.0000000000,0.0000000000,0.7636790000,0.3518637000,0.5412822000,0.0000000000,0.0000000000,0.0000000000,0.7692232000,0.3482578000,0.5357351000,2.3687260000,
28.09996,29910,True,1.0000000000,4.0000000000,-0.0320000000,0.0000000000,0.0000000000,0.7738737000,0.3451831000,0.5310066000,True,1.0000000000,4.0000000000,0.0320000000,0.0000000000,0.0000000000,0.7645621000,0.3512929000,0.5404055000,0.0000000000,0.0000000000,0.0000000000,0.7692384000,0.3482473000,0.5357202000,2.8060240000,
28.11063,29921,True,1.0000000000,4.0000000000,-0.0320000000,0.0000000000,0.0000000000,0.7730688000,0.3457133000,0.5318336000,True,1.0000000000,4.0000000000,0.0320000000,0.0000000000,0.0000000000,0.7654109000,0.3507381000,0.5395637000,0.0000000000,0.0000000000,0.0000000000,0.7692537000,0.3482319000,0.5357082000,3.4118170000,
28.12339,29934,True,1.0000000000,4.0000000000,-0.0320000000,0.0000000000,0.0000000000,0.7727745000,0.3459075000,0.5321350000,True,1.0000000000,4.0000000000,0.0320000000,0.0000000000,0.0000000000,0.7657222000,0.3505350000,0.5392538000,0.0000000000,0.0000000000,0.0000000000,0.7692601000,0.3482265000,0.5357025000,3.7047570000,
28.14072,29951,True,1.0000000000,4.0000000000,-0.0320000000,0.0000000000,0.0000000000,0.7727917000,0.3459001000,0.5321147000,True,1.0000000000,4.0000000000,0.0320000000,0.0000000000,0.0000000000,0.7657023000,0.3505520000,0.5392711000,0.0000000000,0.0000000000,0.0000000000,0.7692589000,0.3482314000,0.5357011000,3.6853440000,
28.15539,29965,True,1.0000000000,4.0000000000,-0.0320000000,0.0000000000,0.0000000000,0.7737939000,0.3452333000,0.5310904000,True,1.0000000000,4.0000000000,0.0320000000,0.0000000000,0.0000000000,0.7646500000,0.3512329000,0.5403201000,0.0000000000,0.0000000000,0.0000000000,0.7692416000,0.3482420000,0.5357190000,2.8574600000,
28.16628,29977,True,1.0000000000,4.0000000000,-0.0320000000,0.0000000000,0.0000000000,0.7738422000,0.3452028000,0.5310398000,True,1.0000000000,4.0000000000,0.0320000000,0.0000000000,0.0000000000,0.7645977000,0.3512686000,0.5403711000,0.0000000000,0.0000000000,0.0000000000,0.7692400000,0.3482448000,0.5357195000,2.8263620000,
28.17751,29988,True,1.0000000000,4.0000000000,-0.0320000000,0.0000000000,0.0000000000,0.7738122000,0.3452198000,0.5310724000,True,1.0000000000,4.0000000000,0.0320000000,0.0000000000,0.0000000000,0.7646309000,0.3512441000,0.5403399000,0.0000000000,0.0000000000,0.0000000000,0.7692414000,0.3482409000,0.5357200000,2.8458240000,
28.18889,29999,True,1.0000000000,4.0000000000,-0.0320000000,0.0000000000,0.0000000000,0.7737131000,0.3452840000,0.5311752000,True,1.0000000000,4.0000000000,0.0320000000,0.0000000000,0.0000000000,0.7647380000,0.3511729000,0.5402347000,0.0000000000,0.0000000000,0.0000000000,0.7692445000,0.3482370000,0.5357181000,2.9111620000,
28.19925,30009,True,1.0000000000,4.0000000000,-0.0320000000,0.0000000000,0.0000000000,0.7730370000,0.3457378000,0.5318639000,True,1.0000000000,4.0000000000,0.0320000000,0.0000000000,0.0000000000,0.7654435000,0.3507204000,0.5395289000,0.0000000000,0.0000000000,0.0000000000,0.7692538000,0.3482352000,0.5357059000,3.4407680000,
28.21047,30021,True,1.0000000000,4.0000000000,-0.0320000000,0.0000000000,0.0000000000,0.7730262000,0.3457432000,0.5318761000,True,1.0000000000,4.0000000000,0.0320000000,0.0000000000,0.0000000000,0.7654544000,0.3507116000,0.5395193000,0.0000000000,0.0000000000,0.0000000000,0.7692538000,0.3482335000,0.5357071000,3.4506060000,
28.22144,30031,True,1.0000000000,4.0000000000,-0.0320000000,0.0000000000,0.0000000000,0.7730151000,0.3457522000,0.5318863000,True,1.0000000000,4.0000000000,0.0320000000,0.0000000000,0.0000000000,0.7654657000,0.3507059000,0.5395069000,0.0000000000,0.0000000000,0.0000000000,0.7692538000,0.3482351000,0.5357060000,3.4608200000,
28.23284,30043,True,1.0000000000,4.0000000000,-0.0320000000,0.0000000000,0.0000000000,0.7730020000,0.3457601000,0.5319000000,True,1.0000000000,4.0000000000,0.0320000000,0.0000000000,0.0000000000,0.7654773000,0.3506977000,0.5394956000,0.0000000000,0.0000000000,0.0000000000,0.7692530000,0.3482349000,0.5357072000,3.4722270000,
28.24372,30054,True,1.0000000000,4.0000000000,-0.0320000000,0.0000000000,0.0000000000,0.7729900000,0.3457710000,0.5319106000,True,1.0000000000,4.0000000000,0.0320000000,0.0000000000,0.0000000000,0.7654924000,0.3506907000,0.5394788000,0.0000000000,0.0000000000,0.0000000000,0.7692545000,0.3482368000,0.5357039000,3.4847500000,
28.25506,30065,True,1.0000000000,4.0000000000,-0.0320000000,0.0000000000,0.0000000000,0.7729773000,0.3457749000,0.5319265000,True,1.0000000000,4.0000000000,0.0320000000,0.0000000000,0.0000000000,0.7655067000,0.3506769000,0.5394675000,0.0000000000,0.0000000000,0.0000000000,0.7692552000,0.3482319000,0.5357062000,3.4973910000,
28.26584,30076,True,1.0000000000,4.0000000000,-0.0320000000,0.0000000000,0.0000000000,0.7729614000,0.3457884000,0.5319408000,True,1.0000000000,4.0000000000,0.0320000000,0.0000000000,0.0000000000,0.7655203000,0.3506710000,0.5394519000,0.0000000000,0.0000000000,0.0000000000,0.7692540000,0.3482356000,0.5357054000,3.5112660000,
28.277,30087,True,1.0000000000,4.0000000000,-0.0320000000,0.0000000000,0.0000000000,0.7729478000,0.3457976000,0.5319545000,True,1.0000000000,4.0000000000,0.0320000000,0.0000000000,0.0000000000,0.7655368000,0.3506606000,0.5394354000,0.0000000000,0.0000000000,0.0000000000,0.7692552000,0.3482350000,0.5357040000,3.5254640000,
28.28826,30098,True,1.0000000000,4.0000000000,-0.0320000000,0.0000000000,0.0000000000,0.7729331000,0.3458070000,0.5319700000,True,1.0000000000,4.0000000000,0.0320000000,0.0000000000,0.0000000000,0.7655532000,0.3506495000,0.5394194000,0.0000000000,0.0000000000,0.0000000000,0.7692559000,0.3482340000,0.5357036000,3.5403580000,
28.29935,30109,True,1.0000000000,4.0000000000,-0.0320000000,0.0000000000,0.0000000000,0.7729163000,0.3458165000,0.5319882000,True,1.0000000000,4.0000000000,0.0320000000,0.0000000000,0.0000000000,0.7655688000,0.3506377000,0.5394048000,0.0000000000,0.0000000000,0.0000000000,0.7692553000,0.3482329000,0.5357054000,3.5560020000,
28.31035,30120,True,1.0000000000,4.0000000000,-0.0320000000,0.0000000000,0.0000000000,0.7729003000,0.3458247000,0.5320061000,True,1.0000000000,4.0000000000,0.0320000000,0.0000000000,0.0000000000,0.7655870000,0.3506235000,0.5393884000,0.0000000000,0.0000000000,0.0000000000,0.7692562000,0.3482298000,0.5357060000,3.5725650000,
28.32159,30132,True,1.0000000000,4.0000000000,-0.0320000000,0.0000000000,0.0000000000,0.7728835000,0.3458355000,0.5320234000,True,1.0000000000,4.0000000000,0.0320000000,0.0000000000,0.0000000000,0.7656056000,0.3506111000,0.5393701000,0.0000000000,0.0000000000,0.0000000000,0.7692570000,0.3482289000,0.5357054000,3.5899200000,
28.3334,30144,True,1.0000000000,4.0000000000,-0.0320000000,0.0000000000,0.0000000000,0.7728626000,0.3458561000,0.5320405000,True,1.0000000000,4.0000000000,0.0320000000,0.0000000000,0.0000000000,0.7656233000,0.3506063000,0.5393480000,0.0000000000,0.0000000000,0.0000000000,0.7692552000,0.3482368000,0.5357028000,3.6091290000,
28.34377,30154,True,1.0000000000,4.0000000000,-0.0320000000,0.0000000000,0.0000000000,0.7728454000,0.3458631000,0.5320607000,True,1.0000000000,4.0000000000,0.0320000000,0.0000000000,0.0000000000,0.7656474000,0.3505864000,0.5393267000,0.0000000000,0.0000000000,0.0000000000,0.7692586000,0.3482303000,0.5357022000,3.6297080000,
28.35483,30165,True,1.0000000000,4.0000000000,-0.0320000000,0.0000000000,0.0000000000,0.7728247000,0.3458758000,0.5320826000,True,1.0000000000,4.0000000000,0.0320000000,0.0000000000,0.0000000000,0.7656699000,0.3505706000,0.5393050000,0.0000000000,0.0000000000,0.0000000000,0.7692594000,0.3482286000,0.5357022000,3.6516910000,
28.36593,30176,True,1.0000000000,4.0000000000,-0.0320000000,0.0000000000,0.0000000000,0.7727991000,0.3458947000,0.5321075000,True,1.0000000000,4.0000000000,0.0320000000,0.0000000000,0.0000000000,0.7656900000,0.3505596000,0.5392838000,0.0000000000,0.0000000000,0.0000000000,0.7692565000,0.3482325000,0.5357038000,3.6751080000,
28.37719,30187,True,1.0000000000,4.0000000000,-0.0320000000,0.0000000000,0.0000000000,0.7727785000,0.3459072000,0.5321295000,True,1.0000000000,4.0000000000,0.0320000000,0.0000000000,0.0000000000,0.7657151000,0.3505420000,0.5392594000,0.0000000000,0.0000000000,0.0000000000,0.7692585000,0.3482299000,0.5357026000,3.6989720000,
28.38827,30198,True,1.0000000000,4.0000000000,-0.0320000000,0.0000000000,0.0000000000,0.7727563000,0.3459223000,0.5321518000,True,1.0000000000,4.0000000000,0.0320000000,0.0000000000,0.0000000000,0.7657376000,0.3505278000,0.5392366000,0.0000000000,0.0000000000,0.0000000000,0.7692586000,0.3482303000,0.5357023000,3.7225430000,
28.39926,30209,True,1.0000000000,4.0000000000,-0.0320000000,0.0000000000,0.0000000000,0.7727331000,0.3459406000,0.5321736000,True,1.0000000000,4.0000000000,0.0320000000,0.0000000000,0.0000000000,0.7657585000,0.3505171000,0.5392140000,0.0000000000,0.0000000000,0.0000000000,0.7692572000,0.3482340000,0.5357018000,3.7460610000,
28.41296,30223,True,1.0000000000,4.0000000000,-0.0320000000,0.0000000000,0.0000000000,0.7727162000,0.3459479000,0.5321934000,True,1.0000000000,4.0000000000,0.0320000000,0.0000000000,0.0000000000,0.7657823000,0.3504978000,0.5391927000,0.0000000000,0.0000000000,0.0000000000,0.7692605000,0.3482280000,0.5357009000,3.7679950000,
28.42168,30232,True,1.0000000000,4.0000000000,-0.0320000000,0.0000000000,0.0000000000,0.7726930000,0.3459638000,0.5322167000,True,1.0000000000,4.0000000000,0.0320000000,0.0000000000,0.0000000000,0.7658025000,0.3504852000,0.5391722000,0.0000000000,0.0000000000,0.0000000000,0.7692589000,0.3482296000,0.5357022000,3.7917690000,
28.46834,30279,True,1.0000000000,4.0000000000,-0.0320000000,0.0000000000,0.0000000000,0.7726758000,0.3459776000,0.5322328000,True,1.0000000000,4.0000000000,0.0320000000,0.0000000000,0.0000000000,0.7658194000,0.3504767000,0.5391539000,0.0000000000,0.0000000000,0.0000000000,0.7692586000,0.3482322000,0.5357010000,3.8105990000,
28.49407,30304,True,1.0000000000,4.0000000000,-0.0320000000,0.0000000000,0.0000000000,0.7725720000,0.3460469000,0.5323383000,True,1.0000000000,4.0000000000,0.0320000000,0.0000000000,0.0000000000,0.7659287000,0.3504062000,0.5390443000,0.0000000000,0.0000000000,0.0000000000,0.7692608000,0.3482312000,0.5356985000,3.9328300000,
28.51059,30320,True,1.0000000000,4.0000000000,-0.0320000000,0.0000000000,0.0000000000,0.7725314000,0.3460703000,0.5323818000,True,1.0000000000,4.0000000000,0.0320000000,0.0000000000,0.0000000000,0.7659742000,0.3503732000,0.5390012000,0.0000000000,0.0000000000,0.0000000000,0.7692630000,0.3482263000,0.5356985000,3.9843320000,
28.52211,30332,True,1.0000000000,4.0000000000,-0.0320000000,0.0000000000,0.0000000000,0.7725063000,0.3460876000,0.5324072000,True,1.0000000000,4.0000000000,0.0320000000,0.0000000000,0.0000000000,0.7659962000,0.3503594000,0.5389788000,0.0000000000,0.0000000000,0.0000000000,0.7692612000,0.3482280000,0.5356999000,4.0132770000,
28.5325,30342,True,1.0000000000,4.0000000000,-0.0320000000,0.0000000000,0.0000000000,0.7724817000,0.3461094000,0.5324287000,True,1.0000000000,4.0000000000,0.0320000000,0.0000000000,0.0000000000,0.7660192000,0.3503501000,0.5389522000,0.0000000000,0.0000000000,0.0000000000,0.7692603000,0.3482342000,0.5356973000,4.0428360000,
28.54369,30354,True,1.0000000000,4.0000000000,-0.0320000000,0.0000000000,0.0000000000,0.7724575000,0.3461208000,0.5324563000,True,1.0000000000,4.0000000000,0.0320000000,0.0000000000,0.0000000000,0.7660474000,0.3503271000,0.5389270000,0.0000000000,0.0000000000,0.0000000000,0.7692622000,0.3482283000,0.5356984000,4.0758480000,
28.555,30365,True,1.0000000000,4.0000000000,-0.0320000000,0.0000000000,0.0000000000,0.7724302000,0.3461381000,0.5324847000,True,1.0000000000,4.0000000000,0.0320000000,0.0000000000,0.0000000000,0.7660784000,0.3503061000,0.5388966000,0.0000000000,0.0000000000,0.0000000000,0.7692638000,0.3482264000,0.5356973000,4.1132220000,
28.56603,30376,True,1.0000000000,4.0000000000,-0.0320000000,0.0000000000,0.0000000000,0.7723973000,0.3461579000,0.5325196000,True,1.0000000000,4.0000000000,0.0320000000,0.0000000000,0.0000000000,0.7661121000,0.3502822000,0.5388643000,0.0000000000,0.0000000000,0.0000000000,0.7692640000,0.3482242000,0.5356985000,4.1567980000,
28.57678,30387,True,1.0000000000,4.0000000000,-0.0320000000,0.0000000000,0.0000000000,0.7721581000,0.3463209000,0.5327605000,True,1.0000000000,4.0000000000,0.0320000000,0.0000000000,0.0000000000,0.7663562000,0.3501281000,0.5386172000,0.0000000000,0.0000000000,0.0000000000,0.7692651000,0.3482281000,0.5356944000,4.5031390000,
28.58813,30398,True,1.0000000000,4.0000000000,-0.0320000000,0.0000000000,0.0000000000,0.7721277000,0.3463401000,0.5327919000,True,1.0000000000,4.0000000000,0.0320000000,0.0000000000,0.0000000000,0.7663883000,0.3501064000,0.5385857000,0.0000000000,0.0000000000,0.0000000000,0.7692658000,0.3482268000,0.5356942000,4.5520490000,
28.59887,30409,True,1.0000000000,4.0000000000,-0.0320000000,0.0000000000,0.0000000000,0.7720969000,0.3463634000,0.5328217000,True,1.0000000000,4.0000000000,0.0320000000,0.0000000000,0.0000000000,0.7664205000,0.3500881000,0.5385516000,0.0000000000,0.0000000000,0.0000000000,0.7692663000,0.3482292000,0.5356919000,4.6027630000,
28.60987,30420,True,1.0000000000,4.0000000000,-0.0320000000,0.0000000000,0.0000000000,0.7720656000,0.3463799000,0.5328561000,True,1.0000000000,4.0000000000,0.0320000000,0.0000000000,0.0000000000,0.7664539000,0.3500623000,0.5385209000,0.0000000000,0.0000000000,0.0000000000,0.7692672000,0.3482245000,0.5356936000,4.6556460000,
28.62123,30431,True,1.0000000000,4.0000000000,-0.0320000000,0.0000000000,0.0000000000,0.7720318000,0.3464037000,0.5328897000,True,1.0000000000,4.0000000000,0.0320000000,0.0000000000,0.0000000000,0.7664891000,0.3500408000,0.5384848000,0.0000000000,0.0000000000,0.0000000000,0.7692677000,0.3482255000,0.5356923000,4.7136520000,
28.63237,30442,True,1.0000000000,4.0000000000,-0.0320000000,0.0000000000,0.0000000000,0.7719963000,0.3464243000,0.5329278000,True,1.0000000000,4.0000000000,0.0320000000,0.0000000000,0.0000000000,0.7665262000,0.3500138000,0.5384496000,0.0000000000,0.0000000000,0.0000000000,0.7692683000,0.3482223000,0.5356936000,4.7762580000,
28.64333,30454,True,1.0000000000,4.0000000000,-0.0320000000,0.0000000000,0.0000000000,0.7719592000,0.3464486000,0.5329656000,True,1.0000000000,4.0000000000,0.0320000000,0.0000000000,0.0000000000,0.7665650000,0.3499883000,0.5384109000,0.0000000000,0.0000000000,0.0000000000,0.7692690000,0.3482216000,0.5356930000,4.8434600000,
28.65447,30464,True,1.0000000000,4.0000000000,-0.0320000000,0.0000000000,0.0000000000,0.7719168000,0.3464826000,0.5330049000,True,1.0000000000,4.0000000000,0.0320000000,0.0000000000,0.0000000000,0.7666035000,0.3499692000,0.5383685000,0.0000000000,0.0000000000,0.0000000000,0.7692667000,0.3482289000,0.5356913000,4.9171530000,
28.66564,30476,True,1.0000000000,4.0000000000,-0.0320000000,0.0000000000,0.0000000000,0.7718794000,0.3465011000,0.5330471000,True,1.0000000000,4.0000000000,0.0320000000,0.0000000000,0.0000000000,0.7666485000,0.3499336000,0.5383275000,0.0000000000,0.0000000000,0.0000000000,0.7692704000,0.3482202000,0.5356918000,4.9946580000,
28.6766,30486,True,1.0000000000,4.0000000000,-0.0320000000,0.0000000000,0.0000000000,0.7718360000,0.3465346000,0.5330881000,True,1.0000000000,4.0000000000,0.0320000000,0.0000000000,0.0000000000,0.7666896000,0.3499117000,0.5382833000,0.0000000000,0.0000000000,0.0000000000,0.7692690000,0.3482260000,0.5356900000,5.0765710000,
28.68756,30498,True,1.0000000000,4.0000000000,-0.0320000000,0.0000000000,0.0000000000,0.7717956000,0.3465605000,0.5331298000,True,1.0000000000,4.0000000000,0.0320000000,0.0000000000,0.0000000000,0.7667323000,0.3498831000,0.5382411000,0.0000000000,0.0000000000,0.0000000000,0.7692700000,0.3482246000,0.5356897000,5.1598330000,
28.69883,30509,True,1.0000000000,4.0000000000,-0.0320000000,0.0000000000,0.0000000000,0.7717563000,0.3465872000,0.5331693000,True,1.0000000000,4.0000000000,0.0320000000,0.0000000000,0.0000000000,0.7667700000,0.3498592000,0.5382028000,0.0000000000,0.0000000000,0.0000000000,0.7692690000,0.3482258000,0.5356902000,5.2396150000,
28.7099,30520,True,1.0000000000,4.0000000000,-0.0320000000,0.0000000000,0.0000000000,0.7717209000,0.3466084000,0.5332069000,True,1.0000000000,4.0000000000,0.0320000000,0.0000000000,0.0000000000,0.7668057000,0.3498337000,0.5381686000,0.0000000000,0.0000000000,0.0000000000,0.7692690000,0.3482236000,0.5356917000,5.3154810000,
28.72108,30531,True,1.0000000000,4.0000000000,-0.0320000000,0.0000000000,0.0000000000,0.7716923000,0.3466308000,0.5332337000,True,1.0000000000,4.0000000000,0.0320000000,0.0000000000,0.0000000000,0.7668367000,0.3498171000,0.5381353000,0.0000000000,0.0000000000,0.0000000000,0.7692700000,0.3482264000,0.5356883000,5.3806790000,
28.73211,30542,True,1.0000000000,4.0000000000,-0.0320000000,0.0000000000,0.0000000000,0.7716693000,0.3466421000,0.5332595000,True,1.0000000000,4.0000000000,0.0320000000,0.0000000000,0.0000000000,0.7668636000,0.3497957000,0.5381108000,0.0000000000,0.0000000000,0.0000000000,0.7692719000,0.3482214000,0.5356889000,5.4363380000,
28.74318,30553,True,1.0000000000,4.0000000000,-0.0320000000,0.0000000000,0.0000000000,0.7716452000,0.3466615000,0.5332819000,True,1.0000000000,4.0000000000,0.0320000000,0.0000000000,0.0000000000,0.7668812000,0.3497876000,0.5380909000,0.0000000000,0.0000000000,0.0000000000,0.7692686000,0.3482269000,0.5356901000,5.4841770000,
28.75464,30565,True,1.0000000000,4.0000000000,-0.0320000000,0.0000000000,0.0000000000,0.7716318000,0.3466682000,0.5332968000,True,1.0000000000,4.0000000000,0.0320000000,0.0000000000,0.0000000000,0.7669008000,0.3497728000,0.5380726000,0.0000000000,0.0000000000,0.0000000000,0.7692716000,0.3482229000,0.5356884000,5.5222430000,
28.76529,30575,True,1.0000000000,4.0000000000,-0.0320000000,0.0000000000,0.0000000000,0.7716157000,0.3466805000,0.5333121000,True,1.0000000000,4.0000000000,0.0320000000,0.0000000000,0.0000000000,0.7669170000,0.3497639000,0.5380554000,0.0000000000,0.0000000000,0.0000000000,0.7692716000,0.3482246000,0.5356874000,5.5602390000,
28.77643,30586,True,1.0000000000,4.0000000000,-0.0320000000,0.0000000000,0.0000000000,0.7716023000,0.3466866000,0.5333276000,True,1.0000000000,4.0000000000,0.0320000000,0.0000000000,0.0000000000,0.7669308000,0.3497520000,0.5380433000,0.0000000000,0.0000000000,0.0000000000,0.7692717000,0.3482217000,0.5356891000,5.5928030000,
28.78765,30598,True,1.0000000000,4.0000000000,-0.0320000000,0.0000000000,0.0000000000,0.7715873000,0.3466984000,0.5333417000,True,1.0000000000,4.0000000000,0.0320000000,0.0000000000,0.0000000000,0.7669436000,0.3497455000,0.5380292000,0.0000000000,0.0000000000,0.0000000000,0.7692705000,0.3482243000,0.5356889000,5.6262660000,
28.79905,30609,True,1.0000000000,4.0000000000,-0.0320000000,0.0000000000,0.0000000000,0.7715728000,0.3467128000,0.5333533000,True,1.0000000000,4.0000000000,0.0320000000,0.0000000000,0.0000000000,0.7669593000,0.3497402000,0.5380104000,0.0000000000,0.0000000000,0.0000000000,0.7692711000,0.3482288000,0.5356853000,5.6629300000,
28.80989,30620,True,1.0000000000,4.0000000000,-0.0320000000,0.0000000000,0.0000000000,0.7715585000,0.3467175000,0.5333710000,True,1.0000000000,4.0000000000,0.0320000000,0.0000000000,0.0000000000,0.7669737000,0.3497261000,0.5379991000,0.0000000000,0.0000000000,0.0000000000,0.7692710000,0.3482240000,0.5356885000,5.6984620000,
28.82147,30632,True,1.0000000000,4.0000000000,-0.0320000000,0.0000000000,0.0000000000,0.7715457000,0.3467243000,0.5333849000,True,1.0000000000,4.0000000000,0.0320000000,0.0000000000,0.0000000000,0.7669872000,0.3497155000,0.5379866000,0.0000000000,0.0000000000,0.0000000000,0.7692714000,0.3482221000,0.5356892000,5.7314290000,
28.83241,30642,True,1.0000000000,4.0000000000,-0.0320000000,0.0000000000,0.0000000000,0.7715335000,0.3467336000,0.5333965000,True,1.0000000000,4.0000000000,0.0320000000,0.0000000000,0.0000000000,0.7670009000,0.3497080000,0.5379721000,0.0000000000,0.0000000000,0.0000000000,0.7692721000,0.3482230000,0.5356877000,5.7640660000,
28.84319,30653,True,1.0000000000,4.0000000000,-0.0320000000,0.0000000000,0.0000000000,0.7715310000,0.3467308000,0.5334020000,True,1.0000000000,4.0000000000,0.0320000000,0.0000000000,0.0000000000,0.7670041000,0.3497013000,0.5379719000,0.0000000000,0.0000000000,0.0000000000,0.7692724000,0.3482182000,0.5356903000,5.7712760000,
28.8548,30665,True,1.0000000000,4.0000000000,-0.0320000000,0.0000000000,0.0000000000,0.7715378000,0.3467294000,0.5333930000,True,1.0000000000,4.0000000000,0.0320000000,0.0000000000,0.0000000000,0.7669960000,0.3497098000,0.5379779000,0.0000000000,0.0000000000,0.0000000000,0.7692718000,0.3482218000,0.5356889000,5.7523260000,
28.86541,30675,True,1.0000000000,4.0000000000,-0.0320000000,0.0000000000,0.0000000000,0.7715462000,0.3467239000,0.5333844000,True,1.0000000000,4.0000000000,0.0320000000,0.0000000000,0.0000000000,0.7669905000,0.3497135000,0.5379834000,0.0000000000,0.0000000000,0.0000000000,0.7692732000,0.3482210000,0.5356873000,5.7345980000,
28.8768,30687,True,1.0000000000,4.0000000000,-0.0320000000,0.0000000000,0.0000000000,0.7715514000,0.3467194000,0.5333800000,True,1.0000000000,4.0000000000,0.0320000000,0.0000000000,0.0000000000,0.7669842000,0.3497165000,0.5379905000,0.0000000000,0.0000000000,0.0000000000,0.7692726000,0.3482201000,0.5356886000,5.7203350000,
28.88776,30698,True,1.0000000000,4.0000000000,-0.0320000000,0.0000000000,0.0000000000,0.7715563000,0.3467124000,0.5333775000,True,1.0000000000,4.0000000000,0.0320000000,0.0000000000,0.0000000000,0.7669785000,0.3497162000,0.5379987000,0.0000000000,0.0000000000,0.0000000000,0.7692723000,0.3482165000,0.5356915000,5.7071690000,
28.89867,30709,True,1.0000000000,4.0000000000,-0.0320000000,0.0000000000,0.0000000000,0.7715601000,0.3467157000,0.5333697000,True,1.0000000000,4.0000000000,0.0320000000,0.0000000000,0.0000000000,0.7669725000,0.3497261000,0.5380008000,0.0000000000,0.0000000000,0.0000000000,0.7692713000,0.3482232000,0.5356887000,5.6948700000,
28.91074,30721,True,1.0000000000,4.0000000000,-0.0320000000,0.0000000000,0.0000000000,0.7715664000,0.3467055000,0.5333672000,True,1.0000000000,4.0000000000,0.0320000000,0.0000000000,0.0000000000,0.7669686000,0.3497226000,0.5380086000,0.0000000000,0.0000000000,0.0000000000,0.7692724000,0.3482163000,0.5356914000,5.6822000000,
28.92104,30731,True,1.0000000000,4.0000000000,-0.0320000000,0.0000000000,0.0000000000,0.7715701000,0.3467087000,0.5333598000,True,1.0000000000,4.0000000000,0.0320000000,0.0000000000,0.0000000000,0.7669613000,0.3497330000,0.5380124000,0.0000000000,0.0000000000,0.0000000000,0.7692707000,0.3482231000,0.5356895000,5.6687080000,
28.93197,30742,True,1.0000000000,4.0000000000,-0.0320000000,0.0000000000,0.0000000000,0.7715771000,0.3467019000,0.5333542000,True,1.0000000000,4.0000000000,0.0320000000,0.0000000000,0.0000000000,0.7669584000,0.3497327000,0.5380167000,0.0000000000,0.0000000000,0.0000000000,0.7692727000,0.3482196000,0.5356889000,5.6566070000,
28.94318,30753,True,1.0000000000,4.0000000000,-0.0320000000,0.0000000000,0.0000000000,0.7715821000,0.3466991000,0.5333486000,True,1.0000000000,4.0000000000,0.0320000000,0.0000000000,0.0000000000,0.7669533000,0.3497366000,0.5380214000,0.0000000000,0.0000000000,0.0000000000,0.7692728000,0.3482201000,0.5356885000,5.6441140000,
28.95443,30764,True,1.0000000000,4.0000000000,-0.0320000000,0.0000000000,0.0000000000,0.7715845000,0.3466994000,0.5333450000,True,1.0000000000,4.0000000000,0.0320000000,0.0000000000,0.0000000000,0.7669449000,0.3497439000,0.5380286000,0.0000000000,0.0000000000,0.0000000000,0.7692698000,0.3482239000,0.5356903000,5.6310930000,
28.96515,30775,True,1.0000000000,4.0000000000,-0.0320000000,0.0000000000,0.0000000000,0.7715929000,0.3466907000,0.5333385000,True,1.0000000000,4.0000000000,0.0320000000,0.0000000000,0.0000000000,0.7669430000,0.3497419000,0.5380327000,0.0000000000,0.0000000000,0.0000000000,0.7692730000,0.3482186000,0.5356891000,5.6186140000,
28.97639,30786,True,1.0000000000,4.0000000000,-0.0320000000,0.0000000000,0.0000000000,0.7715977000,0.3466915000,0.5333310000,True,1.0000000000,4.0000000000,0.0320000000,0.0000000000,0.0000000000,0.7669373000,0.3497497000,0.5380356000,0.0000000000,0.0000000000,0.0000000000,0.7692726000,0.3482229000,0.5356869000,5.6059360000,
28.98743,30798,True,1.0000000000,4.0000000000,-0.0320000000,0.0000000000,0.0000000000,0.7716008000,0.3466877000,0.5333290000,True,1.0000000000,4.0000000000,0.0320000000,0.0000000000,0.0000000000,0.7669307000,0.3497524000,0.5380434000,0.0000000000,0.0000000000,0.0000000000,0.7692709000,0.3482224000,0.5356897000,5.5942760000,
28.99849,30808,True,1.0000000000,4.0000000000,-0.0320000000,0.0000000000,0.0000000000,0.7716070000,0.3466795000,0.5333253000,True,1.0000000000,4.0000000000,0.0320000000,0.0000000000,0.0000000000,0.7669275000,0.3497502000,0.5380493000,0.0000000000,0.0000000000,0.0000000000,0.7692724000,0.3482172000,0.5356908000,5.5830300000,
29.00982,30820,True,1.0000000000,4.0000000000,-0.0320000000,0.0000000000,0.0000000000,0.7716123000,0.3466839000,0.5333148000,True,1.0000000000,4.0000000000,0.0320000000,0.0000000000,0.0000000000,0.7669222000,0.3497617000,0.5380494000,0.0000000000,0.0000000000,0.0000000000,0.7692724000,0.3482251000,0.5356857000,5.5704650000,
29.02118,30831,True,1.0000000000,4.0000000000,-0.0320000000,0.0000000000,0.0000000000,0.7716147000,0.3466755000,0.5333169000,True,1.0000000000,4.0000000000,0.0320000000,0.0000000000,0.0000000000,0.7669144000,0.3497599000,0.5380617000,0.0000000000,0.0000000000,0.0000000000,0.7692698000,0.3482201000,0.5356929000,5.5584630000,
29.03229,30842,True,1.0000000000,4.0000000000,-0.0320000000,0.0000000000,0.0000000000,0.7716226000,0.3466735000,0.5333068000,True,1.0000000000,4.0000000000,0.0320000000,0.0000000000,0.0000000000,0.7669119000,0.3497647000,0.5380621000,0.0000000000,0.0000000000,0.0000000000,0.7692724000,0.3482215000,0.5356881000,5.5460560000,
29.0431,30853,True,1.0000000000,4.0000000000,-0.0320000000,0.0000000000,0.0000000000,0.7716257000,0.3466753000,0.5333010000,True,1.0000000000,4.0000000000,0.0320000000,0.0000000000,0.0000000000,0.7669051000,0.3497730000,0.5380663000,0.0000000000,0.0000000000,0.0000000000,0.7692707000,0.3482265000,0.5356873000,5.5345470000,
29.0546,30864,True,1.0000000000,4.0000000000,-0.0320000000,0.0000000000,0.0000000000,0.7716300000,0.3466683000,0.5332994000,True,1.0000000000,4.0000000000,0.0320000000,0.0000000000,0.0000000000,0.7669007000,0.3497717000,0.5380735000,0.0000000000,0.0000000000,0.0000000000,0.7692705000,0.3482224000,0.5356902000,5.5243010000,
29.06509,30875,True,1.0000000000,4.0000000000,-0.0320000000,0.0000000000,0.0000000000,0.7716315000,0.3466665000,0.5332984000,True,1.0000000000,4.0000000000,0.0320000000,0.0000000000,0.0000000000,0.7668956000,0.3497742000,0.5380793000,0.0000000000,0.0000000000,0.0000000000,0.7692688000,0.3482227000,0.5356925000,5.5166020000,
29.0764,30886,True,1.0000000000,4.0000000000,-0.0320000000,0.0000000000,0.0000000000,0.7716371000,0.3466626000,0.5332928000,True,1.0000000000,4.0000000000,0.0320000000,0.0000000000,0.0000000000,0.7668968000,0.3497733000,0.5380780000,0.0000000000,0.0000000000,0.0000000000,0.7692722000,0.3482203000,0.5356891000,5.5114090000,
29.08755,30898,True,1.0000000000,4.0000000000,-0.0320000000,0.0000000000,0.0000000000,0.7716346000,0.3466665000,0.5332939000,True,1.0000000000,4.0000000000,0.0320000000,0.0000000000,0.0000000000,0.7668925000,0.3497783000,0.5380809000,0.0000000000,0.0000000000,0.0000000000,0.7692688000,0.3482248000,0.5356911000,5.5094110000,
29.09926,30909,True,1.0000000000,4.0000000000,-0.0320000000,0.0000000000,0.0000000000,0.7716365000,0.3466643000,0.5332926000,True,1.0000000000,4.0000000000,0.0320000000,0.0000000000,0.0000000000,0.7668949000,0.3497758000,0.5380791000,0.0000000000,0.0000000000,0.0000000000,0.7692710000,0.3482225000,0.5356896000,5.5098460000,
29.11129,30921,True,1.0000000000,4.0000000000,-0.0320000000,0.0000000000,0.0000000000,0.7716354000,0.3466645000,0.5332941000,True,1.0000000000,4.0000000000,0.0320000000,0.0000000000,0.0000000000,0.7668947000,0.3497753000,0.5380797000,0.0000000000,0.0000000000,0.0000000000,0.7692703000,0.3482223000,0.5356906000,5.5110670000,
29.1231,30933,True,1.0000000000,4.0000000000,-0.0320000000,0.0000000000,0.0000000000,0.7716340000,0.3466641000,0.5332962000,True,1.0000000000,4.0000000000,0.0320000000,0.0000000000,0.0000000000,0.7668969000,0.3497726000,0.5380782000,0.0000000000,0.0000000000,0.0000000000,0.7692708000,0.3482208000,0.5356909000,5.5151890000,
29.13596,30946,True,1.0000000000,4.0000000000,-0.0320000000,0.0000000000,0.0000000000,0.7716336000,0.3466669000,0.5332950000,True,1.0000000000,4.0000000000,0.0320000000,0.0000000000,0.0000000000,0.7668996000,0.3497734000,0.5380739000,0.0000000000,0.0000000000,0.0000000000,0.7692719000,0.3482226000,0.5356882000,5.5187000000,
29.1461,30956,True,1.0000000000,4.0000000000,-0.0320000000,0.0000000000,0.0000000000,0.7716311000,0.3466644000,0.5333003000,True,1.0000000000,4.0000000000,0.0320000000,0.0000000000,0.0000000000,0.7669002000,0.3497689000,0.5380761000,0.0000000000,0.0000000000,0.0000000000,0.7692709000,0.3482190000,0.5356919000,5.5222890000,
29.15913,30969,True,1.0000000000,4.0000000000,-0.0320000000,0.0000000000,0.0000000000,0.7716287000,0.3466713000,0.5332994000,True,1.0000000000,4.0000000000,0.0320000000,0.0000000000,0.0000000000,0.7669031000,0.3497723000,0.5380697000,0.0000000000,0.0000000000,0.0000000000,0.7692711000,0.3482241000,0.5356882000,5.5285990000,
29.17077,30981,True,1.0000000000,4.0000000000,-0.0320000000,0.0000000000,0.0000000000,0.7716257000,0.3466715000,0.5333035000,True,1.0000000000,4.0000000000,0.0320000000,0.0000000000,0.0000000000,0.7669065000,0.3497683000,0.5380675000,0.0000000000,0.0000000000,0.0000000000,0.7692714000,0.3482223000,0.5356891000,5.5360700000,
29.18144,30992,True,1.0000000000,4.0000000000,-0.0320000000,0.0000000000,0.0000000000,0.7716224000,0.3466732000,0.5333072000,True,1.0000000000,4.0000000000,0.0320000000,0.0000000000,0.0000000000,0.7669091000,0.3497661000,0.5380652000,0.0000000000,0.0000000000,0.0000000000,0.7692710000,0.3482220000,0.5356898000,5.5430530000,
29.19289,31003,True,1.0000000000,4.0000000000,-0.0320000000,0.0000000000,0.0000000000,0.7716181000,0.3466770000,0.5333109000,True,1.0000000000,4.0000000000,0.0320000000,0.0000000000,0.0000000000,0.7669102000,0.3497663000,0.5380634000,0.0000000000,0.0000000000,0.0000000000,0.7692694000,0.3482240000,0.5356908000,5.5494000000,
29.20426,31014,True,1.0000000000,4.0000000000,-0.0320000000,0.0000000000,0.0000000000,0.7716165000,0.3466776000,0.5333129000,True,1.0000000000,4.0000000000,0.0320000000,0.0000000000,0.0000000000,0.7669138000,0.3497635000,0.5380601000,0.0000000000,0.0000000000,0.0000000000,0.7692704000,0.3482229000,0.5356901000,5.5555600000,
29.21475,31025,True,1.0000000000,4.0000000000,-0.0320000000,0.0000000000,0.0000000000,0.7716173000,0.3466748000,0.5333135000,True,1.0000000000,4.0000000000,0.0320000000,0.0000000000,0.0000000000,0.7669195000,0.3497575000,0.5380559000,0.0000000000,0.0000000000,0.0000000000,0.7692736000,0.3482185000,0.5356883000,5.5613370000,
29.226,31036,True,1.0000000000,4.0000000000,-0.0320000000,0.0000000000,0.0000000000,0.7716143000,0.3466790000,0.5333152000,True,1.0000000000,4.0000000000,0.0320000000,0.0000000000,0.0000000000,0.7669216000,0.3497583000,0.5380524000,0.0000000000,0.0000000000,0.0000000000,0.7692732000,0.3482210000,0.5356874000,5.5674570000,
29.23722,31047,True,1.0000000000,4.0000000000,-0.0320000000,0.0000000000,0.0000000000,0.7716103000,0.3466840000,0.5333176000,True,1.0000000000,4.0000000000,0.0320000000,0.0000000000,0.0000000000,0.7669217000,0.3497607000,0.5380506000,0.0000000000,0.0000000000,0.0000000000,0.7692713000,0.3482247000,0.5356877000,5.5723090000,
29.24915,31059,True,1.0000000000,4.0000000000,-0.0320000000,0.0000000000,0.0000000000,0.7716094000,0.3466784000,0.5333227000,True,1.0000000000,4.0000000000,0.0320000000,0.0000000000,0.0000000000,0.7669245000,0.3497526000,0.5380520000,0.0000000000,0.0000000000,0.0000000000,0.7692721000,0.3482179000,0.5356910000,5.5766540000,
29.25941,31070,True,1.0000000000,4.0000000000,-0.0320000000,0.0000000000,0.0000000000,0.7716053000,0.3466893000,0.5333214000,True,1.0000000000,4.0000000000,0.0320000000,0.0000000000,0.0000000000,0.7669259000,0.3497599000,0.5380452000,0.0000000000,0.0000000000,0.0000000000,0.7692708000,0.3482270000,0.5356869000,5.5832070000,
29.27069,31081,True,1.0000000000,4.0000000000,-0.0320000000,0.0000000000,0.0000000000,0.7716023000,0.3466852000,0.5333284000,True,1.0000000000,4.0000000000,0.0320000000,0.0000000000,0.0000000000,0.7669296000,0.3497515000,0.5380455000,0.0000000000,0.0000000000,0.0000000000,0.7692711000,0.3482207000,0.5356905000,5.5911510000,
29.28124,31092,True,1.0000000000,4.0000000000,-0.0320000000,0.0000000000,0.0000000000,0.7715981000,0.3466904000,0.5333312000,True,1.0000000000,4.0000000000,0.0320000000,0.0000000000,0.0000000000,0.7669336000,0.3497512000,0.5380399000,0.0000000000,0.0000000000,0.0000000000,0.7692710000,0.3482231000,0.5356891000,5.6010840000,
29.2928,31103,True,1.0000000000,4.0000000000,-0.0320000000,0.0000000000,0.0000000000,0.7715989000,0.3466873000,0.5333321000,True,1.0000000000,4.0000000000,0.0320000000,0.0000000000,0.0000000000,0.7669367000,0.3497467000,0.5380385000,0.0000000000,0.0000000000,0.0000000000,0.7692729000,0.3482193000,0.5356889000,5.6038310000,
29.30423,31114,True,1.0000000000,4.0000000000,-0.0320000000,0.0000000000,0.0000000000,0.7716258000,0.3466696000,0.5333047000,True,1.0000000000,4.0000000000,0.0320000000,0.0000000000,0.0000000000,0.7669086000,0.3497650000,0.5380665000,0.0000000000,0.0000000000,0.0000000000,0.7692724000,0.3482197000,0.5356892000,5.5385100000,
29.31501,31125,True,1.0000000000,4.0000000000,-0.0320000000,0.0000000000,0.0000000000,0.7716486000,0.3466549000,0.5332812000,True,1.0000000000,4.0000000000,0.0320000000,0.0000000000,0.0000000000,0.7668859000,0.3497802000,0.5380890000,0.0000000000,0.0000000000,0.0000000000,0.7692726000,0.3482200000,0.5356889000,5.4855180000,
29.32624,31136,True,1.0000000000,4.0000000000,-0.0320000000,0.0000000000,0.0000000000,0.7716665000,0.3466461000,0.5332609000,True,1.0000000000,4.0000000000,0.0320000000,0.0000000000,0.0000000000,0.7668625000,0.3497984000,0.5381105000,0.0000000000,0.0000000000,0.0000000000,0.7692700000,0.3482247000,0.5356895000,5.4384650000,
29.338,31148,True,1.0000000000,4.0000000000,-0.0320000000,0.0000000000,0.0000000000,0.7716847000,0.3466330000,0.5332432000,True,1.0000000000,4.0000000000,0.0320000000,0.0000000000,0.0000000000,0.7668445000,0.3498092000,0.5381292000,0.0000000000,0.0000000000,0.0000000000,0.7692701000,0.3482236000,0.5356901000,5.3977230000,
29.34845,31159,True,1.0000000000,4.0000000000,-0.0320000000,0.0000000000,0.0000000000,0.7717016000,0.3466232000,0.5332252000,True,1.0000000000,4.0000000000,0.0320000000,0.0000000000,0.0000000000,0.7668299000,0.3498199000,0.5381430000,0.0000000000,0.0000000000,0.0000000000,0.7692713000,0.3482240000,0.5356880000,5.3629330000,
29.35859,31169,True,1.0000000000,4.0000000000,-0.0320000000,0.0000000000,0.0000000000,0.7717163000,0.3466070000,0.5332144000,True,1.0000000000,4.0000000000,0.0320000000,0.0000000000,0.0000000000,0.7668212000,0.3498191000,0.5381559000,0.0000000000,0.0000000000,0.0000000000,0.7692744000,0.3482156000,0.5356891000,5.3371790000,
29.37097,31181,True,1.0000000000,4.0000000000,-0.0320000000,0.0000000000,0.0000000000,0.7717219000,0.3466060000,0.5332069000,True,1.0000000000,4.0000000000,0.0320000000,0.0000000000,0.0000000000,0.7668089000,0.3498299000,0.5381665000,0.0000000000,0.0000000000,0.0000000000,0.7692711000,0.3482206000,0.5356906000,5.3177970000,
29.38129,31191,True,1.0000000000,4.0000000000,-0.0320000000,0.0000000000,0.0000000000,0.7717296000,0.3466044000,0.5331969000,True,1.0000000000,4.0000000000,0.0320000000,0.0000000000,0.0000000000,0.7667982000,0.3498405000,0.5381749000,0.0000000000,0.0000000000,0.0000000000,0.7692696000,0.3482250000,0.5356898000,5.2979720000,
29.39214,31202,True,1.0000000000,4.0000000000,-0.0320000000,0.0000000000,0.0000000000,0.7717375000,0.3465982000,0.5331894000,True,1.0000000000,4.0000000000,0.0320000000,0.0000000000,0.0000000000,0.7667935000,0.3498425000,0.5381802000,0.0000000000,0.0000000000,0.0000000000,0.7692713000,0.3482230000,0.5356888000,5.2843740000,
29.40398,31214,True,1.0000000000,4.0000000000,-0.0320000000,0.0000000000,0.0000000000,0.7717388000,0.3465992000,0.5331870000,True,1.0000000000,4.0000000000,0.0320000000,0.0000000000,0.0000000000,0.7667865000,0.3498488000,0.5381860000,0.0000000000,0.0000000000,0.0000000000,0.7692685000,0.3482266000,0.5356905000,5.2757030000,
29.41405,31224,True,1.0000000000,4.0000000000,-0.0320000000,0.0000000000,0.0000000000,0.7717437000,0.3465939000,0.5331833000,True,1.0000000000,4.0000000000,0.0320000000,0.0000000000,0.0000000000,0.7667856000,0.3498475000,0.5381883000,0.0000000000,0.0000000000,0.0000000000,0.7692704000,0.3482233000,0.5356898000,5.2693090000,
29.42535,31236,True,1.0000000000,4.0000000000,-0.0320000000,0.0000000000,0.0000000000,0.7717444000,0.3465953000,0.5331813000,True,1.0000000000,4.0000000000,0.0320000000,0.0000000000,0.0000000000,0.7667820000,0.3498516000,0.5381907000,0.0000000000,0.0000000000,0.0000000000,0.7692690000,0.3482261000,0.5356900000,5.2648620000,
29.43686,31247,True,1.0000000000,4.0000000000,-0.0320000000,0.0000000000,0.0000000000,0.7717441000,0.3465922000,0.5331836000,True,1.0000000000,4.0000000000,0.0320000000,0.0000000000,0.0000000000,0.7667844000,0.3498468000,0.5381903000,0.0000000000,0.0000000000,0.0000000000,0.7692701000,0.3482221000,0.5356910000,5.2677030000,
29.44757,31258,True,1.0000000000,4.0000000000,-0.0320000000,0.0000000000,0.0000000000,0.7717453000,0.3465929000,0.5331816000,True,1.0000000000,4.0000000000,0.0320000000,0.0000000000,0.0000000000,0.7667818000,0.3498500000,0.5381921000,0.0000000000,0.0000000000,0.0000000000,0.7692693000,0.3482240000,0.5356909000,5.2636620000,
29.45869,31269,True,1.0000000000,4.0000000000,-0.0320000000,0.0000000000,0.0000000000,0.7717528000,0.3465856000,0.5331755000,True,1.0000000000,4.0000000000,0.0320000000,0.0000000000,0.0000000000,0.7667801000,0.3498487000,0.5381954000,0.0000000000,0.0000000000,0.0000000000,0.7692722000,0.3482198000,0.5356895000,5.2538400000,
29.47069,31282,True,1.0000000000,4.0000000000,-0.0320000000,0.0000000000,0.0000000000,0.7717584000,0.3465861000,0.5331671000,True,1.0000000000,4.0000000000,0.0320000000,0.0000000000,0.0000000000,0.7667709000,0.3498589000,0.5382017000,0.0000000000,0.0000000000,0.0000000000,0.7692705000,0.3482252000,0.5356885000,5.2383230000,
29.48097,31292,True,1.0000000000,4.0000000000,-0.0320000000,0.0000000000,0.0000000000,0.7717663000,0.3465813000,0.5331587000,True,1.0000000000,4.0000000000,0.0320000000,0.0000000000,0.0000000000,0.7667570000,0.3498684000,0.5382155000,0.0000000000,0.0000000000,0.0000000000,0.7692675000,0.3482276000,0.5356912000,5.2155210000,
29.49204,31302,True,1.0000000000,4.0000000000,-0.0320000000,0.0000000000,0.0000000000,0.7717806000,0.3465702000,0.5331453000,True,1.0000000000,4.0000000000,0.0320000000,0.0000000000,0.0000000000,0.7667466000,0.3498735000,0.5382268000,0.0000000000,0.0000000000,0.0000000000,0.7692696000,0.3482245000,0.5356902000,5.1900040000,
29.50388,31314,True,1.0000000000,4.0000000000,-0.0320000000,0.0000000000,0.0000000000,0.7717907000,0.3465644000,0.5331342000,True,1.0000000000,4.0000000000,0.0320000000,0.0000000000,0.0000000000,0.7667360000,0.3498815000,0.5382368000,0.0000000000,0.0000000000,0.0000000000,0.7692694000,0.3482257000,0.5356897000,5.1685810000,
29.51444,31324,True,1.0000000000,4.0000000000,-0.0320000000,0.0000000000,0.0000000000,0.7718010000,0.3465552000,0.5331254000,True,1.0000000000,4.0000000000,0.0320000000,0.0000000000,0.0000000000,0.7667241000,0.3498867000,0.5382504000,0.0000000000,0.0000000000,0.0000000000,0.7692686000,0.3482237000,0.5356922000,5.1460850000,
29.52518,31336,True,1.0000000000,4.0000000000,-0.0320000000,0.0000000000,0.0000000000,0.7718098000,0.3465495000,0.5331164000,True,1.0000000000,4.0000000000,0.0320000000,0.0000000000,0.0000000000,0.7667155000,0.3498923000,0.5382589000,0.0000000000,0.0000000000,0.0000000000,0.7692688000,0.3482237000,0.5356920000,5.1285910000,
29.53678,31347,True,1.0000000000,4.0000000000,-0.0320000000,0.0000000000,0.0000000000,0.7718159000,0.3465488000,0.5331081000,True,1.0000000000,4.0000000000,0.0320000000,0.0000000000,0.0000000000,0.7667109000,0.3498987000,0.5382613000,0.0000000000,0.0000000000,0.0000000000,0.7692695000,0.3482265000,0.5356890000,5.1178420000,
29.54747,31358,True,1.0000000000,4.0000000000,-0.0320000000,0.0000000000,0.0000000000,0.7718184000,0.3465443000,0.5331072000,True,1.0000000000,4.0000000000,0.0320000000,0.0000000000,0.0000000000,0.7667073000,0.3498984000,0.5382668000,0.0000000000,0.0000000000,0.0000000000,0.7692690000,0.3482241000,0.5356913000,5.1115390000,
29.55863,31369,True,1.0000000000,4.0000000000,-0.0320000000,0.0000000000,0.0000000000,0.7718228000,0.3465385000,0.5331048000,True,1.0000000000,4.0000000000,0.0320000000,0.0000000000,0.0000000000,0.7667053000,0.3498966000,0.5382708000,0.0000000000,0.0000000000,0.0000000000,0.7692702000,0.3482203000,0.5356920000,5.1052070000,
29.57023,31380,True,1.0000000000,4.0000000000,-0.0320000000,0.0000000000,0.0000000000,0.7718220000,0.3465444000,0.5331021000,True,1.0000000000,4.0000000000,0.0320000000,0.0000000000,0.0000000000,0.7667044000,0.3499026000,0.5382681000,0.0000000000,0.0000000000,0.0000000000,0.7692693000,0.3482263000,0.5356894000,5.1051480000,
29.58079,31391,True,1.0000000000,4.0000000000,-0.0320000000,0.0000000000,0.0000000000,0.7718220000,0.3465444000,0.5331020000,True,1.0000000000,4.0000000000,0.0320000000,0.0000000000,0.0000000000,0.7667034000,0.3499033000,0.5382691000,0.0000000000,0.0000000000,0.0000000000,0.7692689000,0.3482267000,0.5356898000,5.1041830000,
29.59153,31402,True,1.0000000000,4.0000000000,-0.0320000000,0.0000000000,0.0000000000,0.7718239000,0.3465374000,0.5331038000,True,1.0000000000,4.0000000000,0.0320000000,0.0000000000,0.0000000000,0.7667053000,0.3498963000,0.5382710000,0.0000000000,0.0000000000,0.0000000000,0.7692707000,0.3482197000,0.5356917000,5.1040810000,
29.60383,31414,True,1.0000000000,4.0000000000,-0.0320000000,0.0000000000,0.0000000000,0.7718223000,0.3465415000,0.5331035000,True,1.0000000000,4.0000000000,0.0320000000,0.0000000000,0.0000000000,0.7667069000,0.3498983000,0.5382674000,0.0000000000,0.0000000000,0.0000000000,0.7692708000,0.3482227000,0.5356897000,5.1073250000,
29.6134,31423,True,1.0000000000,4.0000000000,-0.0320000000,0.0000000000,0.0000000000,0.7718228000,0.3465379000,0.5331053000,True,1.0000000000,4.0000000000,0.0320000000,0.0000000000,0.0000000000,0.7667069000,0.3498949000,0.5382695000,0.0000000000,0.0000000000,0.0000000000,0.7692710000,0.3482192000,0.5356916000,5.1069470000,
29.62513,31435,True,1.0000000000,4.0000000000,-0.0320000000,0.0000000000,0.0000000000,0.7718183000,0.3465458000,0.5331064000,True,1.0000000000,4.0000000000,0.0320000000,0.0000000000,0.0000000000,0.7667075000,0.3498995000,0.5382657000,0.0000000000,0.0000000000,0.0000000000,0.7692690000,0.3482254000,0.5356904000,5.1119320000,
29.63588,31446,True,1.0000000000,4.0000000000,-0.0320000000,0.0000000000,0.0000000000,0.7718154000,0.3465491000,0.5331084000,True,1.0000000000,4.0000000000,0.0320000000,0.0000000000,0.0000000000,0.7667108000,0.3498989000,0.5382615000,0.0000000000,0.0000000000,0.0000000000,0.7692692000,0.3482268000,0.5356892000,5.1179790000,
29.64705,31457,True,1.0000000000,4.0000000000,-0.0320000000,0.0000000000,0.0000000000,0.7718101000,0.3465478000,0.5331171000,True,1.0000000000,4.0000000000,0.0320000000,0.0000000000,0.0000000000,0.7667140000,0.3498919000,0.5382615000,0.0000000000,0.0000000000,0.0000000000,0.7692682000,0.3482226000,0.5356935000,5.1267290000,
29.65804,31468,True,1.0000000000,4.0000000000,-0.0320000000,0.0000000000,0.0000000000,0.7718040000,0.3465595000,0.5331183000,True,1.0000000000,4.0000000000,0.0320000000,0.0000000000,0.0000000000,0.7667191000,0.3498962000,0.5382513000,0.0000000000,0.0000000000,0.0000000000,0.7692676000,0.3482306000,0.5356891000,5.1380390000,
29.66973,31480,True,1.0000000000,4.0000000000,-0.0320000000,0.0000000000,0.0000000000,0.7717974000,0.3465596000,0.5331278000,True,1.0000000000,4.0000000000,0.0320000000,0.0000000000,0.0000000000,0.7667303000,0.3498846000,0.5382428000,0.0000000000,0.0000000000,0.0000000000,0.7692699000,0.3482248000,0.5356895000,5.1560240000,
29.68047,31492,True,1.0000000000,4.0000000000,-0.0320000000,0.0000000000,0.0000000000,0.7717851000,0.3465668000,0.5331410000,True,1.0000000000,4.0000000000,0.0320000000,0.0000000000,0.0000000000,0.7667375000,0.3498791000,0.5382364000,0.0000000000,0.0000000000,0.0000000000,0.7692673000,0.3482257000,0.5356928000,5.1759730000,
29.69186,31502,True,1.0000000000,4.0000000000,-0.0320000000,0.0000000000,0.0000000000,0.7717772000,0.3465691000,0.5331509000,True,1.0000000000,4.0000000000,0.0320000000,0.0000000000,0.0000000000,0.7667522000,0.3498664000,0.5382234000,0.0000000000,0.0000000000,0.0000000000,0.7692707000,0.3482204000,0.5356914000,5.1993220000,
29.70357,31514,True,1.0000000000,4.0000000000,-0.0320000000,0.0000000000,0.0000000000,0.7717621000,0.3465843000,0.5331628000,True,1.0000000000,4.0000000000,0.0320000000,0.0000000000,0.0000000000,0.7667639000,0.3498642000,0.5382082000,0.0000000000,0.0000000000,0.0000000000,0.7692689000,0.3482269000,0.5356897000,5.2271920000,
29.7204,31531,True,1.0000000000,4.0000000000,-0.0320000000,0.0000000000,0.0000000000,0.7717498000,0.3465862000,0.5331795000,True,1.0000000000,4.0000000000,0.0320000000,0.0000000000,0.0000000000,0.7667828000,0.3498455000,0.5381935000,0.0000000000,0.0000000000,0.0000000000,0.7692721000,0.3482185000,0.5356905000,5.2599800000,
29.73724,31547,True,1.0000000000,4.0000000000,-0.0320000000,0.0000000000,0.0000000000,0.7717216000,0.3466059000,0.5332075000,True,1.0000000000,4.0000000000,0.0320000000,0.0000000000,0.0000000000,0.7668105000,0.3498285000,0.5381651000,0.0000000000,0.0000000000,0.0000000000,0.7692717000,0.3482197000,0.5356902000,5.3198610000,
29.74639,31557,True,1.0000000000,4.0000000000,-0.0320000000,0.0000000000,0.0000000000,0.7717032000,0.3466205000,0.5332245000,True,1.0000000000,4.0000000000,0.0320000000,0.0000000000,0.0000000000,0.7668284000,0.3498194000,0.5381457000,0.0000000000,0.0000000000,0.0000000000,0.7692714000,0.3482225000,0.5356889000,5.3593390000,
29.75798,31568,True,1.0000000000,4.0000000000,-0.0320000000,0.0000000000,0.0000000000,0.7716817000,0.3466328000,0.5332476000,True,1.0000000000,4.0000000000,0.0320000000,0.0000000000,0.0000000000,0.7668508000,0.3498029000,0.5381243000,0.0000000000,0.0000000000,0.0000000000,0.7692717000,0.3482203000,0.5356898000,5.4081260000,
29.76953,31580,True,1.0000000000,4.0000000000,-0.0320000000,0.0000000000,0.0000000000,0.7716537000,0.3466522000,0.5332757000,True,1.0000000000,4.0000000000,0.0320000000,0.0000000000,0.0000000000,0.7668747000,0.3497881000,0.5380999000,0.0000000000,0.0000000000,0.0000000000,0.7692695000,0.3482226000,0.5356916000,5.4669610000,
29.78016,31590,True,1.0000000000,4.0000000000,-0.0320000000,0.0000000000,0.0000000000,0.7716246000,0.3466736000,0.5333038000,True,1.0000000000,4.0000000000,0.0320000000,0.0000000000,0.0000000000,0.7669045000,0.3497710000,0.5380685000,0.0000000000,0.0000000000,0.0000000000,0.7692698000,0.3482247000,0.5356898000,5.5351940000,
29.79117,31601,True,1.0000000000,4.0000000000,-0.0320000000,0.0000000000,0.0000000000,0.7715917000,0.3466889000,0.5333413000,True,1.0000000000,4.0000000000,0.0320000000,0.0000000000,0.0000000000,0.7669465000,0.3497371000,0.5380307000,0.0000000000,0.0000000000,0.0000000000,0.7692742000,0.3482153000,0.5356896000,5.6242060000,
29.80281,31613,True,1.0000000000,4.0000000000,-0.0320000000,0.0000000000,0.0000000000,0.7715775000,0.3466985000,0.5333557000,True,1.0000000000,4.0000000000,0.0320000000,0.0000000000,0.0000000000,0.7669577000,0.3497300000,0.5380194000,0.0000000000,0.0000000000,0.0000000000,0.7692726000,0.3482165000,0.5356910000,5.6550920000,
29.81342,31623,True,1.0000000000,4.0000000000,-0.0320000000,0.0000000000,0.0000000000,0.7715790000,0.3467055000,0.5333488000,True,1.0000000000,4.0000000000,0.0320000000,0.0000000000,0.0000000000,0.7669545000,0.3497403000,0.5380173000,0.0000000000,0.0000000000,0.0000000000,0.7692719000,0.3482252000,0.5356865000,5.6492670000,
29.82585,31636,True,1.0000000000,4.0000000000,-0.0320000000,0.0000000000,0.0000000000,0.7715807000,0.3467009000,0.5333496000,True,1.0000000000,4.0000000000,0.0320000000,0.0000000000,0.0000000000,0.7669527000,0.3497379000,0.5380214000,0.0000000000,0.0000000000,0.0000000000,0.7692717000,0.3482217000,0.5356889000,5.6451840000,
29.83558,31646,True,1.0000000000,4.0000000000,-0.0320000000,0.0000000000,0.0000000000,0.7715815000,0.3467058000,0.5333453000,True,1.0000000000,4.0000000000,0.0320000000,0.0000000000,0.0000000000,0.7669505000,0.3497446000,0.5380200000,0.0000000000,0.0000000000,0.0000000000,0.7692711000,0.3482275000,0.5356861000,5.6416670000,
29.84674,31657,True,1.0000000000,4.0000000000,-0.0320000000,0.0000000000,0.0000000000,0.7715828000,0.3466994000,0.5333474000,True,1.0000000000,4.0000000000,0.0320000000,0.0000000000,0.0000000000,0.7669514000,0.3497386000,0.5380228000,0.0000000000,0.0000000000,0.0000000000,0.7692721000,0.3482213000,0.5356886000,5.6409990000,
29.85777,31668,True,1.0000000000,4.0000000000,-0.0320000000,0.0000000000,0.0000000000,0.7715827000,0.3466985000,0.5333481000,True,1.0000000000,4.0000000000,0.0320000000,0.0000000000,0.0000000000,0.7669517000,0.3497374000,0.5380231000,0.0000000000,0.0000000000,0.0000000000,0.7692723000,0.3482202000,0.5356891000,5.6415720000,
29.86953,31680,True,1.0000000000,4.0000000000,-0.0320000000,0.0000000000,0.0000000000,0.7715783000,0.3467091000,0.5333477000,True,1.0000000000,4.0000000000,0.0320000000,0.0000000000,0.0000000000,0.7669479000,0.3497476000,0.5380219000,0.0000000000,0.0000000000,0.0000000000,0.7692682000,0.3482306000,0.5356883000,5.6422970000,
29.87995,31690,True,1.0000000000,4.0000000000,-0.0320000000,0.0000000000,0.0000000000,0.7715813000,0.3467013000,0.5333484000,True,1.0000000000,4.0000000000,0.0320000000,0.0000000000,0.0000000000,0.7669509000,0.3497398000,0.5380227000,0.0000000000,0.0000000000,0.0000000000,0.7692711000,0.3482229000,0.5356891000,5.6422290000,
29.89123,31701,True,1.0000000000,4.0000000000,-0.0320000000,0.0000000000,0.0000000000,0.7715816000,0.3467074000,0.5333439000,True,1.0000000000,4.0000000000,0.0320000000,0.0000000000,0.0000000000,0.7669506000,0.3497464000,0.5380188000,0.0000000000,0.0000000000,0.0000000000,0.7692712000,0.3482292000,0.5356849000,5.6414820000,
29.90229,31713,True,1.0000000000,4.0000000000,-0.0320000000,0.0000000000,0.0000000000,0.7715825000,0.3467004000,0.5333472000,True,1.0000000000,4.0000000000,0.0320000000,0.0000000000,0.0000000000,0.7669501000,0.3497403000,0.5380235000,0.0000000000,0.0000000000,0.0000000000,0.7692714000,0.3482226000,0.5356888000,5.6397590000,
29.91286,31723,True,1.0000000000,4.0000000000,-0.0320000000,0.0000000000,0.0000000000,0.7715815000,0.3466956000,0.5333518000,True,1.0000000000,4.0000000000,0.0320000000,0.0000000000,0.0000000000,0.7669494000,0.3497352000,0.5380278000,0.0000000000,0.0000000000,0.0000000000,0.7692705000,0.3482177000,0.5356933000,5.6402320000,
29.92417,31735,True,1.0000000000,4.0000000000,-0.0320000000,0.0000000000,0.0000000000,0.7715800000,0.3467034000,0.5333489000,True,1.0000000000,4.0000000000,0.0320000000,0.0000000000,0.0000000000,0.7669506000,0.3497413000,0.5380222000,0.0000000000,0.0000000000,0.0000000000,0.7692704000,0.3482246000,0.5356891000,5.6434520000,
29.93577,31746,True,1.0000000000,4.0000000000,-0.0320000000,0.0000000000,0.0000000000,0.7715794000,0.3467037000,0.5333496000,True,1.0000000000,4.0000000000,0.0320000000,0.0000000000,0.0000000000,0.7669532000,0.3497395000,0.5380197000,0.0000000000,0.0000000000,0.0000000000,0.7692714000,0.3482239000,0.5356880000,5.6473930000,
29.94641,31757,True,1.0000000000,4.0000000000,-0.0320000000,0.0000000000,0.0000000000,0.7715778000,0.3467016000,0.5333533000,True,1.0000000000,4.0000000000,0.0320000000,0.0000000000,0.0000000000,0.7669563000,0.3497343000,0.5380186000,0.0000000000,0.0000000000,0.0000000000,0.7692720000,0.3482203000,0.5356894000,5.6531010000,
29.9582,31768,True,1.0000000000,4.0000000000,-0.0320000000,0.0000000000,0.0000000000,0.7715750000,0.3467040000,0.5333558000,True,1.0000000000,4.0000000000,0.0320000000,0.0000000000,0.0000000000,0.7669579000,0.3497338000,0.5380166000,0.0000000000,0.0000000000,0.0000000000,0.7692714000,0.3482212000,0.5356897000,5.6585330000,
29.96963,31780,True,1.0000000000,4.0000000000,-0.0320000000,0.0000000000,0.0000000000,0.7715707000,0.3467123000,0.5333565000,True,1.0000000000,4.0000000000,0.0320000000,0.0000000000,0.0000000000,0.7669578000,0.3497394000,0.5380132000,0.0000000000,0.0000000000,0.0000000000,0.7692693000,0.3482281000,0.5356883000,5.6636350000,
29.9798,31790,True,1.0000000000,4.0000000000,-0.0320000000,0.0000000000,0.0000000000,0.7715719000,0.3467062000,0.5333588000,True,1.0000000000,4.0000000000,0.0320000000,0.0000000000,0.0000000000,0.7669615000,0.3497316000,0.5380130000,0.0000000000,0.0000000000,0.0000000000,0.7692717000,0.3482212000,0.5356894000,5.6667530000,
29.99055,31801,True,1.0000000000,4.0000000000,-0.0320000000,0.0000000000,0.0000000000,0.7715714000,0.3467088000,0.5333579000,True,1.0000000000,4.0000000000,0.0320000000,0.0000000000,0.0000000000,0.7669605000,0.3497345000,0.5380124000,0.0000000000,0.0000000000,0.0000000000,0.7692710000,0.3482239000,0.5356886000,5.6661770000,
30.00239,31813,True,1.0000000000,4.0000000000,-0.0320000000,0.0000000000,0.0000000000,0.7715736000,0.3467078000,0.5333554000,True,1.0000000000,4.0000000000,0.0320000000,0.0000000000,0.0000000000,0.7669604000,0.3497349000,0.5380123000,0.0000000000,0.0000000000,0.0000000000,0.7692720000,0.3482237000,0.5356873000,5.6633680000,
30.01293,31823,True,1.0000000000,4.0000000000,-0.0320000000,0.0000000000,0.0000000000,0.7715744000,0.3467079000,0.5333540000,True,1.0000000000,4.0000000000,0.0320000000,0.0000000000,0.0000000000,0.7669587000,0.3497369000,0.5380136000,0.0000000000,0.0000000000,0.0000000000,0.7692716000,0.3482247000,0.5356873000,5.6601880000,
30.02516,31835,True,1.0000000000,4.0000000000,-0.0320000000,0.0000000000,0.0000000000,0.7715755000,0.3467028000,0.5333558000,True,1.0000000000,4.0000000000,0.0320000000,0.0000000000,0.0000000000,0.7669570000,0.3497334000,0.5380180000,0.0000000000,0.0000000000,0.0000000000,0.7692713000,0.3482204000,0.5356905000,5.6569380000,
30.03573,31846,True,1.0000000000,4.0000000000,-0.0320000000,0.0000000000,0.0000000000,0.7715784000,0.3467003000,0.5333533000,True,1.0000000000,4.0000000000,0.0320000000,0.0000000000,0.0000000000,0.7669568000,0.3497330000,0.5380187000,0.0000000000,0.0000000000,0.0000000000,0.7692726000,0.3482189000,0.5356895000,5.6530060000,
30.04658,31857,True,1.0000000000,4.0000000000,-0.0320000000,0.0000000000,0.0000000000,0.7715791000,0.3467056000,0.5333487000,True,1.0000000000,4.0000000000,0.0320000000,0.0000000000,0.0000000000,0.7669556000,0.3497397000,0.5380162000,0.0000000000,0.0000000000,0.0000000000,0.7692724000,0.3482249000,0.5356860000,5.6504600000,
30.05727,31867,True,1.0000000000,4.0000000000,-0.0320000000,0.0000000000,0.0000000000,0.7715812000,0.3466993000,0.5333499000,True,1.0000000000,4.0000000000,0.0320000000,0.0000000000,0.0000000000,0.7669554000,0.3497347000,0.5380195000,0.0000000000,0.0000000000,0.0000000000,0.7692733000,0.3482193000,0.5356882000,5.6478740000,
30.06911,31880,True,1.0000000000,4.0000000000,-0.0320000000,0.0000000000,0.0000000000,0.7715786000,0.3467051000,0.5333499000,True,1.0000000000,4.0000000000,0.0320000000,0.0000000000,0.0000000000,0.7669511000,0.3497417000,0.5380211000,0.0000000000,0.0000000000,0.0000000000,0.7692699000,0.3482257000,0.5356890000,5.6459130000,
30.07956,31890,True,1.0000000000,4.0000000000,-0.0320000000,0.0000000000,0.0000000000,0.7715810000,0.3467011000,0.5333490000,True,1.0000000000,4.0000000000,0.0320000000,0.0000000000,0.0000000000,0.7669535000,0.3497377000,0.5380204000,0.0000000000,0.0000000000,0.0000000000,0.7692723000,0.3482217000,0.5356882000,5.6457150000,
30.09191,31902,True,1.0000000000,4.0000000000,-0.0320000000,0.0000000000,0.0000000000,0.7715794000,0.3467037000,0.5333496000,True,1.0000000000,4.0000000000,0.0320000000,0.0000000000,0.0000000000,0.7669539000,0.3497390000,0.5380189000,0.0000000000,0.0000000000,0.0000000000,0.7692717000,0.3482237000,0.5356877000,5.6482270000,
30.10201,31912,True,1.0000000000,4.0000000000,-0.0320000000,0.0000000000,0.0000000000,0.7715804000,0.3466955000,0.5333536000,True,1.0000000000,4.0000000000,0.0320000000,0.0000000000,0.0000000000,0.7669579000,0.3497288000,0.5380198000,0.0000000000,0.0000000000,0.0000000000,0.7692742000,0.3482144000,0.5356902000,5.6518670000,
30.11344,31925,True,1.0000000000,4.0000000000,-0.0320000000,0.0000000000,0.0000000000,0.7715729000,0.3467068000,0.5333570000,True,1.0000000000,4.0000000000,0.0320000000,0.0000000000,0.0000000000,0.7669576000,0.3497353000,0.5380160000,0.0000000000,0.0000000000,0.0000000000,0.7692703000,0.3482234000,0.5356900000,5.6608590000,
30.1251,31936,True,1.0000000000,4.0000000000,-0.0320000000,0.0000000000,0.0000000000,0.7715688000,0.3467098000,0.5333609000,True,1.0000000000,4.0000000000,0.0320000000,0.0000000000,0.0000000000,0.7669640000,0.3497315000,0.5380094000,0.0000000000,0.0000000000,0.0000000000,0.7692714000,0.3482229000,0.5356886000,5.6735550000,
30.13617,31947,True,1.0000000000,4.0000000000,-0.0320000000,0.0000000000,0.0000000000,0.7715636000,0.3467104000,0.5333680000,True,1.0000000000,4.0000000000,0.0320000000,0.0000000000,0.0000000000,0.7669711000,0.3497241000,0.5380041000,0.0000000000,0.0000000000,0.0000000000,0.7692724000,0.3482195000,0.5356895000,5.6886830000,
30.14666,31957,True,1.0000000000,4.0000000000,-0.0320000000,0.0000000000,0.0000000000,0.7715552000,0.3467174000,0.5333757000,True,1.0000000000,4.0000000000,0.0320000000,0.0000000000,0.0000000000,0.7669777000,0.3497211000,0.5379965000,0.0000000000,0.0000000000,0.0000000000,0.7692714000,0.3482215000,0.5356896000,5.7075420000,
30.1584,31969,True,1.0000000000,4.0000000000,-0.0320000000,0.0000000000,0.0000000000,0.7715472000,0.3467235000,0.5333833000,True,1.0000000000,4.0000000000,0.0320000000,0.0000000000,0.0000000000,0.7669860000,0.3497166000,0.5379877000,0.0000000000,0.0000000000,0.0000000000,0.7692715000,0.3482223000,0.5356889000,5.7278850000,
30.16957,31980,True,1.0000000000,4.0000000000,-0.0320000000,0.0000000000,0.0000000000,0.7715391000,0.3467279000,0.5333921000,True,1.0000000000,4.0000000000,0.0320000000,0.0000000000,0.0000000000,0.7669957000,0.3497093000,0.5379786000,0.0000000000,0.0000000000,0.0000000000,0.7692723000,0.3482208000,0.5356888000,5.7502860000,
30.18031,31991,True,1.0000000000,4.0000000000,-0.0320000000,0.0000000000,0.0000000000,0.7715416000,0.3467284000,0.5333883000,True,1.0000000000,4.0000000000,0.0320000000,0.0000000000,0.0000000000,0.7669887000,0.3497160000,0.5379843000,0.0000000000,0.0000000000,0.0000000000,0.7692700000,0.3482244000,0.5356897000,5.7383870000,
30.19176,32002,True,1.0000000000,4.0000000000,-0.0320000000,0.0000000000,0.0000000000,0.7715548000,0.3467166000,0.5333768000,True,1.0000000000,4.0000000000,0.0320000000,0.0000000000,0.0000000000,0.7669799000,0.3497187000,0.5379952000,0.0000000000,0.0000000000,0.0000000000,0.7692723000,0.3482198000,0.5356894000,5.7106550000,
30.20344,32014,True,1.0000000000,4.0000000000,-0.0320000000,0.0000000000,0.0000000000,0.7715655000,0.3467113000,0.5333648000,True,1.0000000000,4.0000000000,0.0320000000,0.0000000000,0.0000000000,0.7669687000,0.3497277000,0.5380052000,0.0000000000,0.0000000000,0.0000000000,0.7692720000,0.3482217000,0.5356885000,5.6834750000,
30.21416,32024,True,1.0000000000,4.0000000000,-0.0320000000,0.0000000000,0.0000000000,0.7715758000,0.3467043000,0.5333544000,True,1.0000000000,4.0000000000,0.0320000000,0.0000000000,0.0000000000,0.7669582000,0.3497344000,0.5380158000,0.0000000000,0.0000000000,0.0000000000,0.7692720000,0.3482216000,0.5356886000,5.6578450000,
30.22603,32036,True,1.0000000000,4.0000000000,-0.0320000000,0.0000000000,0.0000000000,0.7715862000,0.3466968000,0.5333444000,True,1.0000000000,4.0000000000,0.0320000000,0.0000000000,0.0000000000,0.7669476000,0.3497406000,0.5380269000,0.0000000000,0.0000000000,0.0000000000,0.7692720000,0.3482210000,0.5356892000,5.6323980000,
30.23756,32047,True,1.0000000000,4.0000000000,-0.0320000000,0.0000000000,0.0000000000,0.7715974000,0.3466924000,0.5333309000,True,1.0000000000,4.0000000000,0.0320000000,0.0000000000,0.0000000000,0.7669369000,0.3497507000,0.5380355000,0.0000000000,0.0000000000,0.0000000000,0.7692723000,0.3482239000,0.5356867000,5.6058200000,
30.24732,32058,True,1.0000000000,4.0000000000,-0.0320000000,0.0000000000,0.0000000000,0.7716078000,0.3466865000,0.5333197000,True,1.0000000000,4.0000000000,0.0320000000,0.0000000000,0.0000000000,0.7669251000,0.3497593000,0.5380468000,0.0000000000,0.0000000000,0.0000000000,0.7692716000,0.3482253000,0.5356869000,5.5792530000,
30.25891,32069,True,1.0000000000,4.0000000000,-0.0320000000,0.0000000000,0.0000000000,0.7716189000,0.3466761000,0.5333104000,True,1.0000000000,4.0000000000,0.0320000000,0.0000000000,0.0000000000,0.7669135000,0.3497637000,0.5380604000,0.0000000000,0.0000000000,0.0000000000,0.7692714000,0.3482222000,0.5356891000,5.5524230000,
30.27071,32081,True,1.0000000000,4.0000000000,-0.0320000000,0.0000000000,0.0000000000,0.7716303000,0.3466669000,0.5332999000,True,1.0000000000,4.0000000000,0.0320000000,0.0000000000,0.0000000000,0.7669004000,0.3497706000,0.5380746000,0.0000000000,0.0000000000,0.0000000000,0.7692706000,0.3482211000,0.5356909000,5.5236040000,
30.28181,32092,True,1.0000000000,4.0000000000,-0.0320000000,0.0000000000,0.0000000000,0.7716429000,0.3466605000,0.5332857000,True,1.0000000000,4.0000000000,0.0320000000,0.0000000000,0.0000000000,0.7668881000,0.3497806000,0.5380856000,0.0000000000,0.0000000000,0.0000000000,0.7692709000,0.3482230000,0.5356894000,5.4946750000,
30.29206,32102,True,1.0000000000,4.0000000000,-0.0320000000,0.0000000000,0.0000000000,0.7716550000,0.3466511000,0.5332745000,True,1.0000000000,4.0000000000,0.0320000000,0.0000000000,0.0000000000,0.7668754000,0.3497874000,0.5380994000,0.0000000000,0.0000000000,0.0000000000,0.7692705000,0.3482217000,0.5356907000,5.4662530000,
30.30411,32114,True,1.0000000000,4.0000000000,-0.0320000000,0.0000000000,0.0000000000,0.7716677000,0.3466431000,0.5332611000,True,1.0000000000,4.0000000000,0.0320000000,0.0000000000,0.0000000000,0.7668632000,0.3497959000,0.5381112000,0.0000000000,0.0000000000,0.0000000000,0.7692709000,0.3482220000,0.5356899000,5.4377760000,
30.31426,32124,True,1.0000000000,4.0000000000,-0.0320000000,0.0000000000,0.0000000000,0.7716811000,0.3466326000,0.5332486000,True,1.0000000000,4.0000000000,0.0320000000,0.0000000000,0.0000000000,0.7668521000,0.3498014000,0.5381234000,0.0000000000,0.0000000000,0.0000000000,0.7692721000,0.3482195000,0.5356898000,5.4102290000,
30.32563,32136,True,1.0000000000,4.0000000000,-0.0320000000,0.0000000000,0.0000000000,0.7716901000,0.3466278000,0.5332388000,True,1.0000000000,4.0000000000,0.0320000000,0.0000000000,0.0000000000,0.7668370000,0.3498124000,0.5381378000,0.0000000000,0.0000000000,0.0000000000,0.7692690000,0.3482226000,0.5356922000,5.3834770000,
30.33722,32147,True,1.0000000000,4.0000000000,-0.0320000000,0.0000000000,0.0000000000,0.7717057000,0.3466192000,0.5332217000,True,1.0000000000,4.0000000000,0.0320000000,0.0000000000,0.0000000000,0.7668255000,0.3498217000,0.5381482000,0.0000000000,0.0000000000,0.0000000000,0.7692713000,0.3482230000,0.5356888000,5.3533620000,
30.34734,32158,True,1.0000000000,4.0000000000,-0.0320000000,0.0000000000,0.0000000000,0.7717187000,0.3466154000,0.5332054000,True,1.0000000000,4.0000000000,0.0320000000,0.0000000000,0.0000000000,0.7668067000,0.3498387000,0.5381639000,0.0000000000,0.0000000000,0.0000000000,0.7692684000,0.3482296000,0.5356886000,5.3188690000,
30.35925,32169,True,1.0000000000,4.0000000000,-0.0320000000,0.0000000000,0.0000000000,0.7717398000,0.3465986000,0.5331858000,True,1.0000000000,4.0000000000,0.0320000000,0.0000000000,0.0000000000,0.7667884000,0.3498478000,0.5381840000,0.0000000000,0.0000000000,0.0000000000,0.7692699000,0.3482258000,0.5356889000,5.2764710000,
30.37022,32180,True,1.0000000000,4.0000000000,-0.0320000000,0.0000000000,0.0000000000,0.7717602000,0.3465862000,0.5331644000,True,1.0000000000,4.0000000000,0.0320000000,0.0000000000,0.0000000000,0.7667633000,0.3498652000,0.5382086000,0.0000000000,0.0000000000,0.0000000000,0.7692676000,0.3482284000,0.5356906000,5.2285260000,
30.38123,32191,True,1.0000000000,4.0000000000,-0.0320000000,0.0000000000,0.0000000000,0.7717899000,0.3465654000,0.5331349000,True,1.0000000000,4.0000000000,0.0320000000,0.0000000000,0.0000000000,0.7667360000,0.3498818000,0.5382367000,0.0000000000,0.0000000000,0.0000000000,0.7692689000,0.3482263000,0.5356899000,5.1694700000,
30.39198,32202,True,1.0000000000,4.0000000000,-0.0320000000,0.0000000000,0.0000000000,0.7718211000,0.3465445000,0.5331033000,True,1.0000000000,4.0000000000,0.0320000000,0.0000000000,0.0000000000,0.7667024000,0.3499034000,0.5382705000,0.0000000000,0.0000000000,0.0000000000,0.7692679000,0.3482268000,0.5356912000,5.1041740000,
30.42591,32236,True,1.0000000000,4.0000000000,-0.0320000000,0.0000000000,0.0000000000,0.7718885000,0.3464961000,0.5330372000,True,1.0000000000,4.0000000000,0.0320000000,0.0000000000,0.0000000000,0.7666367000,0.3499424000,0.5383387000,0.0000000000,0.0000000000,0.0000000000,0.7692690000,0.3482222000,0.5356925000,4.9747210000,
30.44022,32250,True,1.0000000000,4.0000000000,-0.0320000000,0.0000000000,0.0000000000,0.7720721000,0.3463785000,0.5328476000,True,1.0000000000,4.0000000000,0.0320000000,0.0000000000,0.0000000000,0.7664492000,0.3500683000,0.5385238000,0.0000000000,0.0000000000,0.0000000000,0.7692681000,0.3482268000,0.5356909000,4.6463910000,
30.4543,32264,True,1.0000000000,4.0000000000,-0.0320000000,0.0000000000,0.0000000000,0.7721386000,0.3463336000,0.5327803000,True,1.0000000000,4.0000000000,0.0320000000,0.0000000000,0.0000000000,0.7663737000,0.3501165000,0.5385998000,0.0000000000,0.0000000000,0.0000000000,0.7692640000,0.3482286000,0.5356955000,4.5320250000,
30.46524,32285,True,1.0000000000,4.0000000000,-0.0320000000,0.0000000000,0.0000000000,0.7722027000,0.3462869000,0.5327179000,True,1.0000000000,4.0000000000,0.0320000000,0.0000000000,0.0000000000,0.7663119000,0.3501523000,0.5386644000,0.0000000000,0.0000000000,0.0000000000,0.7692655000,0.3482234000,0.5356969000,4.4351710000,
30.48283,32293,True,1.0000000000,4.0000000000,-0.0320000000,0.0000000000,0.0000000000,0.7724817000,0.3461022000,0.5324333000,True,1.0000000000,4.0000000000,0.0320000000,0.0000000000,0.0000000000,0.7660252000,0.3503388000,0.5389509000,0.0000000000,0.0000000000,0.0000000000,0.7692633000,0.3482250000,0.5356990000,4.0465790000,
30.49854,32308,True,1.0000000000,4.0000000000,-0.0320000000,0.0000000000,0.0000000000,0.7725924000,0.3460344000,0.5323169000,True,1.0000000000,4.0000000000,0.0320000000,0.0000000000,0.0000000000,0.7659064000,0.3504216000,0.5390660000,0.0000000000,0.0000000000,0.0000000000,0.7692599000,0.3482328000,0.5356987000,3.9077250000,
30.50993,32320,True,1.0000000000,4.0000000000,-0.0320000000,0.0000000000,0.0000000000,0.7726457000,0.3459936000,0.5322660000,True,1.0000000000,4.0000000000,0.0320000000,0.0000000000,0.0000000000,0.7658532000,0.3504506000,0.5391226000,0.0000000000,0.0000000000,0.0000000000,0.7692603000,0.3482270000,0.5357019000,3.8464440000,
30.52095,32331,True,1.0000000000,4.0000000000,-0.0320000000,0.0000000000,0.0000000000,0.7726930000,0.3459639000,0.5322167000,True,1.0000000000,4.0000000000,0.0320000000,0.0000000000,0.0000000000,0.7658030000,0.3504849000,0.5391716000,0.0000000000,0.0000000000,0.0000000000,0.7692592000,0.3482295000,0.5357019000,3.7920230000,
30.53203,32342,True,1.0000000000,4.0000000000,-0.0320000000,0.0000000000,0.0000000000,0.7727359000,0.3459374000,0.5321715000,True,1.0000000000,4.0000000000,0.0320000000,0.0000000000,0.0000000000,0.7657580000,0.3505162000,0.5392153000,0.0000000000,0.0000000000,0.0000000000,0.7692584000,0.3482320000,0.5357014000,3.7442260000,
30.56829,32379,True,1.0000000000,4.0000000000,-0.0320000000,0.0000000000,0.0000000000,0.7727708000,0.3459192000,0.5321329000,True,1.0000000000,4.0000000000,0.0320000000,0.0000000000,0.0000000000,0.7657177000,0.3505471000,0.5392523000,0.0000000000,0.0000000000,0.0000000000,0.7692559000,0.3482384000,0.5357007000,3.7044390000,
30.58501,32395,True,1.0000000000,4.0000000000,-0.0320000000,0.0000000000,0.0000000000,0.7728798000,0.3458425000,0.5320243000,True,1.0000000000,4.0000000000,0.0320000000,0.0000000000,0.0000000000,0.7656083000,0.3506138000,0.5393643000,0.0000000000,0.0000000000,0.0000000000,0.7692565000,0.3482338000,0.5357029000,3.5931290000,
30.59987,32410,True,1.0000000000,4.0000000000,-0.0320000000,0.0000000000,0.0000000000,0.7728947000,0.3458308000,0.5320101000,True,1.0000000000,4.0000000000,0.0320000000,0.0000000000,0.0000000000,0.7655907000,0.3506235000,0.5393831000,0.0000000000,0.0000000000,0.0000000000,0.7692553000,0.3482329000,0.5357053000,3.5770960000,
30.60934,32419,True,1.0000000000,4.0000000000,-0.0320000000,0.0000000000,0.0000000000,0.7729091000,0.3458196000,0.5319967000,True,1.0000000000,4.0000000000,0.0320000000,0.0000000000,0.0000000000,0.7655789000,0.3506294000,0.5393960000,0.0000000000,0.0000000000,0.0000000000,0.7692567000,0.3482302000,0.5357051000,3.5643480000,
30.62075,32431,True,1.0000000000,4.0000000000,-0.0320000000,0.0000000000,0.0000000000,0.7729169000,0.3458213000,0.5319842000,True,1.0000000000,4.0000000000,0.0320000000,0.0000000000,0.0000000000,0.7655671000,0.3506440000,0.5394031000,0.0000000000,0.0000000000,0.0000000000,0.7692547000,0.3482384000,0.5357025000,3.5549050000,
30.63139,32441,True,1.0000000000,4.0000000000,-0.0320000000,0.0000000000,0.0000000000,0.7729242000,0.3458090000,0.5319814000,True,1.0000000000,4.0000000000,0.0320000000,0.0000000000,0.0000000000,0.7655604000,0.3506409000,0.5394147000,0.0000000000,0.0000000000,0.0000000000,0.7692551000,0.3482307000,0.5357069000,3.5480760000,
30.64277,32453,True,1.0000000000,4.0000000000,-0.0320000000,0.0000000000,0.0000000000,0.7729292000,0.3458106000,0.5319732000,True,1.0000000000,4.0000000000,0.0320000000,0.0000000000,0.0000000000,0.7655569000,0.3506482000,0.5394149000,0.0000000000,0.0000000000,0.0000000000,0.7692559000,0.3482352000,0.5357029000,3.5439940000,
30.65412,32464,True,1.0000000000,4.0000000000,-0.0320000000,0.0000000000,0.0000000000,0.7726843000,0.3459717000,0.5322241000,True,1.0000000000,4.0000000000,0.0320000000,0.0000000000,0.0000000000,0.7658109000,0.3504820000,0.5391623000,0.0000000000,0.0000000000,0.0000000000,0.7692588000,0.3482319000,0.5357009000,3.8011530000,
30.67059,32481,True,1.0000000000,4.0000000000,-0.0320000000,0.0000000000,0.0000000000,0.7726836000,0.3459727000,0.5322247000,True,1.0000000000,4.0000000000,0.0320000000,0.0000000000,0.0000000000,0.7658119000,0.3504817000,0.5391611000,0.0000000000,0.0000000000,0.0000000000,0.7692589000,0.3482322000,0.5357006000,3.8021880000,
30.68769,32498,True,1.0000000000,4.0000000000,-0.0320000000,0.0000000000,0.0000000000,0.7726781000,0.3459769000,0.5322298000,True,1.0000000000,4.0000000000,0.0320000000,0.0000000000,0.0000000000,0.7658154000,0.3504801000,0.5391572000,0.0000000000,0.0000000000,0.0000000000,0.7692578000,0.3482335000,0.5357012000,3.8071440000,
30.6985,32509,True,1.0000000000,4.0000000000,-0.0320000000,0.0000000000,0.0000000000,0.7726744000,0.3459822000,0.5322317000,True,1.0000000000,4.0000000000,0.0320000000,0.0000000000,0.0000000000,0.7658188000,0.3504808000,0.5391520000,0.0000000000,0.0000000000,0.0000000000,0.7692577000,0.3482365000,0.5356995000,3.8110520000,
30.70954,32520,True,1.0000000000,4.0000000000,-0.0320000000,0.0000000000,0.0000000000,0.7726728000,0.3459764000,0.5322379000,True,1.0000000000,4.0000000000,0.0320000000,0.0000000000,0.0000000000,0.7658246000,0.3504700000,0.5391508000,0.0000000000,0.0000000000,0.0000000000,0.7692597000,0.3482282000,0.5357020000,3.8151250000,
30.72101,32531,True,1.0000000000,4.0000000000,-0.0320000000,0.0000000000,0.0000000000,0.7726669000,0.3459845000,0.5322410000,True,1.0000000000,4.0000000000,0.0320000000,0.0000000000,0.0000000000,0.7658269000,0.3504729000,0.5391456000,0.0000000000,0.0000000000,0.0000000000,0.7692579000,0.3482337000,0.5357010000,3.8197250000,
30.74384,32554,True,1.0000000000,4.0000000000,-0.0320000000,0.0000000000,0.0000000000,0.7726643000,0.3459828000,0.5322459000,True,1.0000000000,4.0000000000,0.0320000000,0.0000000000,0.0000000000,0.7658324000,0.3504657000,0.5391424000,0.0000000000,0.0000000000,0.0000000000,0.7692594000,0.3482292000,0.5357018000,3.8242660000,
30.75417,32564,True,1.0000000000,4.0000000000,-0.0320000000,0.0000000000,0.0000000000,0.7726427000,0.3460007000,0.5322657000,True,1.0000000000,4.0000000000,0.0320000000,0.0000000000,0.0000000000,0.7658527000,0.3504561000,0.5391198000,0.0000000000,0.0000000000,0.0000000000,0.7692586000,0.3482333000,0.5357003000,3.8478590000,
30.76468,32575,True,1.0000000000,4.0000000000,-0.0320000000,0.0000000000,0.0000000000,0.7726440000,0.3459982000,0.5322654000,True,1.0000000000,4.0000000000,0.0320000000,0.0000000000,0.0000000000,0.7658519000,0.3504552000,0.5391216000,0.0000000000,0.0000000000,0.0000000000,0.7692589000,0.3482316000,0.5357010000,3.8466610000,
30.77609,32586,True,1.0000000000,4.0000000000,-0.0320000000,0.0000000000,0.0000000000,0.7726374000,0.3460032000,0.5322718000,True,1.0000000000,4.0000000000,0.0320000000,0.0000000000,0.0000000000,0.7658588000,0.3504512000,0.5391144000,0.0000000000,0.0000000000,0.0000000000,0.7692589000,0.3482321000,0.5357006000,3.8543250000,
30.78753,32598,True,1.0000000000,4.0000000000,-0.0320000000,0.0000000000,0.0000000000,0.7726302000,0.3460077000,0.5322793000,True,1.0000000000,4.0000000000,0.0320000000,0.0000000000,0.0000000000,0.7658640000,0.3504475000,0.5391093000,0.0000000000,0.0000000000,0.0000000000,0.7692579000,0.3482325000,0.5357018000,3.8614480000,
30.7985,32608,True,1.0000000000,4.0000000000,-0.0320000000,0.0000000000,0.0000000000,0.7726249000,0.3460127000,0.5322838000,True,1.0000000000,4.0000000000,0.0320000000,0.0000000000,0.0000000000,0.7658713000,0.3504443000,0.5391011000,0.0000000000,0.0000000000,0.0000000000,0.7692588000,0.3482334000,0.5356999000,3.8686490000,
30.80944,32619,True,1.0000000000,4.0000000000,-0.0320000000,0.0000000000,0.0000000000,0.7728108000,0.3458915000,0.5320926000,True,1.0000000000,4.0000000000,0.0320000000,0.0000000000,0.0000000000,0.7656764000,0.3505729000,0.5392942000,0.0000000000,0.0000000000,0.0000000000,0.7692556000,0.3482376000,0.5357018000,3.6621650000,
30.82841,32639,True,1.0000000000,4.0000000000,-0.0320000000,0.0000000000,0.0000000000,0.7729474000,0.3457939000,0.5319576000,True,1.0000000000,4.0000000000,0.0320000000,0.0000000000,0.0000000000,0.7655386000,0.3506553000,0.5394363000,0.0000000000,0.0000000000,0.0000000000,0.7692559000,0.3482305000,0.5357059000,3.5265210000,
30.84281,32653,True,1.0000000000,4.0000000000,-0.0320000000,0.0000000000,0.0000000000,0.7732426000,0.3456035000,0.5316522000,True,1.0000000000,4.0000000000,0.0320000000,0.0000000000,0.0000000000,0.7652274000,0.3508628000,0.5397428000,0.0000000000,0.0000000000,0.0000000000,0.7692502000,0.3482400000,0.5357081000,3.2597630000,
30.85419,32664,True,1.0000000000,4.0000000000,-0.0320000000,0.0000000000,0.0000000000,0.7733512000,0.3455285000,0.5315430000,True,1.0000000000,4.0000000000,0.0320000000,0.0000000000,0.0000000000,0.7651151000,0.3509327000,0.5398567000,0.0000000000,0.0000000000,0.0000000000,0.7692491000,0.3482378000,0.5357110000,3.1723370000,
30.86485,32675,True,1.0000000000,4.0000000000,-0.0320000000,0.0000000000,0.0000000000,0.7734342000,0.3454741000,0.5314576000,True,1.0000000000,4.0000000000,0.0320000000,0.0000000000,0.0000000000,0.7650257000,0.3509914000,0.5399451000,0.0000000000,0.0000000000,0.0000000000,0.7692466000,0.3482403000,0.5357130000,3.1073370000,
30.88229,32693,True,1.0000000000,4.0000000000,-0.0320000000,0.0000000000,0.0000000000,0.7734920000,0.3454327000,0.5314005000,True,1.0000000000,4.0000000000,0.0320000000,0.0000000000,0.0000000000,0.7649645000,0.3510279000,0.5400081000,0.0000000000,0.0000000000,0.0000000000,0.7692453000,0.3482381000,0.5357162000,3.0640150000,
30.89862,32709,True,1.0000000000,4.0000000000,-0.0320000000,0.0000000000,0.0000000000,0.7736481000,0.3453323000,0.5312383000,True,1.0000000000,4.0000000000,0.0320000000,0.0000000000,0.0000000000,0.7647986000,0.3511389000,0.5401708000,0.0000000000,0.0000000000,0.0000000000,0.7692419000,0.3482440000,0.5357174000,2.9525430000,
30.90985,32720,True,1.0000000000,4.0000000000,-0.0320000000,0.0000000000,0.0000000000,0.7737073000,0.3452927000,0.5311779000,True,1.0000000000,4.0000000000,0.0320000000,0.0000000000,0.0000000000,0.7647392000,0.3511772000,0.5402302000,0.0000000000,0.0000000000,0.0000000000,0.7692422000,0.3482435000,0.5357172000,2.9134470000,
30.9211,32731,True,1.0000000000,4.0000000000,-0.0320000000,0.0000000000,0.0000000000,0.7737727000,0.3452456000,0.5311131000,True,1.0000000000,4.0000000000,0.0320000000,0.0000000000,0.0000000000,0.7646791000,0.3512125000,0.5402921000,0.0000000000,0.0000000000,0.0000000000,0.7692454000,0.3482379000,0.5357162000,2.8732280000,
30.93128,32741,True,1.0000000000,4.0000000000,-0.0320000000,0.0000000000,0.0000000000,0.7738278000,0.3452162000,0.5310519000,True,1.0000000000,4.0000000000,0.0320000000,0.0000000000,0.0000000000,0.7646089000,0.3512652000,0.5403573000,0.0000000000,0.0000000000,0.0000000000,0.7692384000,0.3482498000,0.5357186000,2.8342410000,
30.94267,32753,True,1.0000000000,4.0000000000,-0.0320000000,0.0000000000,0.0000000000,0.7738909000,0.3451682000,0.5309914000,True,1.0000000000,4.0000000000,0.0320000000,0.0000000000,0.0000000000,0.7645501000,0.3512971000,0.5404198000,0.0000000000,0.0000000000,0.0000000000,0.7692410000,0.3482419000,0.5357199000,2.7972300000,
30.95384,32764,True,1.0000000000,4.0000000000,-0.0320000000,0.0000000000,0.0000000000,0.7739504000,0.3451322000,0.5309279000,True,1.0000000000,4.0000000000,0.0320000000,0.0000000000,0.0000000000,0.7644868000,0.3513417000,0.5404803000,0.0000000000,0.0000000000,0.0000000000,0.7692397000,0.3482465000,0.5357188000,2.7609280000,
30.96433,32775,True,1.0000000000,4.0000000000,-0.0320000000,0.0000000000,0.0000000000,0.7740166000,0.3450868000,0.5308612000,True,1.0000000000,4.0000000000,0.0320000000,0.0000000000,0.0000000000,0.7644158000,0.3513861000,0.5405518000,0.0000000000,0.0000000000,0.0000000000,0.7692379000,0.3482462000,0.5357216000,2.7215400000,
30.97626,32786,True,1.0000000000,4.0000000000,-0.0320000000,0.0000000000,0.0000000000,0.7740831000,0.3450368000,0.5307966000,True,1.0000000000,4.0000000000,0.0320000000,0.0000000000,0.0000000000,0.7643469000,0.3514249000,0.5406240000,0.0000000000,0.0000000000,0.0000000000,0.7692373000,0.3482410000,0.5357259000,2.6837100000,
30.98722,32797,True,1.0000000000,4.0000000000,-0.0320000000,0.0000000000,0.0000000000,0.7741543000,0.3449932000,0.5307211000,True,1.0000000000,4.0000000000,0.0320000000,0.0000000000,0.0000000000,0.7642721000,0.3514773000,0.5406957000,0.0000000000,0.0000000000,0.0000000000,0.7692362000,0.3482457000,0.5357245000,2.6440340000,
30.99806,32808,True,1.0000000000,4.0000000000,-0.0320000000,0.0000000000,0.0000000000,0.7742237000,0.3449464000,0.5306502000,True,1.0000000000,4.0000000000,0.0320000000,0.0000000000,0.0000000000,0.7641972000,0.3515251000,0.5407705000,0.0000000000,0.0000000000,0.0000000000,0.7692342000,0.3482465000,0.5357268000,2.6059950000,
31.00916,32819,True,1.0000000000,4.0000000000,-0.0320000000,0.0000000000,0.0000000000,0.7742893000,0.3449021000,0.5305834000,True,1.0000000000,4.0000000000,0.0320000000,0.0000000000,0.0000000000,0.7641299000,0.3515678000,0.5408377000,0.0000000000,0.0000000000,0.0000000000,0.7692339000,0.3482459000,0.5357275000,2.5719480000,
31.0211,32831,True,1.0000000000,4.0000000000,-0.0320000000,0.0000000000,0.0000000000,0.7743464000,0.3448650000,0.5305241000,True,1.0000000000,4.0000000000,0.0320000000,0.0000000000,0.0000000000,0.7640660000,0.3516101000,0.5409005000,0.0000000000,0.0000000000,0.0000000000,0.7692311000,0.3482488000,0.5357296000,2.5416560000,
31.03136,32841,True,1.0000000000,4.0000000000,-0.0320000000,0.0000000000,0.0000000000,0.7744232000,0.3448173000,0.5304431000,True,1.0000000000,4.0000000000,0.0320000000,0.0000000000,0.0000000000,0.7639839000,0.3516667000,0.5409798000,0.0000000000,0.0000000000,0.0000000000,0.7692292000,0.3482536000,0.5357293000,2.5029900000,
31.04271,32853,True,1.0000000000,4.0000000000,-0.0320000000,0.0000000000,0.0000000000,0.7744730000,0.3447812000,0.5303936000,True,1.0000000000,4.0000000000,0.0320000000,0.0000000000,0.0000000000,0.7639303000,0.3516985000,0.5410349000,0.0000000000,0.0000000000,0.0000000000,0.7692279000,0.3482517000,0.5357324000,2.4784350000,
31.05423,32864,True,1.0000000000,4.0000000000,-0.0320000000,0.0000000000,0.0000000000,0.7745206000,0.3447526000,0.5303429000,True,1.0000000000,4.0000000000,0.0320000000,0.0000000000,0.0000000000,0.7638812000,0.3517333000,0.5410815000,0.0000000000,0.0000000000,0.0000000000,0.7692276000,0.3482550000,0.5357308000,2.4559530000,
31.06484,32875,True,1.0000000000,4.0000000000,-0.0320000000,0.0000000000,0.0000000000,0.7745627000,0.3447241000,0.5302997000,True,1.0000000000,4.0000000000,0.0320000000,0.0000000000,0.0000000000,0.7638346000,0.3517631000,0.5411280000,0.0000000000,0.0000000000,0.0000000000,0.7692258000,0.3482558000,0.5357327000,2.4356030000,
31.07559,32885,True,1.0000000000,4.0000000000,-0.0320000000,0.0000000000,0.0000000000,0.7746111000,0.3446873000,0.5302532000,True,1.0000000000,4.0000000000,0.0320000000,0.0000000000,0.0000000000,0.7637856000,0.3517899000,0.5411795000,0.0000000000,0.0000000000,0.0000000000,0.7692260000,0.3482511000,0.5357356000,2.4137370000,
31.08733,32897,True,1.0000000000,4.0000000000,-0.0320000000,0.0000000000,0.0000000000,0.7746537000,0.3446610000,0.5302081000,True,1.0000000000,4.0000000000,0.0320000000,0.0000000000,0.0000000000,0.7637358000,0.3518242000,0.5412275000,0.0000000000,0.0000000000,0.0000000000,0.7692229000,0.3482553000,0.5357373000,2.3933530000,
31.09807,32908,True,1.0000000000,4.0000000000,-0.0320000000,0.0000000000,0.0000000000,0.7746921000,0.3446353000,0.5301685000,True,1.0000000000,4.0000000000,0.0320000000,0.0000000000,0.0000000000,0.7636984000,0.3518484000,0.5412647000,0.0000000000,0.0000000000,0.0000000000,0.7692237000,0.3482548000,0.5357365000,2.3768190000,
31.10896,32919,True,1.0000000000,4.0000000000,-0.0320000000,0.0000000000,0.0000000000,0.7747270000,0.3446094000,0.5301344000,True,1.0000000000,4.0000000000,0.0320000000,0.0000000000,0.0000000000,0.7636634000,0.3518683000,0.5413012000,0.0000000000,0.0000000000,0.0000000000,0.7692240000,0.3482519000,0.5357379000,2.3617800000,
31.12038,32931,True,1.0000000000,4.0000000000,-0.0320000000,0.0000000000,0.0000000000,0.7747504000,0.3445935000,0.5301105000,True,1.0000000000,4.0000000000,0.0320000000,0.0000000000,0.0000000000,0.7636360000,0.3518857000,0.5413285000,0.0000000000,0.0000000000,0.0000000000,0.7692223000,0.3482528000,0.5357398000,2.3510260000,
31.13197,32942,True,1.0000000000,4.0000000000,-0.0320000000,0.0000000000,0.0000000000,0.7747791000,0.3445768000,0.5300795000,True,1.0000000000,4.0000000000,0.0320000000,0.0000000000,0.0000000000,0.7636036000,0.3519090000,0.5413591000,0.0000000000,0.0000000000,0.0000000000,0.7692207000,0.3482562000,0.5357398000,2.3381710000,
31.14255,32953,True,1.0000000000,4.0000000000,-0.0320000000,0.0000000000,0.0000000000,0.7748026000,0.3445599000,0.5300561000,True,1.0000000000,4.0000000000,0.0320000000,0.0000000000,0.0000000000,0.7635822000,0.3519215000,0.5413810000,0.0000000000,0.0000000000,0.0000000000,0.7692221000,0.3482541000,0.5357392000,2.3288000000,
31.15431,32964,True,1.0000000000,4.0000000000,-0.0320000000,0.0000000000,0.0000000000,0.7748309000,0.3445422000,0.5300263000,True,1.0000000000,4.0000000000,0.0320000000,0.0000000000,0.0000000000,0.7635534000,0.3519414000,0.5414089000,0.0000000000,0.0000000000,0.0000000000,0.7692220000,0.3482553000,0.5357385000,2.3170080000,
31.16461,32975,True,1.0000000000,4.0000000000,-0.0320000000,0.0000000000,0.0000000000,0.7748568000,0.3445262000,0.5299987000,True,1.0000000000,4.0000000000,0.0320000000,0.0000000000,0.0000000000,0.7635227000,0.3519625000,0.5414383000,0.0000000000,0.0000000000,0.0000000000,0.7692201000,0.3482581000,0.5357395000,2.3054520000,
31.17594,32986,True,1.0000000000,4.0000000000,-0.0320000000,0.0000000000,0.0000000000,0.7748828000,0.3445072000,0.5299731000,True,1.0000000000,4.0000000000,0.0320000000,0.0000000000,0.0000000000,0.7634982000,0.3519766000,0.5414637000,0.0000000000,0.0000000000,0.0000000000,0.7692210000,0.3482557000,0.5357397000,2.2952110000,
31.18692,32997,True,1.0000000000,4.0000000000,-0.0320000000,0.0000000000,0.0000000000,0.7749007000,0.3444960000,0.5299541000,True,1.0000000000,4.0000000000,0.0320000000,0.0000000000,0.0000000000,0.7634742000,0.3519928000,0.5414870000,0.0000000000,0.0000000000,0.0000000000,0.7692182000,0.3482583000,0.5357420000,2.2868290000,
31.19788,33008,True,1.0000000000,4.0000000000,-0.0320000000,0.0000000000,0.0000000000,0.7749270000,0.3444774000,0.5299279000,True,1.0000000000,4.0000000000,0.0320000000,0.0000000000,0.0000000000,0.7634503000,0.3520071000,0.5415113000,0.0000000000,0.0000000000,0.0000000000,0.7692197000,0.3482563000,0.5357412000,2.2768390000,
31.20978,33021,True,1.0000000000,4.0000000000,-0.0320000000,0.0000000000,0.0000000000,0.7749484000,0.3444635000,0.5299054000,True,1.0000000000,4.0000000000,0.0320000000,0.0000000000,0.0000000000,0.7634264000,0.3520231000,0.5415347000,0.0000000000,0.0000000000,0.0000000000,0.7692187000,0.3482575000,0.5357419000,2.2678490000,
31.22039,33032,True,1.0000000000,4.0000000000,-0.0320000000,0.0000000000,0.0000000000,0.7749736000,0.3444479000,0.5298787000,True,1.0000000000,4.0000000000,0.0320000000,0.0000000000,0.0000000000,0.7633991000,0.3520419000,0.5415611000,0.0000000000,0.0000000000,0.0000000000,0.7692179000,0.3482592000,0.5357419000,2.2575760000,
31.23144,33041,True,1.0000000000,4.0000000000,-0.0320000000,0.0000000000,0.0000000000,0.7750010000,0.3444281000,0.5298515000,True,1.0000000000,4.0000000000,0.0320000000,0.0000000000,0.0000000000,0.7633664000,0.3520615000,0.5415944000,0.0000000000,0.0000000000,0.0000000000,0.7692156000,0.3482592000,0.5357452000,2.2459170000,
31.24273,33053,True,1.0000000000,4.0000000000,-0.0320000000,0.0000000000,0.0000000000,0.7750440000,0.3443993000,0.5298074000,True,1.0000000000,4.0000000000,0.0320000000,0.0000000000,0.0000000000,0.7633275000,0.3520865000,0.5416330000,0.0000000000,0.0000000000,0.0000000000,0.7692181000,0.3482575000,0.5357427000,2.2302150000,
31.25423,33064,True,1.0000000000,4.0000000000,-0.0320000000,0.0000000000,0.0000000000,0.7750813000,0.3443783000,0.5297664000,True,1.0000000000,4.0000000000,0.0320000000,0.0000000000,0.0000000000,0.7632791000,0.3521217000,0.5416782000,0.0000000000,0.0000000000,0.0000000000,0.7692130000,0.3482649000,0.5357452000,2.2140520000,
31.26523,33075,True,1.0000000000,4.0000000000,-0.0320000000,0.0000000000,0.0000000000,0.7751332000,0.3443375000,0.5297172000,True,1.0000000000,4.0000000000,0.0320000000,0.0000000000,0.0000000000,0.7632314000,0.3521460000,0.5417296000,0.0000000000,0.0000000000,0.0000000000,0.7692156000,0.3482568000,0.5357466000,2.1955140000,
31.27709,33087,True,1.0000000000,4.0000000000,-0.0320000000,0.0000000000,0.0000000000,0.7751860000,0.3443038000,0.5296618000,True,1.0000000000,4.0000000000,0.0320000000,0.0000000000,0.0000000000,0.7631760000,0.3521833000,0.5417835000,0.0000000000,0.0000000000,0.0000000000,0.7692150000,0.3482589000,0.5357463000,2.1757340000,
31.28803,33098,True,1.0000000000,4.0000000000,-0.0320000000,0.0000000000,0.0000000000,0.7752399000,0.3442700000,0.5296049000,True,1.0000000000,4.0000000000,0.0320000000,0.0000000000,0.0000000000,0.7631134000,0.3522260000,0.5418439000,0.0000000000,0.0000000000,0.0000000000,0.7692113000,0.3482637000,0.5357485000,2.1548560000,
31.29936,33109,True,1.0000000000,4.0000000000,-0.0320000000,0.0000000000,0.0000000000,0.7753078000,0.3442239000,0.5295354000,True,1.0000000000,4.0000000000,0.0320000000,0.0000000000,0.0000000000,0.7630439000,0.3522700000,0.5419131000,0.0000000000,0.0000000000,0.0000000000,0.7692113000,0.3482630000,0.5357490000,2.1307240000,
31.31065,33121,True,1.0000000000,4.0000000000,-0.0320000000,0.0000000000,0.0000000000,0.7753767000,0.3441755000,0.5294660000,True,1.0000000000,4.0000000000,0.0320000000,0.0000000000,0.0000000000,0.7629671000,0.3523171000,0.5419907000,0.0000000000,0.0000000000,0.0000000000,0.7692081000,0.3482628000,0.5357537000,2.1057250000,
31.32225,33132,True,1.0000000000,4.0000000000,-0.0320000000,0.0000000000,0.0000000000,0.7754597000,0.3441194000,0.5293807000,True,1.0000000000,4.0000000000,0.0320000000,0.0000000000,0.0000000000,0.7628801000,0.3523726000,0.5420771000,0.0000000000,0.0000000000,0.0000000000,0.7692072000,0.3482628000,0.5357549000,2.0772690000,
31.3338,33145,True,1.0000000000,4.0000000000,-0.0320000000,0.0000000000,0.0000000000,0.7755636000,0.3440470000,0.5292758000,True,1.0000000000,4.0000000000,0.0320000000,0.0000000000,0.0000000000,0.7627727000,0.3524386000,0.5421854000,0.0000000000,0.0000000000,0.0000000000,0.7692066000,0.3482602000,0.5357574000,2.0429550000,
31.34556,33156,True,1.0000000000,4.0000000000,-0.0320000000,0.0000000000,0.0000000000,0.7756822000,0.3439750000,0.5291486000,True,1.0000000000,4.0000000000,0.0320000000,0.0000000000,0.0000000000,0.7626355000,0.3525345000,0.5423158000,0.0000000000,0.0000000000,0.0000000000,0.7691990000,0.3482729000,0.5357602000,2.0029620000,
31.3565,33167,True,1.0000000000,4.0000000000,-0.0320000000,0.0000000000,0.0000000000,0.7758181000,0.3438787000,0.5290120000,True,1.0000000000,4.0000000000,0.0320000000,0.0000000000,0.0000000000,0.7624943000,0.3526198000,0.5424590000,0.0000000000,0.0000000000,0.0000000000,0.7691980000,0.3482682000,0.5357646000,1.9613040000,
31.3686,33179,True,1.0000000000,4.0000000000,-0.0320000000,0.0000000000,0.0000000000,0.7759935000,0.3437630000,0.5288299000,True,1.0000000000,4.0000000000,0.0320000000,0.0000000000,0.0000000000,0.7623028000,0.3527447000,0.5426469000,0.0000000000,0.0000000000,0.0000000000,0.7691923000,0.3482738000,0.5357692000,1.9087640000,
31.37982,33190,True,1.0000000000,4.0000000000,-0.0320000000,0.0000000000,0.0000000000,0.7761573000,0.3436483000,0.5286641000,True,1.0000000000,4.0000000000,0.0320000000,0.0000000000,0.0000000000,0.7621300000,0.3528506000,0.5428209000,0.0000000000,0.0000000000,0.0000000000,0.7691900000,0.3482704000,0.5357748000,1.8629690000,
31.39084,33201,True,1.0000000000,4.0000000000,-0.0320000000,0.0000000000,0.0000000000,0.7763295000,0.3435390000,0.5284824000,True,1.0000000000,4.0000000000,0.0320000000,0.0000000000,0.0000000000,0.7619374000,0.3529805000,0.5430065000,0.0000000000,0.0000000000,0.0000000000,0.7691822000,0.3482818000,0.5357784000,1.8158180000,
31.42586,33236,True,1.0000000000,4.0000000000,-0.0320000000,0.0000000000,0.0000000000,0.7764553000,0.3434513000,0.5283543000,True,1.0000000000,4.0000000000,0.0320000000,0.0000000000,0.0000000000,0.7618046000,0.3530624000,0.5431397000,0.0000000000,0.0000000000,0.0000000000,0.7691805000,0.3482797000,0.5357822000,1.7837640000,
31.4615,33272,True,1.0000000000,4.0000000000,-0.0320000000,0.0000000000,0.0000000000,0.7768721000,0.3431737000,0.5279220000,True,1.0000000000,4.0000000000,0.0320000000,0.0000000000,0.0000000000,0.7613484000,0.3533570000,0.5435876000,0.0000000000,0.0000000000,0.0000000000,0.7691670000,0.3482911000,0.5357943000,1.6835280000,
31.49161,33302,True,1.0000000000,4.0000000000,-0.0320000000,0.0000000000,0.0000000000,0.7769560000,0.3431166000,0.5278356000,True,1.0000000000,4.0000000000,0.0320000000,0.0000000000,0.0000000000,0.7612547000,0.3534164000,0.5436803000,0.0000000000,0.0000000000,0.0000000000,0.7691634000,0.3482928000,0.5357983000,1.6645000000,
31.50915,33319,True,1.0000000000,4.0000000000,-0.0320000000,0.0000000000,0.0000000000,0.7770924000,0.3430285000,0.5276921000,True,1.0000000000,4.0000000000,0.0320000000,0.0000000000,0.0000000000,0.7611067000,0.3535146000,0.5438235000,0.0000000000,0.0000000000,0.0000000000,0.7691597000,0.3482988000,0.5357997000,1.6349120000,
31.52663,33337,True,1.0000000000,4.0000000000,-0.0320000000,0.0000000000,0.0000000000,0.7770506000,0.3430529000,0.5277377000,True,1.0000000000,4.0000000000,0.0320000000,0.0000000000,0.0000000000,0.7611572000,0.3534786000,0.5437763000,0.0000000000,0.0000000000,0.0000000000,0.7691634000,0.3482927000,0.5357984000,1.6443760000,
31.53518,33345,True,1.0000000000,4.0000000000,-0.0320000000,0.0000000000,0.0000000000,0.7770481000,0.3430569000,0.5277389000,True,1.0000000000,4.0000000000,0.0320000000,0.0000000000,0.0000000000,0.7611580000,0.3534805000,0.5437739000,0.0000000000,0.0000000000,0.0000000000,0.7691625000,0.3482956000,0.5357978000,1.6447350000,
31.55344,33363,True,1.0000000000,4.0000000000,-0.0320000000,0.0000000000,0.0000000000,0.7770426000,0.3430575000,0.5277464000,True,1.0000000000,4.0000000000,0.0320000000,0.0000000000,0.0000000000,0.7611650000,0.3534728000,0.5437690000,0.0000000000,0.0000000000,0.0000000000,0.7691633000,0.3482920000,0.5357991000,1.6460150000,
31.56442,33374,True,1.0000000000,4.0000000000,-0.0320000000,0.0000000000,0.0000000000,0.7770355000,0.3430686000,0.5277497000,True,1.0000000000,4.0000000000,0.0320000000,0.0000000000,0.0000000000,0.7611677000,0.3534777000,0.5437621000,0.0000000000,0.0000000000,0.0000000000,0.7691609000,0.3483000000,0.5357972000,1.6470450000,
31.57585,33386,True,1.0000000000,4.0000000000,-0.0320000000,0.0000000000,0.0000000000,0.7770350000,0.3430624000,0.5277545000,True,1.0000000000,4.0000000000,0.0320000000,0.0000000000,0.0000000000,0.7611719000,0.3534682000,0.5437624000,0.0000000000,0.0000000000,0.0000000000,0.7691627000,0.3482921000,0.5357997000,1.6475320000,
31.58699,33397,True,1.0000000000,4.0000000000,-0.0320000000,0.0000000000,0.0000000000,0.7770370000,0.3430604000,0.5277529000,True,1.0000000000,4.0000000000,0.0320000000,0.0000000000,0.0000000000,0.7611688000,0.3534696000,0.5437659000,0.0000000000,0.0000000000,0.0000000000,0.7691622000,0.3482918000,0.5358006000,1.6470040000,
31.59789,33408,True,1.0000000000,4.0000000000,-0.0320000000,0.0000000000,0.0000000000,0.7770506000,0.3430533000,0.5277374000,True,1.0000000000,4.0000000000,0.0320000000,0.0000000000,0.0000000000,0.7611542000,0.3534811000,0.5437789000,0.0000000000,0.0000000000,0.0000000000,0.7691619000,0.3482941000,0.5357996000,1.6440750000,
31.60912,33419,True,1.0000000000,4.0000000000,-0.0320000000,0.0000000000,0.0000000000,0.7770704000,0.3430390000,0.5277176000,True,1.0000000000,4.0000000000,0.0320000000,0.0000000000,0.0000000000,0.7611316000,0.3534943000,0.5438018000,0.0000000000,0.0000000000,0.0000000000,0.7691609000,0.3482938000,0.5358014000,1.6397140000,
31.62033,33430,True,1.0000000000,4.0000000000,-0.0320000000,0.0000000000,0.0000000000,0.7770947000,0.3430223000,0.5276925000,True,1.0000000000,4.0000000000,0.0320000000,0.0000000000,0.0000000000,0.7611074000,0.3535096000,0.5438258000,0.0000000000,0.0000000000,0.0000000000,0.7691613000,0.3482932000,0.5358011000,1.6347260000,
31.63122,33441,True,1.0000000000,4.0000000000,-0.0320000000,0.0000000000,0.0000000000,0.7771235000,0.3430029000,0.5276629000,True,1.0000000000,4.0000000000,0.0320000000,0.0000000000,0.0000000000,0.7610748000,0.3535304000,0.5438579000,0.0000000000,0.0000000000,0.0000000000,0.7691598000,0.3482941000,0.5358027000,1.6284840000,
31.64253,33453,True,1.0000000000,4.0000000000,-0.0320000000,0.0000000000,0.0000000000,0.7771553000,0.3429881000,0.5276256000,True,1.0000000000,4.0000000000,0.0320000000,0.0000000000,0.0000000000,0.7610412000,0.3535586000,0.5438866000,0.0000000000,0.0000000000,0.0000000000,0.7691594000,0.3483010000,0.5357987000,1.6218700000,
31.65403,33464,True,1.0000000000,4.0000000000,-0.0320000000,0.0000000000,0.0000000000,0.7771882000,0.3429654000,0.5275919000,True,1.0000000000,4.0000000000,0.0320000000,0.0000000000,0.0000000000,0.7610023000,0.3535829000,0.5439251000,0.0000000000,0.0000000000,0.0000000000,0.7691570000,0.3483021000,0.5358015000,1.6147090000,
31.66439,33475,True,1.0000000000,4.0000000000,-0.0320000000,0.0000000000,0.0000000000,0.7772257000,0.3429339000,0.5275573000,True,1.0000000000,4.0000000000,0.0320000000,0.0000000000,0.0000000000,0.7609642000,0.3536009000,0.5439669000,0.0000000000,0.0000000000,0.0000000000,0.7691572000,0.3482956000,0.5358054000,1.6071850000,
31.67616,33486,True,1.0000000000,4.0000000000,-0.0320000000,0.0000000000,0.0000000000,0.7772640000,0.3429064000,0.5275186000,True,1.0000000000,4.0000000000,0.0320000000,0.0000000000,0.0000000000,0.7609245000,0.3536245000,0.5440072000,0.0000000000,0.0000000000,0.0000000000,0.7691571000,0.3482939000,0.5358067000,1.5995090000,
31.68686,33497,True,1.0000000000,4.0000000000,-0.0320000000,0.0000000000,0.0000000000,0.7773024000,0.3428882000,0.5274739000,True,1.0000000000,4.0000000000,0.0320000000,0.0000000000,0.0000000000,0.7608775000,0.3536624000,0.5440481000,0.0000000000,0.0000000000,0.0000000000,0.7691535000,0.3483041000,0.5358053000,1.5912270000,
31.69765,33508,True,1.0000000000,4.0000000000,-0.0320000000,0.0000000000,0.0000000000,0.7773339000,0.3428679000,0.5274407000,True,1.0000000000,4.0000000000,0.0320000000,0.0000000000,0.0000000000,0.7608399000,0.3536873000,0.5440845000,0.0000000000,0.0000000000,0.0000000000,0.7691510000,0.3483066000,0.5358073000,1.5845740000,
31.70889,33519,True,1.0000000000,4.0000000000,-0.0320000000,0.0000000000,0.0000000000,0.7773701000,0.3428380000,0.5274067000,True,1.0000000000,4.0000000000,0.0320000000,0.0000000000,0.0000000000,0.7608048000,0.3537041000,0.5441227000,0.0000000000,0.0000000000,0.0000000000,0.7691520000,0.3483003000,0.5358097000,1.5777360000,
31.72024,33530,True,1.0000000000,4.0000000000,-0.0320000000,0.0000000000,0.0000000000,0.7773967000,0.3428209000,0.5273786000,True,1.0000000000,4.0000000000,0.0320000000,0.0000000000,0.0000000000,0.7607760000,0.3537234000,0.5441504000,0.0000000000,0.0000000000,0.0000000000,0.7691514000,0.3483016000,0.5358098000,1.5724940000,
31.73079,33541,True,1.0000000000,4.0000000000,-0.0320000000,0.0000000000,0.0000000000,0.7774212000,0.3428037000,0.5273538000,True,1.0000000000,4.0000000000,0.0320000000,0.0000000000,0.0000000000,0.7607473000,0.3537410000,0.5441792000,0.0000000000,0.0000000000,0.0000000000,0.7691497000,0.3483019000,0.5358121000,1.5674740000,
31.74205,33552,True,1.0000000000,4.0000000000,-0.0320000000,0.0000000000,0.0000000000,0.7774411000,0.3427929000,0.5273313000,True,1.0000000000,4.0000000000,0.0320000000,0.0000000000,0.0000000000,0.7607229000,0.3537591000,0.5442013000,0.0000000000,0.0000000000,0.0000000000,0.7691479000,0.3483058000,0.5358121000,1.5633380000,
31.75353,33565,True,1.0000000000,4.0000000000,-0.0320000000,0.0000000000,0.0000000000,0.7774645000,0.3427746000,0.5273088000,True,1.0000000000,4.0000000000,0.0320000000,0.0000000000,0.0000000000,0.7607020000,0.3537700000,0.5442235000,0.0000000000,0.0000000000,0.0000000000,0.7691494000,0.3483023000,0.5358122000,1.5591930000,
31.76425,33574,True,1.0000000000,4.0000000000,-0.0320000000,0.0000000000,0.0000000000,0.7774927000,0.3427573000,0.5272785000,True,1.0000000000,4.0000000000,0.0320000000,0.0000000000,0.0000000000,0.7606684000,0.3537931000,0.5442556000,0.0000000000,0.0000000000,0.0000000000,0.7691472000,0.3483053000,0.5358135000,1.5534710000,
31.77553,33585,True,1.0000000000,4.0000000000,-0.0320000000,0.0000000000,0.0000000000,0.7775276000,0.3427283000,0.5272458000,True,1.0000000000,4.0000000000,0.0320000000,0.0000000000,0.0000000000,0.7606333000,0.3538099000,0.5442935000,0.0000000000,0.0000000000,0.0000000000,0.7691477000,0.3482995000,0.5358165000,1.5470350000,
31.78718,33597,True,1.0000000000,4.0000000000,-0.0320000000,0.0000000000,0.0000000000,0.7775705000,0.3427027000,0.5271992000,True,1.0000000000,4.0000000000,0.0320000000,0.0000000000,0.0000000000,0.7605837000,0.3538451000,0.5443401000,0.0000000000,0.0000000000,0.0000000000,0.7691451000,0.3483046000,0.5358170000,1.5386210000,
31.79771,33608,True,1.0000000000,4.0000000000,-0.0320000000,0.0000000000,0.0000000000,0.7776186000,0.3426664000,0.5271518000,True,1.0000000000,4.0000000000,0.0320000000,0.0000000000,0.0000000000,0.7605332000,0.3538733000,0.5443923000,0.0000000000,0.0000000000,0.0000000000,0.7691446000,0.3483010000,0.5358199000,1.5297380000,
31.80882,33619,True,1.0000000000,4.0000000000,-0.0320000000,0.0000000000,0.0000000000,0.7776737000,0.3426332000,0.5270921000,True,1.0000000000,4.0000000000,0.0320000000,0.0000000000,0.0000000000,0.7604702000,0.3539175000,0.5444514000,0.0000000000,0.0000000000,0.0000000000,0.7691417000,0.3483069000,0.5358203000,1.5192600000,
31.82043,33631,True,1.0000000000,4.0000000000,-0.0320000000,0.0000000000,0.0000000000,0.7777444000,0.3425885000,0.5270169000,True,1.0000000000,4.0000000000,0.0320000000,0.0000000000,0.0000000000,0.7603921000,0.3539705000,0.5445262000,0.0000000000,0.0000000000,0.0000000000,0.7691391000,0.3483116000,0.5358210000,1.5062380000,
31.83125,33641,True,1.0000000000,4.0000000000,-0.0320000000,0.0000000000,0.0000000000,0.7778227000,0.3425339000,0.5269367000,True,1.0000000000,4.0000000000,0.0320000000,0.0000000000,0.0000000000,0.7603049000,0.3540243000,0.5446128000,0.0000000000,0.0000000000,0.0000000000,0.7691361000,0.3483118000,0.5358251000,1.4920340000,
31.84196,33652,True,1.0000000000,4.0000000000,-0.0320000000,0.0000000000,0.0000000000,0.7779127000,0.3424700000,0.5268455000,True,1.0000000000,4.0000000000,0.0320000000,0.0000000000,0.0000000000,0.7602067000,0.3540836000,0.5447115000,0.0000000000,0.0000000000,0.0000000000,0.7691335000,0.3483102000,0.5358299000,1.4761810000,
31.8536,33664,True,1.0000000000,4.0000000000,-0.0320000000,0.0000000000,0.0000000000,0.7780182000,0.3424014000,0.5267342000,True,1.0000000000,4.0000000000,0.0320000000,0.0000000000,0.0000000000,0.7600910000,0.3541601000,0.5448232000,0.0000000000,0.0000000000,0.0000000000,0.7691302000,0.3483150000,0.5358315000,1.4579740000,
31.86419,33674,True,1.0000000000,4.0000000000,-0.0320000000,0.0000000000,0.0000000000,0.7781228000,0.3423291000,0.5266265000,True,1.0000000000,4.0000000000,0.0320000000,0.0000000000,0.0000000000,0.7599771000,0.3542310000,0.5449359000,0.0000000000,0.0000000000,0.0000000000,0.7691275000,0.3483151000,0.5358352000,1.4404320000,
31.8752,33685,True,1.0000000000,4.0000000000,-0.0320000000,0.0000000000,0.0000000000,0.7782338000,0.3422556000,0.5265104000,True,1.0000000000,4.0000000000,0.0320000000,0.0000000000,0.0000000000,0.7598501000,0.3543134000,0.5450596000,0.0000000000,0.0000000000,0.0000000000,0.7691215000,0.3483205000,0.5358404000,1.4218180000,
31.88671,33697,True,1.0000000000,4.0000000000,-0.0320000000,0.0000000000,0.0000000000,0.7783892000,0.3421527000,0.5263475000,True,1.0000000000,4.0000000000,0.0320000000,0.0000000000,0.0000000000,0.7596788000,0.3544246000,0.5452258000,0.0000000000,0.0000000000,0.0000000000,0.7691165000,0.3483260000,0.5358440000,1.3970130000,
31.89795,33708,True,1.0000000000,4.0000000000,-0.0320000000,0.0000000000,0.0000000000,0.7784948000,0.3420755000,0.5262415000,True,1.0000000000,4.0000000000,0.0320000000,0.0000000000,0.0000000000,0.7595655000,0.3544907000,0.5453408000,0.0000000000,0.0000000000,0.0000000000,0.7691145000,0.3483213000,0.5358499000,1.3808540000,
31.9093,33720,True,1.0000000000,4.0000000000,-0.0320000000,0.0000000000,0.0000000000,0.7785930000,0.3420162000,0.5261348000,True,1.0000000000,4.0000000000,0.0320000000,0.0000000000,0.0000000000,0.7594496000,0.3545717000,0.5454496000,0.0000000000,0.0000000000,0.0000000000,0.7691076000,0.3483330000,0.5358524000,1.3654490000,
31.92061,33731,True,1.0000000000,4.0000000000,-0.0320000000,0.0000000000,0.0000000000,0.7786807000,0.3419545000,0.5260450000,True,1.0000000000,4.0000000000,0.0320000000,0.0000000000,0.0000000000,0.7593546000,0.3546298000,0.5455439000,0.0000000000,0.0000000000,0.0000000000,0.7691056000,0.3483320000,0.5358557000,1.3525500000,
31.93111,33741,True,1.0000000000,4.0000000000,-0.0320000000,0.0000000000,0.0000000000,0.7787570000,0.3419035000,0.5259653000,True,1.0000000000,4.0000000000,0.0320000000,0.0000000000,0.0000000000,0.7592698000,0.3546843000,0.5456266000,0.0000000000,0.0000000000,0.0000000000,0.7691028000,0.3483344000,0.5358583000,1.3413820000,
31.94256,33753,True,1.0000000000,4.0000000000,-0.0320000000,0.0000000000,0.0000000000,0.7788257000,0.3418548000,0.5258954000,True,1.0000000000,4.0000000000,0.0320000000,0.0000000000,0.0000000000,0.7591943000,0.3547300000,0.5457019000,0.0000000000,0.0000000000,0.0000000000,0.7691007000,0.3483334000,0.5358618000,1.3315390000,
31.95395,33764,True,1.0000000000,4.0000000000,-0.0320000000,0.0000000000,0.0000000000,0.7788887000,0.3418132000,0.5258290000,True,1.0000000000,4.0000000000,0.0320000000,0.0000000000,0.0000000000,0.7591245000,0.3547754000,0.5457695000,0.0000000000,0.0000000000,0.0000000000,0.7690986000,0.3483360000,0.5358633000,1.3225980000,
31.96435,33774,True,1.0000000000,4.0000000000,-0.0320000000,0.0000000000,0.0000000000,0.7789422000,0.3417771000,0.5257732000,True,1.0000000000,4.0000000000,0.0320000000,0.0000000000,0.0000000000,0.7590622000,0.3548152000,0.5458304000,0.0000000000,0.0000000000,0.0000000000,0.7690952000,0.3483383000,0.5358666000,1.3149050000,
31.97562,33786,True,1.0000000000,4.0000000000,-0.0320000000,0.0000000000,0.0000000000,0.7789825000,0.3417524000,0.5257294000,True,1.0000000000,4.0000000000,0.0320000000,0.0000000000,0.0000000000,0.7590163000,0.3548471000,0.5458735000,0.0000000000,0.0000000000,0.0000000000,0.7690933000,0.3483423000,0.5358668000,1.3092320000,
31.98706,33797,True,1.0000000000,4.0000000000,-0.0320000000,0.0000000000,0.0000000000,0.7790194000,0.3417217000,0.5256948000,True,1.0000000000,4.0000000000,0.0320000000,0.0000000000,0.0000000000,0.7589762000,0.3548667000,0.5459166000,0.0000000000,0.0000000000,0.0000000000,0.7690923000,0.3483370000,0.5358716000,1.3042110000,
31.9974,33807,True,1.0000000000,4.0000000000,-0.0320000000,0.0000000000,0.0000000000,0.7790520000,0.3417046000,0.5256577000,True,1.0000000000,4.0000000000,0.0320000000,0.0000000000,0.0000000000,0.7589371000,0.3548967000,0.5459514000,0.0000000000,0.0000000000,0.0000000000,0.7690897000,0.3483438000,0.5358709000,1.2995760000,
32.00919,33819,True,1.0000000000,4.0000000000,-0.0320000000,0.0000000000,0.0000000000,0.7790804000,0.3416861000,0.5256276000,True,1.0000000000,4.0000000000,0.0320000000,0.0000000000,0.0000000000,0.7589053000,0.3549176000,0.5459820000,0.0000000000,0.0000000000,0.0000000000,0.7690886000,0.3483452000,0.5358716000,1.2957020000,
32.02017,33830,True,1.0000000000,4.0000000000,-0.0320000000,0.0000000000,0.0000000000,0.7791069000,0.3416605000,0.5256050000,True,1.0000000000,4.0000000000,0.0320000000,0.0000000000,0.0000000000,0.7588789000,0.3549263000,0.5460128000,0.0000000000,0.0000000000,0.0000000000,0.7690892000,0.3483370000,0.5358760000,1.2923140000,
32.03082,33841,True,1.0000000000,4.0000000000,-0.0320000000,0.0000000000,0.0000000000,0.7791319000,0.3416484000,0.5255757000,True,1.0000000000,4.0000000000,0.0320000000,0.0000000000,0.0000000000,0.7588502000,0.3549496000,0.5460376000,0.0000000000,0.0000000000,0.0000000000,0.7690879000,0.3483429000,0.5358741000,1.2888960000,
32.04179,33852,True,1.0000000000,4.0000000000,-0.0320000000,0.0000000000,0.0000000000,0.7791510000,0.3416328000,0.5255576000,True,1.0000000000,4.0000000000,0.0320000000,0.0000000000,0.0000000000,0.7588317000,0.3549586000,0.5460576000,0.0000000000,0.0000000000,0.0000000000,0.7690885000,0.3483397000,0.5358753000,1.2865100000,
32.05375,33864,True,1.0000000000,4.0000000000,-0.0320000000,0.0000000000,0.0000000000,0.7791649000,0.3416240000,0.5255426000,True,1.0000000000,4.0000000000,0.0320000000,0.0000000000,0.0000000000,0.7588108000,0.3549726000,0.5460774000,0.0000000000,0.0000000000,0.0000000000,0.7690854000,0.3483424000,0.5358779000,1.2843190000,
32.06432,33874,True,1.0000000000,4.0000000000,-0.0320000000,0.0000000000,0.0000000000,0.7791798000,0.3416184000,0.5255241000,True,1.0000000000,4.0000000000,0.0320000000,0.0000000000,0.0000000000,0.7587928000,0.3549887000,0.5460920000,0.0000000000,0.0000000000,0.0000000000,0.7690842000,0.3483479000,0.5358763000,1.2822480000,
32.07631,33886,True,1.0000000000,4.0000000000,-0.0320000000,0.0000000000,0.0000000000,0.7791945000,0.3416041000,0.5255119000,True,1.0000000000,4.0000000000,0.0320000000,0.0000000000,0.0000000000,0.7587788000,0.3549929000,0.5461089000,0.0000000000,0.0000000000,0.0000000000,0.7690847000,0.3483429000,0.5358787000,1.2804450000,
32.08842,33899,True,1.0000000000,4.0000000000,-0.0320000000,0.0000000000,0.0000000000,0.7792001000,0.3416041000,0.5255034000,True,1.0000000000,4.0000000000,0.0320000000,0.0000000000,0.0000000000,0.7587706000,0.3550022000,0.5461141000,0.0000000000,0.0000000000,0.0000000000,0.7690836000,0.3483476000,0.5358772000,1.2795870000,
32.09981,33910,True,1.0000000000,4.0000000000,-0.0320000000,0.0000000000,0.0000000000,0.7792066000,0.3415996000,0.5254967000,True,1.0000000000,4.0000000000,0.0320000000,0.0000000000,0.0000000000,0.7587630000,0.3550069000,0.5461217000,0.0000000000,0.0000000000,0.0000000000,0.7690831000,0.3483478000,0.5358778000,1.2787040000,
32.11216,33922,True,1.0000000000,4.0000000000,-0.0320000000,0.0000000000,0.0000000000,0.7792081000,0.3415961000,0.5254969000,True,1.0000000000,4.0000000000,0.0320000000,0.0000000000,0.0000000000,0.7587628000,0.3550044000,0.5461235000,0.0000000000,0.0000000000,0.0000000000,0.7690838000,0.3483448000,0.5358787000,1.2786040000,
32.12355,33934,True,1.0000000000,4.0000000000,-0.0320000000,0.0000000000,0.0000000000,0.7792091000,0.3415903000,0.5254989000,True,1.0000000000,4.0000000000,0.0320000000,0.0000000000,0.0000000000,0.7587638000,0.3549984000,0.5461260000,0.0000000000,0.0000000000,0.0000000000,0.7690849000,0.3483389000,0.5358810000,1.2785860000,
32.13665,33947,True,1.0000000000,4.0000000000,-0.0320000000,0.0000000000,0.0000000000,0.7792062000,0.3415976000,0.5254987000,True,1.0000000000,4.0000000000,0.0320000000,0.0000000000,0.0000000000,0.7587681000,0.3550012000,0.5461184000,0.0000000000,0.0000000000,0.0000000000,0.7690854000,0.3483438000,0.5358770000,1.2790380000,
32.14724,33957,True,1.0000000000,4.0000000000,-0.0320000000,0.0000000000,0.0000000000,0.7792004000,0.3416053000,0.5255023000,True,1.0000000000,4.0000000000,0.0320000000,0.0000000000,0.0000000000,0.7587694000,0.3550043000,0.5461144000,0.0000000000,0.0000000000,0.0000000000,0.7690831000,0.3483493000,0.5358768000,1.2794990000,
32.15884,33969,True,1.0000000000,4.0000000000,-0.0320000000,0.0000000000,0.0000000000,0.7791961000,0.3416099000,0.5255055000,True,1.0000000000,4.0000000000,0.0320000000,0.0000000000,0.0000000000,0.7587748000,0.3550026000,0.5461079000,0.0000000000,0.0000000000,0.0000000000,0.7690836000,0.3483507000,0.5358751000,1.2801030000,
32.1703,33980,True,1.0000000000,4.0000000000,-0.0320000000,0.0000000000,0.0000000000,0.7791902000,0.3416081000,0.5255156000,True,1.0000000000,4.0000000000,0.0320000000,0.0000000000,0.0000000000,0.7587832000,0.3549912000,0.5461037000,0.0000000000,0.0000000000,0.0000000000,0.7690848000,0.3483441000,0.5358779000,1.2809980000,
32.17973,33990,True,1.0000000000,4.0000000000,-0.0320000000,0.0000000000,0.0000000000,0.7791860000,0.3416086000,0.5255215000,True,1.0000000000,4.0000000000,0.0320000000,0.0000000000,0.0000000000,0.7587888000,0.3549852000,0.5460998000,0.0000000000,0.0000000000,0.0000000000,0.7690853000,0.3483413000,0.5358789000,1.2816110000,
32.19023,34001,True,1.0000000000,4.0000000000,-0.0320000000,0.0000000000,0.0000000000,0.7791793000,0.3416141000,0.5255277000,True,1.0000000000,4.0000000000,0.0320000000,0.0000000000,0.0000000000,0.7587987000,0.3549801000,0.5460895000,0.0000000000,0.0000000000,0.0000000000,0.7690868000,0.3483413000,0.5358767000,1.2826400000,
32.20131,34012,True,1.0000000000,4.0000000000,-0.0320000000,0.0000000000,0.0000000000,0.7791703000,0.3416244000,0.5255344000,True,1.0000000000,4.0000000000,0.0320000000,0.0000000000,0.0000000000,0.7588055000,0.3549801000,0.5460800000,0.0000000000,0.0000000000,0.0000000000,0.7690855000,0.3483465000,0.5358751000,1.2836420000,
32.21319,34023,True,1.0000000000,4.0000000000,-0.0320000000,0.0000000000,0.0000000000,0.7791640000,0.3416277000,0.5255417000,True,1.0000000000,4.0000000000,0.0320000000,0.0000000000,0.0000000000,0.7588130000,0.3549743000,0.5460733000,0.0000000000,0.0000000000,0.0000000000,0.7690859000,0.3483451000,0.5358754000,1.2845170000,
32.22351,34035,True,1.0000000000,4.0000000000,-0.0320000000,0.0000000000,0.0000000000,0.7791608000,0.3416269000,0.5255470000,True,1.0000000000,4.0000000000,0.0320000000,0.0000000000,0.0000000000,0.7588179000,0.3549680000,0.5460706000,0.0000000000,0.0000000000,0.0000000000,0.7690867000,0.3483416000,0.5358766000,1.2850240000,
32.23566,34046,True,1.0000000000,4.0000000000,-0.0320000000,0.0000000000,0.0000000000,0.7791566000,0.3416304000,0.5255507000,True,1.0000000000,4.0000000000,0.0320000000,0.0000000000,0.0000000000,0.7588241000,0.3549649000,0.5460640000,0.0000000000,0.0000000000,0.0000000000,0.7690877000,0.3483417000,0.5358751000,1.2856680000,
32.24578,34056,True,1.0000000000,4.0000000000,-0.0320000000,0.0000000000,0.0000000000,0.7791563000,0.3416304000,0.5255513000,True,1.0000000000,4.0000000000,0.0320000000,0.0000000000,0.0000000000,0.7588238000,0.3549649000,0.5460645000,0.0000000000,0.0000000000,0.0000000000,0.7690873000,0.3483418000,0.5358757000,1.2856720000,
32.25853,34069,True,1.0000000000,4.0000000000,-0.0320000000,0.0000000000,0.0000000000,0.7791543000,0.3416290000,0.5255551000,True,1.0000000000,4.0000000000,0.0320000000,0.0000000000,0.0000000000,0.7588266000,0.3549603000,0.5460636000,0.0000000000,0.0000000000,0.0000000000,0.7690877000,0.3483387000,0.5358771000,1.2859760000,
32.2685,34079,True,1.0000000000,4.0000000000,-0.0320000000,0.0000000000,0.0000000000,0.7791513000,0.3416377000,0.5255539000,True,1.0000000000,4.0000000000,0.0320000000,0.0000000000,0.0000000000,0.7588280000,0.3549663000,0.5460577000,0.0000000000,0.0000000000,0.0000000000,0.7690868000,0.3483460000,0.5358735000,1.2862590000,
32.27914,34089,True,1.0000000000,4.0000000000,-0.0320000000,0.0000000000,0.0000000000,0.7791468000,0.3416389000,0.5255599000,True,1.0000000000,4.0000000000,0.0320000000,0.0000000000,0.0000000000,0.7588316000,0.3549620000,0.5460554000,0.0000000000,0.0000000000,0.0000000000,0.7690864000,0.3483444000,0.5358754000,1.2867790000,
32.29095,34101,True,1.0000000000,4.0000000000,-0.0320000000,0.0000000000,0.0000000000,0.7791476000,0.3416366000,0.5255601000,True,1.0000000000,4.0000000000,0.0320000000,0.0000000000,0.0000000000,0.7588316000,0.3549602000,0.5460567000,0.0000000000,0.0000000000,0.0000000000,0.7690867000,0.3483424000,0.5358761000,1.2867180000,
32.30211,34112,True,1.0000000000,4.0000000000,-0.0320000000,0.0000000000,0.0000000000,0.7791448000,0.3416350000,0.5255653000,True,1.0000000000,4.0000000000,0.0320000000,0.0000000000,0.0000000000,0.7588396000,0.3549516000,0.5460511000,0.0000000000,0.0000000000,0.0000000000,0.7690892000,0.3483373000,0.5358758000,1.2873920000,
32.31395,34124,True,1.0000000000,4.0000000000,-0.0320000000,0.0000000000,0.0000000000,0.7791345000,0.3416449000,0.5255742000,True,1.0000000000,4.0000000000,0.0320000000,0.0000000000,0.0000000000,0.7588472000,0.3549498000,0.5460418000,0.0000000000,0.0000000000,0.0000000000,0.7690877000,0.3483412000,0.5358755000,1.2885340000,
32.32326,34133,True,1.0000000000,4.0000000000,-0.0320000000,0.0000000000,0.0000000000,0.7791252000,0.3416510000,0.5255839000,True,1.0000000000,4.0000000000,0.0320000000,0.0000000000,0.0000000000,0.7588575000,0.3549430000,0.5460318000,0.0000000000,0.0000000000,0.0000000000,0.7690880000,0.3483408000,0.5358753000,1.2897770000,
32.33476,34145,True,1.0000000000,4.0000000000,-0.0320000000,0.0000000000,0.0000000000,0.7791095000,0.3416640000,0.5255988000,True,1.0000000000,4.0000000000,0.0320000000,0.0000000000,0.0000000000,0.7588724000,0.3549359000,0.5460157000,0.0000000000,0.0000000000,0.0000000000,0.7690873000,0.3483436000,0.5358744000,1.2917380000,
32.34559,34156,True,1.0000000000,4.0000000000,-0.0320000000,0.0000000000,0.0000000000,0.7790943000,0.3416758000,0.5256137000,True,1.0000000000,4.0000000000,0.0320000000,0.0000000000,0.0000000000,0.7588919000,0.3549251000,0.5459955000,0.0000000000,0.0000000000,0.0000000000,0.7690892000,0.3483440000,0.5358716000,1.2939540000,
32.35667,34167,True,1.0000000000,4.0000000000,-0.0320000000,0.0000000000,0.0000000000,0.7790778000,0.3416845000,0.5256323000,True,1.0000000000,4.0000000000,0.0320000000,0.0000000000,0.0000000000,0.7589120000,0.3549099000,0.5459777000,0.0000000000,0.0000000000,0.0000000000,0.7690907000,0.3483405000,0.5358717000,1.2962880000,
32.36775,34179,True,1.0000000000,4.0000000000,-0.0320000000,0.0000000000,0.0000000000,0.7790664000,0.3416903000,0.5256455000,True,1.0000000000,4.0000000000,0.0320000000,0.0000000000,0.0000000000,0.7589265000,0.3548987000,0.5459648000,0.0000000000,0.0000000000,0.0000000000,0.7690919000,0.3483377000,0.5358717000,1.2979460000,
32.37925,34189,True,1.0000000000,4.0000000000,-0.0320000000,0.0000000000,0.0000000000,0.7790571000,0.3416985000,0.5256540000,True,1.0000000000,4.0000000000,0.0320000000,0.0000000000,0.0000000000,0.7589356000,0.3548949000,0.5459547000,0.0000000000,0.0000000000,0.0000000000,0.7690916000,0.3483399000,0.5358708000,1.2991360000,
32.39145,34202,True,1.0000000000,4.0000000000,-0.0320000000,0.0000000000,0.0000000000,0.7790495000,0.3417027000,0.5256627000,True,1.0000000000,4.0000000000,0.0320000000,0.0000000000,0.0000000000,0.7589434000,0.3548889000,0.5459475000,0.0000000000,0.0000000000,0.0000000000,0.7690916000,0.3483389000,0.5358713000,1.3001400000,
32.40166,34212,True,1.0000000000,4.0000000000,-0.0320000000,0.0000000000,0.0000000000,0.7790399000,0.3417117000,0.5256710000,True,1.0000000000,4.0000000000,0.0320000000,0.0000000000,0.0000000000,0.7589520000,0.3548860000,0.5459375000,0.0000000000,0.0000000000,0.0000000000,0.7690910000,0.3483419000,0.5358704000,1.3013210000,
32.41224,34222,True,1.0000000000,4.0000000000,-0.0320000000,0.0000000000,0.0000000000,0.7790270000,0.3417166000,0.5256868000,True,1.0000000000,4.0000000000,0.0320000000,0.0000000000,0.0000000000,0.7589706000,0.3548703000,0.5459219000,0.0000000000,0.0000000000,0.0000000000,0.7690935000,0.3483363000,0.5358704000,1.3033480000,
32.42364,34234,True,1.0000000000,4.0000000000,-0.0320000000,0.0000000000,0.0000000000,0.7790011000,0.3417370000,0.5257122000,True,1.0000000000,4.0000000000,0.0320000000,0.0000000000,0.0000000000,0.7589976000,0.3548559000,0.5458938000,0.0000000000,0.0000000000,0.0000000000,0.7690935000,0.3483391000,0.5358686000,1.3068000000,
32.43521,34245,True,1.0000000000,4.0000000000,-0.0320000000,0.0000000000,0.0000000000,0.7789533000,0.3417687000,0.5257622000,True,1.0000000000,4.0000000000,0.0320000000,0.0000000000,0.0000000000,0.7590505000,0.3548218000,0.5458423000,0.0000000000,0.0000000000,0.0000000000,0.7690951000,0.3483375000,0.5358672000,1.3134000000,
32.44593,34256,True,1.0000000000,4.0000000000,-0.0320000000,0.0000000000,0.0000000000,0.7789029000,0.3418013000,0.5258157000,True,1.0000000000,4.0000000000,0.0320000000,0.0000000000,0.0000000000,0.7591069000,0.3547843000,0.5457883000,0.0000000000,0.0000000000,0.0000000000,0.7690971000,0.3483345000,0.5358663000,1.3204760000,
32.45772,34268,True,1.0000000000,4.0000000000,-0.0320000000,0.0000000000,0.0000000000,0.7788119000,0.3418631000,0.5259103000,True,1.0000000000,4.0000000000,0.0320000000,0.0000000000,0.0000000000,0.7592085000,0.3547198000,0.5456888000,0.0000000000,0.0000000000,0.0000000000,0.7691007000,0.3483324000,0.5358626000,1.3334340000,
32.4681,34279,True,1.0000000000,4.0000000000,-0.0320000000,0.0000000000,0.0000000000,0.7786962000,0.3419402000,0.5260315000,True,1.0000000000,4.0000000000,0.0320000000,0.0000000000,0.0000000000,0.7593384000,0.3546361000,0.5455626000,0.0000000000,0.0000000000,0.0000000000,0.7691056000,0.3483281000,0.5358585000,1.3503300000,
32.47867,34289,True,1.0000000000,4.0000000000,-0.0320000000,0.0000000000,0.0000000000,0.7785425000,0.3420444000,0.5261914000,True,1.0000000000,4.0000000000,0.0320000000,0.0000000000,0.0000000000,0.7595085000,0.3545281000,0.5453959000,0.0000000000,0.0000000000,0.0000000000,0.7691107000,0.3483249000,0.5358530000,1.3732940000,
32.49031,34301,True,1.0000000000,4.0000000000,-0.0320000000,0.0000000000,0.0000000000,0.7783438000,0.3421816000,0.5263960000,True,1.0000000000,4.0000000000,0.0320000000,0.0000000000,0.0000000000,0.7597262000,0.3543924000,0.5451807000,0.0000000000,0.0000000000,0.0000000000,0.7691166000,0.3483239000,0.5358453000,1.4039820000,
32.50152,34312,True,1.0000000000,4.0000000000,-0.0320000000,0.0000000000,0.0000000000,0.7780908000,0.3423502000,0.5266603000,True,1.0000000000,4.0000000000,0.0320000000,0.0000000000,0.0000000000,0.7600125000,0.3542078000,0.5449017000,0.0000000000,0.0000000000,0.0000000000,0.7691286000,0.3483139000,0.5358346000,1.4458000000,
32.51213,34322,True,1.0000000000,4.0000000000,-0.0320000000,0.0000000000,0.0000000000,0.7778304000,0.3425266000,0.5269301000,True,1.0000000000,4.0000000000,0.0320000000,0.0000000000,0.0000000000,0.7602980000,0.3540266000,0.5446212000,0.0000000000,0.0000000000,0.0000000000,0.7691365000,0.3483094000,0.5358261000,1.4907790000,
32.52338,34334,True,1.0000000000,4.0000000000,-0.0320000000,0.0000000000,0.0000000000,0.7775012000,0.3427558000,0.5272667000,True,1.0000000000,4.0000000000,0.0320000000,0.0000000000,0.0000000000,0.7606583000,0.3538041000,0.5442625000,0.0000000000,0.0000000000,0.0000000000,0.7691466000,0.3483102000,0.5358111000,1.5517470000,
32.53422,34345,True,1.0000000000,4.0000000000,-0.0320000000,0.0000000000,0.0000000000,0.7771678000,0.3429764000,0.5276149000,True,1.0000000000,4.0000000000,0.0320000000,0.0000000000,0.0000000000,0.7610263000,0.3535647000,0.5439034000,0.0000000000,0.0000000000,0.0000000000,0.7691584000,0.3482984000,0.5358018000,1.6191390000,
32.54582,34356,True,1.0000000000,4.0000000000,-0.0320000000,0.0000000000,0.0000000000,0.7768307000,0.3431964000,0.5279681000,True,1.0000000000,4.0000000000,0.0320000000,0.0000000000,0.0000000000,0.7613982000,0.3533199000,0.5435420000,0.0000000000,0.0000000000,0.0000000000,0.7691705000,0.3482835000,0.5357941000,1.6934500000,
32.55742,34367,True,1.0000000000,4.0000000000,-0.0320000000,0.0000000000,0.0000000000,0.7764835000,0.3434362000,0.5283228000,True,1.0000000000,4.0000000000,0.0320000000,0.0000000000,0.0000000000,0.7617695000,0.3530887000,0.5431718000,0.0000000000,0.0000000000,0.0000000000,0.7691775000,0.3482855000,0.5357828000,1.7761190000,
32.56901,34379,True,1.0000000000,4.0000000000,-0.0320000000,0.0000000000,0.0000000000,0.7762021000,0.3436223000,0.5286153000,True,1.0000000000,4.0000000000,0.0320000000,0.0000000000,0.0000000000,0.7620800000,0.3528867000,0.5428674000,0.0000000000,0.0000000000,0.0000000000,0.7691880000,0.3482758000,0.5357741000,1.8504870000,
32.57977,34390,True,1.0000000000,4.0000000000,-0.0320000000,0.0000000000,0.0000000000,0.7759238000,0.3438131000,0.5288997000,True,1.0000000000,4.0000000000,0.0320000000,0.0000000000,0.0000000000,0.7623763000,0.3527009000,0.5425721000,0.0000000000,0.0000000000,0.0000000000,0.7691932000,0.3482766000,0.5357659000,1.9289540000,
32.59131,34401,True,1.0000000000,4.0000000000,-0.0320000000,0.0000000000,0.0000000000,0.7757258000,0.3439487000,0.5291019000,True,1.0000000000,4.0000000000,0.0320000000,0.0000000000,0.0000000000,0.7625914000,0.3525657000,0.5423576000,0.0000000000,0.0000000000,0.0000000000,0.7691993000,0.3482756000,0.5357580000,1.9895830000,
32.603,34413,True,1.0000000000,4.0000000000,-0.0320000000,0.0000000000,0.0000000000,0.7755868000,0.3440358000,0.5292491000,True,1.0000000000,4.0000000000,0.0320000000,0.0000000000,0.0000000000,0.7627432000,0.3524621000,0.5422115000,0.0000000000,0.0000000000,0.0000000000,0.7692038000,0.3482666000,0.5357573000,2.0345890000,
32.61354,34423,True,1.0000000000,4.0000000000,-0.0320000000,0.0000000000,0.0000000000,0.7755085000,0.3440870000,0.5293306000,True,1.0000000000,4.0000000000,0.0320000000,0.0000000000,0.0000000000,0.7628307000,0.3524044000,0.5421258000,0.0000000000,0.0000000000,0.0000000000,0.7692074000,0.3482628000,0.5357546000,2.0611950000,
32.62437,34435,True,1.0000000000,4.0000000000,-0.0320000000,0.0000000000,0.0000000000,0.7754866000,0.3441022000,0.5293527000,True,1.0000000000,4.0000000000,0.0320000000,0.0000000000,0.0000000000,0.7628483000,0.3523937000,0.5421081000,0.0000000000,0.0000000000,0.0000000000,0.7692051000,0.3482650000,0.5357566000,2.0676330000,
32.63544,34446,True,1.0000000000,4.0000000000,-0.0320000000,0.0000000000,0.0000000000,0.7755324000,0.3440745000,0.5293036000,True,1.0000000000,4.0000000000,0.0320000000,0.0000000000,0.0000000000,0.7627981000,0.3524290000,0.5421557000,0.0000000000,0.0000000000,0.0000000000,0.7692034000,0.3482690000,0.5357562000,2.0520740000,
32.64614,34457,True,1.0000000000,4.0000000000,-0.0320000000,0.0000000000,0.0000000000,0.7755957000,0.3440289000,0.5292404000,True,1.0000000000,4.0000000000,0.0320000000,0.0000000000,0.0000000000,0.7627289000,0.3524703000,0.5422264000,0.0000000000,0.0000000000,0.0000000000,0.7692013000,0.3482673000,0.5357605000,2.0309340000,
32.65847,34468,True,1.0000000000,4.0000000000,-0.0320000000,0.0000000000,0.0000000000,0.7756682000,0.3439783000,0.5291671000,True,1.0000000000,4.0000000000,0.0320000000,0.0000000000,0.0000000000,0.7626571000,0.3525144000,0.5422986000,0.0000000000,0.0000000000,0.0000000000,0.7692025000,0.3482643000,0.5357606000,2.0084010000,
32.66884,34479,True,1.0000000000,4.0000000000,-0.0320000000,0.0000000000,0.0000000000,0.7757215000,0.3439482000,0.5291083000,True,1.0000000000,4.0000000000,0.0320000000,0.0000000000,0.0000000000,0.7625928000,0.3525615000,0.5423584000,0.0000000000,0.0000000000,0.0000000000,0.7691978000,0.3482732000,0.5357616000,1.9904270000,
32.67929,34489,True,1.0000000000,4.0000000000,-0.0320000000,0.0000000000,0.0000000000,0.7757980000,0.3438977000,0.5290292000,True,1.0000000000,4.0000000000,0.0320000000,0.0000000000,0.0000000000,0.7625118000,0.3526142000,0.5424380000,0.0000000000,0.0000000000,0.0000000000,0.7691965000,0.3482748000,0.5357625000,1.9668710000,
32.6905,34501,True,1.0000000000,4.0000000000,-0.0320000000,0.0000000000,0.0000000000,0.7758784000,0.3438381000,0.5289500000,True,1.0000000000,4.0000000000,0.0320000000,0.0000000000,0.0000000000,0.7624341000,0.3526582000,0.5425186000,0.0000000000,0.0000000000,0.0000000000,0.7691988000,0.3482674000,0.5357639000,1.9437220000,
32.70179,34512,True,1.0000000000,4.0000000000,-0.0320000000,0.0000000000,0.0000000000,0.7759629000,0.3437826000,0.5288620000,True,1.0000000000,4.0000000000,0.0320000000,0.0000000000,0.0000000000,0.7623374000,0.3527215000,0.5426134000,0.0000000000,0.0000000000,0.0000000000,0.7691939000,0.3482719000,0.5357681000,1.9178820000,
32.71261,34523,True,1.0000000000,4.0000000000,-0.0320000000,0.0000000000,0.0000000000,0.7760499000,0.3437251000,0.5287719000,True,1.0000000000,4.0000000000,0.0320000000,0.0000000000,0.0000000000,0.7622431000,0.3527828000,0.5427060000,0.0000000000,0.0000000000,0.0000000000,0.7691913000,0.3482743000,0.5357702000,1.8927350000,
32.72456,34535,True,1.0000000000,4.0000000000,-0.0320000000,0.0000000000,0.0000000000,0.7761112000,0.3436860000,0.5287071000,True,1.0000000000,4.0000000000,0.0320000000,0.0000000000,0.0000000000,0.7621782000,0.3528267000,0.5427687000,0.0000000000,0.0000000000,0.0000000000,0.7691904000,0.3482770000,0.5357698000,1.8755680000,
32.73515,34546,True,1.0000000000,4.0000000000,-0.0320000000,0.0000000000,0.0000000000,0.7761928000,0.3436334000,0.5286216000,True,1.0000000000,4.0000000000,0.0320000000,0.0000000000,0.0000000000,0.7620848000,0.3528887000,0.5428594000,0.0000000000,0.0000000000,0.0000000000,0.7691857000,0.3482822000,0.5357732000,1.8523530000,
32.7459,34556,True,1.0000000000,4.0000000000,-0.0320000000,0.0000000000,0.0000000000,0.7762706000,0.3435796000,0.5285423000,True,1.0000000000,4.0000000000,0.0320000000,0.0000000000,0.0000000000,0.7620021000,0.3529402000,0.5429420000,0.0000000000,0.0000000000,0.0000000000,0.7691843000,0.3482816000,0.5357755000,1.8315140000,
32.75713,34567,True,1.0000000000,4.0000000000,-0.0320000000,0.0000000000,0.0000000000,0.7763312000,0.3435353000,0.5284822000,True,1.0000000000,4.0000000000,0.0320000000,0.0000000000,0.0000000000,0.7619408000,0.3529757000,0.5430049000,0.0000000000,0.0000000000,0.0000000000,0.7691848000,0.3482776000,0.5357775000,1.8160260000,
32.76925,34579,True,1.0000000000,4.0000000000,-0.0320000000,0.0000000000,0.0000000000,0.7763742000,0.3435110000,0.5284349000,True,1.0000000000,4.0000000000,0.0320000000,0.0000000000,0.0000000000,0.7618917000,0.3530118000,0.5430504000,0.0000000000,0.0000000000,0.0000000000,0.7691823000,0.3482837000,0.5357771000,1.8044710000,
32.77957,34590,True,1.0000000000,4.0000000000,-0.0320000000,0.0000000000,0.0000000000,0.7764024000,0.3434939000,0.5284045000,True,1.0000000000,4.0000000000,0.0320000000,0.0000000000,0.0000000000,0.7618612000,0.3530333000,0.5430792000,0.0000000000,0.0000000000,0.0000000000,0.7691816000,0.3482861000,0.5357766000,1.7972010000,
32.79067,34601,True,1.0000000000,4.0000000000,-0.0320000000,0.0000000000,0.0000000000,0.7764179000,0.3434807000,0.5283902000,True,1.0000000000,4.0000000000,0.0320000000,0.0000000000,0.0000000000,0.7618420000,0.3530427000,0.5430999000,0.0000000000,0.0000000000,0.0000000000,0.7691800000,0.3482843000,0.5357800000,1.7929340000,
32.80172,34612,True,1.0000000000,4.0000000000,-0.0320000000,0.0000000000,0.0000000000,0.7764159000,0.3434798000,0.5283937000,True,1.0000000000,4.0000000000,0.0320000000,0.0000000000,0.0000000000,0.7618530000,0.3530334000,0.5430906000,0.0000000000,0.0000000000,0.0000000000,0.7691844000,0.3482792000,0.5357769000,1.7944820000,
32.81279,34623,True,1.0000000000,4.0000000000,-0.0320000000,0.0000000000,0.0000000000,0.7764113000,0.3434844000,0.5283976000,True,1.0000000000,4.0000000000,0.0320000000,0.0000000000,0.0000000000,0.7618502000,0.3530367000,0.5430924000,0.0000000000,0.0000000000,0.0000000000,0.7691807000,0.3482831000,0.5357797000,1.7947480000,
32.82368,34634,True,1.0000000000,4.0000000000,-0.0320000000,0.0000000000,0.0000000000,0.7763923000,0.3434958000,0.5284181000,True,1.0000000000,4.0000000000,0.0320000000,0.0000000000,0.0000000000,0.7618724000,0.3530211000,0.5430714000,0.0000000000,0.0000000000,0.0000000000,0.7691820000,0.3482810000,0.5357793000,1.7998210000,
32.83499,34645,True,1.0000000000,4.0000000000,-0.0320000000,0.0000000000,0.0000000000,0.7763712000,0.3435124000,0.5284384000,True,1.0000000000,4.0000000000,0.0320000000,0.0000000000,0.0000000000,0.7618938000,0.3530099000,0.5430487000,0.0000000000,0.0000000000,0.0000000000,0.7691818000,0.3482835000,0.5357779000,1.8051200000,
32.84589,34656,True,1.0000000000,4.0000000000,-0.0320000000,0.0000000000,0.0000000000,0.7763562000,0.3435152000,0.5284585000,True,1.0000000000,4.0000000000,0.0320000000,0.0000000000,0.0000000000,0.7619150000,0.3529889000,0.5430326000,0.0000000000,0.0000000000,0.0000000000,0.7691848000,0.3482743000,0.5357797000,1.8096130000,
32.85698,34667,True,1.0000000000,4.0000000000,-0.0320000000,0.0000000000,0.0000000000,0.7763397000,0.3435316000,0.5284722000,True,1.0000000000,4.0000000000,0.0320000000,0.0000000000,0.0000000000,0.7619314000,0.3529837000,0.5430129000,0.0000000000,0.0000000000,0.0000000000,0.7691844000,0.3482798000,0.5357766000,1.8137690000,
32.86883,34679,True,1.0000000000,4.0000000000,-0.0320000000,0.0000000000,0.0000000000,0.7763243000,0.3435400000,0.5284892000,True,1.0000000000,4.0000000000,0.0320000000,0.0000000000,0.0000000000,0.7619461000,0.3529724000,0.5429997000,0.0000000000,0.0000000000,0.0000000000,0.7691839000,0.3482783000,0.5357783000,1.8175510000,
32.87936,34689,True,1.0000000000,4.0000000000,-0.0320000000,0.0000000000,0.0000000000,0.7763102000,0.3435512000,0.5285025000,True,1.0000000000,4.0000000000,0.0320000000,0.0000000000,0.0000000000,0.7619652000,0.3529620000,0.5429797000,0.0000000000,0.0000000000,0.0000000000,0.7691861000,0.3482786000,0.5357748000,1.8217390000,
32.89037,34701,True,1.0000000000,4.0000000000,-0.0320000000,0.0000000000,0.0000000000,0.7762954000,0.3435642000,0.5285159000,True,1.0000000000,4.0000000000,0.0320000000,0.0000000000,0.0000000000,0.7619756000,0.3529584000,0.5429674000,0.0000000000,0.0000000000,0.0000000000,0.7691838000,0.3482831000,0.5357753000,1.8249560000,
32.90166,34712,True,1.0000000000,4.0000000000,-0.0320000000,0.0000000000,0.0000000000,0.7762756000,0.3435779000,0.5285362000,True,1.0000000000,4.0000000000,0.0320000000,0.0000000000,0.0000000000,0.7619975000,0.3529447000,0.5429455000,0.0000000000,0.0000000000,0.0000000000,0.7691845000,0.3482831000,0.5357743000,1.8303000000,
32.91269,34723,True,1.0000000000,4.0000000000,-0.0320000000,0.0000000000,0.0000000000,0.7762545000,0.3435889000,0.5285601000,True,1.0000000000,4.0000000000,0.0320000000,0.0000000000,0.0000000000,0.7620196000,0.3529272000,0.5429260000,0.0000000000,0.0000000000,0.0000000000,0.7691848000,0.3482796000,0.5357763000,1.8358450000,
32.9237,34734,True,1.0000000000,4.0000000000,-0.0320000000,0.0000000000,0.0000000000,0.7762363000,0.3436021000,0.5285782000,True,1.0000000000,4.0000000000,0.0320000000,0.0000000000,0.0000000000,0.7620438000,0.3529128000,0.5429013000,0.0000000000,0.0000000000,0.0000000000,0.7691875000,0.3482789000,0.5357727000,1.8413110000,
32.93463,34745,True,1.0000000000,4.0000000000,-0.0320000000,0.0000000000,0.0000000000,0.7762166000,0.3436125000,0.5286003000,True,1.0000000000,4.0000000000,0.0320000000,0.0000000000,0.0000000000,0.7620627000,0.3528979000,0.5428846000,0.0000000000,0.0000000000,0.0000000000,0.7691868000,0.3482766000,0.5357753000,1.8463360000,
32.94566,34756,True,1.0000000000,4.0000000000,-0.0320000000,0.0000000000,0.0000000000,0.7762041000,0.3436242000,0.5286109000,True,1.0000000000,4.0000000000,0.0320000000,0.0000000000,0.0000000000,0.7620748000,0.3528936000,0.5428703000,0.0000000000,0.0000000000,0.0000000000,0.7691865000,0.3482802000,0.5357734000,1.8495570000,
32.95715,34767,True,1.0000000000,4.0000000000,-0.0320000000,0.0000000000,0.0000000000,0.7761955000,0.3436277000,0.5286214000,True,1.0000000000,4.0000000000,0.0320000000,0.0000000000,0.0000000000,0.7620856000,0.3528843000,0.5428612000,0.0000000000,0.0000000000,0.0000000000,0.7691874000,0.3482772000,0.5357739000,1.8520870000,
32.96831,34779,True,1.0000000000,4.0000000000,-0.0320000000,0.0000000000,0.0000000000,0.7761837000,0.3436419000,0.5286296000,True,1.0000000000,4.0000000000,0.0320000000,0.0000000000,0.0000000000,0.7620940000,0.3528852000,0.5428488000,0.0000000000,0.0000000000,0.0000000000,0.7691856000,0.3482847000,0.5357717000,1.8547720000,
32.97887,34789,True,1.0000000000,4.0000000000,-0.0320000000,0.0000000000,0.0000000000,0.7761744000,0.3436413000,0.5286435000,True,1.0000000000,4.0000000000,0.0320000000,0.0000000000,0.0000000000,0.7621076000,0.3528696000,0.5428399000,0.0000000000,0.0000000000,0.0000000000,0.7691876000,0.3482766000,0.5357742000,1.8577600000,
32.99162,34802,True,1.0000000000,4.0000000000,-0.0320000000,0.0000000000,0.0000000000,0.7761663000,0.3436490000,0.5286505000,True,1.0000000000,4.0000000000,0.0320000000,0.0000000000,0.0000000000,0.7621155000,0.3528668000,0.5428306000,0.0000000000,0.0000000000,0.0000000000,0.7691873000,0.3482789000,0.5357730000,1.8598840000,
33.0014,34812,True,1.0000000000,4.0000000000,-0.0320000000,0.0000000000,0.0000000000,0.7761592000,0.3436545000,0.5286574000,True,1.0000000000,4.0000000000,0.0320000000,0.0000000000,0.0000000000,0.7621241000,0.3528619000,0.5428216000,0.0000000000,0.0000000000,0.0000000000,0.7691880000,0.3482792000,0.5357718000,1.8619700000,
33.01237,34822,True,1.0000000000,4.0000000000,-0.0320000000,0.0000000000,0.0000000000,0.7761447000,0.3436661000,0.5286710000,True,1.0000000000,4.0000000000,0.0320000000,0.0000000000,0.0000000000,0.7621356000,0.3528565000,0.5428088000,0.0000000000,0.0000000000,0.0000000000,0.7691864000,0.3482822000,0.5357721000,1.8654350000,
33.02359,34835,True,1.0000000000,4.0000000000,-0.0320000000,0.0000000000,0.0000000000,0.7761335000,0.3436740000,0.5286824000,True,1.0000000000,4.0000000000,0.0320000000,0.0000000000,0.0000000000,0.7621503000,0.3528476000,0.5427942000,0.0000000000,0.0000000000,0.0000000000,0.7691879000,0.3482817000,0.5357704000,1.8688700000,
33.03583,34846,True,1.0000000000,4.0000000000,-0.0320000000,0.0000000000,0.0000000000,0.7761272000,0.3436778000,0.5286889000,True,1.0000000000,4.0000000000,0.0320000000,0.0000000000,0.0000000000,0.7621554000,0.3528439000,0.5427894000,0.0000000000,0.0000000000,0.0000000000,0.7691873000,0.3482817000,0.5357712000,1.8703910000,
33.0471,34857,True,1.0000000000,4.0000000000,-0.0320000000,0.0000000000,0.0000000000,0.7761170000,0.3436875000,0.5286978000,True,1.0000000000,4.0000000000,0.0320000000,0.0000000000,0.0000000000,0.7621660000,0.3528399000,0.5427771000,0.0000000000,0.0000000000,0.0000000000,0.7691873000,0.3482845000,0.5357693000,1.8732010000,
33.05725,34867,True,1.0000000000,4.0000000000,-0.0320000000,0.0000000000,0.0000000000,0.7761061000,0.3436919000,0.5287111000,True,1.0000000000,4.0000000000,0.0320000000,0.0000000000,0.0000000000,0.7621808000,0.3528274000,0.5427644000,0.0000000000,0.0000000000,0.0000000000,0.7691891000,0.3482803000,0.5357695000,1.8766540000,
33.06838,34879,True,1.0000000000,4.0000000000,-0.0320000000,0.0000000000,0.0000000000,0.7760965000,0.3436924000,0.5287247000,True,1.0000000000,4.0000000000,0.0320000000,0.0000000000,0.0000000000,0.7621958000,0.3528117000,0.5427536000,0.0000000000,0.0000000000,0.0000000000,0.7691916000,0.3482727000,0.5357708000,1.8799520000,
33.08025,34890,True,1.0000000000,4.0000000000,-0.0320000000,0.0000000000,0.0000000000,0.7760827000,0.3437071000,0.5287355000,True,1.0000000000,4.0000000000,0.0320000000,0.0000000000,0.0000000000,0.7622073000,0.3528099000,0.5427387000,0.0000000000,0.0000000000,0.0000000000,0.7691903000,0.3482790000,0.5357686000,1.8833650000,
33.09044,34901,True,1.0000000000,4.0000000000,-0.0320000000,0.0000000000,0.0000000000,0.7760612000,0.3437186000,0.5287595000,True,1.0000000000,4.0000000000,0.0320000000,0.0000000000,0.0000000000,0.7622308000,0.3527919000,0.5427173000,0.0000000000,0.0000000000,0.0000000000,0.7691910000,0.3482756000,0.5357698000,1.8895070000,
33.10364,34914,True,1.0000000000,4.0000000000,-0.0320000000,0.0000000000,0.0000000000,0.7760429000,0.3437300000,0.5287789000,True,1.0000000000,4.0000000000,0.0320000000,0.0000000000,0.0000000000,0.7622529000,0.3527768000,0.5426961000,0.0000000000,0.0000000000,0.0000000000,0.7691927000,0.3482737000,0.5357687000,1.8950290000,
33.11277,34923,True,1.0000000000,4.0000000000,-0.0320000000,0.0000000000,0.0000000000,0.7760158000,0.3437468000,0.5288078000,True,1.0000000000,4.0000000000,0.0320000000,0.0000000000,0.0000000000,0.7622793000,0.3527585000,0.5426710000,0.0000000000,0.0000000000,0.0000000000,0.7691919000,0.3482728000,0.5357704000,1.9024140000,
33.12445,34935,True,1.0000000000,4.0000000000,-0.0320000000,0.0000000000,0.0000000000,0.7759849000,0.3437667000,0.5288402000,True,1.0000000000,4.0000000000,0.0320000000,0.0000000000,0.0000000000,0.7623128000,0.3527361000,0.5426384000,0.0000000000,0.0000000000,0.0000000000,0.7691928000,0.3482713000,0.5357699000,1.9113760000,
33.13477,34945,True,1.0000000000,4.0000000000,-0.0320000000,0.0000000000,0.0000000000,0.7759531000,0.3437885000,0.5288727000,True,1.0000000000,4.0000000000,0.0320000000,0.0000000000,0.0000000000,0.7623519000,0.3527115000,0.5425995000,0.0000000000,0.0000000000,0.0000000000,0.7691961000,0.3482697000,0.5357664000,1.9213180000,
33.14585,34956,True,1.0000000000,4.0000000000,-0.0320000000,0.0000000000,0.0000000000,0.7759094000,0.3438207000,0.5289159000,True,1.0000000000,4.0000000000,0.0320000000,0.0000000000,0.0000000000,0.7623929000,0.3526881000,0.5425570000,0.0000000000,0.0000000000,0.0000000000,0.7691941000,0.3482739000,0.5357664000,1.9333840000,
33.15698,34967,True,1.0000000000,4.0000000000,-0.0320000000,0.0000000000,0.0000000000,0.7758529000,0.3438594000,0.5289736000,True,1.0000000000,4.0000000000,0.0320000000,0.0000000000,0.0000000000,0.7624574000,0.3526475000,0.5424929000,0.0000000000,0.0000000000,0.0000000000,0.7691973000,0.3482726000,0.5357627000,1.9508020000,
33.16793,34979,True,1.0000000000,4.0000000000,-0.0320000000,0.0000000000,0.0000000000,0.7757890000,0.3438963000,0.5290432000,True,1.0000000000,4.0000000000,0.0320000000,0.0000000000,0.0000000000,0.7625303000,0.3525947000,0.5424247000,0.0000000000,0.0000000000,0.0000000000,0.7692011000,0.3482642000,0.5357628000,1.9709060000,
33.17944,34989,True,1.0000000000,4.0000000000,-0.0320000000,0.0000000000,0.0000000000,0.7756935000,0.3439652000,0.5291384000,True,1.0000000000,4.0000000000,0.0320000000,0.0000000000,0.0000000000,0.7626261000,0.3525383000,0.5423268000,0.0000000000,0.0000000000,0.0000000000,0.7692000000,0.3482699000,0.5357606000,1.9997560000,
33.19047,35001,True,1.0000000000,4.0000000000,-0.0320000000,0.0000000000,0.0000000000,0.7755800000,0.3440393000,0.5292567000,True,1.0000000000,4.0000000000,0.0320000000,0.0000000000,0.0000000000,0.7627517000,0.3524554000,0.5422038000,0.0000000000,0.0000000000,0.0000000000,0.7692046000,0.3482649000,0.5357572000,2.0370150000,
33.20174,35012,True,1.0000000000,4.0000000000,-0.0320000000,0.0000000000,0.0000000000,0.7754369000,0.3441344000,0.5294045000,True,1.0000000000,4.0000000000,0.0320000000,0.0000000000,0.0000000000,0.7629079000,0.3523545000,0.5420498000,0.0000000000,0.0000000000,0.0000000000,0.7692094000,0.3482612000,0.5357529000,2.0856350000,
33.21325,35023,True,1.0000000000,4.0000000000,-0.0320000000,0.0000000000,0.0000000000,0.7752442000,0.3442694000,0.5295989000,True,1.0000000000,4.0000000000,0.0320000000,0.0000000000,0.0000000000,0.7631043000,0.3522343000,0.5418514000,0.0000000000,0.0000000000,0.0000000000,0.7692089000,0.3482675000,0.5357493000,2.1524950000,
33.22381,35034,True,1.0000000000,4.0000000000,-0.0320000000,0.0000000000,0.0000000000,0.7750313000,0.3444074000,0.5298209000,True,1.0000000000,4.0000000000,0.0320000000,0.0000000000,0.0000000000,0.7633350000,0.3520812000,0.5416259000,0.0000000000,0.0000000000,0.0000000000,0.7692153000,0.3482589000,0.5357458000,2.2340940000,
33.23566,35046,True,1.0000000000,4.0000000000,-0.0320000000,0.0000000000,0.0000000000,0.7747409000,0.3446053000,0.5301166000,True,1.0000000000,4.0000000000,0.0320000000,0.0000000000,0.0000000000,0.7636436000,0.3518864000,0.5413173000,0.0000000000,0.0000000000,0.0000000000,0.7692213000,0.3482590000,0.5357372000,2.3546190000,
33.24605,35056,True,1.0000000000,4.0000000000,-0.0320000000,0.0000000000,0.0000000000,0.7744358000,0.3448117000,0.5304282000,True,1.0000000000,4.0000000000,0.0320000000,0.0000000000,0.0000000000,0.7639672000,0.3516804000,0.5409945000,0.0000000000,0.0000000000,0.0000000000,0.7692273000,0.3482577000,0.5357293000,2.4959940000,
33.25658,35067,True,1.0000000000,4.0000000000,-0.0320000000,0.0000000000,0.0000000000,0.7740923000,0.3450337000,0.5307853000,True,1.0000000000,4.0000000000,0.0320000000,0.0000000000,0.0000000000,0.7643371000,0.3514344000,0.5406318000,0.0000000000,0.0000000000,0.0000000000,0.7692370000,0.3482442000,0.5357242000,2.6784530000,
33.26996,35080,True,1.0000000000,4.0000000000,-0.0320000000,0.0000000000,0.0000000000,0.7736602000,0.3453214000,0.5312279000,True,1.0000000000,4.0000000000,0.0320000000,0.0000000000,0.0000000000,0.7647917000,0.3511404000,0.5401797000,0.0000000000,0.0000000000,0.0000000000,0.7692445000,0.3482393000,0.5357167000,2.9461930000,
33.27887,35089,True,1.0000000000,4.0000000000,-0.0320000000,0.0000000000,0.0000000000,0.7732511000,0.3455952000,0.5316454000,True,1.0000000000,4.0000000000,0.0320000000,0.0000000000,0.0000000000,0.7652181000,0.3508661000,0.5397538000,0.0000000000,0.0000000000,0.0000000000,0.7692498000,0.3482375000,0.5357102000,3.2525930000,
33.28953,35100,True,1.0000000000,4.0000000000,-0.0320000000,0.0000000000,0.0000000000,0.7728004000,0.3458951000,0.5321055000,True,1.0000000000,4.0000000000,0.0320000000,0.0000000000,0.0000000000,0.7656907000,0.3505603000,0.5392822000,0.0000000000,0.0000000000,0.0000000000,0.7692574000,0.3482330000,0.5357022000,3.6748990000,
33.30051,35112,True,1.0000000000,4.0000000000,-0.0320000000,0.0000000000,0.0000000000,0.7726437000,0.3459966000,0.5322669000,True,1.0000000000,4.0000000000,0.0320000000,0.0000000000,0.0000000000,0.7658532000,0.3504524000,0.5391216000,0.0000000000,0.0000000000,0.0000000000,0.7692593000,0.3482294000,0.5357018000,3.8475440000,
33.31144,35121,True,1.0000000000,4.0000000000,-0.0320000000,0.0000000000,0.0000000000,0.7726400000,0.3459978000,0.5322716000,True,1.0000000000,4.0000000000,0.0320000000,0.0000000000,0.0000000000,0.7658607000,0.3504462000,0.5391149000,0.0000000000,0.0000000000,0.0000000000,0.7692612000,0.3482269000,0.5357007000,3.8539510000,
33.3231,35133,True,1.0000000000,4.0000000000,-0.0320000000,0.0000000000,0.0000000000,0.7726332000,0.3460014000,0.5322791000,True,1.0000000000,4.0000000000,0.0320000000,0.0000000000,0.0000000000,0.7658643000,0.3504429000,0.5391119000,0.0000000000,0.0000000000,0.0000000000,0.7692596000,0.3482271000,0.5357029000,3.8598610000,
33.33398,35144,True,1.0000000000,4.0000000000,-0.0320000000,0.0000000000,0.0000000000,0.7726259000,0.3460112000,0.5322833000,True,1.0000000000,4.0000000000,0.0320000000,0.0000000000,0.0000000000,0.7658694000,0.3504447000,0.5391035000,0.0000000000,0.0000000000,0.0000000000,0.7692584000,0.3482328000,0.5357009000,3.8669730000,
33.3458,35156,True,1.0000000000,4.0000000000,-0.0320000000,0.0000000000,0.0000000000,0.7726176000,0.3460194000,0.5322900000,True,1.0000000000,4.0000000000,0.0320000000,0.0000000000,0.0000000000,0.7658771000,0.3504423000,0.5390940000,0.0000000000,0.0000000000,0.0000000000,0.7692581000,0.3482357000,0.5356995000,3.8761790000,
33.35637,35166,True,1.0000000000,4.0000000000,-0.0320000000,0.0000000000,0.0000000000,0.7726102000,0.3460235000,0.5322981000,True,1.0000000000,4.0000000000,0.0320000000,0.0000000000,0.0000000000,0.7658896000,0.3504335000,0.5390822000,0.0000000000,0.0000000000,0.0000000000,0.7692605000,0.3482333000,0.5356975000,3.8875670000,
33.36781,35178,True,1.0000000000,4.0000000000,-0.0320000000,0.0000000000,0.0000000000,0.7726025000,0.3460263000,0.5323075000,True,1.0000000000,4.0000000000,0.0320000000,0.0000000000,0.0000000000,0.7658933000,0.3504287000,0.5390799000,0.0000000000,0.0000000000,0.0000000000,0.7692585000,0.3482323000,0.5357010000,3.8942770000,
33.37862,35189,True,1.0000000000,4.0000000000,-0.0320000000,0.0000000000,0.0000000000,0.7726036000,0.3460241000,0.5323073000,True,1.0000000000,4.0000000000,0.0320000000,0.0000000000,0.0000000000,0.7658970000,0.3504249000,0.5390773000,0.0000000000,0.0000000000,0.0000000000,0.7692609000,0.3482293000,0.5356996000,3.8956490000,
33.39013,35200,True,1.0000000000,4.0000000000,-0.0320000000,0.0000000000,0.0000000000,0.7727515000,0.3459271000,0.5321555000,True,1.0000000000,4.0000000000,0.0320000000,0.0000000000,0.0000000000,0.7657415000,0.3505269000,0.5392316000,0.0000000000,0.0000000000,0.0000000000,0.7692581000,0.3482322000,0.5357016000,3.7271190000,
33.40235,35213,True,1.0000000000,4.0000000000,-0.0320000000,0.0000000000,0.0000000000,0.7727433000,0.3459297000,0.5321658000,True,1.0000000000,4.0000000000,0.0320000000,0.0000000000,0.0000000000,0.7657499000,0.3505186000,0.5392251000,0.0000000000,0.0000000000,0.0000000000,0.7692581000,0.3482294000,0.5357034000,3.7359890000,
33.4391,35249,True,1.0000000000,4.0000000000,-0.0320000000,0.0000000000,0.0000000000,0.7727380000,0.3459314000,0.5321724000,True,1.0000000000,4.0000000000,0.0320000000,0.0000000000,0.0000000000,0.7657569000,0.3505122000,0.5392194000,0.0000000000,0.0000000000,0.0000000000,0.7692589000,0.3482270000,0.5357039000,3.7425380000,
33.4524,35262,True,1.0000000000,4.0000000000,-0.0320000000,0.0000000000,0.0000000000,0.7726721000,0.3459796000,0.5322367000,True,1.0000000000,4.0000000000,0.0320000000,0.0000000000,0.0000000000,0.7658226000,0.3504741000,0.5391508000,0.0000000000,0.0000000000,0.0000000000,0.7692584000,0.3482319000,0.5357015000,3.8144330000,
33.46378,35277,True,1.0000000000,4.0000000000,-0.0320000000,0.0000000000,0.0000000000,0.7726911000,0.3459632000,0.5322198000,True,1.0000000000,4.0000000000,0.0320000000,0.0000000000,0.0000000000,0.7658084000,0.3504795000,0.5391675000,0.0000000000,0.0000000000,0.0000000000,0.7692609000,0.3482265000,0.5357015000,3.7960200000,
33.47513,35285,True,1.0000000000,4.0000000000,-0.0320000000,0.0000000000,0.0000000000,0.7726793000,0.3459730000,0.5322307000,True,1.0000000000,4.0000000000,0.0320000000,0.0000000000,0.0000000000,0.7658151000,0.3504771000,0.5391595000,0.0000000000,0.0000000000,0.0000000000,0.7692583000,0.3482301000,0.5357028000,3.8063360000,
33.48642,35326,True,1.0000000000,4.0000000000,-0.0320000000,0.0000000000,0.0000000000,0.7726709000,0.3459788000,0.5322391000,True,1.0000000000,4.0000000000,0.0320000000,0.0000000000,0.0000000000,0.7658259000,0.3504703000,0.5391487000,0.0000000000,0.0000000000,0.0000000000,0.7692594000,0.3482295000,0.5357016000,3.8169890000,
33.52216,35333,True,1.0000000000,4.0000000000,-0.0320000000,0.0000000000,0.0000000000,0.7726691000,0.3459786000,0.5322418000,True,1.0000000000,4.0000000000,0.0320000000,0.0000000000,0.0000000000,0.7658325000,0.3504647000,0.5391429000,0.0000000000,0.0000000000,0.0000000000,0.7692618000,0.3482266000,0.5357000000,3.8215970000,
33.53027,35340,True,1.0000000000,4.0000000000,-0.0320000000,0.0000000000,0.0000000000,0.7726154000,0.3460183000,0.5322939000,True,1.0000000000,4.0000000000,0.0320000000,0.0000000000,0.0000000000,0.7658798000,0.3504381000,0.5390931000,0.0000000000,0.0000000000,0.0000000000,0.7692583000,0.3482330000,0.5357010000,3.8789050000,
33.54157,35352,True,1.0000000000,4.0000000000,-0.0320000000,0.0000000000,0.0000000000,0.7726327000,0.3460013000,0.5322798000,True,1.0000000000,4.0000000000,0.0320000000,0.0000000000,0.0000000000,0.7658700000,0.3504389000,0.5391065000,0.0000000000,0.0000000000,0.0000000000,0.7692621000,0.3482250000,0.5357007000,3.8633200000,
33.55282,35363,True,1.0000000000,4.0000000000,-0.0320000000,0.0000000000,0.0000000000,0.7726229000,0.3460116000,0.5322872000,True,1.0000000000,4.0000000000,0.0320000000,0.0000000000,0.0000000000,0.7658757000,0.3504390000,0.5390982000,0.0000000000,0.0000000000,0.0000000000,0.7692600000,0.3482302000,0.5357002000,3.8722340000,
33.56408,35374,True,1.0000000000,4.0000000000,-0.0320000000,0.0000000000,0.0000000000,0.7726130000,0.3460171000,0.5322981000,True,1.0000000000,4.0000000000,0.0320000000,0.0000000000,0.0000000000,0.7658830000,0.3504332000,0.5390916000,0.0000000000,0.0000000000,0.0000000000,0.7692587000,0.3482300000,0.5357023000,3.8821640000,
33.57518,35385,True,1.0000000000,4.0000000000,-0.0320000000,0.0000000000,0.0000000000,0.7726041000,0.3460271000,0.5323046000,True,1.0000000000,4.0000000000,0.0320000000,0.0000000000,0.0000000000,0.7658896000,0.3504330000,0.5390823000,0.0000000000,0.0000000000,0.0000000000,0.7692575000,0.3482349000,0.5357008000,3.8912090000,
33.58636,35397,True,1.0000000000,4.0000000000,-0.0320000000,0.0000000000,0.0000000000,0.7725984000,0.3460267000,0.5323131000,True,1.0000000000,4.0000000000,0.0320000000,0.0000000000,0.0000000000,0.7659005000,0.3504217000,0.5390743000,0.0000000000,0.0000000000,0.0000000000,0.7692600000,0.3482290000,0.5357010000,3.9007400000,
33.59746,35408,True,1.0000000000,4.0000000000,-0.0320000000,0.0000000000,0.0000000000,0.7725891000,0.3460371000,0.5323199000,True,1.0000000000,4.0000000000,0.0320000000,0.0000000000,0.0000000000,0.7659088000,0.3504206000,0.5390631000,0.0000000000,0.0000000000,0.0000000000,0.7692595000,0.3482336000,0.5356988000,3.9111220000,
33.60838,35419,True,1.0000000000,4.0000000000,-0.0320000000,0.0000000000,0.0000000000,0.7725796000,0.3460435000,0.5323294000,True,1.0000000000,4.0000000000,0.0320000000,0.0000000000,0.0000000000,0.7659173000,0.3504152000,0.5390546000,0.0000000000,0.0000000000,0.0000000000,0.7692589000,0.3482341000,0.5356993000,3.9216120000,
33.61982,35430,True,1.0000000000,4.0000000000,-0.0320000000,0.0000000000,0.0000000000,0.7725710000,0.3460467000,0.5323399000,True,1.0000000000,4.0000000000,0.0320000000,0.0000000000,0.0000000000,0.7659273000,0.3504061000,0.5390463000,0.0000000000,0.0000000000,0.0000000000,0.7692596000,0.3482311000,0.5357003000,3.9326000000,
33.63056,35441,True,1.0000000000,4.0000000000,-0.0320000000,0.0000000000,0.0000000000,0.7725626000,0.3460511000,0.5323492000,True,1.0000000000,4.0000000000,0.0320000000,0.0000000000,0.0000000000,0.7659393000,0.3503972000,0.5390350000,0.0000000000,0.0000000000,0.0000000000,0.7692613000,0.3482288000,0.5356993000,3.9447140000,
33.66115,35472,True,1.0000000000,4.0000000000,-0.0320000000,0.0000000000,0.0000000000,0.7725505000,0.3460573000,0.5323628000,True,1.0000000000,4.0000000000,0.0320000000,0.0000000000,0.0000000000,0.7659522000,0.3503869000,0.5390233000,0.0000000000,0.0000000000,0.0000000000,0.7692616000,0.3482268000,0.5357002000,3.9596870000,
33.6752,35485,True,1.0000000000,4.0000000000,-0.0320000000,0.0000000000,0.0000000000,0.7725148000,0.3460816000,0.5323988000,True,1.0000000000,4.0000000000,0.0320000000,0.0000000000,0.0000000000,0.7659920000,0.3503617000,0.5389832000,0.0000000000,0.0000000000,0.0000000000,0.7692634000,0.3482262000,0.5356979000,4.0054660000,
33.68624,35496,True,1.0000000000,4.0000000000,-0.0320000000,0.0000000000,0.0000000000,0.7725129000,0.3460832000,0.5324005000,True,1.0000000000,4.0000000000,0.0320000000,0.0000000000,0.0000000000,0.7659922000,0.3503620000,0.5389829000,0.0000000000,0.0000000000,0.0000000000,0.7692626000,0.3482271000,0.5356987000,4.0066780000,
33.69751,35507,True,1.0000000000,4.0000000000,-0.0320000000,0.0000000000,0.0000000000,0.7725039000,0.3460933000,0.5324069000,True,1.0000000000,4.0000000000,0.0320000000,0.0000000000,0.0000000000,0.7659980000,0.3503625000,0.5389743000,0.0000000000,0.0000000000,0.0000000000,0.7692609000,0.3482324000,0.5356975000,4.0158400000,
33.70844,35519,True,1.0000000000,4.0000000000,-0.0320000000,0.0000000000,0.0000000000,0.7724968000,0.3460954000,0.5324160000,True,1.0000000000,4.0000000000,0.0320000000,0.0000000000,0.0000000000,0.7660083000,0.3503531000,0.5389658000,0.0000000000,0.0000000000,0.0000000000,0.7692624000,0.3482288000,0.5356978000,4.0266060000,
33.71943,35529,True,1.0000000000,4.0000000000,-0.0320000000,0.0000000000,0.0000000000,0.7724928000,0.3460929000,0.5324233000,True,1.0000000000,4.0000000000,0.0320000000,0.0000000000,0.0000000000,0.7660156000,0.3503431000,0.5389618000,0.0000000000,0.0000000000,0.0000000000,0.7692641000,0.3482225000,0.5356995000,4.0336240000,
33.73006,35540,True,1.0000000000,4.0000000000,-0.0320000000,0.0000000000,0.0000000000,0.7724847000,0.3461042000,0.5324278000,True,1.0000000000,4.0000000000,0.0320000000,0.0000000000,0.0000000000,0.7660181000,0.3503475000,0.5389554000,0.0000000000,0.0000000000,0.0000000000,0.7692612000,0.3482303000,0.5356985000,4.0403060000,
33.74162,35552,True,1.0000000000,4.0000000000,-0.0320000000,0.0000000000,0.0000000000,0.7724802000,0.3461056000,0.5324335000,True,1.0000000000,4.0000000000,0.0320000000,0.0000000000,0.0000000000,0.7660239000,0.3503421000,0.5389506000,0.0000000000,0.0000000000,0.0000000000,0.7692619000,0.3482283000,0.5356988000,4.0467420000,
33.75687,35568,True,1.0000000000,4.0000000000,-0.0320000000,0.0000000000,0.0000000000,0.7724743000,0.3461095000,0.5324394000,True,1.0000000000,4.0000000000,0.0320000000,0.0000000000,0.0000000000,0.7660321000,0.3503368000,0.5389425000,0.0000000000,0.0000000000,0.0000000000,0.7692630000,0.3482276000,0.5356977000,4.0555600000,
33.76527,35576,True,1.0000000000,4.0000000000,-0.0320000000,0.0000000000,0.0000000000,0.7724667000,0.3461159000,0.5324462000,True,1.0000000000,4.0000000000,0.0320000000,0.0000000000,0.0000000000,0.7660385000,0.3503340000,0.5389353000,0.0000000000,0.0000000000,0.0000000000,0.7692623000,0.3482293000,0.5356976000,4.0643650000,
33.77501,35585,True,1.0000000000,4.0000000000,-0.0320000000,0.0000000000,0.0000000000,0.7724543000,0.3461225000,0.5324599000,True,1.0000000000,4.0000000000,0.0320000000,0.0000000000,0.0000000000,0.7660517000,0.3503239000,0.5389231000,0.0000000000,0.0000000000,0.0000000000,0.7692627000,0.3482276000,0.5356982000,4.0805720000,
33.78625,35596,True,1.0000000000,4.0000000000,-0.0320000000,0.0000000000,0.0000000000,0.7724386000,0.3461368000,0.5324735000,True,1.0000000000,4.0000000000,0.0320000000,0.0000000000,0.0000000000,0.7660674000,0.3503175000,0.5389048000,0.0000000000,0.0000000000,0.0000000000,0.7692626000,0.3482315000,0.5356957000,4.1007900000,
33.79683,35607,True,1.0000000000,4.0000000000,-0.0320000000,0.0000000000,0.0000000000,0.7724184000,0.3461464000,0.5324963000,True,1.0000000000,4.0000000000,0.0320000000,0.0000000000,0.0000000000,0.7660902000,0.3502989000,0.5388843000,0.0000000000,0.0000000000,0.0000000000,0.7692638000,0.3482269000,0.5356969000,4.1286640000,
33.80802,35618,True,1.0000000000,4.0000000000,-0.0320000000,0.0000000000,0.0000000000,0.7723963000,0.3461645000,0.5325168000,True,1.0000000000,4.0000000000,0.0320000000,0.0000000000,0.0000000000,0.7661107000,0.3502891000,0.5388618000,0.0000000000,0.0000000000,0.0000000000,0.7692628000,0.3482311000,0.5356958000,4.1565380000,
33.81941,35629,True,1.0000000000,4.0000000000,-0.0320000000,0.0000000000,0.0000000000,0.7723716000,0.3461778000,0.5325438000,True,1.0000000000,4.0000000000,0.0320000000,0.0000000000,0.0000000000,0.7661349000,0.3502703000,0.5388395000,0.0000000000,0.0000000000,0.0000000000,0.7692624000,0.3482282000,0.5356980000,4.1891950000,
33.82996,35640,True,1.0000000000,4.0000000000,-0.0320000000,0.0000000000,0.0000000000,0.7723489000,0.3461909000,0.5325685000,True,1.0000000000,4.0000000000,0.0320000000,0.0000000000,0.0000000000,0.7661608000,0.3502513000,0.5388148000,0.0000000000,0.0000000000,0.0000000000,0.7692639000,0.3482252000,0.5356979000,4.2221880000,
33.84217,35653,True,1.0000000000,4.0000000000,-0.0320000000,0.0000000000,0.0000000000,0.7723281000,0.3462083000,0.5325871000,True,1.0000000000,4.0000000000,0.0320000000,0.0000000000,0.0000000000,0.7661812000,0.3502419000,0.5387921000,0.0000000000,0.0000000000,0.0000000000,0.7692636000,0.3482291000,0.5356958000,4.2503750000,
33.8527,35663,True,1.0000000000,4.0000000000,-0.0320000000,0.0000000000,0.0000000000,0.7723161000,0.3462133000,0.5326014000,True,1.0000000000,4.0000000000,0.0320000000,0.0000000000,0.0000000000,0.7661954000,0.3502297000,0.5387800000,0.0000000000,0.0000000000,0.0000000000,0.7692646000,0.3482254000,0.5356968000,4.2685610000,
33.86351,35674,True,1.0000000000,4.0000000000,-0.0320000000,0.0000000000,0.0000000000,0.7722546000,0.3462565000,0.5326625000,True,1.0000000000,4.0000000000,0.0320000000,0.0000000000,0.0000000000,0.7662562000,0.3501927000,0.5387176000,0.0000000000,0.0000000000,0.0000000000,0.7692638000,0.3482284000,0.5356960000,4.3555720000,
33.87442,35684,True,1.0000000000,4.0000000000,-0.0320000000,0.0000000000,0.0000000000,0.7722164000,0.3462782000,0.5327038000,True,1.0000000000,4.0000000000,0.0320000000,0.0000000000,0.0000000000,0.7663021000,0.3501591000,0.5386741000,0.0000000000,0.0000000000,0.0000000000,0.7692675000,0.3482224000,0.5356947000,4.4174620000,
33.88595,35696,True,1.0000000000,4.0000000000,-0.0320000000,0.0000000000,0.0000000000,0.7721681000,0.3463112000,0.5327523000,True,1.0000000000,4.0000000000,0.0320000000,0.0000000000,0.0000000000,0.7663482000,0.3501301000,0.5386273000,0.0000000000,0.0000000000,0.0000000000,0.7692661000,0.3482243000,0.5356954000,4.4891280000,
33.89666,35707,True,1.0000000000,4.0000000000,-0.0320000000,0.0000000000,0.0000000000,0.7721157000,0.3463512000,0.5328022000,True,1.0000000000,4.0000000000,0.0320000000,0.0000000000,0.0000000000,0.7664004000,0.3501016000,0.5385715000,0.0000000000,0.0000000000,0.0000000000,0.7692657000,0.3482299000,0.5356922000,4.5712690000,
33.9076,35718,True,1.0000000000,4.0000000000,-0.0320000000,0.0000000000,0.0000000000,0.7720521000,0.3463900000,0.5328691000,True,1.0000000000,4.0000000000,0.0320000000,0.0000000000,0.0000000000,0.7664683000,0.3500541000,0.5385058000,0.0000000000,0.0000000000,0.0000000000,0.7692676000,0.3482254000,0.5356926000,4.6789410000,
33.91988,35730,True,1.0000000000,4.0000000000,-0.0320000000,0.0000000000,0.0000000000,0.7720201000,0.3464153000,0.5328991000,True,1.0000000000,4.0000000000,0.0320000000,0.0000000000,0.0000000000,0.7664986000,0.3500386000,0.5384728000,0.0000000000,0.0000000000,0.0000000000,0.7692665000,0.3482302000,0.5356910000,4.7317720000,
33.92986,35740,True,1.0000000000,4.0000000000,-0.0320000000,0.0000000000,0.0000000000,0.7720007000,0.3464203000,0.5329239000,True,1.0000000000,4.0000000000,0.0320000000,0.0000000000,0.0000000000,0.7665225000,0.3500150000,0.5384541000,0.0000000000,0.0000000000,0.0000000000,0.7692687000,0.3482208000,0.5356939000,4.7691050000,
33.94093,35751,True,1.0000000000,4.0000000000,-0.0320000000,0.0000000000,0.0000000000,0.7719750000,0.3464426000,0.5329466000,True,1.0000000000,4.0000000000,0.0320000000,0.0000000000,0.0000000000,0.7665429000,0.3500072000,0.5384301000,0.0000000000,0.0000000000,0.0000000000,0.7692659000,0.3482280000,0.5356932000,4.8096650000,
33.95232,35762,True,1.0000000000,4.0000000000,-0.0320000000,0.0000000000,0.0000000000,0.7719500000,0.3464582000,0.5329727000,True,1.0000000000,4.0000000000,0.0320000000,0.0000000000,0.0000000000,0.7665728000,0.3499866000,0.5384007000,0.0000000000,0.0000000000,0.0000000000,0.7692683000,0.3482255000,0.5356914000,4.8588000000,
33.96321,35773,True,1.0000000000,4.0000000000,-0.0320000000,0.0000000000,0.0000000000,0.7719198000,0.3464798000,0.5330024000,True,1.0000000000,4.0000000000,0.0320000000,0.0000000000,0.0000000000,0.7666023000,0.3499691000,0.5383701000,0.0000000000,0.0000000000,0.0000000000,0.7692678000,0.3482275000,0.5356909000,4.9133610000,
33.97428,35784,True,1.0000000000,4.0000000000,-0.0320000000,0.0000000000,0.0000000000,0.7718902000,0.3464977000,0.5330337000,True,1.0000000000,4.0000000000,0.0320000000,0.0000000000,0.0000000000,0.7666340000,0.3499469000,0.5383397000,0.0000000000,0.0000000000,0.0000000000,0.7692686000,0.3482252000,0.5356912000,4.9705690000,
33.98594,35796,True,1.0000000000,4.0000000000,-0.0320000000,0.0000000000,0.0000000000,0.7718590000,0.3465140000,0.5330682000,True,1.0000000000,4.0000000000,0.0320000000,0.0000000000,0.0000000000,0.7666696000,0.3499193000,0.5383069000,0.0000000000,0.0000000000,0.0000000000,0.7692707000,0.3482195000,0.5356920000,5.0343900000,
33.99674,35807,True,1.0000000000,4.0000000000,-0.0320000000,0.0000000000,0.0000000000,0.7718230000,0.3465469000,0.5330989000,True,1.0000000000,4.0000000000,0.0320000000,0.0000000000,0.0000000000,0.7667003000,0.3499086000,0.5382702000,0.0000000000,0.0000000000,0.0000000000,0.7692678000,0.3482305000,0.5356888000,5.0999500000,
34.0079,35818,True,1.0000000000,4.0000000000,-0.0320000000,0.0000000000,0.0000000000,0.7717898000,0.3465644000,0.5331357000,True,1.0000000000,4.0000000000,0.0320000000,0.0000000000,0.0000000000,0.7667356000,0.3498810000,0.5382378000,0.0000000000,0.0000000000,0.0000000000,0.7692687000,0.3482254000,0.5356909000,5.1691500000,
34.01887,35830,True,1.0000000000,4.0000000000,-0.0320000000,0.0000000000,0.0000000000,0.7717583000,0.3465776000,0.5331728000,True,1.0000000000,4.0000000000,0.0320000000,0.0000000000,0.0000000000,0.7667720000,0.3498494000,0.5382063000,0.0000000000,0.0000000000,0.0000000000,0.7692710000,0.3482161000,0.5356936000,5.2396850000,
34.02991,35840,True,1.0000000000,4.0000000000,-0.0320000000,0.0000000000,0.0000000000,0.7717239000,0.3466104000,0.5332011000,True,1.0000000000,4.0000000000,0.0320000000,0.0000000000,0.0000000000,0.7668043000,0.3498388000,0.5381674000,0.0000000000,0.0000000000,0.0000000000,0.7692698000,0.3482272000,0.5356882000,5.3105660000,
34.04113,35851,True,1.0000000000,4.0000000000,-0.0320000000,0.0000000000,0.0000000000,0.7716886000,0.3466309000,0.5332388000,True,1.0000000000,4.0000000000,0.0320000000,0.0000000000,0.0000000000,0.7668374000,0.3498142000,0.5381361000,0.0000000000,0.0000000000,0.0000000000,0.7692686000,0.3482251000,0.5356913000,5.3854200000,
34.0526,35862,True,1.0000000000,4.0000000000,-0.0320000000,0.0000000000,0.0000000000,0.7716566000,0.3466498000,0.5332729000,True,1.0000000000,4.0000000000,0.0320000000,0.0000000000,0.0000000000,0.7668745000,0.3497879000,0.5381004000,0.0000000000,0.0000000000,0.0000000000,0.7692710000,0.3482212000,0.5356904000,5.4632540000,
34.06335,35873,True,1.0000000000,4.0000000000,-0.0320000000,0.0000000000,0.0000000000,0.7716188000,0.3466776000,0.5333095000,True,1.0000000000,4.0000000000,0.0320000000,0.0000000000,0.0000000000,0.7669110000,0.3497669000,0.5380619000,0.0000000000,0.0000000000,0.0000000000,0.7692702000,0.3482246000,0.5356893000,5.5494520000,
34.07434,35884,True,1.0000000000,4.0000000000,-0.0320000000,0.0000000000,0.0000000000,0.7715829000,0.3467027000,0.5333452000,True,1.0000000000,4.0000000000,0.0320000000,0.0000000000,0.0000000000,0.7669483000,0.3497439000,0.5380237000,0.0000000000,0.0000000000,0.0000000000,0.7692707000,0.3482256000,0.5356879000,5.6372360000,
34.08575,35896,True,1.0000000000,4.0000000000,-0.0320000000,0.0000000000,0.0000000000,0.7715482000,0.3467228000,0.5333823000,True,1.0000000000,4.0000000000,0.0320000000,0.0000000000,0.0000000000,0.7669845000,0.3497176000,0.5379893000,0.0000000000,0.0000000000,0.0000000000,0.7692713000,0.3482224000,0.5356892000,5.7247040000,
34.09646,35906,True,1.0000000000,4.0000000000,-0.0320000000,0.0000000000,0.0000000000,0.7715668000,0.3467121000,0.5333623000,True,1.0000000000,4.0000000000,0.0320000000,0.0000000000,0.0000000000,0.7669638000,0.3497326000,0.5380090000,0.0000000000,0.0000000000,0.0000000000,0.7692703000,0.3482246000,0.5356891000,5.6758800000,
34.1078,35918,True,1.0000000000,4.0000000000,-0.0320000000,0.0000000000,0.0000000000,0.7715973000,0.3466907000,0.5333323000,True,1.0000000000,4.0000000000,0.0320000000,0.0000000000,0.0000000000,0.7669349000,0.3497500000,0.5380387000,0.0000000000,0.0000000000,0.0000000000,0.7692712000,0.3482226000,0.5356891000,5.6037850000,
34.11974,35930,True,1.0000000000,4.0000000000,-0.0320000000,0.0000000000,0.0000000000,0.7716242000,0.3466741000,0.5333040000,True,1.0000000000,4.0000000000,0.0320000000,0.0000000000,0.0000000000,0.7669087000,0.3497685000,0.5380642000,0.0000000000,0.0000000000,0.0000000000,0.7692717000,0.3482237000,0.5356877000,5.5404870000,
34.12994,35940,True,1.0000000000,4.0000000000,-0.0320000000,0.0000000000,0.0000000000,0.7716486000,0.3466575000,0.5332795000,True,1.0000000000,4.0000000000,0.0320000000,0.0000000000,0.0000000000,0.7668818000,0.3497854000,0.5380914000,0.0000000000,0.0000000000,0.0000000000,0.7692706000,0.3482239000,0.5356892000,5.4809480000,
34.14106,35951,True,1.0000000000,4.0000000000,-0.0320000000,0.0000000000,0.0000000000,0.7716733000,0.3466412000,0.5332541000,True,1.0000000000,4.0000000000,0.0320000000,0.0000000000,0.0000000000,0.7668577000,0.3498014000,0.5381155000,0.0000000000,0.0000000000,0.0000000000,0.7692710000,0.3482238000,0.5356886000,5.4252020000,
34.15253,35962,True,1.0000000000,4.0000000000,-0.0320000000,0.0000000000,0.0000000000,0.7716936000,0.3466280000,0.5332336000,True,1.0000000000,4.0000000000,0.0320000000,0.0000000000,0.0000000000,0.7668327000,0.3498178000,0.5381405000,0.0000000000,0.0000000000,0.0000000000,0.7692687000,0.3482254000,0.5356909000,5.3747310000,
34.1634,35973,True,1.0000000000,4.0000000000,-0.0320000000,0.0000000000,0.0000000000,0.7717168000,0.3466095000,0.5332120000,True,1.0000000000,4.0000000000,0.0320000000,0.0000000000,0.0000000000,0.7668122000,0.3498279000,0.5381631000,0.0000000000,0.0000000000,0.0000000000,0.7692702000,0.3482212000,0.5356915000,5.3268870000,
34.17456,35984,True,1.0000000000,4.0000000000,-0.0320000000,0.0000000000,0.0000000000,0.7717373000,0.3465961000,0.5331911000,True,1.0000000000,4.0000000000,0.0320000000,0.0000000000,0.0000000000,0.7667931000,0.3498405000,0.5381822000,0.0000000000,0.0000000000,0.0000000000,0.7692710000,0.3482209000,0.5356906000,5.2842700000,
34.18529,35995,True,1.0000000000,4.0000000000,-0.0320000000,0.0000000000,0.0000000000,0.7717533000,0.3465888000,0.5331726000,True,1.0000000000,4.0000000000,0.0320000000,0.0000000000,0.0000000000,0.7667729000,0.3498569000,0.5382002000,0.0000000000,0.0000000000,0.0000000000,0.7692690000,0.3482255000,0.5356904000,5.2458210000,
34.19617,36006,True,1.0000000000,4.0000000000,-0.0320000000,0.0000000000,0.0000000000,0.7717727000,0.3465756000,0.5331531000,True,1.0000000000,4.0000000000,0.0320000000,0.0000000000,0.0000000000,0.7667572000,0.3498668000,0.5382161000,0.0000000000,0.0000000000,0.0000000000,0.7692709000,0.3482239000,0.5356888000,5.2090360000,
34.20742,36018,True,1.0000000000,4.0000000000,-0.0320000000,0.0000000000,0.0000000000,0.7717892000,0.3465635000,0.5331371000,True,1.0000000000,4.0000000000,0.0320000000,0.0000000000,0.0000000000,0.7667410000,0.3498762000,0.5382332000,0.0000000000,0.0000000000,0.0000000000,0.7692711000,0.3482226000,0.5356894000,5.1753860000,
34.21898,36029,True,1.0000000000,4.0000000000,-0.0320000000,0.0000000000,0.0000000000,0.7718041000,0.3465560000,0.5331205000,True,1.0000000000,4.0000000000,0.0320000000,0.0000000000,0.0000000000,0.7667244000,0.3498893000,0.5382483000,0.0000000000,0.0000000000,0.0000000000,0.7692703000,0.3482254000,0.5356886000,5.1431850000,
34.22977,36040,True,1.0000000000,4.0000000000,-0.0320000000,0.0000000000,0.0000000000,0.7718178000,0.3465427000,0.5331092000,True,1.0000000000,4.0000000000,0.0320000000,0.0000000000,0.0000000000,0.7667082000,0.3498956000,0.5382673000,0.0000000000,0.0000000000,0.0000000000,0.7692691000,0.3482219000,0.5356926000,5.1131750000,
34.24108,36051,True,1.0000000000,4.0000000000,-0.0320000000,0.0000000000,0.0000000000,0.7718322000,0.3465342000,0.5330940000,True,1.0000000000,4.0000000000,0.0320000000,0.0000000000,0.0000000000,0.7666946000,0.3499054000,0.5382802000,0.0000000000,0.0000000000,0.0000000000,0.7692696000,0.3482226000,0.5356914000,5.0853140000,
34.25323,36063,True,1.0000000000,4.0000000000,-0.0320000000,0.0000000000,0.0000000000,0.7718441000,0.3465289000,0.5330802000,True,1.0000000000,4.0000000000,0.0320000000,0.0000000000,0.0000000000,0.7666803000,0.3499174000,0.5382928000,0.0000000000,0.0000000000,0.0000000000,0.7692685000,0.3482260000,0.5356908000,5.0594970000,
34.26463,36075,True,1.0000000000,4.0000000000,-0.0320000000,0.0000000000,0.0000000000,0.7718554000,0.3465225000,0.5330681000,True,1.0000000000,4.0000000000,0.0320000000,0.0000000000,0.0000000000,0.7666695000,0.3499255000,0.5383031000,0.0000000000,0.0000000000,0.0000000000,0.7692687000,0.3482268000,0.5356899000,5.0379090000,
34.27639,36086,True,1.0000000000,4.0000000000,-0.0320000000,0.0000000000,0.0000000000,0.7718642000,0.3465174000,0.5330586000,True,1.0000000000,4.0000000000,0.0320000000,0.0000000000,0.0000000000,0.7666589000,0.3499330000,0.5383130000,0.0000000000,0.0000000000,0.0000000000,0.7692680000,0.3482281000,0.5356902000,5.0192940000,
34.28807,36098,True,1.0000000000,4.0000000000,-0.0320000000,0.0000000000,0.0000000000,0.7718709000,0.3465105000,0.5330533000,True,1.0000000000,4.0000000000,0.0320000000,0.0000000000,0.0000000000,0.7666509000,0.3499358000,0.5383227000,0.0000000000,0.0000000000,0.0000000000,0.7692673000,0.3482261000,0.5356925000,5.0051570000,
34.29987,36110,True,1.0000000000,4.0000000000,-0.0320000000,0.0000000000,0.0000000000,0.7718754000,0.3465057000,0.5330499000,True,1.0000000000,4.0000000000,0.0320000000,0.0000000000,0.0000000000,0.7666465000,0.3499369000,0.5383282000,0.0000000000,0.0000000000,0.0000000000,0.7692674000,0.3482242000,0.5356935000,4.9965730000,
34.31167,36122,True,1.0000000000,4.0000000000,-0.0320000000,0.0000000000,0.0000000000,0.7718811000,0.3464965000,0.5330476000,True,1.0000000000,4.0000000000,0.0320000000,0.0000000000,0.0000000000,0.7666451000,0.3499323000,0.5383331000,0.0000000000,0.0000000000,0.0000000000,0.7692696000,0.3482174000,0.5356948000,4.9897000000,
34.32334,36134,True,1.0000000000,4.0000000000,-0.0320000000,0.0000000000,0.0000000000,0.7718819000,0.3465037000,0.5330417000,True,1.0000000000,4.0000000000,0.0320000000,0.0000000000,0.0000000000,0.7666450000,0.3499403000,0.5383282000,0.0000000000,0.0000000000,0.0000000000,0.7692699000,0.3482249000,0.5356895000,4.9888460000,
34.33484,36145,True,1.0000000000,4.0000000000,-0.0320000000,0.0000000000,0.0000000000,0.7718810000,0.3465007000,0.5330451000,True,1.0000000000,4.0000000000,0.0320000000,0.0000000000,0.0000000000,0.7666441000,0.3499371000,0.5383316000,0.0000000000,0.0000000000,0.0000000000,0.7692690000,0.3482218000,0.5356928000,4.9889230000,
34.34618,36156,True,1.0000000000,4.0000000000,-0.0320000000,0.0000000000,0.0000000000,0.7718787000,0.3465078000,0.5330439000,True,1.0000000000,4.0000000000,0.0320000000,0.0000000000,0.0000000000,0.7666433000,0.3499432000,0.5383286000,0.0000000000,0.0000000000,0.0000000000,0.7692674000,0.3482284000,0.5356907000,4.9904130000,
34.35704,36167,True,1.0000000000,4.0000000000,-0.0320000000,0.0000000000,0.0000000000,0.7718779000,0.3465013000,0.5330492000,True,1.0000000000,4.0000000000,0.0320000000,0.0000000000,0.0000000000,0.7666477000,0.3499333000,0.5383289000,0.0000000000,0.0000000000,0.0000000000,0.7692692000,0.3482202000,0.5356935000,4.9953300000,
34.36914,36179,True,1.0000000000,4.0000000000,-0.0320000000,0.0000000000,0.0000000000,0.7718740000,0.3465060000,0.5330517000,True,1.0000000000,4.0000000000,0.0320000000,0.0000000000,0.0000000000,0.7666491000,0.3499345000,0.5383260000,0.0000000000,0.0000000000,0.0000000000,0.7692680000,0.3482231000,0.5356933000,5.0004730000,
34.37965,36190,True,1.0000000000,4.0000000000,-0.0320000000,0.0000000000,0.0000000000,0.7718717000,0.3465076000,0.5330541000,True,1.0000000000,4.0000000000,0.0320000000,0.0000000000,0.0000000000,0.7666535000,0.3499318000,0.5383217000,0.0000000000,0.0000000000,0.0000000000,0.7692690000,0.3482226000,0.5356923000,5.0066900000,
34.38998,36200,True,1.0000000000,4.0000000000,-0.0320000000,0.0000000000,0.0000000000,0.7718670000,0.3465096000,0.5330595000,True,1.0000000000,4.0000000000,0.0320000000,0.0000000000,0.0000000000,0.7666565000,0.3499286000,0.5383192000,0.0000000000,0.0000000000,0.0000000000,0.7692682000,0.3482220000,0.5356938000,5.0142170000,
34.40205,36212,True,1.0000000000,4.0000000000,-0.0320000000,0.0000000000,0.0000000000,0.7718624000,0.3465138000,0.5330635000,True,1.0000000000,4.0000000000,0.0320000000,0.0000000000,0.0000000000,0.7666638000,0.3499251000,0.5383113000,0.0000000000,0.0000000000,0.0000000000,0.7692695000,0.3482223000,0.5356918000,5.0256210000,
34.41215,36222,True,1.0000000000,4.0000000000,-0.0320000000,0.0000000000,0.0000000000,0.7718555000,0.3465236000,0.5330671000,True,1.0000000000,4.0000000000,0.0320000000,0.0000000000,0.0000000000,0.7666676000,0.3499278000,0.5383040000,0.0000000000,0.0000000000,0.0000000000,0.7692679000,0.3482286000,0.5356899000,5.0360180000,
34.4467,36257,True,1.0000000000,4.0000000000,-0.0320000000,0.0000000000,0.0000000000,0.7718474000,0.3465248000,0.5330781000,True,1.0000000000,4.0000000000,0.0320000000,0.0000000000,0.0000000000,0.7666793000,0.3499160000,0.5382951000,0.0000000000,0.0000000000,0.0000000000,0.7692696000,0.3482233000,0.5356910000,5.0553560000,
34.45833,36268,True,1.0000000000,4.0000000000,-0.0320000000,0.0000000000,0.0000000000,0.7718211000,0.3465448000,0.5331030000,True,1.0000000000,4.0000000000,0.0320000000,0.0000000000,0.0000000000,0.7667065000,0.3499011000,0.5382662000,0.0000000000,0.0000000000,0.0000000000,0.7692699000,0.3482257000,0.5356889000,5.1081000000,
34.47511,36285,True,1.0000000000,4.0000000000,-0.0320000000,0.0000000000,0.0000000000,0.7718135000,0.3465460000,0.5331132000,True,1.0000000000,4.0000000000,0.0320000000,0.0000000000,0.0000000000,0.7667140000,0.3498924000,0.5382612000,0.0000000000,0.0000000000,0.0000000000,0.7692699000,0.3482220000,0.5356915000,5.1231580000,
34.49615,36306,True,1.0000000000,4.0000000000,-0.0320000000,0.0000000000,0.0000000000,0.7718066000,0.3465519000,0.5331193000,True,1.0000000000,4.0000000000,0.0320000000,0.0000000000,0.0000000000,0.7667192000,0.3498904000,0.5382550000,0.0000000000,0.0000000000,0.0000000000,0.7692690000,0.3482239000,0.5356914000,5.1353410000,
34.50854,36319,True,1.0000000000,4.0000000000,-0.0320000000,0.0000000000,0.0000000000,0.7717900000,0.3465635000,0.5331358000,True,1.0000000000,4.0000000000,0.0320000000,0.0000000000,0.0000000000,0.7667359000,0.3498801000,0.5382378000,0.0000000000,0.0000000000,0.0000000000,0.7692690000,0.3482246000,0.5356910000,5.1692510000,
34.51858,36328,True,1.0000000000,4.0000000000,-0.0320000000,0.0000000000,0.0000000000,0.7717925000,0.3465580000,0.5331358000,True,1.0000000000,4.0000000000,0.0320000000,0.0000000000,0.0000000000,0.7667323000,0.3498785000,0.5382440000,0.0000000000,0.0000000000,0.0000000000,0.7692685000,0.3482210000,0.5356941000,5.1629590000,
34.52935,36339,True,1.0000000000,4.0000000000,-0.0320000000,0.0000000000,0.0000000000,0.7717901000,0.3465638000,0.5331355000,True,1.0000000000,4.0000000000,0.0320000000,0.0000000000,0.0000000000,0.7667361000,0.3498802000,0.5382375000,0.0000000000,0.0000000000,0.0000000000,0.7692692000,0.3482247000,0.5356907000,5.1693840000,
34.54059,36351,True,1.0000000000,4.0000000000,-0.0320000000,0.0000000000,0.0000000000,0.7717907000,0.3465616000,0.5331361000,True,1.0000000000,4.0000000000,0.0320000000,0.0000000000,0.0000000000,0.7667396000,0.3498762000,0.5382351000,0.0000000000,0.0000000000,0.0000000000,0.7692711000,0.3482216000,0.5356898000,5.1722990000,
34.55204,36362,True,1.0000000000,4.0000000000,-0.0320000000,0.0000000000,0.0000000000,0.7717887000,0.3465593000,0.5331407000,True,1.0000000000,4.0000000000,0.0320000000,0.0000000000,0.0000000000,0.7667378000,0.3498735000,0.5382395000,0.0000000000,0.0000000000,0.0000000000,0.7692692000,0.3482191000,0.5356943000,5.1726370000,
34.56271,36373,True,1.0000000000,4.0000000000,-0.0320000000,0.0000000000,0.0000000000,0.7717846000,0.3465653000,0.5331426000,True,1.0000000000,4.0000000000,0.0320000000,0.0000000000,0.0000000000,0.7667435000,0.3498733000,0.5382316000,0.0000000000,0.0000000000,0.0000000000,0.7692700000,0.3482220000,0.5356912000,5.1826110000,
34.57389,36384,True,1.0000000000,4.0000000000,-0.0320000000,0.0000000000,0.0000000000,0.7724593000,0.3461174000,0.5324560000,True,1.0000000000,4.0000000000,0.0320000000,0.0000000000,0.0000000000,0.7660444000,0.3503267000,0.5389314000,0.0000000000,0.0000000000,0.0000000000,0.7692616000,0.3482264000,0.5357004000,4.0728300000,
34.5852,36395,True,1.0000000000,4.0000000000,-0.0320000000,0.0000000000,0.0000000000,0.7724915000,0.3461008000,0.5324202000,True,1.0000000000,4.0000000000,0.0320000000,0.0000000000,0.0000000000,0.7660121000,0.3503525000,0.5389608000,0.0000000000,0.0000000000,0.0000000000,0.7692617000,0.3482311000,0.5356973000,4.0323120000,
34.59594,36406,True,1.0000000000,4.0000000000,-0.0320000000,0.0000000000,0.0000000000,0.7725173000,0.3460859000,0.5323924000,True,1.0000000000,4.0000000000,0.0320000000,0.0000000000,0.0000000000,0.7659861000,0.3503716000,0.5389853000,0.0000000000,0.0000000000,0.0000000000,0.7692617000,0.3482333000,0.5356958000,4.0003330000,
34.60745,36418,True,1.0000000000,4.0000000000,-0.0320000000,0.0000000000,0.0000000000,0.7725279000,0.3460804000,0.5323805000,True,1.0000000000,4.0000000000,0.0320000000,0.0000000000,0.0000000000,0.7659746000,0.3503807000,0.5389957000,0.0000000000,0.0000000000,0.0000000000,0.7692613000,0.3482351000,0.5356952000,3.9868140000,
34.61846,36428,True,1.0000000000,4.0000000000,-0.0320000000,0.0000000000,0.0000000000,0.7725308000,0.3460727000,0.5323813000,True,1.0000000000,4.0000000000,0.0320000000,0.0000000000,0.0000000000,0.7659732000,0.3503757000,0.5390010000,0.0000000000,0.0000000000,0.0000000000,0.7692621000,0.3482288000,0.5356982000,3.9841230000,
34.62954,36440,True,1.0000000000,4.0000000000,-0.0320000000,0.0000000000,0.0000000000,0.7717375000,0.3465980000,0.5331895000,True,1.0000000000,4.0000000000,0.0320000000,0.0000000000,0.0000000000,0.7667887000,0.3498455000,0.5381852000,0.0000000000,0.0000000000,0.0000000000,0.7692689000,0.3482243000,0.5356914000,5.2792720000,
34.64046,36451,True,1.0000000000,4.0000000000,-0.0320000000,0.0000000000,0.0000000000,0.7717261000,0.3466044000,0.5332019000,True,1.0000000000,4.0000000000,0.0320000000,0.0000000000,0.0000000000,0.7667996000,0.3498372000,0.5381751000,0.0000000000,0.0000000000,0.0000000000,0.7692685000,0.3482234000,0.5356925000,5.3031840000,
34.65181,36462,True,1.0000000000,4.0000000000,-0.0320000000,0.0000000000,0.0000000000,0.7717154000,0.3466101000,0.5332137000,True,1.0000000000,4.0000000000,0.0320000000,0.0000000000,0.0000000000,0.7668164000,0.3498249000,0.5381591000,0.0000000000,0.0000000000,0.0000000000,0.7692716000,0.3482201000,0.5356903000,5.3329200000,
34.66322,36473,True,1.0000000000,4.0000000000,-0.0320000000,0.0000000000,0.0000000000,0.7717031000,0.3466266000,0.5332208000,True,1.0000000000,4.0000000000,0.0320000000,0.0000000000,0.0000000000,0.7668266000,0.3498266000,0.5381433000,0.0000000000,0.0000000000,0.0000000000,0.7692705000,0.3482292000,0.5356860000,5.3576410000,
34.67404,36484,True,1.0000000000,4.0000000000,-0.0320000000,0.0000000000,0.0000000000,0.7716921000,0.3466307000,0.5332339000,True,1.0000000000,4.0000000000,0.0320000000,0.0000000000,0.0000000000,0.7668390000,0.3498155000,0.5381331000,0.0000000000,0.0000000000,0.0000000000,0.7692711000,0.3482256000,0.5356874000,5.3832980000,
34.68562,36496,True,1.0000000000,4.0000000000,-0.0320000000,0.0000000000,0.0000000000,0.7716781000,0.3466427000,0.5332464000,True,1.0000000000,4.0000000000,0.0320000000,0.0000000000,0.0000000000,0.7668493000,0.3498115000,0.5381210000,0.0000000000,0.0000000000,0.0000000000,0.7692692000,0.3482296000,0.5356875000,5.4104280000,
34.69628,36506,True,1.0000000000,4.0000000000,-0.0320000000,0.0000000000,0.0000000000,0.7716616000,0.3466511000,0.5332648000,True,1.0000000000,4.0000000000,0.0320000000,0.0000000000,0.0000000000,0.7668678000,0.3497968000,0.5381041000,0.0000000000,0.0000000000,0.0000000000,0.7692701000,0.3482264000,0.5356882000,5.4499120000,
34.70766,36518,True,1.0000000000,4.0000000000,-0.0320000000,0.0000000000,0.0000000000,0.7716438000,0.3466556000,0.5332878000,True,1.0000000000,4.0000000000,0.0320000000,0.0000000000,0.0000000000,0.7668878000,0.3497764000,0.5380888000,0.0000000000,0.0000000000,0.0000000000,0.7692711000,0.3482184000,0.5356920000,5.4933530000,
34.71875,36529,True,1.0000000000,4.0000000000,-0.0320000000,0.0000000000,0.0000000000,0.7716275000,0.3466714000,0.5333008000,True,1.0000000000,4.0000000000,0.0320000000,0.0000000000,0.0000000000,0.7669035000,0.3497714000,0.5380697000,0.0000000000,0.0000000000,0.0000000000,0.7692708000,0.3482238000,0.5356889000,5.5303110000,
34.72972,36540,True,1.0000000000,4.0000000000,-0.0320000000,0.0000000000,0.0000000000,0.7716130000,0.3466798000,0.5333166000,True,1.0000000000,4.0000000000,0.0320000000,0.0000000000,0.0000000000,0.7669188000,0.3497601000,0.5380552000,0.0000000000,0.0000000000,0.0000000000,0.7692711000,0.3482223000,0.5356895000,5.5657760000,
34.74091,36551,True,1.0000000000,4.0000000000,-0.0320000000,0.0000000000,0.0000000000,0.7716007000,0.3466859000,0.5333303000,True,1.0000000000,4.0000000000,0.0320000000,0.0000000000,0.0000000000,0.7669321000,0.3497495000,0.5380432000,0.0000000000,0.0000000000,0.0000000000,0.7692716000,0.3482201000,0.5356904000,5.5960840000,
34.75259,36563,True,1.0000000000,4.0000000000,-0.0320000000,0.0000000000,0.0000000000,0.7715887000,0.3467025000,0.5333369000,True,1.0000000000,4.0000000000,0.0320000000,0.0000000000,0.0000000000,0.7669404000,0.3497528000,0.5380292000,0.0000000000,0.0000000000,0.0000000000,0.7692696000,0.3482300000,0.5356866000,5.6205100000,
34.76311,36573,True,1.0000000000,4.0000000000,-0.0320000000,0.0000000000,0.0000000000,0.7715817000,0.3467074000,0.5333437000,True,1.0000000000,4.0000000000,0.0320000000,0.0000000000,0.0000000000,0.7669513000,0.3497460000,0.5380181000,0.0000000000,0.0000000000,0.0000000000,0.7692716000,0.3482290000,0.5356844000,5.6421760000,
34.77461,36585,True,1.0000000000,4.0000000000,-0.0320000000,0.0000000000,0.0000000000,0.7715697000,0.3467100000,0.5333595000,True,1.0000000000,4.0000000000,0.0320000000,0.0000000000,0.0000000000,0.7669614000,0.3497340000,0.5380115000,0.0000000000,0.0000000000,0.0000000000,0.7692705000,0.3482242000,0.5356890000,5.6692840000,
34.78589,36596,True,1.0000000000,4.0000000000,-0.0320000000,0.0000000000,0.0000000000,0.7715611000,0.3467124000,0.5333705000,True,1.0000000000,4.0000000000,0.0320000000,0.0000000000,0.0000000000,0.7669729000,0.3497232000,0.5380021000,0.0000000000,0.0000000000,0.0000000000,0.7692719000,0.3482201000,0.5356898000,5.6942320000,
34.79638,36606,True,1.0000000000,4.0000000000,-0.0320000000,0.0000000000,0.0000000000,0.7715508000,0.3467191000,0.5333809000,True,1.0000000000,4.0000000000,0.0320000000,0.0000000000,0.0000000000,0.7669832000,0.3497165000,0.5379919000,0.0000000000,0.0000000000,0.0000000000,0.7692719000,0.3482200000,0.5356898000,5.7196770000,
34.80771,36618,True,1.0000000000,4.0000000000,-0.0320000000,0.0000000000,0.0000000000,0.7715415000,0.3467304000,0.5333871000,True,1.0000000000,4.0000000000,0.0320000000,0.0000000000,0.0000000000,0.7669897000,0.3497172000,0.5379820000,0.0000000000,0.0000000000,0.0000000000,0.7692705000,0.3482260000,0.5356879000,5.7398370000,
34.81859,36629,True,1.0000000000,4.0000000000,-0.0320000000,0.0000000000,0.0000000000,0.7716416000,0.3466605000,0.5332876000,True,1.0000000000,4.0000000000,0.0320000000,0.0000000000,0.0000000000,0.7668936000,0.3497761000,0.5380806000,0.0000000000,0.0000000000,0.0000000000,0.7692730000,0.3482208000,0.5356879000,5.5025130000,
34.82951,36640,True,1.0000000000,4.0000000000,-0.0320000000,0.0000000000,0.0000000000,0.7717440000,0.3465916000,0.5331844000,True,1.0000000000,4.0000000000,0.0320000000,0.0000000000,0.0000000000,0.7667841000,0.3498462000,0.5381912000,0.0000000000,0.0000000000,0.0000000000,0.7692698000,0.3482215000,0.5356919000,5.2674850000,
34.84049,36651,True,1.0000000000,4.0000000000,-0.0320000000,0.0000000000,0.0000000000,0.7718384000,0.3465290000,0.5330882000,True,1.0000000000,4.0000000000,0.0320000000,0.0000000000,0.0000000000,0.7666861000,0.3499100000,0.5382894000,0.0000000000,0.0000000000,0.0000000000,0.7692685000,0.3482223000,0.5356932000,5.0707590000,
34.85185,36662,True,1.0000000000,4.0000000000,-0.0320000000,0.0000000000,0.0000000000,0.7719234000,0.3464715000,0.5330027000,True,1.0000000000,4.0000000000,0.0320000000,0.0000000000,0.0000000000,0.7666036000,0.3499622000,0.5383728000,0.0000000000,0.0000000000,0.0000000000,0.7692702000,0.3482198000,0.5356925000,4.9111280000,
34.86274,36673,True,1.0000000000,4.0000000000,-0.0320000000,0.0000000000,0.0000000000,0.7719790000,0.3464352000,0.5329456000,True,1.0000000000,4.0000000000,0.0320000000,0.0000000000,0.0000000000,0.7665440000,0.3500017000,0.5384321000,0.0000000000,0.0000000000,0.0000000000,0.7692685000,0.3482216000,0.5356937000,4.8069950000,
34.87384,36684,True,1.0000000000,4.0000000000,-0.0320000000,0.0000000000,0.0000000000,0.7720200000,0.3464104000,0.5329024000,True,1.0000000000,4.0000000000,0.0320000000,0.0000000000,0.0000000000,0.7664999000,0.3500326000,0.5384747000,0.0000000000,0.0000000000,0.0000000000,0.7692671000,0.3482247000,0.5356935000,4.7329650000,
34.88534,36695,True,1.0000000000,4.0000000000,-0.0320000000,0.0000000000,0.0000000000,0.7720435000,0.3463977000,0.5328766000,True,1.0000000000,4.0000000000,0.0320000000,0.0000000000,0.0000000000,0.7664709000,0.3500544000,0.5385019000,0.0000000000,0.0000000000,0.0000000000,0.7692645000,0.3482294000,0.5356944000,4.6884290000,
34.89594,36706,True,1.0000000000,4.0000000000,-0.0320000000,0.0000000000,0.0000000000,0.7720520000,0.3463894000,0.5328697000,True,1.0000000000,4.0000000000,0.0320000000,0.0000000000,0.0000000000,0.7664666000,0.3500545000,0.5385079000,0.0000000000,0.0000000000,0.0000000000,0.7692667000,0.3482252000,0.5356939000,4.6776180000,
34.9074,36717,True,1.0000000000,4.0000000000,-0.0320000000,0.0000000000,0.0000000000,0.7720444000,0.3463941000,0.5328776000,True,1.0000000000,4.0000000000,0.0320000000,0.0000000000,0.0000000000,0.7664738000,0.3500495000,0.5385010000,0.0000000000,0.0000000000,0.0000000000,0.7692664000,0.3482251000,0.5356944000,4.6900290000,
34.91843,36728,True,1.0000000000,4.0000000000,-0.0320000000,0.0000000000,0.0000000000,0.7720350000,0.3464040000,0.5328847000,True,1.0000000000,4.0000000000,0.0320000000,0.0000000000,0.0000000000,0.7664778000,0.3500507000,0.5384945000,0.0000000000,0.0000000000,0.0000000000,0.7692637000,0.3482307000,0.5356947000,4.7013760000,
34.92928,36739,True,1.0000000000,4.0000000000,-0.0320000000,0.0000000000,0.0000000000,0.7720494000,0.3463939000,0.5328705000,True,1.0000000000,4.0000000000,0.0320000000,0.0000000000,0.0000000000,0.7664677000,0.3500567000,0.5385050000,0.0000000000,0.0000000000,0.0000000000,0.7692659000,0.3482286000,0.5356929000,4.6807410000,
34.94037,36750,True,1.0000000000,4.0000000000,-0.0320000000,0.0000000000,0.0000000000,0.7720727000,0.3463766000,0.5328479000,True,1.0000000000,4.0000000000,0.0320000000,0.0000000000,0.0000000000,0.7664456000,0.3500692000,0.5385284000,0.0000000000,0.0000000000,0.0000000000,0.7692666000,0.3482262000,0.5356933000,4.6428570000,
34.95197,36762,True,1.0000000000,4.0000000000,-0.0320000000,0.0000000000,0.0000000000,0.7721005000,0.3463583000,0.5328197000,True,1.0000000000,4.0000000000,0.0320000000,0.0000000000,0.0000000000,0.7664146000,0.3500894000,0.5385594000,0.0000000000,0.0000000000,0.0000000000,0.7692652000,0.3482273000,0.5356948000,4.5948880000,
34.96285,36773,True,1.0000000000,4.0000000000,-0.0320000000,0.0000000000,0.0000000000,0.7721385000,0.3463345000,0.5327799000,True,1.0000000000,4.0000000000,0.0320000000,0.0000000000,0.0000000000,0.7663797000,0.3501136000,0.5385934000,0.0000000000,0.0000000000,0.0000000000,0.7692669000,0.3482276000,0.5356920000,4.5366940000,
34.97459,36785,True,1.0000000000,4.0000000000,-0.0320000000,0.0000000000,0.0000000000,0.7721850000,0.3462980000,0.5327364000,True,1.0000000000,4.0000000000,0.0320000000,0.0000000000,0.0000000000,0.7663322000,0.3501386000,0.5386446000,0.0000000000,0.0000000000,0.0000000000,0.7692667000,0.3482220000,0.5356960000,4.4638900000,
34.98631,36797,True,1.0000000000,4.0000000000,-0.0320000000,0.0000000000,0.0000000000,0.7722007000,0.3462923000,0.5327172000,True,1.0000000000,4.0000000000,0.0320000000,0.0000000000,0.0000000000,0.7663125000,0.3501562000,0.5386611000,0.0000000000,0.0000000000,0.0000000000,0.7692648000,0.3482280000,0.5356948000,4.4370720000,
34.99695,36807,True,1.0000000000,4.0000000000,-0.0320000000,0.0000000000,0.0000000000,0.7722235000,0.3462753000,0.5326951000,True,1.0000000000,4.0000000000,0.0320000000,0.0000000000,0.0000000000,0.7662910000,0.3501682000,0.5386838000,0.0000000000,0.0000000000,0.0000000000,0.7692656000,0.3482255000,0.5356953000,4.4039070000,
35.00852,36819,True,1.0000000000,4.0000000000,-0.0320000000,0.0000000000,0.0000000000,0.7722566000,0.3462526000,0.5326621000,True,1.0000000000,4.0000000000,0.0320000000,0.0000000000,0.0000000000,0.7662573000,0.3501893000,0.5387181000,0.0000000000,0.0000000000,0.0000000000,0.7692654000,0.3482248000,0.5356960000,4.3549920000,
35.02027,36830,True,1.0000000000,4.0000000000,-0.0320000000,0.0000000000,0.0000000000,0.7722895000,0.3462341000,0.5326265000,True,1.0000000000,4.0000000000,0.0320000000,0.0000000000,0.0000000000,0.7662202000,0.3502166000,0.5387532000,0.0000000000,0.0000000000,0.0000000000,0.7692635000,0.3482293000,0.5356959000,4.3047710000,
35.03138,36841,True,1.0000000000,4.0000000000,-0.0320000000,0.0000000000,0.0000000000,0.7723284000,0.3462059000,0.5325881000,True,1.0000000000,4.0000000000,0.0320000000,0.0000000000,0.0000000000,0.7661840000,0.3502380000,0.5387908000,0.0000000000,0.0000000000,0.0000000000,0.7692651000,0.3482260000,0.5356957000,4.2519880000,
35.04291,36853,True,1.0000000000,4.0000000000,-0.0320000000,0.0000000000,0.0000000000,0.7723771000,0.3461792000,0.5325352000,True,1.0000000000,4.0000000000,0.0320000000,0.0000000000,0.0000000000,0.7661266000,0.3502806000,0.5388446000,0.0000000000,0.0000000000,0.0000000000,0.7692611000,0.3482341000,0.5356963000,4.1800170000,
35.05445,36865,True,1.0000000000,4.0000000000,-0.0320000000,0.0000000000,0.0000000000,0.7724610000,0.3461185000,0.5324529000,True,1.0000000000,4.0000000000,0.0320000000,0.0000000000,0.0000000000,0.7660484000,0.3503264000,0.5389261000,0.0000000000,0.0000000000,0.0000000000,0.7692643000,0.3482269000,0.5356962000,4.0742300000,
35.06582,36876,True,1.0000000000,4.0000000000,-0.0320000000,0.0000000000,0.0000000000,0.7725540000,0.3460559000,0.5323586000,True,1.0000000000,4.0000000000,0.0320000000,0.0000000000,0.0000000000,0.7659463000,0.3503917000,0.5390286000,0.0000000000,0.0000000000,0.0000000000,0.7692604000,0.3482285000,0.5357008000,3.9540370000,
35.0773,36887,True,1.0000000000,4.0000000000,-0.0320000000,0.0000000000,0.0000000000,0.7726611000,0.3459855000,0.5322489000,True,1.0000000000,4.0000000000,0.0320000000,0.0000000000,0.0000000000,0.7658370000,0.3504633000,0.5391374000,0.0000000000,0.0000000000,0.0000000000,0.7692600000,0.3482293000,0.5357007000,3.8286510000,
35.08952,36900,True,1.0000000000,4.0000000000,-0.0320000000,0.0000000000,0.0000000000,0.7727736000,0.3459108000,0.5321341000,True,1.0000000000,4.0000000000,0.0320000000,0.0000000000,0.0000000000,0.7657216000,0.3505382000,0.5392527000,0.0000000000,0.0000000000,0.0000000000,0.7692593000,0.3482298000,0.5357015000,3.7049010000,
35.10001,36911,True,1.0000000000,4.0000000000,-0.0320000000,0.0000000000,0.0000000000,0.7728771000,0.3458386000,0.5320306000,True,1.0000000000,4.0000000000,0.0320000000,0.0000000000,0.0000000000,0.7656147000,0.3506041000,0.5393617000,0.0000000000,0.0000000000,0.0000000000,0.7692583000,0.3482270000,0.5357049000,3.5975600000,
35.1116,36922,True,1.0000000000,4.0000000000,-0.0320000000,0.0000000000,0.0000000000,0.7729650000,0.3457873000,0.5319364000,True,1.0000000000,4.0000000000,0.0320000000,0.0000000000,0.0000000000,0.7655220000,0.3506712000,0.5394495000,0.0000000000,0.0000000000,0.0000000000,0.7692565000,0.3482352000,0.5357020000,3.5103380000,
35.12294,36934,True,1.0000000000,4.0000000000,-0.0320000000,0.0000000000,0.0000000000,0.7730533000,0.3457248000,0.5318486000,True,1.0000000000,4.0000000000,0.0320000000,0.0000000000,0.0000000000,0.7654336000,0.3507247000,0.5395402000,0.0000000000,0.0000000000,0.0000000000,0.7692571000,0.3482310000,0.5357039000,3.4288650000,
35.13476,36945,True,1.0000000000,4.0000000000,-0.0320000000,0.0000000000,0.0000000000,0.7731404000,0.3456697000,0.5317578000,True,1.0000000000,4.0000000000,0.0320000000,0.0000000000,0.0000000000,0.7653387000,0.3507890000,0.5396331000,0.0000000000,0.0000000000,0.0000000000,0.7692539000,0.3482358000,0.5357054000,3.3489050000,
35.14377,36954,True,1.0000000000,4.0000000000,-0.0320000000,0.0000000000,0.0000000000,0.7732311000,0.3456054000,0.5316677000,True,1.0000000000,4.0000000000,0.0320000000,0.0000000000,0.0000000000,0.7652460000,0.3508450000,0.5397280000,0.0000000000,0.0000000000,0.0000000000,0.7692536000,0.3482320000,0.5357084000,3.2720090000,
35.15493,36965,True,1.0000000000,4.0000000000,-0.0320000000,0.0000000000,0.0000000000,0.7733119000,0.3455520000,0.5315850000,True,1.0000000000,4.0000000000,0.0320000000,0.0000000000,0.0000000000,0.7651600000,0.3509009000,0.5398136000,0.0000000000,0.0000000000,0.0000000000,0.7692516000,0.3482336000,0.5357103000,3.2050990000,
35.16618,36977,True,1.0000000000,4.0000000000,-0.0320000000,0.0000000000,0.0000000000,0.7733803000,0.3455057000,0.5315156000,True,1.0000000000,4.0000000000,0.0320000000,0.0000000000,0.0000000000,0.7650898000,0.3509456000,0.5398842000,0.0000000000,0.0000000000,0.0000000000,0.7692512000,0.3482330000,0.5357112000,3.1515060000,
35.17703,36987,True,1.0000000000,4.0000000000,-0.0320000000,0.0000000000,0.0000000000,0.7734153000,0.3454833000,0.5314793000,True,1.0000000000,4.0000000000,0.0320000000,0.0000000000,0.0000000000,0.7650512000,0.3509714000,0.5399220000,0.0000000000,0.0000000000,0.0000000000,0.7692497000,0.3482348000,0.5357121000,3.1238370000,
35.18806,36998,True,1.0000000000,4.0000000000,-0.0320000000,0.0000000000,0.0000000000,0.7734431000,0.3454647000,0.5314508000,True,1.0000000000,4.0000000000,0.0320000000,0.0000000000,0.0000000000,0.7650217000,0.3509905000,0.5399515000,0.0000000000,0.0000000000,0.0000000000,0.7692491000,0.3482352000,0.5357128000,3.1025190000,
35.19946,37009,True,1.0000000000,4.0000000000,-0.0320000000,0.0000000000,0.0000000000,0.7734555000,0.3454599000,0.5314357000,True,1.0000000000,4.0000000000,0.0320000000,0.0000000000,0.0000000000,0.7649997000,0.3510083000,0.5399710000,0.0000000000,0.0000000000,0.0000000000,0.7692444000,0.3482417000,0.5357151000,3.0899530000,
35.21025,37020,True,1.0000000000,4.0000000000,-0.0320000000,0.0000000000,0.0000000000,0.7734733000,0.3454461000,0.5314190000,True,1.0000000000,4.0000000000,0.0320000000,0.0000000000,0.0000000000,0.7649879000,0.3510138000,0.5399841000,0.0000000000,0.0000000000,0.0000000000,0.7692476000,0.3482376000,0.5357133000,3.0791680000,
35.22136,37032,True,1.0000000000,4.0000000000,-0.0320000000,0.0000000000,0.0000000000,0.7734810000,0.3454411000,0.5314109000,True,1.0000000000,4.0000000000,0.0320000000,0.0000000000,0.0000000000,0.7649813000,0.3510182000,0.5399905000,0.0000000000,0.0000000000,0.0000000000,0.7692482000,0.3482373000,0.5357126000,3.0739770000,
35.23277,37043,True,1.0000000000,4.0000000000,-0.0320000000,0.0000000000,0.0000000000,0.7734732000,0.3454486000,0.5314175000,True,1.0000000000,4.0000000000,0.0320000000,0.0000000000,0.0000000000,0.7649888000,0.3510157000,0.5399815000,0.0000000000,0.0000000000,0.0000000000,0.7692479000,0.3482398000,0.5357113000,3.0795380000,
35.2436,37054,True,1.0000000000,4.0000000000,-0.0320000000,0.0000000000,0.0000000000,0.7734533000,0.3454630000,0.5314371000,True,1.0000000000,4.0000000000,0.0320000000,0.0000000000,0.0000000000,0.7650067000,0.3510053000,0.5399629000,0.0000000000,0.0000000000,0.0000000000,0.7692468000,0.3482418000,0.5357117000,3.0933250000,
35.25475,37065,True,1.0000000000,4.0000000000,-0.0320000000,0.0000000000,0.0000000000,0.7734406000,0.3454688000,0.5314518000,True,1.0000000000,4.0000000000,0.0320000000,0.0000000000,0.0000000000,0.7650257000,0.3509903000,0.5399457000,0.0000000000,0.0000000000,0.0000000000,0.7692498000,0.3482371000,0.5357104000,3.1049470000,
35.26565,37076,True,1.0000000000,4.0000000000,-0.0320000000,0.0000000000,0.0000000000,0.7734309000,0.3454753000,0.5314617000,True,1.0000000000,4.0000000000,0.0320000000,0.0000000000,0.0000000000,0.7650335000,0.3509852000,0.5399382000,0.0000000000,0.0000000000,0.0000000000,0.7692488000,0.3482378000,0.5357115000,3.1114060000,
35.27692,37087,True,1.0000000000,4.0000000000,-0.0320000000,0.0000000000,0.0000000000,0.7734327000,0.3454742000,0.5314596000,True,1.0000000000,4.0000000000,0.0320000000,0.0000000000,0.0000000000,0.7650321000,0.3509864000,0.5399393000,0.0000000000,0.0000000000,0.0000000000,0.7692490000,0.3482379000,0.5357111000,3.1101990000,
35.29141,37101,True,1.0000000000,4.0000000000,-0.0320000000,0.0000000000,0.0000000000,0.7734389000,0.3454691000,0.5314540000,True,1.0000000000,4.0000000000,0.0320000000,0.0000000000,0.0000000000,0.7650271000,0.3509886000,0.5399449000,0.0000000000,0.0000000000,0.0000000000,0.7692497000,0.3482364000,0.5357111000,3.1061010000,
35.29944,37109,True,1.0000000000,4.0000000000,-0.0320000000,0.0000000000,0.0000000000,0.7734413000,0.3454658000,0.5314528000,True,1.0000000000,4.0000000000,0.0320000000,0.0000000000,0.0000000000,0.7650218000,0.3509902000,0.5399514000,0.0000000000,0.0000000000,0.0000000000,0.7692482000,0.3482356000,0.5357137000,3.1032980000,
35.31038,37121,True,1.0000000000,4.0000000000,-0.0320000000,0.0000000000,0.0000000000,0.7734145000,0.3454879000,0.5314772000,True,1.0000000000,4.0000000000,0.0320000000,0.0000000000,0.0000000000,0.7650489000,0.3509771000,0.5399215000,0.0000000000,0.0000000000,0.0000000000,0.7692482000,0.3482400000,0.5357108000,3.1232580000,
35.3214,37132,True,1.0000000000,4.0000000000,-0.0320000000,0.0000000000,0.0000000000,0.7734195000,0.3454790000,0.5314758000,True,1.0000000000,4.0000000000,0.0320000000,0.0000000000,0.0000000000,0.7650480000,0.3509720000,0.5399262000,0.0000000000,0.0000000000,0.0000000000,0.7692503000,0.3482329000,0.5357125000,3.1210410000,
35.33272,37143,True,1.0000000000,4.0000000000,-0.0320000000,0.0000000000,0.0000000000,0.7734584000,0.3454545000,0.5314352000,True,1.0000000000,4.0000000000,0.0320000000,0.0000000000,0.0000000000,0.7650056000,0.3510009000,0.5399675000,0.0000000000,0.0000000000,0.0000000000,0.7692488000,0.3482354000,0.5357131000,3.0910140000,
35.34345,37154,True,1.0000000000,4.0000000000,-0.0320000000,0.0000000000,0.0000000000,0.7735242000,0.3454121000,0.5313669000,True,1.0000000000,4.0000000000,0.0320000000,0.0000000000,0.0000000000,0.7649342000,0.3510485000,0.5400377000,0.0000000000,0.0000000000,0.0000000000,0.7692466000,0.3482382000,0.5357144000,3.0416830000,
35.35474,37165,True,1.0000000000,4.0000000000,-0.0320000000,0.0000000000,0.0000000000,0.7736513000,0.3453272000,0.5312371000,True,1.0000000000,4.0000000000,0.0320000000,0.0000000000,0.0000000000,0.7648023000,0.3511336000,0.5401692000,0.0000000000,0.0000000000,0.0000000000,0.7692452000,0.3482387000,0.5357159000,2.9526980000,
35.36566,37176,True,1.0000000000,4.0000000000,-0.0320000000,0.0000000000,0.0000000000,0.7737671000,0.3452528000,0.5311168000,True,1.0000000000,4.0000000000,0.0320000000,0.0000000000,0.0000000000,0.7646821000,0.3512138000,0.5402871000,0.0000000000,0.0000000000,0.0000000000,0.7692440000,0.3482421000,0.5357155000,2.8759640000,
35.37697,37187,True,1.0000000000,4.0000000000,-0.0320000000,0.0000000000,0.0000000000,0.7738769000,0.3451819000,0.5310029000,True,1.0000000000,4.0000000000,0.0320000000,0.0000000000,0.0000000000,0.7645530000,0.3512996000,0.5404140000,0.0000000000,0.0000000000,0.0000000000,0.7692354000,0.3482500000,0.5357227000,2.8023860000,
35.38858,37199,True,1.0000000000,4.0000000000,-0.0320000000,0.0000000000,0.0000000000,0.7739901000,0.3451031000,0.5308891000,True,1.0000000000,4.0000000000,0.0320000000,0.0000000000,0.0000000000,0.7644415000,0.3513683000,0.5405270000,0.0000000000,0.0000000000,0.0000000000,0.7692373000,0.3482455000,0.5357230000,2.7364310000,
35.39927,37209,True,1.0000000000,4.0000000000,-0.0320000000,0.0000000000,0.0000000000,0.7740738000,0.3450479000,0.5308030000,True,1.0000000000,4.0000000000,0.0320000000,0.0000000000,0.0000000000,0.7643535000,0.3514256000,0.5406142000,0.0000000000,0.0000000000,0.0000000000,0.7692359000,0.3482468000,0.5357241000,2.6880830000,
35.41042,37221,True,1.0000000000,4.0000000000,-0.0320000000,0.0000000000,0.0000000000,0.7741440000,0.3450012000,0.5307308000,True,1.0000000000,4.0000000000,0.0320000000,0.0000000000,0.0000000000,0.7642813000,0.3514725000,0.5406858000,0.0000000000,0.0000000000,0.0000000000,0.7692356000,0.3482472000,0.5357243000,2.6492690000,
35.42212,37233,True,1.0000000000,4.0000000000,-0.0320000000,0.0000000000,0.0000000000,0.7742051000,0.3449611000,0.5306677000,True,1.0000000000,4.0000000000,0.0320000000,0.0000000000,0.0000000000,0.7642156000,0.3515155000,0.5407506000,0.0000000000,0.0000000000,0.0000000000,0.7692339000,0.3482490000,0.5357255000,2.6156620000,
35.43311,37244,True,1.0000000000,4.0000000000,-0.0320000000,0.0000000000,0.0000000000,0.7742599000,0.3449234000,0.5306123000,True,1.0000000000,4.0000000000,0.0320000000,0.0000000000,0.0000000000,0.7641616000,0.3515492000,0.5408052000,0.0000000000,0.0000000000,0.0000000000,0.7692347000,0.3482472000,0.5357255000,2.5874500000,
35.44417,37255,True,1.0000000000,4.0000000000,-0.0320000000,0.0000000000,0.0000000000,0.7743190000,0.3448822000,0.5305529000,True,1.0000000000,4.0000000000,0.0320000000,0.0000000000,0.0000000000,0.7641053000,0.3515837000,0.5408622000,0.0000000000,0.0000000000,0.0000000000,0.7692367000,0.3482440000,0.5357246000,2.5582440000,
35.45456,37265,True,1.0000000000,4.0000000000,-0.0320000000,0.0000000000,0.0000000000,0.7743553000,0.3448622000,0.5305129000,True,1.0000000000,4.0000000000,0.0320000000,0.0000000000,0.0000000000,0.7640568000,0.3516193000,0.5409075000,0.0000000000,0.0000000000,0.0000000000,0.7692311000,0.3482521000,0.5357276000,2.5372150000,
35.46584,37278,True,1.0000000000,4.0000000000,-0.0320000000,0.0000000000,0.0000000000,0.7743869000,0.3448367000,0.5304832000,True,1.0000000000,4.0000000000,0.0320000000,0.0000000000,0.0000000000,0.7640305000,0.3516318000,0.5409368000,0.0000000000,0.0000000000,0.0000000000,0.7692340000,0.3482457000,0.5357276000,2.5229490000,
35.47725,37287,True,1.0000000000,4.0000000000,-0.0320000000,0.0000000000,0.0000000000,0.7744015000,0.3448288000,0.5304672000,True,1.0000000000,4.0000000000,0.0320000000,0.0000000000,0.0000000000,0.7640073000,0.3516486000,0.5409585000,0.0000000000,0.0000000000,0.0000000000,0.7692299000,0.3482502000,0.5357305000,2.5138580000,
35.48827,37298,True,1.0000000000,4.0000000000,-0.0320000000,0.0000000000,0.0000000000,0.7744123000,0.3448228000,0.5304554000,True,1.0000000000,4.0000000000,0.0320000000,0.0000000000,0.0000000000,0.7639932000,0.3516590000,0.5409716000,0.0000000000,0.0000000000,0.0000000000,0.7692283000,0.3482524000,0.5357313000,2.5078830000,
35.49955,37309,True,1.0000000000,4.0000000000,-0.0320000000,0.0000000000,0.0000000000,0.7744173000,0.3448193000,0.5304503000,True,1.0000000000,4.0000000000,0.0320000000,0.0000000000,0.0000000000,0.7639877000,0.3516623000,0.5409773000,0.0000000000,0.0000000000,0.0000000000,0.7692281000,0.3482524000,0.5357316000,2.5053180000,
35.5109,37322,True,1.0000000000,4.0000000000,-0.0320000000,0.0000000000,0.0000000000,0.7744194000,0.3448150000,0.5304500000,True,1.0000000000,4.0000000000,0.0320000000,0.0000000000,0.0000000000,0.7639929000,0.3516560000,0.5409740000,0.0000000000,0.0000000000,0.0000000000,0.7692318000,0.3482471000,0.5357299000,2.5060140000,
35.52275,37333,True,1.0000000000,4.0000000000,-0.0320000000,0.0000000000,0.0000000000,0.7744054000,0.3448272000,0.5304626000,True,1.0000000000,4.0000000000,0.0320000000,0.0000000000,0.0000000000,0.7640008000,0.3516538000,0.5409643000,0.0000000000,0.0000000000,0.0000000000,0.7692286000,0.3482520000,0.5357312000,2.5113680000,
35.53354,37344,True,1.0000000000,4.0000000000,-0.0320000000,0.0000000000,0.0000000000,0.7743918000,0.3448367000,0.5304762000,True,1.0000000000,4.0000000000,0.0320000000,0.0000000000,0.0000000000,0.7640164000,0.3516443000,0.5409485000,0.0000000000,0.0000000000,0.0000000000,0.7692294000,0.3482520000,0.5357300000,2.5184010000,
35.54529,37356,True,1.0000000000,4.0000000000,-0.0320000000,0.0000000000,0.0000000000,0.7743652000,0.3448539000,0.5305039000,True,1.0000000000,4.0000000000,0.0320000000,0.0000000000,0.0000000000,0.7640467000,0.3516241000,0.5409187000,0.0000000000,0.0000000000,0.0000000000,0.7692310000,0.3482504000,0.5357288000,2.5322810000,
35.5562,37366,True,1.0000000000,4.0000000000,-0.0320000000,0.0000000000,0.0000000000,0.7743320000,0.3448754000,0.5305383000,True,1.0000000000,4.0000000000,0.0320000000,0.0000000000,0.0000000000,0.7640842000,0.3515993000,0.5408821000,0.0000000000,0.0000000000,0.0000000000,0.7692329000,0.3482486000,0.5357274000,2.5496960000,
35.56796,37378,True,1.0000000000,4.0000000000,-0.0320000000,0.0000000000,0.0000000000,0.7742971000,0.3448980000,0.5305747000,True,1.0000000000,4.0000000000,0.0320000000,0.0000000000,0.0000000000,0.7641222000,0.3515739000,0.5408447000,0.0000000000,0.0000000000,0.0000000000,0.7692340000,0.3482470000,0.5357267000,2.5680060000,
35.57821,37388,True,1.0000000000,4.0000000000,-0.0320000000,0.0000000000,0.0000000000,0.7742524000,0.3449267000,0.5306212000,True,1.0000000000,4.0000000000,0.0320000000,0.0000000000,0.0000000000,0.7641698000,0.3515422000,0.5407982000,0.0000000000,0.0000000000,0.0000000000,0.7692350000,0.3482453000,0.5357264000,2.5914820000,
35.58938,37400,True,1.0000000000,4.0000000000,-0.0320000000,0.0000000000,0.0000000000,0.7742132000,0.3449526000,0.5306616000,True,1.0000000000,4.0000000000,0.0320000000,0.0000000000,0.0000000000,0.7642093000,0.3515164000,0.5407591000,0.0000000000,0.0000000000,0.0000000000,0.7692348000,0.3482451000,0.5357267000,2.6118750000,
35.60033,37411,True,1.0000000000,4.0000000000,-0.0320000000,0.0000000000,0.0000000000,0.7741753000,0.3449800000,0.5306989000,True,1.0000000000,4.0000000000,0.0320000000,0.0000000000,0.0000000000,0.7642486000,0.3514933000,0.5407186000,0.0000000000,0.0000000000,0.0000000000,0.7692352000,0.3482471000,0.5357249000,2.6321850000,
35.61168,37422,True,1.0000000000,4.0000000000,-0.0320000000,0.0000000000,0.0000000000,0.7741461000,0.3449986000,0.5307295000,True,1.0000000000,4.0000000000,0.0320000000,0.0000000000,0.0000000000,0.7642827000,0.3514704000,0.5406853000,0.0000000000,0.0000000000,0.0000000000,0.7692373000,0.3482448000,0.5357233000,2.6490460000,
35.62267,37433,True,1.0000000000,4.0000000000,-0.0320000000,0.0000000000,0.0000000000,0.7741232000,0.3450148000,0.5307524000,True,1.0000000000,4.0000000000,0.0320000000,0.0000000000,0.0000000000,0.7643056000,0.3514564000,0.5406619000,0.0000000000,0.0000000000,0.0000000000,0.7692371000,0.3482459000,0.5357230000,2.6614410000,
35.63403,37444,True,1.0000000000,4.0000000000,-0.0320000000,0.0000000000,0.0000000000,0.7741092000,0.3450248000,0.5307662000,True,1.0000000000,4.0000000000,0.0320000000,0.0000000000,0.0000000000,0.7643146000,0.3514514000,0.5406526000,0.0000000000,0.0000000000,0.0000000000,0.7692345000,0.3482483000,0.5357251000,2.6676810000,
35.64489,37455,True,1.0000000000,4.0000000000,-0.0320000000,0.0000000000,0.0000000000,0.7741029000,0.3450256000,0.5307751000,True,1.0000000000,4.0000000000,0.0320000000,0.0000000000,0.0000000000,0.7643288000,0.3514386000,0.5406407000,0.0000000000,0.0000000000,0.0000000000,0.7692384000,0.3482423000,0.5357235000,2.6732640000,
35.65589,37466,True,1.0000000000,4.0000000000,-0.0320000000,0.0000000000,0.0000000000,0.7741030000,0.3450280000,0.5307733000,True,1.0000000000,4.0000000000,0.0320000000,0.0000000000,0.0000000000,0.7643254000,0.3514434000,0.5406424000,0.0000000000,0.0000000000,0.0000000000,0.7692367000,0.3482459000,0.5357235000,2.6723350000,
35.66692,37478,True,1.0000000000,4.0000000000,-0.0320000000,0.0000000000,0.0000000000,0.7741076000,0.3450252000,0.5307683000,True,1.0000000000,4.0000000000,0.0320000000,0.0000000000,0.0000000000,0.7643186000,0.3514480000,0.5406490000,0.0000000000,0.0000000000,0.0000000000,0.7692357000,0.3482468000,0.5357244000,2.6692090000,
35.67832,37489,True,1.0000000000,4.0000000000,-0.0320000000,0.0000000000,0.0000000000,0.7741189000,0.3450176000,0.5307568000,True,1.0000000000,4.0000000000,0.0320000000,0.0000000000,0.0000000000,0.7643058000,0.3514564000,0.5406618000,0.0000000000,0.0000000000,0.0000000000,0.7692350000,0.3482473000,0.5357251000,2.6626440000,
35.69438,37505,True,1.0000000000,4.0000000000,-0.0320000000,0.0000000000,0.0000000000,0.7518433000,0.4123758000,0.5144685000,True,1.0000000000,4.0000000000,0.0320000000,0.0000000000,0.0000000000,0.7401809000,0.4205478000,0.5246636000,0.0000000000,0.0000000000,0.0000000000,0.7460407000,0.4164777000,0.5195860000,2.4332750000,
35.71199,37522,True,1.0000000000,4.0000000000,-0.0320000000,0.0000000000,0.0000000000,0.6278078000,0.6128238000,0.4799003000,True,1.0000000000,4.0000000000,0.0320000000,0.0000000000,0.0000000000,0.6073740000,0.6254584000,0.4897945000,0.0000000000,0.0000000000,0.0000000000,0.6176431000,0.6191934000,0.4848883000,1.9370650000,
35.72395,37534,True,1.0000000000,4.0000000000,-0.0320000000,0.0000000000,0.0000000000,0.5401859000,0.7011890000,0.4653313000,True,1.0000000000,4.0000000000,0.0320000000,0.0000000000,0.0000000000,0.5142524000,0.7145981000,0.4742299000,0.0000000000,0.0000000000,0.0000000000,0.5272806000,0.7079760000,0.4698353000,1.7815280000,
35.74114,37551,True,1.0000000000,4.0000000000,-0.0320000000,0.0000000000,0.0000000000,0.4506822000,0.7712591000,0.4494943000,True,1.0000000000,4.0000000000,0.0320000000,0.0000000000,0.0000000000,0.4198482000,0.7841408000,0.4570019000,0.0000000000,0.0000000000,0.0000000000,0.4353290000,0.7778140000,0.4533145000,1.6820280000,
35.75018,37561,True,1.0000000000,4.0000000000,-0.0320000000,0.0000000000,0.0000000000,0.4252722000,0.7883543000,0.4445683000,True,1.0000000000,4.0000000000,0.0320000000,0.0000000000,0.0000000000,0.3932263000,0.8008767000,0.4516299000,0.0000000000,0.0000000000,0.0000000000,0.4093124000,0.7947381000,0.4481683000,1.6622850000,
35.76416,37574,True,1.0000000000,4.0000000000,-0.0320000000,0.0000000000,0.0000000000,0.3984291000,0.8075438000,0.4348878000,True,1.0000000000,4.0000000000,0.0320000000,0.0000000000,0.0000000000,0.3652582000,0.8196121000,0.4413870000,0.0000000000,0.0000000000,0.0000000000,0.3819051000,0.8137090000,0.4382080000,1.6477320000,
35.77461,37584,True,1.0000000000,4.0000000000,-0.0320000000,0.0000000000,0.0000000000,0.3858386000,0.8172424000,0.4280696000,True,1.0000000000,4.0000000000,0.0320000000,0.0000000000,0.0000000000,0.3521929000,0.8290781000,0.4342692000,0.0000000000,0.0000000000,0.0000000000,0.3690762000,0.8232951000,0.4312400000,1.6428000000,
35.78646,37597,True,1.0000000000,4.0000000000,-0.0320000000,0.0000000000,0.0000000000,0.3766633000,0.8257298000,0.4198748000,True,1.0000000000,4.0000000000,0.0320000000,0.0000000000,0.0000000000,0.3427001000,0.8374022000,0.4258101000,0.0000000000,0.0000000000,0.0000000000,0.3597413000,0.8317038000,0.4229125000,1.6402530000,
35.7972,37607,True,1.0000000000,4.0000000000,-0.0320000000,0.0000000000,0.0000000000,0.3702386000,0.8324158000,0.4123195000,True,1.0000000000,4.0000000000,0.0320000000,0.0000000000,0.0000000000,0.3360987000,0.8439665000,0.4180409000,0.0000000000,0.0000000000,0.0000000000,0.3532274000,0.8383307000,0.4152494000,1.6404720000,
35.80822,37618,True,1.0000000000,4.0000000000,-0.0320000000,0.0000000000,0.0000000000,0.3652309000,0.8350352000,0.4114883000,True,1.0000000000,4.0000000000,0.0320000000,0.0000000000,0.0000000000,0.3309526000,0.8464544000,0.4171155000,0.0000000000,0.0000000000,0.0000000000,0.3481500000,0.8408853000,0.4143711000,1.6404900000,
35.8195,37630,True,1.0000000000,4.0000000000,-0.0320000000,0.0000000000,0.0000000000,0.3633400000,0.8356986000,0.4118154000,True,1.0000000000,4.0000000000,0.0320000000,0.0000000000,0.0000000000,0.3290400000,0.8470541000,0.4174111000,0.0000000000,0.0000000000,0.0000000000,0.3462478000,0.8415170000,0.4146825000,1.6419200000,
35.83025,37640,True,1.0000000000,4.0000000000,-0.0320000000,0.0000000000,0.0000000000,0.3576918000,0.8376561000,0.4127818000,True,1.0000000000,4.0000000000,0.0320000000,0.0000000000,0.0000000000,0.3232052000,0.8488590000,0.4183024000,0.0000000000,0.0000000000,0.0000000000,0.3405057000,0.8433994000,0.4156120000,1.6403500000,
35.84172,37652,True,1.0000000000,4.0000000000,-0.0320000000,0.0000000000,0.0000000000,0.3501190000,0.8402270000,0.4140473000,True,1.0000000000,4.0000000000,0.0320000000,0.0000000000,0.0000000000,0.3153647000,0.8512291000,0.4194689000,0.0000000000,0.0000000000,0.0000000000,0.3327984000,0.8458717000,0.4168289000,1.6372700000,
35.8531,37663,True,1.0000000000,4.0000000000,-0.0320000000,0.0000000000,0.0000000000,0.3443917000,0.8421298000,0.4149841000,True,1.0000000000,4.0000000000,0.0320000000,0.0000000000,0.0000000000,0.3094414000,0.8529767000,0.4203293000,0.0000000000,0.0000000000,0.0000000000,0.3269725000,0.8476982000,0.4177281000,1.6351150000,
35.86359,37674,True,1.0000000000,4.0000000000,-0.0320000000,0.0000000000,0.0000000000,0.3424673000,0.8427607000,0.4152957000,True,1.0000000000,4.0000000000,0.0320000000,0.0000000000,0.0000000000,0.3074651000,0.8535513000,0.4206131000,0.0000000000,0.0000000000,0.0000000000,0.3250219000,0.8483012000,0.4180260000,1.6350210000,
35.87454,37684,True,1.0000000000,4.0000000000,-0.0320000000,0.0000000000,0.0000000000,0.3424558000,0.8427638000,0.4152988000,True,1.0000000000,4.0000000000,0.0320000000,0.0000000000,0.0000000000,0.3074707000,0.8535491000,0.4206136000,0.0000000000,0.0000000000,0.0000000000,0.3250189000,0.8483016000,0.4180277000,1.6358160000,
35.88582,37696,True,1.0000000000,4.0000000000,-0.0320000000,0.0000000000,0.0000000000,0.3424530000,0.8427651000,0.4152986000,True,1.0000000000,4.0000000000,0.0320000000,0.0000000000,0.0000000000,0.3074815000,0.8535463000,0.4206114000,0.0000000000,0.0000000000,0.0000000000,0.3250228000,0.8483007000,0.4180264000,1.6364550000,
35.89631,37706,True,1.0000000000,4.0000000000,-0.0320000000,0.0000000000,0.0000000000,0.3424513000,0.8427659000,0.4152984000,True,1.0000000000,4.0000000000,0.0320000000,0.0000000000,0.0000000000,0.3074824000,0.8535463000,0.4206107000,0.0000000000,0.0000000000,0.0000000000,0.3250224000,0.8483011000,0.4180260000,1.6365750000,
35.90773,37718,True,1.0000000000,4.0000000000,-0.0320000000,0.0000000000,0.0000000000,0.3424472000,0.8427670000,0.4152997000,True,1.0000000000,4.0000000000,0.0320000000,0.0000000000,0.0000000000,0.3074811000,0.8535464000,0.4206115000,0.0000000000,0.0000000000,0.0000000000,0.3250197000,0.8483016000,0.4180270000,1.6367190000,
35.91881,37729,True,1.0000000000,4.0000000000,-0.0320000000,0.0000000000,0.0000000000,0.3424511000,0.8427656000,0.4152993000,True,1.0000000000,4.0000000000,0.0320000000,0.0000000000,0.0000000000,0.3074799000,0.8535466000,0.4206119000,0.0000000000,0.0000000000,0.0000000000,0.3250211000,0.8483011000,0.4180271000,1.6364680000,
35.92988,37740,True,1.0000000000,4.0000000000,-0.0320000000,0.0000000000,0.0000000000,0.3390454000,0.8421535000,0.4193156000,True,1.0000000000,4.0000000000,0.0320000000,0.0000000000,0.0000000000,0.3039100000,0.8528336000,0.4246333000,0.0000000000,0.0000000000,0.0000000000,0.3215331000,0.8476395000,0.4220471000,1.6329340000,
35.94153,37752,True,1.0000000000,4.0000000000,-0.0320000000,0.0000000000,0.0000000000,0.3377530000,0.8376103000,0.4293390000,True,1.0000000000,4.0000000000,0.0320000000,0.0000000000,0.0000000000,0.3025102000,0.8482102000,0.4347723000,0.0000000000,0.0000000000,0.0000000000,0.3201870000,0.8430561000,0.4321304000,1.6295240000,
35.95252,37762,True,1.0000000000,4.0000000000,-0.0320000000,0.0000000000,0.0000000000,0.3408476000,0.8292782000,0.4428552000,True,1.0000000000,4.0000000000,0.0320000000,0.0000000000,0.0000000000,0.3056549000,0.8398844000,0.4485191000,0.0000000000,0.0000000000,0.0000000000,0.3233071000,0.8347256000,0.4457642000,1.6281880000,
35.96359,37774,True,1.0000000000,4.0000000000,-0.0320000000,0.0000000000,0.0000000000,0.3438422000,0.8185158000,0.4602223000,True,1.0000000000,4.0000000000,0.0320000000,0.0000000000,0.0000000000,0.3086981000,0.8290913000,0.4661685000,0.0000000000,0.0000000000,0.0000000000,0.3263265000,0.8239459000,0.4632754000,1.6268720000,
35.97464,37785,True,1.0000000000,4.0000000000,-0.0320000000,0.0000000000,0.0000000000,0.3442882000,0.8098963000,0.4749038000,True,1.0000000000,4.0000000000,0.0320000000,0.0000000000,0.0000000000,0.3091166000,0.8203861000,0.4810547000,0.0000000000,0.0000000000,0.0000000000,0.3267590000,0.8152823000,0.4780620000,1.6250830000,
35.98585,37796,True,1.0000000000,4.0000000000,-0.0320000000,0.0000000000,0.0000000000,0.3444791000,0.8052829000,0.4825491000,True,1.0000000000,4.0000000000,0.0320000000,0.0000000000,0.0000000000,0.3093000000,0.8157225000,0.4888048000,0.0000000000,0.0000000000,0.0000000000,0.3269461000,0.8106432000,0.4857611000,1.6245160000,
35.99668,37807,True,1.0000000000,4.0000000000,-0.0320000000,0.0000000000,0.0000000000,0.3442321000,0.8033418000,0.4859488000,True,1.0000000000,4.0000000000,0.0320000000,0.0000000000,0.0000000000,0.3090425000,0.8137494000,0.4922445000,0.0000000000,0.0000000000,0.0000000000,0.3266940000,0.8086858000,0.4891814000,1.6243280000,
36.00795,37818,True,1.0000000000,4.0000000000,-0.0320000000,0.0000000000,0.0000000000,0.3448917000,0.8024533000,0.4869482000,True,1.0000000000,4.0000000000,0.0320000000,0.0000000000,0.0000000000,0.3097363000,0.8128660000,0.4932669000,0.0000000000,0.0000000000,0.0000000000,0.3273706000,0.8077994000,0.4901924000,1.6251060000,
36.01886,37829,True,1.0000000000,4.0000000000,-0.0320000000,0.0000000000,0.0000000000,0.3448866000,0.8024535000,0.4869513000,True,1.0000000000,4.0000000000,0.0320000000,0.0000000000,0.0000000000,0.3097435000,0.8128626000,0.4932678000,0.0000000000,0.0000000000,0.0000000000,0.3273717000,0.8077978000,0.4901943000,1.6256730000,
36.02971,37840,True,1.0000000000,4.0000000000,-0.0320000000,0.0000000000,0.0000000000,0.3448778000,0.8024569000,0.4869521000,True,1.0000000000,4.0000000000,0.0320000000,0.0000000000,0.0000000000,0.3097462000,0.8128625000,0.4932665000,0.0000000000,0.0000000000,0.0000000000,0.3273686000,0.8077993000,0.4901940000,1.6262090000,
36.04074,37851,True,1.0000000000,4.0000000000,-0.0320000000,0.0000000000,0.0000000000,0.3448679000,0.8024585000,0.4869562000,True,1.0000000000,4.0000000000,0.0320000000,0.0000000000,0.0000000000,0.3097461000,0.8128611000,0.4932688000,0.0000000000,0.0000000000,0.0000000000,0.3273636000,0.8077993000,0.4901972000,1.6266690000,
36.05202,37862,True,1.0000000000,4.0000000000,-0.0320000000,0.0000000000,0.0000000000,0.3448698000,0.8024585000,0.4869551000,True,1.0000000000,4.0000000000,0.0320000000,0.0000000000,0.0000000000,0.3097534000,0.8128597000,0.4932668000,0.0000000000,0.0000000000,0.0000000000,0.3273681000,0.8077985000,0.4901956000,1.6269100000,
36.06283,37873,True,1.0000000000,4.0000000000,-0.0320000000,0.0000000000,0.0000000000,0.3448659000,0.8024600000,0.4869553000,True,1.0000000000,4.0000000000,0.0320000000,0.0000000000,0.0000000000,0.3097587000,0.8128585000,0.4932654000,0.0000000000,0.0000000000,0.0000000000,0.3273688000,0.8077986000,0.4901949000,1.6273320000,
36.07421,37884,True,1.0000000000,4.0000000000,-0.0320000000,0.0000000000,0.0000000000,0.3448639000,0.8024606000,0.4869559000,True,1.0000000000,4.0000000000,0.0320000000,0.0000000000,0.0000000000,0.3097624000,0.8128573000,0.4932649000,0.0000000000,0.0000000000,0.0000000000,0.3273696000,0.8077983000,0.4901949000,1.6276020000,
36.08542,37896,True,1.0000000000,4.0000000000,-0.0320000000,0.0000000000,0.0000000000,0.3448625000,0.8024611000,0.4869559000,True,1.0000000000,4.0000000000,0.0320000000,0.0000000000,0.0000000000,0.3097613000,0.8128578000,0.4932648000,0.0000000000,0.0000000000,0.0000000000,0.3273684000,0.8077989000,0.4901949000,1.6276160000,
36.09607,37906,True,1.0000000000,4.0000000000,-0.0320000000,0.0000000000,0.0000000000,0.3448635000,0.8024610000,0.4869553000,True,1.0000000000,4.0000000000,0.0320000000,0.0000000000,0.0000000000,0.3097653000,0.8128569000,0.4932638000,0.0000000000,0.0000000000,0.0000000000,0.3273709000,0.8077983000,0.4901941000,1.6277520000,
36.10762,37918,True,1.0000000000,4.0000000000,-0.0320000000,0.0000000000,0.0000000000,0.3448605000,0.8024620000,0.4869559000,True,1.0000000000,4.0000000000,0.0320000000,0.0000000000,0.0000000000,0.3097625000,0.8128576000,0.4932643000,0.0000000000,0.0000000000,0.0000000000,0.3273679000,0.8077992000,0.4901947000,1.6277670000,
36.1197,37930,True,1.0000000000,4.0000000000,-0.0320000000,0.0000000000,0.0000000000,0.3448640000,0.8024614000,0.4869543000,True,1.0000000000,4.0000000000,0.0320000000,0.0000000000,0.0000000000,0.3097607000,0.8128587000,0.4932636000,0.0000000000,0.0000000000,0.0000000000,0.3273688000,0.8077995000,0.4901935000,1.6275170000,
36.13019,37940,True,1.0000000000,4.0000000000,-0.0320000000,0.0000000000,0.0000000000,0.3448703000,0.8024583000,0.4869549000,True,1.0000000000,4.0000000000,0.0320000000,0.0000000000,0.0000000000,0.3097559000,0.8128590000,0.4932663000,0.0000000000,0.0000000000,0.0000000000,0.3273696000,0.8077981000,0.4901952000,1.6270020000,
36.14175,37952,True,1.0000000000,4.0000000000,-0.0320000000,0.0000000000,0.0000000000,0.3448742000,0.8024571000,0.4869542000,True,1.0000000000,4.0000000000,0.0320000000,0.0000000000,0.0000000000,0.3097435000,0.8128623000,0.4932685000,0.0000000000,0.0000000000,0.0000000000,0.3273654000,0.8077993000,0.4901961000,1.6262530000,
36.15359,37963,True,1.0000000000,4.0000000000,-0.0320000000,0.0000000000,0.0000000000,0.3471265000,0.8017485000,0.4865210000,True,1.0000000000,4.0000000000,0.0320000000,0.0000000000,0.0000000000,0.3120666000,0.8122141000,0.4928719000,0.0000000000,0.0000000000,0.0000000000,0.3296534000,0.8071204000,0.4897808000,1.6267940000,
36.1645,37975,True,1.0000000000,4.0000000000,-0.0320000000,0.0000000000,0.0000000000,0.3495745000,0.8029981000,0.4826922000,True,1.0000000000,4.0000000000,0.0320000000,0.0000000000,0.0000000000,0.3145954000,0.8135549000,0.4890380000,0.0000000000,0.0000000000,0.0000000000,0.3321420000,0.8084155000,0.4859487000,1.6275370000,
36.17628,37986,True,1.0000000000,4.0000000000,-0.0320000000,0.0000000000,0.0000000000,0.3526586000,0.8033346000,0.4798806000,True,1.0000000000,4.0000000000,0.0320000000,0.0000000000,0.0000000000,0.3177842000,0.8139893000,0.4862453000,0.0000000000,0.0000000000,0.0000000000,0.3352789000,0.8088005000,0.4831458000,1.6285830000,
36.18753,37998,True,1.0000000000,4.0000000000,-0.0320000000,0.0000000000,0.0000000000,0.3541861000,0.8034968000,0.4784820000,True,1.0000000000,4.0000000000,0.0320000000,0.0000000000,0.0000000000,0.3193531000,0.8142031000,0.4848576000,0.0000000000,0.0000000000,0.0000000000,0.3368272000,0.8089884000,0.4817522000,1.6286040000,
36.19874,38009,True,1.0000000000,4.0000000000,-0.0320000000,0.0000000000,0.0000000000,0.3563794000,0.8027812000,0.4780545000,True,1.0000000000,4.0000000000,0.0320000000,0.0000000000,0.0000000000,0.3216207000,0.8135446000,0.4844640000,0.0000000000,0.0000000000,0.0000000000,0.3390579000,0.8083008000,0.4813414000,1.6293130000,
36.20956,38020,True,1.0000000000,4.0000000000,-0.0320000000,0.0000000000,0.0000000000,0.3563850000,0.8027781000,0.4780555000,True,1.0000000000,4.0000000000,0.0320000000,0.0000000000,0.0000000000,0.3216121000,0.8135458000,0.4844677000,0.0000000000,0.0000000000,0.0000000000,0.3390564000,0.8083000000,0.4813438000,1.6286480000,
36.22089,38031,True,1.0000000000,4.0000000000,-0.0320000000,0.0000000000,0.0000000000,0.3563883000,0.8027779000,0.4780533000,True,1.0000000000,4.0000000000,0.0320000000,0.0000000000,0.0000000000,0.3216036000,0.8135492000,0.4844676000,0.0000000000,0.0000000000,0.0000000000,0.3390539000,0.8083017000,0.4813428000,1.6280980000,
36.2321,38042,True,1.0000000000,4.0000000000,-0.0320000000,0.0000000000,0.0000000000,0.3563929000,0.8027760000,0.4780532000,True,1.0000000000,4.0000000000,0.0320000000,0.0000000000,0.0000000000,0.3215971000,0.8135506000,0.4844694000,0.0000000000,0.0000000000,0.0000000000,0.3390530000,0.8083016000,0.4813436000,1.6275840000,
36.24335,38054,True,1.0000000000,4.0000000000,-0.0320000000,0.0000000000,0.0000000000,0.3564024000,0.8027732000,0.4780507000,True,1.0000000000,4.0000000000,0.0320000000,0.0000000000,0.0000000000,0.3215911000,0.8135527000,0.4844699000,0.0000000000,0.0000000000,0.0000000000,0.3390549000,0.8083013000,0.4813427000,1.6268580000,
36.25518,38065,True,1.0000000000,4.0000000000,-0.0320000000,0.0000000000,0.0000000000,0.3564046000,0.8027726000,0.4780502000,True,1.0000000000,4.0000000000,0.0320000000,0.0000000000,0.0000000000,0.3215850000,0.8135546000,0.4844708000,0.0000000000,0.0000000000,0.0000000000,0.3390529000,0.8083020000,0.4813429000,1.6264740000,
36.26625,38076,True,1.0000000000,4.0000000000,-0.0320000000,0.0000000000,0.0000000000,0.3564098000,0.8027708000,0.4780492000,True,1.0000000000,4.0000000000,0.0320000000,0.0000000000,0.0000000000,0.3215839000,0.8135549000,0.4844712000,0.0000000000,0.0000000000,0.0000000000,0.3390550000,0.8083013000,0.4813427000,1.6261670000,
36.27748,38088,True,1.0000000000,4.0000000000,-0.0320000000,0.0000000000,0.0000000000,0.3564118000,0.8027702000,0.4780488000,True,1.0000000000,4.0000000000,0.0320000000,0.0000000000,0.0000000000,0.3215885000,0.8135536000,0.4844702000,0.0000000000,0.0000000000,0.0000000000,0.3390583000,0.8083003000,0.4813420000,1.6262940000,
36.28862,38099,True,1.0000000000,4.0000000000,-0.0320000000,0.0000000000,0.0000000000,0.3564067000,0.8027709000,0.4780513000,True,1.0000000000,4.0000000000,0.0320000000,0.0000000000,0.0000000000,0.3215849000,0.8135537000,0.4844725000,0.0000000000,0.0000000000,0.0000000000,0.3390539000,0.8083007000,0.4813443000,1.6263670000,
36.29962,38110,True,1.0000000000,4.0000000000,-0.0320000000,0.0000000000,0.0000000000,0.3564010000,0.8027736000,0.4780511000,True,1.0000000000,4.0000000000,0.0320000000,0.0000000000,0.0000000000,0.3215865000,0.8135540000,0.4844708000,0.0000000000,0.0000000000,0.0000000000,0.3390518000,0.8083022000,0.4813434000,1.6267110000,
36.31067,38121,True,1.0000000000,4.0000000000,-0.0320000000,0.0000000000,0.0000000000,0.3563944000,0.8027752000,0.4780534000,True,1.0000000000,4.0000000000,0.0320000000,0.0000000000,0.0000000000,0.3215865000,0.8135535000,0.4844719000,0.0000000000,0.0000000000,0.0000000000,0.3390485000,0.8083026000,0.4813450000,1.6270250000,
36.32178,38132,True,1.0000000000,4.0000000000,-0.0320000000,0.0000000000,0.0000000000,0.3563960000,0.8027755000,0.4780516000,True,1.0000000000,4.0000000000,0.0320000000,0.0000000000,0.0000000000,0.3215959000,0.8135515000,0.4844687000,0.0000000000,0.0000000000,0.0000000000,0.3390539000,0.8083018000,0.4813425000,1.6273820000,
36.33286,38144,True,1.0000000000,4.0000000000,-0.0320000000,0.0000000000,0.0000000000,0.3563949000,0.8027748000,0.4780536000,True,1.0000000000,4.0000000000,0.0320000000,0.0000000000,0.0000000000,0.3215964000,0.8135503000,0.4844704000,0.0000000000,0.0000000000,0.0000000000,0.3390536000,0.8083009000,0.4813443000,1.6274580000,
36.34429,38155,True,1.0000000000,4.0000000000,-0.0320000000,0.0000000000,0.0000000000,0.3563964000,0.8027755000,0.4780513000,True,1.0000000000,4.0000000000,0.0320000000,0.0000000000,0.0000000000,0.3216047000,0.8135492000,0.4844670000,0.0000000000,0.0000000000,0.0000000000,0.3390585000,0.8083005000,0.4813415000,1.6277700000,
36.3549,38166,True,1.0000000000,4.0000000000,-0.0320000000,0.0000000000,0.0000000000,0.3563865000,0.8027781000,0.4780543000,True,1.0000000000,4.0000000000,0.0320000000,0.0000000000,0.0000000000,0.3216050000,0.8135483000,0.4844680000,0.0000000000,0.0000000000,0.0000000000,0.3390537000,0.8083014000,0.4813434000,1.6282490000,
36.366,38177,True,1.0000000000,4.0000000000,-0.0320000000,0.0000000000,0.0000000000,0.3563818000,0.8027803000,0.4780541000,True,1.0000000000,4.0000000000,0.0320000000,0.0000000000,0.0000000000,0.3216193000,0.8135449000,0.4844644000,0.0000000000,0.0000000000,0.0000000000,0.3390584000,0.8083006000,0.4813414000,1.6291340000,
36.37704,38188,True,1.0000000000,4.0000000000,-0.0320000000,0.0000000000,0.0000000000,0.3563682000,0.8027844000,0.4780575000,True,1.0000000000,4.0000000000,0.0320000000,0.0000000000,0.0000000000,0.3216322000,0.8135407000,0.4844629000,0.0000000000,0.0000000000,0.0000000000,0.3390580000,0.8083003000,0.4813422000,1.6303770000,
36.3885,38199,True,1.0000000000,4.0000000000,-0.0320000000,0.0000000000,0.0000000000,0.3563550000,0.8027891000,0.4780594000,True,1.0000000000,4.0000000000,0.0320000000,0.0000000000,0.0000000000,0.3216438000,0.8135377000,0.4844602000,0.0000000000,0.0000000000,0.0000000000,0.3390571000,0.8083010000,0.4813417000,1.6315460000,
36.39947,38210,True,1.0000000000,4.0000000000,-0.0320000000,0.0000000000,0.0000000000,0.3563374000,0.8027952000,0.4780624000,True,1.0000000000,4.0000000000,0.0320000000,0.0000000000,0.0000000000,0.3216550000,0.8135347000,0.4844577000,0.0000000000,0.0000000000,0.0000000000,0.3390538000,0.8083023000,0.4813419000,1.6329070000,
36.41076,38221,True,1.0000000000,4.0000000000,-0.0320000000,0.0000000000,0.0000000000,0.3563281000,0.8027979000,0.4780649000,True,1.0000000000,4.0000000000,0.0320000000,0.0000000000,0.0000000000,0.3216742000,0.8135287000,0.4844550000,0.0000000000,0.0000000000,0.0000000000,0.3390587000,0.8083004000,0.4813416000,1.6342460000,
36.42211,38232,True,1.0000000000,4.0000000000,-0.0320000000,0.0000000000,0.0000000000,0.3563132000,0.8028024000,0.4780681000,True,1.0000000000,4.0000000000,0.0320000000,0.0000000000,0.0000000000,0.3216830000,0.8135260000,0.4844539000,0.0000000000,0.0000000000,0.0000000000,0.3390555000,0.8083012000,0.4813426000,1.6353620000,
36.43277,38243,True,1.0000000000,4.0000000000,-0.0320000000,0.0000000000,0.0000000000,0.3563042000,0.8028055000,0.4780698000,True,1.0000000000,4.0000000000,0.0320000000,0.0000000000,0.0000000000,0.3216938000,0.8135229000,0.4844519000,0.0000000000,0.0000000000,0.0000000000,0.3390563000,0.8083010000,0.4813423000,1.6363060000,
36.44381,38254,True,1.0000000000,4.0000000000,-0.0320000000,0.0000000000,0.0000000000,0.3562981000,0.8028072000,0.4780715000,True,1.0000000000,4.0000000000,0.0320000000,0.0000000000,0.0000000000,0.3216981000,0.8135213000,0.4844517000,0.0000000000,0.0000000000,0.0000000000,0.3390554000,0.8083009000,0.4813430000,1.6367950000,
36.4553,38265,True,1.0000000000,4.0000000000,-0.0320000000,0.0000000000,0.0000000000,0.3562950000,0.8028080000,0.4780723000,True,1.0000000000,4.0000000000,0.0320000000,0.0000000000,0.0000000000,0.3217017000,0.8135201000,0.4844514000,0.0000000000,0.0000000000,0.0000000000,0.3390556000,0.8083007000,0.4813432000,1.6371130000,
36.46642,38278,True,1.0000000000,4.0000000000,-0.0320000000,0.0000000000,0.0000000000,0.3628080000,0.8006515000,0.4767888000,True,1.0000000000,4.0000000000,0.0320000000,0.0000000000,0.0000000000,0.3284896000,0.8115149000,0.4832579000,0.0000000000,0.0000000000,0.0000000000,0.3457066000,0.8062180000,0.4801036000,1.6417370000,
