eye_timestamp,left_validata,left_eye_openness,left_eye_pupil_diameter,left_eye_origin.x,left_eye_origin.y,left_eye_origin.z,left_eye_gaze.x,left_eye_gaze.y,left_eye_gaze.z,right_validata,right_eye_openness,right_eye_pupil_diameter,right_eye_origin.x,right_eye_origin.y,right_eye_origin.z,right_eye_gaze.x,right_eye_gaze.y,right_eye_gaze.z,combined_eye_origin.x,combined_eye_origin.y,combined_eye_origin.z,combined_eye_gaze.x,combined_eye_gaze.y,combined_eye_gaze.z,gaze_distance,
4001698,1,0.9736471000,3.8475490000,-0.0346842800,0.0005874787,-0.0253064400,-0.1526205000,-0.0881817600,0.9843429000,1,0.9736471000,3.8001710000,0.0318736300,-0.0024789580,-0.0261344200,-0.1835343000,-0.0971230300,0.9782036000,0.0318720900,-0.0024788820,-0.0261344000,-0.1835343000,-0.0971230300,0.9782036000,0.0000000000,
4001706,1,0.9736471000,3.8645780000,-0.0346829700,0.0005838623,-0.0253065400,-0.1520867000,-0.0877241300,0.9844664000,1,0.9736471000,3.8598630000,0.0319007600,-0.0024763030,-0.0261321700,-0.1855646000,-0.0978254000,0.9777505000,0.0318919200,-0.0024758910,-0.0261320700,-0.1855649000,-0.0978102900,0.9777519000,0.0000000000,
4001715,1,0.9668263000,3.8475950000,-0.0346816600,0.0005802460,-0.0253064400,-0.1530776000,-0.0867470200,0.9843994000,1,0.9668263000,3.8333440000,0.0319286500,-0.0024766540,-0.0261333900,-0.1815659000,-0.0963600900,0.9786463000,0.0316660200,-0.0024646000,-0.0261301300,-0.1814430000,-0.0963291200,0.9786721000,0.0000000000,
4001723,1,0.9785036000,3.8649750000,-0.0346801900,0.0005798798,-0.0253065400,-0.1526040000,-0.0864110000,0.9845025000,1,0.9785036000,3.7565000000,0.0319491600,-0.0024706880,-0.0261312300,-0.1758600000,-0.0980390900,0.9795211000,-0.0049979100,-0.0007790985,-0.0256739200,-0.1629803000,-0.0915991800,0.9823681000,0.0000000000,
4001731,1,0.9785036000,3.8499910000,-0.0346789600,0.0005802460,-0.0253066100,-0.1520404000,-0.0862894800,0.9846004000,1,0.9785036000,3.8350980000,0.0319668600,-0.0024660040,-0.0261315900,-0.1723049000,-0.1004959000,0.9799039000,-0.0048229070,-0.0007844086,-0.0256761800,-0.1611201000,-0.0926680900,0.9825746000,0.0000000000,
4001740,1,0.9785036000,3.8659670000,-0.0346803000,0.0005825959,-0.0253065400,-0.1508954000,-0.0864264800,0.9847645000,1,0.9785036000,3.8662260000,0.0319810700,-0.0024565130,-0.0261438500,-0.1730372000,-0.0975661100,0.9800709000,-0.0040038910,-0.0008159333,-0.0256918500,-0.1611048000,-0.0915541800,0.9826815000,0.0000000000,
4001748,1,0.9830849000,3.8632810000,-0.0346816600,0.0005849610,-0.0253064400,-0.1497200000,-0.0865940500,0.9849291000,1,0.9830849000,3.8378750000,0.0319869900,-0.0024532170,-0.0261469100,-0.1728981000,-0.0965275200,0.9801983000,-0.0039179530,-0.0008169709,-0.0256942800,-0.1604321000,-0.0911871900,0.9828258000,0.0000000000,
4001756,1,0.9830849000,3.8726960000,-0.0346821300,0.0005855408,-0.0253065400,-0.1482407000,-0.0861215300,0.9851943000,1,0.9830849000,3.8661350000,0.0319929200,-0.0024499360,-0.0261499800,-0.1754476000,-0.0983440300,0.9795645000,-0.0034081120,-0.0008382416,-0.0257021500,-0.1610133000,-0.0918746500,0.9826666000,0.0000000000,
4001765,1,0.9797464000,3.8816070000,-0.0346826100,0.0005861206,-0.0253066100,-0.1467600000,-0.0855566200,0.9854651000,1,0.9797464000,3.8664400000,0.0319961900,-0.0024519200,-0.0261527300,-0.1748521000,-0.0988168300,0.9796234000,-0.0031033170,-0.0008526917,-0.0257073400,-0.1600805000,-0.0918429700,0.9828220000,0.0000000000,
4001773,1,0.9797464000,3.8721160000,-0.0346834400,0.0005860596,-0.0253076600,-0.1460576000,-0.0862734500,0.9855070000,1,0.9797464000,3.7714690000,0.0320120600,-0.0024696200,-0.0261652800,-0.1675744000,-0.0977491900,0.9810014000,-0.0028858490,-0.0008707428,-0.0257165400,-0.1563272000,-0.0917516200,0.9834345000,0.0000000000,
4001781,1,0.9819874000,3.8627930000,-0.0346842800,0.0005860138,-0.0253087200,-0.1453407000,-0.0864109800,0.9856009000,1,0.9819874000,3.8355560000,0.0320180700,-0.0024845740,-0.0261642500,-0.1654520000,-0.0970007000,0.9814359000,-0.0030372010,-0.0008708191,-0.0257146300,-0.1548922000,-0.0914460700,0.9836900000,0.0000000000,
4001790,1,0.9819874000,3.8228150000,-0.0347077200,0.0005390473,-0.0252698700,-0.1338815000,-0.0878301700,0.9870976000,1,0.9819874000,3.7556150000,0.0320248900,-0.0025020600,-0.0261491700,-0.1662460000,-0.1034250000,0.9806455000,-0.0023921660,-0.0009336090,-0.0256956800,-0.1495827000,-0.0953984700,0.9841363000,0.0000000000,
4001798,1,0.9821907000,3.8344120000,-0.0347137800,0.0005192566,-0.0252340600,-0.1374528000,-0.0875712200,0.9866296000,1,0.9821907000,3.7737730000,0.0320233500,-0.0025020910,-0.0261525000,-0.1669176000,-0.0984507100,0.9810433000,0.0004781647,-0.0010739590,-0.0257183700,-0.1530021000,-0.0933241000,0.9838094000,0.0000000000,
4001806,1,0.9821907000,3.8446040000,-0.0347218300,0.0005031739,-0.0252059800,-0.1420000000,-0.0847330900,0.9862334000,1,0.9821907000,3.7915950000,0.0320218100,-0.0025020600,-0.0261558100,-0.1675744000,-0.0935224400,0.9814135000,0.0035487830,-0.0012200010,-0.0257506100,-0.1566787000,-0.0897835600,0.9835602000,0.0000000000,
4001815,1,0.9901174000,3.7522130000,-0.0347366200,0.0005143280,-0.0252281400,-0.1402459000,-0.0803846500,0.9868482000,1,0.9901174000,3.7702480000,0.0320049600,-0.0024696660,-0.0261693000,-0.1642020000,-0.0988782800,0.9814585000,0.0049425050,-0.0012597050,-0.0257876800,-0.1545115000,-0.0913854500,0.9837555000,0.0000000000,
4001823,1,0.9901174000,3.8277590000,-0.0347477400,0.0005341339,-0.0252538300,-0.1389786000,-0.0874033200,0.9864307000,1,0.9901174000,3.8024440000,0.0320004700,-0.0024526370,-0.0261743300,-0.1635461000,-0.0979781400,0.9816582000,0.0046033020,-0.0012267000,-0.0257965100,-0.1534732000,-0.0936433800,0.9837056000,0.0000000000,
4001831,1,0.9924199000,3.7781220000,-0.0347526600,0.0005380402,-0.0252392000,-0.1426701000,-0.0805971300,0.9864833000,1,0.9924199000,3.7801510000,0.0319935000,-0.0024445340,-0.0261707200,-0.1712041000,-0.1007083000,0.9800750000,0.0044072570,-0.0012118230,-0.0257857100,-0.1594405000,-0.0924080400,0.9828730000,0.0000000000,
4001840,1,0.9924199000,3.7362670000,-0.0347566400,0.0005334626,-0.0252044800,-0.1459219000,-0.0851452800,0.9856253000,1,0.9924199000,3.7895510000,0.0319921100,-0.0024426420,-0.0261685300,-0.1679387000,-0.1017459000,0.9805327000,0.0045268560,-0.0012180480,-0.0257718500,-0.1588914000,-0.0949259200,0.9827220000,0.0000000000,
4001848,1,0.9980683000,3.8031310000,-0.0347600300,0.0005274353,-0.0251660900,-0.1426870000,-0.0860303000,0.9860219000,1,0.9980683000,3.7805180000,0.0319907300,-0.0024428710,-0.0261696300,-0.1706570000,-0.1020982000,0.9800266000,0.0048637390,-0.0012357640,-0.0257618100,-0.1593045000,-0.0955827200,0.9825915000,0.0000000000,
4001856,1,0.9980683000,3.7723240000,-0.0347654400,0.0005146332,-0.0251289200,-0.1419689000,-0.0846564400,0.9862444000,1,0.9980683000,3.7790370000,0.0319891500,-0.0024436950,-0.0261701700,-0.1678943000,-0.1027691000,0.9804336000,0.0057844390,-0.0012823950,-0.0257614300,-0.1577305000,-0.0956728800,0.9828366000,0.0000000000,
4001865,1,0.9903545000,3.7767330000,-0.0347735800,0.0005018006,-0.0251070100,-0.1386882000,-0.0897681300,0.9862592000,1,0.9903545000,3.7726440000,0.0319753600,-0.0024728700,-0.0261650100,-0.1655755000,-0.1092087000,0.9801317000,0.0068838810,-0.0013546600,-0.0257673000,-0.1554882000,-0.1019142000,0.9825665000,0.0000000000,
4001873,1,0.9903545000,3.7870790000,-0.0347743900,0.0004995728,-0.0251182900,-0.1401369000,-0.0899353900,0.9860392000,1,0.9903545000,3.7617340000,0.0319726600,-0.0024904790,-0.0261684400,-0.1671771000,-0.1049358000,0.9803266000,0.0086989750,-0.0014478910,-0.0258022800,-0.1577618000,-0.0997169600,0.9824295000,0.0000000000,
4001881,1,0.9949180000,3.7763670000,-0.0347735800,0.0004973297,-0.0251110100,-0.1419544000,-0.0911267000,0.9856698000,1,0.9949180000,3.7146000000,0.0319786100,-0.0025107120,-0.0261605700,-0.1618050000,-0.1047064000,0.9812521000,0.0098605500,-0.0015140080,-0.0258128100,-0.1552439000,-0.1002204000,0.9827793000,0.0000000000,
4001890,1,0.9949180000,3.7466740000,-0.0347731800,0.0004883576,-0.0251184600,-0.1432519000,-0.0942856200,0.9851848000,1,0.9949180000,3.7221680000,0.0319816600,-0.0025215760,-0.0261622900,-0.1619434000,-0.1028454000,0.9814261000,0.0103220200,-0.0015449530,-0.0258236100,-0.1558857000,-0.1000684000,0.9826932000,0.0000000000,
4001898,1,1.0000000000,3.7336270000,-0.0347581200,0.0004646759,-0.0251287200,-0.1451744000,-0.0987411700,0.9844667000,1,1.0000000000,3.7078090000,0.0319979300,-0.0025522770,-0.0261657900,-0.1647505000,-0.1013192000,0.9811175000,0.0089477690,-0.0015105440,-0.0258077100,-0.1580051000,-0.1004336000,0.9823174000,0.0000000000,
4001906,1,1.0000000000,3.6858520000,-0.0347506900,0.0004555512,-0.0251189700,-0.1382921000,-0.1024945000,0.9850737000,1,1.0000000000,3.6608430000,0.0320099300,-0.0025667270,-0.0261636500,-0.1658494000,-0.1077281000,0.9802493000,0.0057438660,-0.0013776400,-0.0257526400,-0.1550147000,-0.1056828000,0.9822432000,0.0000000000,
4001915,1,1.0000000000,3.7128750000,-0.0347501900,0.0004513245,-0.0251166200,-0.1371926000,-0.1010901000,0.9853725000,1,1.0000000000,3.6600490000,0.0320142200,-0.0025721590,-0.0261666600,-0.1660310000,-0.1051332000,0.9805003000,0.0022328190,-0.0012234800,-0.0256982700,-0.1531839000,-0.1033484000,0.9827786000,0.0000000000,
4001923,1,1.0000000000,3.6862340000,-0.0347496600,0.0004471131,-0.0251152200,-0.1385054000,-0.1010447000,0.9851936000,1,1.0000000000,3.6594240000,0.0320185100,-0.0025775910,-0.0261696800,-0.1662006000,-0.1027538000,0.9807237000,0.0000598908,-0.0011298220,-0.0256649500,-0.1529549000,-0.1019445000,0.9829609000,0.0000000000,
4001931,1,1.0000000000,3.6796260000,-0.0347466100,0.0004429474,-0.0251171000,-0.1378339000,-0.1004801000,0.9853454000,1,1.0000000000,3.7114110000,0.0320414500,-0.0026024930,-0.0261668900,-0.1640639000,-0.1083841000,0.9804774000,-0.0009755402,-0.0010969540,-0.0256479200,-0.1511090000,-0.1044930000,0.9829788000,0.0000000000,
4001940,1,1.0000000000,3.6735990000,-0.0347435500,0.0004387817,-0.0251189700,-0.1371769000,-0.0999453300,0.9854915000,1,1.0000000000,3.5755920000,0.0320552600,-0.0026140750,-0.0261604300,-0.1576697000,-0.1177831000,0.9804425000,-0.0015343480,-0.0010789490,-0.0256367300,-0.1473863000,-0.1088269000,0.9830738000,0.0000000000,
4001948,1,1.0000000000,3.6797330000,-0.0347410900,0.0004349976,-0.0251191100,-0.1371780000,-0.1004649000,0.9854385000,1,1.0000000000,3.5484620000,0.0320679700,-0.0026265410,-0.0261604500,-0.1567704000,-0.1184247000,0.9805094000,-0.0020463410,-0.0010632320,-0.0256287300,-0.1467754000,-0.1092690000,0.9831161000,0.0000000000,
4001956,1,1.0000000000,3.6509550000,-0.0347228600,0.0004050903,-0.0251534000,-0.1307686000,-0.1039129000,0.9859522000,1,1.0000000000,3.6051180000,0.0320810000,-0.0026385200,-0.0261650300,-0.1627674000,-0.1172651000,0.9796712000,-0.0024345550,-0.0010659640,-0.0256423500,-0.1462564000,-0.1103828000,0.9830690000,0.0000000000,
4001965,1,1.0000000000,3.6077420000,-0.0347119600,0.0003942414,-0.0251691900,-0.1354832000,-0.1068271000,0.9850037000,1,1.0000000000,3.5755620000,0.0320879400,-0.0026446080,-0.0261695100,-0.1639114000,-0.1179820000,0.9793944000,0.0006496888,-0.0012144170,-0.0256987200,-0.1505590000,-0.1127476000,0.9821507000,0.0000000000,
4001973,1,1.0000000000,3.5779880000,-0.0346999800,0.0003832550,-0.0251666900,-0.1356213000,-0.1163035000,0.9839107000,1,1.0000000000,3.6047060000,0.0320948800,-0.0026506960,-0.0261739800,-0.1652380000,-0.1184544000,0.9791144000,0.0015602110,-0.0012637480,-0.0257135000,-0.1517186000,-0.1174778000,0.9814176000,0.0000000000,
4001981,1,1.0000000000,3.6296840000,-0.0346960500,0.0003803864,-0.0251670500,-0.1332864000,-0.1123665000,0.9846870000,1,1.0000000000,3.4430240000,0.0321189800,-0.0026826330,-0.0261547400,-0.1538094000,-0.1226508000,0.9804588000,0.0022651980,-0.0013140260,-0.0257134300,-0.1446544000,-0.1180581000,0.9824141000,0.0000000000,
4001990,1,1.0000000000,3.5996860000,-0.0346921100,0.0003775330,-0.0251674200,-0.1333181000,-0.1151599000,0.9843599000,1,1.0000000000,3.5303040000,0.0321247400,-0.0026999820,-0.0261540100,-0.1534587000,-0.1182412000,0.9810553000,0.0024104310,-0.0013313600,-0.0257152600,-0.1445161000,-0.1168824000,0.9825750000,0.0000000000,
4001998,1,1.0000000000,3.6398160000,-0.0346888600,0.0003753815,-0.0251670500,-0.1327674000,-0.1152349000,0.9844256000,1,1.0000000000,3.5762790000,0.0321311400,-0.0027126310,-0.0261547100,-0.1556564000,-0.1191417000,0.9806000000,0.0020983740,-0.0013246920,-0.0257108000,-0.1453872000,-0.1173871000,0.9823863000,0.0000000000,
4002006,1,1.0000000000,3.6072540000,-0.0346856100,0.0003732300,-0.0251674200,-0.1320973000,-0.1143511000,0.9846188000,1,1.0000000000,3.5548710000,0.0321341400,-0.0027160340,-0.0261544800,-0.1554126000,-0.1163954000,0.9809684000,0.0014274900,-0.0012963720,-0.0257008800,-0.1447146000,-0.1154635000,0.9827135000,0.0000000000,
4002015,1,1.0000000000,3.6035920000,-0.0346826700,0.0003745728,-0.0251671600,-0.1334083000,-0.1151434000,0.9843497000,1,1.0000000000,3.5327760000,0.0321371600,-0.0027191620,-0.0261547100,-0.1567243000,-0.1163340000,0.9807670000,0.0005644989,-0.0012573550,-0.0256880800,-0.1457234000,-0.1157852000,0.9825266000,0.0000000000,
4002023,1,1.0000000000,3.6070860000,-0.0346797300,0.0003759156,-0.0251669200,-0.1332707000,-0.1159672000,0.9842716000,1,1.0000000000,3.5241550000,0.0321405500,-0.0027187500,-0.0261555300,-0.1565862000,-0.1172031000,0.9806856000,-0.0005740509,-0.0012036290,-0.0256715100,-0.1451889000,-0.1166089000,0.9825083000,0.0000000000,
4002031,1,1.0000000000,3.6045840000,-0.0346769000,0.0003767243,-0.0251667900,-0.1315633000,-0.1165179000,0.9844362000,1,1.0000000000,3.5159300000,0.0321439200,-0.0027183530,-0.0261563600,-0.1564650000,-0.1174479000,0.9806756000,-0.0018566280,-0.0011434780,-0.0256528300,-0.1438012000,-0.1169911000,0.9826669000,0.0000000000,
4002040,1,1.0000000000,3.6021270000,-0.0346740400,0.0003775330,-0.0251666900,-0.1298540000,-0.1163955000,0.9846777000,1,1.0000000000,3.4553070000,0.0321833000,-0.0027256010,-0.0261636800,-0.1548625000,-0.1203164000,0.9805823000,-0.0021165770,-0.0011335910,-0.0256521900,-0.1420449000,-0.1183174000,0.9827635000,0.0000000000,
4002048,1,1.0000000000,3.6006010000,-0.0346691900,0.0003791809,-0.0251667900,-0.1302647000,-0.1170505000,0.9845457000,1,1.0000000000,3.4989320000,0.0321860100,-0.0027415770,-0.0261735200,-0.1601281000,-0.1183184000,0.9799795000,-0.0022444610,-0.0011343840,-0.0256550600,-0.1447612000,-0.1176766000,0.9824441000,0.0000000000,
4002056,1,1.0000000000,3.5990910000,-0.0346643200,0.0003775330,-0.0251666900,-0.1306625000,-0.1170515000,0.9844929000,1,1.0000000000,3.5190890000,0.0321949800,-0.0027583620,-0.0261731100,-0.1591513000,-0.1183793000,0.9801312000,-0.0022169340,-0.0011443330,-0.0256551100,-0.1445023000,-0.1177076000,0.9824785000,0.0000000000,
4002065,1,1.0000000000,3.5945430000,-0.0346615300,0.0003767243,-0.0251661900,-0.1311660000,-0.1173872000,0.9843860000,1,1.0000000000,3.5122380000,0.0321964700,-0.0027637940,-0.0261671200,-0.1648423000,-0.1173107000,0.9793188000,-0.0022979430,-0.0011434780,-0.0256507000,-0.1474770000,-0.1173713000,0.9820766000,0.0000000000,
4002073,1,1.0000000000,3.5895840000,-0.0346587400,0.0003759156,-0.0251656800,-0.1317605000,-0.1177834000,0.9842592000,1,1.0000000000,3.5241090000,0.0322143900,-0.0027741700,-0.0261657700,-0.1700146000,-0.1234139000,0.9776829000,-0.0022495580,-0.0011507260,-0.0256503600,-0.1503314000,-0.1205459000,0.9812589000,0.0000000000,
4002081,1,0.9737847000,3.5608220000,-0.0345867200,0.0003420105,-0.0250135400,-0.1537344000,-0.1296710000,0.9795668000,1,0.9737847000,3.3743900000,0.0322445200,-0.0028002170,-0.0261624200,-0.1586330000,-0.1177846000,0.9802868000,0.0033818670,-0.0014431610,-0.0256662500,-0.1565119000,-0.1229268000,0.9799964000,0.0000000000,
4002090,1,0.9737847000,3.4902340000,-0.0345486900,0.0003155518,-0.0249056400,-0.1599755000,-0.1265735000,0.9789724000,1,0.9737847000,3.5119020000,0.0322905300,-0.0027884070,-0.0261412100,-0.1746084000,-0.1315476000,0.9758110000,0.0147819200,-0.0019753270,-0.0258175500,-0.1707779000,-0.1302502000,0.9766626000,0.0000000000,
4002098,1,0.9355137000,3.5750730000,-0.0345075500,0.0003637543,-0.0249247300,-0.1481031000,-0.1398938000,0.9790277000,1,0.9355137000,3.4498750000,0.0324061600,-0.0027694400,-0.0261143500,-0.1615928000,-0.1360797000,0.9774303000,0.0216887100,-0.0022676090,-0.0259238100,-0.1594254000,-0.1366896000,0.9777011000,0.0000000000,
4002106,1,0.9355137000,2.7218480000,-0.0342296200,0.0006058502,-0.0250040800,-0.0688785900,-0.2387557000,0.9686338000,1,0.9355137000,3.3260800000,0.0326766700,-0.0026201940,-0.0260983300,-0.1056982000,-0.1502846000,0.9829763000,0.0238139200,-0.0021928560,-0.0259533900,-0.1008766000,-0.1620953000,0.9816054000,0.0000000000,
4002115,1,0.7939360000,4.4640810000,-0.0337881900,-0.0009562073,-0.0254530200,0.0218049600,-0.3675715000,0.9297396000,1,0.7939360000,-1.0000000000,0.0329796300,-0.0023660890,-0.0263637400,0.0000000000,0.0000000000,0.0000000000,-0.0337881900,-0.0009562073,-0.0254530200,0.0218049600,-0.3675715000,0.9297396000,0.0000000000,
4002123,1,0.7939360000,-1.0000000000,-0.0337881900,-0.0009562073,-0.0254530200,0.0000000000,0.0000000000,0.0000000000,1,0.7939360000,-1.0000000000,0.0324886000,-0.0037476200,-0.0263964900,0.0000000000,0.0000000000,0.0000000000,0.0010000000,-0.0010000000,-0.0010000000,0.5773503000,-0.5773503000,-0.5773503000,0.0000000000,
4002131,1,0.4319189000,-1.0000000000,-0.0337881900,-0.0009562073,-0.0254530200,0.0000000000,0.0000000000,0.0000000000,1,0.4319189000,-1.0000000000,0.0324886000,-0.0037476200,-0.0263964900,0.0000000000,0.0000000000,0.0000000000,0.0010000000,-0.0010000000,-0.0010000000,0.5773503000,-0.5773503000,-0.5773503000,0.0000000000,
4002140,1,0.4319189000,-1.0000000000,-0.0337881900,-0.0009562073,-0.0254530200,0.0000000000,0.0000000000,0.0000000000,1,0.4319189000,-1.0000000000,0.0324886000,-0.0037476200,-0.0263964900,0.0000000000,0.0000000000,0.0000000000,0.0010000000,-0.0010000000,-0.0010000000,0.5773503000,-0.5773503000,-0.5773503000,0.0000000000,
4002148,1,0.2873369000,-1.0000000000,-0.0337881900,-0.0009562073,-0.0254530200,0.0000000000,0.0000000000,0.0000000000,1,0.2873369000,-1.0000000000,0.0324886000,-0.0037476200,-0.0263964900,0.0000000000,0.0000000000,0.0000000000,0.0010000000,-0.0010000000,-0.0010000000,0.5773503000,-0.5773503000,-0.5773503000,0.0000000000,
4002156,1,0.2873369000,2.8845520000,-0.0332156700,0.0022108920,-0.0251091200,0.1220417000,0.2071260000,0.9706722000,1,0.2873369000,-1.0000000000,0.0324886000,-0.0037476200,-0.0263964900,0.0000000000,0.0000000000,0.0000000000,-0.0332156700,0.0022108920,-0.0251091200,0.1220417000,0.2071260000,0.9706722000,0.0000000000,
4002165,1,0.2515024000,-1.0000000000,-0.0332156700,0.0022108920,-0.0251091200,0.0000000000,0.0000000000,0.0000000000,1,0.2515024000,-1.0000000000,0.0331485900,-0.0035708770,-0.0263064700,0.0000000000,0.0000000000,0.0000000000,0.0010000000,-0.0010000000,-0.0010000000,0.5773503000,-0.5773503000,-0.5773503000,0.0000000000,
4002173,1,0.2515024000,4.2310180000,-0.0329835100,-0.0007207337,-0.0254369200,0.1723194000,-0.3237797000,0.9303079000,1,0.2515024000,-1.0000000000,0.0333808000,-0.0030900580,-0.0261774000,0.0000000000,0.0000000000,0.0000000000,-0.0329835100,-0.0007207337,-0.0254369200,0.1723194000,-0.3237797000,0.9303079000,0.0000000000,
4002181,1,0.3366000000,-1.0000000000,-0.0329835100,-0.0007207337,-0.0254369200,0.0000000000,0.0000000000,0.0000000000,1,0.3366000000,-1.0000000000,0.0333830000,-0.0029769290,-0.0261578500,0.0000000000,0.0000000000,0.0000000000,0.0010000000,-0.0010000000,-0.0010000000,0.5773503000,-0.5773503000,-0.5773503000,0.0000000000,
4002189,1,0.3366000000,-1.0000000000,-0.0329835100,-0.0007207337,-0.0254369200,0.0000000000,0.0000000000,0.0000000000,1,0.3366000000,-1.0000000000,0.0339235700,-0.0029174500,-0.0263866000,0.0000000000,0.0000000000,0.0000000000,0.0010000000,-0.0010000000,-0.0010000000,0.5773503000,-0.5773503000,-0.5773503000,0.0000000000,
4002198,1,0.4652997000,2.5911100000,-0.0328856800,0.0006553345,-0.0253440400,0.1237802000,-0.1981367000,0.9723273000,1,0.4652997000,-1.0000000000,0.0344012900,-0.0017482300,-0.0261070700,0.0000000000,0.0000000000,0.0000000000,-0.0328856800,0.0006553345,-0.0253440400,0.1237802000,-0.1981367000,0.9723273000,0.0000000000,
4002206,1,0.4652997000,2.8220520000,-0.0323753100,0.0012141420,-0.0250741400,0.1937733000,-0.0748145700,0.9781895000,1,0.4652997000,-1.0000000000,0.0344272200,-0.0017320100,-0.0261566200,0.0000000000,0.0000000000,0.0000000000,-0.0323753100,0.0012141420,-0.0250741400,0.1937733000,-0.0748145700,0.9781895000,0.0000000000,
4002214,1,0.6093079000,3.1115260000,-0.0323438300,0.0012003940,-0.0251174000,0.2017529000,0.0144196400,0.9793303000,1,0.6093079000,-1.0000000000,0.0344363700,-0.0017163850,-0.0261874700,0.0000000000,0.0000000000,0.0000000000,-0.0323438300,0.0012003940,-0.0251174000,0.2017529000,0.0144196400,0.9793303000,0.0000000000,
4002223,1,0.6093079000,3.2025300000,-0.0323751200,0.0010693210,-0.0251486400,0.2129701000,0.0489967100,0.9758294000,1,0.6093079000,-1.0000000000,0.0344419900,-0.0017834020,-0.0261903400,0.0000000000,0.0000000000,0.0000000000,-0.0323751200,0.0010693210,-0.0251486400,0.2129701000,0.0489967100,0.9758294000,0.0000000000,
4002231,1,0.7421210000,3.4304960000,-0.0323501300,0.0011450350,-0.0251336700,0.2314785000,0.0294955800,0.9723928000,1,0.7421210000,-1.0000000000,0.0344669400,-0.0018041840,-0.0261763500,0.0000000000,0.0000000000,0.0000000000,-0.0323501300,0.0011450350,-0.0251336700,0.2314785000,0.0294955800,0.9723928000,0.0000000000,
4002239,1,0.7421210000,3.3665160000,-0.0323100000,0.0011134340,-0.0251171400,0.2258338000,0.0132143300,0.9740762000,1,0.7421210000,3.3685000000,0.0345020600,-0.0018565060,-0.0261657700,0.2287320000,0.0161897700,0.9733548000,0.0267627300,-0.0015124660,-0.0260443100,0.2283948000,0.0158387100,0.9734398000,0.0000000000,
4002248,1,0.8309221000,3.3669740000,-0.0323197800,0.0009958191,-0.0251570100,0.2617073000,0.0371862100,0.9644306000,1,0.8309221000,3.5659640000,0.0344623900,-0.0017618410,-0.0261462000,0.2877678000,0.0031128180,0.9576951000,0.0309708900,-0.0016176610,-0.0260944800,0.2864246000,0.0048981030,0.9580902000,0.0000000000,
4002256,1,0.8309221000,3.3871000000,-0.0320504600,0.0010759120,-0.0252153900,0.2427400000,0.0326695000,0.9695411000,1,0.8309221000,3.6421510000,0.0345403600,-0.0018985750,-0.0262280900,0.2919795000,0.0357058800,0.9557579000,0.0321437900,-0.0017915190,-0.0261916400,0.2902259000,0.0355992100,0.9562958000,0.0000000000,
4002264,1,0.8752106000,3.3458250000,-0.0319873700,0.0010487670,-0.0252378400,0.2535732000,0.0336459900,0.9667308000,1,0.8752106000,3.4968410000,0.0346499000,-0.0019374240,-0.0262595500,0.2929551000,0.0271913100,0.9557395000,0.0331678300,-0.0018710180,-0.0262368300,0.2920860000,0.0273439600,0.9560010000,0.0000000000,
4002273,1,0.8752106000,3.3865050000,-0.0321029100,0.0010001680,-0.0252193200,0.2627440000,0.0393986300,0.9640608000,1,0.8752106000,3.5495300000,0.0346158500,-0.0019768370,-0.0262488900,0.2758201000,0.0326235600,0.9606555000,0.0192664300,-0.0012919310,-0.0260120300,0.2728129000,0.0341798100,0.9614598000,0.0000000000,
4002281,1,0.9307175000,3.4948120000,-0.0322668200,0.0009873963,-0.0251702300,0.2514972000,0.0448306500,0.9668192000,1,0.9307175000,3.5509950000,0.0345436100,-0.0019993900,-0.0262074000,0.2509788000,0.0178682000,0.9678277000,0.0040291450,-0.0006352234,-0.0257336900,0.2512402000,0.0301823900,0.9674541000,0.0000000000,
4002289,1,0.9307175000,3.5221860000,-0.0322717000,0.0009838105,-0.0251533800,0.2164932000,0.0437625100,0.9753028000,1,0.9307175000,3.4457860000,0.0344983700,-0.0020093990,-0.0261914200,0.2350480000,0.0176392800,0.9718237000,-0.0009954530,-0.0004182587,-0.0256396200,0.2252225000,0.0315250400,0.9737973000,0.0000000000,
4002298,1,0.9563485000,3.5043030000,-0.0323324100,0.0009836121,-0.0251206700,0.1979372000,0.0399170300,0.9794016000,1,0.9563485000,3.4839630000,0.0344388400,-0.0020005190,-0.0261641300,0.2119760000,0.0084686650,0.9772382000,-0.0008103638,-0.0004251557,-0.0256132700,0.2045921000,0.0250704600,0.9785262000,0.0000000000,
4002306,1,0.9563485000,3.4930880000,-0.0324444400,0.0009801942,-0.0250469100,0.1823905000,0.0332798300,0.9826627000,1,0.9563485000,3.5591430000,0.0343649800,-0.0019918820,-0.0261614800,0.1934842000,0.0317539900,0.9805894000,0.0039550480,-0.0006390687,-0.0256541600,0.1884333000,0.0324406200,0.9815500000,0.0000000000,
4002314,1,0.9695520000,3.4431000000,-0.0325681900,0.0009412842,-0.0248214600,0.1670080000,0.0330811600,0.9854004000,1,0.9695520000,3.4533840000,0.0342710100,-0.0019494940,-0.0261977200,0.1708400000,0.0507057300,0.9839932000,0.0170393200,-0.0012042240,-0.0258429100,0.1698479000,0.0461584800,0.9843886000,0.0000000000,
4002323,1,0.9695520000,3.4649660000,-0.0327028800,0.0008458862,-0.0243678700,0.1514289000,0.0540621300,0.9869887000,1,0.9695520000,3.5273740000,0.0341432400,-0.0019312900,-0.0260990600,0.1526349000,0.0313265600,0.9877860000,0.0330349800,-0.0018852390,-0.0260703600,0.1526057000,0.0316930300,0.9877789000,0.0000000000,
4002331,1,0.9748260000,3.5650630000,-0.0328461800,0.0008557740,-0.0243240800,0.1325843000,0.0498201900,0.9899188000,1,0.9748260000,3.5719760000,0.0340356600,-0.0019302060,-0.0260388100,0.1324327000,0.0329746500,0.9906434000,0.0339648500,-0.0019272610,-0.0260369900,0.1324326000,0.0329898900,0.9906428000,0.0000000000,
4002339,1,0.9748260000,3.3724060000,-0.0330074200,0.0009238282,-0.0244778800,0.1207440000,0.0360416100,0.9920292000,1,0.9748260000,3.6100920000,0.0339323900,-0.0019037320,-0.0260182400,0.1204084000,0.0327762400,0.9921833000,0.0339050800,-0.0019025730,-0.0260176100,0.1204084000,0.0327762400,0.9921833000,0.0000000000,
4002348,1,0.9449939000,3.3273770000,-0.0329775500,0.0010584870,-0.0248437500,0.1165021000,0.0156099100,0.9930678000,1,0.9449939000,3.7461700000,0.0340620600,-0.0018224790,-0.0262471200,0.1194764000,0.0523529400,0.9914558000,0.0339933200,-0.0018195340,-0.0262456800,0.1194767000,0.0523072900,0.9914582000,0.0000000000,
4002356,1,0.9449939000,-1.0000000000,-0.0327877700,0.0012166140,-0.0252610500,0.0000000000,0.0000000000,0.0000000000,1,0.9449939000,-1.0000000000,0.0343221300,-0.0018050080,-0.0261984600,0.0000000000,0.0000000000,0.0000000000,0.0010000000,-0.0010000000,-0.0010000000,0.5773503000,-0.5773503000,-0.5773503000,0.0000000000,
4002364,1,0.8118057000,-1.0000000000,-0.0329957500,0.0005629883,-0.0250282100,0.0000000000,0.0000000000,0.0000000000,1,0.8118057000,-1.0000000000,0.0345429000,-0.0017295530,-0.0261901900,0.0000000000,0.0000000000,0.0000000000,0.0010000000,-0.0010000000,-0.0010000000,0.5773503000,-0.5773503000,-0.5773503000,0.0000000000,
4002373,1,0.8118057000,-1.0000000000,-0.0325774400,-0.0005492859,-0.0252689500,0.0000000000,0.0000000000,0.0000000000,1,0.8118057000,-1.0000000000,0.0337150000,-0.0027490080,-0.0255228900,0.0000000000,0.0000000000,0.0000000000,0.0010000000,-0.0010000000,-0.0010000000,0.5773503000,-0.5773503000,-0.5773503000,0.0000000000,
4002381,1,0.5316765000,-1.0000000000,-0.0325774400,-0.0005492859,-0.0252689500,0.0000000000,0.0000000000,0.0000000000,1,0.5316765000,-1.0000000000,0.0337150000,-0.0027490080,-0.0255228900,0.0000000000,0.0000000000,0.0000000000,0.0010000000,-0.0010000000,-0.0010000000,0.5773503000,-0.5773503000,-0.5773503000,0.0000000000,
4002389,1,0.5316765000,-1.0000000000,-0.0325774400,-0.0005492859,-0.0252689500,0.0000000000,0.0000000000,0.0000000000,1,0.5316765000,-1.0000000000,0.0337150000,-0.0027490080,-0.0255228900,0.0000000000,0.0000000000,0.0000000000,0.0010000000,-0.0010000000,-0.0010000000,0.5773503000,-0.5773503000,-0.5773503000,0.0000000000,
4002398,1,0.2941717000,-1.0000000000,-0.0325774400,-0.0005492859,-0.0252689500,0.0000000000,0.0000000000,0.0000000000,1,0.2941717000,-1.0000000000,0.0337150000,-0.0027490080,-0.0255228900,0.0000000000,0.0000000000,0.0000000000,0.0010000000,-0.0010000000,-0.0010000000,0.5773503000,-0.5773503000,-0.5773503000,0.0000000000,
4002406,1,0.2941717000,-1.0000000000,-0.0325774400,-0.0005492859,-0.0252689500,0.0000000000,0.0000000000,0.0000000000,1,0.2941717000,-1.0000000000,0.0337150000,-0.0027490080,-0.0255228900,0.0000000000,0.0000000000,0.0000000000,0.0010000000,-0.0010000000,-0.0010000000,0.5773503000,-0.5773503000,-0.5773503000,0.0000000000,
4002414,1,0.2119396000,-1.0000000000,-0.0325774400,-0.0005492859,-0.0252689500,0.0000000000,0.0000000000,0.0000000000,1,0.2119396000,-1.0000000000,0.0337150000,-0.0027490080,-0.0255228900,0.0000000000,0.0000000000,0.0000000000,0.0010000000,-0.0010000000,-0.0010000000,0.5773503000,-0.5773503000,-0.5773503000,0.0000000000,
4002423,1,0.2119396000,-1.0000000000,-0.0335252700,-0.0027427060,-0.0264930400,0.0000000000,0.0000000000,0.0000000000,1,0.2119396000,-1.0000000000,0.0337150000,-0.0027490080,-0.0255228900,0.0000000000,0.0000000000,0.0000000000,0.0010000000,-0.0010000000,-0.0010000000,0.5773503000,-0.5773503000,-0.5773503000,0.0000000000,
4002431,1,0.1932363000,-1.0000000000,-0.0335252700,-0.0027427060,-0.0264930400,0.0000000000,0.0000000000,0.0000000000,1,0.1932363000,-1.0000000000,0.0337150000,-0.0027490080,-0.0255228900,0.0000000000,0.0000000000,0.0000000000,0.0010000000,-0.0010000000,-0.0010000000,0.5773503000,-0.5773503000,-0.5773503000,0.0000000000,
4002439,1,0.1932363000,-1.0000000000,-0.0335252700,-0.0027427060,-0.0264930400,0.0000000000,0.0000000000,0.0000000000,1,0.1932363000,-1.0000000000,0.0337150000,-0.0027490080,-0.0255228900,0.0000000000,0.0000000000,0.0000000000,0.0010000000,-0.0010000000,-0.0010000000,0.5773503000,-0.5773503000,-0.5773503000,0.0000000000,
4002448,1,0.2405906000,-1.0000000000,-0.0335252700,-0.0027427060,-0.0264930400,0.0000000000,0.0000000000,0.0000000000,1,0.2405906000,-1.0000000000,0.0352702500,-0.0035650030,-0.0267660800,0.0000000000,0.0000000000,0.0000000000,0.0010000000,-0.0010000000,-0.0010000000,0.5773503000,-0.5773503000,-0.5773503000,0.0000000000,
4002456,1,0.2405906000,-1.0000000000,-0.0323078300,-0.0004143982,-0.0252915800,0.0000000000,0.0000000000,0.0000000000,1,0.2405906000,-1.0000000000,0.0320939800,-0.0042070310,-0.0266716800,0.0000000000,0.0000000000,0.0000000000,0.0010000000,-0.0010000000,-0.0010000000,0.5773503000,-0.5773503000,-0.5773503000,0.0000000000,
4002464,1,0.3981489000,-1.0000000000,-0.0328467300,-0.0004757080,-0.0251946100,0.0000000000,0.0000000000,0.0000000000,1,0.3981489000,-1.0000000000,0.0320939800,-0.0042070310,-0.0266716800,0.0000000000,0.0000000000,0.0000000000,0.0010000000,-0.0010000000,-0.0010000000,0.5773503000,-0.5773503000,-0.5773503000,0.0000000000,
4002473,1,0.3981489000,-1.0000000000,-0.0328467300,-0.0004757080,-0.0251946100,0.0000000000,0.0000000000,0.0000000000,1,0.3981489000,-1.0000000000,0.0320939800,-0.0042070310,-0.0266716800,0.0000000000,0.0000000000,0.0000000000,0.0010000000,-0.0010000000,-0.0010000000,0.5773503000,-0.5773503000,-0.5773503000,0.0000000000,
4002481,1,0.4734651000,-1.0000000000,-0.0335656700,-0.0005703278,-0.0247706200,0.0000000000,0.0000000000,0.0000000000,1,0.4734651000,-1.0000000000,0.0338522600,-0.0027010350,-0.0261434700,0.0000000000,0.0000000000,0.0000000000,0.0010000000,-0.0010000000,-0.0010000000,0.5773503000,-0.5773503000,-0.5773503000,0.0000000000,
4002489,1,0.4734651000,-1.0000000000,-0.0326569700,-0.0000157166,-0.0252177400,0.0000000000,0.0000000000,0.0000000000,1,0.4734651000,-1.0000000000,0.0349757700,-0.0022326200,-0.0263620800,0.0000000000,0.0000000000,0.0000000000,0.0010000000,-0.0010000000,-0.0010000000,0.5773503000,-0.5773503000,-0.5773503000,0.0000000000,
4002498,1,0.5698899000,-1.0000000000,-0.0326569700,-0.0000157166,-0.0252177400,0.0000000000,0.0000000000,0.0000000000,1,0.5698899000,-1.0000000000,0.0351810500,-0.0018385620,-0.0264248800,0.0000000000,0.0000000000,0.0000000000,0.0010000000,-0.0010000000,-0.0010000000,0.5773503000,-0.5773503000,-0.5773503000,0.0000000000,
4002506,1,0.5698899000,-1.0000000000,-0.0326569700,-0.0000157166,-0.0252177400,0.0000000000,0.0000000000,0.0000000000,1,0.5698899000,-1.0000000000,0.0350990000,-0.0017227480,-0.0263938200,0.0000000000,0.0000000000,0.0000000000,0.0010000000,-0.0010000000,-0.0010000000,0.5773503000,-0.5773503000,-0.5773503000,0.0000000000,
4002514,1,0.6971785000,-1.0000000000,-0.0319498800,0.0013348850,-0.0251516300,0.0000000000,0.0000000000,0.0000000000,1,0.6971785000,-1.0000000000,0.0348060200,-0.0013532870,-0.0263641100,0.0000000000,0.0000000000,0.0000000000,0.0010000000,-0.0010000000,-0.0010000000,0.5773503000,-0.5773503000,-0.5773503000,0.0000000000,
4002523,1,0.6971785000,-1.0000000000,-0.0319493300,0.0013186950,-0.0251675400,0.0000000000,0.0000000000,0.0000000000,1,0.6971785000,-1.0000000000,0.0348370100,-0.0013764340,-0.0263938500,0.0000000000,0.0000000000,0.0000000000,0.0010000000,-0.0010000000,-0.0010000000,0.5773503000,-0.5773503000,-0.5773503000,0.0000000000,
4002531,1,0.7700235000,-1.0000000000,-0.0319071400,0.0013029790,-0.0251830100,0.0000000000,0.0000000000,0.0000000000,1,0.7700235000,-1.0000000000,0.0348214400,-0.0013926850,-0.0263685000,0.0000000000,0.0000000000,0.0000000000,0.0010000000,-0.0010000000,-0.0010000000,0.5773503000,-0.5773503000,-0.5773503000,0.0000000000,
4002539,1,0.7700235000,-1.0000000000,-0.0318386000,0.0013047640,-0.0252059300,0.0000000000,0.0000000000,0.0000000000,1,0.7700235000,-1.0000000000,0.0348439800,-0.0014404910,-0.0263708400,0.0000000000,0.0000000000,0.0000000000,0.0010000000,-0.0010000000,-0.0010000000,0.5773503000,-0.5773503000,-0.5773503000,0.0000000000,
4002548,1,0.8624088000,-1.0000000000,-0.0318503300,0.0012293700,-0.0252238300,0.0000000000,0.0000000000,0.0000000000,1,0.8624088000,-1.0000000000,0.0348500100,-0.0014752960,-0.0263760200,0.0000000000,0.0000000000,0.0000000000,0.0010000000,-0.0010000000,-0.0010000000,0.5773503000,-0.5773503000,-0.5773503000,0.0000000000,
4002556,1,0.8624088000,-1.0000000000,-0.0318056800,0.0012035520,-0.0252410000,0.0000000000,0.0000000000,0.0000000000,1,0.8624088000,-1.0000000000,0.0348509600,-0.0015045010,-0.0263689000,0.0000000000,0.0000000000,0.0000000000,0.0010000000,-0.0010000000,-0.0010000000,0.5773503000,-0.5773503000,-0.5773503000,0.0000000000,
4002564,1,0.9154981000,-1.0000000000,-0.0317835200,0.0011911770,-0.0252600100,0.0000000000,0.0000000000,0.0000000000,1,0.9154981000,-1.0000000000,0.0348818200,-0.0015186310,-0.0263759000,0.0000000000,0.0000000000,0.0000000000,0.0010000000,-0.0010000000,-0.0010000000,0.5773503000,-0.5773503000,-0.5773503000,0.0000000000,
4002573,1,0.9154981000,-1.0000000000,-0.0316292600,0.0012332310,-0.0252835200,0.0000000000,0.0000000000,0.0000000000,1,0.9154981000,-1.0000000000,0.0349128400,-0.0015220180,-0.0264111000,0.0000000000,0.0000000000,0.0000000000,0.0010000000,-0.0010000000,-0.0010000000,0.5773503000,-0.5773503000,-0.5773503000,0.0000000000,
4002581,1,0.9592718000,-1.0000000000,-0.0315817100,0.0012269750,-0.0253028100,0.0000000000,0.0000000000,0.0000000000,1,0.9592718000,3.8629610000,0.0349232700,-0.0015164800,-0.0264184700,0.4322873000,0.0644997700,0.8994262000,0.0349232700,-0.0015164800,-0.0264184700,0.4322873000,0.0644997700,0.8994262000,0.0000000000,
4002589,1,0.9592718000,-1.0000000000,-0.0316556900,0.0011068270,-0.0253395400,0.0000000000,0.0000000000,0.0000000000,1,0.9592718000,3.7811580000,0.0349520700,-0.0015370940,-0.0264428300,0.4358261000,0.0747536000,0.8969211000,0.0349520700,-0.0015370940,-0.0264428300,0.4358261000,0.0747536000,0.8969211000,0.0000000000,
4002598,1,0.9946474000,-1.0000000000,-0.0316451900,0.0011052860,-0.0253317900,0.0000000000,0.0000000000,0.0000000000,1,0.9946474000,3.7304990000,0.0349430700,-0.0015437470,-0.0264313100,0.4346696000,0.0633098400,0.8983620000,0.0349430700,-0.0015437470,-0.0264313100,0.4346696000,0.0633098400,0.8983620000,0.0000000000,
4002606,1,0.9946474000,-1.0000000000,-0.0317509500,0.0010839540,-0.0253046400,0.0000000000,0.0000000000,0.0000000000,1,0.9946474000,3.7877500000,0.0348726500,-0.0015685120,-0.0263965800,0.4215740000,0.0585638100,0.9049009000,0.0348726500,-0.0015685120,-0.0263965800,0.4215740000,0.0585638100,0.9049009000,0.0000000000,
4002614,1,1.0000000000,-1.0000000000,-0.0318924900,0.0010608220,-0.0252413200,0.0000000000,0.0000000000,0.0000000000,1,1.0000000000,3.8691100000,0.0347896900,-0.0016200100,-0.0263415500,0.3848575000,0.0571594700,0.9212044000,0.0347896900,-0.0016200100,-0.0263415500,0.3848575000,0.0571594700,0.9212044000,0.0000000000,
4002623,1,1.0000000000,3.6154790000,-0.0321270000,0.0010435030,-0.0251832100,0.3473557000,0.0849162900,0.9338807000,1,1.0000000000,3.8387150000,0.0346691600,-0.0016089630,-0.0263156300,0.3657097000,0.0733799800,0.9278318000,0.0022428890,-0.0003213196,-0.0257658900,0.3568165000,0.0789806000,0.9308298000,0.0000000000,
4002631,1,1.0000000000,3.7208100000,-0.0322139600,0.0010303650,-0.0251475200,0.3205892000,0.0866857500,0.9432434000,1,1.0000000000,3.8709720000,0.0345734600,-0.0016331030,-0.0262646200,0.3433407000,0.0686498300,0.9366987000,0.0055067140,-0.0004739228,-0.0257784400,0.3334708000,0.0765087600,0.9396508000,0.0000000000,
4002639,1,1.0000000000,3.8254700000,-0.0323313500,0.0010200350,-0.0250961900,0.3032271000,0.0753490100,0.9499347000,1,1.0000000000,3.9718170000,0.0344451600,-0.0016440430,-0.0262372800,0.3326619000,0.0751506700,0.9400471000,0.0054494480,-0.0004872437,-0.0257417900,0.3199191000,0.0752418600,0.9444525000,0.0000000000,
4002648,1,1.0000000000,3.8424840000,-0.0324603900,0.0010378880,-0.0250664200,0.2917367000,0.0632637800,0.9544042000,1,1.0000000000,3.9480740000,0.0343321200,-0.0016435550,-0.0262031000,0.3100935000,0.0818950800,0.9471722000,0.0076614530,-0.0005728302,-0.0257492100,0.3027838000,0.0744638000,0.9501458000,0.0000000000,
4002656,1,1.0000000000,3.8312530000,-0.0326121100,0.0010499420,-0.0250057200,0.2774695000,0.0623787600,0.9587073000,1,1.0000000000,3.7936100000,0.0342272800,-0.0016284330,-0.0261656500,0.2884077000,0.0784457800,0.9542889000,0.0089702310,-0.0006163330,-0.0257273400,0.2842893000,0.0723731400,0.9560030000,0.0000000000,
4002664,1,1.0000000000,3.8050380000,-0.0327371500,0.0010497590,-0.0249344900,0.2632491000,0.0545968800,0.9631817000,1,1.0000000000,3.8347630000,0.0341124600,-0.0015983890,-0.0261316700,0.2722789000,0.0807956000,0.9588202000,0.0112697500,-0.0006934967,-0.0257226000,0.2692131000,0.0718542600,0.9603964000,0.0000000000,
4002673,1,1.0000000000,3.8799130000,-0.0328303700,0.0010722810,-0.0248856200,0.2460946000,0.0664064900,0.9669682000,1,1.0000000000,3.8284760000,0.0339962600,-0.0015870670,-0.0260766100,0.2543215000,0.0665749500,0.9648255000,0.0138339800,-0.0007847138,-0.0257172900,0.2518343000,0.0665139300,0.9654819000,0.0000000000,
4002681,1,1.0000000000,3.8394470000,-0.0330011500,0.0009503022,-0.0244593200,0.2408303000,0.0815432400,0.9671357000,1,1.0000000000,3.8828580000,0.0339315800,-0.0015818180,-0.0260540500,0.2367123000,0.0685585300,0.9691579000,0.0280045000,-0.0013575900,-0.0259128300,0.2370778000,0.0697027300,0.9689869000,0.0000000000,
4002689,1,1.0000000000,3.8436890000,-0.0331208700,0.0008816376,-0.0239762000,0.2204319000,0.0642862700,0.9732816000,1,1.0000000000,3.8029940000,0.0338662000,-0.0015868530,-0.0260090800,0.2190585000,0.0686045700,0.9732968000,0.0336494300,-0.0015788580,-0.0260025000,0.2190733000,0.0685891600,0.9732946000,0.0000000000,
4002698,1,0.9559119000,3.6573490000,-0.0332670000,0.0008569489,-0.0237361800,0.2056437000,0.0595858500,0.9768112000,1,0.9559119000,3.7725070000,0.0337968900,-0.0016441350,-0.0257255700,0.2097652000,0.0590980200,0.9759641000,0.0337910000,-0.0016439210,-0.0257254000,0.2097506000,0.0590982100,0.9759673000,0.0000000000,
4002706,1,0.9559119000,3.3803560000,-0.0333380700,0.0009990998,-0.0240049000,0.1977555000,0.0124970500,0.9801717000,1,0.9559119000,-1.0000000000,0.0337727800,-0.0015985720,-0.0258174600,0.0000000000,0.0000000000,0.0000000000,-0.0333380700,0.0009990998,-0.0240049000,0.1977555000,0.0124970500,0.9801717000,0.0000000000,
4002714,1,0.9047876000,-1.0000000000,-0.0333262600,0.0009796448,-0.0238379500,0.0000000000,0.0000000000,0.0000000000,1,0.9047876000,-1.0000000000,0.0338424700,-0.0014916840,-0.0259849600,0.0000000000,0.0000000000,0.0000000000,0.0010000000,-0.0010000000,-0.0010000000,0.5773503000,-0.5773503000,-0.5773503000,0.0000000000,
4002723,1,0.9047876000,-1.0000000000,-0.0332774200,0.0008094483,-0.0228025200,0.0000000000,0.0000000000,0.0000000000,1,0.9047876000,-1.0000000000,0.0335299400,-0.0027053380,-0.0262726300,0.0000000000,0.0000000000,0.0000000000,0.0010000000,-0.0010000000,-0.0010000000,0.5773503000,-0.5773503000,-0.5773503000,0.0000000000,
4002731,1,0.7291410000,-1.0000000000,-0.0335958600,-0.0004415283,-0.0248878300,0.0000000000,0.0000000000,0.0000000000,1,0.7291410000,-1.0000000000,0.0332222600,-0.0028762360,-0.0260649100,0.0000000000,0.0000000000,0.0000000000,0.0010000000,-0.0010000000,-0.0010000000,0.5773503000,-0.5773503000,-0.5773503000,0.0000000000,
4002739,1,0.7291410000,-1.0000000000,-0.0335958600,-0.0004415283,-0.0248878300,0.0000000000,0.0000000000,0.0000000000,1,0.7291410000,-1.0000000000,0.0332222600,-0.0028762360,-0.0260649100,0.0000000000,0.0000000000,0.0000000000,0.0010000000,-0.0010000000,-0.0010000000,0.5773503000,-0.5773503000,-0.5773503000,0.0000000000,
4002748,1,0.4538482000,-1.0000000000,-0.0335958600,-0.0004415283,-0.0248878300,0.0000000000,0.0000000000,0.0000000000,1,0.4538482000,-1.0000000000,0.0335682400,-0.0037208100,-0.0263426700,0.0000000000,0.0000000000,0.0000000000,0.0010000000,-0.0010000000,-0.0010000000,0.5773503000,-0.5773503000,-0.5773503000,0.0000000000,
4002756,1,0.4538482000,-1.0000000000,-0.0335958600,-0.0004415283,-0.0248878300,0.0000000000,0.0000000000,0.0000000000,1,0.4538482000,-1.0000000000,0.0335682400,-0.0037208100,-0.0263426700,0.0000000000,0.0000000000,0.0000000000,0.0010000000,-0.0010000000,-0.0010000000,0.5773503000,-0.5773503000,-0.5773503000,0.0000000000,
4002764,1,0.3964764000,-1.0000000000,-0.0347239600,0.0030711060,-0.0244678100,0.0000000000,0.0000000000,0.0000000000,1,0.3964764000,-1.0000000000,0.0330702500,-0.0041578070,-0.0264825900,0.0000000000,0.0000000000,0.0000000000,0.0010000000,-0.0010000000,-0.0010000000,0.5773503000,-0.5773503000,-0.5773503000,0.0000000000,
4002773,1,0.3964764000,-1.0000000000,-0.0347239600,0.0030711060,-0.0244678100,0.0000000000,0.0000000000,0.0000000000,1,0.3964764000,-1.0000000000,0.0338671300,-0.0041151740,-0.0265619700,0.0000000000,0.0000000000,0.0000000000,0.0010000000,-0.0010000000,-0.0010000000,0.5773503000,-0.5773503000,-0.5773503000,0.0000000000,
4002781,1,0.3313237000,-1.0000000000,-0.0347239600,0.0030711060,-0.0244678100,0.0000000000,0.0000000000,0.0000000000,1,0.3313237000,-1.0000000000,0.0348254700,-0.0028936770,-0.0260207700,0.0000000000,0.0000000000,0.0000000000,0.0010000000,-0.0010000000,-0.0010000000,0.5773503000,-0.5773503000,-0.5773503000,0.0000000000,
4002789,1,0.3313237000,-1.0000000000,-0.0347239600,0.0030711060,-0.0244678100,0.0000000000,0.0000000000,0.0000000000,1,0.3313237000,-1.0000000000,0.0335240800,-0.0038672490,-0.0263942600,0.0000000000,0.0000000000,0.0000000000,0.0010000000,-0.0010000000,-0.0010000000,0.5773503000,-0.5773503000,-0.5773503000,0.0000000000,
4002798,1,0.4033406000,-1.0000000000,-0.0340194600,-0.0005822601,-0.0249203800,0.0000000000,0.0000000000,0.0000000000,1,0.4033406000,-1.0000000000,0.0335240800,-0.0038672490,-0.0263942600,0.0000000000,0.0000000000,0.0000000000,0.0010000000,-0.0010000000,-0.0010000000,0.5773503000,-0.5773503000,-0.5773503000,0.0000000000,
4002806,1,0.4033406000,-1.0000000000,-0.0339060500,-0.0010235750,-0.0250747700,0.0000000000,0.0000000000,0.0000000000,1,0.4033406000,-1.0000000000,0.0329784700,-0.0031664120,-0.0261200300,0.0000000000,0.0000000000,0.0000000000,0.0010000000,-0.0010000000,-0.0010000000,0.5773503000,-0.5773503000,-0.5773503000,0.0000000000,
4002814,1,0.5107121000,-1.0000000000,-0.0336396200,0.0011089330,-0.0244770400,0.0000000000,0.0000000000,0.0000000000,1,0.5107121000,-1.0000000000,0.0337146000,-0.0017540740,-0.0257115500,0.0000000000,0.0000000000,0.0000000000,0.0010000000,-0.0010000000,-0.0010000000,0.5773503000,-0.5773503000,-0.5773503000,0.0000000000,
4002823,1,0.5107121000,-1.0000000000,-0.0335190400,0.0012707830,-0.0250718700,0.0000000000,0.0000000000,0.0000000000,1,0.5107121000,-1.0000000000,0.0336644000,-0.0016017000,-0.0259507500,0.0000000000,0.0000000000,0.0000000000,0.0010000000,-0.0010000000,-0.0010000000,0.5773503000,-0.5773503000,-0.5773503000,0.0000000000,
4002831,1,0.6073785000,-1.0000000000,-0.0334364800,0.0010248410,-0.0243991600,0.0000000000,0.0000000000,0.0000000000,1,0.6073785000,-1.0000000000,0.0337113100,-0.0015862430,-0.0261082300,0.0000000000,0.0000000000,0.0000000000,0.0010000000,-0.0010000000,-0.0010000000,0.5773503000,-0.5773503000,-0.5773503000,0.0000000000,
4002839,1,0.6073785000,-1.0000000000,-0.0333871200,0.0011038210,-0.0247976400,0.0000000000,0.0000000000,0.0000000000,1,0.6073785000,-1.0000000000,0.0337164000,-0.0016060180,-0.0261019600,0.0000000000,0.0000000000,0.0000000000,0.0010000000,-0.0010000000,-0.0010000000,0.5773503000,-0.5773503000,-0.5773503000,0.0000000000,
4002848,1,0.7524375000,-1.0000000000,-0.0333411600,0.0009401398,-0.0243951400,0.0000000000,0.0000000000,0.0000000000,1,0.7524375000,-1.0000000000,0.0337748100,-0.0017269750,-0.0258840700,0.0000000000,0.0000000000,0.0000000000,0.0010000000,-0.0010000000,-0.0010000000,0.5773503000,-0.5773503000,-0.5773503000,0.0000000000,
4002856,1,0.7524375000,-1.0000000000,-0.0333299900,0.0010056760,-0.0246335000,0.0000000000,0.0000000000,0.0000000000,1,0.7524375000,-1.0000000000,0.0337978100,-0.0016831210,-0.0261116300,0.0000000000,0.0000000000,0.0000000000,0.0010000000,-0.0010000000,-0.0010000000,0.5773503000,-0.5773503000,-0.5773503000,0.0000000000,
4002864,1,0.8378798000,3.7651820000,-0.0332857100,0.0009178009,-0.0244331400,0.1693439000,-0.0091095970,0.9855149000,1,0.8378798000,3.5818330000,0.0338037300,-0.0017554630,-0.0260481300,0.1902184000,-0.0069733540,0.9817170000,0.0319727500,-0.0016824950,-0.0260040400,0.1896367000,-0.0070190610,0.9818292000,0.0000000000,
4002873,1,0.8378798000,3.5666500000,-0.0333061600,0.0009016419,-0.0244574100,0.1689018000,-0.0317692300,0.9851208000,1,0.8378798000,3.8800350000,0.0338111300,-0.0017414550,-0.0262765100,0.1739822000,0.0294954900,0.9843070000,0.0310248600,-0.0016317290,-0.0262009900,0.1737840000,0.0269472800,0.9844150000,0.0000000000,
4002881,1,0.8749967000,3.7454070000,-0.0333246900,0.0009125977,-0.0244834100,0.1624005000,0.0040436080,0.9867166000,1,0.8749967000,3.7536930000,0.0337887100,-0.0018778540,-0.0258478600,0.1655756000,-0.0036163880,0.9861904000,0.0293411700,-0.0016929320,-0.0257574300,0.1653607000,-0.0030975560,0.9862283000,0.0000000000,
4002889,1,0.8749967000,3.7055210000,-0.0333533500,0.0008727112,-0.0244383600,0.1681992000,-0.0119172200,0.9856810000,1,0.8749967000,3.8686220000,0.0337747000,-0.0018797000,-0.0258132000,0.1625693000,0.0326084600,0.9861581000,0.0111286600,-0.0009511567,-0.0253493800,0.1645072000,0.0175936100,0.9862190000,0.0000000000,
4002898,1,0.9164414000,3.7510220000,-0.0333716800,0.0009125367,-0.0245334900,0.1572579000,0.0026397840,0.9875541000,1,0.9164414000,3.8626560000,0.0338507900,-0.0015440060,-0.0271820800,0.1310140000,0.0339513300,0.9907990000,-0.0279922500,0.0007159577,-0.0247454400,0.1551675000,0.0051422410,0.9878748000,0.0000000000,
4002906,1,0.9164414000,3.7816930000,-0.0333963200,0.0008881989,-0.0244616100,0.1549392000,0.0109406600,0.9878634000,1,0.9164414000,3.9833530000,0.0337097800,-0.0018299710,-0.0260123600,0.1679701000,0.0286867500,0.9853746000,-0.0326725800,0.0008588867,-0.0244783300,0.1550776000,0.0111391000,0.9878395000,0.0000000000,
4002914,1,0.9343610000,3.8465120000,-0.0333870200,0.0009456177,-0.0247699600,0.1430679000,0.0166170000,0.9895734000,1,0.9343610000,3.9540710000,0.0337002600,-0.0018919370,-0.0258633700,0.1565414000,0.0159150700,0.9875432000,-0.0322948000,0.0008994141,-0.0247877700,0.1432815000,0.0166017300,0.9895427000,0.0000000000,
4002923,1,0.9343610000,3.7872160000,-0.0333995700,0.0009330140,-0.0247354500,0.1381082000,0.0151063000,0.9903020000,1,0.9343610000,3.8463900000,0.0336895600,-0.0019300840,-0.0258081500,0.1485159000,0.0200198200,0.9887074000,-0.0329079400,0.0009120331,-0.0247433000,0.1381851000,0.0151368800,0.9902907000,0.0000000000,
4002931,1,0.9633415000,3.7999570000,-0.0334486000,0.0008959504,-0.0246235800,0.1429458000,0.0063019450,0.9897105000,1,0.9633415000,3.8323520000,0.0336796000,-0.0019096990,-0.0259251000,0.1532467000,0.0073090860,0.9881610000,-0.0329227100,0.0008739777,-0.0246337700,0.1430227000,0.0063019710,0.9896994000,0.0000000000,
4002939,1,0.9633415000,3.8179320000,-0.0334769700,0.0008784638,-0.0245846100,0.1342484000,0.0190279400,0.9907650000,1,0.9633415000,3.8453980000,0.0336702000,-0.0019186400,-0.0259457900,0.1456321000,0.0099946610,0.9892883000,-0.0330616600,0.0008611603,-0.0245930200,0.1343235000,0.0189819800,0.9907557000,0.0000000000,
4002948,1,0.9552190000,3.7027590000,-0.0334888600,0.0008813782,-0.0246147200,0.1335609000,-0.0067291610,0.9910178000,1,0.9552190000,3.9296880000,0.0336920700,-0.0019504240,-0.0259385400,0.1404725000,0.0213775800,0.9898537000,-0.0331812300,0.0008684082,-0.0246207800,0.1335910000,-0.0066070690,0.9910145000,0.0000000000,
4002956,1,0.9552190000,3.6959690000,-0.0334985400,0.0009072113,-0.0245888500,0.1349960000,-0.0287783900,0.9904281000,1,0.9552190000,3.8871460000,0.0337055700,-0.0019766240,-0.0258814400,0.1403218000,0.0070801790,0.9900807000,-0.0328254700,0.0008783265,-0.0246017900,0.1350423000,-0.0284275400,0.9904320000,0.0000000000,
4002964,1,0.9320900000,3.6776890000,-0.0335266700,0.0009435883,-0.0246914200,0.1277466000,-0.0316162200,0.9913028000,1,0.9320900000,3.8815770000,0.0337160000,-0.0019495850,-0.0259879600,0.1385058000,-0.0128938400,0.9902777000,-0.0328754100,0.0009155579,-0.0247039800,0.1278393000,-0.0314334000,0.9912966000,0.0000000000,
4002973,1,0.9320900000,-1.0000000000,-0.0335493000,0.0011064760,-0.0250456300,0.0000000000,0.0000000000,0.0000000000,1,0.9320900000,-1.0000000000,0.0337253900,-0.0018527220,-0.0262525200,0.0000000000,0.0000000000,0.0000000000,0.0010000000,-0.0010000000,-0.0010000000,0.5773503000,-0.5773503000,-0.5773503000,0.0000000000,
4002981,1,0.8390403000,-1.0000000000,-0.0335922200,-0.0000527344,-0.0247392900,0.0000000000,0.0000000000,0.0000000000,1,0.8390403000,-1.0000000000,0.0334146400,-0.0030516820,-0.0263903800,0.0000000000,0.0000000000,0.0000000000,0.0010000000,-0.0010000000,-0.0010000000,0.5773503000,-0.5773503000,-0.5773503000,0.0000000000,
4002989,1,0.8390403000,-1.0000000000,-0.0335922200,-0.0000527344,-0.0247392900,0.0000000000,0.0000000000,0.0000000000,1,0.8390403000,-1.0000000000,0.0334146400,-0.0030516820,-0.0263903800,0.0000000000,0.0000000000,0.0000000000,0.0010000000,-0.0010000000,-0.0010000000,0.5773503000,-0.5773503000,-0.5773503000,0.0000000000,
4002998,1,0.5324097000,-1.0000000000,-0.0335922200,-0.0000527344,-0.0247392900,0.0000000000,0.0000000000,0.0000000000,1,0.5324097000,-1.0000000000,0.0334146400,-0.0030516820,-0.0263903800,0.0000000000,0.0000000000,0.0000000000,0.0010000000,-0.0010000000,-0.0010000000,0.5773503000,-0.5773503000,-0.5773503000,0.0000000000,
4003006,1,0.5324097000,-1.0000000000,-0.0335922200,-0.0000527344,-0.0247392900,0.0000000000,0.0000000000,0.0000000000,1,0.5324097000,-1.0000000000,0.0334146400,-0.0030516820,-0.0263903800,0.0000000000,0.0000000000,0.0000000000,0.0010000000,-0.0010000000,-0.0010000000,0.5773503000,-0.5773503000,-0.5773503000,0.0000000000,
4003014,1,0.3443842000,-1.0000000000,-0.0335922200,-0.0000527344,-0.0247392900,0.0000000000,0.0000000000,0.0000000000,1,0.3443842000,-1.0000000000,0.0334146400,-0.0030516820,-0.0263903800,0.0000000000,0.0000000000,0.0000000000,0.0010000000,-0.0010000000,-0.0010000000,0.5773503000,-0.5773503000,-0.5773503000,0.0000000000,
4003023,1,0.3443842000,-1.0000000000,-0.0335922200,-0.0000527344,-0.0247392900,0.0000000000,0.0000000000,0.0000000000,1,0.3443842000,-1.0000000000,0.0334146400,-0.0030516820,-0.0263903800,0.0000000000,0.0000000000,0.0000000000,0.0010000000,-0.0010000000,-0.0010000000,0.5773503000,-0.5773503000,-0.5773503000,0.0000000000,
4003031,1,0.2183980000,-1.0000000000,-0.0335922200,-0.0000527344,-0.0247392900,0.0000000000,0.0000000000,0.0000000000,1,0.2183980000,-1.0000000000,0.0334146400,-0.0030516820,-0.0263903800,0.0000000000,0.0000000000,0.0000000000,0.0010000000,-0.0010000000,-0.0010000000,0.5773503000,-0.5773503000,-0.5773503000,0.0000000000,
4003039,1,0.2183980000,-1.0000000000,-0.0343615700,-0.0016525570,-0.0253382100,0.0000000000,0.0000000000,0.0000000000,1,0.2183980000,-1.0000000000,0.0334146400,-0.0030516820,-0.0263903800,0.0000000000,0.0000000000,0.0000000000,0.0010000000,-0.0010000000,-0.0010000000,0.5773503000,-0.5773503000,-0.5773503000,0.0000000000,
4003048,1,0.2524733000,-1.0000000000,-0.0343615700,-0.0016525570,-0.0253382100,0.0000000000,0.0000000000,0.0000000000,1,0.2524733000,-1.0000000000,0.0334146400,-0.0030516820,-0.0263903800,0.0000000000,0.0000000000,0.0000000000,0.0010000000,-0.0010000000,-0.0010000000,0.5773503000,-0.5773503000,-0.5773503000,0.0000000000,
4003056,1,0.2524733000,-1.0000000000,-0.0343615700,-0.0016525570,-0.0253382100,0.0000000000,0.0000000000,0.0000000000,1,0.2524733000,-1.0000000000,0.0334146400,-0.0030516820,-0.0263903800,0.0000000000,0.0000000000,0.0000000000,0.0010000000,-0.0010000000,-0.0010000000,0.5773503000,-0.5773503000,-0.5773503000,0.0000000000,
4003064,1,0.3816655000,-1.0000000000,-0.0343615700,-0.0016525570,-0.0253382100,0.0000000000,0.0000000000,0.0000000000,1,0.3816655000,-1.0000000000,0.0334146400,-0.0030516820,-0.0263903800,0.0000000000,0.0000000000,0.0000000000,0.0010000000,-0.0010000000,-0.0010000000,0.5773503000,-0.5773503000,-0.5773503000,0.0000000000,
4003073,1,0.3816655000,-1.0000000000,-0.0327369900,0.0003188324,-0.0247235100,0.0000000000,0.0000000000,0.0000000000,1,0.3816655000,-1.0000000000,0.0336448100,-0.0028638920,-0.0260248000,0.0000000000,0.0000000000,0.0000000000,0.0010000000,-0.0010000000,-0.0010000000,0.5773503000,-0.5773503000,-0.5773503000,0.0000000000,
4003081,1,0.5092713000,-1.0000000000,-0.0336677200,0.0011802830,-0.0244272300,0.0000000000,0.0000000000,0.0000000000,1,0.5092713000,-1.0000000000,0.0330163600,-0.0034004670,-0.0262022900,0.0000000000,0.0000000000,0.0000000000,0.0010000000,-0.0010000000,-0.0010000000,0.5773503000,-0.5773503000,-0.5773503000,0.0000000000,
4003089,1,0.5092713000,-1.0000000000,-0.0334980000,0.0006533203,-0.0218187700,0.0000000000,0.0000000000,0.0000000000,1,0.5092713000,-1.0000000000,0.0339466900,-0.0018542940,-0.0254831100,0.0000000000,0.0000000000,0.0000000000,0.0010000000,-0.0010000000,-0.0010000000,0.5773503000,-0.5773503000,-0.5773503000,0.0000000000,
4003098,1,0.5664716000,-1.0000000000,-0.0335155200,0.0013203890,-0.0251618700,0.0000000000,0.0000000000,0.0000000000,1,0.5664716000,-1.0000000000,0.0337235300,-0.0022008970,-0.0245237400,0.0000000000,0.0000000000,0.0000000000,0.0010000000,-0.0010000000,-0.0010000000,0.5773503000,-0.5773503000,-0.5773503000,0.0000000000,
4003106,1,0.5664716000,-1.0000000000,-0.0334164100,0.0014003750,-0.0256595000,0.0000000000,0.0000000000,0.0000000000,1,0.5664716000,-1.0000000000,0.0338575300,-0.0017638860,-0.0262240800,0.0000000000,0.0000000000,0.0000000000,0.0010000000,-0.0010000000,-0.0010000000,0.5773503000,-0.5773503000,-0.5773503000,0.0000000000,
4003114,1,0.7263828000,-1.0000000000,-0.0333272900,0.0010511170,-0.0247778900,0.0000000000,0.0000000000,0.0000000000,1,0.7263828000,-1.0000000000,0.0339136200,-0.0018856200,-0.0260453500,0.0000000000,0.0000000000,0.0000000000,0.0010000000,-0.0010000000,-0.0010000000,0.5773503000,-0.5773503000,-0.5773503000,0.0000000000,
4003123,1,0.7263828000,-1.0000000000,-0.0332891600,0.0011039890,-0.0251306900,0.0000000000,0.0000000000,0.0000000000,1,0.7263828000,-1.0000000000,0.0339070300,-0.0019780270,-0.0259885400,0.0000000000,0.0000000000,0.0000000000,0.0010000000,-0.0010000000,-0.0010000000,0.5773503000,-0.5773503000,-0.5773503000,0.0000000000,
4003131,1,0.8288022000,3.2969060000,-0.0333288300,0.0010441590,-0.0250157600,0.1479958000,-0.0705112700,0.9864712000,1,0.8288022000,3.6620640000,0.0338744800,-0.0020649720,-0.0258172300,0.1638953000,-0.0327149700,0.9859351000,0.0338521000,-0.0020639340,-0.0258169700,0.1638953000,-0.0327149700,0.9859351000,0.0000000000,
4003139,1,0.8288022000,3.5677640000,-0.0333548400,0.0009425049,-0.0248618500,0.1397576000,-0.0505837300,0.9888929000,1,0.8288022000,3.6735990000,0.0338700000,-0.0021436610,-0.0256852100,0.1541453000,-0.0352785600,0.9874182000,0.0338528200,-0.0021428680,-0.0256850000,0.1541453000,-0.0352785600,0.9874182000,0.0000000000,
4003148,1,0.8852669000,3.4686580000,-0.0333573800,0.0007442475,-0.0244376400,0.1361704000,-0.0657353500,0.9885021000,1,0.8852669000,3.7743380000,0.0338791800,-0.0021941380,-0.0257088300,0.1456929000,-0.0143739700,0.9892254000,0.0338717400,-0.0021938170,-0.0257087000,0.1456929000,-0.0143892300,0.9892253000,0.0000000000,
4003156,1,0.8852669000,3.6978150000,-0.0333778300,0.0006588288,-0.0242506900,0.1212925000,-0.0388795200,0.9918551000,1,0.8852669000,3.8627010000,0.0338629300,-0.0022182310,-0.0257230100,0.1411137000,-0.0280304800,0.9895965000,0.0338615700,-0.0022181700,-0.0257229800,0.1411137000,-0.0280304800,0.9895965000,0.0000000000,
4003164,1,0.9160522000,3.8177640000,-0.0334051700,0.0005768585,-0.0241945800,0.1254278000,-0.0240784800,0.9918105000,1,0.9160522000,3.8946840000,0.0338546400,-0.0022830200,-0.0257014500,0.1389478000,-0.0203554000,0.9900905000,0.0338545100,-0.0022830200,-0.0257014500,0.1389478000,-0.0203554000,0.9900905000,0.0000000000,
4003173,1,0.9160522000,3.8489990000,-0.0334122600,0.0005709687,-0.0243155700,0.1262211000,-0.0231171400,0.9917328000,1,0.9160522000,3.8567660000,0.0338517000,-0.0023339840,-0.0256349800,0.1383533000,-0.0189516600,0.9902016000,0.0328242800,-0.0022896120,-0.0256148200,0.1381693000,-0.0190125900,0.9902261000,0.0000000000,
4003181,1,0.9421507000,3.7931210000,-0.0334138200,0.0005488739,-0.0242724500,0.1235820000,-0.0296633400,0.9918909000,1,0.9421507000,3.8000950000,0.0338336200,-0.0023785400,-0.0256012100,0.1278245000,-0.0161134800,0.9916659000,0.0337940400,-0.0023768160,-0.0256004400,0.1278245000,-0.0161287400,0.9916657000,0.0000000000,
4003189,1,0.9421507000,3.8457640000,-0.0334466100,0.0004877167,-0.0242034800,0.1175393000,-0.0241395800,0.9927748000,1,0.9421507000,3.7571870000,0.0338102600,-0.0023627170,-0.0257307900,0.1279911000,-0.0204468300,0.9915646000,0.0337186800,-0.0023588410,-0.0257287200,0.1279760000,-0.0204468700,0.9915664000,0.0000000000,
4003198,1,0.9619307000,3.8187710000,-0.0334415900,0.0005572052,-0.0244834300,0.1096349000,-0.0278779400,0.9935809000,1,0.9619307000,3.8555910000,0.0337867600,-0.0023215490,-0.0259063600,0.1209728000,-0.0165864600,0.9925172000,0.0336566500,-0.0023159790,-0.0259036000,0.1209427000,-0.0166017700,0.9925206000,0.0000000000,
4003206,1,0.9619307000,3.8260650000,-0.0334529100,0.0005362244,-0.0244344800,0.1046919000,-0.0286258600,0.9940926000,1,0.9619307000,3.8673710000,0.0337684900,-0.0023423610,-0.0258654200,0.1197054000,-0.0118408400,0.9927388000,0.0324492000,-0.0022858740,-0.0258373400,0.1194005000,-0.0121613100,0.9927716000,0.0000000000,
4003214,1,0.9623174000,3.7993010000,-0.0334738500,0.0005411225,-0.0244321600,0.1059422000,-0.0285798300,0.9939615000,1,0.9623174000,3.9218140000,0.0337572000,-0.0024130400,-0.0256877200,0.1208810000,-0.0182343800,0.9924995000,0.0268486600,-0.0021094670,-0.0255587000,0.1193547000,-0.0192871800,0.9926643000,0.0000000000,
4003223,1,0.9623174000,3.7330320000,-0.0334925100,0.0005232544,-0.0243781500,0.1091923000,-0.0392915200,0.9932438000,1,0.9623174000,3.9020080000,0.0337462200,-0.0024459530,-0.0255717000,0.1162581000,-0.0143739500,0.9931151000,0.0083027350,-0.0013223880,-0.0251200600,0.1135867000,-0.0238037700,0.9932429000,0.0000000000,
4003231,1,0.9816842000,3.8057400000,-0.0335179800,0.0004932556,-0.0242062200,0.1066289000,-0.0311891100,0.9938096000,1,0.9816842000,3.8939670000,0.0337365000,-0.0024520270,-0.0255441300,0.1116650000,-0.0177766800,0.9935869000,0.0016211090,-0.0010455780,-0.0249052600,0.1092687000,-0.0241852900,0.9937180000,0.0000000000,
4003239,1,0.9816842000,3.8214110000,-0.0335375200,0.0004785156,-0.0241666100,0.1013807000,-0.0209963600,0.9946261000,1,0.9816842000,3.8592680000,0.0336983500,-0.0024398500,-0.0255181400,0.1003426000,-0.0152741800,0.9948357000,-0.0009494019,-0.0009359589,-0.0248216700,0.1008770000,-0.0182192100,0.9947321000,0.0000000000,
4003248,1,0.9824108000,3.8213960000,-0.0335892000,0.0005124817,-0.0241377000,0.0941932900,-0.0166017000,0.9954154000,1,0.9824108000,3.8507690000,0.0336796400,-0.0024312130,-0.0254944300,0.0998999100,-0.0251008600,0.9946808000,-0.0038963010,-0.0007868806,-0.0247365700,0.0967104400,-0.0203552700,0.9951044000,0.0000000000,
4003256,1,0.9824108000,3.8591310000,-0.0336154000,0.0005170136,-0.0241540400,0.0964814300,-0.0024108910,0.9953319000,1,0.9824108000,3.8686070000,0.0336643800,-0.0024020230,-0.0255288700,0.0955969100,-0.0160218300,0.9952912000,-0.0030253150,-0.0008101807,-0.0247791300,0.0960850900,-0.0086060010,0.9953359000,0.0000000000,
4003264,1,0.9883307000,3.8011470000,-0.0336392500,0.0005631409,-0.0241987600,0.0937654300,-0.0136719000,0.9955004000,1,0.9883307000,3.8940280000,0.0336436500,-0.0024048310,-0.0254663600,0.0931097400,-0.0144501700,0.9955510000,-0.0055660100,-0.0006752015,-0.0247276600,0.0934913400,-0.0139924200,0.9955217000,0.0000000000,
4003273,1,0.9883307000,3.7661590000,-0.0336557300,0.0005796662,-0.0242076700,0.0891431500,-0.0020447080,0.9960167000,1,0.9883307000,3.8347780000,0.0336090900,-0.0024088290,-0.0253794600,0.0935670400,-0.0139313000,0.9955155000,-0.0063597110,-0.0006330567,-0.0246831800,0.0909436000,-0.0068665470,0.9958324000,0.0000000000,
4003281,1,1.0000000000,3.8255460000,-0.0336216000,0.0006107483,-0.0242395300,0.0916905400,-0.0042572240,0.9957785000,1,1.0000000000,3.8154910000,0.0336366400,-0.0023863070,-0.0254521500,0.0899204700,-0.0060425090,0.9959306000,0.0008691712,-0.0009261628,-0.0248613700,0.0907904400,-0.0051727660,0.9958566000,0.0000000000,
4003289,1,1.0000000000,3.7376560000,-0.0334926000,0.0006372223,-0.0243561900,0.1143038000,-0.0168152200,0.9933035000,1,1.0000000000,3.8174290000,0.0337541400,-0.0023744810,-0.0255445900,0.1262682000,-0.0178835500,0.9918349000,0.0114732200,-0.0013766020,-0.0251508300,0.1223009000,-0.0175173300,0.9923385000,0.0000000000,
4003298,1,1.0000000000,3.7432860000,-0.0334065300,0.0006552582,-0.0243997400,0.1341865000,-0.0205384400,0.9907432000,1,1.0000000000,3.8346250000,0.0338033600,-0.0023280340,-0.0257129200,0.1468359000,-0.0229187900,0.9888953000,0.0087849130,-0.0012175140,-0.0252240900,0.1421219000,-0.0220339200,0.9896039000,0.0000000000,
4003306,1,1.0000000000,3.8246920000,-0.0334026800,0.0006816864,-0.0243928200,0.1217365000,-0.0187380800,0.9923856000,1,1.0000000000,3.8186340000,0.0337899200,-0.0023380590,-0.0256599400,0.1231241000,-0.0172730800,0.9922410000,0.0061947940,-0.0010978850,-0.0251395400,0.1225593000,-0.0178681500,0.9923003000,0.0000000000,
4003314,1,0.9909307000,3.7806700000,-0.0334284500,0.0007003632,-0.0244022200,0.1149765000,-0.0103303400,0.9933145000,1,0.9909307000,3.7682340000,0.0337669800,-0.0023489080,-0.0255827800,0.1198140000,-0.0154116300,0.9926767000,0.0111555200,-0.0013228150,-0.0251855200,0.1181953000,-0.0137024800,0.9928958000,0.0000000000,
4003323,1,0.9909307000,3.8509370000,-0.0334620800,0.0006889191,-0.0243562800,0.1168071000,-0.0091553600,0.9931124000,1,0.9909307000,3.7785190000,0.0337533700,-0.0023129880,-0.0256454000,0.1216585000,-0.0165863300,0.9924334000,0.0066651610,-0.0011031950,-0.0251258700,0.1197064000,-0.0135957200,0.9927163000,0.0000000000,
4003331,1,0.9909316000,3.8058010000,-0.0334711500,0.0006936341,-0.0243704400,0.1155564000,-0.0078736470,0.9932697000,1,0.9909316000,3.8305050000,0.0337458400,-0.0022910610,-0.0257103700,0.1169138000,0.0003509551,0.9931420000,-0.0035011290,-0.0006371308,-0.0249678700,0.1161665000,-0.0041962140,0.9932209000,0.0000000000,
4003339,1,0.9909316000,3.8506470000,-0.0334802100,0.0006983490,-0.0243845800,0.1144881000,-0.0061798870,0.9934054000,1,0.9909316000,3.8226320000,0.0337376100,-0.0022919310,-0.0256971000,0.1168229000,-0.0032654260,0.9931474000,-0.0131337000,-0.0002067719,-0.0247818800,0.1151901000,-0.0053101260,0.9933293000,0.0000000000,
4003348,1,0.9904130000,3.8054350000,-0.0334873100,0.0007031250,-0.0243914200,0.1149765000,-0.0067597340,0.9933453000,1,0.9904130000,3.8213810000,0.0337293900,-0.0022928010,-0.0256838200,0.1167465000,-0.0008850209,0.9931614000,-0.0165044700,-0.0000538178,-0.0247179600,0.1154345000,-0.0052796200,0.9933010000,0.0000000000,
4003356,1,0.9904130000,3.7610170000,-0.0334944200,0.0006983490,-0.0243845800,0.1154640000,-0.0062103650,0.9932922000,1,0.9904130000,3.8083650000,0.0336811400,-0.0023066560,-0.0255677700,0.1062175000,-0.0069275620,0.9943188000,-0.0134540900,-0.0001981049,-0.0247375600,0.1127016000,-0.0064239600,0.9936081000,0.0000000000,
4003364,1,1.0000000000,3.7521210000,-0.0334993300,0.0006936341,-0.0243704400,0.1161197000,-0.0038299670,0.9932278000,1,1.0000000000,3.8661190000,0.0336700500,-0.0023048400,-0.0255367000,0.1100479000,-0.0015259000,0.9939252000,-0.0131917900,-0.0002128906,-0.0247230400,0.1142888000,-0.0031280640,0.9934427000,0.0000000000,
4003372,1,1.0000000000,3.7635960000,-0.0335042400,0.0006889191,-0.0243562800,0.1168217000,-0.0014038130,0.9931520000,1,1.0000000000,3.6545260000,0.0336460000,-0.0023371740,-0.0254002100,0.0968784600,0.0037231600,0.9952893000,-0.0187609700,0.0000245209,-0.0245854800,0.1124427000,-0.0002746598,0.9936581000,0.0000000000,
4003381,1,1.0000000000,3.7469790000,-0.0336169000,0.0004714508,-0.0237141000,0.1134963000,0.0196535600,0.9933441000,1,1.0000000000,3.6943660000,0.0336209300,-0.0023409580,-0.0253727100,0.1048593000,0.0059509770,0.9944692000,0.0122608200,-0.0014475100,-0.0248458100,0.1076066000,0.0102998400,0.9941402000,0.0000000000,
4003389,1,1.0000000000,3.8349460000,-0.0336408100,0.0004568177,-0.0236163600,0.1044630000,0.0261996700,0.9941836000,1,1.0000000000,3.7094270000,0.0336003300,-0.0023669590,-0.0252636900,0.1096815000,0.0048981330,0.9939547000,0.0312761300,-0.0022693630,-0.0252067600,0.1094986000,0.0056305700,0.9939710000,0.0000000000,
4003397,1,1.0000000000,3.7453610000,-0.0336573800,0.0004782868,-0.0236557200,0.1124585000,0.0249789000,0.9933424000,1,1.0000000000,3.7123870000,0.0335745700,-0.0023609620,-0.0252267800,0.1151597000,0.0017547850,0.9933454000,0.0328794000,-0.0023316040,-0.0252105400,0.1151277000,0.0019989040,0.9933487000,0.0000000000,
4003406,1,1.0000000000,3.7341310000,-0.0336786500,0.0004812775,-0.0236442700,0.1084149000,0.0252230600,0.9937857000,1,1.0000000000,3.7440340000,0.0335546300,-0.0023113860,-0.0253405200,0.1106725000,0.0015869220,0.9938557000,0.0333761900,-0.0023039710,-0.0253360100,0.1106725000,0.0016479570,0.9938555000,0.0000000000,
4003414,1,1.0000000000,3.7521970000,-0.0336853300,0.0004866638,-0.0236604500,0.1049507000,0.0256044300,0.9941477000,1,1.0000000000,3.6841430000,0.0335374600,-0.0022950140,-0.0253860800,0.1059119000,0.0000000000,0.9943755000,0.0334779700,-0.0022925420,-0.0253845500,0.1059119000,0.0000305178,0.9943755000,0.0000000000,
4003422,1,1.0000000000,3.7335660000,-0.0336920300,0.0004920502,-0.0236766100,0.1076826000,0.0259097400,0.9938477000,1,1.0000000000,3.6868590000,0.0335287900,-0.0022847290,-0.0254310200,0.1056223000,0.0050812210,0.9943933000,0.0334903000,-0.0022831420,-0.0254300100,0.1056222000,0.0050964790,0.9943932000,0.0000000000,
4003431,1,1.0000000000,3.7516780000,-0.0336954800,0.0004951020,-0.0236901400,0.1071021000,0.0261995100,0.9939027000,1,1.0000000000,3.7062680000,0.0335258400,-0.0022861480,-0.0254385400,0.1054092000,0.0054474650,0.9944140000,0.0334490400,-0.0022829740,-0.0254365400,0.1054243000,0.0054627140,0.9944124000,0.0000000000,
4003439,1,1.0000000000,3.7459720000,-0.0336989500,0.0004981537,-0.0237036900,0.1064773000,0.0261386700,0.9939715000,1,1.0000000000,3.6865540000,0.0335228900,-0.0022875670,-0.0254310200,0.1055620000,0.0048676320,0.9944008000,0.0329331800,-0.0022631380,-0.0254158600,0.1055770000,0.0050659860,0.9943982000,0.0000000000,
4003447,1,1.0000000000,3.7392120000,-0.0336992000,0.0004951020,-0.0237001200,0.1046917000,0.0259402200,0.9941664000,1,1.0000000000,3.6840360000,0.0335200100,-0.0023044590,-0.0253958000,0.1062944000,0.0046082260,0.9943240000,0.0244020400,-0.0019247130,-0.0251657900,0.1060797000,0.0075073660,0.9943293000,0.0000000000,
4003456,1,1.0000000000,3.7451170000,-0.0336994600,0.0004981537,-0.0237036900,0.1029514000,0.0249787200,0.9943727000,1,1.0000000000,3.6886440000,0.0335171400,-0.0023213500,-0.0253606000,0.1070267000,0.0044251120,0.9942463000,-0.0084420480,-0.0005613099,-0.0243262900,0.1044929000,0.0172578000,0.9943759000,0.0000000000,
4003464,1,1.0000000000,3.7527310000,-0.0337038100,0.0005355530,-0.0238496600,0.1008157000,0.0249636000,0.9945919000,1,1.0000000000,3.6983950000,0.0335154900,-0.0023295440,-0.0253544900,0.1032573000,0.0055847740,0.9946390000,-0.0048775030,-0.0006931000,-0.0244950000,0.1018691000,0.0166628300,0.9946583000,0.0000000000,
4003472,1,1.0000000000,3.7605740000,-0.0337081800,0.0005720673,-0.0239919900,0.0986944700,0.0250245700,0.9948031000,1,1.0000000000,3.7032170000,0.0335138600,-0.0023377380,-0.0253484000,0.0994878600,0.0067444220,0.9950159000,0.0119032500,-0.0014022830,-0.0249123400,0.0992283800,0.0126190800,0.9949847000,0.0000000000,
4003481,1,1.0000000000,3.7639470000,-0.0337125700,0.0005666657,-0.0239782300,0.0973520700,0.0234072200,0.9949747000,1,1.0000000000,3.6961360000,0.0335123600,-0.0023410650,-0.0253461000,0.0988317000,0.0074005510,0.9950767000,0.0242213900,-0.0019391940,-0.0251570600,0.0986334100,0.0096130950,0.9950774000,0.0000000000,
4003489,1,1.0000000000,3.7669980000,-0.0337169700,0.0005612641,-0.0239644600,0.0960091500,0.0218202600,0.9951413000,1,1.0000000000,3.7033230000,0.0335108800,-0.0023443910,-0.0253442100,0.0981908000,0.0077515030,0.9951375000,0.0273637300,-0.0020787050,-0.0252180500,0.0979932800,0.0090333270,0.9951461000,0.0000000000,
4003497,1,1.0000000000,3.7714080000,-0.0337171000,0.0005297089,-0.0238388200,0.0957957700,0.0212404800,0.9951743000,1,1.0000000000,3.6384120000,0.0334985100,-0.0023451690,-0.0253606600,0.0916757100,0.0064697900,0.9957679000,0.0255870700,-0.0020067900,-0.0251815400,0.0921642900,0.0082093360,0.9957100000,0.0000000000,
4003506,1,1.0000000000,3.7732090000,-0.0337172400,0.0004981537,-0.0237146300,0.0955973600,0.0207216600,0.9952044000,1,1.0000000000,3.7317200000,0.0335075900,-0.0023132170,-0.0254728300,0.0862432000,0.0065765780,0.9962524000,0.0240661600,-0.0019183810,-0.0252258900,0.0875561500,0.0085602990,0.9961228000,0.0000000000,
4003514,1,1.0000000000,3.6961210000,-0.0337397900,0.0004876404,-0.0237599000,0.0919201300,0.0256808700,0.9954352000,1,1.0000000000,3.6305240000,0.0335146500,-0.0022786410,-0.0255647300,0.0854962600,0.0014648660,0.9963374000,0.0189985500,-0.0016815800,-0.0251751700,0.0868844700,0.0066986800,0.9961959000,0.0000000000,
4003522,1,1.0000000000,3.6424870000,-0.0337300700,0.0007116700,-0.0242202200,0.0857702900,0.0004577671,0.9963149000,1,1.0000000000,3.6254580000,0.0335275400,-0.0022397160,-0.0257105400,0.0921941000,0.0129700400,0.9956566000,0.0175617500,-0.0015390930,-0.0253567700,0.0906688000,0.0099946260,0.9958310000,0.0000000000,
4003531,1,0.9978626000,3.3750000000,-0.0337277400,0.0008048859,-0.0244995000,0.0974429500,-0.0245819900,0.9949375000,1,0.9978626000,3.7692410000,0.0335505800,-0.0022432710,-0.0256930900,0.0896160200,0.0086671030,0.9959387000,0.0233280800,-0.0017801210,-0.0255117200,0.0908061900,0.0036163780,0.9958620000,0.0000000000,
4003539,1,0.9978626000,3.4650420000,-0.0337200800,0.0008792878,-0.0245645300,0.0944829400,-0.0445864300,0.9945275000,1,0.9978626000,-1.0000000000,0.0335786200,-0.0021398320,-0.0259607700,0.0000000000,0.0000000000,0.0000000000,-0.0337200800,0.0008792878,-0.0245645300,0.0944829400,-0.0445864300,0.9945275000,0.0000000000,
4003547,1,0.8882011000,-1.0000000000,-0.0337084000,0.0010845640,-0.0250512000,0.0000000000,0.0000000000,0.0000000000,1,0.8882011000,-1.0000000000,0.0335764800,-0.0019298710,-0.0264908800,0.0000000000,0.0000000000,0.0000000000,0.0010000000,-0.0010000000,-0.0010000000,0.5773503000,-0.5773503000,-0.5773503000,0.0000000000,
4003556,1,0.8882011000,-1.0000000000,-0.0336396800,0.0010789180,-0.0245427400,0.0000000000,0.0000000000,0.0000000000,1,0.8882011000,-1.0000000000,0.0323659200,-0.0035455020,-0.0257274000,0.0000000000,0.0000000000,0.0000000000,0.0010000000,-0.0010000000,-0.0010000000,0.5773503000,-0.5773503000,-0.5773503000,0.0000000000,
4003564,1,0.7477393000,-1.0000000000,-0.0336396800,0.0010789180,-0.0245427400,0.0000000000,0.0000000000,0.0000000000,1,0.7477393000,-1.0000000000,0.0323659200,-0.0035455020,-0.0257274000,0.0000000000,0.0000000000,0.0000000000,0.0010000000,-0.0010000000,-0.0010000000,0.5773503000,-0.5773503000,-0.5773503000,0.0000000000,
4003572,1,0.7477393000,-1.0000000000,-0.0336396800,0.0010789180,-0.0245427400,0.0000000000,0.0000000000,0.0000000000,1,0.7477393000,-1.0000000000,0.0323659200,-0.0035455020,-0.0257274000,0.0000000000,0.0000000000,0.0000000000,0.0010000000,-0.0010000000,-0.0010000000,0.5773503000,-0.5773503000,-0.5773503000,0.0000000000,
4003581,1,0.4778986000,-1.0000000000,-0.0336396800,0.0010789180,-0.0245427400,0.0000000000,0.0000000000,0.0000000000,1,0.4778986000,-1.0000000000,0.0323659200,-0.0035455020,-0.0257274000,0.0000000000,0.0000000000,0.0000000000,0.0010000000,-0.0010000000,-0.0010000000,0.5773503000,-0.5773503000,-0.5773503000,0.0000000000,
4003589,1,0.4778986000,-1.0000000000,-0.0336396800,0.0010789180,-0.0245427400,0.0000000000,0.0000000000,0.0000000000,1,0.4778986000,-1.0000000000,0.0323659200,-0.0035455020,-0.0257274000,0.0000000000,0.0000000000,0.0000000000,0.0010000000,-0.0010000000,-0.0010000000,0.5773503000,-0.5773503000,-0.5773503000,0.0000000000,
4003597,1,0.3423682000,-1.0000000000,-0.0336396800,0.0010789180,-0.0245427400,0.0000000000,0.0000000000,0.0000000000,1,0.3423682000,-1.0000000000,0.0323659200,-0.0035455020,-0.0257274000,0.0000000000,0.0000000000,0.0000000000,0.0010000000,-0.0010000000,-0.0010000000,0.5773503000,-0.5773503000,-0.5773503000,0.0000000000,
4003606,1,0.3423682000,-1.0000000000,-0.0337442900,0.0017557530,-0.0241836100,0.0000000000,0.0000000000,0.0000000000,1,0.3423682000,-1.0000000000,0.0323659200,-0.0035455020,-0.0257274000,0.0000000000,0.0000000000,0.0000000000,0.0010000000,-0.0010000000,-0.0010000000,0.5773503000,-0.5773503000,-0.5773503000,0.0000000000,
4003614,1,0.2626856000,-1.0000000000,-0.0336234300,-0.0020923770,-0.0249519100,0.0000000000,0.0000000000,0.0000000000,1,0.2626856000,-1.0000000000,0.0323659200,-0.0035455020,-0.0257274000,0.0000000000,0.0000000000,0.0000000000,0.0010000000,-0.0010000000,-0.0010000000,0.5773503000,-0.5773503000,-0.5773503000,0.0000000000,
4003622,1,0.2626856000,-1.0000000000,-0.0339224600,-0.0014668270,-0.0245876300,0.0000000000,0.0000000000,0.0000000000,1,0.2626856000,-1.0000000000,0.0323659200,-0.0035455020,-0.0257274000,0.0000000000,0.0000000000,0.0000000000,0.0010000000,-0.0010000000,-0.0010000000,0.5773503000,-0.5773503000,-0.5773503000,0.0000000000,
4003631,1,0.2923751000,-1.0000000000,-0.0339224600,-0.0014668270,-0.0245876300,0.0000000000,0.0000000000,0.0000000000,1,0.2923751000,-1.0000000000,0.0323659200,-0.0035455020,-0.0257274000,0.0000000000,0.0000000000,0.0000000000,0.0010000000,-0.0010000000,-0.0010000000,0.5773503000,-0.5773503000,-0.5773503000,0.0000000000,
4003639,1,0.2923751000,-1.0000000000,-0.0339224600,-0.0014668270,-0.0245876300,0.0000000000,0.0000000000,0.0000000000,1,0.2923751000,-1.0000000000,0.0316158300,-0.0041848760,-0.0261031100,0.0000000000,0.0000000000,0.0000000000,0.0010000000,-0.0010000000,-0.0010000000,0.5773503000,-0.5773503000,-0.5773503000,0.0000000000,
4003647,1,0.3813235000,-1.0000000000,-0.0339224600,-0.0014668270,-0.0245876300,0.0000000000,0.0000000000,0.0000000000,1,0.3813235000,-1.0000000000,0.0316158300,-0.0041848760,-0.0261031100,0.0000000000,0.0000000000,0.0000000000,0.0010000000,-0.0010000000,-0.0010000000,0.5773503000,-0.5773503000,-0.5773503000,0.0000000000,
4003656,1,0.3813235000,-1.0000000000,-0.0340719000,-0.0004353943,-0.0243333900,0.0000000000,0.0000000000,0.0000000000,1,0.3813235000,-1.0000000000,0.0316158300,-0.0041848760,-0.0261031100,0.0000000000,0.0000000000,0.0000000000,0.0010000000,-0.0010000000,-0.0010000000,0.5773503000,-0.5773503000,-0.5773503000,0.0000000000,
4003664,1,0.5305049000,-1.0000000000,-0.0337946800,0.0012666780,-0.0251838400,0.0000000000,0.0000000000,0.0000000000,1,0.5305049000,-1.0000000000,0.0333461900,-0.0031337280,-0.0257587100,0.0000000000,0.0000000000,0.0000000000,0.0010000000,-0.0010000000,-0.0010000000,0.5773503000,-0.5773503000,-0.5773503000,0.0000000000,
4003672,1,0.5305049000,-1.0000000000,-0.0338357700,0.0014222720,-0.0257997000,0.0000000000,0.0000000000,0.0000000000,1,0.5305049000,-1.0000000000,0.0341942000,-0.0041624910,-0.0187762800,0.0000000000,0.0000000000,0.0000000000,0.0010000000,-0.0010000000,-0.0010000000,0.5773503000,-0.5773503000,-0.5773503000,0.0000000000,
4003681,1,0.6713030000,-1.0000000000,-0.0337100100,0.0011229250,-0.0249751800,0.0000000000,0.0000000000,0.0000000000,1,0.6713030000,-1.0000000000,0.0335189500,-0.0020532230,-0.0253901500,0.0000000000,0.0000000000,0.0000000000,0.0010000000,-0.0010000000,-0.0010000000,0.5773503000,-0.5773503000,-0.5773503000,0.0000000000,
4003689,1,0.6713030000,-1.0000000000,-0.0337648800,0.0013166200,-0.0258499200,0.0000000000,0.0000000000,0.0000000000,1,0.6713030000,-1.0000000000,0.0334962800,-0.0019656980,-0.0259249900,0.0000000000,0.0000000000,0.0000000000,0.0010000000,-0.0010000000,-0.0010000000,0.5773503000,-0.5773503000,-0.5773503000,0.0000000000,
4003697,1,0.7933818000,-1.0000000000,-0.0336810500,0.0011174010,-0.0251228300,0.0000000000,0.0000000000,0.0000000000,1,0.7933818000,-1.0000000000,0.0335013100,-0.0019758000,-0.0260250400,0.0000000000,0.0000000000,0.0000000000,0.0010000000,-0.0010000000,-0.0010000000,0.5773503000,-0.5773503000,-0.5773503000,0.0000000000,
4003706,1,0.7933818000,-1.0000000000,-0.0336533100,0.0009893189,-0.0248338600,0.0000000000,0.0000000000,0.0000000000,1,0.7933818000,-1.0000000000,0.0335053700,-0.0021227570,-0.0257400400,0.0000000000,0.0000000000,0.0000000000,0.0010000000,-0.0010000000,-0.0010000000,0.5773503000,-0.5773503000,-0.5773503000,0.0000000000,
4003714,1,0.8777581000,3.3203430000,-0.0336757200,0.0008646546,-0.0245390000,0.0793006600,-0.0135194100,0.9967591000,1,0.8777581000,3.4512790000,0.0335101000,-0.0020673370,-0.0260132800,0.0905467800,-0.0182650000,0.9957247000,-0.0336757200,0.0008646546,-0.0245390000,0.0793006600,-0.0135194100,0.9967591000,0.0000000000,
4003722,1,0.8777581000,3.3710330000,-0.0336687900,0.0008353424,-0.0244979700,0.0822458200,-0.0082093230,0.9965782000,1,0.8777581000,3.5066220000,0.0335252400,-0.0021530000,-0.0258397500,0.0912784100,-0.0157623900,0.9957007000,-0.0336687900,0.0008353424,-0.0244979700,0.0822458200,-0.0082093230,0.9965782000,0.0000000000,
4003731,1,0.9247306000,3.3140110000,-0.0336540900,0.0008269501,-0.0245010100,0.0833743900,-0.0040283380,0.9965101000,1,0.9247306000,3.3849330000,0.0335344100,-0.0022231900,-0.0257158700,0.0837564700,-0.0077210380,0.9964563000,-0.0336540900,0.0008269501,-0.0245010100,0.0833743900,-0.0040283380,0.9965101000,0.0000000000,
4003739,1,0.9247306000,3.3310700000,-0.0336257300,0.0007772523,-0.0244592300,0.0840463600,0.0034027490,0.9964560000,1,0.9247306000,3.4864350000,0.0335438300,-0.0023021700,-0.0255333300,0.0891877000,0.0048217820,0.9960032000,-0.0336257300,0.0007772523,-0.0244592300,0.0840463600,0.0034027490,0.9964560000,0.0000000000,
4003747,1,0.9471664000,3.4787290000,-0.0336400300,0.0007892456,-0.0244823800,0.0862738600,-0.0020294350,0.9962694000,1,0.9471664000,3.4310300000,0.0335587000,-0.0023368990,-0.0255008400,0.0886542500,0.0066223660,0.9960404000,-0.0336400300,0.0007892456,-0.0244823800,0.0862738600,-0.0020294350,0.9962694000,0.0000000000,
4003756,1,0.9471664000,3.5067900000,-0.0336442900,0.0004989319,-0.0238010300,0.0965579600,0.0249787300,0.9950139000,1,0.9471664000,3.4892270000,0.0335776200,-0.0023696290,-0.0254186400,0.0875244600,0.0037536640,0.9961553000,0.0334321100,-0.0023634190,-0.0254151300,0.0875409200,0.0037994920,0.9961537000,0.0000000000,
4003764,1,0.9811600000,3.4980620000,-0.0336488000,0.0004145203,-0.0235321200,0.1008304000,0.0263062400,0.9945558000,1,0.9811600000,3.3774410000,0.0336007000,-0.0023641820,-0.0255227400,0.0865328400,0.0095367700,0.9962034000,0.0335683900,-0.0023628390,-0.0255217800,0.0865328200,0.0095520280,0.9962032000,0.0000000000,
4003772,1,0.9811600000,3.4014590000,-0.0336326800,0.0003930207,-0.0235113800,0.0938876200,0.0201111500,0.9953797000,1,0.9811600000,3.4736630000,0.0336075300,-0.0023906710,-0.0254545500,0.0819859300,0.0005340606,0.9966334000,0.0335737500,-0.0023892670,-0.0254535700,0.0820010800,0.0005340599,0.9966321000,0.0000000000,
4003781,1,1.0000000000,3.4016880000,-0.0336050700,0.0005718537,-0.0240498100,0.1009994000,0.0122072100,0.9948116000,1,1.0000000000,3.4271700000,0.0336187400,-0.0023967740,-0.0254512700,0.0851907200,0.0079193950,0.9963332000,0.0335770700,-0.0023949430,-0.0254504000,0.0852058700,0.0079193850,0.9963319000,0.0000000000,
4003789,1,1.0000000000,3.4307710000,-0.0335966300,0.0003945770,-0.0236045800,0.1079566000,0.0283967800,0.9937499000,1,1.0000000000,3.5076750000,0.0336375500,-0.0024361570,-0.0253340900,0.0879062300,0.0010833780,0.9961282000,0.0335960900,-0.0024344020,-0.0253330200,0.0879213700,0.0010986360,0.9961268000,0.0000000000,
4003797,1,1.0000000000,3.3918910000,-0.0335874500,0.0003960266,-0.0236108600,0.1021731000,0.0311127300,0.9942800000,1,1.0000000000,3.4629970000,0.0336434500,-0.0024300390,-0.0253598700,0.0902108000,0.0023346170,0.9959199000,0.0336345400,-0.0024296720,-0.0253596400,0.0902108000,0.0023346170,0.9959199000,0.0000000000,
4003806,1,1.0000000000,3.3820950000,-0.0335812400,0.0003965149,-0.0236121800,0.1048128000,0.0252075500,0.9941725000,1,1.0000000000,3.4183350000,0.0336493600,-0.0024239350,-0.0253856200,0.0905764500,0.0035247910,0.9958833000,0.0336405000,-0.0024235690,-0.0253853900,0.0905764500,0.0035400500,0.9958832000,0.0000000000,
4003814,1,1.0000000000,3.3890380000,-0.0335750300,0.0003970184,-0.0236135000,0.1074683000,0.0206452700,0.9939941000,1,1.0000000000,3.4084630000,0.0336506800,-0.0024185940,-0.0254292300,0.0898901200,0.0061798510,0.9959325000,0.0336154800,-0.0024171300,-0.0254282900,0.0899052500,0.0061798420,0.9959311000,0.0000000000,
4003822,1,1.0000000000,3.3885350000,-0.0335659800,0.0004072571,-0.0236321000,0.1047376000,0.0218661100,0.9942595000,1,1.0000000000,3.4121550000,0.0336519900,-0.0024239350,-0.0254133800,0.0896925200,0.0075379560,0.9959410000,0.0332507600,-0.0024070280,-0.0254027400,0.0897832800,0.0076141840,0.9959322000,0.0000000000,
4003831,1,1.0000000000,3.3903050000,-0.0335569300,0.0003996582,-0.0236135000,0.1038371000,0.0247042200,0.9942875000,1,1.0000000000,3.4157870000,0.0336547700,-0.0024270480,-0.0253996000,0.0893104800,0.0068207390,0.9959804000,0.0233355600,-0.0019930570,-0.0251253700,0.0915386500,0.0095673840,0.9957556000,0.0000000000,
4003839,1,1.0000000000,3.3906400000,-0.0335550200,0.0003983307,-0.0236121800,0.1043410000,0.0260623700,0.9942001000,1,1.0000000000,3.3937680000,0.0336547900,-0.0024451450,-0.0253306900,0.0940096200,0.0151977900,0.9954553000,0.0136209700,-0.0015975650,-0.0248184400,0.0970919500,0.0184326700,0.9951047000,0.0000000000,
4003847,1,1.0000000000,3.3910830000,-0.0335531300,0.0003970184,-0.0236108600,0.1048447000,0.0274662200,0.9941093000,1,1.0000000000,3.4136960000,0.0336493700,-0.0024545440,-0.0252797100,0.0970766900,0.0138092400,0.9951811000,0.0130079500,-0.0015786740,-0.0247671200,0.0994573800,0.0180054800,0.9948789000,0.0000000000,
4003856,1,1.0000000000,3.4107670000,-0.0335509700,0.0003965149,-0.0236021000,0.1040047000,0.0275881000,0.9941941000,1,1.0000000000,3.4151150000,0.0336273300,-0.0026081850,-0.0248101200,0.1031954000,0.0205841500,0.9944481000,-0.0138217900,-0.0004859009,-0.0239568800,0.1037610000,0.0255282600,0.9942746000,0.0000000000,
4003864,1,1.0000000000,3.4296110000,-0.0335488100,0.0003960266,-0.0235933400,0.1038368000,0.0276949000,0.9942087000,1,1.0000000000,3.4173130000,0.0336106100,-0.0027588350,-0.0243405300,0.1083682000,0.0245667100,0.9938073000,-0.0334709200,0.0003923645,-0.0235942100,0.1038368000,0.0276949000,0.9942087000,0.0000000000,
4003872,1,1.0000000000,3.4309230000,-0.0335477800,0.0003946533,-0.0235757200,0.1037141000,0.0283508700,0.9942030000,1,1.0000000000,3.4311370000,0.0336097900,-0.0027603460,-0.0243404100,0.1094364000,0.0259247700,0.9936557000,-0.0335456500,0.0003945465,-0.0235757500,0.1037141000,0.0283508700,0.9942030000,0.0000000000,
4003881,1,1.0000000000,3.4315950000,-0.0335467400,0.0003932801,-0.0235580900,0.1033786000,0.0289765300,0.9942199000,1,1.0000000000,3.4185790000,0.0336089800,-0.0027618410,-0.0243402700,0.1088118000,0.0258792200,0.9937255000,-0.0335465300,0.0003932648,-0.0235580900,0.1033786000,0.0289765300,0.9942199000,0.0000000000,
4003889,1,1.0000000000,3.4312900000,-0.0335466800,0.0003946533,-0.0235393800,0.1034560000,0.0278018800,0.9942454000,1,1.0000000000,3.4195400000,0.0336073200,-0.0027711490,-0.0243021400,0.1093150000,0.0262148400,0.9936614000,-0.0335466000,0.0003946533,-0.0235393800,0.1034560000,0.0278018800,0.9942454000,0.0000000000,
4003897,1,1.0000000000,3.4317780000,-0.0335466200,0.0003960266,-0.0235224000,0.1033790000,0.0266420400,0.9942852000,1,1.0000000000,3.4207610000,0.0336056700,-0.0027804720,-0.0242639900,0.1098485000,0.0264893600,0.9935953000,-0.0335465000,0.0003960266,-0.0235224000,0.1033790000,0.0266420400,0.9942852000,0.0000000000,
4003906,1,1.0000000000,3.4312740000,-0.0335465400,0.0003965149,-0.0235215300,0.1034396000,0.0271454500,0.9942653000,1,1.0000000000,3.4200900000,0.0336073200,-0.0027745060,-0.0242863500,0.1090104000,0.0267032600,0.9936818000,-0.0335461500,0.0003964996,-0.0235215500,0.1034396000,0.0271454500,0.9942653000,0.0000000000,
4003914,1,1.0000000000,3.4311520000,-0.0335464700,0.0003970184,-0.0235206800,0.1035016000,0.0276645300,0.9942445000,1,1.0000000000,3.4196470000,0.0336089800,-0.0027685400,-0.0243087000,0.1087954000,0.0269013000,0.9937001000,-0.0335410600,0.0003967590,-0.0235207400,0.1035016000,0.0276645300,0.9942445000,0.0000000000,
4003922,1,1.0000000000,3.4310760000,-0.0335450100,0.0003996582,-0.0235146800,0.1035778000,0.0268710200,0.9942583000,1,1.0000000000,3.4270320000,0.0336097900,-0.0027651980,-0.0243245000,0.1085211000,0.0278627000,0.9937035000,-0.0333432300,0.0003901520,-0.0235171200,0.1035929000,0.0268709800,0.9942567000,0.0000000000,
4003931,1,1.0000000000,3.4321290000,-0.0335439000,0.0004079743,-0.0235023800,0.1042642000,0.0282289900,0.9941489000,1,1.0000000000,3.4338990000,0.0336106100,-0.0027618410,-0.0243402700,0.1082627000,0.0274662100,0.9937428000,-0.0195561800,-0.0002522583,-0.0236769100,0.1050876000,0.0280609900,0.9940670000,0.0000000000,
4003939,1,1.0000000000,3.4340670000,-0.0335439000,0.0003996582,-0.0234969500,0.1045541000,0.0307925000,0.9940424000,1,1.0000000000,3.4392090000,0.0336107200,-0.0027603460,-0.0243404100,0.1082769000,0.0277406200,0.9937336000,0.0007469025,-0.0012139130,-0.0239276400,0.1064612000,0.0292360100,0.9938869000,0.0000000000,
4003947,1,1.0000000000,3.4352870000,-0.0335431700,0.0003979340,-0.0234848000,0.1046306000,0.0309604100,0.9940291000,1,1.0000000000,3.4404910000,0.0336108200,-0.0027588350,-0.0243405300,0.1082929000,0.0280001900,0.9937246000,-0.0005079041,-0.0011549840,-0.0239057600,0.1064318000,0.0295109700,0.9938819000,0.0000000000,
4003956,1,1.0000000000,3.4346620000,-0.0335423500,0.0003979340,-0.0234843600,0.1045392000,0.0344700000,0.9939232000,1,1.0000000000,3.4412690000,0.0336130400,-0.0027448120,-0.0243905800,0.1075298000,0.0282595800,0.9938002000,-0.0020525210,-0.0010757140,-0.0239093000,0.1059423000,0.0315705900,0.9938710000,0.0000000000,
4003964,1,1.0000000000,3.4369050000,-0.0335422700,0.0004029389,-0.0234800400,0.1045235000,0.0346377000,0.9939190000,1,1.0000000000,3.4425660000,0.0336152700,-0.0027307740,-0.0244406300,0.1067669000,0.0284427000,0.9938772000,-0.0049432220,-0.0009315491,-0.0238891000,0.1054699000,0.0319980400,0.9939076000,0.0000000000,
4003972,1,1.0000000000,3.4354550000,-0.0335422100,0.0004029389,-0.0234675800,0.1053017000,0.0357668600,0.9937969000,1,1.0000000000,3.4478760000,0.0336152700,-0.0027307740,-0.0244406300,0.1067369000,0.0304722700,0.9938203000,-0.0077595680,-0.0008001252,-0.0238411400,0.1058507000,0.0337373400,0.9938096000,0.0000000000,
4003981,1,1.0000000000,3.4354100000,-0.0335417800,0.0004040680,-0.0234662300,0.1057895000,0.0361481700,0.9937313000,1,1.0000000000,3.4463500000,0.0336163000,-0.0027140660,-0.0245023400,0.1063091000,0.0306399700,0.9938610000,-0.0115457900,-0.0006171875,-0.0238055900,0.1059573000,0.0343476300,0.9937773000,0.0000000000,
4003989,1,1.0000000000,3.4357600000,-0.0335401300,0.0004040680,-0.0234658500,0.1058049000,0.0368806600,0.9937028000,1,1.0000000000,3.4453430000,0.0336171100,-0.0026965180,-0.0245618800,0.1056675000,0.0305939900,0.9939308000,-0.0158006900,-0.0004149323,-0.0237553700,0.1057747000,0.0352175400,0.9937662000,0.0000000000,
4003997,1,1.0000000000,3.4350430000,-0.0335384500,0.0004040680,-0.0234404500,0.1051041000,0.0357061100,0.9938200000,1,1.0000000000,3.4441990000,0.0336183900,-0.0026856390,-0.0246114100,0.1045843000,0.0312806900,0.9940239000,-0.0196155400,-0.0002364807,-0.0236832100,0.1049971000,0.0347905000,0.9938638000,0.0000000000,
4004006,1,1.0000000000,3.4350590000,-0.0335382700,0.0004040680,-0.0234371600,0.1065994000,0.0359654800,0.9936513000,1,1.0000000000,3.4495090000,0.0336209100,-0.0026856390,-0.0246114100,0.1040813000,0.0313266400,0.9940753000,-0.0220341000,-0.0001251831,-0.0236383100,0.1061720000,0.0351719400,0.9937255000,0.0000000000,
4004014,1,1.0000000000,3.4361880000,-0.0335366200,0.0004040222,-0.0234309900,0.1070111000,0.0356602000,0.9936181000,1,1.0000000000,3.4509430000,0.0336209100,-0.0026856390,-0.0246114100,0.1040813000,0.0313266400,0.9940753000,-0.0229126800,-0.0000847321,-0.0236177200,0.1065531000,0.0349734600,0.9936917000,0.0000000000,
4004022,1,1.0000000000,3.4360810000,-0.0335360000,0.0004040222,-0.0234308000,0.1068889000,0.0356448900,0.9936318000,1,1.0000000000,3.4595950000,0.0336209100,-0.0026856390,-0.0246114100,0.1040812000,0.0313723700,0.9940739000,-0.0213021900,-0.0001587982,-0.0236458800,0.1063859000,0.0348668700,0.9937134000,0.0000000000,
4004031,1,1.0000000000,3.4388580000,-0.0335356900,0.0004040222,-0.0234271700,0.1060954000,0.0358890300,0.9937081000,1,1.0000000000,3.4753880000,0.0336209100,-0.0026856390,-0.0246114100,0.1040963000,0.0318606000,0.9940568000,-0.0174094100,-0.0003378906,-0.0237115300,0.1056066000,0.0349275400,0.9937944000,0.0000000000,
4004039,1,1.0000000000,3.4464870000,-0.0335356900,0.0004040222,-0.0234252300,0.1053926000,0.0360718400,0.9937763000,1,1.0000000000,3.4791720000,0.0336209100,-0.0026856390,-0.0246114100,0.1040961000,0.0319063300,0.9940553000,-0.0122019400,-0.0005774689,-0.0238020500,0.1049822000,0.0347448300,0.9938669000,0.0000000000,
4004047,1,1.0000000000,3.4463500000,-0.0335356900,0.0004040222,-0.0234252300,0.1053936000,0.0366520200,0.9937549000,1,1.0000000000,3.4869690000,0.0336209100,-0.0026856390,-0.0246114100,0.1030282000,0.0329134800,0.9941337000,-0.0082282560,-0.0007602845,-0.0238722200,0.1044926000,0.0352479600,0.9939008000,0.0000000000,
4004056,1,1.0000000000,3.4467620000,-0.0335356900,0.0004040222,-0.0234252300,0.1045547000,0.0360722900,0.9938648000,1,1.0000000000,3.4868620000,0.0336209100,-0.0026856390,-0.0246114100,0.1029525000,0.0329899600,0.9941391000,-0.0028925320,-0.0010057680,-0.0239664800,0.1038212000,0.0346680900,0.9939916000,0.0000000000,
4004064,1,1.0000000000,3.4461520000,-0.0335356900,0.0004040680,-0.0234252300,0.1045541000,0.0366366700,0.9938442000,1,1.0000000000,3.4942780000,0.0336209100,-0.0027036440,-0.0245273300,0.1029675000,0.0330203900,0.9941365000,-0.0025610350,-0.0010292970,-0.0239335500,0.1038216000,0.0349734300,0.9939808000,0.0000000000,
4004072,1,1.0000000000,3.4461820000,-0.0335356900,0.0004051209,-0.0234252300,0.1045540000,0.0366823900,0.9938425000,1,1.0000000000,3.5036770000,0.0336194800,-0.0027171940,-0.0244707200,0.1036531000,0.0325318000,0.9940814000,-0.0070241860,-0.0008274994,-0.0238379700,0.1042035000,0.0350345900,0.9939387000,0.0000000000,
4004081,1,1.0000000000,3.4465180000,-0.0335356900,0.0004095001,-0.0234252300,0.1043402000,0.0360720000,0.9938872000,1,1.0000000000,3.5054170000,0.0336156800,-0.0027326810,-0.0243976000,0.1048439000,0.0318147900,0.9939796000,-0.0149927100,-0.0004581604,-0.0236937400,0.1044772000,0.0348969600,0.9939148000,0.0000000000,
4004089,1,1.0000000000,3.4456940000,-0.0335356900,0.0004117890,-0.0234252300,0.1041119000,0.0353244900,0.9939381000,1,1.0000000000,3.5122990000,0.0336102300,-0.0027440340,-0.0243374300,0.1062472000,0.0325318200,0.9938074000,-0.0221762100,-0.0001220856,-0.0235795500,0.1044774000,0.0348512400,0.9939165000,0.0000000000,
4004097,1,1.0000000000,3.4460140000,-0.0335357400,0.0004118042,-0.0234308000,0.1023568000,0.0358126700,0.9941029000,1,1.0000000000,3.5144040000,0.0336039600,-0.0027607270,-0.0242681100,0.1061407000,0.0328065600,0.9938098000,-0.0273632800,0.0001201324,-0.0235077800,0.1026931000,0.0355382100,0.9940781000,0.0000000000,
4004106,1,1.0000000000,3.4680330000,-0.0335393400,0.0004213867,-0.0234494600,0.1030741000,0.0358432200,0.9940277000,1,1.0000000000,3.5167240000,0.0335993100,-0.0027792510,-0.0242036000,0.1075140000,0.0338441800,0.9936273000,-0.0300140800,0.0002533264,-0.0234890600,0.1033025000,0.0357362400,0.9940078000,0.0000000000,
4004114,1,1.0000000000,3.4519810000,-0.0335412600,0.0004332733,-0.0234866600,0.1031959000,0.0363924700,0.9939951000,1,1.0000000000,3.5214390000,0.0335943300,-0.0027854000,-0.0241414300,0.1080334000,0.0314944900,0.9936483000,-0.0312612000,0.0003239594,-0.0235089100,0.1033642000,0.0362247600,0.9939837000,0.0000000000,
4004122,1,1.0000000000,3.4519500000,-0.0335428900,0.0004346924,-0.0234876000,0.1033024000,0.0361787300,0.9939919000,1,1.0000000000,3.5219120000,0.0335920000,-0.0027893530,-0.0241346800,0.1081862000,0.0318912700,0.9936190000,-0.0314043000,0.0003319855,-0.0235082100,0.1034554000,0.0360415500,0.9939809000,0.0000000000,
4004131,1,1.0000000000,3.4452210000,-0.0335441600,0.0004503326,-0.0235210000,0.1034702000,0.0348511900,0.9940218000,1,1.0000000000,3.5295720000,0.0335865000,-0.0027937780,-0.0241140500,0.1086898000,0.0320438900,0.9935591000,-0.0307333100,0.0003144837,-0.0235458400,0.1036851000,0.0347295500,0.9940037000,0.0000000000,
4004139,1,1.0000000000,3.4445340000,-0.0335462100,0.0004513703,-0.0235303000,0.1034101000,0.0352024700,0.9940157000,1,1.0000000000,3.5224910000,0.0335840800,-0.0027937780,-0.0241140500,0.1090249000,0.0320284500,0.9935229000,-0.0281294600,0.0001895142,-0.0235774100,0.1038670000,0.0349427800,0.9939772000,0.0000000000,
4004147,1,1.0000000000,3.4444430000,-0.0335478400,0.0004532929,-0.0235318900,0.1033636000,0.0355379100,0.9940085000,1,1.0000000000,3.5187230000,0.0335818900,-0.0027937780,-0.0241140500,0.1076060000,0.0320590100,0.9936766000,-0.0240173400,-0.0000076904,-0.0236145300,0.1039739000,0.0350496100,0.9939623000,0.0000000000,
4004156,1,1.0000000000,3.4452360000,-0.0335493000,0.0004563446,-0.0235361300,0.1035313000,0.0355073500,0.9939922000,1,1.0000000000,3.5186770000,0.0335802900,-0.0027937780,-0.0241140500,0.1077131000,0.0320743700,0.9936645000,-0.0166609800,-0.0003612976,-0.0236815200,0.1045838000,0.0346374800,0.9939127000,0.0000000000,
4004164,1,1.0000000000,3.4457550000,-0.0335503100,0.0004572144,-0.0235421000,0.1032875000,0.0361330700,0.9939950000,1,1.0000000000,3.5164950000,0.0335779300,-0.0027937780,-0.0241140500,0.1080946000,0.0321964500,0.9936191000,-0.0083704840,-0.0007622223,-0.0237566400,0.1050882000,0.0346530000,0.9938589000,0.0000000000,
4004172,1,1.0000000000,3.4453130000,-0.0335520000,0.0004609070,-0.0235532500,0.1036390000,0.0362248300,0.9939551000,1,1.0000000000,3.5165710000,0.0335764900,-0.0027937780,-0.0241140500,0.1071332000,0.0321353900,0.9937252000,-0.0007010499,-0.0011318510,-0.0238276800,0.1053478000,0.0342258400,0.9938463000,0.0000000000,
4004181,1,1.0000000000,3.4451450000,-0.0335536200,0.0004622498,-0.0235635400,0.1023719000,0.0366518500,0.9940707000,1,1.0000000000,3.5159300000,0.0335725400,-0.0027893530,-0.0241346800,0.1050427000,0.0324405600,0.9939384000,0.0020136410,-0.0012606350,-0.0238661700,0.1037919000,0.0344243500,0.9940031000,0.0000000000,
4004189,1,1.0000000000,3.4448390000,-0.0335540800,0.0004701691,-0.0235737200,0.1024335000,0.0371403600,0.9940463000,1,1.0000000000,3.5086520000,0.0335702800,-0.0027854000,-0.0241414300,0.1047369000,0.0322114800,0.9939781000,0.0020292820,-0.0012556310,-0.0238746600,0.1036540000,0.0345310000,0.9940138000,0.0000000000,
4004197,1,1.0000000000,3.4450530000,-0.0335559200,0.0004715882,-0.0235753300,0.1016393000,0.0374910200,0.9941146000,1,1.0000000000,3.5081020000,0.0335656100,-0.0027787320,-0.0241427000,0.1049959000,0.0309754100,0.9939901000,0.0017633670,-0.0012387240,-0.0238738900,0.1034094000,0.0340730800,0.9940550000,0.0000000000,
4004206,1,1.0000000000,3.4445650000,-0.0335566600,0.0004731751,-0.0235753300,0.1016695000,0.0374909000,0.9941115000,1,1.0000000000,3.5063170000,0.0335625300,-0.0027572790,-0.0242024800,0.1046145000,0.0312805900,0.9940208000,-0.0004043122,-0.0011224520,-0.0238851000,0.1031198000,0.0344241300,0.9940731000,0.0000000000,
4004214,1,1.0000000000,3.4445500000,-0.0335576300,0.0004760437,-0.0235753300,0.1008917000,0.0374453000,0.9941925000,1,1.0000000000,3.5060580000,0.0335601800,-0.0027480170,-0.0242249600,0.1048432000,0.0315399300,0.9939885000,-0.0028746950,-0.0009978333,-0.0238723200,0.1026928000,0.0347446600,0.9941061000,0.0000000000,
4004222,1,1.0000000000,3.4432980000,-0.0335577400,0.0004784241,-0.0235753300,0.0988165300,0.0368959800,0.9944214000,1,1.0000000000,3.5061800000,0.0335574800,-0.0027435150,-0.0242264700,0.1036851000,0.0315404000,0.9941099000,-0.0059885100,-0.0008450623,-0.0238428100,0.1008155000,0.0346987200,0.9942998000,0.0000000000,
4004231,1,1.0000000000,3.4164890000,-0.0335580800,0.0004787750,-0.0235753300,0.0984200600,0.0378726500,0.9944240000,1,1.0000000000,3.5058440000,0.0335539700,-0.0027389380,-0.0242390400,0.1029512000,0.0314789400,0.9941882000,-0.0087520000,-0.0007105561,-0.0238206500,0.1000981000,0.0355073700,0.9943438000,0.0000000000,
4004239,1,1.0000000000,3.4100800000,-0.0335612300,0.0004787750,-0.0235753300,0.0976717100,0.0387726600,0.9944631000,1,1.0000000000,3.5003200000,0.0335499000,-0.0027387390,-0.0242441700,0.1027843000,0.0322269000,0.9941815000,-0.0101990100,-0.0006412811,-0.0238081700,0.0994570600,0.0364991200,0.9943722000,0.0000000000,
4004247,1,1.0000000000,3.4092710000,-0.0335621300,0.0004787750,-0.0235753300,0.0951392700,0.0402072100,0.9946516000,1,1.0000000000,3.4985810000,0.0335440700,-0.0027336120,-0.0242667400,0.1032420000,0.0340274300,0.9940740000,-0.0106205800,-0.0006194306,-0.0238117100,0.0979009900,0.0380861700,0.9944671000,0.0000000000,
4004256,1,1.0000000000,3.3806150000,-0.0335657800,0.0004787750,-0.0235737200,0.0943311900,0.0400548900,0.9947348000,1,1.0000000000,3.4591670000,0.0335405300,-0.0027257690,-0.0242671200,0.1016851000,0.0325624400,0.9942836000,-0.0094468990,-0.0006729737,-0.0238229400,0.0969849500,0.0373688100,0.9945841000,0.0000000000,
4004264,1,1.0000000000,3.3709870000,-0.0335683700,0.0004787750,-0.0235704500,0.0937509400,0.0400089500,0.9947914000,1,1.0000000000,3.4571080000,0.0335377200,-0.0027254640,-0.0242676900,0.0996405700,0.0341494000,0.9944373000,-0.0076018070,-0.0007610932,-0.0238402400,0.0960390700,0.0377350900,0.9946620000,0.0000000000,
4004272,1,1.0000000000,3.3683470000,-0.0335693100,0.0004787750,-0.0235676100,0.0918735700,0.0403291500,0.9949537000,1,1.0000000000,3.4574430000,0.0335283700,-0.0027245640,-0.0242754400,0.0999003400,0.0350498100,0.9943799000,-0.0056461030,-0.0008543091,-0.0238621700,0.0952153800,0.0381319300,0.9947261000,0.0000000000,
4004281,1,1.0000000000,3.3644100000,-0.0335738800,0.0004787750,-0.0235452700,0.0920265200,0.0406344900,0.9949271000,1,1.0000000000,3.4549560000,0.0335239300,-0.0027101140,-0.0243007100,0.0981916600,0.0371251500,0.9944748000,-0.0037454990,-0.0009388428,-0.0238811000,0.0947582800,0.0390782500,0.9947330000,0.0000000000,
4004289,1,1.0000000000,3.3340150000,-0.0335779900,0.0004787750,-0.0235429100,0.0917521800,0.0411687000,0.9949305000,1,1.0000000000,3.2925870000,0.0334781800,-0.0025820920,-0.0245541400,0.0875714900,0.0462043000,0.9950861000,-0.0125422500,-0.0004814301,-0.0238601400,0.0904392000,0.0427552900,0.9949838000,0.0000000000,
4004297,1,1.0000000000,3.3187710000,-0.0335864600,0.0004644013,-0.0234861500,0.0920574200,0.0422978900,0.9948549000,1,1.0000000000,3.3115540000,0.0334505600,-0.0024969180,-0.0247877500,0.0826886500,0.0429083700,0.9956513000,-0.0294668600,0.0002824249,-0.0235661300,0.0914767200,0.0423432700,0.9949065000,0.0000000000,
4004306,1,1.0000000000,3.3072200000,-0.0338042500,0.0004603119,-0.0233393900,0.0576022500,0.0502169500,0.9970759000,1,1.0000000000,3.3356780000,0.0333297700,-0.0021730810,-0.0257473000,0.0405580000,0.0286103300,0.9987675000,-0.0337869700,0.0004596405,-0.0233400100,0.0576022500,0.0502169500,0.9970759000,0.0000000000,
4004314,1,1.0000000000,3.3603520000,-0.0338789500,0.0005148621,-0.0234695600,0.0326084900,0.0634774400,0.9974504000,1,1.0000000000,3.2477720000,0.0331955600,-0.0021814420,-0.0256508300,0.0164338000,0.0389864000,0.9991046000,-0.0338787000,0.0005148468,-0.0234695700,0.0326084900,0.0634774400,0.9974504000,0.0000000000,
4004322,1,1.0000000000,3.2279660000,-0.0338888100,0.0005328522,-0.0235281100,0.0360570600,0.0558632600,0.9977871000,1,1.0000000000,3.3445890000,0.0331398300,-0.0021792600,-0.0256053500,0.0135345600,0.0416717900,0.9990396000,-0.0338887900,0.0005328522,-0.0235281100,0.0360570600,0.0558632600,0.9977871000,0.0000000000,
4004331,1,1.0000000000,3.2144780000,-0.0338854100,0.0005546875,-0.0235842700,0.0370180300,0.0470736400,0.9982052000,1,1.0000000000,3.3129880000,0.0331400000,-0.0020637670,-0.0259091800,0.0166323100,0.0394445300,0.9990833000,-0.0338854100,0.0005546875,-0.0235842700,0.0370180300,0.0470736400,0.9982052000,0.0000000000,
4004339,1,1.0000000000,3.2560120000,-0.0338894700,0.0005526581,-0.0235766500,0.0340123500,0.0532692300,0.9980007000,1,1.0000000000,3.3108830000,0.0331429200,-0.0020599670,-0.0259195100,0.0149385100,0.0394443800,0.9991101000,-0.0338894700,0.0005526581,-0.0235766500,0.0340123500,0.0532692300,0.9980007000,0.0000000000,
4004347,1,1.0000000000,3.2883910000,-0.0338906700,0.0005546875,-0.0235842700,0.0304569800,0.0593727900,0.9977711000,1,1.0000000000,3.3124540000,0.0331441500,-0.0020561680,-0.0259298400,0.0135804900,0.0395054800,0.9991271000,-0.0338906700,0.0005546875,-0.0235842700,0.0304569800,0.0593727900,0.9977711000,0.0000000000,
4004356,1,1.0000000000,3.2927550000,-0.0338921100,0.0005681153,-0.0235766500,0.0280459900,0.0577552100,0.9979368000,1,1.0000000000,3.3319550000,0.0331425200,-0.0020503240,-0.0259427800,0.0133668200,0.0392764700,0.9991390000,-0.0338920800,0.0005681153,-0.0235766500,0.0280459900,0.0577552100,0.9979368000,0.0000000000,
4004364,1,1.0000000000,3.2966770000,-0.0338935400,0.0005815430,-0.0235690200,0.0256351700,0.0561532200,0.9980930000,1,1.0000000000,3.3526150000,0.0331423500,-0.0020561680,-0.0259298400,0.0130311600,0.0397038300,0.9991266000,-0.0338894200,0.0005813904,-0.0235691500,0.0256351700,0.0561532200,0.9980930000,0.0000000000,
4004372,1,1.0000000000,3.2926030000,-0.0338992900,0.0005854035,-0.0235491300,0.0272675400,0.0553285400,0.9980958000,1,1.0000000000,3.3613890000,0.0331416200,-0.0020599670,-0.0259195100,0.0130159000,0.0397038300,0.9991267000,-0.0335480200,0.0005715332,-0.0235615600,0.0271914200,0.0552526000,0.9981021000,0.0000000000,
4004381,1,1.0000000000,3.2886200000,-0.0339050600,0.0005892487,-0.0235292400,0.0278321400,0.0544741000,0.9981272000,1,1.0000000000,3.3634490000,0.0331408700,-0.0020637670,-0.0259091800,0.0130159000,0.0400853100,0.9991115000,-0.0212583800,0.0000888062,-0.0239781700,0.0250398900,0.0517582700,0.9983457000,0.0000000000,
4004389,1,1.0000000000,3.2908020000,-0.0339097900,0.0005899506,-0.0235264700,0.0273289000,0.0542458100,0.9981536000,1,1.0000000000,3.3621060000,0.0331407600,-0.0021096340,-0.0257495100,0.0137941600,0.0401159700,0.9990999000,-0.0249159700,0.0002278443,-0.0238246600,0.0255129900,0.0523535200,0.9983027000,0.0000000000,
4004397,1,1.0000000000,3.2930150000,-0.0339145100,0.0005906678,-0.0235237100,0.0268251500,0.0540775500,0.9981763000,1,1.0000000000,3.3611300000,0.0331408700,-0.0021551360,-0.0255898400,0.0151521300,0.0401310300,0.9990795000,-0.0272278800,0.0003168640,-0.0237297400,0.0256501700,0.0526889000,0.9982815000,0.0000000000,
4004406,1,1.0000000000,3.2909550000,-0.0339177500,0.0005916443,-0.0235130200,0.0288699600,0.0535131800,0.9981498000,1,1.0000000000,3.3667910000,0.0331411000,-0.0021553190,-0.0255868700,0.0148317000,0.0410007900,0.9990490000,-0.0275605200,0.0003312378,-0.0237096300,0.0275422600,0.0523226600,0.9982504000,0.0000000000,
4004414,1,1.0000000000,3.2886810000,-0.0339209900,0.0005926361,-0.0235149200,0.0280764900,0.0536505100,0.9981650000,1,1.0000000000,3.3619380000,0.0331413100,-0.0021555020,-0.0255838900,0.0151064200,0.0419012500,0.9990076000,-0.0308112800,0.0004651947,-0.0236108600,0.0274813700,0.0531164100,0.9982101000,0.0000000000,
4004422,1,1.0000000000,3.2820740000,-0.0339231800,0.0005941010,-0.0235193200,0.0286866400,0.0548708200,0.9980813000,1,1.0000000000,3.3597870000,0.0331418300,-0.0021562040,-0.0255829800,0.0152283200,0.0421296500,0.9989961000,-0.0317323900,0.0005042572,-0.0235867300,0.0282442600,0.0544590800,0.9981165000,0.0000000000,
4004431,1,1.0000000000,3.2890320000,-0.0339209900,0.0005955658,-0.0235237100,0.0284272300,0.0561067700,0.9980200000,1,1.0000000000,3.3620610000,0.0331423500,-0.0021569060,-0.0255820800,0.0153504300,0.0423891500,0.9989833000,-0.0317914600,0.0005081635,-0.0235890800,0.0280153800,0.0556798100,0.9980556000,0.0000000000,
4004439,1,1.0000000000,3.2816930000,-0.0339204100,0.0005985718,-0.0235264700,0.0295868900,0.0557863100,0.9980043000,1,1.0000000000,3.3675080000,0.0331432500,-0.0021562040,-0.0255818300,0.0152132300,0.0425879000,0.9989769000,-0.0310746300,0.0004816742,-0.0236137000,0.0289766300,0.0552219300,0.9980536000,0.0000000000,
4004447,1,1.0000000000,3.2888950000,-0.0339198500,0.0006015778,-0.0235292400,0.0307465000,0.0554657700,0.9979871000,1,1.0000000000,3.3727570000,0.0331441500,-0.0021555020,-0.0255820800,0.0150910300,0.0428316700,0.9989683000,-0.0284124800,0.0003751679,-0.0236978200,0.0294648800,0.0544284000,0.9980829000,0.0000000000,
4004456,1,1.0000000000,3.2883760000,-0.0339198500,0.0006137696,-0.0235292400,0.0307466800,0.0536808100,0.9980847000,1,1.0000000000,3.3731840000,0.0331458200,-0.0021555020,-0.0255820800,0.0147401900,0.0445257400,0.9988995000,-0.0204063900,0.0000557709,-0.0239428700,0.0275268700,0.0518341300,0.9982762000,0.0000000000,
4004464,1,1.0000000000,3.2751770000,-0.0339198500,0.0006163025,-0.0235292400,0.0307312500,0.0551911300,0.9980028000,1,1.0000000000,3.3743740000,0.0331475400,-0.0021555020,-0.0255820800,0.0143892400,0.0476080700,0.9987625000,-0.0057505490,-0.0005478821,-0.0243914600,0.0238649800,0.0520024600,0.9983618000,0.0000000000,
4004472,1,1.0000000000,3.2680510000,-0.0339198500,0.0006260071,-0.0235292400,0.0314793200,0.0551002500,0.9979845000,1,1.0000000000,3.3814850000,0.0331505800,-0.0021555020,-0.0255820800,0.0159608400,0.0494084100,0.9986511000,0.0000814209,-0.0007840729,-0.0245699200,0.0236054600,0.0522158300,0.9983568000,0.0000000000,
4004481,1,1.0000000000,3.2621770000,-0.0339198500,0.0006388397,-0.0235395400,0.0318146000,0.0548706400,0.9979865000,1,1.0000000000,3.3815920000,0.0331548200,-0.0021555020,-0.0255820800,0.0156862000,0.0494695100,0.9986525000,0.0004324799,-0.0007922669,-0.0245856200,0.0235598400,0.0521093600,0.9983634000,0.0000000000,
4004489,1,1.0000000000,3.2617650000,-0.0339198500,0.0006433106,-0.0235438400,0.0355530900,0.0544740400,0.9978821000,1,1.0000000000,3.3765110000,0.0331614200,-0.0021551360,-0.0255838900,0.0173494500,0.0530706900,0.9984400000,0.0004607239,-0.0007909394,-0.0245894200,0.0262301200,0.0537572500,0.9982095000,0.0000000000,
4004497,1,1.0000000000,3.2469020000,-0.0339078400,0.0006676178,-0.0235772700,0.0334167900,0.0515900300,0.9981091000,1,1.0000000000,3.3751370000,0.0331658800,-0.0021426540,-0.0255820800,0.0208435500,0.0507966100,0.9984915000,0.0014711460,-0.0008146973,-0.0246347400,0.0267794100,0.0511784300,0.9983304000,0.0000000000,
4004506,1,1.0000000000,3.2439120000,-0.0338966500,0.0006682587,-0.0235912200,0.0321506800,0.0561072800,0.9979070000,1,1.0000000000,3.4906010000,0.0332703900,-0.0020453950,-0.0257818800,0.0328983100,0.0423436000,0.9985613000,-0.0050138250,-0.0004986420,-0.0245332300,0.0324710800,0.0502020000,0.9982111000,0.0000000000,
4004514,1,1.0000000000,3.2442020000,-0.0338829800,0.0006683808,-0.0235996100,0.0356143100,0.0570683500,0.9977348000,1,1.0000000000,3.3690950000,0.0332844300,-0.0020228270,-0.0258530600,0.0372012200,0.0458988000,0.9982532000,-0.0165830200,-0.0000247650,-0.0241800200,0.0360260700,0.0541840600,0.9978809000,0.0000000000,
4004522,1,1.0000000000,3.2383270000,-0.0338721900,0.0006699677,-0.0235996100,0.0346833400,0.0574647900,0.9977449000,1,1.0000000000,3.3924870000,0.0332826600,-0.0019977720,-0.0259174400,0.0386204400,0.0435948600,0.9983026000,-0.0262349400,0.0003665772,-0.0238632100,0.0351257600,0.0558929900,0.9978187000,0.0000000000,
4004531,1,1.0000000000,3.2389070000,-0.0338711400,0.0006737061,-0.0236111600,0.0402834600,0.0587772200,0.9974580000,1,1.0000000000,3.3646390000,0.0332844300,-0.0019727170,-0.0259818300,0.0379791600,0.0422821500,0.9983836000,-0.0306420900,0.0005464631,-0.0237251600,0.0401768400,0.0579840500,0.9975088000,0.0000000000,
4004539,1,1.0000000000,3.2079160000,-0.0338616200,0.0006737061,-0.0236111600,0.0417791600,0.0596627100,0.9973439000,1,1.0000000000,3.3618320000,0.0332873500,-0.0019680330,-0.0260013400,0.0379488700,0.0418093700,0.9984047000,-0.0319921700,0.0006001587,-0.0236777000,0.0416718800,0.0591585000,0.9973784000,0.0000000000,
4004547,1,1.0000000000,3.2084050000,-0.0338566000,0.0006737061,-0.0236111600,0.0472418400,0.0599373200,0.9970836000,1,1.0000000000,3.3627620000,0.0332902900,-0.0019633330,-0.0260208600,0.0379033500,0.0413213600,0.9984267000,-0.0322749700,0.0006116028,-0.0236679200,0.0470125200,0.0595095200,0.9971201000,0.0000000000,
4004556,1,1.0000000000,3.2066960000,-0.0338500400,0.0006737061,-0.0236111600,0.0492097100,0.0605622800,0.9969507000,1,1.0000000000,3.3878480000,0.0332934100,-0.0019575500,-0.0260392000,0.0404360700,0.0397951900,0.9983894000,-0.0321575600,0.0006073914,-0.0236723600,0.0489966500,0.0600441600,0.9969925000,0.0000000000,
4004564,1,1.0000000000,3.2073820000,-0.0338475800,0.0006737061,-0.0236111600,0.0495306200,0.0621345300,0.9968380000,1,1.0000000000,3.4142150000,0.0332965600,-0.0019517820,-0.0260575400,0.0429388600,0.0415350300,0.9982140000,-0.0312854600,0.0005735321,-0.0237045100,0.0492864400,0.0613562800,0.9968983000,0.0000000000,
4004572,1,1.0000000000,3.2083590000,-0.0338328100,0.0006699677,-0.0235983400,0.0558473400,0.0627901100,0.9964630000,1,1.0000000000,3.4179990000,0.0333000500,-0.0019504850,-0.0260670300,0.0431676100,0.0402531400,0.9982566000,-0.0284528500,0.0004599762,-0.0237961900,0.0548250300,0.0609896100,0.9966316000,0.0000000000,
4004581,1,1.0000000000,3.2012020000,-0.0338169900,0.0006683808,-0.0235912200,0.0556338500,0.0626987100,0.9964807000,1,1.0000000000,3.4167630000,0.0333035400,-0.0019517820,-0.0260575400,0.0435181900,0.0415803200,0.9981870000,-0.0192840700,0.0001010590,-0.0241252300,0.0530097300,0.0581367500,0.9969002000,0.0000000000,
4004589,1,1.0000000000,3.2015690000,-0.0338105000,0.0006682587,-0.0235772700,0.0550850300,0.0632791200,0.9964744000,1,1.0000000000,3.4158170000,0.0333044800,-0.0019575500,-0.0260392000,0.0445100400,0.0412446500,0.9981572000,-0.0114674200,-0.0002058869,-0.0243968700,0.0515602500,0.0559548500,0.9971011000,0.0000000000,
4004597,1,1.0000000000,3.1990200000,-0.0338080500,0.0006444397,-0.0235197900,0.0547799200,0.0649424400,0.9963843000,1,1.0000000000,3.4152980000,0.0333054200,-0.0019633330,-0.0260208600,0.0454717200,0.0418400900,0.9980891000,-0.0035242160,-0.0005322571,-0.0246483600,0.0505832800,0.0545200700,0.9972306000,0.0000000000,
4004606,1,1.0000000000,3.2061160000,-0.0338045100,0.0006187744,-0.0234598600,0.0593110400,0.0674439900,0.9959586000,1,1.0000000000,3.3175660000,0.0333415400,-0.0018620760,-0.0263333300,0.0516364700,0.0476843900,0.9975268000,-0.0063923340,-0.0003940277,-0.0246329400,0.0561834000,0.0593877800,0.9966526000,0.0000000000,
4004614,1,1.0000000000,3.2139130000,-0.0338010000,0.0006166077,-0.0234488200,0.0612344000,0.0689096800,0.9957418000,1,1.0000000000,3.4106450000,0.0333279300,-0.0018615720,-0.0263267800,0.0551460200,0.0512855000,0.9971603000,-0.0161852000,-0.0000337067,-0.0242040600,0.0596318700,0.0642858400,0.9961482000,0.0000000000,
4004622,1,1.0000000000,3.2161870000,-0.0338010000,0.0006157990,-0.0234488200,0.0621951600,0.0690616400,0.9956718000,1,1.0000000000,3.4596860000,0.0333127500,-0.0018850560,-0.0262596100,0.0592961000,0.0431674300,0.9973066000,-0.0194776800,0.0000820618,-0.0240487100,0.0615853500,0.0635385000,0.9960774000,0.0000000000,
4004631,1,1.0000000000,3.2288820000,-0.0338010000,0.0006149292,-0.0234424800,0.0691995000,0.0691079400,0.9952063000,1,1.0000000000,3.4832150000,0.0333044800,-0.0018961640,-0.0262384400,0.0666048200,0.0435334600,0.9968293000,-0.0202951200,0.0001095276,-0.0240052000,0.0686805700,0.0639655500,0.9955859000,0.0000000000,
4004639,1,1.0000000000,3.2337190000,-0.0338010000,0.0006149292,-0.0234424800,0.0701757100,0.0675206600,0.9952468000,1,1.0000000000,3.4356990000,0.0333064600,-0.0018941350,-0.0262580000,0.0648042300,0.0427704800,0.9969810000,-0.0209539200,0.0001345825,-0.0239814800,0.0691381500,0.0627904500,0.9956291000,0.0000000000,
4004647,1,1.0000000000,3.2444000000,-0.0338008100,0.0006099701,-0.0234392700,0.0728916800,0.0684818600,0.9949859000,1,1.0000000000,3.4176640000,0.0333224500,-0.0019283140,-0.0262024700,0.0658268600,0.0355074400,0.9971991000,-0.0191362800,0.0000554199,-0.0240429500,0.0713658100,0.0612796900,0.9955661000,0.0000000000,
4004656,1,1.0000000000,3.2682340000,-0.0337936300,0.0006096039,-0.0234392700,0.0723272700,0.0686040900,0.9950187000,1,1.0000000000,3.3548280000,0.0333493400,-0.0019276430,-0.0262317200,0.0650335300,0.0388949900,0.9971248000,-0.0175278500,-0.0000050507,-0.0241157500,0.0705725100,0.0614171600,0.9956141000,0.0000000000,
4004664,1,1.0000000000,3.2696380000,-0.0337857500,0.0006096039,-0.0234392700,0.0720071700,0.0686501900,0.9950387000,1,1.0000000000,3.2297970000,0.0333736100,-0.0019347230,-0.0262380700,0.0720523200,0.0371553200,0.9967086000,-0.0149849600,-0.0001026459,-0.0242227700,0.0720226200,0.0598459200,0.9956059000,0.0000000000,
4004672,1,1.0000000000,3.1886440000,-0.0336771300,0.0006138458,-0.0236426900,0.1097731000,0.0715798700,0.9913759000,1,1.0000000000,3.3967440000,0.0333908100,-0.0019859770,-0.0261108900,0.0888226700,0.0361638400,0.9953907000,-0.0083811500,-0.0003667145,-0.0245736100,0.1018983000,0.0582276200,0.9930893000,0.0000000000,
4004681,1,1.0000000000,3.1610870000,-0.0336456600,0.0006330719,-0.0237315500,0.1152513000,0.0613717300,0.9914387000,1,1.0000000000,3.3479770000,0.0334058700,-0.0020212860,-0.0260157200,0.1027842000,0.0345157200,0.9941047000,0.0042772220,-0.0008681641,-0.0250234400,0.1082166000,0.0461889000,0.9930538000,0.0000000000,
4004689,1,1.0000000000,3.2242280000,-0.0335975100,0.0006083527,-0.0236665500,0.1167919000,0.0684668700,0.9907936000,1,1.0000000000,3.4503630000,0.0334324200,-0.0021254120,-0.0257020700,0.1087201000,0.0351719100,0.9934500000,-0.0140297600,-0.0001896820,-0.0242607700,0.1144417000,0.0587619800,0.9916905000,0.0000000000,
4004697,1,1.0000000000,3.2731930000,-0.0335347300,0.0006258545,-0.0237605800,0.1220254000,0.0591892800,0.9907606000,1,1.0000000000,3.4297640000,0.0334610000,-0.0022149660,-0.0254353200,0.1279154000,0.0321505000,0.9912639000,-0.0294518500,0.0004527283,-0.0238626400,0.1223924000,0.0575416700,0.9908123000,0.0000000000,
4004706,1,1.0000000000,3.2788700000,-0.0334930100,0.0006381836,-0.0238303400,0.1316846000,0.0573125600,0.9896334000,1,1.0000000000,3.3959660000,0.0335273100,-0.0020966340,-0.0257648200,0.1311357000,0.0276187700,0.9909796000,-0.0297692600,0.0004862366,-0.0239378200,0.1316699000,0.0556648400,0.9897295000,0.0000000000,
4004714,1,1.0000000000,3.1523130000,-0.0334287900,0.0006396332,-0.0238536500,0.1356823000,0.0528416200,0.9893423000,1,1.0000000000,3.4127660000,0.0335646200,-0.0021584170,-0.0256099900,0.1410235000,0.0297092400,0.9895604000,-0.0317696400,0.0005703431,-0.0238971600,0.1358192000,0.0522616100,0.9893543000,0.0000000000,
4004722,1,1.0000000000,3.1962280000,-0.0333597600,0.0006337739,-0.0238700000,0.1345078000,0.0514685200,0.9895750000,1,1.0000000000,3.4584960000,0.0336261000,-0.0022397920,-0.0254332000,0.1476906000,0.0280000200,0.9886372000,-0.0326680800,0.0006041108,-0.0238861400,0.1346444000,0.0512240700,0.9895691000,0.0000000000,
4004731,1,1.0000000000,3.2922060000,-0.0332954900,0.0006517182,-0.0239607900,0.1458306000,0.0571755900,0.9876561000,1,1.0000000000,3.4008180000,0.0336658200,-0.0025252530,-0.0246579900,0.1643697000,0.0402531700,0.9855771000,-0.0332228100,0.0006482697,-0.0239615500,0.1458457000,0.0571450400,0.9876555000,0.0000000000,
4004739,1,1.0000000000,3.1502530000,-0.0332272500,0.0006756745,-0.0240450400,0.1541464000,0.0452124100,0.9870130000,1,1.0000000000,3.3435970000,0.0337381800,-0.0024700620,-0.0248744400,0.1656513000,0.0337375700,0.9856071000,-0.0332075700,0.0006747437,-0.0240452900,0.1541613000,0.0452123000,0.9870107000,0.0000000000,
4004747,1,1.0000000000,3.2031400000,-0.0331534600,0.0007054291,-0.0241650700,0.1599147000,0.0495461100,0.9858866000,1,1.0000000000,3.3260800000,0.0338024300,-0.0024254300,-0.0251015500,0.1767454000,0.0351720800,0.9836280000,-0.0331248500,0.0007040863,-0.0241654700,0.1599297000,0.0495307600,0.9858850000,0.0000000000,
4004756,1,1.0000000000,3.1853940000,-0.0330910600,0.0006714173,-0.0240696000,0.1715861000,0.0538943400,0.9836938000,1,1.0000000000,3.3014680000,0.0338637300,-0.0023895110,-0.0252622400,0.1787284000,0.0394902400,0.9831056000,-0.0329661600,0.0006657105,-0.0240718200,0.1716011000,0.0538637700,0.9836929000,0.0000000000,
4004764,1,1.0000000000,3.1517030000,-0.0330188600,0.0006031495,-0.0238590300,0.1825112000,0.0525057400,0.9818008000,1,1.0000000000,3.3455050000,0.0339415700,-0.0022936100,-0.0256167500,0.1855028000,0.0402072900,0.9818208000,-0.0327654900,0.0005921784,-0.0238656800,0.1825264000,0.0524599400,0.9818004000,0.0000000000,
4004772,1,1.0000000000,3.1197360000,-0.0329542600,0.0005856476,-0.0238484700,0.1911187000,0.0504919700,0.9802674000,1,1.0000000000,3.2686610000,0.0339868300,-0.0022740020,-0.0257305000,0.1878821000,0.0373994200,0.9814793000,-0.0328017600,0.0005791321,-0.0238527500,0.1911015000,0.0504609200,0.9802724000,0.0000000000,
4004781,1,1.0000000000,3.0546570000,-0.0328761700,0.0005564271,-0.0238110800,0.2003025000,0.0520631000,0.9783498000,1,1.0000000000,3.3006740000,0.0340497800,-0.0022843020,-0.0257290200,0.1986879000,0.0403143700,0.9792333000,-0.0328122400,0.0005537262,-0.0238129100,0.2003027000,0.0520478800,0.9783506000,0.0000000000,
4004789,1,1.0000000000,3.1632540000,-0.0328199500,0.0005726013,-0.0238024500,0.2039362000,0.0404973300,0.9781462000,1,1.0000000000,3.2853090000,0.0341059800,-0.0022854000,-0.0257421300,0.2043918000,0.0391693700,0.9781052000,-0.0327476200,0.0005695038,-0.0238045400,0.2039362000,0.0404973300,0.9781462000,0.0000000000,
4004797,1,1.0000000000,3.2792210000,-0.0327678200,0.0005681763,-0.0238118500,0.2194702000,0.0328678900,0.9750654000,1,1.0000000000,3.2470700000,0.0341456600,-0.0022679750,-0.0257710400,0.2178662000,0.0324556300,0.9754389000,-0.0327149700,0.0005659332,-0.0238134000,0.2194702000,0.0328678900,0.9750654000,0.0000000000,
4004806,1,1.0000000000,3.2386470000,-0.0326906000,0.0005665131,-0.0238264800,0.2143573000,0.0551457300,0.9751974000,1,1.0000000000,3.2925420000,0.0342163900,-0.0022701570,-0.0257673200,0.2300886000,0.0190888600,0.9729824000,-0.0326656700,0.0005654602,-0.0238272100,0.2143720000,0.0551303300,0.9751951000,0.0000000000,
4004814,1,1.0000000000,3.2225650000,-0.0326403400,0.0005599671,-0.0238346400,0.2251619000,0.0456854600,0.9732497000,1,1.0000000000,3.2486570000,0.0342624400,-0.0022803500,-0.0257747000,0.2329414000,0.0266571900,0.9721253000,-0.0322529500,0.0005435181,-0.0238458700,0.2252064000,0.0455783900,0.9732444000,0.0000000000,
4004822,1,1.0000000000,3.1683500000,-0.0325632000,0.0005469818,-0.0238488500,0.2341045000,0.0467537600,0.9710866000,1,1.0000000000,3.1829220000,0.0343059700,-0.0022753600,-0.0257873100,0.2448745000,0.0354006000,0.9689083000,-0.0284566500,0.0003736572,-0.0239679000,0.2347744000,0.0460515500,0.9709584000,0.0000000000,
4004831,1,1.0000000000,3.1319430000,-0.0325417300,0.0005278931,-0.0238605800,0.2464018000,0.0589606400,0.9673727000,1,1.0000000000,3.2507780000,0.0343555000,-0.0022673800,-0.0257947100,0.2552349000,0.0224610400,0.9666181000,-0.0203730500,0.0000194244,-0.0242124000,0.2480333000,0.0523227400,0.9673375000,0.0000000000,
4004839,1,1.0000000000,3.1245420000,-0.0325024100,0.0005263672,-0.0238727100,0.2586714000,0.0557260500,0.9643567000,1,1.0000000000,3.1181950000,0.0344041000,-0.0022821050,-0.0258123600,0.2663448000,0.0248873400,0.9635565000,-0.0038040160,-0.0006782684,-0.0247047000,0.2619950000,0.0425112400,0.9641324000,0.0000000000,
4004847,1,1.0000000000,3.1909790000,-0.0324191600,0.0005527649,-0.0238810400,0.2561961000,0.0471651200,0.9654735000,1,1.0000000000,3.1367800000,0.0344476000,-0.0022964020,-0.0258287400,0.2661903000,0.0317688800,0.9633968000,0.0002122498,-0.0008376465,-0.0248315300,0.2610804000,0.0396579800,0.9645021000,0.0000000000,
4004856,1,1.0000000000,3.1534580000,-0.0324117300,0.0005300140,-0.0238830300,0.2691963000,0.0489503400,0.9618405000,1,1.0000000000,3.2359310000,0.0344893500,-0.0022858130,-0.0258442200,0.2729693000,0.0394446600,0.9612138000,0.0004411011,-0.0008527375,-0.0248461000,0.2710601000,0.0442815000,0.9615433000,0.0000000000,
4004864,1,1.0000000000,3.0957490000,-0.0323489700,0.0005535583,-0.0238953300,0.2703106000,0.0402070700,0.9619333000,1,1.0000000000,3.0903630000,0.0345364500,-0.0022976840,-0.0258423300,0.2799535000,0.0238037500,0.9597184000,0.0007072602,-0.0008555909,-0.0248575800,0.2750873000,0.0321047100,0.9608831000,0.0000000000,
4004872,1,1.0000000000,3.0793460000,-0.0323572700,0.0005357972,-0.0238955400,0.2837726000,0.0425269800,0.9579481000,1,1.0000000000,3.1821900000,0.0345620700,-0.0022962950,-0.0258505000,0.2839085000,0.0293887800,0.9584009000,0.0001479035,-0.0008398438,-0.0248451300,0.2838476000,0.0361485300,0.9581878000,0.0000000000,
4004881,1,1.0000000000,3.0789030000,-0.0322826100,0.0005645142,-0.0239060500,0.2810536000,0.0362704000,0.9590064000,1,1.0000000000,3.1529080000,0.0345943600,-0.0022932890,-0.0258612500,0.2874655000,0.0344702200,0.9571705000,-0.0005439759,-0.0007917481,-0.0248339500,0.2841060000,0.0354159700,0.9581386000,0.0000000000,
4004889,1,1.0000000000,3.0323180000,-0.0322592300,0.0005854340,-0.0239121900,0.2814200000,0.0442355700,0.9585646000,1,1.0000000000,3.1768490000,0.0346079100,-0.0022711790,-0.0258700300,0.2932463000,0.0378879500,0.9552859000,-0.0006600342,-0.0007644959,-0.0248374000,0.2870194000,0.0412447300,0.9570364000,0.0000000000,
4004897,1,1.0000000000,3.1027830000,-0.0322345800,0.0006038208,-0.0239343700,0.2973967000,0.0537267200,0.9532411000,1,1.0000000000,3.1049650000,0.0346275900,-0.0022578280,-0.0258731900,0.2934436000,0.0375978900,0.9552367000,0.0000686951,-0.0007787324,-0.0248710800,0.2954917000,0.0459297700,0.9542406000,0.0000000000,
4004905,1,1.0000000000,3.1112370000,-0.0322178000,0.0006046906,-0.0239333500,0.2984356000,0.0502173800,0.9531078000,1,1.0000000000,3.1795200000,0.0346587100,-0.0022606970,-0.0258768200,0.2949723000,0.0370336600,0.9547879000,0.0020484310,-0.0008634797,-0.0249291400,0.2966653000,0.0434576100,0.9539922000,0.0000000000,
4004914,1,1.0000000000,3.0706630000,-0.0322101000,0.0006011811,-0.0239371700,0.3022475000,0.0492861200,0.9519545000,1,1.0000000000,3.2102510000,0.0346899400,-0.0022707060,-0.0258802300,0.2951834000,0.0359347100,0.9547646000,0.0023726350,-0.0008833771,-0.0249416100,0.2986011000,0.0423891800,0.9534361000,0.0000000000,
4004922,1,1.0000000000,3.0835420000,-0.0322095300,0.0006010285,-0.0239386300,0.3049031000,0.0533450800,0.9508882000,1,1.0000000000,3.0869290000,0.0347060100,-0.0022654110,-0.0258865100,0.2978216000,0.0381470400,0.9538591000,0.0025467680,-0.0008878174,-0.0249503600,0.3012283000,0.0454566200,0.9524680000,0.0000000000,
4004930,1,1.0000000000,3.0946040000,-0.0322089900,0.0006011811,-0.0239400800,0.3076347000,0.0523227600,0.9500648000,1,1.0000000000,3.1249080000,0.0347176200,-0.0022642370,-0.0258900500,0.2882087000,0.0489350600,0.9563164000,0.0029393310,-0.0009036713,-0.0249641600,0.2974446000,0.0505379700,0.9534006000,0.0000000000,
4004939,1,1.0000000000,3.1058200000,-0.0322030000,0.0006037293,-0.0239401300,0.3090696000,0.0518651000,0.9496241000,1,1.0000000000,3.1227720000,0.0347262900,-0.0022639310,-0.0258965800,0.2967568000,0.0454717800,0.9538699000,0.0028313140,-0.0008973542,-0.0249642300,0.3026317000,0.0485236200,0.9518716000,0.0000000000,
4004947,1,1.0000000000,3.1172180000,-0.0321970200,0.0006062775,-0.0239401700,0.3105208000,0.0514839000,0.9491714000,1,1.0000000000,3.1187290000,0.0347316000,-0.0022641600,-0.0258964700,0.2946492000,0.0458529700,0.9545048000,0.0024783940,-0.0008808747,-0.0249537200,0.3023092000,0.0485690500,0.9519718000,0.0000000000,
4004955,1,1.0000000000,3.1054530000,-0.0321923500,0.0006082306,-0.0239401300,0.3091907000,0.0500491300,0.9496822000,1,1.0000000000,3.0990300000,0.0347464300,-0.0022618260,-0.0258983300,0.2960685000,0.0439609000,0.9541545000,0.0018604740,-0.0008518067,-0.0249363000,0.3025220000,0.0469667500,0.9519846000,0.0000000000,
4004964,1,1.0000000000,3.0946200000,-0.0321876700,0.0006101685,-0.0239400800,0.3086295000,0.0504159000,0.9498453000,1,1.0000000000,3.1444850000,0.0347543100,-0.0022590940,-0.0259044800,0.3007690000,0.0460362300,0.9525853000,0.0004884644,-0.0007903901,-0.0248989600,0.3047962000,0.0482791100,0.9511932000,0.0000000000,
4004972,1,1.0000000000,3.0887450000,-0.0321842500,0.0006122132,-0.0239391600,0.3082779000,0.0500190500,0.9499805000,1,1.0000000000,3.0954440000,0.0347571400,-0.0022559510,-0.0259033200,0.3011629000,0.0435791300,0.9525763000,0.0000700684,-0.0007697449,-0.0248855400,0.3048444000,0.0469061800,0.9512464000,0.0000000000,
4004980,1,1.0000000000,3.0940700000,-0.0321808300,0.0006142578,-0.0239382300,0.3079570000,0.0496985500,0.9501013000,1,1.0000000000,3.0597080000,0.0347599600,-0.0022528080,-0.0259021600,0.3004180000,0.0441898900,0.9527834000,0.0002014618,-0.0007726593,-0.0248882800,0.3043095000,0.0470281200,0.9514117000,0.0000000000,
4004989,1,1.0000000000,3.0888370000,-0.0321763500,0.0006167603,-0.0239377000,0.3085977000,0.0495306600,0.9499022000,1,1.0000000000,3.0704650000,0.0347591000,-0.0022484900,-0.0259012900,0.3001451000,0.0462043500,0.9527739000,0.0004482422,-0.0007797699,-0.0248947600,0.3044755000,0.0479128600,0.9513144000,0.0000000000,
4004997,1,1.0000000000,3.0867610000,-0.0321718800,0.0006192627,-0.0239371700,0.3062164000,0.0491337900,0.9506931000,1,1.0000000000,3.0803530000,0.0347582100,-0.0022441710,-0.0259004200,0.2998999000,0.0462957300,0.9528466000,0.0007436066,-0.0007889405,-0.0249026800,0.3031035000,0.0477452100,0.9517608000,0.0000000000,
4005005,1,1.0000000000,3.0901640000,-0.0321686100,0.0006228791,-0.0239365200,0.3052573000,0.0505227100,0.9509287000,1,1.0000000000,3.0952450000,0.0347562600,-0.0022402040,-0.0259003300,0.2986633000,0.0464787400,0.9532261000,0.0009860230,-0.0007954865,-0.0249093900,0.3019923000,0.0485238500,0.9520746000,0.0000000000,
4005014,1,1.0000000000,3.0877530000,-0.0321718000,0.0006264954,-0.0239362300,0.3055289000,0.0519107700,0.9507667000,1,1.0000000000,3.1275480000,0.0347338600,-0.0022193300,-0.0258843900,0.2960549000,0.0449224600,0.9541140000,0.0016797330,-0.0008133698,-0.0249219200,0.3007387000,0.0483708800,0.9524791000,0.0000000000,
4005022,1,1.0000000000,3.0853120000,-0.0321718500,0.0006280976,-0.0239365900,0.3051341000,0.0516059200,0.9509101000,1,1.0000000000,3.2551730000,0.0347218500,-0.0022187500,-0.0258717100,0.2906213000,0.0407260500,0.9559711000,0.0003034516,-0.0007539673,-0.0248760400,0.2980990000,0.0463261900,0.9534101000,0.0000000000,
4005030,1,1.0000000000,2.9731290000,-0.0321976200,0.0006404877,-0.0239199400,0.2843215000,0.0549477600,0.9571531000,1,1.0000000000,3.0885930000,0.0347098600,-0.0022166440,-0.0258730900,0.2937187000,0.0444797100,0.9548565000,-0.0000044556,-0.0007342377,-0.0248597100,0.2888497000,0.0499116400,0.9560726000,0.0000000000,
4005039,1,1.0000000000,3.0860140000,-0.0322135200,0.0006353913,-0.0239098100,0.2747062000,0.0560612500,0.9598925000,1,1.0000000000,3.1821290000,0.0346905200,-0.0022095190,-0.0258555500,0.2833125000,0.0426792200,0.9580775000,-0.0001754303,-0.0007269288,-0.0248415500,0.2788413000,0.0496524800,0.9590528000,0.0000000000,
4005047,1,1.0000000000,3.0928800000,-0.0322263800,0.0006333771,-0.0239058700,0.2705725000,0.0577552900,0.9609656000,1,1.0000000000,3.2628630000,0.0346669200,-0.0022048040,-0.0258465300,0.2832524000,0.0379490800,0.9582943000,-0.0001933899,-0.0007257233,-0.0248351700,0.2766592000,0.0482791700,0.9597546000,0.0000000000,
4005055,1,1.0000000000,3.1145480000,-0.0322474800,0.0006361542,-0.0238986500,0.2607621000,0.0619823000,0.9634113000,1,1.0000000000,3.2851410000,0.0346324900,-0.0021923070,-0.0258429400,0.2837881000,0.0388038000,0.9581015000,-0.0001191101,-0.0007225953,-0.0248326700,0.2718677000,0.0508578900,0.9609898000,0.0000000000,
4005064,1,1.0000000000,3.0350190000,-0.0322837200,0.0006423187,-0.0238853500,0.2516491000,0.0591738600,0.9660078000,1,1.0000000000,3.1660770000,0.0346162600,-0.0021944280,-0.0258396300,0.2755015000,0.0425879200,0.9603568000,0.0026665350,-0.0008396607,-0.0249063100,0.2641332000,0.0505072700,0.9631629000,0.0000000000,
4005072,1,1.0000000000,3.0119630000,-0.0323466800,0.0006235047,-0.0238708700,0.2509480000,0.0645909700,0.9658432000,1,1.0000000000,3.2603150000,0.0345983400,-0.0021928560,-0.0258257000,0.2602562000,0.0420536000,0.9646234000,0.0026107480,-0.0008471375,-0.0248916500,0.2558163000,0.0528264800,0.9652810000,0.0000000000,
4005080,1,1.0000000000,2.9353180000,-0.0323391600,0.0006426850,-0.0238738300,0.2351086000,0.0687717100,0.9695330000,1,1.0000000000,3.1892240000,0.0345703100,-0.0021837920,-0.0258112500,0.2490265000,0.0346378800,0.9678770000,0.0025510250,-0.0008311921,-0.0248841000,0.2424033000,0.0509800800,0.9688352000,0.0000000000,
4005089,1,1.0000000000,2.9842070000,-0.0323657200,0.0006437683,-0.0238581900,0.2249178000,0.0671701400,0.9720597000,1,1.0000000000,3.2076110000,0.0345270300,-0.0021770940,-0.0258057300,0.2457603000,0.0401309900,0.9684995000,0.0023570250,-0.0008204804,-0.0248691300,0.2357824000,0.0531471600,0.9703515000,0.0000000000,
4005097,1,1.0000000000,3.0675350000,-0.0324310300,0.0006289826,-0.0238392800,0.2183398000,0.0734258800,0.9731066000,1,1.0000000000,3.2200010000,0.0344833100,-0.0021855470,-0.0257959100,0.2389694000,0.0441592100,0.9700225000,0.0020884710,-0.0008229523,-0.0248486600,0.2290210000,0.0583348100,0.9716720000,0.0000000000,
4005105,1,1.0000000000,2.9491580000,-0.0324994100,0.0006392823,-0.0238290600,0.2145865000,0.0714881600,0.9740853000,1,1.0000000000,3.2178040000,0.0344331200,-0.0021878050,-0.0257757300,0.2203239000,0.0442814600,0.9744211000,0.0011477200,-0.0007818909,-0.0248076500,0.2175013000,0.0578162300,0.9743462000,0.0000000000,
4005114,1,1.0000000000,3.0841980000,-0.0325316900,0.0006391449,-0.0238117500,0.2066378000,0.0665599000,0.9761509000,1,1.0000000000,3.2175900000,0.0343793700,-0.0021637570,-0.0257703900,0.2050338000,0.0431063800,0.9778052000,0.0002635651,-0.0007346344,-0.0247717300,0.2058586000,0.0550695700,0.9770310000,0.0000000000,
4005122,1,1.0000000000,2.9844820000,-0.0326143100,0.0006487427,-0.0238191500,0.1989929000,0.0647592800,0.9778589000,1,1.0000000000,3.2177580000,0.0343144100,-0.0021494750,-0.0257825200,0.2051263000,0.0550848700,0.9771842000,-0.0003931275,-0.0006983795,-0.0247643800,0.2019522000,0.0601050000,0.9775493000,0.0000000000,
4005130,1,1.0000000000,2.8480380000,-0.0326741800,0.0006588745,-0.0238034400,0.1886623000,0.0496222700,0.9807876000,1,1.0000000000,3.1675720000,0.0342513400,-0.0021903990,-0.0257037200,0.1962607000,0.0494390200,0.9793046000,-0.0011469270,-0.0006833496,-0.0246986200,0.1922472000,0.0495304600,0.9800958000,0.0000000000,
4005139,1,1.0000000000,3.0989690000,-0.0327650600,0.0007100372,-0.0238758500,0.1817792000,0.0594028600,0.9815435000,1,1.0000000000,3.2682650000,0.0341647800,-0.0021793370,-0.0256835700,0.1867692000,0.0481113800,0.9812250000,-0.0022292180,-0.0006081848,-0.0247006100,0.1840695000,0.0542610700,0.9814143000,0.0000000000,
4005147,1,1.0000000000,3.0871580000,-0.0328570400,0.0006676331,-0.0236844600,0.1661233000,0.0580447200,0.9843952000,1,1.0000000000,3.2373960000,0.0341083100,-0.0022130280,-0.0255521900,0.1672525000,0.0476534600,0.9847618000,-0.0079255370,-0.0004048462,-0.0243798200,0.1665497000,0.0541839800,0.9845432000,0.0000000000,
4005155,1,1.0000000000,3.1051180000,-0.0329436700,0.0007363892,-0.0238620000,0.1556421000,0.0557870200,0.9862369000,1,1.0000000000,3.1564640000,0.0340105700,-0.0022629240,-0.0253537000,0.1621260000,0.0527348200,0.9853599000,-0.0222047300,0.0002553101,-0.0241012600,0.1566798000,0.0552987600,0.9861001000,0.0000000000,
4005164,1,1.0000000000,3.1251070000,-0.0330155800,0.0007674561,-0.0239251400,0.1532310000,0.0478980200,0.9870289000,1,1.0000000000,3.3404850000,0.0339064200,-0.0023182680,-0.0250755600,0.1570902000,0.0580600300,0.9858761000,-0.0317772700,0.0007103577,-0.0239464300,0.1533063000,0.0480960900,0.9870076000,0.0000000000,
4005172,1,1.0000000000,3.0960540000,-0.0331086400,0.0007263184,-0.0237615100,0.1358651000,0.0606845700,0.9888670000,1,1.0000000000,3.2272190000,0.0337998500,-0.0024438170,-0.0245884100,0.1507724000,0.0598145700,0.9867573000,-0.0330789600,0.0007249146,-0.0237618700,0.1358652000,0.0606693700,0.9888680000,0.0000000000,
4005180,1,1.0000000000,3.1188350000,-0.0331841600,0.0007649689,-0.0238652500,0.1266959000,0.0666210100,0.9897019000,1,1.0000000000,3.2319340000,0.0337115900,-0.0023497010,-0.0247960500,0.1365985000,0.0618904800,0.9886912000,-0.0331799200,0.0007647705,-0.0238653100,0.1266959000,0.0666210100,0.9897019000,0.0000000000,
4005189,1,1.0000000000,3.0728300000,-0.0332642200,0.0007573853,-0.0238005700,0.1130226000,0.0659641600,0.9914004000,1,1.0000000000,3.1973270000,0.0336376200,-0.0021742100,-0.0253098200,0.1166846000,0.0552981500,0.9916283000,-0.0332539200,0.0007569275,-0.0238008000,0.1130226000,0.0659641600,0.9914004000,0.0000000000,
4005197,1,1.0000000000,3.1778110000,-0.0333504200,0.0007833405,-0.0238802800,0.0992586100,0.0681764000,0.9927234000,1,1.0000000000,3.3061520000,0.0335732300,-0.0019005590,-0.0261071200,0.0925758500,0.0397494800,0.9949119000,-0.0333465200,0.0007831879,-0.0238804200,0.0992586100,0.0681764000,0.9927234000,0.0000000000,
4005205,1,1.0000000000,3.1589810000,-0.0334453600,0.0007749177,-0.0238358300,0.0844890800,0.0711679800,0.9938797000,1,1.0000000000,3.2285000000,0.0334993300,-0.0018186190,-0.0263874700,0.0688635900,0.0460819900,0.9965612000,-0.0334448100,0.0007749024,-0.0238358500,0.0844890800,0.0711679800,0.9938797000,0.0000000000,
4005214,1,1.0000000000,3.1588590000,-0.0335347000,0.0007330628,-0.0236757200,0.0687875800,0.0675058300,0.9953448000,1,1.0000000000,3.2517400000,0.0334121100,-0.0017388760,-0.0265503900,0.0579684500,0.0456545400,0.9972740000,-0.0335346500,0.0007330628,-0.0236757200,0.0687875800,0.0675058300,0.9953448000,0.0000000000,
4005222,1,1.0000000000,3.1744080000,-0.0336258600,0.0007195740,-0.0236266500,0.0532839400,0.0683749500,0.9962358000,1,1.0000000000,3.2848050000,0.0333301600,-0.0017259070,-0.0265965900,0.0463871300,0.0474400000,0.9977964000,-0.0336258600,0.0007195740,-0.0236266500,0.0532839400,0.0683749500,0.9962358000,0.0000000000,
4005230,1,1.0000000000,3.1482390000,-0.0336906300,0.0007897950,-0.0238656000,0.0445104700,0.0711374000,0.9964729000,1,1.0000000000,3.3178100000,0.0332368300,-0.0019483800,-0.0258930200,0.0354158300,0.0542452700,0.9978994000,-0.0336906300,0.0007897950,-0.0238656000,0.0445104700,0.0711374000,0.9964729000,0.0000000000,
4005239,1,1.0000000000,3.1768340000,-0.0337414000,0.0008371887,-0.0239145200,0.0218508700,0.0665902300,0.9975411000,1,1.0000000000,3.2366790000,0.0331602500,-0.0018733370,-0.0260808400,0.0245362000,0.0589753700,0.9979579000,-0.0337414000,0.0008371887,-0.0239145200,0.0218508700,0.0665902300,0.9975411000,0.0000000000,
4005247,1,1.0000000000,3.0617830000,-0.0338539900,0.0007817688,-0.0237581200,0.0262911000,0.0677953300,0.9973528000,1,1.0000000000,3.2236630000,0.0330651700,-0.0019195250,-0.0258997400,0.0111390800,0.0576485300,0.9982748000,-0.0338539700,0.0007817688,-0.0237581200,0.0262911000,0.0677953300,0.9973528000,0.0000000000,
4005255,1,1.0000000000,3.2022550000,-0.0339070300,0.0008407288,-0.0238404300,0.0054626590,0.0680391000,0.9976677000,1,1.0000000000,3.1889340000,0.0329627200,-0.0019004210,-0.0259877500,0.0032501410,0.0566562200,0.9983885000,-0.0339036400,0.0008405915,-0.0238405500,0.0054626590,0.0680391000,0.9976677000,0.0000000000,
4005264,1,1.0000000000,3.1288760000,-0.0340084700,0.0008820191,-0.0239514600,0.0022125480,0.0700843600,0.9975386000,1,1.0000000000,3.1714630000,0.0328770200,-0.0018413540,-0.0261616700,-0.0007476902,0.0595100400,0.9982275000,-0.0337824400,0.0008728181,-0.0239589400,0.0022125550,0.0700388000,0.9975418000,0.0000000000,
4005272,1,1.0000000000,3.1937870000,-0.0340610400,0.0008999939,-0.0239694400,-0.0158692700,0.0782935000,0.9968041000,1,1.0000000000,3.2347260000,0.0328035900,-0.0018676910,-0.0260789500,-0.0133973300,0.0613713900,0.9980251000,-0.0321825600,0.0008222351,-0.0240287000,-0.0157931000,0.0778210800,0.9968422000,0.0000000000,
4005280,1,1.0000000000,3.1344150000,-0.0341573100,0.0009086609,-0.0239727300,-0.0247043100,0.0786601100,0.9965953000,1,1.0000000000,3.2288360000,0.0327235400,-0.0018249670,-0.0261973400,-0.0231325900,0.0661781400,0.9975397000,-0.0317146300,0.0008088227,-0.0240539900,-0.0246583200,0.0782016700,0.9966326000,0.0000000000,
4005289,1,1.0000000000,3.2125700000,-0.0342633500,0.0010950930,-0.0246729000,-0.0268863300,0.0656594100,0.9974798000,1,1.0000000000,3.1514430000,0.0326510600,-0.0018752900,-0.0260658100,-0.0321504800,0.0657047800,0.9973211000,-0.0043613130,-0.0002322693,-0.0252953500,-0.0292512500,0.0656894400,0.9974113000,0.0000000000,
4005297,1,1.0000000000,3.1944890000,-0.0343068400,0.0011542210,-0.0248446500,-0.0373537800,0.0708470600,0.9967875000,1,1.0000000000,3.3169710000,0.0326117100,-0.0018791200,-0.0260367900,-0.0447999500,0.0641176400,0.9969363000,0.0321374100,-0.0018576200,-0.0260283400,-0.0447389100,0.0641634100,0.9969361000,0.0000000000,
4005305,1,1.0000000000,3.2920380000,-0.0343422300,0.0011248630,-0.0246878100,-0.0511021600,0.0593725000,0.9969270000,1,1.0000000000,3.1864320000,0.0325621500,-0.0018442990,-0.0261576300,-0.0548554400,0.0667115400,0.9962633000,0.0325485200,-0.0018437040,-0.0261573300,-0.0548554400,0.0667115400,0.9962633000,0.0000000000,
4005314,1,1.0000000000,3.1969910000,-0.0343742600,0.0011391600,-0.0246978300,-0.0601960800,0.0609285100,0.9963253000,1,1.0000000000,3.2456210000,0.0325064900,-0.0018051150,-0.0263007800,-0.0630654800,0.0644693100,0.9959249000,0.0325026300,-0.0018049470,-0.0263006900,-0.0630654800,0.0644693100,0.9959249000,0.0000000000,
4005322,1,1.0000000000,3.2599030000,-0.0344726300,0.0014753420,-0.0257960400,-0.0545810600,0.0565036900,0.9969094000,1,1.0000000000,3.1838990000,0.0324573200,-0.0018668370,-0.0261608400,-0.0764321100,0.0724190000,0.9944414000,0.0324572500,-0.0018668370,-0.0261608400,-0.0764321100,0.0724190000,0.9944414000,0.0000000000,
4005330,1,1.0000000000,3.3780060000,-0.0345303700,0.0014414370,-0.0257739900,-0.0592657300,0.0586858900,0.9965157000,1,1.0000000000,3.2661440000,0.0324030600,-0.0018234860,-0.0262878400,-0.0890210800,0.0630349800,0.9940332000,0.0324030300,-0.0018234860,-0.0262878400,-0.0890210800,0.0630349800,0.9940332000,0.0000000000,
4005339,1,1.0000000000,3.3454440000,-0.0346044500,0.0014689640,-0.0259179100,-0.0674289400,0.0590213000,0.9959769000,1,1.0000000000,3.4040680000,0.0323377500,-0.0018625180,-0.0261861100,-0.0961307100,0.0716555300,0.9927862000,0.0323377400,-0.0018625180,-0.0261861100,-0.0961307100,0.0716555300,0.9927862000,0.0000000000,
4005347,1,1.0000000000,3.1473240000,-0.0346705700,0.0015113680,-0.0260614900,-0.0789342100,0.0596622300,0.9950928000,1,1.0000000000,3.2305300000,0.0322593700,-0.0018312530,-0.0262537900,-0.1049811000,0.0693058400,0.9920563000,0.0322593700,-0.0018312530,-0.0262537900,-0.1049811000,0.0693058400,0.9920563000,0.0000000000,
4005355,1,1.0000000000,3.2605900000,-0.0347324200,0.0015047610,-0.0260502200,-0.0921487800,0.0597235200,0.9939526000,1,1.0000000000,3.3092040000,0.0322053400,-0.0018198550,-0.0262985400,-0.1186374000,0.0636903300,0.9908929000,0.0322053400,-0.0018198550,-0.0262985400,-0.1186374000,0.0636903300,0.9908929000,0.0000000000,
4005364,1,1.0000000000,3.3538210000,-0.0348073100,0.0015803070,-0.0262873400,-0.0878157100,0.0572213600,0.9944919000,1,1.0000000000,3.4309690000,0.0321264200,-0.0018700260,-0.0261420500,-0.1204848000,0.0697639700,0.9902608000,0.0321264000,-0.0018700260,-0.0261420500,-0.1204848000,0.0697639700,0.9902608000,0.0000000000,
4005372,1,1.0000000000,3.3371580000,-0.0348409600,0.0016306460,-0.0264136800,-0.0981452400,0.0652012800,0.9930339000,1,1.0000000000,3.4259190000,0.0320628700,-0.0017648930,-0.0264558000,-0.1336997000,0.0687724600,0.9886328000,0.0320628400,-0.0017648930,-0.0264558000,-0.1336997000,0.0687724600,0.9886328000,0.0000000000,
4005380,1,1.0000000000,3.3467100000,-0.0348414900,0.0016212770,-0.0263234400,-0.0905921800,0.0696874600,0.9934469000,1,1.0000000000,3.3539730000,0.0320470100,-0.0017577820,-0.0264590600,-0.1275800000,0.0686347100,0.9894506000,0.0320462400,-0.0017577360,-0.0264590600,-0.1275800000,0.0686347100,0.9894506000,0.0000000000,
4005389,1,1.0000000000,3.2890630000,-0.0348691900,0.0015690920,-0.0261219500,-0.1021284000,0.0737619500,0.9920327000,1,1.0000000000,3.3275910000,0.0320116700,-0.0018068090,-0.0263207700,-0.1318833000,0.0726632400,0.9885985000,0.0319718300,-0.0018047940,-0.0263206500,-0.1318683000,0.0726633800,0.9886004000,0.0000000000,
4005397,1,1.0000000000,3.2687230000,-0.0349379400,0.0015942080,-0.0261827100,-0.1032572000,0.0724341600,0.9920138000,1,1.0000000000,3.3731230000,0.0319637000,-0.0018730320,-0.0261687800,-0.1429757000,0.0775303600,0.9866849000,0.0268814400,-0.0016096340,-0.0261698300,-0.1399701000,0.0771491200,0.9871455000,0.0000000000,
4005405,1,1.0000000000,3.2926180000,-0.0349765500,0.0015694580,-0.0261429900,-0.1163954000,0.0763863900,0.9902612000,1,1.0000000000,3.3954010000,0.0319175400,-0.0018078920,-0.0263734400,-0.1439680000,0.0729987000,0.9868862000,0.0211832000,-0.0012659300,-0.0263364600,-0.1395428000,0.0735479900,0.9874809000,0.0000000000,
4005414,1,1.0000000000,3.1927030000,-0.0350182100,0.0016126560,-0.0262765500,-0.1286632000,0.0780798600,0.9886098000,1,1.0000000000,3.4358980000,0.0318763400,-0.0017671510,-0.0265014500,-0.1411148000,0.0704506000,0.9874833000,0.0047382360,-0.0003960114,-0.0264102200,-0.1360634000,0.0735477700,0.9879664000,0.0000000000,
4005422,1,1.0000000000,3.2447360000,-0.0350549000,0.0015414580,-0.0260227100,-0.1319887000,0.0834351900,0.9877335000,1,1.0000000000,3.3309330000,0.0318420400,-0.0018038940,-0.0264072100,-0.1551365000,0.0718385400,0.9852775000,0.0024258420,-0.0003328552,-0.0262381300,-0.1449745000,0.0769351900,0.9864398000,0.0000000000,
4005430,1,1.0000000000,3.2514040000,-0.0350797000,0.0015046390,-0.0258810900,-0.1375735000,0.0821687100,0.9870775000,1,1.0000000000,3.2978820000,0.0318201300,-0.0018492740,-0.0262782100,-0.1569385000,0.0781869500,0.9845086000,0.0114153100,-0.0008263093,-0.0261570900,-0.1510337000,0.0793926300,0.9853353000,0.0000000000,
4005439,1,1.0000000000,3.2509920000,-0.0350985000,0.0014917450,-0.0258136400,-0.1481805000,0.0825971800,0.9855050000,1,1.0000000000,3.3250430000,0.0317918100,-0.0018405610,-0.0262933100,-0.1526957000,0.0800939100,0.9850223000,0.0200031400,-0.0012532810,-0.0262087700,-0.1519015000,0.0805360200,0.9851091000,0.0000000000,
4005447,1,1.0000000000,3.2496030000,-0.0351251700,0.0014947050,-0.0258076800,-0.1484083000,0.0806129100,0.9856351000,1,1.0000000000,3.4091030000,0.0317526900,-0.0018369140,-0.0262612000,-0.1644004000,0.0750590000,0.9835337000,0.0272476400,-0.0016124880,-0.0262306500,-0.1633319000,0.0754250100,0.9836838000,0.0000000000,
4005455,1,1.0000000000,3.2749480000,-0.0351471100,0.0014573210,-0.0256644500,-0.1550009000,0.0819407900,0.9845103000,1,1.0000000000,3.4153290000,0.0317287100,-0.0018399660,-0.0262456500,-0.1658645000,0.0795600200,0.9829340000,0.0288857100,-0.0016997830,-0.0262209500,-0.1653908000,0.0796512600,0.9830064000,0.0000000000,
4005464,1,1.0000000000,3.3226010000,-0.0351684000,0.0014088440,-0.0255010100,-0.1589825000,0.0835272500,0.9837417000,1,1.0000000000,3.3785710000,0.0317150300,-0.0018362270,-0.0262566100,-0.1649648000,0.0806284100,0.9829983000,0.0306453300,-0.0017843320,-0.0262445200,-0.1648726000,0.0806739000,0.9830101000,0.0000000000,
4005472,1,1.0000000000,3.2430730000,-0.0351814400,0.0013496400,-0.0253175500,-0.1710995000,0.0798810300,0.9820102000,1,1.0000000000,3.4205020000,0.0316987100,-0.0018390810,-0.0262544300,-0.1736307000,0.0845341500,0.9811760000,0.0312933500,-0.0018197630,-0.0262487500,-0.1736163000,0.0845040800,0.9811811000,0.0000000000,
4005480,1,1.0000000000,3.2730410000,-0.0351911500,0.0013636170,-0.0253623500,-0.1615762000,0.0843205400,0.9832513000,1,1.0000000000,3.4023900000,0.0316948700,-0.0018406980,-0.0262500800,-0.1698631000,0.0801097200,0.9822062000,0.0314649500,-0.0018296810,-0.0262470300,-0.1698307000,0.0801241000,0.9822106000,0.0000000000,
4005489,1,1.0000000000,3.2484740000,-0.0351946900,0.0013662870,-0.0253650200,-0.1645823000,0.0838323200,0.9827943000,1,1.0000000000,3.4193420000,0.0316910300,-0.0018423010,-0.0262457100,-0.1718145000,0.0822146200,0.9816927000,0.0315260600,-0.0018343970,-0.0262435500,-0.1717997000,0.0822148400,0.9816952000,0.0000000000,
4005497,1,1.0000000000,3.2244110000,-0.0351982300,0.0013689580,-0.0253673300,-0.1675884000,0.0834203300,0.9823213000,1,1.0000000000,3.4154050000,0.0316920000,-0.0018406980,-0.0262484600,-0.1717534000,0.0821687900,0.9817072000,0.0314484900,-0.0018290100,-0.0262452600,-0.1717386000,0.0821690000,0.9817098000,0.0000000000,
4005505,1,1.0000000000,3.2389830000,-0.0351975400,0.0013707120,-0.0253675100,-0.1678936000,0.0831609700,0.9822912000,1,1.0000000000,3.4114380000,0.0316929900,-0.0018390810,-0.0262511900,-0.1716772000,0.0821383200,0.9817231000,0.0312115800,-0.0018159940,-0.0262448300,-0.1716624000,0.0821385400,0.9817256000,0.0000000000,
4005514,1,1.0000000000,3.2538910000,-0.0351968700,0.0013724670,-0.0253676800,-0.1679085000,0.0829776600,0.9823042000,1,1.0000000000,3.3998110000,0.0316958500,-0.0018374330,-0.0262528100,-0.1721673000,0.0822612900,0.9816270000,0.0303009400,-0.0017704930,-0.0262343600,-0.1720757000,0.0822765100,0.9816418000,0.0000000000,
4005522,1,1.0000000000,3.2684020000,-0.0351812200,0.0014950870,-0.0256980300,-0.1557323000,0.0861975300,0.9840312000,1,1.0000000000,3.3140870000,0.0317392300,-0.0018214570,-0.0262381300,-0.1705039000,0.0822764700,0.9819160000,0.0296853800,-0.0017196660,-0.0262215600,-0.1700450000,0.0823979700,0.9819854000,0.0000000000,
4005530,1,1.0000000000,3.2453610000,-0.0351683300,0.0015553130,-0.0258937900,-0.1489117000,0.0819250900,0.9854509000,1,1.0000000000,3.3475950000,0.0317618600,-0.0018210910,-0.0262150100,-0.1695884000,0.0818034200,0.9821140000,0.0302197900,-0.0017433020,-0.0262076100,-0.1691137000,0.0818026100,0.9821960000,0.0000000000,
4005539,1,1.0000000000,3.2350620000,-0.0351533100,0.0015905000,-0.0260130800,-0.1505146000,0.0884105200,0.9846466000,1,1.0000000000,3.3489690000,0.0317808700,-0.0018001710,-0.0262743200,-0.1663077000,0.0804606500,0.9827858000,0.0314175600,-0.0017817690,-0.0262729000,-0.1662158000,0.0804909900,0.9827988000,0.0000000000,
4005547,1,1.0000000000,3.2268520000,-0.0351364500,0.0016211090,-0.0261086400,-0.1459970000,0.0843969100,0.9856784000,1,1.0000000000,3.2597810000,0.0318005800,-0.0017580410,-0.0264009600,-0.1629800000,0.0813908300,0.9832665000,0.0317461100,-0.0017552950,-0.0264007100,-0.1629652000,0.0813910300,0.9832690000,0.0000000000,
4005555,1,1.0000000000,3.1114650000,-0.0351239300,0.0016433720,-0.0261725600,-0.1446384000,0.0848238000,0.9858420000,1,1.0000000000,3.3452450000,0.0318199000,-0.0017349240,-0.0264519400,-0.1586460000,0.0835115400,0.9837974000,0.0317862400,-0.0017332310,-0.0264518000,-0.1586311000,0.0835117400,0.9837998000,0.0000000000,
4005564,1,1.0000000000,3.1351470000,-0.0351200300,0.0016765600,-0.0262721000,-0.1380791000,0.0852980500,0.9867413000,1,1.0000000000,3.3889010000,0.0318394500,-0.0017363130,-0.0264374100,-0.1558540000,0.0804141800,0.9845015000,0.0318140300,-0.0017350160,-0.0264373500,-0.1558540000,0.0804141800,0.9845015000,0.0000000000,
4005572,1,1.0000000000,3.1581270000,-0.0351115000,0.0016681060,-0.0262348200,-0.1321577000,0.0862740500,0.9874671000,1,1.0000000000,3.3532870000,0.0318441500,-0.0017252050,-0.0264629700,-0.1535812000,0.0804298400,0.9848573000,0.0317917700,-0.0017225500,-0.0264627900,-0.1535512000,0.0804453700,0.9848607000,0.0000000000,
4005580,1,1.0000000000,3.1800380000,-0.0351029700,0.0016765600,-0.0262721000,-0.1271834000,0.0877847800,0.9879870000,1,1.0000000000,3.2184140000,0.0318605000,-0.0017170720,-0.0264431600,-0.1454944000,0.0787668700,0.9862186000,0.0316902200,-0.0017084350,-0.0264427300,-0.1454471000,0.0787965400,0.9862233000,0.0000000000,
4005589,1,1.0000000000,3.1622770000,-0.0351001100,0.0016752170,-0.0262558500,-0.1271528000,0.0864571600,0.9881080000,1,1.0000000000,3.3357850000,0.0318684200,-0.0017151340,-0.0264344600,-0.1413438000,0.0824289500,0.9865229000,0.0308980400,-0.0016660160,-0.0264318700,-0.1411297000,0.0824744300,0.9865497000,0.0000000000,
4005597,1,1.0000000000,3.1451420000,-0.0350972700,0.0016765600,-0.0262721000,-0.1269245000,0.0876020000,0.9880365000,1,1.0000000000,3.3842770000,0.0318877900,-0.0017320100,-0.0263913100,-0.1357138000,0.0830701700,0.9872594000,0.0250650500,-0.0013848270,-0.0263791700,-0.1348274000,0.0835423500,0.9873410000,0.0000000000,
4005605,1,1.0000000000,3.2399140000,-0.0350466500,0.0016910400,-0.0262864100,-0.1025547000,0.0847781700,0.9911081000,1,1.0000000000,3.3054660000,0.0319247000,-0.0017731630,-0.0262660700,-0.1266185000,0.0789038600,0.9888083000,0.0113956500,-0.0007112580,-0.0262723100,-0.1192492000,0.0807201900,0.9895776000,0.0000000000,
4005614,1,1.0000000000,3.1031650000,-0.0350092300,0.0017082830,-0.0263590700,-0.0989849900,0.0813608700,0.9917572000,1,1.0000000000,3.2768860000,0.0319606000,-0.0017984620,-0.0261868900,-0.1238414000,0.0791022300,0.9891441000,-0.0030925900,0.0000370178,-0.0262770100,-0.1108403000,0.0802920900,0.9905895000,0.0000000000,
4005622,1,1.0000000000,3.2235260000,-0.0349933200,0.0017259830,-0.0264577000,-0.0792696700,0.0843966400,0.9932742000,1,1.0000000000,3.3044740000,0.0320166200,-0.0018694920,-0.0259974500,-0.1166996000,0.0832369700,0.9896731000,-0.0235147900,0.0011100920,-0.0263788600,-0.0856937100,0.0842136000,0.9927561000,0.0000000000,
4005630,1,1.0000000000,3.2363280000,-0.0349554300,0.0016801610,-0.0263221500,-0.0774693600,0.0803685500,0.9937502000,1,1.0000000000,3.2830960000,0.0320509800,-0.0018682710,-0.0260118700,-0.1098945000,0.0817418500,0.9905763000,-0.0313109500,0.0014871520,-0.0263052700,-0.0792399300,0.0804453900,0.9936044000,0.0000000000,
4005639,1,1.0000000000,3.2718810000,-0.0349130000,0.0016786040,-0.0263014700,-0.0697483700,0.0826879100,0.9941317000,1,1.0000000000,3.2846830000,0.0320661500,-0.0017684630,-0.0263014200,-0.0989079800,0.0751651800,0.9922537000,-0.0304530400,0.0014490660,-0.0263014700,-0.0716869200,0.0822003900,0.9940342000,0.0000000000,
4005647,1,1.0000000000,3.1788790000,-0.0348560500,0.0016553190,-0.0262620600,-0.0650945500,0.0756995000,0.9950036000,1,1.0000000000,3.2822570000,0.0321362800,-0.0018724210,-0.0260469800,-0.0908521600,0.0840771600,0.9923089000,-0.0317446600,0.0014914860,-0.0262520600,-0.0662998000,0.0760960100,0.9948938000,0.0000000000,
4005655,1,1.0000000000,3.1825710000,-0.0348186300,0.0017355350,-0.0265459500,-0.0501560700,0.0770270300,0.9957666000,1,1.0000000000,3.2644810000,0.0322155300,-0.0019006650,-0.0259467000,-0.0818483200,0.0817262500,0.9932883000,-0.0307329900,0.0015139160,-0.0265094300,-0.0520787400,0.0773170200,0.9956455000,0.0000000000,
4005664,1,1.0000000000,3.2547610000,-0.0347185400,0.0015383300,-0.0258898200,-0.0516059900,0.0777599500,0.9956356000,1,1.0000000000,3.3276370000,0.0322662800,-0.0018375090,-0.0261129300,-0.0709238400,0.0787517100,0.9943681000,-0.0209251700,0.0008431702,-0.0259357600,-0.0555733300,0.0779583000,0.9954065000,0.0000000000,
4005672,1,1.0000000000,3.2216190000,-0.0346514600,0.0015407410,-0.0259341900,-0.0332032700,0.0769809300,0.9964796000,1,1.0000000000,3.2751620000,0.0323270300,-0.0018676150,-0.0259993300,-0.0581213600,0.0738991300,0.9955706000,0.0051669010,-0.0004855042,-0.0259729200,-0.0480200400,0.0751505300,0.9960153000,0.0000000000,
4005680,1,1.0000000000,3.1837620000,-0.0345884700,0.0016215820,-0.0261886000,-0.0191041200,0.0756077800,0.9969546000,1,1.0000000000,3.2132110000,0.0324162000,-0.0018548130,-0.0260446800,-0.0471347200,0.0773778600,0.9958870000,0.0204017200,-0.0012314760,-0.0260704800,-0.0421147900,0.0770578500,0.9961367000,0.0000000000,
4005689,1,1.0000000000,3.1260220000,-0.0345293400,0.0017280730,-0.0265587300,0.0028534200,0.0696417700,0.9975680000,1,1.0000000000,3.3614500000,0.0324793700,-0.0018440400,-0.0260511500,-0.0338749800,0.0779429700,0.9963821000,0.0285403000,-0.0016340490,-0.0260810000,-0.0317078000,0.0774537000,0.9964916000,0.0000000000,
4005697,1,1.0000000000,3.4044950000,-0.0343255600,0.0010313110,-0.0242271300,-0.0191803800,0.0854343400,0.9961592000,1,1.0000000000,3.2080380000,0.0325649800,-0.0018003390,-0.0261505300,-0.0195007700,0.0726930100,0.9971637000,0.0325640900,-0.0018003080,-0.0261505000,-0.0195007700,0.0726930100,0.9971637000,0.0000000000,
4005705,1,1.0000000000,3.2094270000,-0.0341882000,0.0009215699,-0.0237788600,-0.0150909700,0.0876771700,0.9960346000,1,1.0000000000,3.2713010000,0.0326385300,-0.0017942200,-0.0261528200,-0.0040436140,0.0717474400,0.9974146000,0.0326385300,-0.0017942200,-0.0261528200,-0.0040436140,0.0717474400,0.9974146000,0.0000000000,
4005714,1,1.0000000000,3.2371980000,-0.0341390600,0.0009245758,-0.0238306100,0.0081482140,0.0945589500,0.9954859000,1,1.0000000000,3.1737060000,0.0327209900,-0.0017416380,-0.0262957600,0.0079651540,0.0699163500,0.9975211000,0.0327209900,-0.0017416380,-0.0262957600,0.0079651540,0.0699163500,0.9975211000,0.0000000000,
4005722,1,1.0000000000,3.0809780000,-0.0340401300,0.0008231202,-0.0235941600,0.0222780300,0.0835426100,0.9962551000,1,1.0000000000,3.0947720000,0.0328241000,-0.0017577670,-0.0261545300,0.0141450100,0.0682683800,0.9975668000,0.0328241000,-0.0017577670,-0.0261545300,0.0141450100,0.0682683800,0.9975668000,0.0000000000,
4005730,1,1.0000000000,3.1627500000,-0.0339615500,0.0008075562,-0.0235947300,0.0375370600,0.0886240800,0.9953576000,1,1.0000000000,3.2577820000,0.0329200400,-0.0017498630,-0.0262057100,0.0339966700,0.0666810800,0.9971950000,0.0329200400,-0.0017498630,-0.0262057100,0.0339966700,0.0666810800,0.9971950000,0.0000000000,
4005739,1,1.0000000000,3.2177120000,-0.0338481100,0.0007892151,-0.0235594300,0.0439610900,0.0916148400,0.9948237000,1,1.0000000000,3.0359500000,0.0330369000,-0.0017859650,-0.0261684000,0.0378876400,0.0803071600,0.9960498000,0.0330369000,-0.0017859650,-0.0261684000,0.0378876400,0.0803071600,0.9960498000,0.0000000000,
4005747,1,1.0000000000,3.1180880000,-0.0337256800,0.0007885132,-0.0236176000,0.0603799400,0.0994430300,0.9932096000,1,1.0000000000,3.2028500000,0.0331539900,-0.0017753600,-0.0262914700,0.0512091300,0.0788278900,0.9955721000,0.0331539900,-0.0017753600,-0.0262914700,0.0512091300,0.0788278900,0.9955721000,0.0000000000,
4005755,1,1.0000000000,3.0646820000,-0.0336098200,0.0009011689,-0.0239773900,0.0787661700,0.0900577200,0.9928170000,1,1.0000000000,3.2463230000,0.0332627000,-0.0017285000,-0.0265242300,0.0572366000,0.0831922100,0.9948885000,0.0332627000,-0.0017285000,-0.0265242300,0.0572366000,0.0831922100,0.9948885000,0.0000000000,
4005764,1,1.0000000000,3.1204070000,-0.0335019700,0.0008564606,-0.0238635400,0.0766765100,0.0960859700,0.9924153000,1,1.0000000000,3.2534030000,0.0333456900,-0.0017548680,-0.0264278700,0.0739143300,0.0821389000,0.9938762000,0.0333455800,-0.0017548680,-0.0264278700,0.0739143300,0.0821389000,0.9938762000,0.0000000000,
4005772,1,1.0000000000,3.1718600000,-0.0333932000,0.0009125214,-0.0240787700,0.0945144000,0.0971847300,0.9907685000,1,1.0000000000,3.2142030000,0.0334443400,-0.0016971590,-0.0265772300,0.0863652200,0.0728458600,0.9935967000,0.0231074100,-0.0012935490,-0.0261908100,0.0876319000,0.0766149800,0.9932023000,0.0000000000,
4005780,1,1.0000000000,3.0967860000,-0.0332926000,0.0009174805,-0.0241354800,0.1161360000,0.0948955300,0.9886897000,1,1.0000000000,3.2994380000,0.0335185000,-0.0017689520,-0.0263696600,0.1060642000,0.0623171100,0.9924046000,0.0212509600,-0.0012756810,-0.0259594400,0.1079258000,0.0683138100,0.9918091000,0.0000000000,
4005789,1,1.0000000000,3.2198330000,-0.0331960800,0.0009036255,-0.0241022200,0.1278541000,0.0959325600,0.9871425000,1,1.0000000000,3.2608490000,0.0335852400,-0.0018548580,-0.0261188500,0.1250324000,0.0672922900,0.9898680000,0.0263464700,-0.0015558470,-0.0259002500,0.1253362000,0.0704043600,0.9896131000,0.0000000000,
4005797,1,1.0000000000,3.1186520000,-0.0331234400,0.0009407654,-0.0241941700,0.1387183000,0.0936894000,0.9858902000,1,1.0000000000,3.2113490000,0.0336911200,-0.0017738190,-0.0262926000,0.1340954000,0.0628057000,0.9889761000,0.0306674200,-0.0016509710,-0.0261976500,0.1343095000,0.0641945200,0.9888580000,0.0000000000,
4005805,1,1.0000000000,3.0186310000,-0.0330006600,0.0011003110,-0.0247404200,0.1531091000,0.0921645200,0.9839021000,1,1.0000000000,3.2145390000,0.0337674900,-0.0020501250,-0.0255635400,0.1587086000,0.0788278900,0.9841737000,0.0276724100,-0.0017625280,-0.0254884000,0.1581899000,0.0800486200,0.9841586000,0.0000000000,
4005814,1,1.0000000000,3.1108860000,-0.0329178600,0.0011333010,-0.0248596200,0.1600047000,0.0877691300,0.9832065000,1,1.0000000000,3.2114720000,0.0338395700,-0.0019963230,-0.0257202000,0.1642327000,0.0880750000,0.9824818000,0.0212171500,-0.0014045720,-0.0255574800,0.1634393000,0.0880140000,0.9826195000,0.0000000000,
4005822,1,1.0000000000,3.1615600000,-0.0329115300,0.0011198730,-0.0248176400,0.1563419000,0.0872346900,0.9838431000,1,1.0000000000,3.2880550000,0.0338481800,-0.0019496160,-0.0258441000,0.1682767000,0.0919051800,0.9814461000,0.0230098300,-0.0014512940,-0.0256774600,0.1663371000,0.0911412900,0.9818479000,0.0000000000,
4005830,1,1.0000000000,3.1743620000,-0.0329377500,0.0010676730,-0.0246149600,0.1455093000,0.0877999800,0.9854532000,1,1.0000000000,3.2469180000,0.0338431400,-0.0020043490,-0.0256794700,0.1644923000,0.0858472800,0.9826355000,0.0046163640,-0.0006598664,-0.0252135900,0.1561909000,0.0867015200,0.9839143000,0.0000000000,
4005839,1,1.0000000000,3.0843960000,-0.0328624300,0.0011153110,-0.0248118300,0.1572582000,0.0897986000,0.9834663000,1,1.0000000000,3.2383120000,0.0338983800,-0.0019114530,-0.0259698600,0.1720916000,0.0868087400,0.9812486000,0.0214773700,-0.0013483120,-0.0257544100,0.1693425000,0.0873720600,0.9816768000,0.0000000000,
4005847,1,1.0000000000,3.1614070000,-0.0327845900,0.0011363370,-0.0248894500,0.1684272000,0.0856784600,0.9819835000,1,1.0000000000,3.2495270000,0.0339781700,-0.0018929290,-0.0261117300,0.1812149000,0.0843360200,0.9798207000,0.0221960600,-0.0013583370,-0.0258960100,0.1789561000,0.0845799300,0.9802147000,0.0000000000,
4005855,1,1.0000000000,3.1755520000,-0.0327064100,0.0011498870,-0.0249390700,0.1789723000,0.0751046000,0.9809833000,1,1.0000000000,3.2758180000,0.0340464600,-0.0018947450,-0.0261333200,0.1849692000,0.0841226700,0.9791372000,0.0242393400,-0.0014474330,-0.0259578700,0.1840851000,0.0827955700,0.9794170000,0.0000000000,
4005864,1,1.0000000000,3.2880400000,-0.0326425200,0.0011384130,-0.0249594400,0.1851051000,0.0839084200,0.9791300000,1,1.0000000000,3.2474210000,0.0341113800,-0.0018979040,-0.0261812500,0.2054320000,0.0804912700,0.9753557000,0.0137204600,-0.0009704133,-0.0258080300,0.1992352000,0.0815434600,0.9765531000,0.0000000000,
4005872,1,1.0000000000,3.0947720000,-0.0325908200,0.0011253200,-0.0249715400,0.1993725000,0.0655673900,0.9777278000,1,1.0000000000,3.3365170000,0.0341648700,-0.0019073490,-0.0262000100,0.2112765000,0.0747539800,0.9745635000,-0.0230074500,0.0006899567,-0.0251479000,0.2010822000,0.0668798800,0.9772887000,0.0000000000,
4005880,1,1.0000000000,3.1617740000,-0.0325237300,0.0011152190,-0.0249889500,0.2074443000,0.0707858800,0.9756824000,1,1.0000000000,3.2298890000,0.0342340400,-0.0019180760,-0.0262372900,0.2194985000,0.0867923300,0.9717445000,-0.0308922600,0.0010410920,-0.0250194700,0.2077344000,0.0711826800,0.9755919000,0.0000000000,
4005889,1,1.0000000000,3.1197360000,-0.0324696800,0.0011034390,-0.0250028900,0.2153185000,0.0707708200,0.9739761000,1,1.0000000000,3.1329800000,0.0342940800,-0.0019252020,-0.0262529300,0.2225524000,0.0838176300,0.9713110000,-0.0290993800,0.0009505463,-0.0250659800,0.2156864000,0.0714275300,0.9738467000,0.0000000000,
4005897,1,1.0000000000,3.1161350000,-0.0324453000,0.0011013180,-0.0250143000,0.2227051000,0.0761576600,0.9719067000,1,1.0000000000,3.2465670000,0.0343277000,-0.0019223180,-0.0262676700,0.2329581000,0.0874642100,0.9685456000,-0.0230989500,0.0006781006,-0.0251897400,0.2241402000,0.0777296000,0.9714522000,0.0000000000,
4005905,1,1.0000000000,3.1290740000,-0.0323744100,0.0011150970,-0.0250338900,0.2248246000,0.0779729600,0.9712745000,1,1.0000000000,3.2702030000,0.0343795200,-0.0019184270,-0.0262785100,0.2365755000,0.0895092700,0.9674814000,-0.0152838800,0.0003384399,-0.0253525400,0.2278457000,0.0809331300,0.9703279000,0.0000000000,
4005914,1,1.0000000000,3.0280000000,-0.0323199900,0.0011165010,-0.0250433500,0.2267315000,0.0815128800,0.9705403000,1,1.0000000000,3.2299800000,0.0344200800,-0.0019135900,-0.0262862100,0.2396583000,0.0908370000,0.9665985000,-0.0074196930,-0.0000139923,-0.0255070700,0.2315704000,0.0849925600,0.9690982000,0.0000000000,
4005922,1,1.0000000000,3.0666200000,-0.0322905700,0.0011090240,-0.0250428800,0.2285164000,0.0765841100,0.9705231000,1,1.0000000000,3.1504670000,0.0344469600,-0.0019062810,-0.0262947900,0.2476817000,0.0875400500,0.9648784000,-0.0040139770,-0.0001685486,-0.0255733000,0.2366503000,0.0812384000,0.9681926000,0.0000000000,
4005930,1,1.0000000000,3.0614780000,-0.0322683300,0.0011089780,-0.0250599800,0.2400242000,0.0825207100,0.9672531000,1,1.0000000000,3.2190400000,0.0344706700,-0.0019040990,-0.0263005500,0.2546871000,0.0839394600,0.9633736000,-0.0022246090,-0.0002474060,-0.0256184400,0.2466291000,0.0831608300,0.9655353000,0.0000000000,
4005939,1,1.0000000000,3.0622560000,-0.0322508700,0.0011044920,-0.0250725300,0.2421307000,0.0947282100,0.9656082000,1,1.0000000000,3.1910400000,0.0344966900,-0.0019080350,-0.0262973800,0.2506586000,0.0803993500,0.9647312000,0.0006006775,-0.0003782044,-0.0256753700,0.2463415000,0.0876783000,0.9652089000,0.0000000000,
4005947,1,1.0000000000,3.1709590000,-0.0322350500,0.0010882420,-0.0250590800,0.2400097000,0.0821700000,0.9672866000,1,1.0000000000,3.1841280000,0.0345176700,-0.0019077610,-0.0263132300,0.2702053000,0.0785988100,0.9595891000,0.0004715729,-0.0003796845,-0.0256735700,0.2548396000,0.0804298700,0.9636326000,0.0000000000,
4005955,1,1.0000000000,3.0790710000,-0.0322520500,0.0010648800,-0.0250575900,0.2553285000,0.0874949800,0.9628873000,1,1.0000000000,3.2634580000,0.0345353300,-0.0019144750,-0.0263058200,0.2711031000,0.0688629700,0.9600838000,0.0000787354,-0.0003773804,-0.0256618400,0.2629734000,0.0784769700,0.9616061000,0.0000000000,
4005964,1,1.0000000000,3.0861970000,-0.0322390000,0.0010560150,-0.0250518000,0.2501856000,0.0884255700,0.9641515000,1,1.0000000000,3.2069850000,0.0345482300,-0.0019152220,-0.0263138300,0.2746434000,0.0727845400,0.9587875000,-0.0003489990,-0.0003627014,-0.0256544100,0.2618895000,0.0809640300,0.9616958000,0.0000000000,
4005972,1,1.0000000000,3.0769810000,-0.0322152600,0.0010572820,-0.0250582900,0.2490862000,0.0888983200,0.9643927000,1,1.0000000000,3.2732850000,0.0345617100,-0.0019241940,-0.0263091800,0.2783687000,0.0649420200,0.9582762000,-0.0005612336,-0.0003560028,-0.0256512300,0.2630194000,0.0775614900,0.9616678000,0.0000000000,
4005980,1,1.0000000000,3.0857540000,-0.0321915100,0.0010560150,-0.0250647600,0.2480032000,0.0889289800,0.9646689000,1,1.0000000000,3.2901000000,0.0345775600,-0.0019301150,-0.0263108200,0.2761878000,0.0669564800,0.9587685000,-0.0012312620,-0.0003286133,-0.0256425500,0.2611109000,0.0787513600,0.9620911000,0.0000000000,
4005989,1,1.0000000000,3.0983280000,-0.0321887700,0.0010536040,-0.0250646200,0.2475319000,0.0893415900,0.9647518000,1,1.0000000000,3.2642670000,0.0345886500,-0.0019347990,-0.0263097800,0.2763714000,0.0643778100,0.9588922000,-0.0011568300,-0.0003351136,-0.0256432500,0.2609906000,0.0777600600,0.9622044000,0.0000000000,
4005997,1,1.0000000000,3.1112520000,-0.0321860100,0.0010512090,-0.0250645000,0.2470734000,0.0899821800,0.9648098000,1,1.0000000000,3.2789460000,0.0345995600,-0.0019323580,-0.0263188900,0.2805196000,0.0686650400,0.9573891000,-0.0007350006,-0.0003538208,-0.0256552100,0.2628805000,0.0799566800,0.9615096000,0.0000000000,
4006005,1,1.0000000000,3.1134800000,-0.0321844500,0.0010515290,-0.0250630200,0.2490092000,0.0899661800,0.9643135000,1,1.0000000000,3.1584010000,0.0346108000,-0.0019345550,-0.0263164500,0.2813878000,0.0625764000,0.9575517000,-0.0004629669,-0.0003665619,-0.0256582800,0.2644512000,0.0769656500,0.9613230000,0.0000000000,
4006014,1,1.0000000000,3.1118320000,-0.0321828900,0.0010518650,-0.0250615400,0.2509340000,0.0899212100,0.9638186000,1,1.0000000000,3.3315430000,0.0346192200,-0.0019334110,-0.0263161600,0.2792062000,0.0659334200,0.9579649000,-0.0000750275,-0.0003829804,-0.0256645700,0.2645740000,0.0784002200,0.9611732000,0.0000000000,
4006022,1,1.0000000000,3.1133580000,-0.0321844500,0.0010515290,-0.0250614200,0.2502922000,0.0899513700,0.9639827000,1,1.0000000000,3.3415680000,0.0346236600,-0.0019342960,-0.0263135200,0.2745997000,0.0634008500,0.9594662000,0.0004511414,-0.0004070282,-0.0256730700,0.2622085000,0.0769962700,0.9619346000,0.0000000000,
4006030,1,1.0000000000,3.1154480000,-0.0321828900,0.0010518650,-0.0250613000,0.2509480000,0.0899360000,0.9638135000,1,1.0000000000,3.4150540000,0.0346487600,-0.0019324040,-0.0263160900,0.2814379000,0.0594797700,0.9577342000,0.0004829559,-0.0004067688,-0.0256746100,0.2659176000,0.0750587400,0.9610692000,0.0000000000,
4006039,1,1.0000000000,3.1449130000,-0.0320901600,0.0010491330,-0.0250906700,0.2741100000,0.0904850000,0.9574320000,1,1.0000000000,3.3343960000,0.0347133700,-0.0019170070,-0.0263428700,0.2958098000,0.0712592600,0.9525852000,0.0008114472,-0.0004117279,-0.0257074000,0.2848236000,0.0810250400,0.9551495000,0.0000000000,
4006047,1,1.0000000000,3.2767490000,-0.0320045900,0.0010590060,-0.0251007400,0.2799872000,0.0809336800,0.9565861000,1,1.0000000000,3.3623500000,0.0347519700,-0.0019066620,-0.0263562200,0.3084746000,0.0725104600,0.9484649000,0.0012281500,-0.0004173584,-0.0257257400,0.2942057000,0.0767519800,0.9526553000,0.0000000000,
4006055,1,1.0000000000,3.3341670000,-0.0319783000,0.0010608060,-0.0251031700,0.2807792000,0.0800482400,0.9564284000,1,1.0000000000,3.3965300000,0.0347710700,-0.0018964690,-0.0263546000,0.3011521000,0.0744182700,0.9506678000,0.0019062200,-0.0004404144,-0.0257384500,0.2911403000,0.0771949100,0.9535608000,0.0000000000,
4006064,1,1.0000000000,3.2269740000,-0.0319857300,0.0010547790,-0.0250905000,0.2697776000,0.0778509800,0.9597704000,1,1.0000000000,3.3793490000,0.0347734200,-0.0018973540,-0.0263601700,0.3015028000,0.0778057000,0.9502854000,0.0019148710,-0.0004443207,-0.0257352500,0.2859217000,0.0778357700,0.9550865000,0.0000000000,
4006072,1,1.0000000000,3.2692110000,-0.0319925500,0.0010529790,-0.0250890700,0.2663303000,0.0793009400,0.9606141000,1,1.0000000000,3.3202970000,0.0347767100,-0.0019060210,-0.0263451700,0.2932762000,0.0664983200,0.9537122000,0.0019777680,-0.0004524689,-0.0257281400,0.2800790000,0.0728007000,0.9572125000,0.0000000000,
4006080,1,1.0000000000,3.2598420000,-0.0320157300,0.0010487060,-0.0250739500,0.2584705000,0.0818334900,0.9625468000,1,1.0000000000,3.3757630000,0.0347803500,-0.0019171910,-0.0263325800,0.2800622000,0.0632787400,0.9578940000,0.0019933780,-0.0004613648,-0.0257147800,0.2694890000,0.0723886600,0.9602789000,0.0000000000,
4006089,1,1.0000000000,3.2668910000,-0.0320709700,0.0010277250,-0.0250501000,0.2558152000,0.0842290500,0.9630494000,1,1.0000000000,3.3293150000,0.0347715900,-0.0019286650,-0.0263379800,0.2795601000,0.0711679800,0.9574869000,0.0020831450,-0.0004828797,-0.0257081600,0.2679754000,0.0775605900,0.9602987000,0.0000000000,
4006097,1,1.0000000000,3.2438510000,-0.0321113000,0.0010224910,-0.0250393700,0.2488721000,0.0849613500,0.9648027000,1,1.0000000000,3.3589170000,0.0347463400,-0.0019447630,-0.0263250900,0.2675186000,0.0685581100,0.9611106000,0.0024499670,-0.0005113984,-0.0257040100,0.2585304000,0.0764925400,0.9629698000,0.0000000000,
4006105,1,1.0000000000,3.2373960000,-0.0321183200,0.0010374300,-0.0250374000,0.2326996000,0.0771952500,0.9694802000,1,1.0000000000,3.3892060000,0.0347057800,-0.0019481350,-0.0263010700,0.2594615000,0.0543672800,0.9642220000,0.0026989750,-0.0005181275,-0.0256958200,0.2466896000,0.0653078300,0.9668915000,0.0000000000,
4006114,1,1.0000000000,3.0861510000,-0.0321981500,0.0010061340,-0.0249992200,0.2270389000,0.0816357400,0.9704581000,1,1.0000000000,3.3275760000,0.0346461300,-0.0019499060,-0.0262898300,0.2443431000,0.0608988600,0.9677746000,0.0037966010,-0.0005856476,-0.0256942000,0.2363743000,0.0704804600,0.9691025000,0.0000000000,
4006122,1,1.0000000000,3.1695250000,-0.0322431500,0.0010172730,-0.0249798300,0.2108485000,0.0771646100,0.9744684000,1,1.0000000000,3.2074280000,0.0345759900,-0.0019417420,-0.0262690300,0.2402211000,0.0520329100,0.9693227000,0.0039411930,-0.0005851135,-0.0256779600,0.2268101000,0.0635690800,0.9718622000,0.0000000000,
4006130,1,1.0000000000,3.2093200000,-0.0323260400,0.0010024110,-0.0249205300,0.2062559000,0.0809795000,0.9751414000,1,1.0000000000,3.2648770000,0.0345163800,-0.0019400940,-0.0262630800,0.2259541000,0.0692602300,0.9716727000,0.0050762640,-0.0006440888,-0.0256717700,0.2173028000,0.0744332000,0.9732621000,0.0000000000,
4006139,1,1.0000000000,3.1747740000,-0.0323729400,0.0009931794,-0.0248194300,0.1884635000,0.0751809300,0.9791983000,1,1.0000000000,3.3480070000,0.0344525000,-0.0019437410,-0.0262535100,0.2158542000,0.0763714200,0.9734343000,0.0115143300,-0.0009356232,-0.0257612600,0.2064677000,0.0759739000,0.9754994000,0.0000000000,
4006147,1,1.0000000000,3.1401210000,-0.0324455900,0.0010140380,-0.0247864900,0.1894709000,0.0713357900,0.9792916000,1,1.0000000000,3.3928380000,0.0344171900,-0.0019501340,-0.0262355400,0.1999528000,0.0761114400,0.9768449000,0.0177848100,-0.0012127840,-0.0258750800,0.1973575000,0.0749207900,0.9774645000,0.0000000000,
4006155,1,1.0000000000,3.2078700000,-0.0324905400,0.0009336701,-0.0244432700,0.1697546000,0.0694582500,0.9830356000,1,1.0000000000,3.2765810000,0.0343681800,-0.0019655910,-0.0261973600,0.1845875000,0.0766457000,0.9798229000,0.0302147200,-0.0017854770,-0.0260884000,0.1836707000,0.0762026600,0.9800297000,0.0000000000,
4006164,1,1.0000000000,3.2995610000,-0.0325757300,0.0007774201,-0.0238594100,0.1592875000,0.0777287600,0.9841675000,1,1.0000000000,3.3481750000,0.0342906700,-0.0019968570,-0.0260938100,0.1735547000,0.0699467700,0.9823371000,0.0341627700,-0.0019915470,-0.0260895400,0.1735249000,0.0699623300,0.9823413000,0.0000000000,
4006172,1,1.0000000000,3.2622380000,-0.0326818700,0.0007778168,-0.0237889600,0.1512020000,0.0763257900,0.9855518000,1,1.0000000000,3.3812560000,0.0342013900,-0.0020982360,-0.0257766300,0.1564813000,0.0718852600,0.9850615000,0.0341905700,-0.0020977630,-0.0257763100,0.1564813000,0.0718852600,0.9850615000,0.0000000000,
4006180,1,1.0000000000,3.2824250000,-0.0328039700,0.0007816620,-0.0238254100,0.1345845000,0.0724498000,0.9882500000,1,1.0000000000,3.4449160000,0.0340822000,-0.0022908020,-0.0251316800,0.1467441000,0.0784913700,0.9860554000,0.0339799500,-0.0022861020,-0.0251296900,0.1467144000,0.0784765500,0.9860610000,0.0000000000,
4006189,1,1.0000000000,3.2487640000,-0.0329416700,0.0007272492,-0.0236233400,0.1218726000,0.0791477500,0.9893850000,1,1.0000000000,3.3440250000,0.0339170100,-0.0023392030,-0.0249058800,0.1334549000,0.0807656900,0.9877585000,0.0314627800,-0.0022266390,-0.0248588100,0.1330278000,0.0807047800,0.9878210000,0.0000000000,
4006197,1,1.0000000000,3.3930210000,-0.0330844300,0.0006875916,-0.0234963900,0.1140609000,0.0790567900,0.9903232000,1,1.0000000000,3.4196320000,0.0337715500,-0.0023508610,-0.0248222100,0.1109636000,0.0796063200,0.9906311000,0.0139422800,-0.0014496610,-0.0244289700,0.1118777000,0.0794374300,0.9905418000,0.0000000000,
4006205,1,1.0000000000,3.3240360000,-0.0332292700,0.0007166901,-0.0235832200,0.0836346600,0.0899213700,0.9924310000,1,1.0000000000,3.3856200000,0.0336279200,-0.0020391690,-0.0256824800,0.0882269500,0.0711980200,0.9935526000,0.0113625500,-0.0011213840,-0.0249833700,0.0867013300,0.0774391500,0.9932200000,0.0000000000,
4006214,1,1.0000000000,3.3256530000,-0.0333725900,0.0007744446,-0.0237362700,0.0625009800,0.0843213800,0.9944766000,1,1.0000000000,3.4285430000,0.0334867700,-0.0017939610,-0.0264168100,0.0531472100,0.0662852400,0.9963843000,-0.0286759300,0.0005940247,-0.0239245800,0.0618445200,0.0830544700,0.9946241000,0.0000000000,
4006222,1,1.0000000000,3.2682500000,-0.0335351300,0.0007742615,-0.0237130000,0.0543827100,0.0775304500,0.9955056000,1,1.0000000000,3.3986660000,0.0333383500,-0.0018804780,-0.0260777000,0.0398718600,0.0677806300,0.9969032000,-0.0333672700,0.0007676087,-0.0237189300,0.0543524100,0.0775002500,0.9955097000,0.0000000000,
4006230,1,1.0000000000,3.3487850000,-0.0336570400,0.0009315034,-0.0241235700,0.0230105000,0.0795906900,0.9965620000,1,1.0000000000,3.3291170000,0.0331811500,-0.0018482510,-0.0261484500,0.0213013400,0.0725863000,0.9971346000,-0.0336475100,0.0009311066,-0.0241238600,0.0230105000,0.0795906900,0.9965620000,0.0000000000,
4006239,1,1.0000000000,3.2511290000,-0.0337938400,0.0009498139,-0.0240997500,0.0079803900,0.0718845500,0.9973810000,1,1.0000000000,3.3743440000,0.0330216800,-0.0018973540,-0.0260514100,0.0076447060,0.0766149100,0.9970315000,-0.0337900000,0.0009496461,-0.0240998500,0.0079803900,0.0718845500,0.9973810000,0.0000000000,
4006247,1,1.0000000000,3.3448490000,-0.0339075300,0.0009232178,-0.0239434100,-0.0147401600,0.0807657100,0.9966241000,1,1.0000000000,3.2551880000,0.0328719100,-0.0018401190,-0.0262007900,-0.0036621610,0.0770122000,0.9970234000,-0.0339036100,0.0009230652,-0.0239435400,-0.0147401600,0.0807657100,0.9966241000,0.0000000000,
4006255,1,1.0000000000,3.4079130000,-0.0340389700,0.0009889832,-0.0241524200,-0.0287632100,0.0874187900,0.9957563000,1,1.0000000000,3.1861420000,0.0327412100,-0.0018341830,-0.0262131700,-0.0258943800,0.0720678700,0.9970636000,-0.0340349200,0.0009888153,-0.0241525600,-0.0287632100,0.0874187900,0.9957563000,0.0000000000,
4006264,1,1.0000000000,3.3273320000,-0.0341738900,0.0010534360,-0.0243197300,-0.0409552600,0.0831159800,0.9956980000,1,1.0000000000,3.3603360000,0.0326111500,-0.0018480230,-0.0261840500,-0.0388035700,0.0782022300,0.9961820000,-0.0340279400,0.0010470890,-0.0243238100,-0.0409546900,0.0830995600,0.9956993000,0.0000000000,
4006272,1,1.0000000000,3.3345640000,-0.0342954400,0.0010561680,-0.0244116200,-0.0587927400,0.0940409200,0.9938309000,1,1.0000000000,3.2633820000,0.0324812300,-0.0018135990,-0.0263177200,-0.0538640700,0.0838631500,0.9950204000,-0.0198268600,0.0004343720,-0.0248246200,-0.0577243200,0.0918279000,0.9941003000,0.0000000000,
4006280,1,1.0000000000,3.3647770000,-0.0344914300,0.0015940700,-0.0261398300,-0.0561983400,0.0704653700,0.9959299000,1,1.0000000000,3.1227570000,0.0323625800,-0.0017924190,-0.0263688200,-0.0740663600,0.0722658100,0.9946315000,0.0323579100,-0.0017921750,-0.0263688100,-0.0740663600,0.0722658100,0.9946315000,0.0000000000,
4006289,1,1.0000000000,3.3396000000,-0.0346021900,0.0014337160,-0.0255983900,-0.0711222700,0.0814068500,0.9941401000,1,1.0000000000,3.3710020000,0.0322343100,-0.0017931980,-0.0263427600,-0.0965271800,0.0794068100,0.9921578000,0.0322342900,-0.0017931980,-0.0263427600,-0.0965271800,0.0794068100,0.9921578000,0.0000000000,
4006297,1,1.0000000000,3.2398070000,-0.0347524000,0.0015428320,-0.0259856400,-0.0887461200,0.0776528600,0.9930227000,1,1.0000000000,3.2115330000,0.0320861400,-0.0017471160,-0.0264409900,-0.0975194300,0.0835575700,0.9917197000,0.0320861400,-0.0017471160,-0.0264409900,-0.0975194300,0.0835575700,0.9917197000,0.0000000000,
4006305,1,1.0000000000,3.4058840000,-0.0348604600,0.0015739140,-0.0260805800,-0.1080483000,0.0832525600,0.9906536000,1,1.0000000000,3.3955540000,0.0319507800,-0.0017052000,-0.0265150000,-0.1213545000,0.0802468400,0.9893602000,0.0319507800,-0.0017052000,-0.0265150000,-0.1213545000,0.0802468400,0.9893602000,0.0000000000,
4006314,1,1.0000000000,3.3424220000,-0.0349853400,0.0014950260,-0.0257980800,-0.1118318000,0.0901948300,0.9896255000,1,1.0000000000,3.3112640000,0.0318197500,-0.0016936800,-0.0265397500,-0.1300975000,0.0836188500,0.9879689000,0.0318197500,-0.0016936800,-0.0265397500,-0.1300975000,0.0836188500,0.9879689000,0.0000000000,
4006322,1,1.0000000000,3.3211820000,-0.0350715300,0.0012557070,-0.0250032700,-0.1421969000,0.0961763100,0.9851549000,1,1.0000000000,3.3201450000,0.0317162800,-0.0017590180,-0.0263195400,-0.1402602000,0.0872658700,0.9862615000,0.0317162800,-0.0017590180,-0.0263195400,-0.1402602000,0.0872658700,0.9862615000,0.0000000000,
4006330,1,1.0000000000,3.3096620000,-0.0351623700,0.0012246860,-0.0249252300,-0.1603875000,0.0923322700,0.9827261000,1,1.0000000000,3.3441770000,0.0316186400,-0.0017594760,-0.0263012300,-0.1526493000,0.0948183500,0.9837213000,0.0316186400,-0.0017594760,-0.0263012300,-0.1526493000,0.0948183500,0.9837213000,0.0000000000,
4006339,1,1.0000000000,3.2245790000,-0.0352381500,0.0012324520,-0.0249086900,-0.1708848000,0.1084605000,0.9793032000,1,1.0000000000,3.3497770000,0.0315421600,-0.0017805480,-0.0262566400,-0.1622330000,0.0882576900,0.9827976000,0.0315421600,-0.0017805480,-0.0262566400,-0.1622330000,0.0882576900,0.9827976000,0.0000000000,
4006347,1,1.0000000000,3.3223570000,-0.0353212800,0.0012296140,-0.0249134100,-0.1723792000,0.1062626000,0.9792823000,1,1.0000000000,3.3305050000,0.0314819800,-0.0017822720,-0.0262759700,-0.1744856000,0.0973518200,0.9798354000,0.0314819500,-0.0017822720,-0.0262759700,-0.1744856000,0.0973518200,0.9798354000,0.0000000000,
4006355,1,1.0000000000,3.3501890000,-0.0353710500,0.0012414860,-0.0249189800,-0.1800400000,0.1034555000,0.9782038000,1,1.0000000000,3.3103790000,0.0314270500,-0.0017848210,-0.0262777100,-0.1768820000,0.0966656100,0.9794736000,0.0314269000,-0.0017848210,-0.0262777100,-0.1768820000,0.0966656100,0.9794736000,0.0000000000,
4006364,1,1.0000000000,3.3522490000,-0.0354187800,0.0012489620,-0.0249285100,-0.1868468000,0.1035783000,0.9769134000,1,1.0000000000,3.2822720000,0.0313850700,-0.0017939760,-0.0262789000,-0.1902343000,0.0937819900,0.9772491000,0.0313843400,-0.0017939450,-0.0262788900,-0.1902343000,0.0937819900,0.9772491000,0.0000000000,
4006372,1,1.0000000000,3.4046330000,-0.0354660800,0.0012544400,-0.0249303600,-0.1938794000,0.1031043000,0.9755923000,1,1.0000000000,3.3671260000,0.0313589100,-0.0017914580,-0.0262860600,-0.2011288000,0.0918591600,0.9752482000,0.0313574400,-0.0017913970,-0.0262860300,-0.2011288000,0.0918591600,0.9752482000,0.0000000000,
4006380,1,1.0000000000,3.3162230000,-0.0355126200,0.0012523190,-0.0249503300,-0.2076437000,0.1132366000,0.9716283000,1,1.0000000000,3.3742520000,0.0313215500,-0.0017872010,-0.0262937900,-0.2061188000,0.0963759400,0.9737693000,0.0312886800,-0.0017857060,-0.0262931200,-0.2061185000,0.0963910600,0.9737679000,0.0000000000,
4006389,1,1.0000000000,3.4274600000,-0.0355418400,0.0012508090,-0.0249576000,-0.2105887000,0.1117108000,0.9711710000,1,1.0000000000,3.2503510000,0.0312986800,-0.0017819520,-0.0262977300,-0.2118248000,0.0955973400,0.9726209000,0.0281855600,-0.0016407010,-0.0262353200,-0.2117639000,0.0963450800,0.9725604000,0.0000000000,
4006397,1,1.0000000000,3.2116240000,-0.0355953800,0.0012591100,-0.0249708700,-0.2147691000,0.1109323000,0.9703444000,1,1.0000000000,3.4789730000,0.0312678400,-0.0017789000,-0.0263019100,-0.2170596000,0.0965285600,0.9713740000,0.0000246277,-0.0003593140,-0.0256799600,-0.2159887000,0.1032717000,0.9709191000,0.0000000000,
4006405,1,1.0000000000,3.3216710000,-0.0356235700,0.0012645110,-0.0249788400,-0.2268393000,0.1085978000,0.9678587000,1,1.0000000000,3.3751220000,0.0312403400,-0.0017730100,-0.0263037900,-0.2185684000,0.0942541700,0.9712590000,-0.0003806610,-0.0003365173,-0.0256772000,-0.2224893000,0.1010441000,0.9696848000,0.0000000000,
4006414,1,1.0000000000,3.3297420000,-0.0356459500,0.0012668460,-0.0249800000,-0.2289288000,0.1061254000,0.9676409000,1,1.0000000000,3.3405460000,0.0312267600,-0.0017659910,-0.0263148100,-0.2204321000,0.1047838000,0.9697577000,0.0000063477,-0.0003500672,-0.0256916400,-0.2243991000,0.1054093000,0.9687796000,0.0000000000,
4006422,1,1.0000000000,3.3419340000,-0.0356562500,0.0012701110,-0.0249824800,-0.2310505000,0.1042642000,0.9673389000,1,1.0000000000,3.3354800000,0.0312231900,-0.0017662660,-0.0263145200,-0.2234519000,0.1020823000,0.9693546000,0.0002102966,-0.0003582459,-0.0256968400,-0.2269778000,0.1030899000,0.9684284000,0.0000000000,
4006430,1,1.0000000000,3.3251650000,-0.0356595000,0.0012736210,-0.0249837500,-0.2301965000,0.1074993000,0.9671884000,1,1.0000000000,3.3397670000,0.0312210200,-0.0017659910,-0.0263142300,-0.2267931000,0.0993354500,0.9688640000,-0.0001501618,-0.0003402100,-0.0256901400,-0.2283811000,0.1031659000,0.9680904000,0.0000000000,
4006438,1,1.0000000000,3.3051300000,-0.0356613500,0.0012771450,-0.0249824800,-0.2299990000,0.1025558000,0.9677721000,1,1.0000000000,3.3367460000,0.0312236000,-0.0017653660,-0.0263145200,-0.2309448000,0.0999769000,0.9678167000,-0.0002741547,-0.0003325653,-0.0256872300,-0.2305009000,0.1011970000,0.9677957000,0.0000000000,
4006447,1,1.0000000000,3.3247380000,-0.0356598800,0.0012780460,-0.0249826200,-0.2301344000,0.1065680000,0.9673063000,1,1.0000000000,3.3404080000,0.0312261800,-0.0017647400,-0.0263142300,-0.2287170000,0.0997785300,0.9683660000,-0.0008321839,-0.0003063355,-0.0256760000,-0.2294038000,0.1030288000,0.9678631000,0.0000000000,
4006455,1,1.0000000000,3.3441620000,-0.0356584200,0.0012789310,-0.0249827600,-0.2302737000,0.1105515000,0.9668260000,1,1.0000000000,3.3368070000,0.0312264700,-0.0017634430,-0.0263145200,-0.2283036000,0.0997474000,0.9684668000,-0.0015157930,-0.0002740936,-0.0256625800,-0.2292663000,0.1050429000,0.9676791000,0.0000000000,
4006463,1,1.0000000000,3.3459010000,-0.0356573400,0.0012810360,-0.0249836000,-0.2292494000,0.1107489000,0.9670467000,1,1.0000000000,3.2816010000,0.0312654600,-0.0017610320,-0.0263192000,-0.2337223000,0.1034866000,0.9667804000,-0.0018765720,-0.0002545014,-0.0256577800,-0.2315104000,0.1070880000,0.9669204000,0.0000000000,
4006472,1,1.0000000000,3.3451390000,-0.0356562500,0.0012831420,-0.0249844200,-0.2282431000,0.1097270000,0.9674012000,1,1.0000000000,3.3724210000,0.0312838900,-0.0017584840,-0.0263145500,-0.2298765000,0.1049817000,0.9675410000,-0.0023693390,-0.0002293396,-0.0256458400,-0.2290655000,0.1073764000,0.9674706000,0.0000000000,
4006480,1,1.0000000000,3.3446660000,-0.0356532100,0.0012861330,-0.0249844800,-0.2287759000,0.1097416000,0.9672737000,1,1.0000000000,3.3502350000,0.0313072500,-0.0017626190,-0.0262996100,-0.2175459000,0.1029822000,0.9706021000,-0.0026480260,-0.0002165985,-0.0256327100,-0.2232550000,0.1064165000,0.9689338000,0.0000000000,
4006488,1,1.0000000000,3.3442380000,-0.0356501600,0.0012891390,-0.0249845300,-0.2293108000,0.1098031000,0.9671400000,1,1.0000000000,3.3764340000,0.0313128100,-0.0017605130,-0.0263028100,-0.2227963000,0.1050428000,0.9691893000,-0.0027039800,-0.0002113037,-0.0256331300,-0.2261085000,0.1074694000,0.9681556000,0.0000000000,
4006497,1,1.0000000000,3.3441160000,-0.0356450000,0.0012901460,-0.0249847700,-0.2274787000,0.1104282000,0.9675015000,1,1.0000000000,3.3538970000,0.0313183400,-0.0017584080,-0.0263034400,-0.2197298000,0.1062638000,0.9697561000,-0.0029160010,-0.0001998596,-0.0256292900,-0.2236972000,0.1084001000,0.9686119000,0.0000000000,
4006505,1,1.0000000000,3.3256380000,-0.0355927300,0.0013048550,-0.0249879300,-0.2156393000,0.1171886000,0.9694155000,1,1.0000000000,3.3648380000,0.0313418000,-0.0017473600,-0.0262973900,-0.2166320000,0.1029677000,0.9708080000,-0.0030696560,-0.0001781921,-0.0256241900,-0.2161276000,0.1102763000,0.9701175000,0.0000000000,
4006513,1,1.0000000000,3.3271180000,-0.0355804900,0.0013088230,-0.0249881800,-0.2069118000,0.1201035000,0.9709597000,1,1.0000000000,3.3757630000,0.0313592400,-0.0017520140,-0.0262978200,-0.2133950000,0.1061711000,0.9711798000,-0.0031230620,-0.0001752930,-0.0256231900,-0.2100549000,0.1133588000,0.9710956000,0.0000000000,
4006522,1,1.0000000000,3.2695470000,-0.0355564100,0.0013061680,-0.0249867000,-0.2080397000,0.1221322000,0.9704655000,1,1.0000000000,3.4403990000,0.0313812900,-0.0017596740,-0.0262965700,-0.2090165000,0.1089486000,0.9718242000,-0.0030964050,-0.0001805420,-0.0256218900,-0.2085148000,0.1157399000,0.9711466000,0.0000000000,
4006530,1,1.0000000000,3.4124910000,-0.0355299900,0.0013009800,-0.0249791400,-0.1966587000,0.1211111000,0.9729632000,1,1.0000000000,3.3165890000,0.0314068900,-0.0017557530,-0.0262892300,-0.2006232000,0.1050724000,0.9740176000,-0.0030096740,-0.0001840820,-0.0256156300,-0.1985956000,0.1133284000,0.9735073000,0.0000000000,
4006538,1,1.0000000000,3.3684840000,-0.0355062400,0.0013067170,-0.0249750400,-0.1842974000,0.1194927000,0.9755798000,1,1.0000000000,3.3860020000,0.0314359700,-0.0017517240,-0.0262970100,-0.1969170000,0.1056378000,0.9747124000,-0.0026646730,-0.0001937409,-0.0256236000,-0.1904924000,0.1127024000,0.9751978000,0.0000000000,
4006547,1,1.0000000000,3.3732910000,-0.0354579200,0.0013170780,-0.0249863100,-0.1847235000,0.1169895000,0.9758026000,1,1.0000000000,3.3382720000,0.0314784400,-0.0017517550,-0.0263047200,-0.1868617000,0.1101242000,0.9761944000,-0.0023176420,-0.0002023010,-0.0256390600,-0.1857917000,0.1135869000,0.9760017000,0.0000000000,
4006555,1,1.0000000000,3.4146880000,-0.0354109400,0.0013250730,-0.0250181900,-0.1719831000,0.1159829000,0.9782483000,1,1.0000000000,3.3540800000,0.0315219000,-0.0017640080,-0.0262977000,-0.1907660000,0.1022952000,0.9762909000,-0.0011898500,-0.0002542877,-0.0256723800,-0.1815956000,0.1089940000,0.9773144000,0.0000000000,
4006563,1,1.0000000000,3.4438320000,-0.0353519800,0.0013288880,-0.0250170300,-0.1726537000,0.1152805000,0.9782133000,1,1.0000000000,3.2369080000,0.0315563200,-0.0017709660,-0.0262886200,-0.1739522000,0.1079724000,0.9788169000,-0.0006836243,-0.0002772827,-0.0256759000,-0.1733250000,0.1114962000,0.9785331000,0.0000000000,
4006572,1,1.0000000000,3.2493290000,-0.0353294700,0.0013433230,-0.0250468000,-0.1647495000,0.1087802000,0.9803185000,1,1.0000000000,3.3637850000,0.0316002100,-0.0017285770,-0.0263722700,-0.1689467000,0.1031045000,0.9802176000,-0.0008913575,-0.0002372894,-0.0257288100,-0.1669012000,0.1058658000,0.9802737000,0.0000000000,
4006580,1,1.0000000000,3.2857360000,-0.0352733600,0.0014438020,-0.0254002200,-0.1507270000,0.1110387000,0.9823196000,1,1.0000000000,3.2665860000,0.0316588300,-0.0016761930,-0.0265169400,-0.1572584000,0.1067209000,0.9817741000,0.0081610730,-0.0005808563,-0.0261248900,-0.1549547000,0.1082318000,0.9819750000,0.0000000000,
4006588,1,1.0000000000,3.1938930000,-0.0352293600,0.0015543670,-0.0257697500,-0.1369183000,0.1055002000,0.9849483000,1,1.0000000000,3.2883910000,0.0317421900,-0.0017926480,-0.0261530300,-0.1433723000,0.1057897000,0.9839985000,0.0304218500,-0.0017266690,-0.0261454800,-0.1432508000,0.1057749000,0.9840177000,0.0000000000,
4006597,1,1.0000000000,3.3355260000,-0.0351726700,0.0016387180,-0.0260458100,-0.1195685000,0.1088873000,0.9868369000,1,1.0000000000,3.2373810000,0.0318066400,-0.0017776190,-0.0261725500,-0.1389181000,0.1046769000,0.9847561000,0.0317756300,-0.0017760470,-0.0261724900,-0.1389011000,0.1046755000,0.9847586000,0.0000000000,
4006605,1,1.0000000000,3.3345340000,-0.0351150700,0.0016536100,-0.0261321900,-0.1051500000,0.0997482600,0.9894411000,1,1.0000000000,3.1591340000,0.0318669000,-0.0017690890,-0.0262000000,-0.1315927000,0.1099250000,0.9851902000,0.0318647500,-0.0017689820,-0.0261999800,-0.1315927000,0.1099250000,0.9851902000,0.0000000000,
4006613,1,1.0000000000,3.3069760000,-0.0350696900,0.0017886660,-0.0266279800,-0.0856176200,0.0991217300,0.9913852000,1,1.0000000000,3.1522830000,0.0319512600,-0.0018467410,-0.0259840100,-0.1164102000,0.1074379000,0.9873731000,0.0319511100,-0.0018467260,-0.0259840100,-0.1164102000,0.1074379000,0.9873731000,0.0000000000,
4006622,1,1.0000000000,3.2943730000,-0.0350036800,0.0018049010,-0.0267635000,-0.0713655900,0.0974429500,0.9926791000,1,1.0000000000,3.2466130000,0.0320104800,-0.0018047030,-0.0260981300,-0.1098342000,0.1035780000,0.9885383000,0.0320104500,-0.0018047030,-0.0260981300,-0.1098342000,0.1035780000,0.9885383000,0.0000000000,
4006630,1,1.0000000000,3.3802640000,-0.0347764200,0.0011338650,-0.0244580100,-0.1017014000,0.1126269000,0.9884189000,1,1.0000000000,3.2160800000,0.0320882900,-0.0018482210,-0.0260170500,-0.0898296800,0.1046309000,0.9904459000,0.0320882700,-0.0018482210,-0.0260170500,-0.0898296800,0.1046309000,0.9904459000,0.0000000000,
4006638,1,1.0000000000,3.3123630000,-0.0346996900,0.0011289980,-0.0244145200,-0.0870672000,0.1127784000,0.9897981000,1,1.0000000000,3.2288210000,0.0321790500,-0.0018498990,-0.0260064400,-0.0834209000,0.1001600000,0.9914681000,0.0321790500,-0.0018498990,-0.0260064400,-0.0834209000,0.1001600000,0.9914681000,0.0000000000,
4006647,1,1.0000000000,3.4300230000,-0.0345957200,0.0010476080,-0.0241691500,-0.0751801400,0.1054536000,0.9915783000,1,1.0000000000,3.2127080000,0.0322820600,-0.0018953550,-0.0258989000,-0.0756694500,0.1051194000,0.9915766000,0.0322820600,-0.0018953550,-0.0258989000,-0.0756694500,0.1051194000,0.9915766000,0.0000000000,
4006655,1,1.0000000000,3.2722320000,-0.0346030900,0.0015376890,-0.0258589900,-0.0264744400,0.0979020200,0.9948439000,1,1.0000000000,3.1806180000,0.0323793800,-0.0018487550,-0.0259973200,-0.0621498000,0.1005109000,0.9929929000,0.0323793800,-0.0018487550,-0.0259973200,-0.0621498000,0.1005109000,0.9929929000,0.0000000000,
4006663,1,1.0000000000,3.3545070000,-0.0343977800,0.0009412690,-0.0239232000,-0.0402529500,0.1168678000,0.9923314000,1,1.0000000000,3.2505950000,0.0324733600,-0.0018341220,-0.0260111900,-0.0462346900,0.1013959000,0.9937713000,0.0324733600,-0.0018341220,-0.0260111900,-0.0462346900,0.1013959000,0.9937713000,0.0000000000,
4006672,1,1.0000000000,3.3924260000,-0.0343544800,0.0010112460,-0.0241268500,-0.0311128500,0.1129920000,0.9931086000,1,1.0000000000,3.2948460000,0.0325020000,-0.0017706300,-0.0261660300,-0.0333101900,0.0989997900,0.9945298000,0.0325020000,-0.0017706300,-0.0261660300,-0.0333101900,0.0989997900,0.9945298000,0.0000000000,
4006680,1,1.0000000000,3.3687130000,-0.0344031500,0.0014513860,-0.0255369000,-0.0203553800,0.0942695400,0.9953386000,1,1.0000000000,3.2986450000,0.0325105200,-0.0017451170,-0.0262411400,-0.0404972800,0.0991984900,0.9942433000,0.0325105200,-0.0017451170,-0.0262411400,-0.0404972800,0.0991984900,0.9942433000,0.0000000000,
4006688,1,1.0000000000,3.3765720000,-0.0342154200,0.0010012360,-0.0239773400,-0.0203858800,0.1168373000,0.9929418000,1,1.0000000000,3.2636870000,0.0326014700,-0.0017212220,-0.0262902800,-0.0196229500,0.0952308000,0.9952618000,0.0326014700,-0.0017212220,-0.0262902800,-0.0196229500,0.0952308000,0.9952618000,0.0000000000,
4006697,1,1.0000000000,3.2946470000,-0.0340788400,0.0010045620,-0.0239014000,-0.0153351100,0.1108858000,0.9937149000,1,1.0000000000,3.2395020000,0.0326981800,-0.0016889950,-0.0263245100,-0.0060120270,0.0903635100,0.9958907000,0.0326981800,-0.0016889950,-0.0263245100,-0.0060120270,0.0903635100,0.9958907000,0.0000000000,
4006705,1,1.0000000000,3.2630770000,-0.0339944300,0.0009743500,-0.0238554400,0.0059814880,0.1041420000,0.9945444000,1,1.0000000000,3.2531890000,0.0328001600,-0.0017341310,-0.0262264700,0.0072327430,0.0899362600,0.9959213000,0.0327998500,-0.0017341160,-0.0262264700,0.0072327430,0.0899362600,0.9959213000,0.0000000000,
4006713,1,1.0000000000,3.3317410000,-0.0338823900,0.0009819337,-0.0238994300,0.0156250300,0.1101534000,0.9937918000,1,1.0000000000,3.2104190000,0.0328972300,-0.0017095950,-0.0262295700,0.0206148900,0.0853587500,0.9961370000,0.0328971100,-0.0017095950,-0.0262295700,0.0206148900,0.0853587500,0.9961370000,0.0000000000,
4006722,1,1.0000000000,3.3288270000,-0.0338324600,0.0008961029,-0.0237270800,0.0354924500,0.1189745000,0.9922627000,1,1.0000000000,3.3026730000,0.0330007500,-0.0016934970,-0.0262659500,0.0346532700,0.0836042700,0.9958963000,0.0330006900,-0.0016934970,-0.0262659500,0.0346532700,0.0836042700,0.9958963000,0.0000000000,
4006730,1,1.0000000000,3.2188720000,-0.0337119300,0.0008337555,-0.0235505500,0.0469822700,0.1153576000,0.9922124000,1,1.0000000000,3.2673030000,0.0331126000,-0.0017780760,-0.0260750300,0.0455937300,0.0861977900,0.9952342000,0.0331125800,-0.0017780760,-0.0260750300,0.0455937300,0.0861977900,0.9952342000,0.0000000000,
4006738,1,1.0000000000,3.1613620000,-0.0336133700,0.0009094544,-0.0238238500,0.0675813300,0.1062777000,0.9920372000,1,1.0000000000,3.1752470000,0.0332118400,-0.0017218630,-0.0263065000,0.0527497000,0.0978089600,0.9938062000,0.0331767400,-0.0017204740,-0.0263052100,0.0527505100,0.0978104500,0.9938061000,0.0000000000,
4006747,1,1.0000000000,3.1476590000,-0.0334916100,0.0009196473,-0.0238385600,0.0740665900,0.1138923000,0.9907284000,1,1.0000000000,3.2707520000,0.0333182400,-0.0018114620,-0.0261176200,0.0650187300,0.1006180000,0.9927983000,0.0332965700,-0.0018105770,-0.0261168800,0.0650186300,0.1006332000,0.9927968000,0.0000000000,
4006755,1,1.0000000000,3.1640170000,-0.0333793800,0.0009042969,-0.0238365800,0.0896001400,0.1137397000,0.9894620000,1,1.0000000000,3.2571870000,0.0334148000,-0.0017287140,-0.0263508000,0.0736094500,0.1042801000,0.9918202000,0.0333783100,-0.0017272800,-0.0263494300,0.0736245100,0.1042950000,0.9918175000,0.0000000000,
4006763,1,1.0000000000,3.2562410000,-0.0332877200,0.0010013580,-0.0241385500,0.0884564800,0.1213396000,0.9886618000,1,1.0000000000,3.2532960000,0.0335059200,-0.0016702270,-0.0265163100,0.0903332100,0.1034712000,0.9905219000,0.0058008120,-0.0005620880,-0.0255300500,0.0895701600,0.1108869000,0.9897885000,0.0000000000,
4006772,1,1.0000000000,3.2463680000,-0.0332012400,0.0009082032,-0.0238534100,0.1109621000,0.1124422000,0.9874433000,1,1.0000000000,3.2700650000,0.0335757200,-0.0017979430,-0.0261036100,0.1160132000,0.1077429000,0.9873866000,-0.0063592230,-0.0001795654,-0.0247579000,0.1129930000,0.1105516000,0.9874264000,0.0000000000,
4006780,1,1.0000000000,3.2131500000,-0.0331301100,0.0009472504,-0.0240011800,0.1199657000,0.1160594000,0.9859708000,1,1.0000000000,3.3154450000,0.0336639700,-0.0017713470,-0.0261734000,0.1304945000,0.1040660000,0.9859723000,-0.0004782563,-0.0003817139,-0.0250630500,0.1251233000,0.1102001000,0.9860021000,0.0000000000,
4006788,1,1.0000000000,3.2817840000,-0.0330312100,0.0010025640,-0.0241815500,0.1337142000,0.1086895000,0.9850417000,1,1.0000000000,3.3478850000,0.0337146500,-0.0018824310,-0.0258448800,0.1384140000,0.1039440000,0.9849046000,0.0006628418,-0.0004538117,-0.0250212100,0.1360791000,0.1062937000,0.9849793000,0.0000000000,
4006797,1,1.0000000000,3.2645720000,-0.0329716800,0.0010461270,-0.0243753800,0.1440597000,0.1021892000,0.9842785000,1,1.0000000000,3.3831940000,0.0337913800,-0.0019263460,-0.0257450100,0.1511550000,0.1102763000,0.9823397000,0.0109139400,-0.0009077759,-0.0252756800,0.1487295000,0.1075150000,0.9830158000,0.0000000000,
4006805,1,1.0000000000,3.2761380000,-0.0329044800,0.0010718690,-0.0244810500,0.1513679000,0.1003270000,0.9833729000,1,1.0000000000,3.3417050000,0.0338488900,-0.0018281710,-0.0260823200,0.1572882000,0.1140446000,0.9809456000,0.0262903000,-0.0014997860,-0.0259010000,0.1566187000,0.1124896000,0.9812322000,0.0000000000,
4006813,1,1.0000000000,3.2655940000,-0.0328407800,0.0010805660,-0.0245492900,0.1639275000,0.1101853000,0.9802994000,1,1.0000000000,3.3384400000,0.0339166300,-0.0018159490,-0.0261583100,0.1655603000,0.1109941000,0.9799337000,0.0284627400,-0.0015793150,-0.0260268600,0.1654229000,0.1109330000,0.9799638000,0.0000000000,
4006822,1,1.0000000000,3.2514340000,-0.0327892900,0.0010728610,-0.0245779300,0.1732351000,0.1052106000,0.9792448000,1,1.0000000000,3.2862700000,0.0339641000,-0.0018091890,-0.0262133600,0.1728850000,0.1101703000,0.9787611000,0.0311477700,-0.0016875920,-0.0261443600,0.1728987000,0.1099557000,0.9787828000,0.0000000000,
4006830,1,1.0000000000,3.1747440000,-0.0327434100,0.0010573880,-0.0245833300,0.1714796000,0.1034249000,0.9797438000,1,1.0000000000,3.2705380000,0.0340300300,-0.0018400880,-0.0261978500,0.1727607000,0.1078800000,0.9790381000,0.0313607000,-0.0017242590,-0.0261333000,0.1726997000,0.1076970000,0.9790691000,0.0000000000,
4006838,1,1.0000000000,3.4486540000,-0.0326990200,0.0010476080,-0.0246001300,0.1795355000,0.1089939000,0.9776949000,1,1.0000000000,3.2584080000,0.0340798100,-0.0018538670,-0.0262410600,0.1864336000,0.1156169000,0.9756409000,0.0299270300,-0.0016734310,-0.0261390100,0.1860051000,0.1152042000,0.9757715000,0.0000000000,
4006847,1,1.0000000000,3.3946530000,-0.0326548300,0.0010263210,-0.0246059100,0.1852598000,0.1038377000,0.9771881000,1,1.0000000000,3.2893520000,0.0341064800,-0.0018751980,-0.0262262100,0.1926747000,0.1025859000,0.9758856000,0.0311777300,-0.0017479100,-0.0261551200,0.1923534000,0.1026465000,0.9759426000,0.0000000000,
4006855,1,1.0000000000,3.2746890000,-0.0326210000,0.0010036320,-0.0246154600,0.1956654000,0.0967569600,0.9758858000,1,1.0000000000,3.3561100000,0.0341371300,-0.0018783720,-0.0262337200,0.2003493000,0.1000678000,0.9746007000,0.0154025900,-0.0010695950,-0.0257795700,0.1990366000,0.0991368100,0.9749648000,0.0000000000,
4006863,1,1.0000000000,3.3396760000,-0.0325860900,0.0009873505,-0.0246219000,0.1933919000,0.1000377000,0.9760082000,1,1.0000000000,3.2663270000,0.0341721800,-0.0018702550,-0.0262499900,0.2142342000,0.0981754300,0.9718360000,-0.0146922500,0.0002214050,-0.0250582900,0.1989904000,0.0995485900,0.9749323000,0.0000000000,
4006872,1,1.0000000000,3.3277740000,-0.0325578600,0.0009667359,-0.0246265100,0.1987338000,0.0988785900,0.9750528000,1,1.0000000000,3.2816770000,0.0342064700,-0.0018740540,-0.0262511300,0.2084830000,0.1003429000,0.9728649000,-0.0157524100,0.0002516632,-0.0250354600,0.2011891000,0.0992441300,0.9745120000,0.0000000000,
4006880,1,1.0000000000,3.4753110000,-0.0325354500,0.0009579468,-0.0246441700,0.2045608000,0.1141518000,0.9721750000,1,1.0000000000,3.4109040000,0.0342586100,-0.0018820500,-0.0262708000,0.2107578000,0.0983292200,0.9725804000,-0.0008764954,-0.0003881378,-0.0254151600,0.2075053000,0.1066595000,0.9724019000,0.0000000000,
4006888,1,1.0000000000,3.2535250000,-0.0325255600,0.0009399262,-0.0246238600,0.2018294000,0.0981146800,0.9744939000,1,1.0000000000,3.2606660000,0.0342757300,-0.0018822330,-0.0262808900,0.2120692000,0.1041272000,0.9716914000,-0.0006466981,-0.0004068604,-0.0254146300,0.2067288000,0.1009840000,0.9731728000,0.0000000000,
4006897,1,1.0000000000,3.2343900000,-0.0325235600,0.0009372254,-0.0246240600,0.2070650000,0.0978714200,0.9734194000,1,1.0000000000,3.3427430000,0.0342848500,-0.0018905330,-0.0262843200,0.2162207000,0.1032275000,0.9708722000,-0.0004746247,-0.0004192810,-0.0254205200,0.2114591000,0.1004499000,0.9722114000,0.0000000000,
4006905,1,1.0000000000,3.2552030000,-0.0325221000,0.0009345398,-0.0246238600,0.2090023000,0.0995343600,0.9728366000,1,1.0000000000,3.3463900000,0.0342864500,-0.0018937380,-0.0262849600,0.2166308000,0.1035928000,0.9707418000,-0.0012519530,-0.0003892517,-0.0254013400,0.2125712000,0.1014257000,0.9718674000,0.0000000000,
4006913,1,1.0000000000,3.2372130000,-0.0325238200,0.0009324952,-0.0246239500,0.2110145000,0.1007389000,0.9722780000,1,1.0000000000,3.3500370000,0.0342880700,-0.0018969420,-0.0262856000,0.2170590000,0.1039442000,0.9706086000,-0.0015687410,-0.0003784180,-0.0253938200,0.2138093000,0.1022354000,0.9715109000,0.0000000000,
4006922,1,1.0000000000,3.2568510000,-0.0325255600,0.0009304658,-0.0246240400,0.2131675000,0.1005565000,0.9718271000,1,1.0000000000,3.3547970000,0.0342891300,-0.0019008790,-0.0262867900,0.2190711000,0.0994265800,0.9706298000,-0.0020019070,-0.0003629914,-0.0253836500,0.2158697000,0.1000383000,0.9712840000,0.0000000000,
4006930,1,1.0000000000,3.2515260000,-0.0325278600,0.0009291230,-0.0246239500,0.2118540000,0.1005864000,0.9721112000,1,1.0000000000,3.3620610000,0.0342901600,-0.0019048010,-0.0262880000,0.2198206000,0.1006634000,0.9703328000,-0.0013566280,-0.0003929138,-0.0254002400,0.2155630000,0.1006174000,0.9712923000,0.0000000000,
4006938,1,1.0000000000,3.2561490000,-0.0325301800,0.0009290467,-0.0246238600,0.2105568000,0.1006626000,0.9723851000,1,1.0000000000,3.3553470000,0.0342902800,-0.0019066770,-0.0262875800,0.2203854000,0.1000073000,0.9702725000,-0.0005434265,-0.0004283905,-0.0254202700,0.2152730000,0.1003580000,0.9713835000,0.0000000000,
4006947,1,1.0000000000,3.2513120000,-0.0325354500,0.0009287110,-0.0246238400,0.2111074000,0.1006327000,0.9722689000,1,1.0000000000,3.3615110000,0.0342901600,-0.0019064490,-0.0262871700,0.2210276000,0.0989703300,0.9702328000,0.0001613159,-0.0004584961,-0.0254376800,0.2159584000,0.0998233500,0.9712864000,0.0000000000,
4006955,1,1.0000000000,3.2565770000,-0.0325407300,0.0009287568,-0.0246238400,0.2116720000,0.1007700000,0.9721318000,1,1.0000000000,3.3546750000,0.0342891300,-0.0019056250,-0.0262863800,0.2206459000,0.0986345300,0.9703538000,0.0009348298,-0.0004909973,-0.0254566200,0.2161743000,0.0997023200,0.9712508000,0.0000000000,
4006963,1,1.0000000000,3.3334660000,-0.0326448100,0.0009333039,-0.0245812500,0.2131509000,0.1036991000,0.9715005000,1,1.0000000000,3.3588560000,0.0342880700,-0.0019048010,-0.0262856000,0.2202780000,0.0984811700,0.9704530000,0.0018445740,-0.0005291138,-0.0254594700,0.2168289000,0.1010139000,0.9709693000,0.0000000000,
4006972,1,1.0000000000,3.2616120000,-0.0326685000,0.0009369812,-0.0245677500,0.2122523000,0.1002667000,0.9720573000,1,1.0000000000,3.3080600000,0.0342523300,-0.0018861090,-0.0262574600,0.2163098000,0.0884404400,0.9723108000,0.0027765500,-0.0005582733,-0.0254627200,0.2144039000,0.0940105500,0.9722103000,0.0000000000,
4006980,1,1.0000000000,3.1685330000,-0.0326969200,0.0009643250,-0.0245567300,0.2106181000,0.0941166700,0.9730273000,1,1.0000000000,3.3423000000,0.0342418600,-0.0018635560,-0.0262565300,0.2191484000,0.0877997600,0.9717330000,0.0036663360,-0.0005718689,-0.0254801200,0.2152562000,0.0906831900,0.9723381000,0.0000000000,
4006988,1,1.0000000000,3.3232270000,-0.0327529000,0.0009769287,-0.0245130900,0.2049743000,0.0951094300,0.9741354000,1,1.0000000000,3.3081820000,0.0342322000,-0.0018255770,-0.0262338900,0.2113826000,0.0817270800,0.9739805000,0.0049924620,-0.0006022492,-0.0254827400,0.2085907000,0.0875714900,0.9740745000,0.0000000000,
4006997,1,1.0000000000,3.2738950000,-0.0327902800,0.0010076450,-0.0245259300,0.2062396000,0.0872657600,0.9746024000,1,1.0000000000,3.3649140000,0.0342407700,-0.0018038940,-0.0262276300,0.2078738000,0.0812238200,0.9747775000,0.0051409910,-0.0005833282,-0.0254888800,0.2071695000,0.0838474200,0.9747053000,0.0000000000,
4007005,1,1.0000000000,3.2905880000,-0.0329278100,0.0010894930,-0.0245056800,0.2317836000,0.0774850000,0.9696764000,1,1.0000000000,3.2469640000,0.0342617700,-0.0017643740,-0.0262468700,0.2210276000,0.0860000800,0.9714683000,0.0059518890,-0.0005619049,-0.0255132300,0.2255709000,0.0824128200,0.9707347000,0.0000000000,
4007013,1,0.9679868000,2.9188230000,-0.0329025000,0.0011106420,-0.0243640200,0.2180799000,0.0245515300,0.9756221000,1,0.9679868000,3.3940580000,0.0342265600,-0.0016438290,-0.0262352500,0.2361035000,0.0834060500,0.9681418000,0.0113427400,-0.0007048493,-0.0255973500,0.2300594000,0.0633704900,0.9711111000,0.0000000000,
4007022,1,0.9679868000,-1.0000000000,-0.0329341600,0.0012594760,-0.0244499400,0.0000000000,0.0000000000,0.0000000000,1,0.9679868000,-1.0000000000,0.0342440600,-0.0015493320,-0.0262177000,0.0000000000,0.0000000000,0.0000000000,0.0010000000,-0.0010000000,-0.0010000000,0.5773503000,-0.5773503000,-0.5773503000,0.0000000000,
4007030,1,0.8393689000,-1.0000000000,-0.0332945100,-0.0016676790,-0.0250084400,0.0000000000,0.0000000000,0.0000000000,1,0.8393689000,-1.0000000000,0.0342461600,-0.0014480900,-0.0261594200,0.0000000000,0.0000000000,0.0000000000,0.0010000000,-0.0010000000,-0.0010000000,0.5773503000,-0.5773503000,-0.5773503000,0.0000000000,
4007038,1,0.8393689000,-1.0000000000,-0.0340187000,0.0005216370,-0.0241193200,0.0000000000,0.0000000000,0.0000000000,1,0.8393689000,-1.0000000000,0.0342079200,-0.0013488620,-0.0260857900,0.0000000000,0.0000000000,0.0000000000,0.0010000000,-0.0010000000,-0.0010000000,0.5773503000,-0.5773503000,-0.5773503000,0.0000000000,
4007047,1,0.6220278000,-1.0000000000,-0.0341742700,-0.0003374176,-0.0245914300,0.0000000000,0.0000000000,0.0000000000,1,0.6220278000,-1.0000000000,0.0336999100,-0.0025691220,-0.0262684000,0.0000000000,0.0000000000,0.0000000000,0.0010000000,-0.0010000000,-0.0010000000,0.5773503000,-0.5773503000,-0.5773503000,0.0000000000,
4007055,1,0.6220278000,-1.0000000000,-0.0330359700,-0.0004447022,-0.0246417400,0.0000000000,0.0000000000,0.0000000000,1,0.6220278000,-1.0000000000,0.0335059700,-0.0011381380,-0.0288407600,0.0000000000,0.0000000000,0.0000000000,0.0010000000,-0.0010000000,-0.0010000000,0.5773503000,-0.5773503000,-0.5773503000,0.0000000000,
4007063,1,0.4870900000,-1.0000000000,-0.0330621500,-0.0001698456,-0.0245853600,0.0000000000,0.0000000000,0.0000000000,1,0.4870900000,-1.0000000000,0.0338991100,-0.0020454100,-0.0277706500,0.0000000000,0.0000000000,0.0000000000,0.0010000000,-0.0010000000,-0.0010000000,0.5773503000,-0.5773503000,-0.5773503000,0.0000000000,
4007072,1,0.4870900000,-1.0000000000,-0.0330466600,-0.0001893921,-0.0245910700,0.0000000000,0.0000000000,0.0000000000,1,0.4870900000,-1.0000000000,0.0331020500,-0.0030955050,-0.0237785200,0.0000000000,0.0000000000,0.0000000000,0.0010000000,-0.0010000000,-0.0010000000,0.5773503000,-0.5773503000,-0.5773503000,0.0000000000,
4007080,1,0.4708868000,-1.0000000000,-0.0330911600,-0.0002316132,-0.0245914500,0.0000000000,0.0000000000,0.0000000000,1,0.4708868000,-1.0000000000,0.0330872600,-0.0033985140,-0.0232684200,0.0000000000,0.0000000000,0.0000000000,0.0010000000,-0.0010000000,-0.0010000000,0.5773503000,-0.5773503000,-0.5773503000,0.0000000000,
4007088,1,0.4708868000,-1.0000000000,-0.0332988100,-0.0012971800,-0.0249370300,0.0000000000,0.0000000000,0.0000000000,1,0.4708868000,-1.0000000000,0.0340149700,-0.0012946010,-0.0259166400,0.0000000000,0.0000000000,0.0000000000,0.0010000000,-0.0010000000,-0.0010000000,0.5773503000,-0.5773503000,-0.5773503000,0.0000000000,
4007097,1,0.5012302000,-1.0000000000,-0.0343772600,-0.0001806641,-0.0232745700,0.0000000000,0.0000000000,0.0000000000,1,0.5012302000,-1.0000000000,0.0339758300,-0.0012376100,-0.0261112400,0.0000000000,0.0000000000,0.0000000000,0.0010000000,-0.0010000000,-0.0010000000,0.5773503000,-0.5773503000,-0.5773503000,0.0000000000,
4007105,1,0.5012302000,-1.0000000000,-0.0334375300,0.0019793090,-0.0312998200,0.0000000000,0.0000000000,0.0000000000,1,0.5012302000,2.9576870000,0.0339427500,-0.0012921910,-0.0261528500,0.2664383000,0.0270695600,0.9634718000,0.0339427500,-0.0012921910,-0.0261528500,0.2664383000,0.0270695600,0.9634718000,0.0000000000,
4007113,1,0.5782869000,-1.0000000000,-0.0332206700,0.0015104520,-0.0243654200,0.0000000000,0.0000000000,0.0000000000,1,0.5782869000,-1.0000000000,0.0341248200,-0.0016217040,-0.0267989200,0.0000000000,0.0000000000,0.0000000000,0.0010000000,-0.0010000000,-0.0010000000,0.5773503000,-0.5773503000,-0.5773503000,0.0000000000,
4007122,1,0.5782869000,-1.0000000000,-0.0331904000,0.0014557040,-0.0244317300,0.0000000000,0.0000000000,0.0000000000,1,0.5782869000,-1.0000000000,0.0339101100,-0.0013887940,-0.0261910600,0.0000000000,0.0000000000,0.0000000000,0.0010000000,-0.0010000000,-0.0010000000,0.5773503000,-0.5773503000,-0.5773503000,0.0000000000,
4007130,1,0.6869694000,-1.0000000000,-0.0332032000,0.0014102630,-0.0244766500,0.0000000000,0.0000000000,0.0000000000,1,0.6869694000,-1.0000000000,0.0339027900,-0.0014533690,-0.0262203400,0.0000000000,0.0000000000,0.0000000000,0.0010000000,-0.0010000000,-0.0010000000,0.5773503000,-0.5773503000,-0.5773503000,0.0000000000,
4007138,1,0.6869694000,-1.0000000000,-0.0332267800,0.0013863370,-0.0245025500,0.0000000000,0.0000000000,0.0000000000,1,0.6869694000,-1.0000000000,0.0338445900,-0.0014245910,-0.0263556100,0.0000000000,0.0000000000,0.0000000000,0.0010000000,-0.0010000000,-0.0010000000,0.5773503000,-0.5773503000,-0.5773503000,0.0000000000,
4007147,1,0.7437456000,-1.0000000000,-0.0332707500,0.0014125520,-0.0246717200,0.0000000000,0.0000000000,0.0000000000,1,0.7437456000,-1.0000000000,0.0338055300,-0.0013916780,-0.0266196800,0.0000000000,0.0000000000,0.0000000000,0.0010000000,-0.0010000000,-0.0010000000,0.5773503000,-0.5773503000,-0.5773503000,0.0000000000,
4007155,1,0.7437456000,2.9299010000,-0.0332819500,0.0014463960,-0.0248875000,0.1525728000,0.0070648260,0.9882670000,1,0.7437456000,3.4864650000,0.0337873300,-0.0014188080,-0.0266999200,0.1521612000,0.0678103200,0.9860267000,0.0337873300,-0.0014188080,-0.0266999200,0.1521612000,0.0678103200,0.9860267000,0.0000000000,
4007163,1,0.7928165000,2.7580410000,-0.0332957200,0.0013561710,-0.0247066200,0.1415572000,0.0065460850,0.9899084000,1,0.7928165000,3.4228820000,0.0337466000,-0.0014512180,-0.0266037300,0.1525736000,0.0654758800,0.9861208000,0.0337466000,-0.0014512180,-0.0266037300,0.1525736000,0.0654758800,0.9861208000,0.0000000000,
4007172,1,0.7928165000,3.0131530000,-0.0333044000,0.0013498990,-0.0247154600,0.1348887000,0.0230562000,0.9905925000,1,0.7928165000,3.3521120000,0.0338493100,-0.0009748230,-0.0286178600,0.0905308900,0.0825352400,0.9924676000,0.0338493100,-0.0009748230,-0.0286178600,0.0905308900,0.0825352400,0.9924676000,0.0000000000,
4007180,1,0.8263144000,3.2774510000,-0.0333256800,0.0012498930,-0.0244886800,0.1461350000,0.0526128700,0.9878646000,1,0.8263144000,3.3228300000,0.0338376300,-0.0012083440,-0.0276820500,0.1122599000,0.0838325200,0.9901363000,0.0338376300,-0.0012083440,-0.0276820500,0.1122599000,0.0838325200,0.9901363000,0.0000000000,
4007188,1,0.8263144000,3.2032930000,-0.0333434200,0.0012318730,-0.0244927500,0.1356816000,0.0635530900,0.9887120000,1,0.8263144000,3.3783870000,0.0337426300,-0.0015419310,-0.0264345600,0.1282358000,0.0658574000,0.9895546000,-0.0333431900,0.0012318730,-0.0244927700,0.1356816000,0.0635530900,0.9887120000,0.0000000000,
4007197,1,0.8638824000,3.2847900000,-0.0333639500,0.0012259830,-0.0245271600,0.1244673000,0.0679481400,0.9898944000,1,0.8638824000,3.3845520000,0.0337217700,-0.0016607820,-0.0260342000,0.1259926000,0.0577701500,0.9903476000,-0.0333638900,0.0012259830,-0.0245271600,0.1244673000,0.0679481400,0.9898944000,0.0000000000,
4007205,1,0.8638824000,3.3970490000,-0.0333556700,0.0012446750,-0.0246937700,0.1265427000,0.0719766000,0.9893464000,1,0.8638824000,3.4274750000,0.0336841800,-0.0015811920,-0.0263905700,0.1297622000,0.0662391600,0.9893302000,-0.0333555900,0.0012446750,-0.0246937700,0.1265427000,0.0719766000,0.9893464000,0.0000000000,
4007213,1,0.8978939000,3.3107450000,-0.0333791400,0.0012191930,-0.0246398200,0.1237642000,0.0689240300,0.9899151000,1,0.8978939000,3.3910830000,0.0336796900,-0.0016200710,-0.0262964500,0.1262211000,0.0642854700,0.9899169000,-0.0333790900,0.0012191930,-0.0246398200,0.1237642000,0.0689240300,0.9899151000,0.0000000000,
4007222,1,0.8978939000,3.2545470000,-0.0333739000,0.0012294010,-0.0246954400,0.1221782000,0.0681311000,0.9901670000,1,0.8978939000,3.4959560000,0.0336686300,-0.0016799170,-0.0260653400,0.1230777000,0.0696870900,0.9899473000,-0.0333738900,0.0012294010,-0.0246954400,0.1221782000,0.0681311000,0.9901670000,0.0000000000,
4007230,1,0.9345578000,3.3843840000,-0.0334261300,0.0011281590,-0.0243805300,0.1176922000,0.0723426000,0.9904116000,1,0.9345578000,3.3064420000,0.0336590000,-0.0016859440,-0.0260754200,0.1213394000,0.0682533900,0.9902617000,-0.0334261000,0.0011281590,-0.0243805300,0.1176922000,0.0723426000,0.9904116000,0.0000000000,
4007238,1,0.9345578000,3.3527220000,-0.0334417400,0.0010543060,-0.0241719700,0.1162884000,0.0693213600,0.9907933000,1,0.9345578000,3.4108280000,0.0336514000,-0.0016889950,-0.0261003600,0.1230639000,0.0691080800,0.9899896000,-0.0334417300,0.0010543060,-0.0241719700,0.1162884000,0.0693213600,0.9907933000,0.0000000000,
4007247,1,0.9599969000,3.3862610000,-0.0334575500,0.0010255890,-0.0240856500,0.1136186000,0.0697489600,0.9910731000,1,0.9599969000,3.4103390000,0.0336442000,-0.0017136840,-0.0260590700,0.1156020000,0.0587165300,0.9915586000,-0.0334575200,0.0010255890,-0.0240856500,0.1136186000,0.0697489600,0.9910731000,0.0000000000,
4007255,1,0.9599969000,3.4087680000,-0.0334588000,0.0010233610,-0.0240857400,0.1125952000,0.0715183400,0.9910638000,1,0.9599969000,3.3436580000,0.0336395100,-0.0016889500,-0.0261477200,0.1179053000,0.0677189000,0.9907131000,-0.0314061300,0.0009403839,-0.0241488200,0.1127636000,0.0713966200,0.9910534000,0.0000000000,
4007263,1,0.9767786000,3.3860930000,-0.0334600500,0.0010211340,-0.0240856500,0.1115116000,0.0704958100,0.9912596000,1,0.9767786000,3.4132540000,0.0336359700,-0.0016794130,-0.0261998200,0.1198444000,0.0675211900,0.9904940000,0.0311878200,-0.0015808720,-0.0261226800,0.1195390000,0.0676431300,0.9905225000,0.0000000000,
4007272,1,0.9767786000,3.3587490000,-0.0334727500,0.0009905702,-0.0240041700,0.1109026000,0.0725413900,0.9911803000,1,0.9767786000,3.3954470000,0.0336352500,-0.0016799010,-0.0262071700,0.1175247000,0.0704507600,0.9905679000,0.0331486200,-0.0016605380,-0.0261912100,0.1174777000,0.0704652500,0.9905724000,0.0000000000,
4007280,1,1.0000000000,3.3910370000,-0.0334854600,0.0009600220,-0.0239227000,0.1103991000,0.0741131400,0.9911202000,1,1.0000000000,3.4114990000,0.0336345400,-0.0016803900,-0.0261998200,0.1170060000,0.0675973800,0.9908280000,0.0333543700,-0.0016693730,-0.0261903100,0.1169757000,0.0676280000,0.9908295000,0.0000000000,
4007288,1,1.0000000000,3.3667910000,-0.0334906200,0.0009554749,-0.0239182400,0.1107036000,0.0745552000,0.9910530000,1,1.0000000000,3.3928380000,0.0336325500,-0.0016803280,-0.0262071700,0.1165484000,0.0656595600,0.9910123000,0.0330679200,-0.0016581570,-0.0261879300,0.1165028000,0.0657206800,0.9910136000,0.0000000000,
4007297,1,1.0000000000,3.3918300000,-0.0334957800,0.0009509278,-0.0239137900,0.1110996000,0.0754702200,0.9909396000,1,1.0000000000,3.4099580000,0.0336305600,-0.0016802830,-0.0262145400,0.1161208000,0.0639045800,0.9911771000,0.0313990600,-0.0015928040,-0.0261380500,0.1159524000,0.0642857400,0.9911723000,0.0000000000,
4007305,1,1.0000000000,3.4043120000,-0.0335004100,0.0009312592,-0.0238671100,0.1111611000,0.0769200900,0.9908211000,1,1.0000000000,3.4098210000,0.0336304000,-0.0016803280,-0.0262644000,0.1114974000,0.0661629900,0.9915597000,0.0228806600,-0.0012621310,-0.0258805200,0.1114512000,0.0678869400,0.9914485000,0.0000000000,
4007313,1,1.0000000000,3.4172060000,-0.0335050500,0.0009115906,-0.0238204400,0.1112372000,0.0783848500,0.9906978000,1,1.0000000000,3.4083710000,0.0336302400,-0.0016803900,-0.0263142700,0.1068726000,0.0684509900,0.9919137000,0.0178283400,-0.0010702970,-0.0257272800,0.1078966000,0.0707866500,0.9916388000,0.0000000000,
4007322,1,1.0000000000,3.4056550000,-0.0335108000,0.0009068604,-0.0238112200,0.1083537000,0.0779426100,0.9910522000,1,1.0000000000,3.3982700000,0.0336242400,-0.0016834110,-0.0263060600,0.1048592000,0.0679326200,0.9921641000,0.0158037700,-0.0009958496,-0.0256438300,0.1057906000,0.0705880700,0.9918799000,0.0000000000,
4007330,1,1.0000000000,3.4164430000,-0.0335165600,0.0009021149,-0.0238020200,0.1055312000,0.0776835500,0.9913771000,1,1.0000000000,3.4080510000,0.0336182300,-0.0016864320,-0.0262978500,0.1028610000,0.0675363800,0.9924003000,0.0127908900,-0.0008833771,-0.0255235600,0.1036849000,0.0706949600,0.9920946000,0.0000000000,
4007338,1,1.0000000000,3.4047850000,-0.0335189800,0.0009068604,-0.0238112200,0.1048288000,0.0769355100,0.9915099000,1,1.0000000000,3.4082490000,0.0336160900,-0.0016892550,-0.0262862900,0.1010906000,0.0650641700,0.9927474000,0.0108149100,-0.0008075256,-0.0254456800,0.1023565000,0.0690921700,0.9923454000,0.0000000000,
4007347,1,1.0000000000,3.4162750000,-0.0335214100,0.0009021149,-0.0238020200,0.1041427000,0.0772105800,0.9915608000,1,1.0000000000,3.4066770000,0.0336139700,-0.0016920780,-0.0262747200,0.0993207900,0.0625771400,0.9930858000,0.0061920480,-0.0006324463,-0.0252647300,0.1012894000,0.0685435500,0.9924929000,0.0000000000,
4007355,1,1.0000000000,3.4050900000,-0.0335259000,0.0008915864,-0.0237864700,0.1044167000,0.0767218100,0.9915699000,1,1.0000000000,3.3969120000,0.0336117000,-0.0016952970,-0.0262629400,0.0985113700,0.0620273700,0.9932009000,0.0045853730,-0.0005768738,-0.0251922600,0.1010744000,0.0683900500,0.9925255000,0.0000000000,
4007363,1,1.0000000000,3.3939360000,-0.0335303800,0.0008810578,-0.0237923600,0.1046910000,0.0773776600,0.9914900000,1,1.0000000000,3.3869630000,0.0336094200,-0.0016985170,-0.0262511600,0.0977032600,0.0614937000,0.9933140000,0.0035844120,-0.0005449219,-0.0251515800,0.1008313000,0.0686043600,0.9925354000,0.0000000000,
4007372,1,1.0000000000,3.4175260000,-0.0335312100,0.0008608093,-0.0237923600,0.1041721000,0.0807498200,0.9912757000,1,1.0000000000,3.3792270000,0.0336068000,-0.0017023770,-0.0262328500,0.0973362400,0.0609743900,0.9933820000,0.0008005371,-0.0004498902,-0.0250403300,0.1006782000,0.0706334600,0.9924086000,0.0000000000,
4007380,1,1.0000000000,3.3926850000,-0.0335345600,0.0008578186,-0.0237816200,0.1017611000,0.0800935600,0.9915794000,1,1.0000000000,3.3711700000,0.0336041700,-0.0017062230,-0.0262145400,0.0969557200,0.0604256600,0.9934527000,-0.0019608770,-0.0003479767,-0.0249257500,0.0995029600,0.0708468400,0.9925119000,0.0000000000,
4007388,1,1.0000000000,3.4107360000,-0.0335415500,0.0008543549,-0.0237709200,0.1014715000,0.0783238000,0.9917504000,1,1.0000000000,3.3714450000,0.0335953200,-0.0017115780,-0.0262145400,0.0958406600,0.0611420900,0.9935171000,-0.0041226050,-0.0002700043,-0.0248416900,0.0990153000,0.0708015000,0.9925639000,0.0000000000,
4007397,1,1.0000000000,3.4161380000,-0.0335501700,0.0008515930,-0.0237649100,0.0988782400,0.0772867700,0.9920936000,1,1.0000000000,3.3564760000,0.0335908100,-0.0017205050,-0.0261992700,0.0939187500,0.0617681700,0.9936619000,-0.0044397890,-0.0002635803,-0.0248203700,0.0967263500,0.0705572900,0.9928070000,0.0000000000,
4007405,1,1.0000000000,3.4108280000,-0.0335810300,0.0008392029,-0.0237620100,0.1019444000,0.0777285700,0.9917488000,1,1.0000000000,3.3575740000,0.0335802800,-0.0017427670,-0.0261992700,0.0952149900,0.0645142600,0.9933640000,-0.0041909490,-0.0002906647,-0.0248285500,0.0989996000,0.0719456100,0.9924832000,0.0000000000,
4007413,1,1.0000000000,3.4168090000,-0.0335904400,0.0008343811,-0.0237620100,0.1009220000,0.0782779100,0.9918101000,1,1.0000000000,3.3887790000,0.0335712400,-0.0017520300,-0.0261835200,0.0969699500,0.0620577200,0.9933507000,-0.0036049810,-0.0003203583,-0.0248431400,0.0991526800,0.0710304200,0.9925339000,0.0000000000,
4007422,1,1.0000000000,3.4106750000,-0.0335985900,0.0008325348,-0.0237592300,0.0997169400,0.0782324000,0.9919356000,1,1.0000000000,3.3897710000,0.0335595400,-0.0017671660,-0.0261637100,0.0980081900,0.0637213400,0.9931435000,-0.0034780120,-0.0003334198,-0.0248376500,0.0989544000,0.0717171400,0.9925043000,0.0000000000,
4007430,1,1.0000000000,3.4104770000,-0.0336073000,0.0008319092,-0.0237592300,0.1000075000,0.0771952800,0.9919876000,1,1.0000000000,3.3893590000,0.0335589000,-0.0017722630,-0.0261487000,0.0955978300,0.0610513900,0.9935461000,-0.0036568600,-0.0003293304,-0.0248247200,0.0980387900,0.0700080800,0.9927171000,0.0000000000,
4007438,1,1.0000000000,3.3921510000,-0.0336145800,0.0008154755,-0.0237592300,0.1002207000,0.0781410300,0.9918920000,1,1.0000000000,3.3958130000,0.0335583800,-0.0017878880,-0.0261280500,0.0905310100,0.0594639000,0.9941168000,-0.0043316960,-0.0003193970,-0.0247918700,0.0960094500,0.0699929000,0.9929165000,0.0000000000,
4007447,1,1.0000000000,3.3930970000,-0.0336167300,0.0008003541,-0.0237592300,0.1006019000,0.0811162800,0.9916145000,1,1.0000000000,3.3998570000,0.0335362900,-0.0018325650,-0.0259211300,0.0955213600,0.0557564000,0.9938647000,-0.0128056600,-0.0000155945,-0.0244292200,0.0990308800,0.0732584400,0.9923840000,0.0000000000,
4007455,1,1.0000000000,3.3931880000,-0.0336197200,0.0007951508,-0.0237592300,0.0995346600,0.0813916700,0.9916997000,1,1.0000000000,3.4009860000,0.0335302600,-0.0018455660,-0.0258890900,0.0955815800,0.0560763600,0.9938408000,-0.0227070200,0.0003659973,-0.0241053600,0.0988933500,0.0772866600,0.9920921000,0.0000000000,
4007463,1,1.0000000000,3.3930210000,-0.0336202100,0.0007929993,-0.0237580000,0.0988619500,0.0810701500,0.9917933000,1,1.0000000000,3.4010160000,0.0335302600,-0.0018544620,-0.0258693400,0.0945897000,0.0550539800,0.9939929000,-0.0287864500,0.0006024323,-0.0239099700,0.0985581500,0.0791944300,0.9919751000,0.0000000000,
4007472,1,1.0000000000,3.3931580000,-0.0336229300,0.0007907105,-0.0237580000,0.0988926200,0.0808261400,0.9918101000,1,1.0000000000,3.4113160000,0.0335302600,-0.0018614500,-0.0258615300,0.0942397000,0.0546425500,0.9940488000,-0.0307619800,0.0006777191,-0.0238476100,0.0986945600,0.0797124900,0.9919200000,0.0000000000,
4007480,1,1.0000000000,3.3993230000,-0.0336229300,0.0007903138,-0.0237580000,0.0989085400,0.0799721800,0.9918778000,1,1.0000000000,3.4157100000,0.0335302600,-0.0018638150,-0.0258560300,0.0931706200,0.0538790500,0.9941913000,-0.0312272700,0.0006956329,-0.0238328400,0.0987104500,0.0790416000,0.9919721000,0.0000000000,
4007488,1,1.0000000000,3.3997960000,-0.0336229300,0.0007834015,-0.0237531800,0.0984507400,0.0811013100,0.9918317000,1,1.0000000000,3.4209290000,0.0335302600,-0.0018663640,-0.0258560300,0.0911876400,0.0537573700,0.9943817000,-0.0305743700,0.0006631165,-0.0238486300,0.0981146700,0.0798650400,0.9919652000,0.0000000000,
4007497,1,1.0000000000,3.4001770000,-0.0336229300,0.0007814789,-0.0237469500,0.0984505000,0.0811316300,0.9918292000,1,1.0000000000,3.4360200000,0.0335302600,-0.0018695990,-0.0258560300,0.0908821200,0.0540623400,0.9943931000,-0.0282268200,0.0005684510,-0.0239164300,0.0978407600,0.0789653700,0.9920644000,0.0000000000,
4007505,1,1.0000000000,3.4114530000,-0.0336229300,0.0007790528,-0.0237434900,0.0977951500,0.0807050300,0.9919288000,1,1.0000000000,3.4358830000,0.0335302600,-0.0018711700,-0.0258560300,0.0906687500,0.0543676800,0.9943960000,-0.0220621300,0.0003227997,-0.0241071800,0.0965734300,0.0761723100,0.9924068000,0.0000000000,
4007513,1,1.0000000000,3.4155580000,-0.0336229300,0.0007787018,-0.0237430700,0.0968937700,0.0804294600,0.9920396000,1,1.0000000000,3.4437870000,0.0335302600,-0.0018713070,-0.0258560300,0.0894178600,0.0544136700,0.9945067000,-0.0117040400,-0.0000862579,-0.0244327600,0.0944676300,0.0719455500,0.9929248000,0.0000000000,
4007522,1,1.0000000000,3.4154360000,-0.0336202100,0.0007781067,-0.0237352600,0.0959328600,0.0798347000,0.9921811000,1,1.0000000000,3.4438780000,0.0335319400,-0.0018736730,-0.0258543200,0.0889749100,0.0546728000,0.9945322000,-0.0015676270,-0.0004876099,-0.0247467200,0.0926218600,0.0678260600,0.9933886000,0.0000000000,
4007530,1,1.0000000000,3.4148410000,-0.0336202100,0.0007766114,-0.0237326800,0.0956733500,0.0788275100,0.9922867000,1,1.0000000000,3.4435730000,0.0335325500,-0.0018736730,-0.0258543200,0.0888377100,0.0540320000,0.9945795000,-0.0002899781,-0.0005388031,-0.0247857200,0.0922858800,0.0665288400,0.9935075000,0.0000000000,
4007538,1,1.0000000000,3.4158630000,-0.0336202100,0.0007639161,-0.0237010400,0.0953838200,0.0796976000,0.9922450000,1,1.0000000000,3.4480290000,0.0335325500,-0.0018736880,-0.0258560300,0.0887607400,0.0534517600,0.9946178000,0.0015130920,-0.0006160279,-0.0248284900,0.0919192400,0.0659639500,0.9935792000,0.0000000000,
4007547,1,1.0000000000,3.4159850000,-0.0336202100,0.0007629548,-0.0236906300,0.0952762500,0.0791629000,0.9922981000,1,1.0000000000,3.4481660000,0.0335325500,-0.0018763580,-0.0258615300,0.0886851300,0.0540014900,0.9945948000,0.0027377170,-0.0006660157,-0.0248660000,0.0917057200,0.0655520500,0.9936262000,0.0000000000,
4007555,1,1.0000000000,3.3995970000,-0.0336202100,0.0007626801,-0.0236870400,0.0943762700,0.0778966700,0.9924844000,1,1.0000000000,3.4479680000,0.0335325500,-0.0018763580,-0.0258636500,0.0886695500,0.0535282700,0.9946218000,0.0037201850,-0.0007047424,-0.0248973600,0.0912024600,0.0643467900,0.9937513000,0.0000000000,
4007563,1,1.0000000000,3.4001460000,-0.0336202100,0.0007544403,-0.0236650400,0.0939191200,0.0781718300,0.9925061000,1,1.0000000000,3.4477690000,0.0335325500,-0.0018765260,-0.0258712800,0.0873425200,0.0536201300,0.9947342000,0.0047109380,-0.0007473297,-0.0249243800,0.0901799600,0.0641635800,0.9938564000,0.0000000000,
4007572,1,1.0000000000,3.4002840000,-0.0336202100,0.0007453003,-0.0236637700,0.0939183700,0.0786595000,0.9924676000,1,1.0000000000,3.4474180000,0.0335325500,-0.0018791510,-0.0258745700,0.0859998200,0.0529335300,0.9948880000,0.0050102540,-0.0007644501,-0.0249355600,0.0893712600,0.0638736700,0.9939481000,0.0000000000,
4007580,1,1.0000000000,3.4001460000,-0.0336226100,0.0007436829,-0.0236569500,0.0939339000,0.0782172200,0.9925011000,1,1.0000000000,3.4470210000,0.0335325500,-0.0018791510,-0.0258822800,0.0855261600,0.0529789200,0.9949263000,0.0046576390,-0.0007514039,-0.0249254500,0.0891581600,0.0638435300,0.9939693000,0.0000000000,
4007588,1,1.0000000000,3.3728490000,-0.0336239000,0.0007337799,-0.0236543000,0.0940108300,0.0788128500,0.9924467000,1,1.0000000000,3.4464720000,0.0335319400,-0.0018765260,-0.0258916300,0.0853274800,0.0525057000,0.9949685000,0.0038118290,-0.0007213135,-0.0249014900,0.0891880400,0.0641482500,0.9939470000,0.0000000000,
4007597,1,1.0000000000,3.3616030000,-0.0336274400,0.0007311402,-0.0236483300,0.0943914400,0.0788578900,0.9924070000,1,1.0000000000,3.4334720000,0.0335302600,-0.0018763580,-0.0259151600,0.0826270500,0.0523991300,0.9952020000,0.0024656220,-0.0006702118,-0.0248666100,0.0880746400,0.0646521500,0.9940135000,0.0000000000,
4007605,1,1.0000000000,3.3442230000,-0.0336376500,0.0007249299,-0.0236458300,0.0962224600,0.0756229800,0.9924830000,1,1.0000000000,3.4332120000,0.0335204600,-0.0018719480,-0.0259262400,0.0837103200,0.0521549200,0.9951243000,0.0007014771,-0.0006028900,-0.0248118500,0.0898294600,0.0636298400,0.9939225000,0.0000000000,
4007613,1,1.0000000000,3.3372340000,-0.0336461800,0.0007246857,-0.0236415100,0.0928352800,0.0739905100,0.9929285000,1,1.0000000000,3.4178770000,0.0335139000,-0.0018719480,-0.0259310600,0.0830236400,0.0520938600,0.9951850000,-0.0015193180,-0.0005174408,-0.0247367400,0.0881513700,0.0635233100,0.9940795000,0.0000000000,
4007622,1,1.0000000000,3.3376770000,-0.0336566600,0.0007204132,-0.0236331800,0.0933997800,0.0737005200,0.9928972000,1,1.0000000000,3.3970490000,0.0335053000,-0.0018719480,-0.0259356900,0.0838168500,0.0520479300,0.9951210000,-0.0025559690,-0.0004800263,-0.0246994000,0.0889596100,0.0636755500,0.9939978000,0.0000000000,
4007630,1,1.0000000000,3.3178250000,-0.0336621400,0.0007176972,-0.0236169800,0.0930945800,0.0711675300,0.9931105000,1,1.0000000000,3.3965150000,0.0334979900,-0.0018719480,-0.0259433100,0.0786444400,0.0509800300,0.9955983000,-0.0029669190,-0.0004658661,-0.0246802200,0.0864882300,0.0619517000,0.9943247000,0.0000000000,
4007638,1,1.0000000000,3.3184360000,-0.0336674800,0.0007010193,-0.0235938000,0.0936743800,0.0731511600,0.9929119000,1,1.0000000000,3.3784330000,0.0334950900,-0.0018625180,-0.0259486400,0.0747689800,0.0473638600,0.9960754000,-0.0021947940,-0.0005002594,-0.0246973000,0.0848249700,0.0610666500,0.9945228000,0.0000000000,
4007647,1,1.0000000000,3.3090820000,-0.0336721100,0.0007007904,-0.0235914300,0.0911564200,0.0722201800,0.9932143000,1,1.0000000000,3.3687900000,0.0334928600,-0.0017650910,-0.0264955000,0.0695200200,0.0587624200,0.9958484000,-0.0250079200,0.0003826905,-0.0239660600,0.0883650200,0.0704814400,0.9935914000,0.0000000000,
4007655,1,1.0000000000,3.3094790000,-0.0336772300,0.0006941834,-0.0235853300,0.0912945000,0.0727701000,0.9931616000,1,1.0000000000,3.3579250000,0.0334839900,-0.0017510990,-0.0265262800,0.0679026900,0.0545205200,0.9962012000,-0.0329236300,0.0006667481,-0.0236183200,0.0910344300,0.0725712000,0.9931999000,0.0000000000,
4007663,1,1.0000000000,3.3094790000,-0.0336809600,0.0006937714,-0.0235830200,0.0907140400,0.0721287200,0.9932615000,1,1.0000000000,3.3517000000,0.0334738000,-0.0017479100,-0.0265472400,0.0690768100,0.0520937100,0.9962503000,-0.0335723900,0.0006898194,-0.0235878200,0.0906839700,0.0720985700,0.9932665000,0.0000000000,
4007672,1,1.0000000000,3.3063510000,-0.0336850400,0.0006873779,-0.0235827200,0.0865488600,0.0693367500,0.9938319000,1,1.0000000000,3.3417050000,0.0334687200,-0.0017423100,-0.0265533000,0.0658265700,0.0476838200,0.9966911000,-0.0336513900,0.0006861573,-0.0235842100,0.0865337300,0.0693368400,0.9938332000,0.0000000000,
4007680,1,1.0000000000,3.3048250000,-0.0336870600,0.0006869049,-0.0235807100,0.0818798800,0.0670481200,0.9943843000,1,1.0000000000,3.3414310000,0.0334584400,-0.0017419890,-0.0265850500,0.0644382400,0.0491641000,0.9967099000,-0.0336671500,0.0006861725,-0.0235816100,0.0818798800,0.0670481200,0.9943843000,0.0000000000,
4007688,1,1.0000000000,3.3049010000,-0.0336884900,0.0006827241,-0.0235796100,0.0770732800,0.0677652800,0.9947199000,1,1.0000000000,3.3362120000,0.0334573400,-0.0017391660,-0.0265946700,0.0602883200,0.0477454200,0.9970384000,-0.0336632700,0.0006818238,-0.0235807400,0.0770733600,0.0677500900,0.9947209000,0.0000000000,
4007697,1,1.0000000000,3.3056790000,-0.0336901100,0.0006812745,-0.0235720700,0.0749064000,0.0666207700,0.9949627000,1,1.0000000000,3.3346710000,0.0334542700,-0.0017376400,-0.0266146300,0.0601204600,0.0456854500,0.9971451000,-0.0336202700,0.0006787567,-0.0235752400,0.0748913000,0.0666056500,0.9949648000,0.0000000000,
4007705,1,1.0000000000,3.3071590000,-0.0336971000,0.0006630250,-0.0235405800,0.0762030400,0.0683904700,0.9947441000,1,1.0000000000,3.3327940000,0.0334500000,-0.0017185060,-0.0266193100,0.0562899300,0.0408479700,0.9975785000,-0.0332310200,0.0006464997,-0.0235619500,0.0760652200,0.0681916700,0.9947683000,0.0000000000,
4007713,1,1.0000000000,3.3068240000,-0.0337037500,0.0006532135,-0.0235405800,0.0707102900,0.0701762200,0.9950253000,1,1.0000000000,3.3319090000,0.0334453900,-0.0017185060,-0.0266941500,0.0559547300,0.0436102000,0.9974804000,-0.0281702400,0.0004577637,-0.0238004500,0.0694891100,0.0679937300,0.9952628000,0.0000000000,
4007722,1,1.0000000000,3.3049620000,-0.0337099900,0.0006417542,-0.0235376900,0.0693055500,0.0689393400,0.9952106000,1,1.0000000000,3.3312990000,0.0334391300,-0.0017154540,-0.0267238300,0.0561830000,0.0446015500,0.9974238000,-0.0104204900,-0.0001757965,-0.0246427500,0.0647584300,0.0605012200,0.9960653000,0.0000000000,
4007730,1,1.0000000000,3.3048860000,-0.0337174400,0.0006378479,-0.0235352800,0.0676733000,0.0684820300,0.9953545000,1,1.0000000000,3.3196870000,0.0334308900,-0.0017154540,-0.0267238300,0.0570988500,0.0425876200,0.9974598000,-0.0111660800,-0.0001524811,-0.0246061400,0.0641333000,0.0597845000,0.9961489000,0.0000000000,
4007738,1,1.0000000000,3.2658080000,-0.0337261500,0.0006251831,-0.0235321500,0.0676886400,0.0704199800,0.9952182000,1,1.0000000000,3.3162840000,0.0334217700,-0.0017154540,-0.0267238300,0.0506751700,0.0408788900,0.9978782000,-0.0127125900,-0.0001072845,-0.0245309800,0.0623631100,0.0611729100,0.9961771000,0.0000000000,
4007747,1,1.0000000000,3.2636260000,-0.0337339900,0.0006247254,-0.0235321500,0.0647434700,0.0686802600,0.9955357000,1,1.0000000000,3.3154910000,0.0334160300,-0.0017154540,-0.0267238300,0.0512245100,0.0378423500,0.9979700000,-0.0127194400,-0.0001076202,-0.0245309900,0.0605319000,0.0590365300,0.9964189000,0.0000000000,
4007755,1,1.0000000000,3.2629240000,-0.0337407800,0.0006218110,-0.0235214100,0.0648048700,0.0678719200,0.9955871000,1,1.0000000000,3.3134160000,0.0334084900,-0.0017154540,-0.0267238300,0.0484774200,0.0376894000,0.9981130000,-0.0108488000,-0.0001749725,-0.0246131500,0.0592507000,0.0575874700,0.9965807000,0.0000000000,
4007763,1,1.0000000000,3.2625890000,-0.0337433000,0.0006193237,-0.0235214100,0.0649262800,0.0672303600,0.9956228000,1,1.0000000000,3.3132480000,0.0334041800,-0.0017154540,-0.0267238300,0.0464633300,0.0369417800,0.9982367000,-0.0086864480,-0.0002519074,-0.0247164300,0.0580451200,0.0559241200,0.9967463000,0.0000000000,
4007772,1,1.0000000000,3.0612490000,-0.0337200800,0.0006020508,-0.0234977100,0.0793620600,0.0648507500,0.9947342000,1,1.0000000000,3.2758480000,0.0334133200,-0.0017703860,-0.0266620900,0.0561835500,0.0404362900,0.9976013000,-0.0061302800,-0.0003729401,-0.0247981700,0.0698396600,0.0548249700,0.9960505000,0.0000000000,
4007780,1,1.0000000000,3.1754760000,-0.0336817000,0.0006754303,-0.0235907800,0.0902265200,0.0632486000,0.9939109000,1,1.0000000000,3.2318730000,0.0334376700,-0.0016622160,-0.0269004100,0.0550543100,0.0441136400,0.9975084000,-0.0061004950,-0.0002851563,-0.0249507900,0.0757910400,0.0554051300,0.9955832000,0.0000000000,
4007788,1,1.0000000000,3.1837460000,-0.0336647400,0.0006880646,-0.0236023900,0.0870675100,0.0675971100,0.9939064000,1,1.0000000000,3.3298800000,0.0334395600,-0.0016594850,-0.0268855300,0.0552527700,0.0357975700,0.9978305000,-0.0107629600,-0.0001131134,-0.0247228700,0.0762333500,0.0567477600,0.9954739000,0.0000000000,
4007797,1,1.0000000000,3.1568760000,-0.0336670700,0.0006806793,-0.0235924400,0.0844879800,0.0639496400,0.9943703000,1,1.0000000000,3.3293910000,0.0334371400,-0.0016642300,-0.0268867200,0.0564582600,0.0355992200,0.9977701000,-0.0148327000,0.0000225220,-0.0245170400,0.0766298200,0.0559998900,0.9954858000,0.0000000000,
4007805,1,1.0000000000,3.1815800000,-0.0336694000,0.0006733094,-0.0235824900,0.0819705900,0.0611727700,0.9947556000,1,1.0000000000,3.3291170000,0.0334351100,-0.0016689910,-0.0268855300,0.0561377600,0.0352787500,0.9977996000,-0.0176900800,0.0001155396,-0.0243690300,0.0758218800,0.0550086300,0.9956028000,0.0000000000,
4007813,1,1.0000000000,3.1566310000,-0.0336743300,0.0006645813,-0.0235924400,0.0804909200,0.0632635700,0.9947457000,1,1.0000000000,3.3148040000,0.0334349100,-0.0017000890,-0.0268036400,0.0575263900,0.0355992200,0.9977090000,-0.0157500500,0.0000329895,-0.0244501200,0.0743722800,0.0558783900,0.9956638000,0.0000000000,
4007822,1,1.0000000000,3.1818390000,-0.0336792500,0.0006558686,-0.0236023900,0.0791027400,0.0656137700,0.9947048000,1,1.0000000000,3.3002320000,0.0334346900,-0.0017311860,-0.0267217400,0.0574649000,0.0359193800,0.9977012000,-0.0156558800,0.0000148163,-0.0244400800,0.0733036800,0.0576480600,0.9956422000,0.0000000000,
4007830,1,1.0000000000,3.1817930000,-0.0336796800,0.0006542816,-0.0236096000,0.0790412300,0.0660101000,0.9946834000,1,1.0000000000,3.3121340000,0.0334330200,-0.0017596280,-0.0266469000,0.0583502400,0.0372776300,0.9976000000,-0.0186164000,0.0001124878,-0.0242913100,0.0744025900,0.0595709000,0.9954474000,0.0000000000,
4007838,1,1.0000000000,3.1817930000,-0.0336801100,0.0006526947,-0.0236023900,0.0789649100,0.0656438800,0.9947137000,1,1.0000000000,3.3050840000,0.0334313200,-0.0017880560,-0.0265720400,0.0592506800,0.0386205200,0.9974958000,-0.0240195500,0.0003013458,-0.0240298600,0.0761417200,0.0617526100,0.9951829000,0.0000000000,
4007847,1,1.0000000000,3.1807400000,-0.0336824400,0.0006517639,-0.0235924400,0.0777134300,0.0619967900,0.9950463000,1,1.0000000000,3.3014680000,0.0334301800,-0.0017931820,-0.0265699500,0.0594330600,0.0390472900,0.9974683000,-0.0279703700,0.0004436646,-0.0238458600,0.0761567100,0.0600434100,0.9952863000,0.0000000000,
4007855,1,1.0000000000,3.1800380000,-0.0336847700,0.0006508332,-0.0235824900,0.0764621800,0.0583041300,0.9953664000,1,1.0000000000,3.2977910000,0.0334290500,-0.0017983250,-0.0265678600,0.0596011600,0.0394594500,0.9974421000,-0.0298142400,0.0005095825,-0.0237546500,0.0755007900,0.0572206800,0.9955026000,0.0000000000,
4007863,1,1.0000000000,3.2161250000,-0.0336888400,0.0006405793,-0.0235802900,0.0763250400,0.0587010000,0.9953535000,1,1.0000000000,3.2969670000,0.0334269000,-0.0018078000,-0.0265593600,0.0571754500,0.0397649400,0.9975719000,-0.0295985000,0.0004913635,-0.0237618400,0.0751656100,0.0575415200,0.9955094000,0.0000000000,
4007872,1,1.0000000000,3.2142640000,-0.0336929300,0.0006303406,-0.0235780800,0.0761423800,0.0588386800,0.9953594000,1,1.0000000000,3.2960050000,0.0334247500,-0.0018172910,-0.0265508600,0.0547646100,0.0400549200,0.9976956000,-0.0284946800,0.0004407654,-0.0238083200,0.0744940900,0.0573888300,0.9955688000,0.0000000000,
4007880,1,1.0000000000,3.2300720000,-0.0336966700,0.0006191559,-0.0235741900,0.0760204000,0.0581978700,0.9954064000,1,1.0000000000,3.2869110000,0.0334233700,-0.0018201290,-0.0265331000,0.0539405500,0.0377202300,0.9978315000,-0.0247940200,0.0002956238,-0.0239666500,0.0730901600,0.0554813800,0.9957809000,0.0000000000,
4007888,1,1.0000000000,3.2455140000,-0.0337004000,0.0006079865,-0.0235702800,0.0758983200,0.0575722500,0.9954521000,1,1.0000000000,3.2951810000,0.0334220000,-0.0018229520,-0.0265153500,0.0531161000,0.0354158200,0.9979602000,-0.0173970500,0.0000175324,-0.0242856000,0.0703745500,0.0522010700,0.9961538000,0.0000000000,
4007897,1,1.0000000000,3.2353360000,-0.0337050300,0.0005963288,-0.0235564300,0.0741891700,0.0590217400,0.9954960000,1,1.0000000000,3.2877500000,0.0334186400,-0.0018367000,-0.0264890800,0.0538642000,0.0362095600,0.9978915000,-0.0082374270,-0.0003267822,-0.0246691100,0.0664831800,0.0503697500,0.9965153000,0.0000000000,
4007905,1,1.0000000000,3.2466280000,-0.0337096700,0.0005846863,-0.0235425900,0.0725108000,0.0605477400,0.9955281000,1,1.0000000000,3.2803500000,0.0334152800,-0.0018504640,-0.0264628200,0.0546266000,0.0370179100,0.9978204000,-0.0058096320,-0.0004274597,-0.0247563500,0.0650791200,0.0507662900,0.9965879000,0.0000000000,
4007913,1,1.0000000000,3.2538150000,-0.0337161300,0.0005632630,-0.0235024100,0.0734416100,0.0583809700,0.9955893000,1,1.0000000000,3.2646640000,0.0334103000,-0.0018613590,-0.0264498300,0.0544288100,0.0382390200,0.9977852000,-0.0048028110,-0.0004810791,-0.0247719400,0.0652619200,0.0497132000,0.9966291000,0.0000000000,
4007922,1,1.0000000000,3.2544710000,-0.0337198800,0.0005522309,-0.0234967400,0.0731517200,0.0592507600,0.9955592000,1,1.0000000000,3.2659910000,0.0334034200,-0.0018877260,-0.0263794100,0.0559236100,0.0375367300,0.9977292000,-0.0071894690,-0.0004121552,-0.0246361100,0.0663454400,0.0506746100,0.9965091000,0.0000000000,
4007930,1,1.0000000000,3.2522130000,-0.0337247900,0.0005455475,-0.0234945500,0.0684671000,0.0552528100,0.9961222000,1,1.0000000000,3.2672120000,0.0333988700,-0.0019038540,-0.0263452800,0.0555577800,0.0382999200,0.9977207000,-0.0098315900,-0.0003263245,-0.0245092900,0.0638738400,0.0492252700,0.9967432000,0.0000000000,
4007938,1,1.0000000000,3.2520290000,-0.0337296500,0.0005455475,-0.0234932100,0.0691990000,0.0539096100,0.9961452000,1,1.0000000000,3.2337950000,0.0333943000,-0.0019111940,-0.0263185100,0.0550850600,0.0372320100,0.9977872000,-0.0123826600,-0.0002357483,-0.0243917300,0.0647134900,0.0486152200,0.9967189000,0.0000000000,
4007947,1,1.0000000000,3.2453000000,-0.0337325700,0.0005455475,-0.0234916800,0.0697633700,0.0538026300,0.9961116000,1,1.0000000000,3.2326660000,0.0333902600,-0.0019139710,-0.0263083200,0.0558474400,0.0371858500,0.9977466000,-0.0152013100,-0.0001334686,-0.0242693000,0.0659188100,0.0492254800,0.9966100000,0.0000000000,
4007955,1,1.0000000000,3.2520750000,-0.0337374000,0.0005455475,-0.0234915200,0.0706340000,0.0538490800,0.9960477000,1,1.0000000000,3.2328190000,0.0333873400,-0.0019139710,-0.0263083200,0.0548713100,0.0372014000,0.9978002000,-0.0161945400,-0.0000972290,-0.0242276800,0.0665134200,0.0494997800,0.9965569000,0.0000000000,
4007963,1,1.0000000000,3.2522430000,-0.0337401100,0.0005455475,-0.0234915200,0.0701298600,0.0538181000,0.9960850000,1,1.0000000000,3.2326350000,0.0333850700,-0.0019139710,-0.0263083200,0.0551304500,0.0369418300,0.9977956000,-0.0151493500,-0.0001356201,-0.0242716400,0.0659798300,0.0491491700,0.9966097000,0.0000000000,
4007971,1,1.0000000000,3.2521820000,-0.0337449600,0.0005455475,-0.0234915200,0.0703283100,0.0538181700,0.9960710000,1,1.0000000000,3.2339480000,0.0333844500,-0.0019139710,-0.0263083200,0.0541687200,0.0369262800,0.9978488000,-0.0131383100,-0.0002094422,-0.0243561900,0.0653687800,0.0486298500,0.9966755000,0.0000000000,
4007980,1,1.0000000000,3.2523650000,-0.0337488600,0.0005455475,-0.0234915200,0.0682534600,0.0538489700,0.9962137000,1,1.0000000000,3.2676390000,0.0333837300,-0.0019139710,-0.0263083200,0.0508731600,0.0373080000,0.9980081000,-0.0101994900,-0.0003172150,-0.0244796100,0.0621494900,0.0480502700,0.9969096000,0.0000000000,
4007988,1,1.0000000000,3.2522740000,-0.0337517300,0.0005455475,-0.0234915200,0.0683447000,0.0538182100,0.9962091000,1,1.0000000000,3.2516020000,0.0333802400,-0.0019139710,-0.0263083200,0.0510872400,0.0379949900,0.9979712000,-0.0070871890,-0.0004313507,-0.0246103400,0.0614935900,0.0475469000,0.9969743000,0.0000000000,
4007996,1,1.0000000000,3.2520140000,-0.0337543300,0.0005503388,-0.0234915200,0.0668490800,0.0529330000,0.9963580000,1,1.0000000000,3.2760160000,0.0333797900,-0.0019139710,-0.0263083200,0.0509796600,0.0381317500,0.9979715000,-0.0030086060,-0.0005782471,-0.0247815400,0.0595861000,0.0461582400,0.9971554000,0.0000000000,
4008005,1,1.0000000000,3.2520290000,-0.0337568200,0.0005509186,-0.0234915200,0.0673379200,0.0535895700,0.9962900000,1,1.0000000000,3.2782440000,0.0333788300,-0.0019111940,-0.0263083200,0.0508580500,0.0380558000,0.9979806000,-0.0012996370,-0.0006393891,-0.0248533200,0.0593725300,0.0460820000,0.9971717000,0.0000000000,
4008013,1,1.0000000000,3.2523650000,-0.0337578800,0.0005563965,-0.0234915200,0.0671700600,0.0529486900,0.9963356000,1,1.0000000000,3.2785030000,0.0333779500,-0.0019025420,-0.0263223300,0.0507968900,0.0397647000,0.9979171000,-0.0007473908,-0.0006526490,-0.0248834200,0.0591282000,0.0464633200,0.9971685000,0.0000000000,
4008021,1,1.0000000000,3.2527770000,-0.0337587000,0.0005605774,-0.0234916800,0.0662387400,0.0545351800,0.9963124000,1,1.0000000000,3.2805330000,0.0333779500,-0.0018912660,-0.0263526500,0.0501101400,0.0399172200,0.9979457000,-0.0017253880,-0.0006092835,-0.0248567500,0.0585482300,0.0475618500,0.9971510000,0.0000000000,
4008030,1,1.0000000000,3.2526550000,-0.0337587000,0.0005670167,-0.0234916800,0.0661172600,0.0547950900,0.9963062000,1,1.0000000000,3.2882690000,0.0333779500,-0.0018689270,-0.0264139400,0.0496220300,0.0392917400,0.9979949000,-0.0046763610,-0.0004881897,-0.0247575500,0.0589761200,0.0480811800,0.9971008000,0.0000000000,
4008038,1,1.0000000000,3.2522890000,-0.0337587000,0.0005733796,-0.0234916800,0.0662392700,0.0535437900,0.9963661000,1,1.0000000000,3.3045350000,0.0333779500,-0.0018505560,-0.0264661000,0.0481264700,0.0389253700,0.9980825000,-0.0097116710,-0.0002948151,-0.0245570700,0.0597536400,0.0483095000,0.9970435000,0.0000000000,
4008046,1,1.0000000000,3.2558290000,-0.0337587000,0.0005798950,-0.0234961200,0.0662538000,0.0528718200,0.9964010000,1,1.0000000000,3.3043670000,0.0333779500,-0.0018446050,-0.0264702900,0.0480810200,0.0388035700,0.9980894000,-0.0138375100,-0.0001395111,-0.0243786500,0.0608678800,0.0486912500,0.9969575000,0.0000000000,
4008055,1,1.0000000000,3.2563170000,-0.0337606500,0.0005804596,-0.0234971800,0.0651553800,0.0538790700,0.9964195000,1,1.0000000000,3.2717590000,0.0333592400,-0.0016878050,-0.0268624000,0.0483555000,0.0385592800,0.9980856000,-0.0280804800,0.0003885040,-0.0237819700,0.0637216400,0.0525825600,0.9965814000,0.0000000000,
4008063,1,1.0000000000,3.2252960000,-0.0338926600,0.0005666657,-0.0233531100,0.0389866600,0.0637519600,0.9972039000,1,1.0000000000,3.4246220000,0.0332044300,-0.0019363400,-0.0260682200,0.0264896000,0.0445715000,0.9986550000,-0.0296099400,0.0004069062,-0.0235264100,0.0381932400,0.0625313100,0.9973119000,0.0000000000,
4008071,1,1.0000000000,3.4180150000,-0.0339308300,0.0007725831,-0.0239292500,0.0163117100,0.0592195900,0.9981117000,1,1.0000000000,3.3040770000,0.0331223600,-0.0020530700,-0.0257530100,0.0126192000,0.0499579900,0.9986716000,-0.0307654000,0.0006391907,-0.0240153400,0.0161285600,0.0587922000,0.9981399000,0.0000000000,
4008080,1,1.0000000000,3.2857970000,-0.0339386600,0.0005924225,-0.0233867400,0.0374609000,0.0698100300,0.9968567000,1,1.0000000000,3.4024050000,0.0331121800,-0.0020515140,-0.0257297700,0.0142823400,0.0540470600,0.9984363000,-0.0336097000,0.0005794525,-0.0233982200,0.0373386300,0.0697333600,0.9968666000,0.0000000000,
4008088,1,1.0000000000,3.2438510000,-0.0339393500,0.0005919953,-0.0233889800,0.0344391400,0.0684968200,0.9970567000,1,1.0000000000,3.4497680000,0.0331281800,-0.0020607760,-0.0256582200,0.0186618000,0.0516670800,0.9984900000,-0.0339036300,0.0005905762,-0.0233901800,0.0344391400,0.0684968200,0.9970567000,0.0000000000,
4008096,1,1.0000000000,3.2245940000,-0.0339400400,0.0005915680,-0.0233867400,0.0314335600,0.0670786000,0.9972524000,1,1.0000000000,3.4268650000,0.0331319100,-0.0020709690,-0.0256313200,0.0157470900,0.0529023000,0.9984756000,-0.0339309200,0.0005912018,-0.0233870400,0.0314335600,0.0670786000,0.9972524000,0.0000000000,
4008105,1,1.0000000000,3.2142790000,-0.0339424600,0.0005906372,-0.0233837000,0.0296785300,0.0679935700,0.9972442000,1,1.0000000000,3.4036710000,0.0331343700,-0.0020811460,-0.0256044200,0.0166017600,0.0524450700,0.9984858000,-0.0339354900,0.0005903473,-0.0233839300,0.0296785300,0.0679935700,0.9972442000,0.0000000000,
4008113,1,1.0000000000,3.2252040000,-0.0339448900,0.0005897065,-0.0233806800,0.0288697500,0.0690310600,0.9971967000,1,1.0000000000,3.4222110000,0.0331342800,-0.0020810850,-0.0255870500,0.0155639700,0.0523987000,0.9985049000,-0.0339354300,0.0005893250,-0.0233809800,0.0288697500,0.0690310600,0.9971967000,0.0000000000,
4008121,1,1.0000000000,3.2554170000,-0.0339484100,0.0005893860,-0.0233701200,0.0290986700,0.0686954600,0.9972132000,1,1.0000000000,3.4041290000,0.0331343700,-0.0020811460,-0.0255696900,0.0168305500,0.0513003700,0.9985415000,-0.0339079500,0.0005877686,-0.0233714300,0.0290834300,0.0686954900,0.9972137000,0.0000000000,
4008130,1,1.0000000000,3.2253720000,-0.0339519200,0.0005897065,-0.0233595600,0.0292817500,0.0679629600,0.9972581000,1,1.0000000000,3.3948060000,0.0331350100,-0.0020810850,-0.0255651400,0.0171510100,0.0514682800,0.9985273000,-0.0334793700,0.0005708924,-0.0233750900,0.0291905200,0.0678416300,0.9972690000,0.0000000000,
4008138,1,1.0000000000,3.2383270000,-0.0339553700,0.0005906372,-0.0233701200,0.0301668800,0.0686346200,0.9971857000,1,1.0000000000,3.3854370000,0.0331345200,-0.0020810090,-0.0255606100,0.0176850800,0.0515751100,0.9985125000,-0.0037691960,-0.0006114350,-0.0243557000,0.0245515100,0.0609591700,0.9978383000,0.0000000000,
4008146,1,1.0000000000,3.2515260000,-0.0339588000,0.0005915680,-0.0233806800,0.0307008600,0.0693210800,0.9971219000,1,1.0000000000,3.3758850000,0.0331344500,-0.0020776980,-0.0255549000,0.0179444000,0.0506746200,0.9985540000,0.0162833100,-0.0014072880,-0.0250088200,0.0211489500,0.0553595800,0.9982425000,0.0000000000,
4008155,1,1.0000000000,3.2389530000,-0.0339596900,0.0005919953,-0.0233814700,0.0310368100,0.0701456400,0.9970538000,1,1.0000000000,3.3257450000,0.0331067800,-0.0020140380,-0.0256428100,0.0217593100,0.0578162900,0.9980901000,-0.0094059910,-0.0003620911,-0.0242093700,0.0276339300,0.0656286900,0.9974614000,0.0000000000,
4008163,1,1.0000000000,3.2262880000,-0.0339605700,0.0005924225,-0.0233806800,0.0310214500,0.0708473100,0.9970046000,1,1.0000000000,3.3253940000,0.0330888500,-0.0020034180,-0.0256561600,0.0246582400,0.0532380000,0.9982774000,-0.0069641570,-0.0004527436,-0.0242968600,0.0284580900,0.0637674800,0.9975590000,0.0000000000,
4008171,1,1.0000000000,3.2363590000,-0.0339619000,0.0005926667,-0.0233814700,0.0312045100,0.0718543000,0.9969269000,1,1.0000000000,3.3360750000,0.0330795600,-0.0019837490,-0.0257080700,0.0269321600,0.0515754700,0.9983059000,-0.0086925660,-0.0003784332,-0.0242584100,0.0295872500,0.0642099800,0.9974977000,0.0000000000,
4008180,1,1.0000000000,3.2260890000,-0.0339632100,0.0005929261,-0.0233822700,0.0313721600,0.0708009900,0.9969970000,1,1.0000000000,3.3473970000,0.0330702700,-0.0019640810,-0.0257599800,0.0276339500,0.0515904900,0.9982859000,-0.0135358000,-0.0001862793,-0.0241068400,0.0302431700,0.0649572100,0.9974297000,0.0000000000,
4008188,1,1.0000000000,3.2189180000,-0.0339639700,0.0005987549,-0.0233827500,0.0312348300,0.0706483900,0.9970121000,1,1.0000000000,3.3345490000,0.0330627400,-0.0019599760,-0.0257708600,0.0273440100,0.0517583000,0.9982852000,-0.0177601200,-0.0000198059,-0.0239600800,0.0302889700,0.0660864200,0.9973541000,0.0000000000,
4008196,1,1.0000000000,3.2261050000,-0.0339647400,0.0006045838,-0.0233832300,0.0316775500,0.0705725700,0.9970036000,1,1.0000000000,3.3222810000,0.0330552200,-0.0019637760,-0.0257810500,0.0283817000,0.0534674700,0.9981662000,-0.0202526100,0.0000791016,-0.0238738100,0.0310062400,0.0670784700,0.9972658000,0.0000000000,
4008205,1,1.0000000000,3.2117000000,-0.0339769500,0.0006107178,-0.0233832300,0.0340729500,0.0693360800,0.9970113000,1,1.0000000000,3.2843780000,0.0330478100,-0.0019639280,-0.0257705100,0.0309757900,0.0522621100,0.9981529000,-0.0211070100,0.0001163330,-0.0238416300,0.0334778100,0.0660553500,0.9972542000,0.0000000000,
4008213,1,1.0000000000,3.2114870000,-0.0340023500,0.0006119843,-0.0233832300,0.0390934800,0.0693978000,0.9968228000,1,1.0000000000,3.2865750000,0.0330481800,-0.0020180820,-0.0256549700,0.0463717500,0.0532535100,0.9975038000,-0.0188796100,0.0000187836,-0.0238956000,0.0407413300,0.0657659700,0.9970030000,0.0000000000,
4008221,1,1.0000000000,3.2042390000,-0.0340230400,0.0006154786,-0.0233843800,0.0433351400,0.0687411200,0.9966929000,1,1.0000000000,3.2524570000,0.0330891000,-0.0020135800,-0.0257284700,0.0448918100,0.0549932300,0.9974771000,-0.0154588300,-0.0001117401,-0.0240327900,0.0437627000,0.0649421400,0.9969289000,0.0000000000,
4008230,1,1.0000000000,3.2046200000,-0.0340230400,0.0006162262,-0.0233945900,0.0437012300,0.0700837200,0.9965834000,1,1.0000000000,3.1946720000,0.0331476400,-0.0017983400,-0.0265009600,0.0462955800,0.0475315500,0.9977964000,-0.0314579800,0.0005240174,-0.0235132100,0.0438084500,0.0692298600,0.9966384000,0.0000000000,
4008238,1,1.0000000000,3.1875760000,-0.0339223000,0.0006066590,-0.0235609100,0.0814824300,0.0622867600,0.9947265000,1,1.0000000000,3.2181700000,0.0331765700,-0.0017775730,-0.0265843700,0.0499728200,0.0498965300,0.9975034000,-0.0338357400,0.0006035767,-0.0235648200,0.0814522000,0.0622717100,0.9947300000,0.0000000000,
4008246,1,1.0000000000,3.0528410000,-0.0338840500,0.0005539093,-0.0234608300,0.0850530300,0.0690769800,0.9939790000,1,1.0000000000,3.2024690000,0.0331906600,-0.0018152160,-0.0264686000,0.0664063600,0.0526886900,0.9964006000,-0.0338721000,0.0005534821,-0.0234613700,0.0850378800,0.0690770700,0.9939803000,0.0000000000,
4008255,1,1.0000000000,3.0522310000,-0.0338483500,0.0005717316,-0.0235347600,0.0897376300,0.0749517500,0.9931412000,1,1.0000000000,3.1527560000,0.0332244700,-0.0018409270,-0.0263803000,0.0696727100,0.0522469000,0.9962007000,-0.0338415200,0.0005714875,-0.0235350500,0.0897376300,0.0749517500,0.9931412000,0.0000000000,
4008263,1,1.0000000000,3.0168300000,-0.0337964200,0.0006357422,-0.0237185200,0.0958111400,0.0717477400,0.9928104000,1,1.0000000000,3.0908360000,0.0332671100,-0.0018664250,-0.0262782300,0.0764467900,0.0477601700,0.9959292000,-0.0337790300,0.0006351013,-0.0237191900,0.0958112500,0.0717325500,0.9928114000,0.0000000000,
4008271,1,1.0000000000,3.1578520000,-0.0337333500,0.0006428375,-0.0237371700,0.1014871000,0.0774848100,0.9918147000,1,1.0000000000,3.1075290000,0.0333120300,-0.0018634030,-0.0262957800,0.0842603600,0.0513924100,0.9951176000,-0.0336562400,0.0006399537,-0.0237401100,0.1014571000,0.0774547200,0.9918202000,0.0000000000,
4008280,1,1.0000000000,3.1527560000,-0.0336724400,0.0006790467,-0.0238205100,0.1068883000,0.0809330000,0.9909716000,1,1.0000000000,3.1570740000,0.0333650100,-0.0018051150,-0.0264717300,0.0949874400,0.0479286100,0.9943240000,-0.0332624100,0.0006638489,-0.0238367300,0.1068130000,0.0807353800,0.9909959000,0.0000000000,
4008288,1,1.0000000000,3.1147610000,-0.0336019300,0.0007270813,-0.0239116200,0.1190961000,0.0785378100,0.9897717000,1,1.0000000000,3.1329190000,0.0334278900,-0.0017830350,-0.0265528000,0.0989233300,0.0326692600,0.9945586000,-0.0283791400,0.0005314942,-0.0241174200,0.1175403000,0.0749675900,0.9902344000,0.0000000000,
4008296,1,1.0000000000,3.0645900000,-0.0335136700,0.0007315521,-0.0238523700,0.1245590000,0.0747537400,0.9893922000,1,1.0000000000,3.1336060000,0.0334754500,-0.0019940030,-0.0257286200,0.1147919000,0.0453033700,0.9923560000,-0.0254601300,0.0004038849,-0.0240779300,0.1233836000,0.0712133900,0.9898006000,0.0000000000,
4008305,1,1.0000000000,3.1394040000,-0.0334354300,0.0008316346,-0.0241749000,0.1395737000,0.0787972600,0.9870715000,1,1.0000000000,3.0699920000,0.0335455200,-0.0018918310,-0.0261270000,0.1244671000,0.0466007900,0.9911288000,-0.0010454250,-0.0004853516,-0.0251188800,0.1322949000,0.0632482500,0.9891904000,0.0000000000,
4008313,1,1.0000000000,2.9726100000,-0.0333383200,0.0008290558,-0.0241696800,0.1404437000,0.0752420300,0.9872255000,1,1.0000000000,3.2090300000,0.0336028300,-0.0019246980,-0.0260098000,0.1339893000,0.0440374700,0.9900038000,-0.0058568120,-0.0003014374,-0.0249251100,0.1378185000,0.0624394600,0.9884874000,0.0000000000,
4008321,1,1.0000000000,3.0649110000,-0.0332836500,0.0008525391,-0.0242365600,0.1493084000,0.0719762400,0.9861676000,1,1.0000000000,3.0635680000,0.0336732000,-0.0019593970,-0.0259375500,0.1473250000,0.0617071200,0.9871614000,-0.0052270660,-0.0003257294,-0.0249493100,0.1484697000,0.0676735000,0.9865987000,0.0000000000,
4008330,1,1.0000000000,3.1168060000,-0.0332009600,0.0008737030,-0.0243178900,0.1553815000,0.0708013700,0.9853140000,1,1.0000000000,3.1683650000,0.0337204700,-0.0018908690,-0.0261236300,0.1503466000,0.0619513900,0.9866903000,0.0089513250,-0.0008676301,-0.0254552800,0.1522218000,0.0652313600,0.9861914000,0.0000000000,
4008338,1,1.0000000000,2.9585570000,-0.0331129200,0.0009931946,-0.0246354400,0.1558556000,0.0466315600,0.9866785000,1,1.0000000000,3.1995850000,0.0337834200,-0.0019262390,-0.0260337800,0.1611332000,0.0679475400,0.9845909000,0.0237748600,-0.0014894560,-0.0258245700,0.1603411000,0.0647590000,0.9849350000,0.0000000000,
4008346,1,1.0000000000,2.9085540000,-0.0330833600,0.0008462525,-0.0241044200,0.1718757000,0.0611422200,0.9832194000,1,1.0000000000,3.1056210000,0.0338289000,-0.0019659730,-0.0258992000,0.1738756000,0.0708167500,0.9822180000,0.0088795480,-0.0009173889,-0.0252299800,0.1731433000,0.0672156900,0.9826003000,0.0000000000,
4008355,1,1.0000000000,3.0079040000,-0.0330449200,0.0007986603,-0.0239488700,0.1922318000,0.0631261300,0.9793171000,1,1.0000000000,3.2054440000,0.0338705600,-0.0020100400,-0.0257444500,0.1767148000,0.0687571900,0.9818576000,-0.0074696960,-0.0002748261,-0.0246351300,0.1863105000,0.0652773500,0.9803200000,0.0000000000,
4008363,1,1.0000000000,3.1231380000,-0.0329906000,0.0007752533,-0.0238930200,0.1989322000,0.0630503900,0.9779829000,1,1.0000000000,2.9730530000,0.0339227500,-0.0019228060,-0.0260179200,0.1887381000,0.0784005400,0.9788929000,0.0147499700,-0.0011497190,-0.0254090700,0.1916681000,0.0740060800,0.9786656000,0.0000000000,
4008371,1,1.0000000000,3.1291500000,-0.0329347800,0.0007702485,-0.0238733700,0.2082530000,0.0624545300,0.9760789000,1,1.0000000000,3.0102540000,0.0339831900,-0.0019259030,-0.0260948000,0.2016929000,0.0721596300,0.9767871000,0.0273760500,-0.0016596990,-0.0258754700,0.2023482000,0.0711980200,0.9767221000,0.0000000000,
4008380,1,1.0000000000,2.9990540000,-0.0328573300,0.0007364197,-0.0238789400,0.2156685000,0.0653536200,0.9742771000,1,1.0000000000,2.8966370000,0.0340563400,-0.0019201200,-0.0261586300,0.2031425000,0.0724342500,0.9764663000,0.0300945900,-0.0017628330,-0.0260236500,0.2038895000,0.0720220400,0.9763411000,0.0000000000,
4008388,1,1.0000000000,2.9884950000,-0.0327913400,0.0007455903,-0.0238966800,0.2272349000,0.0717166200,0.9711957000,1,1.0000000000,2.9624480000,0.0341222100,-0.0019142760,-0.0261862200,0.2149664000,0.0723116000,0.9739407000,0.0311013300,-0.0017941900,-0.0260828600,0.2155163000,0.0722812900,0.9738214000,0.0000000000,
4008396,1,1.0000000000,3.0645290000,-0.0327150600,0.0007489166,-0.0239023600,0.2313572000,0.0728465500,0.9701378000,1,1.0000000000,3.1768340000,0.0341756500,-0.0019071810,-0.0261820700,0.2255565000,0.0639804200,0.9721270000,0.0306727200,-0.0017680970,-0.0260626800,0.2258482000,0.0644539500,0.9720279000,0.0000000000,
4008405,1,1.0000000000,3.0999760000,-0.0326551400,0.0007456818,-0.0239217500,0.2440523000,0.0796061500,0.9664892000,1,1.0000000000,3.1103210000,0.0342409400,-0.0019030920,-0.0261974700,0.2396880000,0.0659187900,0.9686095000,0.0287098500,-0.0016840820,-0.0260093100,0.2400539000,0.0670631200,0.9684403000,0.0000000000,
4008413,1,1.0000000000,3.0444030000,-0.0325848200,0.0007402344,-0.0239360800,0.2478352000,0.0820166300,0.9653243000,1,1.0000000000,3.0537110000,0.0342901600,-0.0018973700,-0.0262064100,0.2456384000,0.0646521200,0.9672031000,0.0151875200,-0.0011439360,-0.0255578900,0.2462781000,0.0696262100,0.9666950000,0.0000000000,
4008421,1,1.0000000000,3.0471340000,-0.0325124200,0.0007418061,-0.0239456600,0.2525675000,0.0846723800,0.9638673000,1,1.0000000000,3.0381930000,0.0343312500,-0.0018899990,-0.0262238900,0.2515738000,0.0721899600,0.9651421000,-0.0251219500,0.0004508210,-0.0241975600,0.2524598000,0.0832835100,0.9640165000,0.0000000000,
4008430,1,1.0000000000,3.0107730000,-0.0324784100,0.0007365418,-0.0239680900,0.2647868000,0.0926822500,0.9598426000,1,1.0000000000,3.0250850000,0.0343917200,-0.0019010620,-0.0262384500,0.2582727000,0.0737769500,0.9632508000,-0.0229088500,0.0003590851,-0.0242930000,0.2638585000,0.0899822700,0.9603551000,0.0000000000,
4008438,1,1.0000000000,3.0167540000,-0.0324034300,0.0007227173,-0.0239788500,0.2648652000,0.0970165400,0.9593926000,1,1.0000000000,3.0110320000,0.0344349500,-0.0018937990,-0.0262627700,0.2635505000,0.0856783200,0.9608331000,-0.0055748140,-0.0003275299,-0.0248956000,0.2643456000,0.0924691000,0.9599848000,0.0000000000,
4008446,1,1.0000000000,2.9933010000,-0.0323708800,0.0007133789,-0.0239979000,0.2730870000,0.1053011000,0.9562088000,1,1.0000000000,3.0362550000,0.0344821600,-0.0018943020,-0.0262676400,0.2689373000,0.0772250700,0.9600568000,0.0002714081,-0.0005598603,-0.0251061400,0.2710904000,0.0915994600,0.9581856000,0.0000000000,
4008455,1,1.0000000000,2.9655000000,-0.0323160100,0.0007268524,-0.0240095700,0.2725383000,0.1007847000,0.9568518000,1,1.0000000000,3.0419160000,0.0345326100,-0.0018873290,-0.0262881300,0.2760792000,0.0825048500,0.9575872000,0.0015204930,-0.0005963440,-0.0251629000,0.2743395000,0.0915380600,0.9572662000,0.0000000000,
4008463,1,1.0000000000,2.9929660000,-0.0322725800,0.0007209931,-0.0240176100,0.2797556000,0.0986483900,0.9549897000,1,1.0000000000,3.0497130000,0.0345666100,-0.0018785100,-0.0262959600,0.2771781000,0.0865027500,0.9569167000,0.0015161740,-0.0005931092,-0.0251693600,0.2784587000,0.0925144000,0.9559821000,0.0000000000,
4008471,1,1.0000000000,3.0327150000,-0.0322366800,0.0007182007,-0.0240221900,0.2779722000,0.1023723000,0.9551185000,1,1.0000000000,3.0311430000,0.0345927100,-0.0018785400,-0.0262987100,0.2813738000,0.0869756300,0.9556485000,0.0008043518,-0.0005656434,-0.0251477200,0.2796663000,0.0947581800,0.9554096000,0.0000000000,
4008480,1,1.0000000000,2.9839170000,-0.0322067300,0.0007275544,-0.0240343300,0.2839374000,0.1053321000,0.9530397000,1,1.0000000000,2.9074100000,0.0346220400,-0.0018804930,-0.0262961300,0.2864694000,0.0785067200,0.9548675000,0.0009182892,-0.0005651703,-0.0251554400,0.2852195000,0.0920417200,0.9540326000,0.0000000000,
4008488,1,1.0000000000,2.9048610000,-0.0321969300,0.0007344208,-0.0240330200,0.2877835000,0.0999765500,0.9524627000,1,1.0000000000,3.0192720000,0.0346442300,-0.0018825230,-0.0262971800,0.2918279000,0.0729378900,0.9536858000,0.0017498020,-0.0005946350,-0.0251829200,0.2898614000,0.0862595600,0.9531735000,0.0000000000,
4008496,1,1.0000000000,2.9740910000,-0.0321762300,0.0007379609,-0.0240399500,0.2906080000,0.1030441000,0.9512776000,1,1.0000000000,3.0092160000,0.0346738000,-0.0018858950,-0.0262997400,0.2974101000,0.0656893100,0.9524873000,0.0003044892,-0.0005368958,-0.0251379300,0.2939639000,0.0849161100,0.9520370000,0.0000000000,
4008505,1,1.0000000000,2.9882200000,-0.0321536400,0.0007381287,-0.0240479000,0.2953385000,0.1042192000,0.9496913000,1,1.0000000000,3.0152130000,0.0346942200,-0.0018827210,-0.0263091100,0.2971849000,0.0723888400,0.9520720000,0.0002266693,-0.0005313721,-0.0251432000,0.2962675000,0.0888070000,0.9509673000,0.0000000000,
4008513,1,1.0000000000,2.9645080000,-0.0321449900,0.0007366791,-0.0240470900,0.2947124000,0.1029372000,0.9500256000,1,1.0000000000,3.0771640000,0.0347047900,-0.0018796540,-0.0263110800,0.3056959000,0.0671694800,0.9497569000,-0.0000854797,-0.0005180359,-0.0251328400,0.3000348000,0.0858005100,0.9500618000,0.0000000000,
4008521,1,1.0000000000,2.9417880000,-0.0321363400,0.0007352143,-0.0240479000,0.2940377000,0.1039737000,0.9501218000,1,1.0000000000,3.1786190000,0.0347171600,-0.0018877870,-0.0262973000,0.2950310000,0.0620885000,0.9534683000,0.0026116790,-0.0006281281,-0.0252170600,0.2946211000,0.0822155600,0.9520709000,0.0000000000,
4008530,1,1.0000000000,2.9407650000,-0.0321313200,0.0007319947,-0.0240484800,0.2949715000,0.1036085000,0.9498721000,1,1.0000000000,3.0957030000,0.0347230400,-0.0018825840,-0.0263059700,0.3005550000,0.0652318900,0.9515311000,0.0023992310,-0.0006184388,-0.0252144800,0.2979017000,0.0838024800,0.9509110000,0.0000000000,
4008538,1,1.0000000000,2.9396670000,-0.0321311200,0.0007287750,-0.0240490400,0.2930032000,0.1047072000,0.9503607000,1,1.0000000000,3.1159820000,0.0347230400,-0.0018824620,-0.0263061700,0.2989516000,0.0668490600,0.9519239000,0.0001506805,-0.0005321045,-0.0251389500,0.2959324000,0.0864420300,0.9512896000,0.0000000000,
4008546,1,1.0000000000,2.9400630000,-0.0321337300,0.0007281037,-0.0240484800,0.2924074000,0.1038982000,0.9506330000,1,1.0000000000,3.0467380000,0.0347176400,-0.0018818970,-0.0263030700,0.2966362000,0.0654461200,0.9527454000,0.0005426026,-0.0005476227,-0.0251505000,0.2945302000,0.0851149800,0.9518442000,0.0000000000,
4008555,1,1.0000000000,2.9404910000,-0.0321363400,0.0007287750,-0.0240479000,0.2918260000,0.1029211000,0.9509178000,1,1.0000000000,3.0093690000,0.0347087900,-0.0018828740,-0.0262997700,0.2948338000,0.0645607000,0.9533651000,0.0009094086,-0.0005623169,-0.0251611500,0.2933710000,0.0839707000,0.9523037000,0.0000000000,
4008563,1,1.0000000000,2.9398040000,-0.0321401200,0.0007295990,-0.0240473800,0.2918110000,0.1035163000,0.9508578000,1,1.0000000000,3.0449830000,0.0347000100,-0.0018820040,-0.0263004500,0.2874649000,0.0740368100,0.9549254000,0.0011374510,-0.0005706330,-0.0251691100,0.2896746000,0.0888372100,0.9529935000,0.0000000000,
4008571,1,1.0000000000,2.9411160000,-0.0321438900,0.0007304230,-0.0240468500,0.2918123000,0.1041729000,0.9507858000,1,1.0000000000,3.0241850000,0.0346857300,-0.0018769380,-0.0262974900,0.2845632000,0.0762639700,0.9556190000,0.0008631745,-0.0005573425,-0.0251584300,0.2882581000,0.0903944100,0.9532765000,0.0000000000,
4008580,1,1.0000000000,2.9641880000,-0.0321487700,0.0007328186,-0.0240465600,0.2925900000,0.1040964000,0.9505551000,1,1.0000000000,2.9955750000,0.0346601000,-0.0018652340,-0.0262882100,0.2735172000,0.0828257400,0.9582945000,0.0005299378,-0.0005379791,-0.0251430400,0.2832965000,0.0937048300,0.9544435000,0.0000000000,
4008588,1,1.0000000000,2.9700160000,-0.0322140400,0.0007556152,-0.0239993000,0.2616278000,0.0999605700,0.9599785000,1,1.0000000000,2.9278110000,0.0346416600,-0.0018642120,-0.0262767300,0.2668619000,0.0783541600,0.9605443000,0.0015252230,-0.0005664979,-0.0251486200,0.2642853000,0.0890665900,0.9603231000,0.0000000000,
4008596,1,1.0000000000,3.0526730000,-0.0322801800,0.0007473603,-0.0239786800,0.2643300000,0.0957953900,0.9596629000,1,1.0000000000,2.9929500000,0.0346179800,-0.0018662420,-0.0262709400,0.2629269000,0.0794075500,0.9615424000,0.0030278480,-0.0006320648,-0.0251885100,0.2635980000,0.0871590000,0.9606869000,0.0000000000,
4008605,1,1.0000000000,2.9735260000,-0.0323250700,0.0007530518,-0.0239742400,0.2633399000,0.0958570800,0.9599289000,1,1.0000000000,3.1930240000,0.0345861500,-0.0018626250,-0.0262709800,0.2609585000,0.0853127600,0.9615729000,0.0043704070,-0.0006814423,-0.0252338100,0.2620427000,0.0900738400,0.9608436000,0.0000000000,
4008613,1,1.0000000000,3.0070340000,-0.0323222100,0.0007735138,-0.0239687700,0.2467984000,0.0925150400,0.9646407000,1,1.0000000000,3.1223750000,0.0345567400,-0.0018650210,-0.0262595800,0.2549767000,0.0805518900,0.9635862000,0.0054339600,-0.0007160492,-0.0252620400,0.2514203000,0.0857700700,0.9640702000,0.0000000000,
4008621,1,1.0000000000,3.1147770000,-0.0324230200,0.0007359924,-0.0239339900,0.2514367000,0.0898598700,0.9636933000,1,1.0000000000,3.0674900000,0.0345168600,-0.0018770600,-0.0262396400,0.2399934000,0.0761118500,0.9677862000,0.0064415140,-0.0007811127,-0.0252726300,0.2448006000,0.0818799300,0.9661099000,0.0000000000,
4008630,1,1.0000000000,3.1240230000,-0.0324067200,0.0007770386,-0.0239368500,0.2355818000,0.0799870400,0.9685573000,1,1.0000000000,3.1881870000,0.0344620800,-0.0018713680,-0.0262230700,0.2361762000,0.0793764400,0.9684628000,0.0062288360,-0.0007531586,-0.0252577800,0.2359194000,0.0796367200,0.9685040000,0.0000000000,
4008638,1,1.0000000000,3.0883180000,-0.0324818300,0.0007560578,-0.0239206100,0.2279696000,0.0810405900,0.9702898000,1,1.0000000000,3.1064150000,0.0344283300,-0.0018770910,-0.0262087700,0.2299056000,0.0734867800,0.9704345000,0.0051356810,-0.0007243195,-0.0252070300,0.2290671000,0.0767981900,0.9703764000,0.0000000000,
4008646,1,1.0000000000,3.1603700000,-0.0325107300,0.0007574005,-0.0239073500,0.2139612000,0.0812081900,0.9734607000,1,1.0000000000,3.0827790000,0.0343754400,-0.0018783880,-0.0261862700,0.2146612000,0.0758058700,0.9737423000,0.0030985110,-0.0006458435,-0.0251206200,0.2143426000,0.0783242400,0.9736131000,0.0000000000,
4008655,1,1.0000000000,3.0800480000,-0.0325697800,0.0007642822,-0.0239094100,0.2109988000,0.0828400700,0.9739697000,1,1.0000000000,3.0637360000,0.0343260200,-0.0018761450,-0.0261855000,0.2091996000,0.0787969800,0.9746931000,0.0019085690,-0.0005966034,-0.0250825200,0.2100701000,0.0807504400,0.9743459000,0.0000000000,
4008663,1,1.0000000000,3.1917570000,-0.0326564600,0.0007802887,-0.0238900300,0.1954368000,0.0791177300,0.9775198000,1,1.0000000000,3.1663820000,0.0342680800,-0.0018857270,-0.0261423800,0.1920803000,0.0825206800,0.9779036000,-0.0010494380,-0.0004788056,-0.0249537700,0.1938502000,0.0807200700,0.9777046000,0.0000000000,
4008671,1,1.0000000000,3.0723420000,-0.0327263400,0.0008002167,-0.0239281300,0.1940617000,0.0678559700,0.9786397000,1,1.0000000000,3.0641020000,0.0341734800,-0.0019067840,-0.0260738500,0.1755093000,0.0854962900,0.9807583000,-0.0060000920,-0.0002812195,-0.0247853400,0.1866629000,0.0749062400,0.9795642000,0.0000000000,
4008680,1,1.0000000000,3.2034760000,-0.0328246800,0.0008197327,-0.0239727600,0.1718623000,0.0860761300,0.9813532000,1,1.0000000000,3.1348570000,0.0340796500,-0.0020128630,-0.0256551400,0.1658495000,0.0940714200,0.9816540000,-0.0256382900,0.0005154724,-0.0241534700,0.1712199000,0.0869298600,0.9813903000,0.0000000000,
4008688,1,1.0000000000,3.2381900000,-0.0329397600,0.0008144989,-0.0238603100,0.1582190000,0.0874484300,0.9835240000,1,1.0000000000,3.2677760000,0.0339358500,-0.0021355900,-0.0251524700,0.1686423000,0.0824748100,0.9822208000,-0.0328362900,0.0008099366,-0.0238623100,0.1582364000,0.0874344000,0.9835225000,0.0000000000,
4008696,1,1.0000000000,3.2220310000,-0.0330386400,0.0008126831,-0.0237839500,0.1472180000,0.0882270400,0.9851613000,1,1.0000000000,3.1976780000,0.0338277100,-0.0020483550,-0.0253573500,0.1569992000,0.0757453700,0.9846898000,-0.0330294200,0.0008122864,-0.0237841700,0.1472180000,0.0882270400,0.9851613000,0.0000000000,
4008705,1,1.0000000000,3.1135100000,-0.0331438600,0.0008718414,-0.0239093500,0.1382312000,0.0939954100,0.9859295000,1,1.0000000000,3.1744540000,0.0337417900,-0.0018350680,-0.0259648300,0.1360495000,0.0681162900,0.9883576000,-0.0331286500,0.0008712159,-0.0239098100,0.1382314000,0.0939802900,0.9859309000,0.0000000000,
4008713,1,1.0000000000,3.1083530000,-0.0332426600,0.0008201447,-0.0237322700,0.1233387000,0.0919203800,0.9880983000,1,1.0000000000,3.1737670000,0.0336547900,-0.0017822570,-0.0261483300,0.1205297000,0.0622256200,0.9907575000,-0.0332170900,0.0008191529,-0.0237332000,0.1233369000,0.0919189900,0.9880986000,0.0000000000,
4008721,1,1.0000000000,3.1287080000,-0.0333383200,0.0008391419,-0.0238330800,0.1062936000,0.0872199700,0.9905021000,1,1.0000000000,3.2815400000,0.0335556500,-0.0016851960,-0.0264799100,0.0979009000,0.0667422900,0.9929556000,-0.0333222100,0.0008385315,-0.0238337300,0.1062938000,0.0872048300,0.9905034000,0.0000000000,
4008730,1,1.0000000000,3.1420290000,-0.0334390600,0.0008720093,-0.0239754300,0.0914620200,0.0897682800,0.9917542000,1,1.0000000000,3.1768190000,0.0334623000,-0.0016429750,-0.0266606000,0.0808266000,0.0709998500,0.9941962000,-0.0334324800,0.0008717652,-0.0239756900,0.0914620200,0.0897682800,0.9917542000,0.0000000000,
4008738,1,1.0000000000,3.2920230000,-0.0335377000,0.0007790070,-0.0237431800,0.0798653300,0.0901956400,0.9927166000,1,1.0000000000,3.1737210000,0.0333666100,-0.0015950170,-0.0268849300,0.0676425800,0.0769047200,0.9947413000,-0.0335362900,0.0007789612,-0.0237432600,0.0798653300,0.0901956400,0.9927166000,0.0000000000,
4008746,1,1.0000000000,3.1887510000,-0.0336543600,0.0007860413,-0.0237862600,0.0766755300,0.0930177100,0.9927077000,1,1.0000000000,3.1593320000,0.0332779100,-0.0017166900,-0.0265165900,0.0597386200,0.0803839200,0.9949722000,-0.0336538100,0.0007860261,-0.0237862700,0.0766755300,0.0930177100,0.9927077000,0.0000000000,
4008755,1,1.0000000000,3.2521210000,-0.0337261500,0.0007356720,-0.0236576600,0.0582281200,0.0884255600,0.9943794000,1,1.0000000000,3.2633510000,0.0331686600,-0.0018269200,-0.0261333600,0.0455628600,0.0775911300,0.9959436000,-0.0337255100,0.0007356415,-0.0236576700,0.0582281200,0.0884255600,0.9943794000,0.0000000000,
4008763,1,1.0000000000,3.1576080000,-0.0338400600,0.0007488404,-0.0237266100,0.0508885900,0.0946207300,0.9942119000,1,1.0000000000,3.1757810000,0.0330741000,-0.0018925480,-0.0258803400,0.0302888100,0.0785678100,0.9964486000,-0.0338388500,0.0007487946,-0.0237266400,0.0508885900,0.0946207300,0.9942119000,0.0000000000,
4008771,1,1.0000000000,3.1763760000,-0.0338987700,0.0007268219,-0.0236213500,0.0411835400,0.0869294600,0.9953629000,1,1.0000000000,3.2590640000,0.0329859200,-0.0018377380,-0.0259785000,0.0291752500,0.0682993800,0.9972382000,-0.0338833500,0.0007262268,-0.0236219000,0.0411835900,0.0869143100,0.9953642000,0.0000000000,
4008780,1,1.0000000000,3.3131870000,-0.0339885900,0.0007991181,-0.0238245600,0.0287018200,0.0891266900,0.9956067000,1,1.0000000000,3.2160950000,0.0328946900,-0.0017954560,-0.0261005100,0.0235902100,0.0651858800,0.9975943000,-0.0338734000,0.0007946473,-0.0238284800,0.0286866900,0.0890813200,0.9956112000,0.0000000000,
4008788,1,1.0000000000,3.2014310000,-0.0340161600,0.0008215180,-0.0238273300,0.0084228660,0.0921022100,0.9957139000,1,1.0000000000,3.1468350000,0.0328358300,-0.0017759100,-0.0261237000,0.0098268030,0.0671396500,0.9976951000,-0.0338773200,0.0008161164,-0.0238320900,0.0084381590,0.0920568000,0.9957180000,0.0000000000,
4008796,1,1.0000000000,3.1473240000,-0.0340487500,0.0009130249,-0.0239737300,-0.0040130990,0.0875862700,0.9961488000,1,1.0000000000,3.2286680000,0.0327978400,-0.0017981420,-0.0260382900,-0.0038910500,0.0688487000,0.9976195000,-0.0338984700,0.0009069215,-0.0239783600,-0.0040131100,0.0875559800,0.9961515000,0.0000000000,
4008805,1,1.0000000000,3.2628170000,-0.0340631900,0.0009295960,-0.0239626900,-0.0204773200,0.0871125200,0.9959880000,1,1.0000000000,3.1095120000,0.0327649600,-0.0017661290,-0.0261354200,-0.0125580500,0.0672763500,0.9976553000,-0.0336603600,0.0009133454,-0.0239757900,-0.0204317800,0.0869914600,0.9959995000,0.0000000000,
4008813,1,1.0000000000,3.2839200000,-0.0340845700,0.0009509125,-0.0240208000,-0.0221253800,0.0905920000,0.9956423000,1,1.0000000000,3.2467350000,0.0327229200,-0.0017553100,-0.0261549700,-0.0155335900,0.0708014400,0.9973695000,-0.0308070500,0.0008181458,-0.0241255100,-0.0218050300,0.0896157800,0.9957377000,0.0000000000,
4008821,1,1.0000000000,3.2527620000,-0.0341649000,0.0009912263,-0.0241215700,-0.0345003300,0.0924078000,0.9951233000,1,1.0000000000,3.1522060000,0.0326616800,-0.0016786190,-0.0263631000,-0.0287019400,0.0688633000,0.9972131000,0.0055765540,-0.0005965119,-0.0254545900,-0.0310518700,0.0784155100,0.9964371000,0.0000000000,
4008830,1,1.0000000000,3.3598020000,-0.0342058000,0.0009881287,-0.0241043400,-0.0530097000,0.0940716300,0.9941532000,1,1.0000000000,3.2987520000,0.0326121900,-0.0017235110,-0.0262840100,-0.0426943000,0.0719302900,0.9964955000,0.0224626500,-0.0013116150,-0.0259529300,-0.0442660900,0.0753027100,0.9961777000,0.0000000000,
4008838,1,1.0000000000,3.3706820000,-0.0342706500,0.0009778442,-0.0241560700,-0.0532839600,0.0955967900,0.9939930000,1,1.0000000000,3.2112430000,0.0325697800,-0.0017619020,-0.0261477400,-0.0535284400,0.0734566400,0.9958608000,0.0205494900,-0.0012691960,-0.0257895700,-0.0534821600,0.0774385000,0.9955616000,0.0000000000,
4008846,1,1.0000000000,3.3211820000,-0.0343463500,0.0009980469,-0.0242015700,-0.0581366100,0.0924997800,0.9940140000,1,1.0000000000,3.2553710000,0.0324795100,-0.0016465150,-0.0264655500,-0.0667119100,0.0759130300,0.9948803000,0.0110151500,-0.0007970734,-0.0257383600,-0.0639654800,0.0812538600,0.9946387000,0.0000000000,
4008855,1,1.0000000000,3.2223050000,-0.0345259100,0.0016592100,-0.0263380400,-0.0407715800,0.0730745000,0.9964927000,1,1.0000000000,3.2674710000,0.0324384200,-0.0017766880,-0.0260696300,-0.0743725000,0.0924544600,0.9929355000,0.0324345600,-0.0017764890,-0.0260696400,-0.0743725000,0.0924544600,0.9929355000,0.0000000000,
4008863,1,1.0000000000,3.2817080000,-0.0345775600,0.0015800630,-0.0260878800,-0.0651255500,0.0800641300,0.9946600000,1,1.0000000000,3.2709660000,0.0323549700,-0.0017182010,-0.0262438400,-0.0860754800,0.0810247800,0.9929884000,0.0323549700,-0.0017182010,-0.0262438400,-0.0860754800,0.0810247800,0.9929884000,0.0000000000,
4008871,1,1.0000000000,3.3151250000,-0.0346587400,0.0016579130,-0.0263703900,-0.0647895000,0.0777138300,0.9948683000,1,1.0000000000,3.1920930000,0.0322788500,-0.0017069250,-0.0262606100,-0.0934761700,0.0878456300,0.9917386000,0.0322788500,-0.0017069250,-0.0262606100,-0.0934761700,0.0878456300,0.9917386000,0.0000000000,
4008880,1,1.0000000000,3.3039860000,-0.0347162600,0.0016349640,-0.0262616100,-0.0756847600,0.0846723200,0.9935303000,1,1.0000000000,3.1805420000,0.0322323900,-0.0017879030,-0.0260231500,-0.1053930000,0.0891881200,0.9904230000,0.0322323900,-0.0017879030,-0.0260231500,-0.1053930000,0.0891881200,0.9904230000,0.0000000000,
4008888,1,1.0000000000,3.3762820000,-0.0347528900,0.0015691220,-0.0259971900,-0.0910350900,0.0855113400,0.9921696000,1,1.0000000000,3.1292570000,0.0321622200,-0.0016929170,-0.0263106400,-0.1089178000,0.0841374000,0.9904836000,0.0321622200,-0.0016929170,-0.0263106400,-0.1089178000,0.0841374000,0.9904836000,0.0000000000,
4008896,1,1.0000000000,3.2788390000,-0.0348023400,0.0016701050,-0.0262914700,-0.0918733300,0.0895997600,0.9917314000,1,1.0000000000,3.1775210000,0.0321087400,-0.0016522830,-0.0264010800,-0.1254735000,0.0860141100,0.9883612000,0.0321087400,-0.0016522830,-0.0264010800,-0.1254735000,0.0860141100,0.9883612000,0.0000000000,
4008905,1,1.0000000000,3.3114780000,-0.0348373100,0.0016570440,-0.0262408900,-0.1029971000,0.0901491700,0.9905881000,1,1.0000000000,3.1987300000,0.0320685900,-0.0016927950,-0.0262719700,-0.1271224000,0.0912333600,0.9876823000,0.0320685900,-0.0016927950,-0.0262719700,-0.1271224000,0.0912333600,0.9876823000,0.0000000000,
4008913,1,1.0000000000,3.2784420000,-0.0348925800,0.0017009430,-0.0264169600,-0.1058816000,0.0973518900,0.9896018000,1,1.0000000000,3.1394200000,0.0319961900,-0.0016417850,-0.0264585900,-0.1348126000,0.0978097200,0.9860319000,0.0319961900,-0.0016417850,-0.0264585900,-0.1348126000,0.0978097200,0.9860319000,0.0000000000,
4008921,1,1.0000000000,3.2593230000,-0.0349432700,0.0016575010,-0.0262730100,-0.1173724000,0.0997329600,0.9880673000,1,1.0000000000,3.1935270000,0.0319440000,-0.0016303710,-0.0265192900,-0.1444724000,0.1038987000,0.9840390000,0.0319212200,-0.0016292420,-0.0265192000,-0.1444724000,0.1038987000,0.9840390000,0.0000000000,
4008930,1,1.0000000000,3.2571410000,-0.0349966000,0.0017247930,-0.0264858400,-0.1242387000,0.0992902700,0.9872721000,1,1.0000000000,3.1488800000,0.0318886100,-0.0016304780,-0.0265033600,-0.1505447000,0.1045695000,0.9830572000,-0.0149573500,0.0007195282,-0.0264910900,-0.1321280000,0.1008927000,0.9860846000,0.0000000000,
4008938,1,1.0000000000,3.2194980000,-0.0350381300,0.0016880190,-0.0263040300,-0.1411148000,0.1023265000,0.9846907000,1,1.0000000000,3.2306670000,0.0318363500,-0.0016573030,-0.0264176300,-0.1570908000,0.1031046000,0.9821873000,-0.0103879200,0.0004549103,-0.0263459000,-0.1470037000,0.1026157000,0.9837987000,0.0000000000,
4008946,1,1.0000000000,3.2133330000,-0.0350752300,0.0014638670,-0.0254961100,-0.1583272000,0.1115889000,0.9810609000,1,1.0000000000,3.0616150000,0.0317727100,-0.0016515960,-0.0263752200,-0.1644616000,0.1077286000,0.9804830000,0.0261595800,-0.0013899990,-0.0263014100,-0.1639413000,0.1080481000,0.9805350000,0.0000000000,
4008955,1,1.0000000000,3.2561490000,-0.0351237400,0.0014402770,-0.0253984900,-0.1601427000,0.1084301000,0.9811204000,1,1.0000000000,3.1579900000,0.0317229200,-0.0016327060,-0.0263877700,-0.1732508000,0.1087967000,0.9788501000,0.0315671400,-0.0016255340,-0.0263854700,-0.1732186000,0.1087957000,0.9788558000,0.0000000000,
4008963,1,1.0000000000,3.2199250000,-0.0351745900,0.0013888250,-0.0251994300,-0.1763162000,0.1204688000,0.9769339000,1,1.0000000000,3.1094360000,0.0316666300,-0.0016398470,-0.0263664400,-0.1798259000,0.1082160000,0.9777279000,0.0316642900,-0.0016397400,-0.0263664000,-0.1798259000,0.1082160000,0.9777279000,0.0000000000,
4008971,1,1.0000000000,3.3196720000,-0.0352203200,0.0013885960,-0.0251675600,-0.1738290000,0.1113592000,0.9784593000,1,1.0000000000,3.1083830000,0.0316129200,-0.0016551510,-0.0263671700,-0.1829713000,0.1037158000,0.9776322000,0.0316128200,-0.0016551510,-0.0263671700,-0.1829713000,0.1037158000,0.9776322000,0.0000000000,
4008980,1,1.0000000000,3.2679290000,-0.0352673200,0.0013862460,-0.0251428400,-0.1866631000,0.1191574000,0.9751710000,1,1.0000000000,3.1121520000,0.0315763200,-0.0016506650,-0.0263796700,-0.1883702000,0.1112979000,0.9757712000,0.0315762900,-0.0016506650,-0.0263796700,-0.1883702000,0.1112979000,0.9757712000,0.0000000000,
4008988,1,1.0000000000,3.3042910000,-0.0352973200,0.0013937380,-0.0251403400,-0.1846636000,0.1163951000,0.9758850000,1,1.0000000000,2.9990390000,0.0315434000,-0.0016559910,-0.0263761400,-0.1876692000,0.1129616000,0.9757151000,0.0315433800,-0.0016559910,-0.0263761400,-0.1876692000,0.1129616000,0.9757151000,0.0000000000,
4008996,1,1.0000000000,3.3494570000,-0.0353166500,0.0013900450,-0.0251314900,-0.1875794000,0.1115741000,0.9758919000,1,1.0000000000,3.2014470000,0.0315194900,-0.0016684110,-0.0263704200,-0.1907360000,0.1093604000,0.9755307000,0.0315193500,-0.0016684110,-0.0263704200,-0.1907360000,0.1093604000,0.9755307000,0.0000000000,
4009005,1,1.0000000000,3.3731380000,-0.0353346900,0.0013882750,-0.0251366700,-0.1934367000,0.1219794000,0.9735005000,1,1.0000000000,3.1124570000,0.0314980600,-0.0016704870,-0.0263859600,-0.1972977000,0.1207590000,0.9728776000,0.0314963700,-0.0016704100,-0.0263859300,-0.1972977000,0.1207590000,0.9728776000,0.0000000000,
4009013,1,1.0000000000,3.3166660000,-0.0353536900,0.0013917540,-0.0251340200,-0.2011873000,0.1186829000,0.9723364000,1,1.0000000000,3.1372380000,0.0314802600,-0.0016707610,-0.0263876700,-0.2013271000,0.1179673000,0.9723945000,0.0313736700,-0.0016658780,-0.0263856700,-0.2013271000,0.1179673000,0.9723945000,0.0000000000,
4009021,1,1.0000000000,3.2988130000,-0.0353820800,0.0013921200,-0.0251414300,-0.1999218000,0.1228339000,0.9720818000,1,1.0000000000,3.2651520000,0.0314600200,-0.0016668700,-0.0263927800,-0.2063781000,0.1210040000,0.9709615000,0.0220471000,-0.0012360990,-0.0262165500,-0.2054614000,0.1212627000,0.9711236000,0.0000000000,
4009030,1,1.0000000000,3.2971190000,-0.0354141700,0.0013937530,-0.0251459100,-0.2029136000,0.1199049000,0.9718276000,1,1.0000000000,3.3045650000,0.0314377900,-0.0016674810,-0.0263978300,-0.2093847000,0.1220571000,0.9701856000,0.0085048980,-0.0006173554,-0.0259683700,-0.2071695000,0.1213232000,0.9707531000,0.0000000000,
4009038,1,1.0000000000,3.2044370000,-0.0354363400,0.0013969420,-0.0251573000,-0.2101754000,0.1241765000,0.9697456000,1,1.0000000000,3.2440340000,0.0314170700,-0.0016652070,-0.0264022500,-0.2082231000,0.1272746000,0.9697651000,-0.0011523740,-0.0001733856,-0.0257957300,-0.2091856000,0.1257646000,0.9697549000,0.0000000000,
4009046,1,1.0000000000,3.1976320000,-0.0354540000,0.0013945770,-0.0251549900,-0.2083293000,0.1200568000,0.9706623000,1,1.0000000000,3.1863560000,0.0314039900,-0.0016602940,-0.0264030200,-0.2103903000,0.1243604000,0.9696754000,-0.0015703740,-0.0001536255,-0.0257874900,-0.2093685000,0.1222397000,0.9701661000,0.0000000000,
4009055,1,1.0000000000,3.1664730000,-0.0354597200,0.0013961330,-0.0251568900,-0.2078588000,0.1232016000,0.9703690000,1,1.0000000000,3.1967010000,0.0314001500,-0.0016593780,-0.0264005300,-0.2090462000,0.1201787000,0.9704931000,-0.0016137240,-0.0001506195,-0.0257864500,-0.2084662000,0.1216740000,0.9704314000,0.0000000000,
4009063,1,1.0000000000,3.1999660000,-0.0354654400,0.0013977050,-0.0251588000,-0.2075214000,0.1267864000,0.9699794000,1,1.0000000000,3.1845400000,0.0313968400,-0.0016584470,-0.0263980600,-0.2077039000,0.1221016000,0.9705412000,-0.0013061520,-0.0001636505,-0.0257919200,-0.2076131000,0.1243908000,0.9702699000,0.0000000000,
4009071,1,1.0000000000,3.2537990000,-0.0354646900,0.0013997350,-0.0251604300,-0.2091077000,0.1273506000,0.9695647000,1,1.0000000000,3.1826930000,0.0314004200,-0.0016553960,-0.0263980600,-0.2090485000,0.1222858000,0.9702293000,-0.0011535800,-0.0001679688,-0.0257955000,-0.2090789000,0.1247576000,0.9699080000,0.0000000000,
4009080,1,1.0000000000,3.2802730000,-0.0354639300,0.0014017790,-0.0251620700,-0.2079653000,0.1276418000,0.9697722000,1,1.0000000000,3.1166840000,0.0314277200,-0.0016444860,-0.0264034300,-0.2121294000,0.1269847000,0.9689562000,-0.0012106320,-0.0001581116,-0.0257977300,-0.2101006000,0.1273055000,0.9693560000,0.0000000000,
4009088,1,1.0000000000,3.2402500000,-0.0354589700,0.0014046480,-0.0251631000,-0.2080874000,0.1270925000,0.9698181000,1,1.0000000000,3.2658540000,0.0314533600,-0.0016443330,-0.0263880300,-0.2084532000,0.1175248000,0.9709455000,-0.0013769380,-0.0001483612,-0.0257870200,-0.2082687000,0.1222238000,0.9704048000,0.0000000000,
4009096,1,1.0000000000,3.2141270000,-0.0354540000,0.0014075170,-0.0251641400,-0.2082393000,0.1262833000,0.9698912000,1,1.0000000000,3.1660000000,0.0314761100,-0.0016375890,-0.0263934200,-0.2094751000,0.1238723000,0.9699360000,-0.0013984530,-0.0001418915,-0.0257896300,-0.2088635000,0.1250618000,0.9699153000,0.0000000000,
4009105,1,1.0000000000,3.1927950000,-0.0353913000,0.0014166110,-0.0251629000,-0.2006236000,0.1257636000,0.9715625000,1,1.0000000000,3.0804140000,0.0314928900,-0.0016306920,-0.0263901400,-0.2046673000,0.1228644000,0.9710899000,-0.0015836790,-0.0001236877,-0.0257832200,-0.2026699000,0.1242997000,0.9713262000,0.0000000000,
4009113,1,1.0000000000,3.1539000000,-0.0353750800,0.0014195710,-0.0251617000,-0.1893627000,0.1227577000,0.9742034000,1,1.0000000000,3.1428530000,0.0315099400,-0.0016226810,-0.0263867700,-0.1962153000,0.1206376000,0.9731116000,-0.0023924720,-0.0000806275,-0.0257658100,-0.1927505000,0.1217051000,0.9736710000,0.0000000000,
4009121,1,1.0000000000,3.2066190000,-0.0353631200,0.0014270630,-0.0251682000,-0.1912999000,0.1249698000,0.9735435000,1,1.0000000000,3.0459440000,0.0315292700,-0.0016167760,-0.0263853600,-0.1912858000,0.1167002000,0.9745721000,-0.0024246680,-0.0000717468,-0.0257675300,-0.1913019000,0.1208969000,0.9740572000,0.0000000000,
4009130,1,1.0000000000,3.2092130000,-0.0353465800,0.0014282380,-0.0251792000,-0.1820552000,0.1236895000,0.9754778000,1,1.0000000000,3.2149960000,0.0315492300,-0.0016110080,-0.0263889900,-0.1943534000,0.1118940000,0.9745288000,-0.0021226050,-0.0000812073,-0.0257800500,-0.1881725000,0.1178290000,0.9750423000,0.0000000000,
4009138,1,1.0000000000,3.2806700000,-0.0353302900,0.0014329070,-0.0252031700,-0.1762864000,0.1252147000,0.9763423000,1,1.0000000000,3.1486360000,0.0315703000,-0.0016138760,-0.0263887000,-0.1818873000,0.1167619000,0.9763625000,-0.0011496120,-0.0001237335,-0.0258088900,-0.1791415000,0.1208976000,0.9763668000,0.0000000000,
4009146,1,1.0000000000,3.2091520000,-0.0353021200,0.0014464570,-0.0252297100,-0.1681984000,0.1213079000,0.9782605000,1,1.0000000000,3.1842800000,0.0316037500,-0.0016348270,-0.0263750200,-0.1785001000,0.1168689000,0.9769746000,0.0004152527,-0.0001984711,-0.0258411300,-0.1737067000,0.1189427000,0.9775882000,0.0000000000,
4009155,1,1.0000000000,3.2143250000,-0.0352688600,0.0014707030,-0.0253166100,-0.1617904000,0.1230785000,0.9791198000,1,1.0000000000,3.1020050000,0.0316354200,-0.0016474150,-0.0263485300,-0.1693119000,0.1198886000,0.9782434000,0.0042317360,-0.0003702393,-0.0259258600,-0.1662301000,0.1211859000,0.9786120000,0.0000000000,
4009163,1,1.0000000000,3.1313930000,-0.0352224100,0.0014876250,-0.0253915600,-0.1606152000,0.1247415000,0.9791028000,1,1.0000000000,3.1624760000,0.0316802900,-0.0016370240,-0.0263681800,-0.1686866000,0.1124272000,0.9792370000,0.0114550000,-0.0006924134,-0.0260729400,-0.1662622000,0.1161516000,0.9792169000,0.0000000000,
4009171,1,1.0000000000,3.2401580000,-0.0352034000,0.0016278380,-0.0259145400,-0.1407031000,0.1184708000,0.9829381000,1,1.0000000000,2.9813840000,0.0317276500,-0.0016013640,-0.0264763300,-0.1560389000,0.1151294000,0.9810184000,0.0295146600,-0.0014945830,-0.0264577600,-0.1555340000,0.1152352000,0.9810862000,0.0000000000,
4009180,1,1.0000000000,3.1832120000,-0.0351737600,0.0017895510,-0.0264859900,-0.1296243000,0.1126411000,0.9851444000,1,1.0000000000,3.0593110000,0.0317710100,-0.0016154630,-0.0264601300,-0.1488214000,0.1155720000,0.9820872000,0.0317550200,-0.0016146390,-0.0264601300,-0.1488192000,0.1155703000,0.9820878000,0.0000000000,
4009188,1,1.0000000000,3.1014860000,-0.0351357000,0.0017925420,-0.0265197800,-0.1225751000,0.1055919000,0.9868261000,1,1.0000000000,3.1041720000,0.0318241100,-0.0016735690,-0.0263031200,-0.1490789000,0.1199345000,0.9815249000,0.0318239000,-0.0016735530,-0.0263031200,-0.1490789000,0.1199345000,0.9815249000,0.0000000000,
4009196,1,1.0000000000,3.1530610000,-0.0349742300,0.0011841740,-0.0243675700,-0.1502240000,0.1193400000,0.9814228000,1,1.0000000000,3.0236360000,0.0318772600,-0.0016851350,-0.0262582400,-0.1448834000,0.1173869000,0.9824607000,0.0318772000,-0.0016851350,-0.0262582400,-0.1448834000,0.1173869000,0.9824607000,0.0000000000,
4009205,1,1.0000000000,3.2224730000,-0.0349265300,0.0012158200,-0.0244534600,-0.1336839000,0.1145033000,0.9843869000,1,1.0000000000,3.0698550000,0.0319288800,-0.0016750490,-0.0262793700,-0.1341567000,0.1159222000,0.9841565000,0.0319288600,-0.0016750490,-0.0262793700,-0.1341567000,0.1159222000,0.9841565000,0.0000000000,
4009213,1,1.0000000000,3.0259550000,-0.0349870200,0.0017363740,-0.0263442400,-0.0978103900,0.1036546000,0.9897923000,1,1.0000000000,3.1324620000,0.0319863700,-0.0017329870,-0.0261143200,-0.1232302000,0.1213839000,0.9849265000,0.0319863700,-0.0017329870,-0.0261143200,-0.1232302000,0.1213839000,0.9849265000,0.0000000000,
4009221,1,1.0000000000,3.1576390000,-0.0349114500,0.0016518400,-0.0260946400,-0.0800332200,0.1086285000,0.9908555000,1,1.0000000000,2.9664460000,0.0320702400,-0.0017391360,-0.0260734900,-0.1172500000,0.1173721000,0.9861421000,0.0320702400,-0.0017391360,-0.0260734900,-0.1172500000,0.1173721000,0.9861421000,0.0000000000,
4009230,1,1.0000000000,3.2039340000,-0.0348422000,0.0016934970,-0.0262465100,-0.0669407000,0.1020056000,0.9925290000,1,1.0000000000,3.0967710000,0.0321349100,-0.0017135470,-0.0261358400,-0.1009221000,0.1143499000,0.9883010000,0.0321349100,-0.0017135470,-0.0261358400,-0.1009221000,0.1143499000,0.9883010000,0.0000000000,
4009238,1,1.0000000000,3.2796630000,-0.0347846900,0.0016775970,-0.0261738900,-0.0610355100,0.0908360900,0.9939937000,1,1.0000000000,3.0353390000,0.0322136500,-0.0017376250,-0.0260875300,-0.0920113100,0.1201030000,0.9884883000,0.0322136400,-0.0017376250,-0.0260875300,-0.0920113100,0.1201030000,0.9884883000,0.0000000000,
4009246,1,1.0000000000,3.2353820000,-0.0347100200,0.0016941220,-0.0262255700,-0.0410005800,0.1014715000,0.9939932000,1,1.0000000000,3.0592350000,0.0322838600,-0.0017255710,-0.0261290300,-0.0829627000,0.1155557000,0.9898303000,0.0322838300,-0.0017255710,-0.0261290300,-0.0829627000,0.1155557000,0.9898303000,0.0000000000,
4009255,1,1.0000000000,3.1536710000,-0.0346499800,0.0018285680,-0.0266927400,-0.0308536800,0.1057906000,0.9939097000,1,1.0000000000,3.1393890000,0.0323772300,-0.0017766880,-0.0260021400,-0.0691382100,0.1147014000,0.9909912000,0.0323772100,-0.0017766880,-0.0260021400,-0.0691382100,0.1147014000,0.9909912000,0.0000000000,
4009263,1,1.0000000000,3.1447750000,-0.0345945000,0.0019255220,-0.0270155400,-0.0124208000,0.0955974400,0.9953426000,1,1.0000000000,3.0980830000,0.0324486900,-0.0017737430,-0.0259940300,-0.0580909400,0.1121993000,0.9919863000,0.0324486900,-0.0017737430,-0.0259940300,-0.0580909400,0.1121993000,0.9919863000,0.0000000000,
4009271,1,1.0000000000,3.3392180000,-0.0343333000,0.0010310360,-0.0239618200,-0.0476533400,0.1086429000,0.9929380000,1,1.0000000000,3.1659390000,0.0325121500,-0.0016854250,-0.0261795700,-0.0474706500,0.1087812000,0.9929317000,0.0325121500,-0.0016854250,-0.0261795700,-0.0474706500,0.1087812000,0.9929317000,0.0000000000,
4009280,1,1.0000000000,3.3151860000,-0.0342690300,0.0009470520,-0.0236958800,-0.0369721300,0.1117861000,0.9930443000,1,1.0000000000,3.1351780000,0.0325845200,-0.0017322690,-0.0260308700,-0.0420228600,0.1004642000,0.9940528000,0.0325845200,-0.0017322690,-0.0260308700,-0.0420228600,0.1004642000,0.9940528000,0.0000000000,
4009288,1,1.0000000000,3.1547550000,-0.0341964400,0.0009821320,-0.0238011300,-0.0233918500,0.1179663000,0.9927420000,1,1.0000000000,3.0857390000,0.0326354500,-0.0016915280,-0.0261240200,-0.0224612700,0.0946822000,0.9952542000,0.0326354500,-0.0016915280,-0.0261240200,-0.0224612700,0.0946822000,0.9952542000,0.0000000000,
4009296,1,1.0000000000,3.3472440000,-0.0341505400,0.0010331880,-0.0239850000,-0.0062561170,0.1120303000,0.9936851000,1,1.0000000000,3.0984800000,0.0326867200,-0.0016328130,-0.0262634000,-0.0069275900,0.0954908800,0.9954062000,0.0326867200,-0.0016328130,-0.0262634000,-0.0069275900,0.0954908800,0.9954062000,0.0000000000,
4009305,1,1.0000000000,3.2383880000,-0.0340987700,0.0009131776,-0.0237114300,0.0151064100,0.1166703000,0.9930558000,1,1.0000000000,3.1199490000,0.0327564400,-0.0016475830,-0.0262121900,0.0075226520,0.0883949800,0.9960571000,0.0327564400,-0.0016475830,-0.0262121900,0.0075226520,0.0883949800,0.9960571000,0.0000000000,
4009313,1,1.0000000000,3.2572480000,-0.0340066900,0.0009020386,-0.0237296600,0.0230868300,0.1165480000,0.9929167000,1,1.0000000000,3.2730710000,0.0328428200,-0.0016980290,-0.0261212300,0.0220491800,0.0961008400,0.9951274000,0.0328428200,-0.0016980290,-0.0261212300,0.0220491800,0.0961008400,0.9951274000,0.0000000000,
4009321,1,1.0000000000,3.1940000000,-0.0339349500,0.0008517762,-0.0235883500,0.0432593300,0.1194476000,0.9918976000,1,1.0000000000,3.0842290000,0.0329260600,-0.0016682130,-0.0261582200,0.0332642100,0.0753938000,0.9965988000,0.0329260600,-0.0016682130,-0.0261582200,0.0332642100,0.0753938000,0.9965988000,0.0000000000,
4009330,1,1.0000000000,3.1081540000,-0.0338291800,0.0008579713,-0.0236919300,0.0564272600,0.1131139000,0.9919784000,1,1.0000000000,3.2039340000,0.0330569200,-0.0017319030,-0.0260849900,0.0457158100,0.0915994600,0.9947460000,0.0330569200,-0.0017319030,-0.0260849900,0.0457158100,0.0915994600,0.9947460000,0.0000000000,
4009338,1,1.0000000000,3.1130070000,-0.0336877600,0.0008470459,-0.0237017200,0.0699015500,0.1063706000,0.9918665000,1,1.0000000000,3.2040410000,0.0331516900,-0.0017648930,-0.0260330200,0.0533452100,0.0892799900,0.9945770000,0.0331516900,-0.0017648930,-0.0260330200,0.0533452100,0.0892799900,0.9945770000,0.0000000000,
4009346,1,1.0000000000,2.9631960000,-0.0335920400,0.0009018250,-0.0239162800,0.0842749300,0.1173410000,0.9895094000,1,1.0000000000,3.0980990000,0.0332565300,-0.0016544500,-0.0264043900,0.0660404300,0.0884709800,0.9938871000,0.0122011000,-0.0008492890,-0.0256207000,0.0717929500,0.0975804300,0.9926348000,0.0000000000,
4009355,1,1.0000000000,3.0290220000,-0.0334740000,0.0009359742,-0.0240175500,0.0893867500,0.1103830000,0.9898614000,1,1.0000000000,3.1738130000,0.0333443200,-0.0016335300,-0.0265384500,0.0778971500,0.0963757900,0.9922922000,-0.0046739960,-0.0001715241,-0.0251041100,0.0844431900,0.1043562000,0.9909486000,0.0000000000,
4009363,1,1.0000000000,3.0575100000,-0.0333841600,0.0009360047,-0.0240709400,0.1044475000,0.1110852000,0.9883071000,1,1.0000000000,3.1606450000,0.0334283300,-0.0017933200,-0.0260749800,0.0939184200,0.1081244000,0.9896911000,0.0092121740,-0.0008040772,-0.0253486200,0.0977332900,0.1091927000,0.9892043000,0.0000000000,
4009371,1,1.0000000000,3.0485840000,-0.0333087300,0.0009034424,-0.0240115400,0.1120920000,0.1140604000,0.9871300000,1,1.0000000000,3.1944270000,0.0335044900,-0.0018029020,-0.0260452600,0.1108099000,0.1040655000,0.9883782000,0.0142463700,-0.0010228270,-0.0254590600,0.1111764000,0.1069496000,0.9880292000,0.0000000000,
4009380,1,1.0000000000,3.1804500000,-0.0332153800,0.0009485474,-0.0241247000,0.1248342000,0.1099261000,0.9860693000,1,1.0000000000,3.2462460000,0.0335697300,-0.0018069150,-0.0260078100,0.1314548000,0.0976717900,0.9864988000,0.0192973800,-0.0012180630,-0.0256053800,0.1300359000,0.1002964000,0.9864235000,0.0000000000,
4009388,1,1.0000000000,3.1370850000,-0.0331443000,0.0009466400,-0.0241741500,0.1368738000,0.1161825000,0.9837516000,1,1.0000000000,3.2244420000,0.0336404900,-0.0018057100,-0.0260469800,0.1447465000,0.0966502700,0.9847371000,0.0222727200,-0.0013372190,-0.0257282000,0.1434187000,0.0999917700,0.9845977000,0.0000000000,
4009396,1,1.0000000000,3.1558230000,-0.0330579400,0.0010405580,-0.0245359400,0.1557944000,0.1094834000,0.9817034000,1,1.0000000000,3.2323610000,0.0337266000,-0.0016633300,-0.0264769100,0.1477222000,0.0825511000,0.9855778000,0.0173264500,-0.0009993287,-0.0260002800,0.1497198000,0.0891726900,0.9846991000,0.0000000000,
4009405,1,1.0000000000,3.0486300000,-0.0329676100,0.0010567020,-0.0246265100,0.1606472000,0.1004350000,0.9818887000,1,1.0000000000,3.2427670000,0.0337946000,-0.0017839510,-0.0261771700,0.1761175000,0.0947268800,0.9798007000,0.0230855600,-0.0013282930,-0.0259284400,0.1736310000,0.0956427800,0.9801555000,0.0000000000,
4009413,1,1.0000000000,3.1964260000,-0.0328882000,0.0010642240,-0.0246748400,0.1678164000,0.0988313300,0.9808517000,1,1.0000000000,3.2598110000,0.0338498700,-0.0018005830,-0.0261598800,0.1886305000,0.0840307500,0.9784464000,0.0302781700,-0.0016472630,-0.0260804100,0.1875181000,0.0848249100,0.9785917000,0.0000000000,
4009421,1,1.0000000000,3.1715550000,-0.0328011200,0.0010640410,-0.0247257400,0.1816119000,0.1025706000,0.9780063000,1,1.0000000000,3.2538300000,0.0339146700,-0.0017491910,-0.0262441400,0.1948110000,0.0815743600,0.9774427000,0.0326431100,-0.0016955720,-0.0262152100,0.1945669000,0.0819711100,0.9774582000,0.0000000000,
4009430,1,1.0000000000,3.1295320000,-0.0327363300,0.0010615850,-0.0247337400,0.1877606000,0.0905309900,0.9780338000,1,1.0000000000,3.1586610000,0.0340334600,-0.0018067020,-0.0262494800,0.1919427000,0.0972607400,0.9765748000,0.0334668800,-0.0017823640,-0.0262366200,0.1918969000,0.0971996900,0.9765899000,0.0000000000,
4009438,1,1.0000000000,3.1519170000,-0.0326485300,0.0010598760,-0.0247662100,0.2046077000,0.0962231600,0.9741030000,1,1.0000000000,3.2289890000,0.0341127000,-0.0018126530,-0.0262931700,0.2118098000,0.0953075300,0.9726526000,0.0337885100,-0.0017987060,-0.0262857500,0.2117772000,0.0953218600,0.9726583000,0.0000000000,
4009446,1,1.0000000000,3.2155150000,-0.0325754400,0.0010553590,-0.0247871400,0.2225676000,0.0945752100,0.9703191000,1,1.0000000000,3.1635130000,0.0342032900,-0.0018260190,-0.0263186500,0.2210401000,0.0917669000,0.9709377000,0.0332099000,-0.0017831570,-0.0262958700,0.2210718000,0.0917979000,0.9709276000,0.0000000000,
4009455,1,1.0000000000,2.9994510000,-0.0325074500,0.0010406190,-0.0247916400,0.2260309000,0.0851297100,0.9703932000,1,1.0000000000,3.2534480000,0.0342768600,-0.0018296200,-0.0263335000,0.2300274000,0.0874943300,0.9692430000,0.0295987100,-0.0016285550,-0.0262255000,0.2297533000,0.0873419600,0.9693218000,0.0000000000,
4009463,1,1.0000000000,3.0202640000,-0.0324250900,0.0010543060,-0.0248150200,0.2334296000,0.0857546400,0.9685849000,1,1.0000000000,3.2145540000,0.0343359400,-0.0018326720,-0.0263526800,0.2337991000,0.0916305700,0.9679576000,0.0189684300,-0.0011681210,-0.0259987300,0.2337210000,0.0902870700,0.9681026000,0.0000000000,
4009471,1,1.0000000000,3.1448060000,-0.0323832600,0.0010241850,-0.0248206600,0.2430125000,0.0925754700,0.9655955000,1,1.0000000000,3.2321470000,0.0343958800,-0.0018377840,-0.0263682400,0.2424640000,0.0944373700,0.9655531000,-0.0002675171,-0.0003522034,-0.0255649300,0.2427556000,0.0934614200,0.9655748000,0.0000000000,
4009480,1,1.0000000000,3.1897740000,-0.0323410800,0.0010178530,-0.0248286800,0.2467984000,0.0970164500,0.9641983000,1,1.0000000000,3.1379550000,0.0344442600,-0.0018463590,-0.0263792000,0.2489642000,0.0916754700,0.9641641000,-0.0029380490,-0.0002431336,-0.0255113100,0.2477459000,0.0946671400,0.9641888000,0.0000000000,
4009488,1,1.0000000000,2.9647980000,-0.0323032600,0.0010112150,-0.0248432500,0.2541999000,0.0974135400,0.9622334000,1,1.0000000000,3.0768130000,0.0344756500,-0.0018421330,-0.0263869000,0.2513447000,0.0914313700,0.9635695000,-0.0040158390,-0.0001974487,-0.0254971300,0.2529922000,0.0948797000,0.9628046000,0.0000000000,
4009496,1,1.0000000000,3.2098390000,-0.0322258800,0.0010124820,-0.0248572900,0.2515142000,0.0960859700,0.9630722000,1,1.0000000000,3.1571350000,0.0345143900,-0.0018435980,-0.0263992000,0.2639509000,0.0873580100,0.9605719000,-0.0016139830,-0.0002975159,-0.0255645200,0.2572202000,0.0920878000,0.9619551000,0.0000000000,
4009505,1,1.0000000000,3.1890870000,-0.0321805700,0.0010057070,-0.0248698700,0.2532081000,0.1045548000,0.9617453000,1,1.0000000000,3.1437070000,0.0345572800,-0.0018427130,-0.0264139700,0.2754234000,0.0868690000,0.9573901000,-0.0009758606,-0.0003261261,-0.0255918400,0.2636156000,0.0962846900,0.9598104000,0.0000000000,
4009513,1,1.0000000000,3.1329960000,-0.0321604000,0.0009992218,-0.0248797200,0.2653222000,0.0999764700,0.9589624000,1,1.0000000000,3.0989840000,0.0345881200,-0.0018470000,-0.0264136400,0.2796356000,0.0789040500,0.9568585000,-0.0001122742,-0.0003673249,-0.0256162000,0.2722185000,0.0898748300,0.9580290000,0.0000000000,
4009521,1,1.0000000000,3.0863950000,-0.0321467600,0.0009936829,-0.0248800500,0.2617971000,0.1020821000,0.9597091000,1,1.0000000000,3.1575320000,0.0346219200,-0.0018502500,-0.0264259000,0.2878156000,0.0833142500,0.9540550000,-0.0008250275,-0.0003404236,-0.0256052300,0.2740368000,0.0932936800,0.9571834000,0.0000000000,
4009530,1,1.0000000000,3.0925140000,-0.0321258300,0.0009945069,-0.0248969300,0.2731359000,0.1075453000,0.9559450000,1,1.0000000000,3.2030490000,0.0346424600,-0.0018557430,-0.0264311800,0.2967246000,0.0789037900,0.9516978000,-0.0016400760,-0.0003068848,-0.0255974600,0.2839675000,0.0944829000,0.9541674000,0.0000000000,
4009538,1,1.0000000000,3.1140440000,-0.0321106100,0.0009936066,-0.0248937400,0.2730271000,0.1044470000,0.9563195000,1,1.0000000000,3.3026580000,0.0346619900,-0.0018575140,-0.0264394500,0.3046301000,0.0790567200,0.9491842000,-0.0022656400,-0.0002807312,-0.0255846300,0.2872179000,0.0931097000,0.9533291000,0.0000000000,
4009546,1,1.0000000000,3.1328890000,-0.0321048900,0.0009920960,-0.0248933000,0.2739913000,0.1042040000,0.9560702000,1,1.0000000000,3.3026730000,0.0346839000,-0.0018601080,-0.0264415300,0.3005708000,0.0813759800,0.9502816000,-0.0019389500,-0.0002961273,-0.0255925800,0.2860432000,0.0939032200,0.9536045000,0.0000000000,
4009555,1,1.0000000000,3.1523740000,-0.0320991700,0.0009905854,-0.0248928500,0.2749529000,0.1038989000,0.9558274000,1,1.0000000000,3.3177340000,0.0346949300,-0.0018618170,-0.0264369800,0.3034685000,0.0737003500,0.9499869000,-0.0016083680,-0.0003114929,-0.0255977300,0.2880298000,0.0901352000,0.9533701000,0.0000000000,
4009563,1,1.0000000000,3.1775210000,-0.0320958000,0.0009889832,-0.0248928400,0.2756539000,0.1033340000,0.9556867000,1,1.0000000000,3.2946010000,0.0347017100,-0.0018638760,-0.0264390700,0.3014572000,0.0777904800,0.9503011000,-0.0013303220,-0.0003249664,-0.0256050000,0.2875860000,0.0915844100,0.9533659000,0.0000000000,
4009571,1,1.0000000000,3.2019200000,-0.0320934800,0.0009873963,-0.0248928200,0.2745253000,0.1026475000,0.9560854000,1,1.0000000000,3.3252560000,0.0347020400,-0.0018648530,-0.0264386000,0.3043086000,0.0751043900,0.9496081000,-0.0006158600,-0.0003567353,-0.0256212800,0.2886246000,0.0896926100,0.9532319000,0.0000000000,
4009580,1,1.0000000000,3.2244870000,-0.0320963300,0.0009869232,-0.0248923800,0.2749349000,0.1029061000,0.9559399000,1,1.0000000000,3.3303990000,0.0347017100,-0.0018650060,-0.0264381300,0.3015928000,0.0756232600,0.9504330000,0.0000504456,-0.0003855591,-0.0256362800,0.2878273000,0.0897981900,0.9534630000,0.0000000000,
4009588,1,1.0000000000,3.2467040000,-0.0320991700,0.0009873963,-0.0248919500,0.2753628000,0.1028758000,0.9558200000,1,1.0000000000,3.2685550000,0.0346880700,-0.0018596650,-0.0264381600,0.3007257000,0.0805373500,0.9503041000,0.0004664612,-0.0004008331,-0.0256458700,0.2877682000,0.0919961000,0.9532713000,0.0000000000,
4009596,1,1.0000000000,3.2289120000,-0.0321013400,0.0009871980,-0.0248908400,0.2751029000,0.1008766000,0.9561079000,1,1.0000000000,3.3615570000,0.0346704000,-0.0018594360,-0.0264133000,0.2896750000,0.0684666900,0.9546731000,0.0006407166,-0.0004086609,-0.0256373900,0.2822893000,0.0849919700,0.9555569000,0.0000000000,
4009605,1,1.0000000000,3.1662750000,-0.0321915100,0.0009820709,-0.0248558700,0.2725695000,0.1028296000,0.9566253000,1,1.0000000000,3.2536160000,0.0346534900,-0.0018552250,-0.0264128600,0.2885771000,0.0735175800,0.9546300000,0.0009528656,-0.0004247589,-0.0256278900,0.2805353000,0.0883033900,0.9557732000,0.0000000000,
4009613,1,1.0000000000,3.1973880000,-0.0321787600,0.0009896698,-0.0248547400,0.2599063000,0.1005415000,0.9603854000,1,1.0000000000,3.2295840000,0.0346331600,-0.0018452610,-0.0264062200,0.2847933000,0.0745705400,0.9556841000,0.0011665650,-0.0004252167,-0.0256290800,0.2723709000,0.0876012000,0.9581963000,0.0000000000,
4009621,1,1.0000000000,3.2239530000,-0.0321981100,0.0009953309,-0.0248466000,0.2549020000,0.1004959000,0.9617305000,1,1.0000000000,3.2474060000,0.0346129800,-0.0018347630,-0.0264018100,0.2820306000,0.0770422900,0.9563071000,0.0016866760,-0.0004400024,-0.0256353600,0.2686933000,0.0886082100,0.9591416000,0.0000000000,
4009629,1,1.0000000000,3.1715550000,-0.0322386300,0.0010099180,-0.0248324300,0.2547014000,0.0917974800,0.9626528000,1,1.0000000000,3.2503360000,0.0345981900,-0.0018312680,-0.0263833600,0.2615972000,0.0768281700,0.9621145000,0.0021148380,-0.0004504090,-0.0256295900,0.2582566000,0.0841069600,0.9624082000,0.0000000000,
4009638,1,1.0000000000,3.1756440000,-0.0323187000,0.0010129090,-0.0248112800,0.2536173000,0.1004948000,0.9620702000,1,1.0000000000,3.2049100000,0.0345810600,-0.0018230590,-0.0263849600,0.2602718000,0.0794685800,0.9622595000,0.0029369510,-0.0004816284,-0.0256406000,0.2571433000,0.0894172800,0.9622276000,0.0000000000,
4009646,1,1.0000000000,3.1320340000,-0.0323413700,0.0010223540,-0.0247965500,0.2523380000,0.0895855400,0.9634833000,1,1.0000000000,3.1897430000,0.0345603000,-0.0018176880,-0.0263881700,0.2603618000,0.0863345900,0.9616434000,0.0036523290,-0.0005056153,-0.0256528500,0.2566555000,0.0878305000,0.9625039000,0.0000000000,
4009654,1,1.0000000000,3.2726290000,-0.0323180600,0.0010503390,-0.0247985600,0.2347297000,0.0883955900,0.9680331000,1,1.0000000000,3.2487180000,0.0345260900,-0.0018156430,-0.0263725400,0.2473914000,0.0878755900,0.9649225000,0.0040560760,-0.0005092163,-0.0256550600,0.2416248000,0.0881049200,0.9663618000,0.0000000000,
4009663,1,1.0000000000,3.2202610000,-0.0323952000,0.0010260160,-0.0247616700,0.2301800000,0.0882725300,0.9691362000,1,1.0000000000,3.2311860000,0.0344828400,-0.0018178410,-0.0263543700,0.2392597000,0.0839087300,0.9673232000,0.0048264620,-0.0005567475,-0.0256481000,0.2352334000,0.0858473600,0.9681402000,0.0000000000,
4009671,1,1.0000000000,3.2886510000,-0.0324453500,0.0010294800,-0.0247568800,0.2333380000,0.0875399000,0.9684473000,1,1.0000000000,3.3155210000,0.0344484300,-0.0018144840,-0.0263441800,0.2277839000,0.0911105200,0.9694397000,0.0053690190,-0.0005781861,-0.0256541600,0.2301954000,0.0895543500,0.9690150000,0.0000000000,
4009679,1,1.0000000000,3.2866210000,-0.0324885700,0.0010375820,-0.0247271400,0.2181727000,0.0862894700,0.9720879000,1,1.0000000000,3.2349850000,0.0344133900,-0.0018061070,-0.0263285200,0.2227193000,0.0862129600,0.9710631000,0.0045826270,-0.0005381317,-0.0256144900,0.2206905000,0.0862437000,0.9715234000,0.0000000000,
4009688,1,1.0000000000,3.2816470000,-0.0325388900,0.0010458070,-0.0247069700,0.2072302000,0.0883791700,0.9742919000,1,1.0000000000,3.3298950000,0.0343532300,-0.0018052520,-0.0263075400,0.2139913000,0.0868080900,0.9729708000,0.0048861690,-0.0005493012,-0.0256024600,0.2110144000,0.0874941500,0.9735593000,0.0000000000,
4009696,1,1.0000000000,3.2495270000,-0.0326082300,0.0010436860,-0.0246372500,0.1950410000,0.0861372400,0.9770054000,1,1.0000000000,3.3094790000,0.0343104400,-0.0018049470,-0.0262935000,0.2081788000,0.0863355200,0.9742730000,0.0067534030,-0.0006318665,-0.0256114700,0.2027745000,0.0862428700,0.9754202000,0.0000000000,
4009704,1,1.0000000000,3.2384190000,-0.0326585000,0.0010340420,-0.0245584300,0.1851818000,0.0931707500,0.9782776000,1,1.0000000000,3.3029790000,0.0342524000,-0.0018001400,-0.0262643100,0.1980457000,0.0827491800,0.9766936000,0.0109597500,-0.0008135071,-0.0256704700,0.1935752000,0.0863809700,0.9772753000,0.0000000000,
4009713,1,1.0000000000,3.3352660000,-0.0327092100,0.0010312960,-0.0245046600,0.1855020000,0.0925450100,0.9782763000,1,1.0000000000,3.3191680000,0.0342009700,-0.0018101500,-0.0261941900,0.1848013000,0.0778664800,0.9796863000,0.0146221000,-0.0009786987,-0.0256998000,0.1849983000,0.0821689000,0.9792977000,0.0000000000,
4009721,1,1.0000000000,3.3890840000,-0.0327763100,0.0009669343,-0.0242333100,0.1733723000,0.0959178100,0.9801744000,1,1.0000000000,3.4503480000,0.0341410700,-0.0018002620,-0.0261671800,0.1813063000,0.0916297200,0.9791486000,0.0266554700,-0.0014907080,-0.0259508500,0.1804205000,0.0921176100,0.9792665000,0.0000000000,
4009729,1,1.0000000000,3.2589570000,-0.0328351600,0.0008963319,-0.0239622200,0.1669185000,0.0994583100,0.9809415000,1,1.0000000000,3.3727110000,0.0340689600,-0.0019050290,-0.0257964200,0.1708684000,0.0923159100,0.9809596000,0.0298464200,-0.0017282260,-0.0256806600,0.1706093000,0.0927738600,0.9809616000,0.0000000000,
4009738,1,1.0000000000,3.2577670000,-0.0329093500,0.0008467102,-0.0238027200,0.1547860000,0.1001898000,0.9828547000,1,1.0000000000,3.2834780000,0.0339928900,-0.0021572110,-0.0249720500,0.1702749000,0.0993664300,0.9803738000,-0.0035945130,-0.0004695130,-0.0243150900,0.1615757000,0.0998232400,0.9817986000,0.0000000000,
4009746,1,1.0000000000,3.2065890000,-0.0329758000,0.0008509064,-0.0237835600,0.1446703000,0.1042340000,0.9839745000,1,1.0000000000,3.3430020000,0.0339232600,-0.0021891780,-0.0248765600,0.1562050000,0.0970463800,0.9829456000,-0.0308099100,0.0007524720,-0.0238189500,0.1450368000,0.1039901000,0.9839463000,0.0000000000,
4009754,1,1.0000000000,3.1864620000,-0.0330560300,0.0008057404,-0.0236617100,0.1319142000,0.1038224000,0.9858091000,1,1.0000000000,3.3668670000,0.0338461800,-0.0018899840,-0.0258048400,0.1322183000,0.0858618200,0.9874948000,-0.0248168200,0.0004737549,-0.0239256500,0.1319444000,0.1016096000,0.9860356000,0.0000000000,
4009763,1,1.0000000000,3.3291930000,-0.0331517600,0.0008433533,-0.0237717300,0.1210035000,0.1029369000,0.9873005000,1,1.0000000000,3.4065860000,0.0337536200,-0.0018748470,-0.0257965500,0.1203007000,0.0893100100,0.9887120000,-0.0155390600,0.0001277924,-0.0243047600,0.1208196000,0.0993503900,0.9876903000,0.0000000000,
4009771,1,1.0000000000,3.2371060000,-0.0332365300,0.0008078156,-0.0236513500,0.1028458000,0.1057602000,0.9890589000,1,1.0000000000,3.3990630000,0.0336772200,-0.0017506260,-0.0262030200,0.0981298600,0.0837407300,0.9916441000,-0.0208126400,0.0003327790,-0.0241251200,0.1019758000,0.1016859000,0.9895762000,0.0000000000,
4009779,1,1.0000000000,3.2254640000,-0.0333326600,0.0008197632,-0.0236627700,0.0953830900,0.1014866000,0.9902537000,1,1.0000000000,3.3308870000,0.0335823500,-0.0017433630,-0.0261837800,0.0849155800,0.0840916000,0.9928333000,-0.0300126400,0.0006925965,-0.0237878400,0.0948642600,0.1006321000,0.9903908000,0.0000000000,
4009788,1,1.0000000000,3.2118380000,-0.0333938400,0.0008523713,-0.0237369900,0.0682535100,0.1015029000,0.9924911000,1,1.0000000000,3.3218690000,0.0335054800,-0.0017178650,-0.0262720200,0.0661625000,0.0892339200,0.9938107000,-0.0330384400,0.0008387299,-0.0237504600,0.0682377100,0.1014410000,0.9924985000,0.0000000000,
4009796,1,1.0000000000,3.2892300000,-0.0334870000,0.0008911896,-0.0238069900,0.0577553700,0.1043869000,0.9928584000,1,1.0000000000,3.2858280000,0.0334120400,-0.0017479710,-0.0261252900,0.0465243900,0.0892035400,0.9949262000,-0.0334662200,0.0008903809,-0.0238077100,0.0577553700,0.1043869000,0.9928584000,0.0000000000,
4009804,1,1.0000000000,3.1884310000,-0.0335566900,0.0008704682,-0.0236887200,0.0445407500,0.1023415000,0.9937516000,1,1.0000000000,3.2606510000,0.0333270300,-0.0017286680,-0.0261595300,0.0339816200,0.0894020200,0.9954157000,-0.0335504600,0.0008702240,-0.0236889500,0.0445407500,0.1023415000,0.9937516000,0.0000000000,
4009813,1,1.0000000000,3.4162900000,-0.0336621000,0.0009372101,-0.0239019800,0.0256806200,0.1066898000,0.9939607000,1,1.0000000000,3.2922060000,0.0332171700,-0.0018005980,-0.0259660800,0.0239870200,0.0915992800,0.9955070000,-0.0336581000,0.0009370575,-0.0239021000,0.0256806200,0.1066898000,0.9939607000,0.0000000000,
4009821,1,1.0000000000,3.2673650000,-0.0337190000,0.0008386842,-0.0235929000,0.0108796500,0.1175399000,0.9930086000,1,1.0000000000,3.4131620000,0.0330958600,-0.0017170260,-0.0261321300,0.0129700300,0.0792545400,0.9967700000,-0.0335867200,0.0008336182,-0.0235979200,0.0108948400,0.1174629000,0.9930175000,0.0000000000,
4009829,1,1.0000000000,3.2899780000,-0.0338253500,0.0010642550,-0.0241873600,-0.0037231920,0.0980389600,0.9951756000,1,1.0000000000,3.3404540000,0.0329837700,-0.0017339480,-0.0261194300,-0.0038147230,0.0856939500,0.9963142000,-0.0063119970,-0.0000880890,-0.0249830300,-0.0037537060,0.0929576400,0.9956630000,0.0000000000,
4009838,1,1.0000000000,3.3672030000,-0.0339562900,0.0010896760,-0.0242432900,-0.0256501400,0.1079564000,0.9938247000,1,1.0000000000,3.3572080000,0.0328494400,-0.0016720740,-0.0262634600,-0.0171052800,0.0841988500,0.9963021000,0.0267618100,-0.0014204100,-0.0260793600,-0.0178834700,0.0863655500,0.9961030000,0.0000000000,
4009846,1,1.0000000000,3.3407140000,-0.0341180700,0.0010463260,-0.0241467400,-0.0296177700,0.1141070000,0.9930269000,1,1.0000000000,3.3065340000,0.0327246300,-0.0016808780,-0.0262136200,-0.0412298500,0.0883191700,0.9952386000,0.0318156100,-0.0016437840,-0.0261855200,-0.0410768700,0.0886692700,0.9952138000,0.0000000000,
4009854,1,1.0000000000,3.4561310000,-0.0342394100,0.0011539150,-0.0244042500,-0.0445558200,0.1001285000,0.9939764000,1,1.0000000000,3.3793490000,0.0325878800,-0.0016721350,-0.0262321600,-0.0572815900,0.0986634900,0.9934708000,0.0323154300,-0.0016606140,-0.0262247200,-0.0572359600,0.0986637500,0.9934735000,0.0000000000,
4009863,1,1.0000000000,3.4237980000,-0.0343752900,0.0011851350,-0.0245550600,-0.0589911000,0.1120160000,0.9919539000,1,1.0000000000,3.1715550000,0.0324539200,-0.0016682280,-0.0262300000,-0.0663002500,0.1004193000,0.9927338000,0.0323517900,-0.0016638640,-0.0262274300,-0.0662848600,0.1004496000,0.9927317000,0.0000000000,
4009871,1,1.0000000000,3.3336640000,-0.0345625200,0.0016926270,-0.0261297200,-0.0575110300,0.0990459200,0.9934195000,1,1.0000000000,3.2258000000,0.0323140400,-0.0016323090,-0.0263233200,-0.0826577100,0.0986948600,0.9916789000,0.0323136400,-0.0016322940,-0.0263233200,-0.0826577100,0.0986948600,0.9916789000,0.0000000000,
4009879,1,1.0000000000,3.3816990000,-0.0346971500,0.0017187040,-0.0262539800,-0.0726933600,0.1007239000,0.9922552000,1,1.0000000000,3.1822970000,0.0322101000,-0.0016814880,-0.0261817500,-0.0996256800,0.0995646400,0.9900311000,0.0322101000,-0.0016814880,-0.0261817500,-0.0996256800,0.0995646400,0.9900311000,0.0000000000,
4009888,1,1.0000000000,3.3971560000,-0.0348090100,0.0017357030,-0.0263762500,-0.0839551800,0.1062944000,0.9907840000,1,1.0000000000,3.1446990000,0.0320895400,-0.0015951080,-0.0264717400,-0.1185457000,0.1023714000,0.9876574000,0.0320895400,-0.0015951080,-0.0264717400,-0.1185457000,0.1023714000,0.9876574000,0.0000000000,
4009896,1,1.0000000000,3.3707580000,-0.0348857500,0.0018342900,-0.0266952200,-0.0961767400,0.1001135000,0.9903167000,1,1.0000000000,3.1459350000,0.0319775900,-0.0016067350,-0.0264845000,-0.1215075000,0.1012740000,0.9874105000,0.0319775900,-0.0016067350,-0.0264845000,-0.1215075000,0.1012740000,0.9874105000,0.0000000000,
4009904,1,1.0000000000,3.3495030000,-0.0349606500,0.0017577820,-0.0264483400,-0.1086276000,0.1045077000,0.9885738000,1,1.0000000000,3.2748720000,0.0318961000,-0.0015886540,-0.0265571900,-0.1324941000,0.1035172000,0.9857634000,0.0318961000,-0.0015886540,-0.0265571900,-0.1324941000,0.1035172000,0.9857634000,0.0000000000,
4009913,1,1.0000000000,3.3377530000,-0.0349917200,0.0014635770,-0.0253877400,-0.1343850000,0.1185157000,0.9838164000,1,1.0000000000,3.1494290000,0.0318169900,-0.0016392370,-0.0264019200,-0.1437087000,0.1087962000,0.9836215000,0.0318169900,-0.0016392370,-0.0264019200,-0.1437087000,0.1087962000,0.9836215000,0.0000000000,
4009921,1,1.0000000000,3.3081210000,-0.0350302300,0.0013884580,-0.0250969400,-0.1528325000,0.1233982000,0.9805177000,1,1.0000000000,3.1284030000,0.0317703900,-0.0016465610,-0.0263695400,-0.1550163000,0.1104447000,0.9817189000,0.0317703900,-0.0016465610,-0.0263695400,-0.1550163000,0.1104447000,0.9817189000,0.0000000000,
4009929,1,1.0000000000,3.2952880000,-0.0350383900,0.0015065770,-0.0253885500,-0.1282352000,0.1185153000,0.9846369000,1,1.0000000000,3.0602110000,0.0317955400,-0.0016016690,-0.0264358400,-0.1398337000,0.1091020000,0.9841460000,0.0317955400,-0.0016016690,-0.0264358400,-0.1398337000,0.1091020000,0.9841460000,0.0000000000,
4009938,1,1.0000000000,3.3208010000,-0.0350768000,0.0014324190,-0.0251319700,-0.1477530000,0.1217211000,0.9815055000,1,1.0000000000,3.2070470000,0.0317430800,-0.0016096040,-0.0263876200,-0.1470037000,0.1198734000,0.9818453000,0.0317430800,-0.0016096040,-0.0263876200,-0.1470037000,0.1198734000,0.9818453000,0.0000000000,
4009946,1,1.0000000000,3.3568880000,-0.0351408400,0.0013977660,-0.0250080300,-0.1683369000,0.1201948000,0.9783741000,1,1.0000000000,3.0569150000,0.0316411600,-0.0016250000,-0.0263510800,-0.1698007000,0.1111304000,0.9791924000,0.0316411600,-0.0016250000,-0.0263510800,-0.1698007000,0.1111304000,0.9791924000,0.0000000000,
4009954,1,1.0000000000,3.3202510000,-0.0352320700,0.0013694460,-0.0249833500,-0.1783927000,0.1242234000,0.9760864000,1,1.0000000000,3.1590420000,0.0315418900,-0.0016183930,-0.0263488900,-0.1677406000,0.1182104000,0.9787182000,0.0315418900,-0.0016183930,-0.0263488900,-0.1677406000,0.1182104000,0.9787182000,0.0000000000,
4009963,1,1.0000000000,3.3738100000,-0.0353221700,0.0013534550,-0.0249699900,-0.1790482000,0.1198741000,0.9765101000,1,1.0000000000,3.0947420000,0.0314888500,-0.0016356360,-0.0263524800,-0.1871342000,0.1211092000,0.9748402000,0.0314888300,-0.0016356360,-0.0263524800,-0.1871342000,0.1211092000,0.9748402000,0.0000000000,
4009971,1,1.0000000000,3.3833920000,-0.0353592600,0.0013414760,-0.0249695800,-0.1874268000,0.1224996000,0.9746102000,1,1.0000000000,3.2551730000,0.0314292200,-0.0016469570,-0.0263502800,-0.1872408000,0.1168214000,0.9753429000,0.0314290300,-0.0016469420,-0.0263502700,-0.1872408000,0.1168214000,0.9753429000,0.0000000000,
4009979,1,1.0000000000,3.3240970000,-0.0354337200,0.0013446350,-0.0249876100,-0.1885704000,0.1242844000,0.9741635000,1,1.0000000000,3.0672000000,0.0313816700,-0.0016420440,-0.0263623100,-0.1924450000,0.1192481000,0.9740353000,0.0313538100,-0.0016407930,-0.0263617400,-0.1924450000,0.1192481000,0.9740353000,0.0000000000,
4009988,1,1.0000000000,3.2910160000,-0.0354736800,0.0013340300,-0.0250021700,-0.2052931000,0.1319589000,0.9697637000,1,1.0000000000,3.2885280000,0.0313530600,-0.0016551060,-0.0263713800,-0.2041490000,0.1200571000,0.9715500000,0.0266665400,-0.0014454800,-0.0262753600,-0.2042260000,0.1208815000,0.9714316000,0.0000000000,
4009996,1,1.0000000000,3.3789060000,-0.0355044900,0.0013314360,-0.0250042700,-0.2086971000,0.1304948000,0.9692351000,1,1.0000000000,3.3485410000,0.0313361500,-0.0016629640,-0.0263725400,-0.2078436000,0.1196920000,0.9708115000,0.0198488200,-0.0011483310,-0.0261373900,-0.2079952000,0.1215531000,0.9705477000,0.0000000000,
4010004,1,1.0000000000,3.2624050000,-0.0355228600,0.0013327330,-0.0250195300,-0.2230418000,0.1331659000,0.9656703000,1,1.0000000000,3.1897280000,0.0313208600,-0.0016690980,-0.0263844200,-0.2163412000,0.1219799000,0.9686679000,0.0181341300,-0.0010769040,-0.0261151400,-0.2176690000,0.1241926000,0.9680890000,0.0000000000,
4010013,1,1.0000000000,3.2565310000,-0.0355517800,0.0013251040,-0.0250224300,-0.2200039000,0.1295792000,0.9668545000,1,1.0000000000,3.3655850000,0.0313123200,-0.0016782690,-0.0263836400,-0.2186441000,0.1209417000,0.9682809000,0.0014085390,-0.0003350678,-0.0257748600,-0.2192571000,0.1248037000,0.9676520000,0.0000000000,
4010021,1,1.0000000000,3.3700100000,-0.0355803100,0.0013289800,-0.0250336200,-0.2199268000,0.1362774000,0.9659507000,1,1.0000000000,3.2993770000,0.0312953500,-0.0016826630,-0.0263883400,-0.2212086000,0.1214915000,0.9676293000,-0.0000137940,-0.0002726898,-0.0257540900,-0.2206143000,0.1284196000,0.9668701000,0.0000000000,
4010029,1,1.0000000000,3.3681030000,-0.0356033500,0.0013268890,-0.0250351300,-0.2162793000,0.1341102000,0.9670769000,1,1.0000000000,3.2781830000,0.0312842600,-0.0016864170,-0.0263857100,-0.2305925000,0.1094063000,0.9668802000,-0.0005847321,-0.0002507019,-0.0257422200,-0.2238040000,0.1211871000,0.9670706000,0.0000000000,
4010038,1,1.0000000000,3.3620760000,-0.0356169200,0.0013258360,-0.0250311100,-0.2197884000,0.1262059000,0.9673495000,1,1.0000000000,3.3288120000,0.0312803600,-0.0016870270,-0.0263872500,-0.2301201000,0.1141827000,0.9664404000,-0.0003213043,-0.0002637787,-0.0257466300,-0.2252529000,0.1198592000,0.9668997000,0.0000000000,
4010046,1,1.0000000000,3.3149410000,-0.0356227400,0.0013271330,-0.0250327200,-0.2226734000,0.1263743000,0.9666675000,1,1.0000000000,3.2818600000,0.0312764800,-0.0016864170,-0.0263888000,-0.2292819000,0.1180895000,0.9661701000,-0.0006224823,-0.0002494812,-0.0257421900,-0.2261364000,0.1220404000,0.9664204000,0.0000000000,
4010054,1,1.0000000000,3.3539120000,-0.0356285600,0.0013283690,-0.0250343200,-0.2257394000,0.1260991000,0.9659921000,1,1.0000000000,3.3313140000,0.0312751800,-0.0016864780,-0.0263907200,-0.2302563000,0.1198737000,0.9657186000,-0.0010814510,-0.0002284088,-0.0257347300,-0.2280749000,0.1228800000,0.9658584000,0.0000000000,
4010063,1,1.0000000000,3.3420870000,-0.0356303100,0.0013284000,-0.0250357200,-0.2260747000,0.1266788000,0.9658378000,1,1.0000000000,3.2837830000,0.0312764800,-0.0016864170,-0.0263926400,-0.2313704000,0.1210335000,0.9653075000,-0.0012666320,-0.0002200165,-0.0257326400,-0.2287932000,0.1237809000,0.9655734000,0.0000000000,
4010071,1,1.0000000000,3.3305660000,-0.0356320700,0.0013284460,-0.0250371300,-0.2262743000,0.1272135000,0.9657208000,1,1.0000000000,3.2754210000,0.0312775700,-0.0016860660,-0.0263937700,-0.2314616000,0.1218420000,0.9651839000,-0.0015412900,-0.0002074585,-0.0257283500,-0.2289159000,0.1244832000,0.9654540000,0.0000000000,
4010079,1,1.0000000000,3.3389590000,-0.0356303100,0.0013296200,-0.0250379600,-0.2259235000,0.1303416000,0.9653857000,1,1.0000000000,3.2676240000,0.0312786600,-0.0016857300,-0.0263949000,-0.2315693000,0.1225749000,0.9650653000,-0.0019541170,-0.0001880341,-0.0257209300,-0.2287625000,0.1264358000,0.9652366000,0.0000000000,
4010088,1,1.0000000000,3.3328700000,-0.0356285600,0.0013307800,-0.0250388000,-0.2255428000,0.1334244000,0.9650536000,1,1.0000000000,3.2606810000,0.0312814500,-0.0016849820,-0.0263956800,-0.2311134000,0.1226522000,0.9651647000,-0.0021100920,-0.0001799469,-0.0257185200,-0.2283345000,0.1280376000,0.9651268000,0.0000000000,
4010096,1,1.0000000000,3.2751310000,-0.0356453700,0.0013435210,-0.0250490300,-0.2315843000,0.1279611000,0.9643623000,1,1.0000000000,3.1789400000,0.0312790700,-0.0016772460,-0.0263968100,-0.2325173000,0.1214315000,0.9649819000,-0.0018741910,-0.0001808014,-0.0257291400,-0.2320568000,0.1246649000,0.9646804000,0.0000000000,
4010104,1,1.0000000000,3.1697390000,-0.0357010200,0.0013538210,-0.0250627200,-0.2399932000,0.1309983000,0.9618953000,1,1.0000000000,3.2123720000,0.0312026100,-0.0016637570,-0.0264253400,-0.2560441000,0.1235970000,0.9587311000,-0.0021822050,-0.0001579895,-0.0257453900,-0.2480485000,0.1272896000,0.9603485000,0.0000000000,
4010113,1,1.0000000000,3.2388610000,-0.0357055400,0.0013681030,-0.0250537000,-0.2337061000,0.1268324000,0.9639995000,1,1.0000000000,3.1745000000,0.0311881300,-0.0016546780,-0.0264297800,-0.2523376000,0.1301743000,0.9588433000,-0.0028245550,-0.0001177063,-0.0257301000,-0.2428765000,0.1284802000,0.9615113000,0.0000000000,
4010121,1,1.0000000000,3.2307130000,-0.0356849700,0.0013723300,-0.0250535600,-0.2293875000,0.1291363000,0.9647306000,1,1.0000000000,3.2182460000,0.0312256500,-0.0016619110,-0.0264106300,-0.2464463000,0.1221169000,0.9614321000,-0.0013645630,-0.0001840058,-0.0257496300,-0.2381460000,0.1255352000,0.9630823000,0.0000000000,
4010129,1,1.0000000000,3.2593380000,-0.0356769300,0.0013699800,-0.0250560800,-0.2312038000,0.1313339000,0.9640001000,1,1.0000000000,3.2238620000,0.0312538100,-0.0016635900,-0.0264079300,-0.2397953000,0.1277179000,0.9623858000,-0.0031457830,-0.0001044617,-0.0257131400,-0.2353855000,0.1295795000,0.9632252000,0.0000000000,
4010138,1,1.0000000000,3.2772670000,-0.0356688900,0.0013709720,-0.0250586100,-0.2325456000,0.1307840000,0.9637521000,1,1.0000000000,3.1910860000,0.0313393000,-0.0016559300,-0.0263904100,-0.2538462000,0.1276098000,0.9587898000,-0.0032205510,-0.0000947724,-0.0257035200,-0.2428770000,0.1292587000,0.9614067000,0.0000000000,
4010146,1,1.0000000000,3.2716220000,-0.0356410200,0.0013688360,-0.0250512000,-0.2241093000,0.1301442000,0.9658352000,1,1.0000000000,3.1540220000,0.0312872200,-0.0016626280,-0.0263967300,-0.2323463000,0.1255497000,0.9644960000,-0.0032556150,-0.0000980377,-0.0257022700,-0.2280898000,0.1279152000,0.9652008000,0.0000000000,
4010154,1,1.0000000000,3.2942500000,-0.0356231700,0.0013719480,-0.0250525500,-0.2129835000,0.1373605000,0.9673522000,1,1.0000000000,3.1447600000,0.0313131400,-0.0016596220,-0.0263959200,-0.2280759000,0.1290451000,0.9650537000,-0.0031340640,-0.0000994873,-0.0257045900,-0.2203090000,0.1333329000,0.9662744000,0.0000000000,
4010163,1,1.0000000000,3.2655640000,-0.0356054100,0.0013671110,-0.0250501700,-0.2111081000,0.1356829000,0.9679998000,1,1.0000000000,3.2310490000,0.0313370700,-0.0016563420,-0.0263889900,-0.2213608000,0.1308298000,0.9663762000,-0.0034432680,-0.0000854797,-0.0256933900,-0.2160367000,0.1333483000,0.9672365000,0.0000000000,
4010171,1,1.0000000000,3.2218780000,-0.0355721000,0.0013674010,-0.0250536400,-0.2103757000,0.1400165000,0.9675420000,1,1.0000000000,3.1789700000,0.0313731400,-0.0016516420,-0.0263820300,-0.2159765000,0.1275351000,0.9680336000,-0.0038263250,-0.0000642395,-0.0256835700,-0.2130445000,0.1341103000,0.9677947000,0.0000000000,
4010179,1,1.0000000000,3.2290950000,-0.0355347300,0.0013660430,-0.0250483700,-0.1994495000,0.1429151000,0.9694303000,1,1.0000000000,3.1514590000,0.0314163500,-0.0016572570,-0.0263727100,-0.2092160000,0.1220109000,0.9702278000,-0.0041634520,-0.0000505829,-0.0256689200,-0.2040417000,0.1331184000,0.9698693000,0.0000000000,
4010188,1,1.0000000000,3.1946260000,-0.0354749300,0.0013734890,-0.0250459100,-0.1873965000,0.1296104000,0.9736959000,1,1.0000000000,3.1447600000,0.0314653300,-0.0016656040,-0.0263575900,-0.1978782000,0.1179060000,0.9731097000,-0.0041976470,-0.0000464935,-0.0256587800,-0.1922920000,0.1241460000,0.9734534000,0.0000000000,
4010196,1,1.0000000000,3.2173610000,-0.0354155600,0.0013922270,-0.0250678000,-0.1846470000,0.1379855000,0.9730701000,1,1.0000000000,3.1280670000,0.0315274800,-0.0016625210,-0.0263507400,-0.1850462000,0.1246510000,0.9747923000,-0.0040596470,-0.0000386047,-0.0256687200,-0.1848311000,0.1317454000,0.9738997000,0.0000000000,
4010204,1,1.0000000000,3.2610170000,-0.0353426500,0.0014011840,-0.0250885600,-0.1742870000,0.1363382000,0.9752107000,1,1.0000000000,3.1519320000,0.0315927900,-0.0016536560,-0.0263597600,-0.1764846000,0.1211863000,0.9768147000,-0.0033192600,-0.0000603027,-0.0256967300,-0.1753405000,0.1290907000,0.9760078000,0.0000000000,
4010213,1,1.0000000000,3.2301480000,-0.0352823800,0.0014491270,-0.0251991400,-0.1628122000,0.1362160000,0.9772090000,1,1.0000000000,3.1405180000,0.0316456900,-0.0016633610,-0.0263246000,-0.1673762000,0.1210041000,0.9784392000,0.0005691071,-0.0002181397,-0.0258020200,-0.1652693000,0.1280681000,0.9778981000,0.0000000000,
4010221,1,1.0000000000,3.1991420000,-0.0352190600,0.0016001280,-0.0257058700,-0.1431279000,0.1257939000,0.9816773000,1,1.0000000000,3.1278230000,0.0317224900,-0.0016165310,-0.0264120600,-0.1615766000,0.1203013000,0.9795002000,0.0269714400,-0.0013882290,-0.0263619400,-0.1602791000,0.1206976000,0.9796646000,0.0000000000,
4010229,1,1.0000000000,3.1050870000,-0.0352045400,0.0019230500,-0.0267949400,-0.1234896000,0.1136935000,0.9858114000,1,1.0000000000,3.1987610000,0.0317794000,-0.0016436460,-0.0263138400,-0.1508810000,0.1171891000,0.9815812000,0.0317774800,-0.0016435550,-0.0263138600,-0.1508810000,0.1171891000,0.9815812000,0.0000000000,
4010238,1,1.0000000000,3.1443940000,-0.0351442100,0.0019656980,-0.0268905800,-0.1110697000,0.1126719000,0.9874049000,1,1.0000000000,3.1071470000,0.0318514000,-0.0016279450,-0.0262715900,-0.1432507000,0.1198741000,0.9823998000,0.0318514000,-0.0016279450,-0.0262715900,-0.1432507000,0.1198741000,0.9823998000,0.0000000000,
4010246,1,1.0000000000,3.1424100000,-0.0350899800,0.0019836880,-0.0269246200,-0.0940867000,0.1171888000,0.9886428000,1,1.0000000000,3.0342250000,0.0319258600,-0.0016068730,-0.0262661900,-0.1333790000,0.1214465000,0.9835958000,0.0319258600,-0.0016068730,-0.0262661900,-0.1333790000,0.1214465000,0.9835958000,0.0000000000,
4010254,1,1.0000000000,3.0149380000,-0.0348650400,0.0012984310,-0.0245109700,-0.1237496000,0.1347971000,0.9831153000,1,1.0000000000,3.2369540000,0.0319995900,-0.0016057590,-0.0262138500,-0.1240553000,0.1136640000,0.9857438000,0.0319995900,-0.0016057590,-0.0262138500,-0.1240553000,0.1136640000,0.9857438000,0.0000000000,
4010263,1,1.0000000000,3.1670380000,-0.0348185000,0.0012827610,-0.0244649400,-0.1094972000,0.1324464000,0.9851235000,1,1.0000000000,3.1652680000,0.0320782200,-0.0016242070,-0.0261265100,-0.1094978000,0.1161812000,0.9871739000,0.0320782200,-0.0016242070,-0.0261265100,-0.1094978000,0.1161812000,0.9871739000,0.0000000000,
4010271,1,1.0000000000,3.1100010000,-0.0348382000,0.0017572330,-0.0260783200,-0.0562442300,0.1196906000,0.9912168000,1,1.0000000000,3.1327820000,0.0321495200,-0.0015643160,-0.0262930500,-0.0966042900,0.1231091000,0.9876800000,0.0321495200,-0.0015643160,-0.0262930500,-0.0966042900,0.1231091000,0.9876800000,0.0000000000,
4010279,1,1.0000000000,3.2434540000,-0.0347705100,0.0018014370,-0.0262384800,-0.0485235900,0.1133590000,0.9923685000,1,1.0000000000,3.0619200000,0.0322478600,-0.0016625210,-0.0259926600,-0.0902561100,0.1258550000,0.9879344000,0.0322478600,-0.0016625210,-0.0259926600,-0.0902561100,0.1258550000,0.9879344000,0.0000000000,
4010288,1,1.0000000000,3.2158360000,-0.0346800900,0.0018446350,-0.0263908500,-0.0432590400,0.1097269000,0.9930200000,1,1.0000000000,3.1756440000,0.0323189400,-0.0016053930,-0.0262155300,-0.0760963900,0.1222852000,0.9895735000,0.0323189400,-0.0016053930,-0.0262155300,-0.0760963900,0.1222852000,0.9895735000,0.0000000000,
4010296,1,1.0000000000,3.2878720000,-0.0345811500,0.0018863220,-0.0265681300,-0.0290989400,0.1056992000,0.9939722000,1,1.0000000000,3.1267850000,0.0324240600,-0.0016957860,-0.0259278000,-0.0670627100,0.1257178000,0.9897968000,0.0324240600,-0.0016957860,-0.0259278000,-0.0670627100,0.1257178000,0.9897968000,0.0000000000,
4010304,1,1.0000000000,3.3001560000,-0.0343979800,0.0010429380,-0.0238700700,-0.0439606000,0.1341096000,0.9899909000,1,1.0000000000,3.1208650000,0.0324930000,-0.0016212160,-0.0261761900,-0.0498813600,0.1250315000,0.9908981000,0.0324930000,-0.0016212160,-0.0261761900,-0.0498813600,0.1250315000,0.9908981000,0.0000000000,
4010313,1,1.0000000000,3.3534390000,-0.0343263600,0.0010635680,-0.0239598900,-0.0286562500,0.1404126000,0.9896783000,1,1.0000000000,3.2255250000,0.0325613700,-0.0016159670,-0.0261480100,-0.0325472800,0.1158763000,0.9927303000,0.0325613700,-0.0016159670,-0.0261480100,-0.0325472800,0.1158763000,0.9927303000,0.0000000000,
4010321,1,1.0000000000,3.2618100000,-0.0341940200,0.0010407100,-0.0238148800,-0.0212557800,0.1361408000,0.9904615000,1,1.0000000000,3.1382900000,0.0326463500,-0.0016494140,-0.0260631400,-0.0285339900,0.1241457000,0.9918537000,0.0326463500,-0.0016494140,-0.0260631400,-0.0285339900,0.1241457000,0.9918537000,0.0000000000,
4010329,1,1.0000000000,3.3126530000,-0.0341320800,0.0010987240,-0.0239988900,-0.0052796250,0.1397422000,0.9901738000,1,1.0000000000,3.0342410000,0.0327136400,-0.0015830380,-0.0262174700,-0.0099487660,0.1233525000,0.9923131000,0.0327136400,-0.0015830380,-0.0262174700,-0.0099487660,0.1233525000,0.9923131000,0.0000000000,
4010338,1,1.0000000000,3.2717130000,-0.0340546100,0.0009739533,-0.0236869400,0.0095062710,0.1511238000,0.9884691000,1,1.0000000000,3.2064060000,0.0327996200,-0.0016368260,-0.0260713700,0.0021515060,0.1198435000,0.9927905000,0.0327996200,-0.0016368260,-0.0260713700,0.0021515060,0.1198435000,0.9927905000,0.0000000000,
4010346,1,1.0000000000,3.1499330000,-0.0339701000,0.0010593260,-0.0239200600,0.0348513200,0.1430827000,0.9890969000,1,1.0000000000,3.1723630000,0.0328673000,-0.0015785830,-0.0262509900,0.0194398700,0.1270306000,0.9917083000,0.0328673000,-0.0015785830,-0.0262509900,0.0194398700,0.1270306000,0.9917083000,0.0000000000,
4010354,1,1.0000000000,3.1247560000,-0.0338976200,0.0009570313,-0.0235610100,0.0540013400,0.1421827000,0.9883663000,1,1.0000000000,3.2199100000,0.0329683500,-0.0016262060,-0.0260775200,0.0365148100,0.1243915000,0.9915611000,0.0329683500,-0.0016262060,-0.0260775200,0.0365148100,0.1243915000,0.9915611000,0.0000000000,
4010363,1,1.0000000000,3.0558320000,-0.0337901000,0.0010633090,-0.0239312600,0.0665900600,0.1291212000,0.9893904000,1,1.0000000000,3.2146760000,0.0330520200,-0.0017820740,-0.0256063200,0.0573275100,0.1168828000,0.9914898000,0.0330520200,-0.0017820740,-0.0256063200,0.0573275100,0.1168828000,0.9914898000,0.0000000000,
4010371,1,1.0000000000,3.1380310000,-0.0336844700,0.0009896698,-0.0236783200,0.0705425700,0.1325401000,0.9886642000,1,1.0000000000,3.2107700000,0.0331461400,-0.0017018130,-0.0258698700,0.0678870000,0.1198132000,0.9904727000,0.0331452000,-0.0017017820,-0.0258698400,0.0678870000,0.1198132000,0.9904727000,0.0000000000,
4010379,1,1.0000000000,3.1094970000,-0.0335668200,0.0010578460,-0.0239685400,0.0844583600,0.1303421000,0.9878653000,1,1.0000000000,3.2403410000,0.0332499900,-0.0017857970,-0.0256217700,0.0830389900,0.1121835000,0.9902118000,-0.0255475800,0.0007165528,-0.0241669500,0.0842899000,0.1281743000,0.9881632000,0.0000000000,
4010388,1,1.0000000000,3.0678710000,-0.0334500600,0.0010915380,-0.0241254700,0.1019756000,0.1294875000,0.9863235000,1,1.0000000000,3.2585450000,0.0333395100,-0.0016890260,-0.0259617000,0.1003736000,0.1191422000,0.9877906000,-0.0170871100,0.0004103089,-0.0245753300,0.1015943000,0.1269548000,0.9866920000,0.0000000000,
4010396,1,1.0000000000,3.0662990000,-0.0333618500,0.0010058140,-0.0238694300,0.1074073000,0.1377572000,0.9846251000,1,1.0000000000,3.2040860000,0.0334471500,-0.0015449530,-0.0264606500,0.1001899000,0.1154946000,0.9882424000,-0.0263670800,0.0007387543,-0.0241407200,0.1066602000,0.1354387000,0.9850279000,0.0000000000,
4010404,1,1.0000000000,3.1774290000,-0.0332715800,0.0010331420,-0.0239957700,0.1309826000,0.1394360000,0.9815300000,1,1.0000000000,3.1866150000,0.0335284300,-0.0015064090,-0.0266083900,0.1180130000,0.1204087000,0.9856849000,-0.0312146600,0.0009549561,-0.0240762200,0.1305855000,0.1388559000,0.9816651000,0.0000000000,
4010413,1,1.0000000000,3.2445680000,-0.0331537600,0.0011089330,-0.0243238700,0.1381244000,0.1374377000,0.9808326000,1,1.0000000000,3.3129120000,0.0336172500,-0.0016985630,-0.0259961900,0.1394810000,0.1313175000,0.9814789000,-0.0276362600,0.0008769379,-0.0244620700,0.1382307000,0.1369184000,0.9808902000,0.0000000000,
4010421,1,1.0000000000,3.1053770000,-0.0330576800,0.0011904600,-0.0245890700,0.1477972000,0.1323552000,0.9801215000,1,1.0000000000,3.0735170000,0.0336922500,-0.0016296390,-0.0261992300,0.1458764000,0.1307699000,0.9806219000,-0.0199722100,0.0006376191,-0.0249047100,0.1474170000,0.1320360000,0.9802218000,0.0000000000,
4010429,1,1.0000000000,3.1718140000,-0.0329693000,0.0012050630,-0.0246491600,0.1586767000,0.1322941000,0.9784273000,1,1.0000000000,3.2593840000,0.0337770100,-0.0016262060,-0.0262302100,0.1637280000,0.1234445000,0.9787515000,0.0153532300,-0.0008446961,-0.0257937900,0.1623389000,0.1258855000,0.9786720000,0.0000000000,
4010438,1,1.0000000000,3.1566620000,-0.0328886400,0.0012181860,-0.0247101400,0.1751736000,0.1288167000,0.9760740000,1,1.0000000000,3.2311250000,0.0338436600,-0.0016301880,-0.0262231000,0.1805120000,0.1216892000,0.9760160000,0.0195361300,-0.0010194860,-0.0258987100,0.1793683000,0.1232156000,0.9760353000,0.0000000000,
4010446,1,1.0000000000,3.2774350000,-0.0327960800,0.0012131200,-0.0247261700,0.1835360000,0.1309990000,0.9742453000,1,1.0000000000,3.2768400000,0.0339168400,-0.0016492920,-0.0262319700,0.1982904000,0.1220413000,0.9725157000,0.0322066500,-0.0015759130,-0.0261933800,0.1979096000,0.1222706000,0.9725645000,0.0000000000,
4010454,1,1.0000000000,3.1659850000,-0.0327328800,0.0012306820,-0.0247464200,0.1985186000,0.1338818000,0.9709099000,1,1.0000000000,3.3266750000,0.0339818900,-0.0016420140,-0.0262609100,0.2132118000,0.1259007000,0.9688600000,0.0326592000,-0.0015850530,-0.0262308800,0.2129096000,0.1260703000,0.9689044000,0.0000000000,
4010463,1,1.0000000000,3.1618960000,-0.0326411200,0.0012160650,-0.0247645400,0.2014015000,0.1365514000,0.9699439000,1,1.0000000000,3.2280120000,0.0340766500,-0.0016486820,-0.0262766400,0.2191171000,0.1252599000,0.9676248000,0.0337907600,-0.0016364140,-0.0262701600,0.2190432000,0.1253071000,0.9676354000,0.0000000000,
4010471,1,1.0000000000,2.9584960000,-0.0325822000,0.0012129520,-0.0247817900,0.2192718000,0.1313647000,0.9667798000,1,1.0000000000,3.2221980000,0.0341715100,-0.0016674960,-0.0263141300,0.2254504000,0.1368724000,0.9645922000,0.0337824400,-0.0016507110,-0.0263052100,0.2254191000,0.1368414000,0.9646038000,0.0000000000,
4010479,1,1.0000000000,3.1097410000,-0.0324879000,0.0012137300,-0.0248020500,0.2248547000,0.1369026000,0.9647269000,1,1.0000000000,3.2069850000,0.0342499200,-0.0016764680,-0.0263238400,0.2303655000,0.1327688000,0.9640043000,0.0305152300,-0.0015147250,-0.0262386800,0.2300594000,0.1329971000,0.9640459000,0.0000000000,
4010488,1,1.0000000000,3.1624150000,-0.0324417400,0.0012161410,-0.0248141300,0.2413341000,0.1315009000,0.9614912000,1,1.0000000000,3.2895970000,0.0343171800,-0.0016950070,-0.0263315600,0.2348664000,0.1293963000,0.9633766000,0.0170614900,-0.0009425355,-0.0259393500,0.2365457000,0.1299460000,0.9628916000,0.0000000000,
4010496,1,1.0000000000,3.1891020000,-0.0323731200,0.0012054750,-0.0248208300,0.2524594000,0.1258253000,0.9593916000,1,1.0000000000,3.3518680000,0.0343936600,-0.0016939240,-0.0263492000,0.2518960000,0.1252918000,0.9596095000,0.0053918770,-0.0004344941,-0.0256853200,0.2521390000,0.1255354000,0.9595138000,0.0000000000,
4010504,1,1.0000000000,3.1736760000,-0.0323094400,0.0011922910,-0.0248415400,0.2646215000,0.1285418000,0.9557471000,1,1.0000000000,3.3129880000,0.0344564700,-0.0016897430,-0.0263667500,0.2603348000,0.1261161000,0.9572463000,0.0015755620,-0.0002704010,-0.0256156000,0.2624404000,0.1273063000,0.9565136000,0.0000000000,
4010513,1,1.0000000000,3.1558530000,-0.0322161600,0.0011950680,-0.0248694800,0.2641648000,0.1322350000,0.9553695000,1,1.0000000000,3.3665470000,0.0344953900,-0.0016898500,-0.0263716000,0.2605173000,0.1231708000,0.9575801000,-0.0000119324,-0.0001975861,-0.0255946100,0.2624089000,0.1278551000,0.9564490000,0.0000000000,
4010521,1,1.0000000000,3.2993470000,-0.0321419800,0.0011853330,-0.0248750900,0.2662679000,0.1262980000,0.9555889000,1,1.0000000000,3.3345340000,0.0345358900,-0.0016908570,-0.0263814400,0.2682826000,0.1255963000,0.9551178000,0.0049702000,-0.0004155121,-0.0257135000,0.2673820000,0.1259013000,0.9553302000,0.0000000000,
4010529,1,1.0000000000,3.3067470000,-0.0321138800,0.0011845550,-0.0248866400,0.2711061000,0.1306625000,0.9536397000,1,1.0000000000,3.2270510000,0.0345809600,-0.0017011570,-0.0263945800,0.2784283000,0.1240545000,0.9524118000,0.0044214180,-0.0003962250,-0.0257126800,0.2751321000,0.1270451000,0.9529753000,0.0000000000,
4010538,1,1.0000000000,3.3256230000,-0.0320890500,0.0011835330,-0.0248906000,0.2764609000,0.1260691000,0.9527203000,1,1.0000000000,3.2432250000,0.0346116300,-0.0016987460,-0.0264045000,0.2810546000,0.1233533000,0.9517312000,0.0047014160,-0.0004062500,-0.0257256300,0.2789958000,0.1245746000,0.9521778000,0.0000000000,
4010546,1,1.0000000000,3.1996310000,-0.0320623200,0.0011761780,-0.0248952500,0.2801680000,0.1223456000,0.9521226000,1,1.0000000000,3.1656340000,0.0346335200,-0.0017006380,-0.0264052500,0.2849613000,0.1154189000,0.9515648000,0.0052750710,-0.0004343109,-0.0257405700,0.2828539000,0.1184700000,0.9518185000,0.0000000000,
4010554,1,1.0000000000,3.2338410000,-0.0320314700,0.0011692200,-0.0249045400,0.2804290000,0.1280989000,0.9512887000,1,1.0000000000,3.1542660000,0.0346549600,-0.0017058260,-0.0264197300,0.2911852000,0.1179969000,0.9493619000,0.0047130580,-0.0004149323,-0.0257394100,0.2863654000,0.1225297000,0.9502533000,0.0000000000,
4010563,1,1.0000000000,3.2312010000,-0.0320130900,0.0011570740,-0.0249079700,0.2831461000,0.1273059000,0.9505901000,1,1.0000000000,3.2378850000,0.0346739100,-0.0017061310,-0.0264263600,0.3031173000,0.1123358000,0.9463090000,0.0024205630,-0.0003213349,-0.0256919900,0.2934774000,0.1195852000,0.9484569000,0.0000000000,
4010571,1,1.0000000000,3.2450410000,-0.0320065000,0.0011512150,-0.0249104600,0.2863812000,0.1287098000,0.9494312000,1,1.0000000000,3.1366880000,0.0346885500,-0.0017034910,-0.0264382900,0.3152495000,0.1105815000,0.9425442000,0.0017487790,-0.0002935791,-0.0256837200,0.3010302000,0.1195545000,0.9460906000,0.0000000000,
4010579,1,1.0000000000,3.2339320000,-0.0319998900,0.0011453710,-0.0249129500,0.2895088000,0.1299303000,0.9483158000,1,1.0000000000,3.1671140000,0.0347000000,-0.0017123410,-0.0264403200,0.3161941000,0.1102605000,0.9422653000,0.0009952851,-0.0002682800,-0.0256685200,0.3027517000,0.1202248000,0.9454562000,0.0000000000,
4010588,1,1.0000000000,3.2464750000,-0.0319979400,0.0011400150,-0.0249162800,0.2887575000,0.1309052000,0.9484107000,1,1.0000000000,3.2850950000,0.0347044100,-0.0017162020,-0.0264507900,0.3257921000,0.1137549000,0.9385731000,0.0001943817,-0.0002384644,-0.0256568800,0.3067038000,0.1226510000,0.9438694000,0.0000000000,
4010596,1,1.0000000000,3.2352290000,-0.0319963500,0.0011346590,-0.0249196000,0.2887627000,0.1317621000,0.9482905000,1,1.0000000000,3.3195500000,0.0347060400,-0.0017209170,-0.0264482600,0.3241888000,0.1099856000,0.9395769000,-0.0001538086,-0.0002285309,-0.0256493500,0.3057432000,0.1213848000,0.9443446000,0.0000000000,
4010604,1,1.0000000000,3.2348630000,-0.0319981200,0.0011311040,-0.0249197700,0.2893842000,0.1314856000,0.9481394000,1,1.0000000000,3.2843780000,0.0347076700,-0.0017256170,-0.0264501800,0.3252008000,0.1129627000,0.9388738000,0.0001117249,-0.0002440186,-0.0256564700,0.3066878000,0.1225897000,0.9438826000,0.0000000000,
4010613,1,1.0000000000,3.2342680000,-0.0319998900,0.0011275480,-0.0249199400,0.2894488000,0.1312583000,0.9481512000,1,1.0000000000,3.3194430000,0.0347085000,-0.0017279360,-0.0264479500,0.3237209000,0.1100636000,0.9397291000,0.0002149658,-0.0002514191,-0.0256578500,0.3060637000,0.1210491000,0.9442839000,0.0000000000,
4010621,1,1.0000000000,3.2319490000,-0.0320010100,0.0011228330,-0.0249207300,0.2892625000,0.1313026000,0.9482019000,1,1.0000000000,3.2877960000,0.0347076700,-0.0017302400,-0.0264474700,0.3252586000,0.1117256000,0.9390017000,0.0008530274,-0.0002822876,-0.0256726500,0.3070577000,0.1216909000,0.9438786000,0.0000000000,
4010629,1,1.0000000000,3.2340090000,-0.0320021400,0.0011181340,-0.0249207300,0.2890792000,0.1312720000,0.9482620000,1,1.0000000000,3.2843780000,0.0347060400,-0.0017297670,-0.0264466000,0.3241167000,0.1091783000,0.9396960000,0.0017051700,-0.0003208923,-0.0256917400,0.3068562000,0.1201332000,0.9441437000,0.0000000000,
4010638,1,1.0000000000,3.2348940000,-0.0320064700,0.0011153410,-0.0249203400,0.2895215000,0.1316229000,0.9480784000,1,1.0000000000,3.2413790000,0.0346833700,-0.0017231290,-0.0264310900,0.3215684000,0.1052109000,0.9410231000,0.0025371250,-0.0003549042,-0.0257028700,0.3061856000,0.1179668000,0.9446344000,0.0000000000,
4010646,1,1.0000000000,3.2344060000,-0.0320108000,0.0011163480,-0.0249200300,0.2899508000,0.1312881000,0.9479936000,1,1.0000000000,3.2326200000,0.0346704400,-0.0017207640,-0.0264292600,0.3209710000,0.1057289000,0.9411690000,0.0025376890,-0.0003535919,-0.0257019800,0.3060805000,0.1180742000,0.9446550000,0.0000000000,
4010654,1,1.0000000000,3.2321780000,-0.0321232000,0.0011159210,-0.0248851900,0.2897048000,0.1190649000,0.9496813000,1,1.0000000000,3.2741390000,0.0346562800,-0.0017248380,-0.0264149900,0.3103813000,0.1030128000,0.9450142000,0.0025874630,-0.0003606415,-0.0256803400,0.3004798000,0.1107344000,0.9473383000,0.0000000000,
4010663,1,1.0000000000,3.2908170000,-0.0321395100,0.0011201630,-0.0248724800,0.2857542000,0.1173565000,0.9510899000,1,1.0000000000,3.2166900000,0.0346380600,-0.0017213140,-0.0264166300,0.3036228000,0.1120771000,0.9461775000,0.0032256470,-0.0003846588,-0.0256902600,0.2952318000,0.1145648000,0.9485320000,0.0000000000,
4010671,1,1.0000000000,3.2654720000,-0.0321585600,0.0011230930,-0.0248670800,0.2775601000,0.1236127000,0.9527225000,1,1.0000000000,3.2316130000,0.0346181100,-0.0017209020,-0.0264030800,0.2928509000,0.1132219000,0.9494310000,0.0039885870,-0.0004163971,-0.0256985300,0.2858463000,0.1179824000,0.9509848000,0.0000000000,
4010679,1,1.0000000000,3.2748110000,-0.0321975600,0.0011315160,-0.0248571300,0.2778360000,0.1183794000,0.9533066000,1,1.0000000000,3.2459410000,0.0345991800,-0.0017255100,-0.0263862200,0.2809151000,0.1138156000,0.9529600000,0.0044283760,-0.0004350434,-0.0256955600,0.2795286000,0.1158764000,0.9531193000,0.0000000000,
4010688,1,1.0000000000,3.2890010000,-0.0322442200,0.0011412660,-0.0248452000,0.2779560000,0.1138924000,0.9538181000,1,1.0000000000,3.3064120000,0.0345816800,-0.0017230070,-0.0263811800,0.2786600000,0.1171739000,0.9532151000,0.0029585720,-0.0003675843,-0.0256543300,0.2783238000,0.1156173000,0.9535033000,0.0000000000,
4010696,1,1.0000000000,3.3404850000,-0.0322820900,0.0011494290,-0.0248346000,0.2755757000,0.1127633000,0.9546425000,1,1.0000000000,3.2706300000,0.0345577400,-0.0017194370,-0.0263691400,0.2725251000,0.1152052000,0.9552265000,-0.0009158783,-0.0001968537,-0.0255547200,0.2741420000,0.1139080000,0.9549195000,0.0000000000,
4010704,1,1.0000000000,3.3509670000,-0.0323425800,0.0011473240,-0.0248167700,0.2702513000,0.1062939000,0.9569043000,1,1.0000000000,3.3999790000,0.0344920400,-0.0017066350,-0.0263600600,0.2672448000,0.1151896000,0.9567192000,-0.0011983950,-0.0001825867,-0.0255359400,0.2688621000,0.1104440000,0.9568256000,0.0000000000,
4010713,1,1.0000000000,3.2851410000,-0.0324784900,0.0011601410,-0.0247802300,0.2431219000,0.1115434000,0.9635610000,1,1.0000000000,3.4322510000,0.0343905100,-0.0017145540,-0.0263129700,0.2359345000,0.1100936000,0.9655125000,-0.0012663120,-0.0001816559,-0.0254956700,0.2397655000,0.1108723000,0.9644791000,0.0000000000,
4010721,1,1.0000000000,3.3218080000,-0.0325544000,0.0011690520,-0.0247649700,0.2547342000,0.1161822000,0.9600064000,1,1.0000000000,3.4886470000,0.0343381400,-0.0017023470,-0.0263066000,0.2450431000,0.1036844000,0.9639520000,-0.0006570587,-0.0002001495,-0.0255000900,0.2501233000,0.1102300000,0.9619188000,0.0000000000,
4010729,1,1.0000000000,3.3657530000,-0.0325769500,0.0011804350,-0.0247640400,0.2558638000,0.1164571000,0.9596726000,1,1.0000000000,3.5566560000,0.0343031300,-0.0016785580,-0.0263050700,0.2486127000,0.1073461000,0.9626362000,0.0000417786,-0.0002139435,-0.0255156300,0.2523380000,0.1120163000,0.9611337000,0.0000000000,
4010738,1,1.0000000000,3.3417050000,-0.0326086600,0.0011901860,-0.0247582700,0.2546557000,0.1138771000,0.9603033000,1,1.0000000000,3.5031130000,0.0342759400,-0.0016743930,-0.0262800900,0.2376570000,0.0933995900,0.9668483000,0.0002425995,-0.0002167816,-0.0255057400,0.2463414000,0.1038223000,0.9636062000,0.0000000000,
4010746,1,1.0000000000,3.3740080000,-0.0326393600,0.0011935880,-0.0247499600,0.2409554000,0.1208516000,0.9629825000,1,1.0000000000,3.4544530000,0.0342583300,-0.0016668240,-0.0262761200,0.2326209000,0.0983889600,0.9675779000,0.0003204041,-0.0002156983,-0.0255018800,0.2368630000,0.1097874000,0.9653200000,0.0000000000,
4010754,1,1.0000000000,3.1833650000,-0.0326551400,0.0011876220,-0.0247188600,0.2257405000,0.1112681000,0.9678123000,1,1.0000000000,3.4568330000,0.0342320900,-0.0016560670,-0.0262728700,0.2272379000,0.1042041000,0.9682482000,0.0012038120,-0.0002518768,-0.0255055200,0.2265027000,0.1076971000,0.9680381000,0.0000000000,
4010763,1,1.0000000000,3.2531430000,-0.0326641100,0.0011876530,-0.0247165400,0.2200965000,0.1177998000,0.9683391000,1,1.0000000000,3.3896180000,0.0342119300,-0.0016510620,-0.0262690900,0.2277553000,0.1000683000,0.9685628000,0.0015542150,-0.0002648163,-0.0255109300,0.2240311000,0.1087349000,0.9684972000,0.0000000000,
4010771,1,1.0000000000,3.2318570000,-0.0326730800,0.0011876830,-0.0247142200,0.2141586000,0.1237801000,0.9689244000,1,1.0000000000,3.4170530000,0.0341821600,-0.0016490330,-0.0262459400,0.2171337000,0.0934911100,0.9716544000,0.0022152710,-0.0002926483,-0.0255135500,0.2157298000,0.1079870000,0.9704636000,0.0000000000,
4010779,1,1.0000000000,3.2902220000,-0.0327384800,0.0011985020,-0.0246778100,0.2148773000,0.1174180000,0.9695570000,1,1.0000000000,3.3881230000,0.0341336200,-0.0016351620,-0.0262389700,0.2192094000,0.1067055000,0.9698253000,0.0026415250,-0.0003006897,-0.0255037700,0.2171643000,0.1117560000,0.9697166000,0.0000000000,
4010788,1,1.0000000000,3.3326420000,-0.0327659800,0.0011953130,-0.0246528900,0.2058872000,0.1202242000,0.9711625000,1,1.0000000000,3.3734740000,0.0340987700,-0.0016228330,-0.0262429200,0.2205211000,0.1219183000,0.9677325000,0.0038894500,-0.0003495941,-0.0255245500,0.2139153000,0.1211561000,0.9693097000,0.0000000000,
4010796,1,1.0000000000,3.3262940000,-0.0327883500,0.0011883090,-0.0246460300,0.2080554000,0.1191417000,0.9708338000,1,1.0000000000,3.4264980000,0.0340779300,-0.0016338810,-0.0262157500,0.2099029000,0.1180895000,0.9705646000,0.0036317450,-0.0003488465,-0.0255010100,0.2090640000,0.1185627000,0.9706880000,0.0000000000,
4010804,1,1.0000000000,3.4055790000,-0.0328204800,0.0011580810,-0.0245766000,0.1995558000,0.1123360000,0.9734260000,1,1.0000000000,3.3120420000,0.0340550100,-0.0016428070,-0.0261965800,0.1997401000,0.1143203000,0.9731571000,0.0067812810,-0.0005005188,-0.0255359100,0.1996645000,0.1135120000,0.9732673000,0.0000000000,
4010813,1,1.0000000000,3.3343810000,-0.0328522200,0.0011434630,-0.0245408200,0.1940625000,0.1177375000,0.9738982000,1,1.0000000000,3.4558410000,0.0340291600,-0.0016378330,-0.0261973100,0.1974211000,0.1119401000,0.9739067000,0.0102243700,-0.0006478882,-0.0256077100,0.1962313000,0.1140003000,0.9739082000,0.0000000000,
4010821,1,1.0000000000,3.2333680000,-0.0328885100,0.0011353150,-0.0244999200,0.1914077000,0.1150979000,0.9747387000,1,1.0000000000,3.2860110000,0.0340061400,-0.0016443180,-0.0261813500,0.1911328000,0.1031806000,0.9761261000,0.0128813900,-0.0007665253,-0.0256503800,0.1912250000,0.1069499000,0.9757022000,0.0000000000,
4010829,1,1.0000000000,3.2667390000,-0.0329277400,0.0011262510,-0.0244557700,0.1893324000,0.1186074000,0.9747233000,1,1.0000000000,3.4716190000,0.0339779400,-0.0016463930,-0.0261589100,0.1778588000,0.1051497000,0.9784220000,0.0171956500,-0.0009509125,-0.0257317100,0.1807434000,0.1085223000,0.9775248000,0.0000000000,
4010838,1,1.0000000000,3.2687680000,-0.0329634900,0.0011134190,-0.0243988100,0.1864022000,0.1204992000,0.9750560000,1,1.0000000000,3.4228210000,0.0339603400,-0.0016525270,-0.0261659600,0.1737997000,0.1082166000,0.9788171000,0.0211770800,-0.0011241910,-0.0258284200,0.1762093000,0.1105657000,0.9781234000,0.0000000000,
4010846,1,1.0000000000,3.3086550000,-0.0329985200,0.0010649260,-0.0242348500,0.1786065000,0.1260545000,0.9758125000,1,1.0000000000,3.3999020000,0.0339276000,-0.0016577610,-0.0261287200,0.1726085000,0.1034400000,0.9795440000,0.0262544900,-0.0013455960,-0.0259115900,0.1733122000,0.1060351000,0.9791422000,0.0000000000,
4010854,1,1.0000000000,3.3153990000,-0.0330337100,0.0009586335,-0.0238844200,0.1660168000,0.1306925000,0.9774241000,1,1.0000000000,3.3863220000,0.0338948700,-0.0016212310,-0.0262124500,0.1662627000,0.1043262000,0.9805471000,0.0324986900,-0.0015674130,-0.0261638800,0.1662606000,0.1048742000,0.9804891000,0.0000000000,
4010863,1,1.0000000000,3.3678280000,-0.0330758700,0.0009309235,-0.0237903000,0.1620812000,0.1383229000,0.9770345000,1,1.0000000000,3.5144350000,0.0338579700,-0.0016546940,-0.0260807500,0.1677870000,0.1035470000,0.9803701000,0.0336750800,-0.0016476290,-0.0260745000,0.1677731000,0.1036394000,0.9803627000,0.0000000000,
4010871,1,1.0000000000,3.2554470000,-0.0331315300,0.0009233246,-0.0237308800,0.1534288000,0.1235671000,0.9804034000,1,1.0000000000,3.4485930000,0.0338213200,-0.0016833340,-0.0259692400,0.1601571000,0.0975499800,0.9822595000,0.0337732700,-0.0016814580,-0.0259676400,0.1601420000,0.0975653300,0.9822604000,0.0000000000,
4010879,1,1.0000000000,3.2931370000,-0.0331663500,0.0009430848,-0.0237899300,0.1501624000,0.1302344000,0.9800460000,1,1.0000000000,3.4986420000,0.0337850500,-0.0016596380,-0.0260585200,0.1578996000,0.1025859000,0.9821119000,0.0337565600,-0.0016585390,-0.0260575600,0.1578996000,0.1025859000,0.9821119000,0.0000000000,
4010888,1,1.0000000000,3.2959590000,-0.0332083900,0.0008339692,-0.0234572000,0.1458916000,0.1302969000,0.9806826000,1,1.0000000000,3.4180300000,0.0337559100,-0.0016764370,-0.0260241600,0.1499340000,0.0962379200,0.9840010000,0.0337447500,-0.0016760100,-0.0260237300,0.1499338000,0.0962530300,0.9839996000,0.0000000000,
4010896,1,1.0000000000,3.3045350000,-0.0332537300,0.0008434906,-0.0234742000,0.1437839000,0.1260073000,0.9815540000,1,1.0000000000,3.4370120000,0.0337147700,-0.0016800690,-0.0260117800,0.1389030000,0.0948959300,0.9857488000,0.0336997800,-0.0016795050,-0.0260112200,0.1389030000,0.0948959300,0.9857488000,0.0000000000,
4010904,1,1.0000000000,3.2553560000,-0.0333002500,0.0009326020,-0.0238010300,0.1358955000,0.1244971000,0.9828697000,1,1.0000000000,3.4191440000,0.0336835200,-0.0015795750,-0.0263516300,0.1276406000,0.0955816700,0.9872042000,0.0335035700,-0.0015728300,-0.0263447700,0.1276566000,0.0956585100,0.9871946000,0.0000000000,
4010913,1,1.0000000000,3.3597410000,-0.0333302000,0.0009278412,-0.0238054800,0.1283430000,0.1235517000,0.9840035000,1,1.0000000000,3.4158780000,0.0336590600,-0.0015742190,-0.0263731100,0.1202552000,0.0947576000,0.9882104000,0.0299785300,-0.0014367370,-0.0262320400,0.1206984000,0.0963451100,0.9880028000,0.0000000000,
4010921,1,1.0000000000,3.1163330000,-0.0333637400,0.0008669892,-0.0235901700,0.1259620000,0.1249396000,0.9841360000,1,1.0000000000,3.4662930000,0.0336270900,-0.0016434330,-0.0261709300,0.1155104000,0.0992138500,0.9883390000,0.0195585200,-0.0011162260,-0.0256289500,0.1177068000,0.1046147000,0.9875226000,0.0000000000,
4010929,1,1.0000000000,3.3056180000,-0.0333898900,0.0009356842,-0.0238114200,0.1089485000,0.1268319000,0.9859228000,1,1.0000000000,3.4777980000,0.0335744200,-0.0016953740,-0.0260138700,0.1121378000,0.0987099300,0.9887778000,0.0018624880,-0.0004493866,-0.0249708600,0.1106421000,0.1120460000,0.9875242000,0.0000000000,
4010938,1,1.0000000000,3.1595000000,-0.0334308500,0.0009718781,-0.0239346800,0.1046148000,0.1194770000,0.9873100000,1,1.0000000000,3.4380490000,0.0335369000,-0.0015511480,-0.0264604800,0.0996403800,0.1085973000,0.9890796000,-0.0115302600,0.0001467590,-0.0247607000,0.1029821000,0.1159217000,0.9879053000,0.0000000000,
4010946,1,1.0000000000,3.2131500000,-0.0334529600,0.0009784698,-0.0239473300,0.1012888000,0.1233837000,0.9871763000,1,1.0000000000,3.3632810000,0.0335067800,-0.0014824680,-0.0266470100,0.0836038700,0.1000225000,0.9914665000,-0.0254083300,0.0006828003,-0.0242716700,0.0991675300,0.1205757000,0.9877385000,0.0000000000,
4010954,1,1.0000000000,3.2322850000,-0.0334750700,0.0009718781,-0.0239346800,0.0979324500,0.1232319000,0.9875339000,1,1.0000000000,3.2819820000,0.0334584800,-0.0015231020,-0.0265004400,0.0798655700,0.1037459000,0.9913921000,-0.0239942500,0.0006184693,-0.0242981100,0.0953835400,0.1204845000,0.9881222000,0.0000000000,
4010963,1,1.0000000000,3.2314300000,-0.0335754700,0.0009700470,-0.0238633600,0.0910345500,0.1198586000,0.9886084000,1,1.0000000000,3.4277800000,0.0333997300,-0.0016495360,-0.0260380400,0.0785072500,0.1023265000,0.9916481000,-0.0234807100,0.0005752106,-0.0241911300,0.0891425000,0.1172189000,0.9890972000,0.0000000000,
4010971,1,1.0000000000,3.2856900000,-0.0336288300,0.0009867707,-0.0239279600,0.0819253600,0.1240554000,0.9888875000,1,1.0000000000,3.3771210000,0.0333445700,-0.0016811520,-0.0259039200,0.0779423100,0.1013189000,0.9917961000,-0.0313327300,0.0008952942,-0.0239957100,0.0817881800,0.1232774000,0.9889961000,0.0000000000,
4010979,1,1.0000000000,3.1884000000,-0.0336818900,0.0009464875,-0.0238211500,0.0812080300,0.1169139000,0.9898163000,1,1.0000000000,3.3650970000,0.0332965700,-0.0017579800,-0.0256790900,0.0722047700,0.0976107200,0.9926020000,-0.0333804200,0.0009343110,-0.0238295100,0.0811622000,0.1168223000,0.9898310000,0.0000000000,
4010988,1,1.0000000000,3.1963810000,-0.0337266000,0.0009070893,-0.0236895800,0.0761728000,0.1139082000,0.9905668000,1,1.0000000000,3.3712460000,0.0332630300,-0.0017218630,-0.0257503700,0.0641487900,0.0981610900,0.9931008000,-0.0335369300,0.0008996430,-0.0236954200,0.0761265300,0.1138617000,0.9905757000,0.0000000000,
4010996,1,1.0000000000,3.1974790000,-0.0337780300,0.0009309693,-0.0237620700,0.0794380300,0.1087962000,0.9908850000,1,1.0000000000,3.4448240000,0.0332249200,-0.0017391360,-0.0256754200,0.0563516100,0.0887160100,0.9944617000,-0.0336317000,0.0009251404,-0.0237662500,0.0793765800,0.1087499000,0.9908949000,0.0000000000,
4011004,1,1.0000000000,3.2371670000,-0.0338225000,0.0009808351,-0.0239201100,0.0628359200,0.1245427000,0.9902226000,1,1.0000000000,3.4375920000,0.0331692500,-0.0018209230,-0.0254782600,0.0578466800,0.1035015000,0.9929457000,-0.0337896100,0.0009794617,-0.0239208700,0.0628207200,0.1245428000,0.9902235000,0.0000000000,
4011013,1,1.0000000000,3.2668910000,-0.0338342000,0.0009773102,-0.0238976800,0.0594948700,0.1206988000,0.9909047000,1,1.0000000000,3.4556120000,0.0331151300,-0.0017857820,-0.0255819600,0.0523378700,0.0962833700,0.9939770000,-0.0338242400,0.0009768982,-0.0238979300,0.0594949800,0.1206837000,0.9909066000,0.0000000000,
4011021,1,1.0000000000,3.2956390000,-0.0338459000,0.0009808351,-0.0239154400,0.0562139900,0.1187757000,0.9913285000,1,1.0000000000,3.4040370000,0.0330786100,-0.0017095490,-0.0257301900,0.0492096100,0.0917206000,0.9945681000,-0.0337938300,0.0009787446,-0.0239168600,0.0562140900,0.1187607000,0.9913303000,0.0000000000,
4011029,1,1.0000000000,3.3192440000,-0.0338619700,0.0009790345,-0.0238953400,0.0503700600,0.1210804000,0.9913639000,1,1.0000000000,3.3740390000,0.0330425000,-0.0015859070,-0.0260741100,0.0377811100,0.0912484100,0.9951112000,-0.0334386900,0.0009627991,-0.0239091300,0.0502935500,0.1208968000,0.9913902000,0.0000000000,
4011038,1,1.0000000000,3.3084720000,-0.0338780400,0.0009772186,-0.0238752500,0.0445105200,0.1196306000,0.9918202000,1,1.0000000000,3.4174960000,0.0330023500,-0.0017209930,-0.0257611300,0.0405126000,0.1015943000,0.9940007000,-0.0281359300,0.0007455598,-0.0240371600,0.0441748800,0.1180896000,0.9920199000,0.0000000000,
4011046,1,1.0000000000,3.3253170000,-0.0339033700,0.0009790345,-0.0238953400,0.0461584900,0.1215227000,0.9915148000,1,1.0000000000,3.4839780000,0.0329821900,-0.0017051090,-0.0258226500,0.0327763400,0.1041885000,0.9940174000,-0.0218804300,0.0004965363,-0.0242417800,0.0437474500,0.1184096000,0.9920006000,0.0000000000,
4011054,1,1.0000000000,3.3423160000,-0.0339287000,0.0009808351,-0.0239154400,0.0477910100,0.1233991000,0.9912057000,1,1.0000000000,3.4531250000,0.0329602200,-0.0016818700,-0.0258908700,0.0310824100,0.1043252000,0.9940574000,-0.0216898000,0.0004936371,-0.0242768900,0.0447394300,0.1199206000,0.9917749000,0.0000000000,
4011063,1,1.0000000000,3.3658910000,-0.0339591100,0.0009857789,-0.0239177700,0.0472720300,0.1232613000,0.9912477000,1,1.0000000000,3.4584810000,0.0329366600,-0.0016811070,-0.0258800700,0.0223238400,0.1036388000,0.9943644000,-0.0242815000,0.0005999603,-0.0242016600,0.0436707200,0.1204225000,0.9917617000,0.0000000000,
4011071,1,1.0000000000,3.3894500000,-0.0339895000,0.0009907074,-0.0239154400,0.0467384200,0.1228962000,0.9913183000,1,1.0000000000,3.5534060000,0.0329175300,-0.0016928560,-0.0258391400,0.0295107400,0.1034707000,0.9941946000,-0.0289233700,0.0007875061,-0.0240611000,0.0454412500,0.1214310000,0.9915591000,0.0000000000,
4011079,1,1.0000000000,3.3962400000,-0.0339929800,0.0009908295,-0.0239066900,0.0402374800,0.1224825000,0.9916547000,1,1.0000000000,3.4661870000,0.0329057300,-0.0017110290,-0.0257943300,0.0264282800,0.1003573000,0.9946004000,-0.0285772900,0.0007720948,-0.0240595100,0.0391085000,0.1206977000,0.9919186000,0.0000000000,
4011088,1,1.0000000000,3.4031070000,-0.0339964600,0.0009909363,-0.0238979500,0.0337222300,0.1221630000,0.9919370000,1,1.0000000000,3.4316560000,0.0329020400,-0.0017091370,-0.0257985600,0.0243226000,0.1031040000,0.9943732000,-0.0213839300,0.0004818878,-0.0242562700,0.0319523600,0.1185777000,0.9924305000,0.0000000000,
4011096,1,1.0000000000,3.4134060000,-0.0339970000,0.0010050810,-0.0238973100,0.0298923100,0.1192641000,0.9924125000,1,1.0000000000,3.4688720000,0.0328983500,-0.0017072300,-0.0258027800,0.0222017400,0.1062784000,0.9940885000,-0.0157072200,0.0002635040,-0.0244182900,0.0277864000,0.1157080000,0.9928945000,0.0000000000,
4011104,1,1.0000000000,3.4237060000,-0.0339975100,0.0010192260,-0.0238966800,0.0260468000,0.1165316000,0.9928454000,1,1.0000000000,3.4538270000,0.0328966400,-0.0017091370,-0.0257985600,0.0215914900,0.1063553000,0.9940938000,-0.0145289900,0.0002251740,-0.0244502000,0.0247500400,0.1135725000,0.9932214000,0.0000000000,
4011113,1,1.0000000000,3.4267120000,-0.0340078400,0.0010249330,-0.0238937800,0.0233920000,0.1153120000,0.9930539000,1,1.0000000000,3.4584660000,0.0328983500,-0.0017105710,-0.0257943300,0.0218204200,0.1064318000,0.9940805000,-0.0055336910,-0.0001392365,-0.0247026200,0.0227206900,0.1115435000,0.9934998000,0.0000000000,
4011121,1,1.0000000000,3.4223480000,-0.0340181700,0.0010306400,-0.0238908900,0.0207216200,0.1139995000,0.9932647000,1,1.0000000000,3.4636840000,0.0328983500,-0.0017108000,-0.0257885900,0.0211030800,0.1053628000,0.9942099000,-0.0051800390,-0.0001507874,-0.0247087100,0.0208895700,0.1102768000,0.9936814000,0.0000000000,
4011129,1,1.0000000000,3.4304050000,-0.0340461300,0.0010306400,-0.0238833800,0.0235597200,0.1137397000,0.9932312000,1,1.0000000000,3.4585110000,0.0328983600,-0.0017110290,-0.0257828500,0.0218966300,0.1058820000,0.9941376000,-0.0055708010,-0.0001355438,-0.0246913300,0.0228577300,0.1103977000,0.9936246000,0.0000000000,
4011138,1,1.0000000000,3.4429630000,-0.0340638100,0.0010306400,-0.0238833800,0.0263064500,0.1138929000,0.9931447000,1,1.0000000000,3.4639590000,0.0329014800,-0.0017108000,-0.0257884500,0.0214539600,0.1061864000,0.9941148000,-0.0030699160,-0.0002381897,-0.0247651100,0.0240634300,0.1103225000,0.9936045000,0.0000000000,
4011146,1,1.0000000000,3.4578090000,-0.0340638100,0.0010328060,-0.0238792300,0.0179596900,0.1151587000,0.9931847000,1,1.0000000000,3.4590760000,0.0329046000,-0.0017105710,-0.0257940400,0.0210266400,0.1064455000,0.9940962000,-0.0007478028,-0.0003319855,-0.0248318300,0.0194857000,0.1108259000,0.9936488000,0.0000000000,
4011154,1,1.0000000000,3.4575960000,-0.0340638100,0.0010351560,-0.0238792300,0.0179597200,0.1144875000,0.9932624000,1,1.0000000000,3.4598540000,0.0329563600,-0.0017292630,-0.0257486700,0.0181885200,0.1033480000,0.9944789000,-0.0009023896,-0.0003326569,-0.0248042300,0.0180666600,0.1089798000,0.9938798000,0.0000000000,
4011162,1,1.0000000000,3.4586180000,-0.0340638100,0.0010373990,-0.0238833800,0.0179748600,0.1142731000,0.9932867000,1,1.0000000000,3.4204410000,0.0329711600,-0.0017370300,-0.0257310800,0.0158692300,0.0959477800,0.9952599000,-0.0025443570,-0.0002671204,-0.0247521500,0.0169832100,0.1056530000,0.9942580000,0.0000000000,
4011171,1,1.0000000000,3.4585110000,-0.0340638100,0.0010390320,-0.0238833800,0.0179750400,0.1139233000,0.9933270000,1,1.0000000000,3.4751430000,0.0329853900,-0.0017324220,-0.0257382800,0.0218050100,0.1024332000,0.9945009000,-0.0038414920,-0.0002101898,-0.0247194700,0.0196992900,0.1087352000,0.9938756000,0.0000000000,
4011179,1,1.0000000000,3.4887240000,-0.0340638100,0.0010401310,-0.0238833800,0.0179902000,0.1139684000,0.9933214000,1,1.0000000000,3.4887240000,0.0330005700,-0.0017154240,-0.0257878900,0.0179292200,0.0936287000,0.9954457000,-0.0038298340,-0.0002021179,-0.0247419800,0.0179597300,0.1047982000,0.9943313000,0.0000000000,
4011187,1,1.0000000000,3.4883420000,-0.0340638100,0.0010401310,-0.0238833800,0.0179901600,0.1122440000,0.9935178000,1,1.0000000000,3.4124450000,0.0330184500,-0.0016116940,-0.0260253600,0.0219577200,0.0865949000,0.9960016000,-0.0105642100,0.0001111603,-0.0246337300,0.0193939800,0.1032718000,0.9944641000,0.0000000000,
4011196,1,1.0000000000,3.4916990000,-0.0340638100,0.0010413060,-0.0238833800,0.0180054000,0.1119844000,0.9935468000,1,1.0000000000,3.4002080000,0.0330225100,-0.0016526640,-0.0259340500,0.0241550500,0.0921340400,0.9954536000,-0.0174968100,0.0003760224,-0.0243897900,0.0195161700,0.1070872000,0.9940581000,0.0000000000,
4011204,1,1.0000000000,3.4917140000,-0.0340604600,0.0010417790,-0.0238908900,0.0173494300,0.1122754000,0.9935257000,1,1.0000000000,3.3987270000,0.0330265700,-0.0016895140,-0.0258510700,0.0262910400,0.0974431600,0.9948938000,-0.0187274900,0.0004175263,-0.0243389000,0.0193942000,0.1088883000,0.9938648000,0.0000000000,
4011212,1,1.0000000000,3.4884950000,-0.0340473400,0.0010418240,-0.0238966800,0.0193482200,0.1125493000,0.9934578000,1,1.0000000000,3.4020840000,0.0330340300,-0.0016638340,-0.0259272600,0.0257263800,0.0939791100,0.9952417000,-0.0214544400,0.0005339051,-0.0242778800,0.0205536200,0.1090700000,0.9938216000,0.0000000000,
4011221,1,1.0000000000,3.4879460000,-0.0340327600,0.0010418240,-0.0238833800,0.0185547200,0.1118929000,0.9935470000,1,1.0000000000,3.4048920000,0.0330415100,-0.0016381530,-0.0260034500,0.0251314400,0.0906227200,0.9955681000,-0.0247773000,0.0006720123,-0.0241759200,0.0194703000,0.1089635000,0.9938551000,0.0000000000,
4011229,1,1.0000000000,3.4881290000,-0.0340170700,0.0010401310,-0.0238790000,0.0198061700,0.1117111000,0.9935434000,1,1.0000000000,3.4081880000,0.0330491200,-0.0016249240,-0.0260144100,0.0249636100,0.0879372200,0.9958131000,-0.0268393700,0.0007549134,-0.0241075500,0.0203706600,0.1091776000,0.9938135000,0.0000000000,
4011237,1,1.0000000000,3.4881130000,-0.0339984400,0.0010401310,-0.0238790000,0.0172272200,0.1110080000,0.9936702000,1,1.0000000000,3.4126130000,0.0330567500,-0.0016266180,-0.0260253600,0.0247804000,0.0882115000,0.9957935000,-0.0261680600,0.0007287140,-0.0241296600,0.0181122800,0.1083532000,0.9939474000,0.0000000000,
4011246,1,1.0000000000,3.4870610000,-0.0339847600,0.0010401310,-0.0238790000,0.0212405000,0.1082777000,0.9938937000,1,1.0000000000,3.4302830000,0.0330627000,-0.0016323850,-0.0260144100,0.0288394500,0.0875864800,0.9957393000,-0.0222849400,0.0005737763,-0.0242516300,0.0225678500,0.1046605000,0.9942520000,0.0000000000,
4011254,1,1.0000000000,3.4868620000,-0.0339681400,0.0010401310,-0.0238790000,0.0237122300,0.1078495000,0.9938844000,1,1.0000000000,3.4128570000,0.0330686300,-0.0016381530,-0.0260034500,0.0329135700,0.0873728000,0.9956318000,-0.0170567300,0.0003644715,-0.0244149300,0.0260316100,0.1026769000,0.9943741000,0.0000000000,
4011262,1,1.0000000000,3.4873200000,-0.0339286400,0.0010401310,-0.0238790000,0.0290375900,0.1076664000,0.9937630000,1,1.0000000000,3.4088900000,0.0330748000,-0.0016474460,-0.0259969800,0.0323182600,0.0885318900,0.9955489000,-0.0102349200,0.0000897522,-0.0246279600,0.0301973500,0.1009071000,0.9944375000,0.0000000000,
4011271,1,1.0000000000,3.4873960000,-0.0339280300,0.0010401310,-0.0238676000,0.0290071900,0.1070718000,0.9938281000,1,1.0000000000,3.4138950000,0.0330809500,-0.0016567540,-0.0259905000,0.0317232100,0.0897527300,0.9954588000,-0.0094101410,0.0000533600,-0.0246443500,0.0299992200,0.1007400000,0.9944604000,0.0000000000,
4011279,1,1.0000000000,3.4954830000,-0.0339135600,0.0009418793,-0.0236658900,0.0296631800,0.1151279000,0.9929077000,1,1.0000000000,3.4094240000,0.0330877700,-0.0016598820,-0.0259902200,0.0304417500,0.0899214300,0.9954835000,0.0001288757,-0.0003800354,-0.0248468500,0.0300599200,0.1023258000,0.9942967000,0.0000000000,
4011287,1,1.0000000000,3.4965210000,-0.0339009300,0.0009247437,-0.0236464200,0.0291600000,0.1167163000,0.9927371000,1,1.0000000000,3.4053190000,0.0330945900,-0.0016630100,-0.0259899300,0.0291446200,0.0908976400,0.9954337000,0.0159041600,-0.0009990082,-0.0253886100,0.0291445800,0.0975199000,0.9948068000,0.0000000000,
4011296,1,1.0000000000,3.4830170000,-0.0338936800,0.0009091187,-0.0236464200,0.0288546700,0.1190198000,0.9924725000,1,1.0000000000,3.3981320000,0.0331006200,-0.0016598820,-0.0259902200,0.0294497300,0.0898140600,0.9955230000,0.0232450600,-0.0012819520,-0.0256454200,0.0293734800,0.0941172000,0.9951277000,0.0000000000,
4011304,1,1.0000000000,3.4562530000,-0.0338816500,0.0009087830,-0.0236464200,0.0316164300,0.1166695000,0.9926674000,1,1.0000000000,3.3917080000,0.0331066300,-0.0016630100,-0.0259899300,0.0297703800,0.0899672900,0.9954997000,0.0261241800,-0.0013949430,-0.0257456500,0.0299534200,0.0927594800,0.9952379000,0.0000000000,
4011312,1,1.0000000000,3.4555360000,-0.0338747100,0.0009082184,-0.0236419200,0.0313265200,0.1149148000,0.9928813000,1,1.0000000000,3.3815310000,0.0331167500,-0.0016775820,-0.0259652600,0.0309145500,0.0911872300,0.9953538000,0.0270269900,-0.0014425200,-0.0257540600,0.0309602500,0.0933385000,0.9951530000,0.0000000000,
4011321,1,1.0000000000,3.4546200000,-0.0338736100,0.0009068146,-0.0236413700,0.0325472200,0.1124428000,0.9931250000,1,1.0000000000,3.3727720000,0.0331258100,-0.0016630100,-0.0259899300,0.0315098100,0.0871745900,0.9956946000,0.0265624900,-0.0014112700,-0.0257598600,0.0316162800,0.0896608500,0.9954704000,0.0000000000,
4011329,1,1.0000000000,3.4544980000,-0.0338736100,0.0009044800,-0.0236302700,0.0341646600,0.1112831000,0.9932013000,1,1.0000000000,3.3726960000,0.0331325500,-0.0016630100,-0.0259899300,0.0312348000,0.0870515400,0.9957140000,0.0241810000,-0.0013200070,-0.0256747000,0.0316316700,0.0902868200,0.9954134000,0.0000000000,
4011337,1,1.0000000000,3.4230350000,-0.0338736100,0.0009034272,-0.0236288800,0.0370180600,0.1111915000,0.9931093000,1,1.0000000000,3.3719020000,0.0331410100,-0.0016630100,-0.0259899300,0.0296328300,0.0866554500,0.9957975000,0.0181951800,-0.0010906370,-0.0254633700,0.0312805400,0.0921326400,0.9952553000,0.0000000000,
4011346,1,1.0000000000,3.4228520000,-0.0338736100,0.0009010315,-0.0236277000,0.0431677000,0.1116348000,0.9928113000,1,1.0000000000,3.3591610000,0.0331423400,-0.0016775820,-0.0259652600,0.0312961400,0.0853281500,0.9958612000,0.0075723420,-0.0006937103,-0.0250733500,0.0358282000,0.0953689200,0.9947971000,0.0000000000,
4011354,1,1.0000000000,3.4201810000,-0.0338736100,0.0009004059,-0.0236073200,0.0431216100,0.1103523000,0.9929566000,1,1.0000000000,3.3581390000,0.0331423400,-0.0016801450,-0.0259639300,0.0313418800,0.0826119400,0.9960888000,-0.0001396637,-0.0003985596,-0.0247935700,0.0372010200,0.0964052800,0.9946467000,0.0000000000,
4011362,1,1.0000000000,3.4188230000,-0.0338736100,0.0009000702,-0.0236073200,0.0431369900,0.1078196000,0.9932342000,1,1.0000000000,3.3580170000,0.0331423400,-0.0016801450,-0.0259639300,0.0316622700,0.0823219000,0.9961027000,-0.0002066193,-0.0003961487,-0.0247912100,0.0373843000,0.0950171600,0.9947734000,0.0000000000,
4011371,1,1.0000000000,3.4181520000,-0.0338736100,0.0008998414,-0.0236073200,0.0431369100,0.1071327000,0.9933085000,1,1.0000000000,3.3573610000,0.0331423400,-0.0016846920,-0.0259629200,0.0316928000,0.0811927500,0.9961944000,0.0000014038,-0.0004065704,-0.0247980200,0.0373538700,0.0940408200,0.9948673000,0.0000000000,
4011379,1,1.0000000000,3.4178770000,-0.0338736100,0.0008975983,-0.0236073200,0.0431520300,0.1060185000,0.9934274000,1,1.0000000000,3.3411410000,0.0331423400,-0.0016852720,-0.0259525200,0.0317691500,0.0794381200,0.9963334000,-0.0000623169,-0.0004055176,-0.0247905300,0.0374146700,0.0926211400,0.9949982000,0.0000000000,
4011387,1,1.0000000000,3.4089970000,-0.0338762400,0.0008903809,-0.0236073200,0.0436560100,0.1074234000,0.9932544000,1,1.0000000000,3.3572850000,0.0331423400,-0.0016906890,-0.0259525200,0.0314331200,0.0804596400,0.9962621000,-0.0000860138,-0.0004109650,-0.0247897500,0.0374911400,0.0938423000,0.9948809000,0.0000000000,
4011396,1,1.0000000000,3.4047550000,-0.0338771400,0.0008780365,-0.0235829900,0.0437777500,0.1085670000,0.9931247000,1,1.0000000000,3.3403930000,0.0331423400,-0.0016953740,-0.0259474500,0.0314637800,0.0805820700,0.9962513000,-0.0001471863,-0.0004171143,-0.0247730000,0.0375825200,0.0944980000,0.9948154000,0.0000000000,
4011404,1,1.0000000000,3.4039610000,-0.0338779600,0.0008701020,-0.0235716900,0.0439305700,0.1059125000,0.9934046000,1,1.0000000000,3.3483120000,0.0331423400,-0.0016953740,-0.0259474500,0.0306702900,0.0805209600,0.9962810000,0.0000799255,-0.0004297638,-0.0247754400,0.0372167400,0.0930647500,0.9949642000,0.0000000000,
4011412,1,1.0000000000,3.4007570000,-0.0338795300,0.0008658905,-0.0235653400,0.0435337800,0.1055156000,0.9934643000,1,1.0000000000,3.3483120000,0.0331420600,-0.0016953740,-0.0259474500,0.0307312700,0.0805208100,0.9962791000,0.0010046540,-0.0004672241,-0.0248052100,0.0368805900,0.0925142700,0.9950281000,0.0000000000,
4011421,1,1.0000000000,3.4020540000,-0.0338821900,0.0008563538,-0.0235368500,0.0432892400,0.1068422000,0.9933332000,1,1.0000000000,3.3529050000,0.0331407000,-0.0016992490,-0.0259369200,0.0304417100,0.0806743500,0.9962755000,0.0025732580,-0.0005336914,-0.0248423200,0.0363011600,0.0926221300,0.9950394000,0.0000000000,
4011429,1,1.0000000000,3.4048610000,-0.0338841000,0.0008558960,-0.0235308100,0.0417787200,0.1065678000,0.9934273000,1,1.0000000000,3.3577420000,0.0331381200,-0.0016992490,-0.0259369200,0.0307164200,0.0805523900,0.9962770000,0.0032148290,-0.0005584565,-0.0248626700,0.0356598600,0.0921785200,0.9951038000,0.0000000000,
4011437,1,1.0000000000,3.4054870000,-0.0338852300,0.0008473206,-0.0235079700,0.0416722600,0.1062482000,0.9934660000,1,1.0000000000,3.3647160000,0.0331368600,-0.0016992490,-0.0259369200,0.0309753700,0.0804444000,0.9962777000,0.0045353700,-0.0006125031,-0.0249003800,0.0355381200,0.0914622200,0.9951742000,0.0000000000,
4011446,1,1.0000000000,3.4056550000,-0.0338880300,0.0008446961,-0.0235009000,0.0413364700,0.1064006000,0.9934638000,1,1.0000000000,3.3670960000,0.0331351300,-0.0017046050,-0.0259242000,0.0308229100,0.0808262200,0.9962515000,0.0054874570,-0.0006529847,-0.0249245600,0.0351715400,0.0913849600,0.9951943000,0.0000000000,
4011454,1,1.0000000000,3.4028170000,-0.0338903200,0.0008429871,-0.0234849700,0.0408482200,0.1058666000,0.9935410000,1,1.0000000000,3.3651280000,0.0331298200,-0.0017046050,-0.0259242000,0.0317385800,0.0807960500,0.9962252000,0.0063364570,-0.0006861268,-0.0249490400,0.0353856400,0.0908216200,0.9952383000,0.0000000000,
4011462,1,1.0000000000,3.3917690000,-0.0338944100,0.0008427582,-0.0234829000,0.0362246300,0.1055763000,0.9937512000,1,1.0000000000,3.3686830000,0.0331264400,-0.0017213900,-0.0258899700,0.0306398900,0.0821692200,0.9961473000,0.0051230020,-0.0006499939,-0.0248842200,0.0329745300,0.0919502700,0.9952174000,0.0000000000,
4011471,1,1.0000000000,3.4023740000,-0.0338957500,0.0008425446,-0.0234788500,0.0359805900,0.1050578000,0.9938150000,1,1.0000000000,3.3702090000,0.0331242700,-0.0017293550,-0.0258890500,0.0306246800,0.0838020700,0.9960117000,0.0036114660,-0.0005967865,-0.0248277000,0.0329895500,0.0931703200,0.9951035000,0.0000000000,
4011479,1,1.0000000000,3.3919680000,-0.0338964200,0.0008423767,-0.0234716200,0.0360872600,0.1038977000,0.9939331000,1,1.0000000000,3.3696750000,0.0331230300,-0.0017343750,-0.0258563600,0.0294801600,0.0827947100,0.9961305000,0.0011770480,-0.0005061188,-0.0247196400,0.0326389100,0.0928660300,0.9951435000,0.0000000000,
4011487,1,1.0000000000,3.3918610000,-0.0338987400,0.0008420715,-0.0234714700,0.0362244100,0.1038972000,0.9939281000,1,1.0000000000,3.3708800000,0.0331208400,-0.0017366640,-0.0258563600,0.0283508900,0.0832368700,0.9961264000,-0.0013835600,-0.0004090271,-0.0246285300,0.0324101300,0.0938886600,0.9950550000,0.0000000000,
4011496,1,1.0000000000,3.3920900000,-0.0339017800,0.0008414917,-0.0234702900,0.0337373900,0.1045386000,0.9939484000,1,1.0000000000,3.3712160000,0.0331161100,-0.0017459870,-0.0258563600,0.0290226500,0.0850232500,0.9959562000,-0.0030678710,-0.0003489685,-0.0245680900,0.0315705500,0.0955661300,0.9949223000,0.0000000000,
4011504,1,1.0000000000,3.3765560000,-0.0339020900,0.0008379364,-0.0234701900,0.0315860400,0.1045849000,0.9940143000,1,1.0000000000,3.3720400000,0.0331158500,-0.0017462920,-0.0258563600,0.0286409100,0.0850834900,0.9959621000,-0.0038547060,-0.0003206940,-0.0245400300,0.0302735000,0.0958406600,0.9949362000,0.0000000000,
4011512,1,1.0000000000,3.3760530000,-0.0339046500,0.0008355256,-0.0234693800,0.0318909500,0.1036990000,0.9940974000,1,1.0000000000,3.3714900000,0.0331153700,-0.0017477880,-0.0258467900,0.0274353700,0.0846254400,0.9960350000,-0.0045569160,-0.0002956848,-0.0245104400,0.0299381500,0.0953534500,0.9949932000,0.0000000000,
4011521,1,1.0000000000,3.3820190000,-0.0339127100,0.0008350678,-0.0234693800,0.0310212800,0.1037908000,0.9941152000,1,1.0000000000,3.3721920000,0.0331105400,-0.0017477880,-0.0258473400,0.0276642500,0.0845491600,0.9960352000,-0.0041715090,-0.0003110504,-0.0245245800,0.0295258700,0.0952610000,0.9950144000,0.0000000000,
4011529,1,1.0000000000,3.3913730000,-0.0339142900,0.0008350678,-0.0234693800,0.0296632300,0.1038976000,0.9941456000,1,1.0000000000,3.3717500000,0.0331101900,-0.0017477880,-0.0258473400,0.0270387200,0.0838169700,0.9961143000,-0.0034156190,-0.0003402252,-0.0245514400,0.0284730800,0.0947576900,0.9950930000,0.0000000000,
4011537,1,1.0000000000,3.4055790000,-0.0339146900,0.0008344117,-0.0234673900,0.0292512200,0.1019597000,0.9943584000,1,1.0000000000,3.3735660000,0.0331096200,-0.0017477880,-0.0258473400,0.0253756500,0.0831765800,0.9962116000,-0.0019146420,-0.0003984223,-0.0246036700,0.0274049200,0.0929875300,0.9952901000,0.0000000000,
4011546,1,1.0000000000,3.4051210000,-0.0339159700,0.0008322449,-0.0234627100,0.0287937900,0.1003281000,0.9945377000,1,1.0000000000,3.3731690000,0.0331090100,-0.0017493440,-0.0258467900,0.0249179800,0.0825360300,0.9962765000,-0.0013162690,-0.0004233856,-0.0246222900,0.0269165800,0.0916750600,0.9954252000,0.0000000000,
4011554,1,1.0000000000,3.4050900000,-0.0339196000,0.0008312378,-0.0234627100,0.0292972100,0.1005260000,0.9945030000,1,1.0000000000,3.3729710000,0.0331083100,-0.0017508090,-0.0258372800,0.0242006900,0.0816964000,0.9963634000,-0.0008457489,-0.0004428253,-0.0246344200,0.0267796200,0.0912338100,0.9954694000,0.0000000000,
4011562,1,1.0000000000,3.4053650000,-0.0339196600,0.0008306885,-0.0234532200,0.0292820700,0.0998855800,0.9945680000,1,1.0000000000,3.3870540000,0.0331079700,-0.0017518160,-0.0258372800,0.0233614100,0.0810248900,0.9964382000,-0.0007418213,-0.0004476166,-0.0246333000,0.0263522700,0.0905620900,0.9955421000,0.0000000000,
4011571,1,1.0000000000,3.3914340000,-0.0339201400,0.0008286133,-0.0234529900,0.0286256400,0.1001745000,0.9945580000,1,1.0000000000,3.3873900000,0.0331076400,-0.0017597200,-0.0258372800,0.0221865100,0.0818947700,0.9963940000,-0.0008034363,-0.0004502106,-0.0246310100,0.0254520200,0.0911420200,0.9955126000,0.0000000000,
4011579,1,1.0000000000,3.4054870000,-0.0339224400,0.0008266449,-0.0234526200,0.0281375300,0.1005566000,0.9945334000,1,1.0000000000,3.4072110000,0.0331075500,-0.0017672580,-0.0258318800,0.0207062200,0.0821992500,0.9964008000,-0.0008132172,-0.0004545899,-0.0246278600,0.0244752500,0.0914922800,0.9955050000,0.0000000000,
4011587,1,1.0000000000,3.4057010000,-0.0339279500,0.0008254548,-0.0234521500,0.0291444400,0.1004797000,0.9945122000,1,1.0000000000,3.3878780000,0.0331049800,-0.0017762450,-0.0258046600,0.0209045800,0.0823365600,0.9963853000,-0.0007581025,-0.0004619293,-0.0246162400,0.0250703200,0.0915074500,0.9954888000,0.0000000000,
4011596,1,1.0000000000,3.4057010000,-0.0339283800,0.0008254090,-0.0234451100,0.0283662000,0.1001133000,0.9945716000,1,1.0000000000,3.3878330000,0.0331025900,-0.0017766270,-0.0258042900,0.0211795300,0.0817273500,0.9964297000,-0.0012964020,-0.0004412995,-0.0245936100,0.0248720900,0.0911722300,0.9955245000,0.0000000000,
4011604,1,1.0000000000,3.4075930000,-0.0339305700,0.0008235474,-0.0234440200,0.0267489300,0.1003428000,0.9945933000,1,1.0000000000,3.3875730000,0.0331016700,-0.0017766270,-0.0257992700,0.0207980400,0.0810864100,0.9964901000,-0.0020462950,-0.0004132385,-0.0245643200,0.0239258300,0.0911866900,0.9955463000,0.0000000000,
4011612,1,1.0000000000,3.4185640000,-0.0339311200,0.0008229371,-0.0234440200,0.0263672400,0.1005251000,0.9945851000,1,1.0000000000,3.3783570000,0.0330982800,-0.0017766270,-0.0257992700,0.0210115700,0.0789955800,0.9966535000,-0.0027001800,-0.0003882599,-0.0245414000,0.0238801200,0.0905003000,0.9956101000,0.0000000000,
4011621,1,1.0000000000,3.4186250000,-0.0339362500,0.0008214570,-0.0234432800,0.0266267100,0.1001286000,0.9946182000,1,1.0000000000,3.3781130000,0.0330978000,-0.0017772070,-0.0257885600,0.0206146800,0.0772554500,0.9967982000,-0.0030945280,-0.0003741455,-0.0245223300,0.0238497400,0.0896005500,0.9956922000,0.0000000000,
4011629,1,1.0000000000,3.4229130000,-0.0339399000,0.0008212433,-0.0234432800,0.0259247300,0.0997316400,0.9946766000,1,1.0000000000,3.3769990000,0.0330954200,-0.0017792510,-0.0257853100,0.0204926800,0.0740208600,0.9970461000,-0.0029989930,-0.0003790284,-0.0245242600,0.0234224200,0.0878607900,0.9958573000,0.0000000000,
4011637,1,1.0000000000,3.4254910000,-0.0339509000,0.0008201142,-0.0234432800,0.0279694900,0.0996098300,0.9946334000,1,1.0000000000,3.3914340000,0.0330894800,-0.0017792510,-0.0257853100,0.0216065100,0.0741579500,0.9970124000,-0.0027966770,-0.0003878174,-0.0245316500,0.0250092800,0.0877995200,0.9958242000,0.0000000000,
4011646,1,1.0000000000,3.4279170000,-0.0339519800,0.0008147889,-0.0234432800,0.0276950300,0.1003735000,0.9945643000,1,1.0000000000,3.3915710000,0.0330857000,-0.0017792510,-0.0257853100,0.0207826200,0.0739293600,0.9970469000,-0.0022788240,-0.0004107971,-0.0245498200,0.0244296000,0.0878916200,0.9958304000,0.0000000000,
4011654,1,1.0000000000,3.4275210000,-0.0339538300,0.0008147889,-0.0234440200,0.0233460200,0.0991366700,0.9947999000,1,1.0000000000,3.3913270000,0.0330845300,-0.0017792510,-0.0257853100,0.0189822200,0.0732738200,0.9971312000,-0.0018560180,-0.0004272156,-0.0245650200,0.0212558200,0.0867628000,0.9960022000,0.0000000000,
4011662,1,1.0000000000,3.4269710000,-0.0339591700,0.0008147889,-0.0234482700,0.0229037400,0.0985272800,0.9948707000,1,1.0000000000,3.3910830000,0.0330821100,-0.0017792510,-0.0257853100,0.0189057700,0.0725713000,0.9971840000,-0.0013718110,-0.0004461060,-0.0245842600,0.0209656600,0.0859073300,0.9960825000,0.0000000000,
4011671,1,1.0000000000,3.4268040000,-0.0339635200,0.0008147889,-0.0234508400,0.0235903000,0.0984048200,0.9948668000,1,1.0000000000,3.3910220000,0.0330784900,-0.0017772070,-0.0257885600,0.0177920300,0.0723125400,0.9972233000,-0.0011422120,-0.0004541473,-0.0245952900,0.0207519900,0.0856324700,0.9961107000,0.0000000000,
4011679,1,1.0000000000,3.4240420000,-0.0339646000,0.0008147889,-0.0234508400,0.0234986500,0.0973820800,0.9949697000,1,1.0000000000,3.3902590000,0.0330768600,-0.0017772070,-0.0257915500,0.0180970800,0.0714880500,0.9972773000,-0.0007200012,-0.0004705353,-0.0246115600,0.0208130200,0.0845490700,0.9962019000,0.0000000000,
4011687,1,1.0000000000,3.4238890000,-0.0339693600,0.0008147889,-0.0234521500,0.0224763600,0.0974433500,0.9949872000,1,1.0000000000,3.3824770000,0.0330755900,-0.0017772070,-0.0257992700,0.0163270500,0.0714880500,0.9973078000,-0.0007455903,-0.0004696503,-0.0246152700,0.0194246400,0.0845955900,0.9962260000,0.0000000000,
4011696,1,1.0000000000,3.4233250000,-0.0339740600,0.0008147889,-0.0234850000,0.0228119900,0.0975498900,0.9949692000,1,1.0000000000,3.3900150000,0.0330692900,-0.0017772070,-0.0258111700,0.0165712900,0.0721904200,0.9972532000,-0.0002174835,-0.0004902802,-0.0246562400,0.0196686600,0.0847934200,0.9962044000,0.0000000000,
4011704,1,1.0000000000,3.4250030000,-0.0339765200,0.0008201142,-0.0234873200,0.0228884700,0.0960400100,0.9951143000,1,1.0000000000,3.3812870000,0.0330653600,-0.0017772070,-0.0258366700,0.0149994600,0.0709842000,0.9973646000,-0.0006019440,-0.0004728699,-0.0246568800,0.0189669400,0.0835735400,0.9963211000,0.0000000000,
4011712,1,1.0000000000,3.4405980000,-0.0339778100,0.0008271637,-0.0235977800,0.0220186600,0.0987559000,0.9948680000,1,1.0000000000,3.3885960000,0.0330618300,-0.0017772070,-0.0258498800,0.0137635100,0.0709995600,0.9973814000,0.0028484040,-0.0006034699,-0.0248349000,0.0174868400,0.0835126400,0.9963533000,0.0000000000,
4011721,1,1.0000000000,3.4394990000,-0.0339869300,0.0008323670,-0.0236177500,0.0218659500,0.0971379400,0.9950307000,1,1.0000000000,3.3809360000,0.0330591900,-0.0017772070,-0.0258533600,0.0126343900,0.0707403600,0.9974148000,0.0066436310,-0.0007490540,-0.0249725700,0.0162811700,0.0811464400,0.9965692000,0.0000000000,
4011729,1,1.0000000000,3.4385680000,-0.0339898700,0.0008323670,-0.0236177500,0.0220340000,0.0954298200,0.9951923000,1,1.0000000000,3.3802800000,0.0330567500,-0.0017780000,-0.0258610800,0.0106813100,0.0699015200,0.9974967000,0.0110753600,-0.0009221802,-0.0251256100,0.0144043200,0.0782776900,0.9968275000,0.0000000000,
4011737,1,1.0000000000,3.4374540000,-0.0339898800,0.0008323670,-0.0236177500,0.0207367800,0.0951847400,0.9952436000,1,1.0000000000,3.3796540000,0.0330563500,-0.0017843630,-0.0258610800,0.0097504920,0.0676278200,0.9976630000,0.0137973800,-0.0010327000,-0.0252166900,0.0129089800,0.0755465400,0.9970587000,0.0000000000,
4011746,1,1.0000000000,3.4374080000,-0.0339941300,0.0008323670,-0.0236177500,0.0196840000,0.0926216100,0.9955068000,1,1.0000000000,3.3795470000,0.0330525500,-0.0017847440,-0.0258610800,0.0099793590,0.0669410500,0.9977071000,0.0148573300,-0.0010745090,-0.0252522900,0.0126191200,0.0739141400,0.9971848000,0.0000000000,
4011754,1,1.0000000000,3.4356540000,-0.0339943100,0.0008323670,-0.0236177500,0.0155029600,0.0913393100,0.9956992000,1,1.0000000000,3.3751530000,0.0330513200,-0.0017884830,-0.0258610800,0.0092621910,0.0642555000,0.9978905000,0.0141203600,-0.0010484620,-0.0252276600,0.0110169100,0.0718998500,0.9973511000,0.0000000000,
4011762,1,1.0000000000,3.4360810000,-0.0339971800,0.0008323670,-0.0236177500,0.0145113200,0.0898603000,0.9958487000,1,1.0000000000,3.3390050000,0.0330464700,-0.0017888490,-0.0258610800,0.0073090280,0.0638281100,0.9979342000,0.0113745100,-0.0009415284,-0.0251359300,0.0096436530,0.0722511000,0.9973399000,0.0000000000,
4011771,1,1.0000000000,3.4357150000,-0.0339991900,0.0008323670,-0.0236177500,0.0147095900,0.0885322200,0.9959646000,1,1.0000000000,3.3313290000,0.0330425000,-0.0017902980,-0.0258610800,0.0080567090,0.0620580200,0.9980400000,0.0069395760,-0.0007691498,-0.0249876400,0.0106507000,0.0723728900,0.9973208000,0.0000000000,
4011779,1,1.0000000000,3.4338530000,-0.0340012400,0.0008271637,-0.0235977800,0.0128785500,0.0849465400,0.9963022000,1,1.0000000000,3.3297270000,0.0330379800,-0.0017955780,-0.0258610800,0.0072479550,0.0622256000,0.9980358000,0.0031557010,-0.0006265106,-0.0248522300,0.0097656370,0.0723572700,0.9973310000,0.0000000000,
4011787,1,1.0000000000,3.4246220000,-0.0340063900,0.0007889405,-0.0235787500,0.0133058600,0.0897077200,0.9958792000,1,1.0000000000,3.3294980000,0.0330366200,-0.0017965240,-0.0258533600,0.0050049530,0.0617989600,0.9980761000,0.0007989502,-0.0005532990,-0.0247596300,0.0090027730,0.0752265700,0.9971259000,0.0000000000,
4011796,1,1.0000000000,3.4359590000,-0.0340112900,0.0007747498,-0.0235773200,0.0105438300,0.0905609800,0.9958351000,1,1.0000000000,3.3292390000,0.0330327000,-0.0018076940,-0.0258483300,0.0053253410,0.0614321600,0.9980971000,0.0013164830,-0.0005860291,-0.0247739900,0.0077972780,0.0752261800,0.9971360000,0.0000000000,
4011804,1,1.0000000000,3.4366460000,-0.0340149100,0.0007685852,-0.0235724700,0.0104524300,0.0912489500,0.9957733000,1,1.0000000000,3.3294070000,0.0330301700,-0.0018091280,-0.0258479800,0.0048675810,0.0612033400,0.9981135000,0.0019033360,-0.0006123810,-0.0247915300,0.0074616360,0.0751656800,0.9971431000,0.0000000000,
4011812,1,1.0000000000,3.4356380000,-0.0340189200,0.0007665253,-0.0235694600,0.0101929600,0.0891579000,0.9959653000,1,1.0000000000,3.3287510000,0.0330282000,-0.0018117520,-0.0258479800,0.0041961960,0.0594639100,0.9982216000,0.0021718600,-0.0006251679,-0.0247993600,0.0069581040,0.0731363800,0.9972976000,0.0000000000,
4011821,1,1.0000000000,3.4358520000,-0.0340206000,0.0007611390,-0.0235570500,0.0097199760,0.0888225800,0.9960001000,1,1.0000000000,3.3289340000,0.0330275700,-0.0018197330,-0.0258479800,0.0036621320,0.0607761400,0.9981447000,0.0025748750,-0.0006475220,-0.0248074700,0.0064239800,0.0735171800,0.9972733000,0.0000000000,
4011829,1,1.0000000000,3.4363100000,-0.0340244900,0.0007480622,-0.0235490600,0.0080414850,0.0900127500,0.9959081000,1,1.0000000000,3.3303070000,0.0330210000,-0.0018294530,-0.0258479800,0.0027924010,0.0594033800,0.9982302000,0.0026913300,-0.0006634522,-0.0248080000,0.0051727320,0.0732574800,0.9972997000,0.0000000000,
4011837,1,1.0000000000,3.4367520000,-0.0340295600,0.0007324524,-0.0235473600,0.0073700290,0.0919956600,0.9957321000,1,1.0000000000,3.3288570000,0.0330174100,-0.0018315280,-0.0258479800,0.0015716780,0.0597237500,0.9982137000,0.0022774050,-0.0006559754,-0.0247931800,0.0042266960,0.0745241200,0.9972103000,0.0000000000,
4011846,1,1.0000000000,3.4375460000,-0.0340302100,0.0007172546,-0.0235350200,0.0067444590,0.0924692700,0.9956927000,1,1.0000000000,3.3277590000,0.0330138100,-0.0018425290,-0.0258479800,0.0018158000,0.0578462000,0.9983239000,0.0022044370,-0.0006661988,-0.0247850800,0.0040894130,0.0737620300,0.9972675000,0.0000000000,
4011854,1,1.0000000000,3.4374080000,-0.0340347100,0.0007055512,-0.0235042700,0.0075378950,0.0909582900,0.9958262000,1,1.0000000000,3.3488160000,0.0330093900,-0.0018479310,-0.0258479800,0.0022125270,0.0575867400,0.9983380000,0.0028074950,-0.0006976471,-0.0247921900,0.0046081690,0.0726320700,0.9973482000,0.0000000000,
4011862,1,1.0000000000,3.4236150000,-0.0340379800,0.0006897126,-0.0234906900,0.0055542810,0.0835278500,0.9964899000,1,1.0000000000,3.3475800000,0.0330049500,-0.0018511810,-0.0258483300,0.0017547850,0.0552223100,0.9984726000,0.0037395480,-0.0007420197,-0.0248191800,0.0034027510,0.0675819900,0.9977080000,0.0000000000,
4011871,1,1.0000000000,3.4177090000,-0.0340406700,0.0006777039,-0.0234744700,0.0048980980,0.0825810200,0.9965723000,1,1.0000000000,3.3475800000,0.0329824700,-0.0018560030,-0.0258956300,0.0018463360,0.0579383300,0.9983185000,0.0040308690,-0.0007615357,-0.0248497800,0.0031738440,0.0685886100,0.9976400000,0.0000000000,
4011879,1,1.0000000000,3.4183810000,-0.0340445700,0.0006680451,-0.0234561500,0.0043029980,0.0831760400,0.9965256000,1,1.0000000000,3.3488010000,0.0329772600,-0.0018560940,-0.0259381600,0.0025177190,0.0585178900,0.9982832000,0.0029514770,-0.0007252655,-0.0248262200,0.0033112010,0.0695657400,0.9975718000,0.0000000000,
4011887,1,1.0000000000,3.4169160000,-0.0340452900,0.0006600495,-0.0234420300,0.0019226270,0.0790718700,0.9968671000,1,1.0000000000,3.3493800000,0.0329766900,-0.0018560940,-0.0259496900,0.0020294320,0.0561679500,0.9984193000,0.0010908970,-0.0006590271,-0.0247566700,0.0019683920,0.0670779100,0.9977458000,0.0000000000,
4011896,1,1.0000000000,3.4174190000,-0.0340476300,0.0006502533,-0.0234314000,0.0017242590,0.0800483400,0.9967895000,1,1.0000000000,3.3493190000,0.0329717300,-0.0018569340,-0.0259530700,0.0020752090,0.0564273800,0.9984046000,-0.0010160680,-0.0005854492,-0.0246742400,0.0018921010,0.0684055400,0.9976558000,0.0000000000,
4011904,1,1.0000000000,3.4178770000,-0.0340490100,0.0006468506,-0.0234254600,0.0016174540,0.0803691700,0.9967638000,1,1.0000000000,3.3565220000,0.0329689900,-0.0018569340,-0.0259534800,0.0000610361,0.0552224000,0.9984741000,-0.0022337650,-0.0005417633,-0.0246255800,0.0008697553,0.0684360100,0.9976552000,0.0000000000,
4011912,1,1.0000000000,3.4179840000,-0.0340496700,0.0006416474,-0.0234027400,0.0016937330,0.0797275200,0.9968153000,1,1.0000000000,3.3488160000,0.0329658100,-0.0018569340,-0.0259700000,-0.0013275290,0.0561071700,0.9984239000,-0.0032174990,-0.0005078735,-0.0245838800,0.0002899189,0.0688633500,0.9976261000,0.0000000000,
4011921,1,1.0000000000,3.4033510000,-0.0340510600,0.0006338196,-0.0233922100,0.0013733050,0.0802315300,0.9967753000,1,1.0000000000,3.3593900000,0.0329616900,-0.0018569340,-0.0259773400,-0.0014953800,0.0566108200,0.9983952000,-0.0036675570,-0.0004954834,-0.0245643000,0.0000610356,0.0695195100,0.9975806000,0.0000000000,
4011929,1,1.0000000000,3.3834080000,-0.0340515200,0.0006335144,-0.0233916300,0.0014648520,0.0797123900,0.9968169000,1,1.0000000000,3.3591460000,0.0329586300,-0.0018560940,-0.0259786400,-0.0009155319,0.0564883200,0.9984028000,-0.0028849030,-0.0005243988,-0.0245948500,0.0003509533,0.0689089100,0.9976229000,0.0000000000,
4011937,1,1.0000000000,3.3835140000,-0.0340611000,0.0006335144,-0.0233916300,0.0024872180,0.0797740900,0.9968098000,1,1.0000000000,3.3651890000,0.0329550400,-0.0018560940,-0.0259790000,-0.0001983652,0.0565035500,0.9984024000,-0.0008379059,-0.0006007080,-0.0246743200,0.0011444130,0.0682375100,0.9976684000,0.0000000000,
4011946,1,1.0000000000,3.3835750000,-0.0340642400,0.0006335144,-0.0233916300,0.0027313640,0.0797588800,0.9968104000,1,1.0000000000,3.3591000000,0.0329507900,-0.0018560940,-0.0259802900,0.0006256188,0.0566108800,0.9983962000,0.0009701538,-0.0006680146,-0.0247449400,0.0016327090,0.0676582400,0.9977072000,0.0000000000,
4011954,1,1.0000000000,3.3910520000,-0.0340666100,0.0006335144,-0.0233916300,0.0031891220,0.0801705600,0.9967760000,1,1.0000000000,3.3486790000,0.0329500600,-0.0018560940,-0.0259802900,0.0007781995,0.0565491700,0.9983995000,0.0011223600,-0.0006737214,-0.0247508900,0.0019226140,0.0677645300,0.9976995000,0.0000000000,
4011962,1,1.0000000000,3.3743130000,-0.0340674700,0.0006335144,-0.0233916300,0.0033569420,0.0800783300,0.9967830000,1,1.0000000000,3.3489230000,0.0329498900,-0.0018538510,-0.0259802900,0.0007934574,0.0573730700,0.9983525000,0.0005898133,-0.0006527863,-0.0247303300,0.0020294400,0.0683295800,0.9976608000,0.0000000000,
4011971,1,1.0000000000,3.3644410000,-0.0340683000,0.0006335144,-0.0233916300,0.0039062520,0.0800781700,0.9967809000,1,1.0000000000,3.3335720000,0.0329498900,-0.0018507840,-0.0259802900,0.0017395110,0.0570071200,0.9983723000,0.0000313263,-0.0006305085,-0.0247087700,0.0028076390,0.0683446500,0.9976578000,0.0000000000,
4011979,1,1.0000000000,3.3236390000,-0.0340182700,0.0006980743,-0.0234617500,0.0310826300,0.0876478300,0.9956665000,1,1.0000000000,3.1876830000,0.0330217300,-0.0017906650,-0.0259643100,0.0187837500,0.0591589000,0.9980718000,0.0012421570,-0.0006109009,-0.0247780000,0.0246127500,0.0726633000,0.9970528000,0.0000000000,
4011987,1,1.0000000000,3.4844670000,-0.0339304500,0.0007009277,-0.0234229400,0.0395969100,0.0891273800,0.9952328000,1,1.0000000000,3.2628170000,0.0330512300,-0.0017629700,-0.0260197100,0.0290072200,0.0586400600,0.9978577000,0.0010988920,-0.0005876160,-0.0247809800,0.0340729000,0.0731964600,0.9967353000,0.0000000000,
4011996,1,1.0000000000,3.3557890000,-0.0339086300,0.0007074433,-0.0234025700,0.0357668300,0.0852361400,0.9957187000,1,1.0000000000,3.2816620000,0.0330667300,-0.0018085480,-0.0259019200,0.0290683200,0.0677345200,0.9972798000,0.0010060120,-0.0006041565,-0.0247055100,0.0322726700,0.0761116100,0.9965768000,0.0000000000,
4012004,1,1.0000000000,3.3462830000,-0.0339099400,0.0007075348,-0.0234021000,0.0364230900,0.0879067400,0.9954626000,1,1.0000000000,3.2698360000,0.0330741300,-0.0018266300,-0.0258681500,0.0345001700,0.0680237800,0.9970870000,-0.0042188420,-0.0004157410,-0.0244951800,0.0355682600,0.0791016200,0.9962318000,0.0000000000,
4012012,1,1.0000000000,3.3352050000,-0.0339103400,0.0007074433,-0.0234016100,0.0368961600,0.0871744200,0.9955096000,1,1.0000000000,3.2309110000,0.0330946800,-0.0018853910,-0.0257207700,0.0358582300,0.0747987500,0.9965537000,-0.0146121100,-0.0000393219,-0.0240695500,0.0365908700,0.0836035800,0.9958270000,0.0000000000,
4012021,1,1.0000000000,3.3453220000,-0.0339094800,0.0007075348,-0.0234021000,0.0409092800,0.0862436700,0.9954338000,1,1.0000000000,3.3128050000,0.0331082000,-0.0018611600,-0.0257946300,0.0340119100,0.0693665900,0.9970112000,-0.0190873700,0.0001394196,-0.0239312400,0.0393832700,0.0825049700,0.9958122000,0.0000000000,
4012029,1,1.0000000000,3.3466490000,-0.0339086300,0.0007076264,-0.0234025700,0.0449069200,0.0872961300,0.9951697000,1,1.0000000000,3.3013150000,0.0331137900,-0.0018598940,-0.0257903300,0.0339358500,0.0688635300,0.9970487000,-0.0212306700,0.0002219544,-0.0238542500,0.0428315000,0.0838014300,0.9955615000,0.0000000000,
4012037,1,1.0000000000,3.3522340000,-0.0339048000,0.0007084046,-0.0234041600,0.0445103300,0.0886697000,0.9950660000,1,1.0000000000,3.2317200000,0.0331291100,-0.0019032900,-0.0256305100,0.0353241600,0.0713197000,0.9968278000,-0.0260312800,0.0004016419,-0.0236656500,0.0434420800,0.0866400200,0.9952921000,0.0000000000,
4012046,1,1.0000000000,3.3472600000,-0.0339009600,0.0007091980,-0.0234057300,0.0441134100,0.0899358000,0.9949701000,1,1.0000000000,3.1975710000,0.0331397100,-0.0019134830,-0.0255743900,0.0356601700,0.0661475500,0.9971724000,-0.0290384500,0.0005189667,-0.0235630200,0.0435029700,0.0882113900,0.9951514000,0.0000000000,
4012054,1,1.0000000000,3.3484500000,-0.0338973100,0.0007159424,-0.0234152800,0.0450137800,0.0894629800,0.9949724000,1,1.0000000000,3.2772830000,0.0331527300,-0.0018400880,-0.0257838400,0.0295411200,0.0676424500,0.9972722000,-0.0265104500,0.0004343415,-0.0236762200,0.0433047200,0.0870671900,0.9952608000,0.0000000000,
4012062,1,1.0000000000,3.3465420000,-0.0338936600,0.0007226868,-0.0234248200,0.0459143700,0.0882428700,0.9950402000,1,1.0000000000,3.2996980000,0.0331592000,-0.0018266140,-0.0258248200,0.0301820600,0.0654911000,0.9973966000,-0.0234106300,0.0003241272,-0.0238000300,0.0434573200,0.0846868400,0.9954594000,0.0000000000,
4012071,1,1.0000000000,3.3408810000,-0.0338905000,0.0007290192,-0.0234298100,0.0462804300,0.0875711700,0.9950826000,1,1.0000000000,3.3191990000,0.0331656500,-0.0018131260,-0.0258657900,0.0308076300,0.0672915400,0.9972576000,-0.0204226100,0.0002184296,-0.0239190500,0.0431828500,0.0835122800,0.9955707000,0.0000000000,
4012079,1,1.0000000000,3.3347320000,-0.0338873600,0.0007353363,-0.0234347800,0.0466615000,0.0869448000,0.9951198000,1,1.0000000000,3.2979130000,0.0331664100,-0.0018009190,-0.0258902900,0.0374151000,0.0709238900,0.9967797000,-0.0199090400,0.0002066193,-0.0239466700,0.0447392600,0.0836038100,0.9954942000,0.0000000000,
4012087,1,1.0000000000,3.3336180000,-0.0338854800,0.0007403260,-0.0234362900,0.0463719900,0.0864725600,0.9951744000,1,1.0000000000,3.2769320000,0.0331656500,-0.0018054810,-0.0258657900,0.0432745100,0.0723123700,0.9964428000,-0.0196782900,0.0002008972,-0.0239510700,0.0457157200,0.0834662900,0.9954614000,0.0000000000,
4012096,1,1.0000000000,3.3328090000,-0.0338836100,0.0007453156,-0.0234378100,0.0460666600,0.0859687300,0.9952322000,1,1.0000000000,3.2515110000,0.0331605600,-0.0018093110,-0.0258551000,0.0450441400,0.0726168900,0.9963422000,-0.0181844300,0.0001471252,-0.0240038500,0.0458378400,0.0828407500,0.9955081000,0.0000000000,
4012104,1,1.0000000000,3.3335570000,-0.0338833200,0.0007495118,-0.0234380800,0.0480961900,0.0855416400,0.9951730000,1,1.0000000000,3.2255860000,0.0331554600,-0.0018131260,-0.0258444400,0.0468144100,0.0728919300,0.9962405000,-0.0193117200,0.0001924896,-0.0239611400,0.0478216000,0.0827951400,0.9954185000,0.0000000000,
4012112,1,1.0000000000,3.3326420000,-0.0338830300,0.0007536926,-0.0234383500,0.0501409900,0.0850535200,0.9951140000,1,1.0000000000,3.2146610000,0.0331540900,-0.0018185880,-0.0258141300,0.0475771000,0.0733035300,0.9961742000,-0.0198115700,0.0002137451,-0.0239370400,0.0495912500,0.0825808700,0.9953498000,0.0000000000,
4012121,1,1.0000000000,3.3314970000,-0.0338825500,0.0007552186,-0.0234503300,0.0554968900,0.0865336400,0.9947020000,1,1.0000000000,3.2043910000,0.0331527300,-0.0018240510,-0.0257838400,0.0483251500,0.0737465900,0.9961054000,-0.0132594600,-0.0000382691,-0.0241682300,0.0532842200,0.0825966400,0.9951575000,0.0000000000,
4012129,1,1.0000000000,3.3269810000,-0.0338806300,0.0007671051,-0.0234621600,0.0595559300,0.0848401200,0.9946131000,1,1.0000000000,3.2077790000,0.0331540400,-0.0018246610,-0.0257830400,0.0489503300,0.0738680000,0.9960660000,-0.0059610900,-0.0003123474,-0.0244287900,0.0551456400,0.0802770300,0.9952459000,0.0000000000,
4012137,1,1.0000000000,3.1309810000,-0.0338175200,0.0008050385,-0.0236597800,0.0933078800,0.0861667400,0.9919016000,1,1.0000000000,3.1705320000,0.0331947400,-0.0017677770,-0.0260013300,0.0756990000,0.0844575600,0.9935475000,-0.0012294160,-0.0004461212,-0.0247984800,0.0847476600,0.0853427600,0.9927409000,0.0000000000,
4012146,1,1.0000000000,3.1131590000,-0.0337429000,0.0007744446,-0.0236284600,0.0941478100,0.0893259800,0.9915428000,1,1.0000000000,3.1443330000,0.0332546100,-0.0017063450,-0.0262484500,0.0812084200,0.0784465300,0.9936052000,-0.0116069300,-0.0000451965,-0.0244941000,0.0898749100,0.0857397500,0.9922556000,0.0000000000,
4012154,1,1.0000000000,3.2018890000,-0.0336827100,0.0007702790,-0.0236759800,0.1002974000,0.0898907300,0.9908885000,1,1.0000000000,3.1678160000,0.0333121200,-0.0016775210,-0.0264256400,0.0838323200,0.0828099800,0.9930331000,-0.0274699600,0.0005432892,-0.0239309700,0.0987713600,0.0892345000,0.9911011000,0.0000000000,
4012162,1,1.0000000000,3.0742030000,-0.0336298500,0.0007979737,-0.0237746600,0.1111310000,0.0965891900,0.9891008000,1,1.0000000000,3.0730290000,0.0333537500,-0.0017319180,-0.0262535300,0.0961318800,0.0864424000,0.9916080000,-0.0285811800,0.0006072846,-0.0239615000,0.1100020000,0.0958264400,0.9893012000,0.0000000000,
4012171,1,1.0000000000,3.1302190000,-0.0335283500,0.0007975922,-0.0238211700,0.1147010000,0.0965276800,0.9886992000,1,1.0000000000,3.1149600000,0.0334252200,-0.0017931980,-0.0260897400,0.1032118000,0.0811168000,0.9913462000,-0.0252579400,0.0004775696,-0.0241014000,0.1132816000,0.0946200400,0.9890472000,0.0000000000,
4012179,1,1.0000000000,3.0569310000,-0.0334765200,0.0008241883,-0.0239386100,0.1278233000,0.0953677500,0.9872012000,1,1.0000000000,3.0426940000,0.0334700000,-0.0018847050,-0.0258508600,0.1132060000,0.0778357900,0.9905181000,-0.0222228700,0.0003688202,-0.0242600600,0.1253666000,0.0924227800,0.9877961000,0.0000000000,
4012187,1,1.0000000000,2.9617610000,-0.0334009600,0.0008656007,-0.0240691500,0.1352552000,0.0956277700,0.9861853000,1,1.0000000000,3.0506590000,0.0335170900,-0.0018143160,-0.0260463900,0.1270313000,0.0764018700,0.9889519000,-0.0081628110,-0.0001451264,-0.0248148700,0.1321573000,0.0883795100,0.9872809000,0.0000000000,
4012196,1,1.0000000000,3.1242680000,-0.0333262500,0.0008465424,-0.0240531500,0.1408711000,0.0969099000,0.9852735000,1,1.0000000000,3.1449740000,0.0335558500,-0.0019151770,-0.0257486000,0.1356362000,0.0745244000,0.9879519000,-0.0059805300,-0.0002826233,-0.0247463500,0.1387347000,0.0877697000,0.9864326000,0.0000000000,
4012204,1,1.0000000000,3.0201570000,-0.0332871100,0.0008555298,-0.0240814800,0.1519644000,0.0956433900,0.9837475000,1,1.0000000000,3.1030730000,0.0336152800,-0.0018820340,-0.0258728800,0.1495374000,0.0737616200,0.9860009000,-0.0021946260,-0.0004167328,-0.0249140300,0.1508493000,0.0854802700,0.9848541000,0.0000000000,
4012212,1,1.0000000000,2.9710080000,-0.0332200200,0.0008368989,-0.0240313700,0.1612258000,0.0873878700,0.9830410000,1,1.0000000000,3.1843870000,0.0336830800,-0.0018450930,-0.0259414200,0.1464847000,0.0606385600,0.9873527000,-0.0017677000,-0.0004239502,-0.0249293200,0.1543124000,0.0748139800,0.9851856000,0.0000000000,
4012221,1,1.0000000000,3.0258640000,-0.0331492200,0.0008239441,-0.0240169700,0.1642018000,0.0964367200,0.9817014000,1,1.0000000000,3.0121310000,0.0337265800,-0.0018436430,-0.0260128200,0.1681693000,0.0712137000,0.9831824000,-0.0084470060,-0.0001613922,-0.0247541800,0.1656813000,0.0871283900,0.9823230000,0.0000000000,
4012229,1,1.0000000000,2.9066930000,-0.0330920600,0.0007801209,-0.0238763100,0.1813979000,0.1032570000,0.9779738000,1,1.0000000000,3.0670170000,0.0337926300,-0.0020087890,-0.0255672600,0.1731884000,0.0805516800,0.9815891000,-0.0257901000,0.0004756470,-0.0240609300,0.1805118000,0.1007845000,0.9783956000,0.0000000000,
4012237,1,1.0000000000,3.0501710000,-0.0330277000,0.0007757111,-0.0238371400,0.1863262000,0.0948797200,0.9778959000,1,1.0000000000,3.0242920000,0.0338334200,-0.0020039220,-0.0255756500,0.1852445000,0.0878309400,0.9787595000,-0.0265280300,0.0005054932,-0.0240061500,0.1862213000,0.0941940300,0.9779822000,0.0000000000,
4012246,1,1.0000000000,2.9171450000,-0.0329622400,0.0007751007,-0.0238247700,0.1931032000,0.0918594700,0.9768689000,1,1.0000000000,3.0148620000,0.0338894100,-0.0019595490,-0.0256866800,0.1910720000,0.0911719400,0.9773327000,-0.0237385000,0.0003977814,-0.0240816700,0.1928114000,0.0917669800,0.9769353000,0.0000000000,
4012254,1,1.0000000000,3.0182340000,-0.0328864900,0.0007821198,-0.0238142700,0.2038609000,0.0855879900,0.9752515000,1,1.0000000000,3.0820310000,0.0339641900,-0.0018826900,-0.0259124300,0.1992353000,0.0970465300,0.9751345000,-0.0193270600,0.0002416077,-0.0242398500,0.2029276000,0.0879063200,0.9752399000,0.0000000000,
4012262,1,1.0000000000,2.8855440000,-0.0328243100,0.0007929688,-0.0238273300,0.2159146000,0.0864573900,0.9725770000,1,1.0000000000,2.9317020000,0.0340381600,-0.0018686370,-0.0259429200,0.2023331000,0.0982826000,0.9743726000,-0.0182241500,0.0002117767,-0.0242892900,0.2129526000,0.0890506700,0.9729960000,0.0000000000,
4012271,1,1.0000000000,2.8212890000,-0.0327651500,0.0008212586,-0.0238356900,0.2268378000,0.0841067000,0.9702941000,1,1.0000000000,3.0130770000,0.0340918600,-0.0018603970,-0.0259833800,0.2115944000,0.1087651000,0.9712867000,-0.0185403200,0.0002506867,-0.0242926500,0.2236045000,0.0893563500,0.9705753000,0.0000000000,
4012279,1,1.0000000000,2.9670870000,-0.0326923400,0.0008240662,-0.0238491100,0.2339641000,0.0911716900,0.9679611000,1,1.0000000000,2.8996120000,0.0341628100,-0.0018552860,-0.0260107600,0.2177299000,0.1125958000,0.9694926000,-0.0226558100,0.0004218292,-0.0241736200,0.2315380000,0.0943913200,0.9682357000,0.0000000000,
4012287,1,1.0000000000,2.8706360000,-0.0326529900,0.0008291932,-0.0238521000,0.2380845000,0.0856634000,0.9674593000,1,1.0000000000,2.9604030000,0.0342332000,-0.0018620000,-0.0260158700,0.2248568000,0.0999465200,0.9692523000,-0.0284161500,0.0006587220,-0.0239891700,0.2372458000,0.0865791500,0.9675838000,0.0000000000,
4012296,1,1.0000000000,2.8357240000,-0.0325921000,0.0008314514,-0.0238728700,0.2433509000,0.0955062300,0.9652248000,1,1.0000000000,2.9368900000,0.0342703600,-0.0018557130,-0.0260216500,0.2309288000,0.0930032400,0.9685155000,-0.0302118700,0.0007357941,-0.0239493600,0.2429080000,0.0954145300,0.9653454000,0.0000000000,
4012304,1,1.0000000000,2.8880460000,-0.0325475300,0.0008237305,-0.0238779100,0.2518940000,0.0916907500,0.9634014000,1,1.0000000000,2.9092860000,0.0343151600,-0.0018614660,-0.0260263800,0.2395505000,0.0840921600,0.9672353000,-0.0307726300,0.0007524415,-0.0239349400,0.2515725000,0.0914920100,0.9635043000,0.0000000000,
4012312,1,1.0000000000,2.8720550000,-0.0325068100,0.0008242340,-0.0238919700,0.2611713000,0.0945136000,0.9606543000,1,1.0000000000,3.0870970000,0.0343674000,-0.0018636170,-0.0260489400,0.2491618000,0.0958866300,0.9637033000,-0.0266191100,0.0005875855,-0.0240818700,0.2601182000,0.0946355800,0.9609280000,0.0000000000,
4012321,1,1.0000000000,2.8589630000,-0.0324724900,0.0008230744,-0.0238989900,0.2631564000,0.0956127800,0.9600036000,1,1.0000000000,2.9158940000,0.0344099000,-0.0018670350,-0.0260462100,0.2547802000,0.0821699300,0.9635015000,-0.0144391800,0.0000977478,-0.0244779400,0.2608962000,0.0919957500,0.9609734000,0.0000000000,
4012329,1,1.0000000000,2.9757540000,-0.0324295800,0.0008077240,-0.0239075000,0.2673662000,0.0966955600,0.9587311000,1,1.0000000000,3.0106350000,0.0344344800,-0.0018643490,-0.0260574500,0.2569156000,0.0882122100,0.9623996000,-0.0015016330,-0.0004282379,-0.0249019600,0.2625468000,0.0927748800,0.9604489000,0.0000000000,
4012337,1,1.0000000000,3.0533140000,-0.0323629800,0.0008025666,-0.0239265200,0.2764613000,0.1031961000,0.9554683000,1,1.0000000000,2.9460450000,0.0344758200,-0.0018620450,-0.0260791000,0.2755904000,0.0911412200,0.9569447000,-0.0007411499,-0.0004580689,-0.0249449200,0.2760637000,0.0974889800,0.9561824000,0.0000000000,
4012346,1,1.0000000000,2.9675900000,-0.0322458500,0.0008111878,-0.0239663300,0.2891097000,0.1075292000,0.9512376000,1,1.0000000000,3.0223240000,0.0345480400,-0.0018565980,-0.0261032300,0.2869441000,0.0969704700,0.9530267000,-0.0005634461,-0.0004542237,-0.0249799200,0.2880895000,0.1025251000,0.9520993000,0.0000000000,
4012354,1,1.0000000000,2.9462890000,-0.0322020000,0.0008227234,-0.0239712100,0.2896277000,0.1071017000,0.9511282000,1,1.0000000000,2.9369660000,0.0345772400,-0.0018497160,-0.0261082600,0.2882726000,0.0956890400,0.9527552000,0.0025284120,-0.0005671387,-0.0250826400,0.2889282000,0.1011668000,0.9519905000,0.0000000000,
4012362,1,1.0000000000,2.9803470000,-0.0321972800,0.0008197632,-0.0239755300,0.2904982000,0.1106267000,0.9504591000,1,1.0000000000,2.9593960000,0.0345864400,-0.0018522800,-0.0261111300,0.2859540000,0.0954756800,0.9534751000,0.0028230900,-0.0005814056,-0.0250954000,0.2881209000,0.1026932000,0.9520717000,0.0000000000,
4012371,1,1.0000000000,2.9351810000,-0.0321948100,0.0008184510,-0.0239765200,0.2941334000,0.1075610000,0.9496927000,1,1.0000000000,2.9842680000,0.0345973100,-0.0018550870,-0.0261164100,0.2905458000,0.0945902800,0.9521742000,0.0026085660,-0.0005746461,-0.0250915500,0.2922680000,0.1008152000,0.9510077000,0.0000000000,
4012379,1,1.0000000000,2.9284970000,-0.0321923400,0.0008197632,-0.0239774900,0.2978556000,0.1083846000,0.9484380000,1,1.0000000000,3.0130160000,0.0346202100,-0.0018496550,-0.0261169000,0.2916594000,0.0930032500,0.9519901000,0.0030721590,-0.0005891877,-0.0251067100,0.2945912000,0.1002672000,0.9503487000,0.0000000000,
4012387,1,1.0000000000,2.9544830000,-0.0321894000,0.0008197785,-0.0239782700,0.2975182000,0.1081552000,0.9485701000,1,1.0000000000,2.9193730000,0.0346375600,-0.0018453670,-0.0261297800,0.2918723000,0.1016395000,0.9510415000,0.0027097170,-0.0005720368,-0.0251018500,0.2945741000,0.1047527000,0.9498700000,0.0000000000,
4012396,1,1.0000000000,2.9482270000,-0.0321864500,0.0008197785,-0.0239781500,0.2970588000,0.1075900000,0.9487784000,1,1.0000000000,2.9047390000,0.0346484700,-0.0018451690,-0.0261341900,0.2925616000,0.1041124000,0.9505621000,0.0022350160,-0.0005527192,-0.0250885600,0.2947422000,0.1057904000,0.9497028000,0.0000000000,
4012404,1,1.0000000000,2.9597470000,-0.0321840400,0.0008199768,-0.0239785900,0.2989836000,0.1082469000,0.9480988000,1,1.0000000000,2.9327240000,0.0346508500,-0.0018437650,-0.0261342600,0.2939335000,0.1040509000,0.9501455000,0.0018096010,-0.0005348511,-0.0250750100,0.2964037000,0.1061255000,0.9491481000,0.0000000000,
4012412,1,1.0000000000,2.9492950000,-0.0321816300,0.0008201905,-0.0239790400,0.3008295000,0.1078195000,0.9475635000,1,1.0000000000,2.9465180000,0.0346532200,-0.0018423620,-0.0261343300,0.2939181000,0.1039593000,0.9501603000,0.0005903321,-0.0004853669,-0.0250358700,0.2974421000,0.1059274000,0.9488454000,0.0000000000,
4012421,1,1.0000000000,2.9587250000,-0.0321794900,0.0008205567,-0.0239800100,0.3002491000,0.1082465000,0.9476988000,1,1.0000000000,2.9534760000,0.0346512500,-0.0018413240,-0.0261342600,0.2932467000,0.1036236000,0.9504044000,-0.0001571960,-0.0004548951,-0.0250122200,0.2968949000,0.1060350000,0.9490048000,0.0000000000,
4012429,1,1.0000000000,2.9689480000,-0.0321816300,0.0008209076,-0.0239809700,0.3004944000,0.1087352000,0.9475652000,1,1.0000000000,2.9734800000,0.0346367500,-0.0018342590,-0.0261175200,0.2916005000,0.0907455900,0.9522260000,-0.0000788117,-0.0004547577,-0.0250074800,0.2962373000,0.1000987000,0.9498546000,0.0000000000,
4012437,1,1.0000000000,2.9588320000,-0.0321829400,0.0008210602,-0.0239812000,0.2986960000,0.1088428000,0.9481213000,1,1.0000000000,2.9183810000,0.0346261700,-0.0018322140,-0.0261231100,0.2935038000,0.0956576800,0.9511599000,0.0001016998,-0.0004610901,-0.0250162500,0.2961928000,0.1024796000,0.9496145000,0.0000000000,
4012446,1,1.0000000000,2.9484860000,-0.0321842500,0.0008212128,-0.0239809700,0.2969095000,0.1083084000,0.9487433000,1,1.0000000000,2.9781190000,0.0346171100,-0.0018313900,-0.0261166900,0.2840301000,0.1003734000,0.9535471000,0.0001864319,-0.0004641876,-0.0250159000,0.2906814000,0.1044622000,0.9511004000,0.0000000000,
4012454,1,1.0000000000,2.9458160000,-0.0322190700,0.0008276367,-0.0239584400,0.2852209000,0.1045698000,0.9527404000,1,1.0000000000,2.9308620000,0.0346064500,-0.0018385320,-0.0261027900,0.2791166000,0.0943918300,0.9556066000,0.0003038483,-0.0004699402,-0.0250020600,0.2822587000,0.0996099600,0.9541529000,0.0000000000,
4012462,1,1.0000000000,2.8945470000,-0.0322415500,0.0008329010,-0.0239494500,0.2778656000,0.1053173000,0.9548293000,1,1.0000000000,2.9017790000,0.0345952200,-0.0018312840,-0.0261090400,0.2814079000,0.1031514000,0.9540280000,0.0016806490,-0.0005192719,-0.0250455200,0.2796639000,0.1042178000,0.9544249000,0.0000000000,
4012471,1,1.0000000000,2.9773250000,-0.0322690100,0.0008436738,-0.0239447500,0.2780630000,0.1052407000,0.9547802000,1,1.0000000000,2.8379820000,0.0345856800,-0.0018290710,-0.0260989100,0.2813461000,0.0970932600,0.9546818000,0.0018621060,-0.0005208283,-0.0250445100,0.2797426000,0.1010906000,0.9547380000,0.0000000000,
4012479,1,1.0000000000,2.9504700000,-0.0322901500,0.0008552857,-0.0239419700,0.2759565000,0.1049962000,0.9554182000,1,1.0000000000,2.9439850000,0.0345730700,-0.0018279880,-0.0260882700,0.2771956000,0.0938125500,0.9562227000,0.0019597020,-0.0005191803,-0.0250414000,0.2765971000,0.0992740400,0.9558445000,0.0000000000,
4012487,1,1.0000000000,2.8509980000,-0.0323386600,0.0008535309,-0.0239270900,0.2737739000,0.1085818000,0.9556453000,1,1.0000000000,2.9915010000,0.0345648500,-0.0018342900,-0.0260745400,0.2654600000,0.0896921300,0.9599408000,0.0020537570,-0.0005281525,-0.0250310100,0.2695174000,0.0988774500,0.9579058000,0.0000000000,
4012496,1,1.0000000000,3.0295560000,-0.0323264000,0.0008767701,-0.0239228100,0.2651098000,0.1020827000,0.9587992000,1,1.0000000000,2.9360200000,0.0345503200,-0.0018341220,-0.0260730300,0.2647431000,0.0866862000,0.9604148000,0.0021754460,-0.0005217896,-0.0250321000,0.2649248000,0.0941473400,0.9596620000,0.0000000000,
4012504,1,1.0000000000,2.8362120000,-0.0323761900,0.0008609620,-0.0239029200,0.2592328000,0.1053014000,0.9600573000,1,1.0000000000,2.9583890000,0.0345174100,-0.0018288420,-0.0260738100,0.2585776000,0.0933998500,0.9614645000,0.0021388090,-0.0005268860,-0.0250230400,0.2588999000,0.0991684200,0.9607999000,0.0000000000,
4012512,1,1.0000000000,2.8362880000,-0.0323662100,0.0008808289,-0.0239026800,0.2463405000,0.0995188600,0.9640604000,1,1.0000000000,2.9337920000,0.0344844800,-0.0018314670,-0.0260641500,0.2452732000,0.0956892100,0.9647200000,0.0020013890,-0.0005135346,-0.0250138900,0.2457925000,0.0975509900,0.9644013000,0.0000000000,
4012521,1,1.0000000000,2.9432220000,-0.0324183800,0.0008855591,-0.0238944300,0.2444640000,0.0971538600,0.9647790000,1,1.0000000000,2.9263760000,0.0344484700,-0.0018354340,-0.0260535100,0.2399609000,0.0969243000,0.9659319000,0.0021194310,-0.0005198670,-0.0250096300,0.2421447000,0.0970471000,0.9653745000,0.0000000000,
4012529,1,1.0000000000,2.8809660000,-0.0324902600,0.0008602448,-0.0238731200,0.2415933000,0.0923160100,0.9659764000,1,1.0000000000,2.9765630000,0.0343893900,-0.0018325200,-0.0260275300,0.2218350000,0.0997631800,0.9699673000,0.0019120940,-0.0005248871,-0.0249813400,0.2314324000,0.0961465800,0.9680883000,0.0000000000,
4012537,1,1.0000000000,2.9277800000,-0.0325393700,0.0008689881,-0.0238577000,0.2278601000,0.0923769600,0.9693020000,1,1.0000000000,2.9374390000,0.0343304500,-0.0018215180,-0.0260003700,0.1978942000,0.1049058000,0.9745936000,-0.0015184630,-0.0003791352,-0.0248516700,0.2139911000,0.0982064200,0.9718865000,0.0000000000,
4012546,1,1.0000000000,2.8198850000,-0.0325977700,0.0008894501,-0.0238592700,0.2236959000,0.0960092000,0.9699187000,1,1.0000000000,3.0639040000,0.0342727100,-0.0018167270,-0.0259840400,0.1999227000,0.1085521000,0.9737800000,-0.0026633460,-0.0003219605,-0.0248104300,0.2130757000,0.1016397000,0.9717346000,0.0000000000,
4012554,1,1.0000000000,2.7493290000,-0.0326599900,0.0008970185,-0.0238433500,0.2116120000,0.0922407600,0.9729912000,1,1.0000000000,3.0906220000,0.0341998900,-0.0018104400,-0.0259650600,0.1951160000,0.1134959000,0.9741912000,-0.0036931610,-0.0002759705,-0.0247625700,0.2044853000,0.1014568000,0.9735976000,0.0000000000,
4012562,1,1.0000000000,2.8415070000,-0.0327033100,0.0009004517,-0.0238421500,0.1912861000,0.0984201700,0.9765875000,1,1.0000000000,3.0729370000,0.0341192600,-0.0018126680,-0.0259010500,0.1886014000,0.0945448200,0.9774922000,-0.0051461490,-0.0002184143,-0.0246912200,0.1901862000,0.0968173400,0.9769624000,0.0000000000,
4012571,1,1.0000000000,2.9030910000,-0.0327819200,0.0009143525,-0.0238715500,0.1847540000,0.0973208800,0.9779543000,1,1.0000000000,3.0389710000,0.0340514900,-0.0018336490,-0.0257849600,0.1830153000,0.0871436100,0.9792402000,-0.0130268300,0.0001020660,-0.0244371400,0.1842519000,0.0943156200,0.9783434000,0.0000000000,
4012579,1,1.0000000000,2.8053740000,-0.0328579900,0.0009183197,-0.0238856400,0.1725638000,0.0961162900,0.9802976000,1,1.0000000000,3.0223690000,0.0339753700,-0.0019246220,-0.0255409300,0.1704279000,0.0944380400,0.9808342000,-0.0270828100,0.0006726533,-0.0240286700,0.1723806000,0.0959789500,0.9803433000,0.0000000000,
4012587,1,1.0000000000,2.8608550000,-0.0329429800,0.0009614563,-0.0239915300,0.1578698000,0.1122148000,0.9810632000,1,1.0000000000,3.0369260000,0.0338836100,-0.0018856510,-0.0256173700,0.1617605000,0.0882426900,0.9828768000,-0.0300877900,0.0008398133,-0.0240610100,0.1580373000,0.1111922000,0.9811527000,0.0000000000,
4012596,1,1.0000000000,2.9281460000,-0.0330203000,0.0009336701,-0.0238925200,0.1571510000,0.1131750000,0.9810683000,1,1.0000000000,2.8871610000,0.0337961900,-0.0018059080,-0.0258306400,0.1465765000,0.0855563400,0.9854925000,-0.0296661500,0.0007961426,-0.0239898100,0.1566170000,0.1117864000,0.9813128000,0.0000000000,
4012604,1,1.0000000000,2.8539730000,-0.0331201600,0.0009457093,-0.0239213600,0.1480888000,0.1069962000,0.9831691000,1,1.0000000000,2.9267430000,0.0337199100,-0.0015805510,-0.0264835100,0.1202864000,0.1064923000,0.9870109000,-0.0319762600,0.0009024811,-0.0239652100,0.1476150000,0.1069957000,0.9832404000,0.0000000000,
4012612,1,1.0000000000,2.9869840000,-0.0331909400,0.0009254761,-0.0237644700,0.1201633000,0.1031192000,0.9873840000,1,1.0000000000,2.9040530000,0.0336438800,-0.0014881440,-0.0267473200,0.0926830700,0.1000226000,0.9906591000,-0.0330726700,0.0009212036,-0.0237697500,0.1201034000,0.1031049000,0.9873928000,0.0000000000,
4012621,1,1.0000000000,2.9320980000,-0.0333207900,0.0009114991,-0.0237397500,0.1203620000,0.1089789000,0.9867303000,1,1.0000000000,2.9477840000,0.0335376600,-0.0015560150,-0.0265549600,0.0913247500,0.1006937000,0.9907172000,-0.0333083500,0.0009110413,-0.0237402700,0.1203469000,0.1089791000,0.9867321000,0.0000000000,
4012629,1,1.0000000000,2.8688350000,-0.0333842900,0.0008847046,-0.0235965300,0.0973208800,0.1113743000,0.9890017000,1,1.0000000000,2.9471740000,0.0334626900,-0.0014862210,-0.0267242300,0.0747989200,0.0938572400,0.9927718000,-0.0333821600,0.0008846283,-0.0235966400,0.0973208800,0.1113743000,0.9890017000,0.0000000000,
4012637,1,1.0000000000,2.8444520000,-0.0334830300,0.0009770509,-0.0238768600,0.0873267400,0.1140298000,0.9896319000,1,1.0000000000,2.9765780000,0.0333651000,-0.0015006260,-0.0266647700,0.0634308800,0.0880280900,0.9940964000,-0.0334824100,0.0009770204,-0.0238768900,0.0873267400,0.1140298000,0.9896319000,0.0000000000,
4012646,1,1.0000000000,2.9921880000,-0.0335639200,0.0009608002,-0.0237718800,0.0787813900,0.1172031000,0.9899782000,1,1.0000000000,2.9310300000,0.0332636600,-0.0017023770,-0.0259895300,0.0589600600,0.0933839500,0.9938829000,-0.0335629000,0.0009607697,-0.0237719100,0.0787813900,0.1172031000,0.9899782000,0.0000000000,
4012654,1,1.0000000000,2.9613340000,-0.0336534300,0.0009861909,-0.0238339500,0.0636600700,0.1069495000,0.9922243000,1,1.0000000000,2.8715360000,0.0331625700,-0.0016481780,-0.0260988600,0.0510560800,0.0824282500,0.9952884000,-0.0336508500,0.0009860840,-0.0238340500,0.0636600700,0.1069495000,0.9922243000,0.0000000000,
4012662,1,1.0000000000,2.8743740000,-0.0337423700,0.0009162446,-0.0236027500,0.0657204500,0.1165329000,0.9910101000,1,1.0000000000,2.8742370000,0.0330709100,-0.0016950990,-0.0258835200,0.0417633700,0.0797120300,0.9959427000,-0.0337300100,0.0009157563,-0.0236031700,0.0657205700,0.1165178000,0.9910118000,0.0000000000,
4012671,1,1.0000000000,2.9022520000,-0.0338344900,0.0009953461,-0.0238396600,0.0487672500,0.1126713000,0.9924349000,1,1.0000000000,2.9201050000,0.0329886000,-0.0015901340,-0.0262013100,0.0292973100,0.0784160900,0.9964901000,-0.0337826600,0.0009933473,-0.0238414900,0.0487522000,0.1126412000,0.9924390000,0.0000000000,
4012679,1,1.0000000000,2.9860230000,-0.0338874100,0.0009987183,-0.0238149300,0.0374759700,0.1194165000,0.9921367000,1,1.0000000000,2.8598330000,0.0329012200,-0.0016321110,-0.0261490000,0.0159302700,0.0848393500,0.9962673000,-0.0337714300,0.0009941559,-0.0238189700,0.0374452100,0.1193547000,0.9921454000,0.0000000000,
4012687,1,1.0000000000,3.0742800000,-0.0339227500,0.0010428010,-0.0239692200,0.0119324500,0.1181343000,0.9929259000,1,1.0000000000,2.8770140000,0.0328435700,-0.0016150970,-0.0262140200,0.0041809560,0.0899516000,0.9959373000,-0.0337669400,0.0010365910,-0.0239744700,0.0119020400,0.1180591000,0.9929352000,0.0000000000,
4012695,1,1.0000000000,2.9140320000,-0.0339870900,0.0011511380,-0.0241842000,0.0064544990,0.1117254000,0.9937181000,1,1.0000000000,2.8549350000,0.0327975000,-0.0016665650,-0.0260686700,-0.0117189400,0.1011979000,0.9947973000,-0.0324076900,0.0010844880,-0.0242287800,0.0060272480,0.1114812000,0.9937483000,0.0000000000,
4012704,1,1.0000000000,2.9388890000,-0.0340233000,0.0011233220,-0.0241150100,-0.0091858780,0.1108104000,0.9937991000,1,1.0000000000,2.8674470000,0.0327230400,-0.0016681370,-0.0260581700,-0.0250095200,0.1132219000,0.9932549000,-0.0245087700,0.0007254028,-0.0243920000,-0.0114441800,0.1111612000,0.9937365000,0.0000000000,
4012712,1,1.0000000000,3.0474550000,-0.0341103200,0.0011180570,-0.0241410800,-0.0235444200,0.1011968000,0.9945878000,1,1.0000000000,2.9265140000,0.0326469100,-0.0016153870,-0.0261968100,-0.0347447700,0.1026626000,0.9941093000,0.0076692360,-0.0005926361,-0.0254276400,-0.0305484200,0.1021129000,0.9943036000,0.0000000000,
4012720,1,1.0000000000,3.1224820000,-0.0342324200,0.0011618650,-0.0244000400,-0.0223390000,0.1071326000,0.9939937000,1,1.0000000000,3.0146480000,0.0325792900,-0.0016376190,-0.0261450700,-0.0405431400,0.0933239900,0.9948100000,0.0305626400,-0.0015531310,-0.0260924100,-0.0399937100,0.0937510000,0.9947920000,0.0000000000,
4012729,1,1.0000000000,3.0848240000,-0.0342779400,0.0011043550,-0.0242117900,-0.0359196600,0.1071944000,0.9935890000,1,1.0000000000,2.9540410000,0.0325034000,-0.0015960390,-0.0262501400,-0.0504766900,0.1102003000,0.9926268000,0.0308109600,-0.0015276030,-0.0261984900,-0.0501103000,0.1101236000,0.9926539000,0.0000000000,
4012737,1,1.0000000000,3.1866000000,-0.0343478400,0.0010919040,-0.0241779300,-0.0485694000,0.1096664000,0.9927810000,1,1.0000000000,2.9379270000,0.0324426900,-0.0016483770,-0.0260967100,-0.0636601600,0.1144571000,0.9913864000,0.0302641900,-0.0015589910,-0.0260341200,-0.0631720600,0.1143048000,0.9914352000,0.0000000000,
4012745,1,1.0000000000,3.0436250000,-0.0344132600,0.0011766970,-0.0244209900,-0.0548254000,0.1106121000,0.9923503000,1,1.0000000000,2.8433380000,0.0323738300,-0.0016457210,-0.0260883200,-0.0703589800,0.1103069000,0.9914041000,0.0285920600,-0.0014859010,-0.0259939100,-0.0694890200,0.1103371000,0.9914621000,0.0000000000,
4012754,1,1.0000000000,3.1420590000,-0.0345708600,0.0018138730,-0.0264712100,-0.0400547900,0.0885478000,0.9952663000,1,1.0000000000,2.9879300000,0.0322942500,-0.0015730130,-0.0263376900,-0.0797733100,0.1053471000,0.9912306000,0.0322932000,-0.0015729520,-0.0263376900,-0.0797733100,0.1053471000,0.9912306000,0.0000000000,
4012762,1,1.0000000000,3.1441500000,-0.0346350900,0.0018101650,-0.0264697700,-0.0460668700,0.0907299200,0.9948095000,1,1.0000000000,2.8681180000,0.0322535600,-0.0016427160,-0.0261250800,-0.0934611900,0.1106733000,0.9894526000,0.0322535600,-0.0016427160,-0.0261250800,-0.0934611900,0.1106733000,0.9894526000,0.0000000000,
4012770,1,1.0000000000,3.0804290000,-0.0346892600,0.0017905730,-0.0263893300,-0.0525520100,0.1003890000,0.9935594000,1,1.0000000000,2.9308780000,0.0321893300,-0.0016152340,-0.0261767300,-0.0975049500,0.1072554000,0.9894388000,0.0321893300,-0.0016152340,-0.0261767300,-0.0975049500,0.1072554000,0.9894388000,0.0000000000,
4012779,1,1.0000000000,2.9954220000,-0.0347062100,0.0017099300,-0.0261074100,-0.0617067800,0.0968784200,0.9933816000,1,1.0000000000,2.9736940000,0.0321378300,-0.0015417330,-0.0264227300,-0.1039738000,0.1047520000,0.9890482000,0.0321378300,-0.0015417330,-0.0264227300,-0.1039738000,0.1047520000,0.9890482000,0.0000000000,
4012787,1,1.0000000000,3.1070100000,-0.0347477100,0.0017252660,-0.0261641400,-0.0681926900,0.1024035000,0.9924028000,1,1.0000000000,2.9152830000,0.0320990500,-0.0015527340,-0.0264109200,-0.1099400000,0.1025242000,0.9886364000,0.0320990500,-0.0015527340,-0.0264109200,-0.1099400000,0.1025242000,0.9886364000,0.0000000000,
4012795,1,1.0000000000,2.9870150000,-0.0348084700,0.0017297520,-0.0262002400,-0.0730600400,0.1015944000,0.9921395000,1,1.0000000000,2.8905180000,0.0320568900,-0.0015741730,-0.0263349900,-0.1169904000,0.1039135000,0.9876817000,0.0320568900,-0.0015741730,-0.0263349900,-0.1169904000,0.1039135000,0.9876817000,0.0000000000,
4012804,1,1.0000000000,2.9272770000,-0.0348360900,0.0017373200,-0.0262332200,-0.0743723300,0.1051955000,0.9916666000,1,1.0000000000,2.9960020000,0.0320269900,-0.0015924070,-0.0262829800,-0.1152809000,0.1041266000,0.9878603000,0.0320269900,-0.0015924070,-0.0262829800,-0.1152809000,0.1041266000,0.9878603000,0.0000000000,
4012812,1,1.0000000000,2.9268490000,-0.0348583400,0.0017138520,-0.0261699100,-0.0859994300,0.1064159000,0.9905956000,1,1.0000000000,2.9087520000,0.0319956400,-0.0015872040,-0.0263266200,-0.1253977000,0.1071328000,0.9863052000,0.0319956200,-0.0015872040,-0.0263266200,-0.1253977000,0.1071328000,0.9863052000,0.0000000000,
4012820,1,1.0000000000,2.9827420000,-0.0348719200,0.0017312470,-0.0262346500,-0.0898137500,0.1036993000,0.9905453000,1,1.0000000000,2.9889220000,0.0319623700,-0.0015729520,-0.0263913400,-0.1347068000,0.1068438000,0.9851084000,0.0319230400,-0.0015710150,-0.0263912400,-0.1346898000,0.1068424000,0.9851108000,0.0000000000,
4012829,1,1.0000000000,2.9602360000,-0.0348855000,0.0017192080,-0.0262005300,-0.0939651500,0.1057299000,0.9899453000,1,1.0000000000,2.9565890000,0.0319364800,-0.0015708620,-0.0263940900,-0.1357426000,0.1142581000,0.9841337000,0.0127005600,-0.0006237488,-0.0263383600,-0.1237358000,0.1118184000,0.9859950000,0.0000000000,
4012837,1,1.0000000000,3.0042110000,-0.0349399000,0.0017426000,-0.0262723100,-0.1008001000,0.1062475000,0.9892173000,1,1.0000000000,2.8199310000,0.0319069500,-0.0015481110,-0.0264633500,-0.1382921000,0.1035169000,0.9849668000,-0.0034176480,0.0001908264,-0.0263624000,-0.1185007000,0.1049813000,0.9873887000,0.0000000000,
4012845,1,1.0000000000,2.8331910000,-0.0349748700,0.0018048550,-0.0264736000,-0.1000066000,0.1017919000,0.9897662000,1,1.0000000000,2.9041750000,0.0318832100,-0.0015316160,-0.0264992700,-0.1375144000,0.1043717000,0.9849855000,0.0020741270,-0.0000440216,-0.0264878300,-0.1208043000,0.1032413000,0.9872930000,0.0000000000,
4012854,1,1.0000000000,2.9580230000,-0.0349853200,0.0017882540,-0.0263780400,-0.1068587000,0.1037764000,0.9888436000,1,1.0000000000,2.9608920000,0.0318584000,-0.0015406950,-0.0264695600,-0.1430075000,0.1104905000,0.9835348000,0.0083355100,-0.0003692017,-0.0264373500,-0.1303111000,0.1081399000,0.9855581000,0.0000000000,
4012862,1,1.0000000000,2.9633030000,-0.0349921900,0.0017846530,-0.0263330400,-0.1134506000,0.1036086000,0.9881266000,1,1.0000000000,2.9476170000,0.0318452900,-0.0015416720,-0.0264655200,-0.1410836000,0.1029975000,0.9846252000,0.0068032990,-0.0002953949,-0.0264158800,-0.1307528000,0.1032412000,0.9860249000,0.0000000000,
4012870,1,1.0000000000,2.9402010000,-0.0349941300,0.0017848510,-0.0263234000,-0.1186845000,0.1001600000,0.9878674000,1,1.0000000000,3.0076600000,0.0318389500,-0.0015403900,-0.0264671000,-0.1441350000,0.1041874000,0.9840580000,0.0036469570,-0.0001377106,-0.0264064800,-0.1334095000,0.1024947000,0.9857468000,0.0000000000,
4012879,1,1.0000000000,2.9189760000,-0.0349921900,0.0017846530,-0.0263137700,-0.1246506000,0.1014875000,0.9869967000,1,1.0000000000,3.0341950000,0.0318325800,-0.0015390930,-0.0264686900,-0.1471121000,0.1033798000,0.9837025000,0.0031660010,-0.0001132660,-0.0264022400,-0.1374831000,0.1025707000,0.9851789000,0.0000000000,
4012887,1,1.0000000000,2.9436190000,-0.0349341400,0.0014977110,-0.0253022900,-0.1421825000,0.1076364000,0.9839708000,1,1.0000000000,2.9910890000,0.0318277400,-0.0015369260,-0.0264778300,-0.1468976000,0.1030130000,0.9837731000,0.0307003700,-0.0014856720,-0.0264579800,-0.1468218000,0.1030896000,0.9837763000,0.0000000000,
4012895,1,1.0000000000,2.9700160000,-0.0348806500,0.0012107700,-0.0242908200,-0.1588902000,0.1126102000,0.9808531000,1,1.0000000000,2.9665680000,0.0318229100,-0.0015347600,-0.0264835500,-0.1467288000,0.1028750000,0.9838126000,0.0318228500,-0.0015347440,-0.0264835500,-0.1467288000,0.1028750000,0.9838126000,0.0000000000,
4012904,1,1.0000000000,2.9458920000,-0.0349364200,0.0014947660,-0.0252651800,-0.1454790000,0.1059735000,0.9836694000,1,1.0000000000,2.9831090000,0.0318240100,-0.0015345310,-0.0264775400,-0.1475687000,0.1035315000,0.9836181000,0.0318240100,-0.0015345310,-0.0264775400,-0.1475687000,0.1035315000,0.9836181000,0.0000000000,
4012912,1,1.0000000000,2.9214170000,-0.0349921900,0.0017752840,-0.0262119900,-0.1289991000,0.0987101000,0.9867196000,1,1.0000000000,2.9665830000,0.0318251200,-0.0015343170,-0.0264829400,-0.1477055000,0.1027835000,0.9836761000,0.0318251200,-0.0015343170,-0.0264829400,-0.1477055000,0.1027835000,0.9836761000,0.0000000000,
4012920,1,1.0000000000,2.9218600000,-0.0349941300,0.0017770230,-0.0262257800,-0.1281600000,0.0994883800,0.9867508000,1,1.0000000000,2.9664310000,0.0318275300,-0.0015339660,-0.0264772300,-0.1478905000,0.1032731000,0.9835970000,0.0318275300,-0.0015339660,-0.0264772300,-0.1478905000,0.1032731000,0.9835970000,0.0000000000,
4012929,1,1.0000000000,2.9230960000,-0.0349960800,0.0017787630,-0.0262395600,-0.1273655000,0.1001285000,0.9867889000,1,1.0000000000,2.9646760000,0.0318299600,-0.0015336150,-0.0264715300,-0.1480728000,0.1020366000,0.9836986000,0.0318299600,-0.0015336150,-0.0264715300,-0.1480728000,0.1020366000,0.9836986000,0.0000000000,
4012937,1,1.0000000000,2.9308170000,-0.0350026700,0.0017817080,-0.0262653800,-0.1248339000,0.1018386000,0.9869374000,1,1.0000000000,2.9569090000,0.0318312700,-0.0015336000,-0.0264701100,-0.1474774000,0.1027688000,0.9837118000,0.0318312700,-0.0015336000,-0.0264701100,-0.1474774000,0.1027688000,0.9837118000,0.0000000000,
4012945,1,1.0000000000,2.9227750000,-0.0350075600,0.0017846530,-0.0262912000,-0.1226064000,0.1034716000,0.9870467000,1,1.0000000000,2.9656070000,0.0318325800,-0.0015336000,-0.0264715300,-0.1469431000,0.1038368000,0.9836797000,0.0318325800,-0.0015336000,-0.0264715300,-0.1469431000,0.1038368000,0.9836797000,0.0000000000,
4012954,1,1.0000000000,2.9215550000,-0.0350018200,0.0017848510,-0.0263024800,-0.1232319000,0.1040513000,0.9869080000,1,1.0000000000,2.9573060000,0.0318348600,-0.0015315700,-0.0264722100,-0.1466537000,0.1039286000,0.9837132000,0.0318348600,-0.0015315700,-0.0264722100,-0.1466537000,0.1039286000,0.9837132000,0.0000000000,
4012962,1,1.0000000000,2.9203030000,-0.0349960800,0.0017850500,-0.0262912000,-0.1239943000,0.1034710000,0.9868734000,1,1.0000000000,2.9490660000,0.0318371300,-0.0015295560,-0.0264715300,-0.1463633000,0.1039284000,0.9837564000,0.0318371300,-0.0015295560,-0.0264715300,-0.1463633000,0.1039284000,0.9837564000,0.0000000000,
4012970,1,1.0000000000,2.9198150000,-0.0349957800,0.0017848510,-0.0262832700,-0.1208814000,0.1030894000,0.9872995000,1,1.0000000000,2.9487760000,0.0318412200,-0.0015283200,-0.0264701100,-0.1448069000,0.1030738000,0.9840766000,0.0318411600,-0.0015283200,-0.0264701100,-0.1448069000,0.1030738000,0.9840766000,0.0000000000,
4012979,1,1.0000000000,2.9194640000,-0.0349954900,0.0017846530,-0.0262753300,-0.1177532000,0.1027689000,0.9877108000,1,1.0000000000,2.9438170000,0.0319386000,-0.0015575100,-0.0263326100,-0.1304032000,0.1089643000,0.9854551000,0.0309351800,-0.0015074010,-0.0263317600,-0.1302186000,0.1088716000,0.9854898000,0.0000000000,
4012987,1,1.0000000000,2.9198460000,-0.0349954900,0.0017787630,-0.0262612300,-0.1178136000,0.1033330000,0.9876448000,1,1.0000000000,3.0312040000,0.0319513900,-0.0015630800,-0.0263346600,-0.1233381000,0.1010295000,0.9872086000,-0.0073758400,0.0004000397,-0.0262915200,-0.1200881000,0.1023877000,0.9874693000,0.0000000000,
4012995,1,1.0000000000,2.9141540000,-0.0349849100,0.0017773590,-0.0262395600,-0.1183642000,0.1028916000,0.9876251000,1,1.0000000000,2.9760280000,0.0319611800,-0.0015460510,-0.0263870400,-0.1224679000,0.0983588700,0.9875865000,-0.0099467770,0.0005343781,-0.0262947300,-0.1199041000,0.1011968000,0.9876144000,0.0000000000,
4013004,1,1.0000000000,2.8811040000,-0.0349214900,0.0017714080,-0.0263138100,-0.0673985300,0.1160134000,0.9909583000,1,1.0000000000,2.9097290000,0.0319904500,-0.0015900420,-0.0262707400,-0.1112074000,0.1021130000,0.9885373000,-0.0156875500,0.0008051453,-0.0263014200,-0.0800029600,0.1120469000,0.9904772000,0.0000000000,
4013012,1,1.0000000000,2.9192960000,-0.0348737900,0.0017418820,-0.0262036900,-0.0598605000,0.1034398000,0.9928328000,1,1.0000000000,2.9883120000,0.0320395200,-0.0016729580,-0.0260263400,-0.1067515000,0.1049357000,0.9887328000,-0.0257322900,0.0012753450,-0.0261794600,-0.0662852700,0.1036547000,0.9924021000,0.0000000000,
4013020,1,1.0000000000,3.0236360000,-0.0348561600,0.0018051150,-0.0264218200,-0.0479736600,0.1009980000,0.9937293000,1,1.0000000000,2.9758300000,0.0320880300,-0.0016600340,-0.0260698700,-0.0926065400,0.1049815000,0.9901530000,-0.0287436800,0.0014887240,-0.0263896800,-0.0520478600,0.1013644000,0.9934869000,0.0000000000,
4013029,1,1.0000000000,3.0982060000,-0.0348170500,0.0017992250,-0.0264435000,-0.0319520000,0.0938418200,0.9950743000,1,1.0000000000,2.9261930000,0.0321327200,-0.0015898590,-0.0262680500,-0.0882420100,0.1037450000,0.9906817000,-0.0255674900,0.0013309940,-0.0264192500,-0.0397339900,0.0952303500,0.9946620000,0.0000000000,
4013037,1,1.0000000000,2.9700320000,-0.0347509200,0.0018103490,-0.0264829900,-0.0330050300,0.1038827000,0.9940417000,1,1.0000000000,2.9367520000,0.0321864800,-0.0016354980,-0.0260988600,-0.0811161400,0.1099554000,0.9906210000,-0.0217987100,0.0011435850,-0.0264086600,-0.0423127600,0.1050724000,0.9935640000,0.0000000000,
4013045,1,1.0000000000,3.1383820000,-0.0346847300,0.0018698580,-0.0266873900,-0.0224916100,0.0877691500,0.9958869000,1,1.0000000000,2.9901280000,0.0322572200,-0.0017286680,-0.0258300800,-0.0633402000,0.1120317000,0.9916839000,-0.0210296200,0.0011358190,-0.0265125100,-0.0308229300,0.0927281800,0.9952143000,0.0000000000,
4013054,1,1.0000000000,3.1051180000,-0.0346210500,0.0018614350,-0.0266728800,-0.0039062980,0.0812540400,0.9966857000,1,1.0000000000,2.9512790000,0.0323202200,-0.0016496580,-0.0260850100,-0.0576332600,0.1142899000,0.9917743000,-0.0046878360,0.0002914276,-0.0264100000,-0.0279389100,0.0960695800,0.9949824000,0.0000000000,
4013062,1,1.0000000000,3.2129670000,-0.0344060200,0.0010315860,-0.0239841600,-0.0284427300,0.1057599000,0.9939848000,1,1.0000000000,2.9823910000,0.0324206900,-0.0017706760,-0.0257360900,-0.0466920200,0.1163181000,0.9921139000,0.0324100800,-0.0017702180,-0.0257358100,-0.0466768000,0.1163181000,0.9921146000,0.0000000000,
4013070,1,1.0000000000,3.0753780000,-0.0343295100,0.0010726930,-0.0241302200,-0.0126343500,0.1109168000,0.9937494000,1,1.0000000000,2.9250030000,0.0324699300,-0.0016198730,-0.0261859100,-0.0341037600,0.1096203000,0.9933883000,0.0324699300,-0.0016198730,-0.0261859100,-0.0341037600,0.1096203000,0.9933883000,0.0000000000,
4013079,1,1.0000000000,3.0060420000,-0.0341944400,0.0010136870,-0.0238561100,-0.0101777400,0.1057905000,0.9943364000,1,1.0000000000,2.9077000000,0.0325687000,-0.0016862030,-0.0259785200,-0.0140077400,0.1083387000,0.9940153000,0.0325687000,-0.0016862030,-0.0259785200,-0.0140077400,0.1083387000,0.9940153000,0.0000000000,
4013087,1,1.0000000000,3.0259550000,-0.0341561100,0.0009503785,-0.0237543000,0.0190126700,0.1209731000,0.9924737000,1,1.0000000000,2.9505310000,0.0326567900,-0.0016622770,-0.0260634600,-0.0072632950,0.1072862000,0.9942017000,0.0326567900,-0.0016622770,-0.0260634600,-0.0072632950,0.1072862000,0.9942017000,0.0000000000,
4013095,1,1.0000000000,3.0478970000,-0.0340524300,0.0009042206,-0.0235663500,0.0390932200,0.1224524000,0.9917042000,1,1.0000000000,2.7752530000,0.0327545000,-0.0016977240,-0.0259544200,0.0128328100,0.1067824000,0.9941996000,0.0327545000,-0.0016977240,-0.0259544200,0.0128328100,0.1067824000,0.9941996000,0.0000000000,
4013104,1,1.0000000000,3.0223850000,-0.0339334300,0.0009100495,-0.0236331700,0.0526429600,0.1210941000,0.9912441000,1,1.0000000000,2.9330750000,0.0328508000,-0.0016376190,-0.0261680000,0.0278474100,0.0985722200,0.9947402000,0.0328508000,-0.0016376190,-0.0261680000,0.0278474100,0.0985722200,0.9947402000,0.0000000000,
4013112,1,1.0000000000,3.0048370000,-0.0338206500,0.0009429780,-0.0237728000,0.0652014800,0.1164563000,0.9910533000,1,1.0000000000,2.8928220000,0.0329711300,-0.0016329040,-0.0261361700,0.0389105100,0.0893568400,0.9952393000,0.0329711300,-0.0016329040,-0.0261361700,0.0389105100,0.0893568400,0.9952393000,0.0000000000,
4013120,1,1.0000000000,2.9168400000,-0.0336959000,0.0009075928,-0.0237239800,0.0795754700,0.1176313000,0.9898639000,1,1.0000000000,2.9491420000,0.0330830700,-0.0016721500,-0.0260228700,0.0522774000,0.0903486600,0.9945372000,0.0330830700,-0.0016721500,-0.0260228700,0.0522774000,0.0903486600,0.9945372000,0.0000000000,
4013129,1,1.0000000000,2.9110260000,-0.0335777300,0.0009615174,-0.0238890400,0.0857398800,0.1137705000,0.9898005000,1,1.0000000000,2.9417110000,0.0331676200,-0.0017476650,-0.0258468900,0.0751354300,0.0923323600,0.9928894000,0.0331674700,-0.0017476500,-0.0258468800,0.0751354300,0.0923323600,0.9928894000,0.0000000000,
4013137,1,1.0000000000,2.9570470000,-0.0334534200,0.0010025330,-0.0240586100,0.0934605600,0.1140905000,0.9890645000,1,1.0000000000,3.0538480000,0.0332718200,-0.0018143920,-0.0256674200,0.0934454100,0.0976873800,0.9908204000,0.0035006560,-0.0005575409,-0.0249496000,0.0934603700,0.1050113000,0.9900696000,0.0000000000,
4013145,1,1.0000000000,3.0739590000,-0.0333388700,0.0009458161,-0.0239069700,0.1110232000,0.1147616000,0.9871695000,1,1.0000000000,3.0552370000,0.0333888900,-0.0015512240,-0.0265689100,0.0981302900,0.0993815200,0.9901989000,-0.0129565100,0.0001830750,-0.0247200800,0.1070871000,0.1100779000,0.9881372000,0.0000000000,
4013154,1,1.0000000000,2.9670260000,-0.0332465400,0.0010295720,-0.0242186000,0.1260089000,0.1090103000,0.9860216000,1,1.0000000000,2.8718720000,0.0334856100,-0.0015723880,-0.0265292500,0.1109929000,0.1088414000,0.9878432000,-0.0240051600,0.0006692352,-0.0245385900,0.1239324000,0.1089940000,0.9862865000,0.0000000000,
4013162,1,1.0000000000,2.9656520000,-0.0331248200,0.0010987400,-0.0244733100,0.1412207000,0.1062779000,0.9842569000,1,1.0000000000,2.8121800000,0.0335632900,-0.0016938020,-0.0261714000,0.1267097000,0.1097876000,0.9858455000,0.0054187630,-0.0005152588,-0.0254547600,0.1328434000,0.1083072000,0.9852016000,0.0000000000,
4013170,1,1.0000000000,2.9650570000,-0.0330152900,0.0012019960,-0.0248637300,0.1559315000,0.1117415000,0.9814271000,1,1.0000000000,2.9598540000,0.0336514300,-0.0017268370,-0.0260773600,0.1486833000,0.1067669000,0.9831043000,0.0319443500,-0.0016518400,-0.0260462800,0.1488669000,0.1069046000,0.9830616000,0.0000000000,
4013179,1,1.0000000000,3.0266270000,-0.0329115500,0.0012247160,-0.0249603100,0.1665962000,0.1075902000,0.9801377000,1,1.0000000000,3.0124660000,0.0337602400,-0.0015931090,-0.0264534600,0.1627519000,0.0891580400,0.9826305000,0.0334631400,-0.0015805510,-0.0264468100,0.1627679000,0.0892499800,0.9826195000,0.0000000000,
4013187,1,1.0000000000,2.9353490000,-0.0328107000,0.0012437590,-0.0250143100,0.1779350000,0.1149307000,0.9773076000,1,1.0000000000,2.9455110000,0.0338202700,-0.0016831510,-0.0262285600,0.1805293000,0.0828869300,0.9800709000,0.0337440800,-0.0016798100,-0.0262271700,0.1805289000,0.0829172400,0.9800684000,0.0000000000,
4013195,1,1.0000000000,2.8980560000,-0.0327280900,0.0012499850,-0.0250183000,0.1887840000,0.0953075200,0.9773828000,1,1.0000000000,3.0630040000,0.0338949200,-0.0016753690,-0.0262252400,0.1998618000,0.0834054400,0.9762678000,0.0338542300,-0.0016735840,-0.0262244900,0.1998469000,0.0834208400,0.9762695000,0.0000000000,
4013204,1,1.0000000000,3.0041810000,-0.0326269500,0.0012476350,-0.0250452700,0.1974197000,0.1021431000,0.9749832000,1,1.0000000000,3.0243230000,0.0339844800,-0.0016901860,-0.0262467200,0.2033708000,0.0928047100,0.9746936000,0.0339376100,-0.0016881260,-0.0262458800,0.2033705000,0.0928198400,0.9746922000,0.0000000000,
4013212,1,1.0000000000,2.8796080000,-0.0325348200,0.0012389530,-0.0250666800,0.2173948000,0.0918438300,0.9717532000,1,1.0000000000,3.0771030000,0.0340843100,-0.0016866910,-0.0262991000,0.2153042000,0.1068434000,0.9706846000,0.0340354200,-0.0016845400,-0.0262982000,0.2153045000,0.1068283000,0.9706862000,0.0000000000,
4013220,1,1.0000000000,2.8955080000,-0.0324549600,0.0012327270,-0.0250895400,0.2301064000,0.0964981800,0.9683693000,1,1.0000000000,2.9982910000,0.0341838700,-0.0017132870,-0.0263371600,0.2169807000,0.1186680000,0.9689361000,0.0341072700,-0.0017099000,-0.0263357300,0.2169960000,0.1186375000,0.9689364000,0.0000000000,
4013229,1,1.0000000000,3.0367280000,-0.0323586300,0.0012429350,-0.0251059100,0.2350953000,0.0896160700,0.9678322000,1,1.0000000000,2.9979250000,0.0342669500,-0.0017232820,-0.0263527800,0.2311565000,0.1082311000,0.9668778000,0.0326327800,-0.0016505280,-0.0263222100,0.2312656000,0.1077744000,0.9669027000,0.0000000000,
4013237,1,1.0000000000,2.9274750000,-0.0322872800,0.0012331700,-0.0251266300,0.2491321000,0.0957801100,0.9637216000,1,1.0000000000,2.9847410000,0.0343299400,-0.0017285000,-0.0263633400,0.2482785000,0.0967265400,0.9638473000,0.0188116600,-0.0010385900,-0.0260752600,0.2484774000,0.0964978700,0.9638190000,0.0000000000,
4013245,1,1.0000000000,3.0244600000,-0.0322685600,0.0012098080,-0.0251335100,0.2611432000,0.0982987500,0.9602820000,1,1.0000000000,3.1941380000,0.0344117000,-0.0017455140,-0.0263786900,0.2568690000,0.0960244900,0.9616640000,-0.0067275850,0.0000778046,-0.0256104700,0.2595098000,0.0974287000,0.9608133000,0.0000000000,
4013254,1,1.0000000000,2.9951930000,-0.0321558100,0.0012011110,-0.0251598400,0.2610027000,0.1004033000,0.9601024000,1,1.0000000000,3.0073390000,0.0344588800,-0.0017341310,-0.0263987300,0.2720654000,0.0935367700,0.9577219000,-0.0032115630,-0.0000742493,-0.0256981400,0.2658117000,0.0974286900,0.9590890000,0.0000000000,
4013262,1,1.0000000000,2.9486690000,-0.0321116800,0.0011970520,-0.0251846200,0.2752884000,0.1035784000,0.9557656000,1,1.0000000000,3.0638890000,0.0344988400,-0.0017322540,-0.0264194800,0.2830673000,0.1021124000,0.9536488000,-0.0032890470,-0.0000704651,-0.0257189500,0.2786581000,0.1029518000,0.9548563000,0.0000000000,
4013270,1,1.0000000000,3.0475160000,-0.0320608800,0.0011924900,-0.0251965700,0.2772240000,0.1083688000,0.9546743000,1,1.0000000000,3.0228880000,0.0345624600,-0.0017359920,-0.0264201500,0.2797566000,0.0999305200,0.9548561000,-0.0009355011,-0.0001756439,-0.0257682100,0.2784145000,0.1044321000,0.9547666000,0.0000000000,
4013279,1,1.0000000000,3.1123200000,-0.0320085300,0.0011906590,-0.0252189200,0.2858467000,0.1174790000,0.9510470000,1,1.0000000000,3.0332640000,0.0346041100,-0.0017327880,-0.0264424000,0.2861370000,0.1046921000,0.9524522000,-0.0013827970,-0.0001534119,-0.0257814200,0.2859825000,0.1116037000,0.9517136000,0.0000000000,
4013287,1,1.0000000000,3.0508270000,-0.0319655200,0.0011944430,-0.0252209800,0.2862714000,0.1115422000,0.9516338000,1,1.0000000000,3.0206910000,0.0346386400,-0.0017196810,-0.0264468800,0.2896323000,0.1006640000,0.9518298000,0.0007893982,-0.0002386627,-0.0258238700,0.2879358000,0.1061868000,0.9517444000,0.0000000000,
4013295,1,1.0000000000,2.9921720000,-0.0319417400,0.0011991880,-0.0252383900,0.2988930000,0.1136794000,0.9474914000,1,1.0000000000,3.0558780000,0.0346703700,-0.0017200170,-0.0264630000,0.3027521000,0.1021584000,0.9475784000,0.0057223820,-0.0004514008,-0.0259308200,0.3010728000,0.1071631000,0.9475607000,0.0000000000,
4013304,1,1.0000000000,3.0793460000,-0.0319114400,0.0011930240,-0.0252462000,0.3101531000,0.1093608000,0.9443756000,1,1.0000000000,2.9742430000,0.0346998600,-0.0017272800,-0.0264766800,0.3157668000,0.0983128200,0.9437298000,0.0053150940,-0.0004390259,-0.0259338700,0.3132986000,0.1031969000,0.9440309000,0.0000000000,
4013312,1,1.0000000000,3.0641940000,-0.0318702900,0.0011861730,-0.0252451200,0.3145944000,0.0977490200,0.9441798000,1,1.0000000000,2.9303440000,0.0347354900,-0.0017351230,-0.0264894100,0.3245562000,0.0967259900,0.9409078000,0.0041243290,-0.0003925324,-0.0259175400,0.3199944000,0.0971992000,0.9424202000,0.0000000000,
4013320,1,1.0000000000,2.9936220000,-0.0318424600,0.0011814730,-0.0252434200,0.3140724000,0.0929109900,0.9448418000,1,1.0000000000,3.1050110000,0.0347720800,-0.0017352450,-0.0265014500,0.3419816000,0.0874637800,0.9356275000,0.0025075530,-0.0003225403,-0.0258921400,0.3284951000,0.0901194600,0.9401965000,0.0000000000,
4013329,1,1.0000000000,3.0530850000,-0.0318197600,0.0011755070,-0.0252493600,0.3193094000,0.0894786300,0.9434167000,1,1.0000000000,3.0721890000,0.0347889900,-0.0017319030,-0.0264950900,0.3393430000,0.0816657100,0.9371110000,0.0017372280,-0.0002892151,-0.0258769500,0.3294239000,0.0855565200,0.9402978000,0.0000000000,
4013337,1,1.0000000000,3.0515750000,-0.0318030300,0.0011728670,-0.0252600300,0.3204543000,0.0973982100,0.9422434000,1,1.0000000000,3.2177280000,0.0348103000,-0.0017395480,-0.0264957100,0.3350865000,0.0851296600,0.9383336000,0.0012756500,-0.0002733612,-0.0258736400,0.3277317000,0.0913095500,0.9403480000,0.0000000000,
4013345,1,1.0000000000,3.1277770000,-0.0317876000,0.0011674800,-0.0252680500,0.3235196000,0.1009683000,0.9408191000,1,1.0000000000,3.2145230000,0.0348298700,-0.0017440340,-0.0264986400,0.3333946000,0.0863203600,0.9388273000,0.0012653350,-0.0002770844,-0.0258786200,0.3284313000,0.0937045400,0.9398683000,0.0000000000,
4013354,1,1.0000000000,3.0158080000,-0.0317873800,0.0011620330,-0.0252608800,0.3253793000,0.0897219300,0.9413173000,1,1.0000000000,3.1084440000,0.0348430400,-0.0017450870,-0.0265074000,0.3416485000,0.0812845800,0.9363061000,0.0012497410,-0.0002793884,-0.0258789400,0.3334704000,0.0855420200,0.9388717000,0.0000000000,
4013362,1,1.0000000000,3.0481410000,-0.0318035900,0.0011643370,-0.0252630000,0.3297790000,0.0920274500,0.9395620000,1,1.0000000000,3.2003780000,0.0348573600,-0.0017508700,-0.0265010200,0.3278697000,0.0855876100,0.9408381000,0.0040881350,-0.0004052735,-0.0259295800,0.3287533000,0.0885627300,0.9402542000,0.0000000000,
4013370,1,1.0000000000,3.0422520000,-0.0318198100,0.0011645810,-0.0252651100,0.3340478000,0.0919958900,0.9380559000,1,1.0000000000,3.0764620000,0.0348704500,-0.0017507940,-0.0265134400,0.3376788000,0.0855259700,0.9373677000,0.0047976990,-0.0004361573,-0.0259505300,0.3360448000,0.0884400800,0.9376845000,0.0000000000,
4013379,1,1.0000000000,3.0605470000,-0.0318035900,0.0011633150,-0.0252650800,0.3307964000,0.0933383300,0.9390749000,1,1.0000000000,3.1742710000,0.0348765300,-0.0017538760,-0.0265083300,0.3377893000,0.0806592600,0.9377593000,0.0031828460,-0.0003673096,-0.0259174100,0.3344758000,0.0866859900,0.9384090000,0.0000000000,
4013387,1,1.0000000000,3.0772860000,-0.0317873800,0.0011620330,-0.0252651100,0.3275788000,0.0921792200,0.9403166000,1,1.0000000000,3.1685030000,0.0348773800,-0.0017530520,-0.0265073400,0.3351158000,0.0810857500,0.9386812000,0.0036447450,-0.0003873139,-0.0259253600,0.3315939000,0.0862897900,0.9394677000,0.0000000000,
4013395,1,1.0000000000,3.0811920000,-0.0317915800,0.0011583860,-0.0252654300,0.3277619000,0.0929269000,0.9401791000,1,1.0000000000,3.1975860000,0.0348685300,-0.0017510990,-0.0264993800,0.3266187000,0.0832835700,0.9414797000,0.0036209570,-0.0003872376,-0.0259209600,0.3271525000,0.0878001600,0.9408839000,0.0000000000,
4013404,1,1.0000000000,3.0780180000,-0.0317957900,0.0011547390,-0.0252657500,0.3279152000,0.0935984900,0.9400590000,1,1.0000000000,3.1964870000,0.0348473100,-0.0017579960,-0.0264893500,0.3277642000,0.0791639000,0.9414371000,0.0029424290,-0.0003635407,-0.0259035700,0.3278381000,0.0860756200,0.9408045000,0.0000000000,
4013412,1,1.0000000000,3.0371860000,-0.0318293500,0.0011293340,-0.0252374100,0.3093893000,0.0938269100,0.9462953000,1,1.0000000000,3.2707520000,0.0348297300,-0.0017567440,-0.0264887500,0.3288757000,0.0856178500,0.9404841000,0.0036586460,-0.0004071503,-0.0259036000,0.3197805000,0.0894628500,0.9432586000,0.0000000000,
4013420,1,1.0000000000,2.9978330000,-0.0318531700,0.0011227720,-0.0252225200,0.3015920000,0.0915991300,0.9490268000,1,1.0000000000,3.1597900000,0.0348018800,-0.0017527010,-0.0264791400,0.3253352000,0.0859076600,0.9416883000,0.0040944520,-0.0004279785,-0.0259002200,0.3144275000,0.0885328700,0.9451441000,0.0000000000,
4013429,1,1.0000000000,3.0142670000,-0.0319135700,0.0011274110,-0.0252082100,0.3009371000,0.0938425700,0.9490155000,1,1.0000000000,3.1933590000,0.0347792400,-0.0017547460,-0.0264683900,0.3156159000,0.0862892900,0.9449555000,0.0025798490,-0.0003632202,-0.0258599700,0.3085487000,0.0899355100,0.9469474000,0.0000000000,
4013437,1,1.0000000000,3.0668030000,-0.0319601900,0.0011430210,-0.0251981200,0.2932766000,0.1015787000,0.9506159000,1,1.0000000000,3.0733950000,0.0347441600,-0.0017452550,-0.0264619200,0.3127469000,0.0862129100,0.9459158000,0.0033643650,-0.0003865204,-0.0258673900,0.3036066000,0.0934455800,0.9482041000,0.0000000000,
4013445,1,1.0000000000,3.0470120000,-0.0319947200,0.0011560980,-0.0251908300,0.2864114000,0.1064315000,0.9521769000,1,1.0000000000,3.1094820000,0.0347004900,-0.0017431180,-0.0264303900,0.2950186000,0.0812849900,0.9520277000,0.0030665130,-0.0003679962,-0.0258424500,0.2909702000,0.0932160600,0.9521802000,0.0000000000,
4013454,1,1.0000000000,3.0336000000,-0.0320310500,0.0011634520,-0.0251654700,0.2756073000,0.0999003800,0.9560651000,1,1.0000000000,3.1106110000,0.0346697100,-0.0017276460,-0.0264378800,0.2860903000,0.0985576400,0.9531205000,0.0036918950,-0.0003849335,-0.0258469400,0.2812211000,0.0991827000,0.9545038000,0.0000000000,
4013462,1,1.0000000000,3.1285250000,-0.0320792400,0.0011595610,-0.0251516400,0.2672312000,0.1011215000,0.9583120000,1,1.0000000000,3.1453400000,0.0346371200,-0.0017370450,-0.0264123200,0.2735787000,0.0874188400,0.9578688000,0.0035934150,-0.0003892212,-0.0258257100,0.2706309000,0.0937961300,0.9581029000,0.0000000000,
4013470,1,1.0000000000,3.0612340000,-0.0321611700,0.0011520230,-0.0251196600,0.2661757000,0.0955968100,0.9591724000,1,1.0000000000,3.0829160000,0.0346085800,-0.0017484130,-0.0263988800,0.2619064000,0.0894485900,0.9609391000,0.0034564510,-0.0003951721,-0.0258020500,0.2639029000,0.0923164200,0.9601213000,0.0000000000,
4013479,1,1.0000000000,3.1158600000,-0.0321562100,0.0011611630,-0.0251102500,0.2478498000,0.0885624700,0.9647420000,1,1.0000000000,3.2044220000,0.0345736000,-0.0017577520,-0.0263822800,0.2477609000,0.0929122600,0.9643556000,0.0034417420,-0.0003959656,-0.0257888300,0.2478064000,0.0908826700,0.9645374000,0.0000000000,
4013487,1,1.0000000000,2.9949040000,-0.0322134400,0.0011773530,-0.0250945600,0.2379190000,0.0830397300,0.9677287000,1,1.0000000000,3.2690280000,0.0344989800,-0.0017465970,-0.0263678700,0.2474836000,0.0894169700,0.9647572000,0.0032808530,-0.0003783264,-0.0257720200,0.2430134000,0.0864417300,0.9661637000,0.0000000000,
4013495,1,1.0000000000,3.0796510000,-0.0322848200,0.0011715850,-0.0250704200,0.2279670000,0.0836947000,0.9700651000,1,1.0000000000,3.2117460000,0.0344441200,-0.0017498020,-0.0263474900,0.2309597000,0.0895090800,0.9688373000,0.0032446440,-0.0003838806,-0.0257504000,0.2295560000,0.0867930400,0.9694179000,0.0000000000,
4013504,1,1.0000000000,3.0821690000,-0.0323712800,0.0011582950,-0.0250291600,0.2241840000,0.0830542900,0.9710013000,1,1.0000000000,3.2192080000,0.0343649300,-0.0017739560,-0.0263224000,0.2214848000,0.0869154100,0.9712828000,0.0041912240,-0.0004481812,-0.0257376900,0.2227048000,0.0851756300,0.9711579000,0.0000000000,
4013512,1,1.0000000000,3.1488340000,-0.0323327200,0.0011221620,-0.0250398300,0.2170119000,0.0765080700,0.9731662000,1,1.0000000000,3.2147370000,0.0343591000,-0.0017968140,-0.0263199500,0.2263667000,0.0800790500,0.9707448000,0.0036210630,-0.0004514618,-0.0257299500,0.2220634000,0.0784309700,0.9718726000,0.0000000000,
4013520,1,1.0000000000,3.1326750000,-0.0322448000,0.0009923402,-0.0250834200,0.2535262000,0.0739445000,0.9644982000,1,1.0000000000,3.1341860000,0.0344038100,-0.0018850100,-0.0263339200,0.2603618000,0.0501711000,0.9642068000,0.0026236880,-0.0005129853,-0.0257376400,0.2571121000,0.0615085400,0.9644222000,0.0000000000,
4013529,1,1.0000000000,3.2013090000,-0.0321635200,0.0009186860,-0.0250968000,0.2783072000,0.0430758900,0.9595257000,1,1.0000000000,3.2305300000,0.0344795500,-0.0019599610,-0.0263639400,0.2859540000,0.0298619000,0.9577779000,-0.0003098450,-0.0004572296,-0.0257024500,0.2819697000,0.0367740100,0.9587183000,0.0000000000,
4013537,1,1.0000000000,3.0305940000,-0.0321479800,0.0008561554,-0.0251066900,0.2846689000,0.0302582800,0.9581482000,1,1.0000000000,3.1225890000,0.0344629700,-0.0020337980,-0.0263659200,0.2859214000,0.0206605600,0.9580303000,-0.0000453491,-0.0005366211,-0.0257135600,0.2852650000,0.0256349400,0.9581058000,0.0000000000,
4013545,1,1.0000000000,3.1338350000,-0.0321678200,0.0008354188,-0.0250864900,0.2564587000,0.0189059500,0.9663703000,1,1.0000000000,3.2290190000,0.0343914000,-0.0020521090,-0.0263407500,0.2757293000,0.0073242990,0.9612074000,-0.0002607117,-0.0005487977,-0.0256877600,0.2657205000,0.0133516400,0.9639577000,0.0000000000,
4013554,1,1.0000000000,3.1899110000,-0.0323309600,0.0008066254,-0.0250362400,0.2507206000,0.0229800500,0.9677867000,1,1.0000000000,3.1650850000,0.0343310300,-0.0020684970,-0.0263277100,0.2591443000,0.0134584800,0.9657448000,0.0025967250,-0.0006997834,-0.0257129100,0.2551280000,0.0179901900,0.9667400000,0.0000000000,
4013562,1,1.0000000000,3.1242220000,-0.0323833000,0.0008213043,-0.0250286300,0.2332332000,0.0195314700,0.9722247000,1,1.0000000000,3.2410430000,0.0342540900,-0.0020754090,-0.0262975900,0.2367413000,0.0089111770,0.9715319000,0.0029521030,-0.0007147217,-0.0257015100,0.2351091000,0.0139008500,0.9718696000,0.0000000000,
4013570,1,1.0000000000,3.2646180000,-0.0324839800,0.0008095551,-0.0249658100,0.2158072000,0.0289157000,0.9760078000,1,1.0000000000,3.2327730000,0.0341590600,-0.0020751650,-0.0262821700,0.2233587000,0.0145874400,0.9746271000,0.0044458160,-0.0007889862,-0.0256952500,0.2200030000,0.0209810100,0.9752735000,0.0000000000,
4013579,1,1.0000000000,3.1490020000,-0.0326025400,0.0008049317,-0.0248446800,0.2039663000,0.0271304000,0.9786019000,1,1.0000000000,3.1961360000,0.0340878100,-0.0020689390,-0.0262501800,0.1998004000,0.0250551600,0.9795162000,0.0083398740,-0.0009593812,-0.0257075400,0.2014176000,0.0258486000,0.9791643000,0.0000000000,
4013587,1,1.0000000000,3.1388400000,-0.0327177600,0.0006763458,-0.0243132500,0.1877921000,0.0246584900,0.9818992000,1,1.0000000000,3.1861270000,0.0339904700,-0.0020941470,-0.0261306300,0.1870603000,0.0191348100,0.9821620000,0.0305065200,-0.0019494480,-0.0260357200,0.1871063000,0.0194247500,0.9821476000,0.0000000000,
4013595,1,1.0000000000,3.1741490000,-0.0328175500,0.0006437225,-0.0241586200,0.1743780000,0.0293580100,0.9842410000,1,1.0000000000,3.2228390000,0.0338916600,-0.0023016510,-0.0254432200,0.1895615000,0.0233614000,0.9815909000,0.0302298000,-0.0021399690,-0.0253727100,0.1887226000,0.0236818700,0.9817449000,0.0000000000,
4013604,1,1.0000000000,3.1319890000,-0.0329122500,0.0007258454,-0.0243927000,0.1659713000,0.0177613900,0.9859706000,1,1.0000000000,3.2383270000,0.0337747000,-0.0024899750,-0.0247681000,0.1775070000,0.0187684700,0.9839406000,-0.0267971000,0.0004309540,-0.0244271300,0.1670248000,0.0178530000,0.9857910000,0.0000000000,
4013612,1,1.0000000000,3.1567380000,-0.0330366500,0.0005943451,-0.0240103300,0.1589534000,0.0350195000,0.9866648000,1,1.0000000000,3.2999880000,0.0336746400,-0.0024965970,-0.0246923400,0.1717228000,0.0228272000,0.9848808000,-0.0327720800,0.0005820923,-0.0240130300,0.1590132000,0.0349734400,0.9866568000,0.0000000000,
4013620,1,1.0000000000,3.1527860000,-0.0331411600,0.0005869446,-0.0239361700,0.1421528000,0.0303959200,0.9893779000,1,1.0000000000,3.3205570000,0.0336011700,-0.0022727660,-0.0253639800,0.1463036000,0.0238193400,0.9889529000,-0.0327822400,0.0005715790,-0.0239438500,0.1421828000,0.0303652900,0.9893745000,0.0000000000,
4013629,1,1.0000000000,3.1718290000,-0.0332327400,0.0006571198,-0.0241174200,0.1271062000,0.0361634600,0.9912297000,1,1.0000000000,3.2714840000,0.0335065600,-0.0021161350,-0.0257546500,0.1307394000,0.0229648500,0.9911508000,-0.0324978200,0.0006265870,-0.0241354400,0.1271518000,0.0360260900,0.9912288000,0.0000000000,
4013637,1,1.0000000000,3.2148440000,-0.0333348300,0.0005991822,-0.0239122600,0.1121983000,0.0411836200,0.9928321000,1,1.0000000000,3.1365050000,0.0334280600,-0.0018940280,-0.0263959500,0.1131747000,0.0204468200,0.9933647000,-0.0331548900,0.0005924683,-0.0239189500,0.1121986000,0.0411226900,0.9928345000,0.0000000000,
4013645,1,1.0000000000,3.0908810000,-0.0334245500,0.0006159210,-0.0239410400,0.1039748000,0.0404515800,0.9937570000,1,1.0000000000,3.0674440000,0.0333525400,-0.0017680050,-0.0267727400,0.0906991700,0.0228731600,0.9956156000,-0.0334172400,0.0006156617,-0.0239413500,0.1039748000,0.0404515800,0.9937570000,0.0000000000,
4013654,1,1.0000000000,3.0881350000,-0.0335391400,0.0005878601,-0.0238488200,0.0965886100,0.0445101100,0.9943287000,1,1.0000000000,3.1811370000,0.0332652600,-0.0018004610,-0.0266457400,0.0744485900,0.0158846000,0.9970983000,-0.0335389100,0.0005878449,-0.0238488200,0.0965886100,0.0445101100,0.9943287000,0.0000000000,
4013662,1,1.0000000000,3.1737820000,-0.0336182100,0.0005887604,-0.0238151100,0.0833596100,0.0505986600,0.9952341000,1,1.0000000000,3.1680300000,0.0331777400,-0.0018434750,-0.0265079800,0.0707101500,0.0111695800,0.9974343000,-0.0336182000,0.0005887604,-0.0238151100,0.0833596100,0.0505986600,0.9952341000,0.0000000000,
4013670,1,1.0000000000,2.9933010000,-0.0337200500,0.0005395355,-0.0236230200,0.0750891000,0.0509800200,0.9958728000,1,1.0000000000,3.1786040000,0.0331034700,-0.0017727050,-0.0266814000,0.0498050100,0.0137940300,0.9986637000,-0.0337200500,0.0005395355,-0.0236230200,0.0750891000,0.0509800200,0.9958728000,0.0000000000,
4013679,1,1.0000000000,3.0934450000,-0.0337779100,0.0006280823,-0.0239019200,0.0611121200,0.0412144400,0.9972796000,1,1.0000000000,3.2094420000,0.0329963100,-0.0018330080,-0.0263881700,0.0455173800,0.0086975890,0.9989257000,-0.0337779100,0.0006280823,-0.0239019200,0.0611121200,0.0412144400,0.9972796000,0.0000000000,
4013687,1,1.0000000000,3.1215970000,-0.0338743800,0.0005500336,-0.0236463800,0.0564581100,0.0483556100,0.9972333000,1,1.0000000000,3.2366330000,0.0329165300,-0.0019829410,-0.0258651400,0.0438083400,0.0130158500,0.9989552000,-0.0338743100,0.0005500336,-0.0236463800,0.0564581100,0.0483556100,0.9972333000,0.0000000000,
4013695,1,1.0000000000,3.1236720000,-0.0339260100,0.0005720673,-0.0236935600,0.0437164900,0.0391388400,0.9982770000,1,1.0000000000,3.2541500000,0.0328458100,-0.0019942320,-0.0258448300,0.0253603300,0.0149842600,0.9995661000,-0.0339199700,0.0005718384,-0.0236937600,0.0437164900,0.0391388400,0.9982770000,0.0000000000,
4013704,1,1.0000000000,3.2375950000,-0.0339970700,0.0005859986,-0.0237358600,0.0330357400,0.0475928300,0.9983204000,1,1.0000000000,3.2879030000,0.0327749300,-0.0020444340,-0.0258229700,0.0153963000,0.0267489800,0.9995236000,-0.0339602200,0.0005845490,-0.0237370200,0.0330205300,0.0475776300,0.9983217000,0.0000000000,
4013712,1,1.0000000000,3.2282710000,-0.0340519600,0.0007129822,-0.0240888700,0.0188906000,0.0457158700,0.9987758000,1,1.0000000000,3.2953800000,0.0327052600,-0.0019480900,-0.0260687600,0.0081483180,0.0252079100,0.9996490000,-0.0339392100,0.0007084961,-0.0240922100,0.0188753800,0.0456854300,0.9987776000,0.0000000000,
4013720,1,1.0000000000,3.2093660000,-0.0340891900,0.0007407684,-0.0241896800,0.0081787640,0.0456698500,0.9989231000,1,1.0000000000,3.2128750000,0.0326538600,-0.0019705960,-0.0260359700,0.0018158090,0.0255586600,0.9996717000,-0.0339340400,0.0007344666,-0.0241939700,0.0081635230,0.0456241800,0.9989253000,0.0000000000,
4013729,1,1.0000000000,3.1783140000,-0.0341530500,0.0009189911,-0.0247830200,0.0083771550,0.0366672200,0.9992924000,1,1.0000000000,3.2310490000,0.0326140400,-0.0019937900,-0.0259864500,-0.0153199000,0.0281526100,0.9994862000,-0.0210659200,0.0003480530,-0.0250189100,0.0037384270,0.0349886200,0.9993807000,0.0000000000,
4013737,1,1.0000000000,3.1628570000,-0.0341789100,0.0007696686,-0.0242719000,0.0065156020,0.0437018300,0.9990234000,1,1.0000000000,3.2228850000,0.0325641800,-0.0019966590,-0.0259530000,-0.0135498500,0.0280457400,0.9995148000,0.0182239200,-0.0014022830,-0.0255918100,-0.0092469500,0.0314030100,0.9994640000,0.0000000000,
4013745,1,1.0000000000,3.2023320000,-0.0342309400,0.0008935395,-0.0246729000,-0.0095367750,0.0330506500,0.9994082000,1,1.0000000000,3.1107480000,0.0325065300,-0.0019053800,-0.0261989000,-0.0095673620,0.0277865500,0.9995681000,0.0316966700,-0.0018714140,-0.0261803900,-0.0095673450,0.0278475400,0.9995664000,0.0000000000,
4013754,1,1.0000000000,3.0203090000,-0.0343313800,0.0012750850,-0.0259557500,0.0002136258,0.0254062100,0.9996772000,1,1.0000000000,3.1640630000,0.0324739900,-0.0019104160,-0.0262047400,-0.0198975300,0.0296326800,0.9993628000,0.0324733700,-0.0019103850,-0.0262047400,-0.0198975300,0.0296326800,0.9993628000,0.0000000000,
4013762,1,1.0000000000,3.1186680000,-0.0343696600,0.0012546850,-0.0258879400,-0.0080719890,0.0235293100,0.9996906000,1,1.0000000000,3.1675420000,0.0324472200,-0.0019248810,-0.0261650600,-0.0280915200,0.0353242200,0.9989810000,0.0324472200,-0.0019248810,-0.0261650600,-0.0280915200,0.0353242200,0.9989810000,0.0000000000,
4013770,1,1.0000000000,3.1471560000,-0.0344054100,0.0012451170,-0.0258780500,-0.0074769210,0.0313267700,0.9994813000,1,1.0000000000,3.2063290000,0.0324267700,-0.0019639130,-0.0260329500,-0.0348666100,0.0305635900,0.9989245000,0.0324267700,-0.0019639130,-0.0260329500,-0.0348666100,0.0305635900,0.9989245000,0.0000000000,
4013779,1,1.0000000000,3.0576020000,-0.0344271000,0.0012098850,-0.0257880100,-0.0157624800,0.0308688200,0.9993991000,1,1.0000000000,3.1580200000,0.0323983800,-0.0020077510,-0.0259140200,-0.0401922200,0.0362553900,0.9985340000,0.0323983800,-0.0020077510,-0.0259140200,-0.0401922200,0.0362553900,0.9985340000,0.0000000000,
4013787,1,1.0000000000,3.2083130000,-0.0344175000,0.0009470368,-0.0249081900,-0.0326386600,0.0454866000,0.9984316000,1,1.0000000000,3.1389010000,0.0323706500,-0.0019913940,-0.0259691200,-0.0411687100,0.0404362800,0.9983336000,0.0323706500,-0.0019913940,-0.0259691200,-0.0411687100,0.0404362800,0.9983336000,0.0000000000,
4013795,1,1.0000000000,3.1789400000,-0.0344256500,0.0009295045,-0.0248591000,-0.0355227800,0.0427860300,0.9984525000,1,1.0000000000,3.2021640000,0.0323467000,-0.0019585120,-0.0260750100,-0.0527194300,0.0376284000,0.9979002000,0.0323467000,-0.0019585120,-0.0260750100,-0.0527194300,0.0376284000,0.9979002000,0.0000000000,
4013804,1,1.0000000000,3.1501460000,-0.0344337800,0.0009119721,-0.0248100100,-0.0384220600,0.0401463200,0.9984548000,1,1.0000000000,3.1209260000,0.0323420300,-0.0019575810,-0.0260763600,-0.0498359700,0.0407721100,0.9979248000,0.0323420100,-0.0019575810,-0.0260763600,-0.0498359700,0.0407721100,0.9979248000,0.0000000000,
4013812,1,1.0000000000,3.1325380000,-0.0344468800,0.0008388825,-0.0245450000,-0.0374604600,0.0381623600,0.9985691000,1,1.0000000000,3.1270140000,0.0323373600,-0.0019566650,-0.0260777000,-0.0470433200,0.0369419000,0.9982095000,0.0323373400,-0.0019566650,-0.0260777000,-0.0470433200,0.0369419000,0.9982095000,0.0000000000,
4013820,1,1.0000000000,3.1166380000,-0.0344599800,0.0007695008,-0.0242799900,-0.0365148100,0.0403295600,0.9985190000,1,1.0000000000,3.1211400000,0.0323360900,-0.0019575810,-0.0260763600,-0.0480506000,0.0399480700,0.9980457000,0.0323360700,-0.0019575810,-0.0260763600,-0.0480506000,0.0399480700,0.9980457000,0.0000000000,
4013829,1,1.0000000000,3.1257780000,-0.0344633500,0.0007700043,-0.0242774500,-0.0372318000,0.0409244600,0.9984683000,1,1.0000000000,3.1173860000,0.0323373600,-0.0019585120,-0.0260750100,-0.0470281500,0.0404515400,0.9980742000,0.0323373600,-0.0019585120,-0.0260750100,-0.0470281500,0.0404515400,0.9980742000,0.0000000000,
4013837,1,1.0000000000,3.1314700000,-0.0344648900,0.0007704926,-0.0242749200,-0.0382998200,0.0414889300,0.9984046000,1,1.0000000000,3.1226500000,0.0323391100,-0.0019602510,-0.0260699300,-0.0472870500,0.0388794400,0.9981244000,0.0323391000,-0.0019602510,-0.0260699300,-0.0472870500,0.0388794400,0.9981244000,0.0000000000,
4013845,1,1.0000000000,3.1330570000,-0.0344629400,0.0007700043,-0.0242703600,-0.0385899300,0.0407261900,0.9984249000,1,1.0000000000,3.1287080000,0.0323408700,-0.0019619900,-0.0260648500,-0.0475621100,0.0406345500,0.9980415000,0.0323406800,-0.0019619750,-0.0260648500,-0.0475621100,0.0406345500,0.9980415000,0.0000000000,
4013854,1,1.0000000000,3.1349950000,-0.0344609800,0.0007695008,-0.0242657900,-0.0388645100,0.0412601700,0.9983923000,1,1.0000000000,3.1234130000,0.0323437800,-0.0019657440,-0.0260548100,-0.0479893800,0.0416111400,0.9979808000,0.0323407800,-0.0019656220,-0.0260547200,-0.0479893800,0.0416111400,0.9979808000,0.0000000000,
4013862,1,1.0000000000,3.1332860000,-0.0344604800,0.0007685089,-0.0242619500,-0.0377351900,0.0405580800,0.9984644000,1,1.0000000000,3.1263120000,0.0323467000,-0.0019695130,-0.0260447600,-0.0484162300,0.0409394100,0.9979879000,0.0322234100,-0.0019644620,-0.0260414600,-0.0484010100,0.0409394500,0.9979886000,0.0000000000,
4013870,1,1.0000000000,3.1348570000,-0.0344599800,0.0007695008,-0.0242657900,-0.0365602700,0.0412447500,0.9984800000,1,1.0000000000,3.1058200000,0.0324031100,-0.0020198520,-0.0258712600,-0.0418094400,0.0406192500,0.9982996000,0.0316866800,-0.0019899600,-0.0258540500,-0.0417484900,0.0406345800,0.9983015000,0.0000000000,
4013879,1,1.0000000000,3.1351170000,-0.0344577500,0.0007700043,-0.0242703600,-0.0365604900,0.0407261900,0.9985012000,1,1.0000000000,3.1827700000,0.0324235700,-0.0020065310,-0.0259102500,-0.0391237000,0.0418855500,0.9983561000,0.0247186900,-0.0016866610,-0.0257213300,-0.0388338500,0.0417482900,0.9983732000,0.0000000000,
4013887,1,1.0000000000,3.1353610000,-0.0344555100,0.0007704926,-0.0242749200,-0.0365601400,0.0402070100,0.9985223000,1,1.0000000000,3.1011050000,0.0324407200,-0.0019540560,-0.0260862100,-0.0367282400,0.0350039800,0.9987121000,-0.0037794190,-0.0004788666,-0.0251055200,-0.0366363900,0.0378265800,0.9986125000,0.0000000000,
4013895,1,1.0000000000,3.1435090000,-0.0344516400,0.0007705078,-0.0242774500,-0.0369571400,0.0404209200,0.9984990000,1,1.0000000000,3.1174930000,0.0324652400,-0.0019303590,-0.0261565600,-0.0272221000,0.0263218100,0.9992828000,-0.0153127600,-0.0000019684,-0.0248149000,-0.0341798300,0.0363923600,0.9987529000,0.0000000000,
4013904,1,1.0000000000,3.0296020000,-0.0343604800,0.0012457120,-0.0258305400,-0.0015563970,0.0190582300,0.9998172000,1,1.0000000000,3.1751250000,0.0324953200,-0.0019473880,-0.0260881400,-0.0239413800,0.0283207100,0.9993122000,0.0324152200,-0.0019435730,-0.0260878300,-0.0239108900,0.0283054800,0.9993133000,0.0000000000,
4013912,1,1.0000000000,3.1047670000,-0.0342575400,0.0008710023,-0.0245555700,-0.0090485930,0.0294193700,0.9995262000,1,1.0000000000,3.1399080000,0.0325502500,-0.0019738770,-0.0260199100,-0.0214691300,0.0263977300,0.9994209000,0.0324986900,-0.0019716800,-0.0260187900,-0.0214691300,0.0263977300,0.9994209000,0.0000000000,
4013920,1,1.0000000000,3.1881260000,-0.0342063800,0.0008294068,-0.0244321200,-0.0029296990,0.0333558400,0.9994392000,1,1.0000000000,3.1588440000,0.0326013000,-0.0020417180,-0.0258358500,-0.0197298100,0.0338595900,0.9992318000,0.0324887600,-0.0020368810,-0.0258334800,-0.0196993100,0.0338596100,0.9992325000,0.0000000000,
4013929,1,1.0000000000,3.1539310000,-0.0341757700,0.0008723145,-0.0245927600,0.0047607900,0.0404362000,0.9991708000,1,1.0000000000,3.2553860000,0.0326375600,-0.0020048680,-0.0259397600,-0.0143890600,0.0345459500,0.9992995000,0.0325288100,-0.0020001830,-0.0259375800,-0.0143585400,0.0345612000,0.9992994000,0.0000000000,
4013937,1,1.0000000000,3.1989290000,-0.0341322000,0.0006923676,-0.0240370900,0.0073548120,0.0473637700,0.9988506000,1,1.0000000000,3.2047420000,0.0326684300,-0.0019491730,-0.0260774500,-0.0099946130,0.0253298600,0.9996292000,0.0325946700,-0.0019462590,-0.0260752000,-0.0099793520,0.0253451100,0.9996290000,0.0000000000,
4013945,1,1.0000000000,3.2766720000,-0.0340885300,0.0006904603,-0.0240158700,0.0128784500,0.0466615000,0.9988278000,1,1.0000000000,3.2273560000,0.0327005600,-0.0020129240,-0.0258745900,-0.0001678489,0.0327457900,0.9994637000,0.0326416800,-0.0020105440,-0.0258729400,-0.0001525898,0.0327610300,0.9994632000,0.0000000000,
4013954,1,1.0000000000,3.2433930000,-0.0340552100,0.0005550843,-0.0236063700,0.0243685400,0.0511632500,0.9983930000,1,1.0000000000,3.2509000000,0.0327394900,-0.0019318090,-0.0259824400,0.0104675700,0.0254059800,0.9996224000,0.0327302600,-0.0019314580,-0.0259821200,0.0104675700,0.0254059800,0.9996224000,0.0000000000,
4013962,1,1.0000000000,3.1501460000,-0.0340341400,0.0005587769,-0.0236174000,0.0331120500,0.0468909300,0.9983511000,1,1.0000000000,3.1586910000,0.0327662500,-0.0019915930,-0.0258224300,0.0147400700,0.0250245500,0.9995782000,0.0327640300,-0.0019915160,-0.0258223600,0.0147400700,0.0250245500,0.9995782000,0.0000000000,
4013970,1,1.0000000000,3.0687100000,-0.0340087900,0.0005670167,-0.0236439800,0.0420382700,0.0559086100,0.9975505000,1,1.0000000000,3.2274170000,0.0328133100,-0.0019820400,-0.0258625700,0.0244295400,0.0197908300,0.9995056000,0.0328129000,-0.0019820250,-0.0258625500,0.0244295400,0.0197908300,0.9995056000,0.0000000000,
4013979,1,1.0000000000,3.0159760000,-0.0339489000,0.0005604248,-0.0236606300,0.0551915100,0.0510410900,0.9971704000,1,1.0000000000,3.1991120000,0.0328558100,-0.0020163880,-0.0257507500,0.0338593900,0.0235291500,0.9991496000,0.0328557300,-0.0020163880,-0.0257507500,0.0338593900,0.0235291500,0.9991496000,0.0000000000,
4013987,1,1.0000000000,3.0139620000,-0.0338931100,0.0005172882,-0.0235358000,0.0574038700,0.0569613700,0.9967247000,1,1.0000000000,3.2362820000,0.0329263600,-0.0019763790,-0.0259313700,0.0407566400,0.0121919000,0.9990947000,0.0329148300,-0.0019759520,-0.0259309600,0.0407566400,0.0121919000,0.9990947000,0.0000000000,
4013995,1,1.0000000000,3.0714420000,-0.0338350800,0.0005695191,-0.0236974800,0.0679628200,0.0488129900,0.9964930000,1,1.0000000000,3.1010740000,0.0329891200,-0.0019284970,-0.0261300200,0.0430914500,0.0081177950,0.9990382000,0.0329155700,-0.0019257510,-0.0261273400,0.0431219000,0.0081635580,0.9990365000,0.0000000000,
4014004,1,1.0000000000,2.8739930000,-0.0337426500,0.0006130676,-0.0238607600,0.0746003300,0.0521088400,0.9958511000,1,1.0000000000,3.0176700000,0.0330602100,-0.0017272190,-0.0268301300,0.0544589900,0.0138550700,0.9984199000,0.0200318800,-0.0012707980,-0.0262510200,0.0583956100,0.0213166100,0.9980659000,0.0000000000,
4014012,1,1.0000000000,3.0253140000,-0.0336934800,0.0005594483,-0.0236875300,0.0854653000,0.0602727900,0.9945164000,1,1.0000000000,3.0996400000,0.0331302800,-0.0018449550,-0.0265072800,0.0636301500,0.0221866300,0.9977269000,-0.0314932400,0.0004802704,-0.0237803800,0.0847480500,0.0590215100,0.9946528000,0.0000000000,
4014020,1,1.0000000000,2.9480740000,-0.0336389500,0.0006120453,-0.0238761900,0.0971836700,0.0565798500,0.9936569000,1,1.0000000000,3.1379240000,0.0331795100,-0.0018288730,-0.0265634200,0.0751803700,0.0167847400,0.9970287000,-0.0334630500,0.0006056214,-0.0238832600,0.0971223300,0.0564728600,0.9936690000,0.0000000000,
4014029,1,1.0000000000,3.0401920000,-0.0335556600,0.0006091461,-0.0238763100,0.1033482000,0.0530550300,0.9932293000,1,1.0000000000,3.1321720000,0.0332241200,-0.0018032070,-0.0266075500,0.0838932200,0.0152588600,0.9963579000,-0.0335252800,0.0006080475,-0.0238775600,0.1033483000,0.0530398100,0.9932300000,0.0000000000,
4014037,1,1.0000000000,2.9853970000,-0.0335088500,0.0006195984,-0.0239184000,0.1129917000,0.0510713500,0.9922826000,1,1.0000000000,3.1173550000,0.0332907100,-0.0018032990,-0.0266100800,0.0944224400,0.0209658100,0.9953114000,-0.0334815800,0.0006186066,-0.0239195000,0.1129768000,0.0510562200,0.9922850000,0.0000000000,
4014045,1,1.0000000000,2.9949190000,-0.0334337200,0.0006584931,-0.0240397500,0.1252445000,0.0472565900,0.9909998000,1,1.0000000000,3.0361790000,0.0333312900,-0.0018211670,-0.0265432000,0.1089948000,0.0257113600,0.9937097000,-0.0333090200,0.0006538544,-0.0240444200,0.1252146000,0.0472263200,0.9910051000,0.0000000000,
4014054,1,1.0000000000,2.9487610000,-0.0333447800,0.0006992340,-0.0241965200,0.1365988000,0.0465400300,0.9895326000,1,1.0000000000,3.0085450000,0.0333952500,-0.0019226380,-0.0261667800,0.1247107000,0.0291291800,0.9917654000,-0.0326683500,0.0006726685,-0.0242164900,0.1364760000,0.0463719100,0.9895574000,0.0000000000,
4014062,1,1.0000000000,2.9562380000,-0.0332591600,0.0007203980,-0.0242634800,0.1456775000,0.0439611300,0.9883549000,1,1.0000000000,3.1069340000,0.0334727400,-0.0019507910,-0.0261075500,0.1316382000,0.0322419800,0.9907733000,-0.0291147600,0.0005545044,-0.0243780100,0.1448065000,0.0432436000,0.9885145000,0.0000000000,
4014070,1,1.0000000000,2.9213100000,-0.0331596800,0.0007872925,-0.0244872300,0.1544056000,0.0466619600,0.9869050000,1,1.0000000000,2.9151000000,0.0335498700,-0.0019081570,-0.0262381600,0.1541141000,0.0251007700,0.9877342000,-0.0054585270,-0.0003319855,-0.0252143000,0.1542992000,0.0377050400,0.9873044000,0.0000000000,
4014079,1,1.0000000000,2.8688050000,-0.0330891700,0.0007393342,-0.0243564800,0.1730207000,0.0380251800,0.9841839000,1,1.0000000000,3.0250850000,0.0336312900,-0.0019764250,-0.0261143700,0.1712053000,0.0224459000,0.9849797000,-0.0007845917,-0.0005755768,-0.0252076100,0.1721514000,0.0304873700,0.9845986000,0.0000000000,
4014087,1,1.0000000000,2.9582060000,-0.0329906500,0.0007227478,-0.0243317600,0.1757533000,0.0451666800,0.9833975000,1,1.0000000000,3.0929570000,0.0337105900,-0.0019902800,-0.0261201500,0.1831519000,0.0183258700,0.9829138000,0.0083314210,-0.0009579926,-0.0254396800,0.1803445000,0.0285340700,0.9831896000,0.0000000000,
4014095,1,1.0000000000,2.8936460000,-0.0329082000,0.0007044831,-0.0243431300,0.1955131000,0.0407414400,0.9798545000,1,1.0000000000,3.0664830000,0.0337935200,-0.0019888920,-0.0261305100,0.1959853000,0.0088043850,0.9805673000,-0.0077305760,-0.0003121643,-0.0250178100,0.1957097000,0.0286865900,0.9802422000,0.0000000000,
4014104,1,1.0000000000,2.9586330000,-0.0327979700,0.0007065125,-0.0243565700,0.2079807000,0.0436561100,0.9771582000,1,1.0000000000,3.1547700000,0.0338711900,-0.0019850770,-0.0262090500,0.2070032000,0.0161439900,0.9782071000,-0.0067133340,-0.0003465729,-0.0250813600,0.2076136000,0.0328983400,0.9776576000,0.0000000000,
4014112,1,1.0000000000,2.9475710000,-0.0327238800,0.0007011414,-0.0243753700,0.2223528000,0.0357211000,0.9743117000,1,1.0000000000,3.0724790000,0.0339641400,-0.0019923400,-0.0262486300,0.2177290000,0.0183869500,0.9758361000,-0.0003951721,-0.0006045838,-0.0252834800,0.2201103000,0.0273135200,0.9750925000,0.0000000000,
4014120,1,1.0000000000,3.0149540000,-0.0326316700,0.0006997071,-0.0243922400,0.2286854000,0.0421298800,0.9725883000,1,1.0000000000,3.1396180000,0.0340511000,-0.0020017090,-0.0262784600,0.2278773000,0.0267184400,0.9733232000,-0.0002204742,-0.0006133118,-0.0253090400,0.2283048000,0.0346378800,0.9729733000,0.0000000000,
4014129,1,1.0000000000,3.0885620000,-0.0325308700,0.0006958161,-0.0244216300,0.2469961000,0.0485996600,0.9677970000,1,1.0000000000,3.0369110000,0.0341329800,-0.0020137630,-0.0263131000,0.2361635000,0.0314335400,0.9712048000,-0.0029671480,-0.0005057984,-0.0252604500,0.2422062000,0.0409856800,0.9693587000,0.0000000000,
4014137,1,1.0000000000,2.9982300000,-0.0324774000,0.0006754151,-0.0244373000,0.2686631000,0.0479128800,0.9620418000,1,1.0000000000,3.0073700000,0.0342131400,-0.0020170900,-0.0263247500,0.2507644000,0.0159607900,0.9679165000,-0.0087155760,-0.0002839050,-0.0251098000,0.2623310000,0.0365298100,0.9642863000,0.0000000000,
4014145,1,1.0000000000,3.0753480000,-0.0323526000,0.0006862030,-0.0244568600,0.2761716000,0.0331882000,0.9605351000,1,1.0000000000,3.0616910000,0.0342829900,-0.0020152890,-0.0263372400,0.2743259000,0.0108949100,0.9615750000,-0.0086386420,-0.0002751770,-0.0251260400,0.2755302000,0.0252535000,0.9609607000,0.0000000000,
4014154,1,1.0000000000,3.0695340000,-0.0322757600,0.0006859741,-0.0244793400,0.2881365000,0.0368658500,0.9568794000,1,1.0000000000,3.0519100000,0.0343167700,-0.0020168610,-0.0263475800,0.2939346000,0.0162050900,0.9556881000,-0.0121628400,-0.0001303406,-0.0250436100,0.2899040000,0.0306246300,0.9565656000,0.0000000000,
4014162,1,1.0000000000,3.0546720000,-0.0322081600,0.0007008972,-0.0244899000,0.2982349000,0.0333711700,0.9539090000,1,1.0000000000,3.1362760000,0.0344430400,-0.0020179750,-0.0263859100,0.3035748000,0.0161286100,0.9526711000,-0.0084619750,-0.0002677612,-0.0251653900,0.3001586000,0.0272219500,0.9535007000,0.0000000000,
4014170,1,1.0000000000,3.0757290000,-0.0321391900,0.0007106476,-0.0245152100,0.3153077000,0.0340118500,0.9483798000,1,1.0000000000,3.0344390000,0.0345132200,-0.0020252840,-0.0264094200,0.3098017000,0.0154267600,0.9506760000,-0.0049277800,-0.0004063111,-0.0252885300,0.3130670000,0.0264284200,0.9493633000,0.0000000000,
4014179,1,1.0000000000,3.1047970000,-0.0320596800,0.0007304535,-0.0245445000,0.3275787000,0.0388644900,0.9440242000,1,1.0000000000,3.0115660000,0.0345988600,-0.0020357210,-0.0264322800,0.3130702000,0.0243076900,0.9494189000,-0.0000068207,-0.0005996552,-0.0254522400,0.3206230000,0.0318608800,0.9466709000,0.0000000000,
4014187,1,1.0000000000,2.9378510000,-0.0320074200,0.0007386627,-0.0245602400,0.3383822000,0.0323031700,0.9404541000,1,1.0000000000,3.0140990000,0.0346653200,-0.0020413970,-0.0264555500,0.3177038000,0.0324860100,0.9476334000,0.0001046295,-0.0006003113,-0.0254730800,0.3284358000,0.0323949600,0.9439706000,0.0000000000,
4014195,1,1.0000000000,2.9019930000,-0.0318829200,0.0007025452,-0.0245903800,0.3354532000,0.0404362800,0.9411886000,1,1.0000000000,2.9528660000,0.0347284000,-0.0020475620,-0.0264784400,0.3266935000,0.0341799900,0.9445121000,0.0015117800,-0.0006761780,-0.0255369400,0.3310739000,0.0373081800,0.9428670000,0.0000000000,
4014204,1,1.0000000000,3.0085140000,-0.0318011300,0.0007065125,-0.0246103100,0.3392964000,0.0267945900,0.9402978000,1,1.0000000000,2.9696200000,0.0348155500,-0.0020465240,-0.0265085600,0.3488039000,0.0196382500,0.9369900000,0.0041651610,-0.0007798462,-0.0256351600,0.3444391000,0.0229188600,0.9385289000,0.0000000000,
4014212,1,1.0000000000,3.0860140000,-0.0317315100,0.0007099610,-0.0246461800,0.3519008000,0.0353243500,0.9353706000,1,1.0000000000,3.1042480000,0.0348860200,-0.0020327300,-0.0265465200,0.3663082000,0.0254825800,0.9301446000,0.0040516050,-0.0007632447,-0.0256669300,0.3596554000,0.0300450300,0.9326014000,0.0000000000,
4014220,1,1.0000000000,2.9878540000,-0.0316556900,0.0007053681,-0.0246600200,0.3560043000,0.0292970000,0.9340249000,1,1.0000000000,3.1180420000,0.0349189200,-0.0020343020,-0.0265526900,0.3713851000,0.0164642900,0.9283329000,0.0039133910,-0.0007583618,-0.0256712200,0.3642438000,0.0224305000,0.9310335000,0.0000000000,
4014229,1,1.0000000000,2.9314730000,-0.0316218100,0.0007123413,-0.0246751600,0.3620064000,0.0310522200,0.9316583000,1,1.0000000000,3.1877900000,0.0350064700,-0.0020406040,-0.0265875000,0.3791229000,0.0249330600,0.9250104000,0.0026381230,-0.0007032013,-0.0256584800,0.3708382000,0.0279086100,0.9282781000,0.0000000000,
4014237,1,1.0000000000,2.9749760000,-0.0315639800,0.0007285614,-0.0246940000,0.3705961000,0.0273899700,0.9283901000,1,1.0000000000,3.2067720000,0.0350564000,-0.0020234990,-0.0265940600,0.3780088000,0.0218507500,0.9255441000,0.0018108060,-0.0006501313,-0.0256458700,0.3743148000,0.0246125200,0.9269750000,0.0000000000,
4014245,1,1.0000000000,2.8356480000,-0.0316168200,0.0007791443,-0.0246723300,0.3657137000,0.0250553600,0.9303901000,1,1.0000000000,3.1583100000,0.0350600400,-0.0019911800,-0.0266008900,0.3868615000,0.0233462800,0.9218422000,0.0009355927,-0.0005733643,-0.0256138800,0.3760571000,0.0242159700,0.9262800000,0.0000000000,
4014254,1,1.0000000000,2.8930360000,-0.0316744400,0.0008344575,-0.0246461800,0.3445171000,0.0473028200,0.9375876000,1,1.0000000000,3.1259310000,0.0350654900,-0.0019140470,-0.0265837600,0.3794613000,0.0228427500,0.9249256000,0.0008927002,-0.0005067292,-0.0255916600,0.3616546000,0.0353704700,0.9316410000,0.0000000000,
4014262,1,1.0000000000,2.9734950000,-0.0317289500,0.0008887025,-0.0246335600,0.3469253000,0.0574648400,0.9361306000,1,1.0000000000,3.1430660000,0.0350659500,-0.0018431090,-0.0266044000,0.3912559000,0.0413061000,0.9193545000,0.0010203710,-0.0004506836,-0.0255998500,0.3687760000,0.0495607600,0.9281961000,0.0000000000,
4014270,1,1.0000000000,2.8505100000,-0.0317411700,0.0009525910,-0.0245928500,0.3381822000,0.0285340800,0.9406480000,1,1.0000000000,2.8531950000,0.0350792300,-0.0017456510,-0.0265522200,0.3783428000,0.0059051700,0.9256467000,0.0029934540,-0.0004500122,-0.0256113700,0.3591627000,0.0167694700,0.9331243000,0.0000000000,
4014279,1,0.9582983000,-1.0000000000,-0.0318602600,0.0009372559,-0.0246419700,0.0000000000,0.0000000000,0.0000000000,1,0.9582983000,2.0888370000,0.0350585800,-0.0016767430,-0.0264620200,0.3495832000,-0.0648506600,0.9346582000,0.0350585800,-0.0016767430,-0.0264620200,0.3495832000,-0.0648506600,0.9346582000,0.0000000000,
4014287,1,0.9582983000,-1.0000000000,-0.0320189400,0.0007105255,-0.0245776700,0.0000000000,0.0000000000,0.0000000000,1,0.9582983000,-1.0000000000,0.0350420500,-0.0015717620,-0.0263592800,0.0000000000,0.0000000000,0.0000000000,0.0010000000,-0.0010000000,-0.0010000000,0.5773503000,-0.5773503000,-0.5773503000,0.0000000000,
4014295,1,0.7901572000,-1.0000000000,-0.0338048000,-0.0003039551,-0.0240598300,0.0000000000,0.0000000000,0.0000000000,1,0.7901572000,-1.0000000000,0.0336572600,-0.0027879490,-0.0262847400,0.0000000000,0.0000000000,0.0000000000,0.0010000000,-0.0010000000,-0.0010000000,0.5773503000,-0.5773503000,-0.5773503000,0.0000000000,
4014304,1,0.7901572000,-1.0000000000,-0.0337206300,-0.0016021420,-0.0247079200,0.0000000000,0.0000000000,0.0000000000,1,0.7901572000,-1.0000000000,0.0336572600,-0.0027879490,-0.0262847400,0.0000000000,0.0000000000,0.0000000000,0.0010000000,-0.0010000000,-0.0010000000,0.5773503000,-0.5773503000,-0.5773503000,0.0000000000,
4014312,1,0.5453141000,-1.0000000000,-0.0341230800,-0.0001338043,-0.0242000600,0.0000000000,0.0000000000,0.0000000000,1,0.5453141000,-1.0000000000,0.0336572600,-0.0027879490,-0.0262847400,0.0000000000,0.0000000000,0.0000000000,0.0010000000,-0.0010000000,-0.0010000000,0.5773503000,-0.5773503000,-0.5773503000,0.0000000000,
4014320,1,0.5453141000,-1.0000000000,-0.0330274500,-0.0006522522,-0.0244967700,0.0000000000,0.0000000000,0.0000000000,1,0.5453141000,-1.0000000000,0.0336572600,-0.0027879490,-0.0262847400,0.0000000000,0.0000000000,0.0000000000,0.0010000000,-0.0010000000,-0.0010000000,0.5773503000,-0.5773503000,-0.5773503000,0.0000000000,
4014329,1,0.4074662000,-1.0000000000,-0.0329981700,-0.0007737732,-0.0245352300,0.0000000000,0.0000000000,0.0000000000,1,0.4074662000,-1.0000000000,0.0336572600,-0.0027879490,-0.0262847400,0.0000000000,0.0000000000,0.0000000000,0.0010000000,-0.0010000000,-0.0010000000,0.5773503000,-0.5773503000,-0.5773503000,0.0000000000,
4014337,1,0.4074662000,-1.0000000000,-0.0329090700,-0.0007602082,-0.0245473600,0.0000000000,0.0000000000,0.0000000000,1,0.4074662000,-1.0000000000,0.0336572600,-0.0027879490,-0.0262847400,0.0000000000,0.0000000000,0.0000000000,0.0010000000,-0.0010000000,-0.0010000000,0.5773503000,-0.5773503000,-0.5773503000,0.0000000000,
4014345,1,0.4089017000,-1.0000000000,-0.0328559300,-0.0007649689,-0.0245590400,0.0000000000,0.0000000000,0.0000000000,1,0.4089017000,-1.0000000000,0.0336572600,-0.0027879490,-0.0262847400,0.0000000000,0.0000000000,0.0000000000,0.0010000000,-0.0010000000,-0.0010000000,0.5773503000,-0.5773503000,-0.5773503000,0.0000000000,
4014354,1,0.4089017000,-1.0000000000,-0.0323406500,-0.0007285462,-0.0246783500,0.0000000000,0.0000000000,0.0000000000,1,0.4089017000,-1.0000000000,0.0336572600,-0.0027879490,-0.0262847400,0.0000000000,0.0000000000,0.0000000000,0.0010000000,-0.0010000000,-0.0010000000,0.5773503000,-0.5773503000,-0.5773503000,0.0000000000,
4014362,1,0.4658882000,-1.0000000000,-0.0326156000,-0.0004334717,-0.0245276000,0.0000000000,0.0000000000,0.0000000000,1,0.4658882000,-1.0000000000,0.0336572600,-0.0027879490,-0.0262847400,0.0000000000,0.0000000000,0.0000000000,0.0010000000,-0.0010000000,-0.0010000000,0.5773503000,-0.5773503000,-0.5773503000,0.0000000000,
4014370,1,0.4658882000,-1.0000000000,-0.0334435000,-0.0013000180,-0.0246391600,0.0000000000,0.0000000000,0.0000000000,1,0.4658882000,-1.0000000000,0.0336572600,-0.0027879490,-0.0262847400,0.0000000000,0.0000000000,0.0000000000,0.0010000000,-0.0010000000,-0.0010000000,0.5773503000,-0.5773503000,-0.5773503000,0.0000000000,
4014379,1,0.4915724000,-1.0000000000,-0.0332130800,-0.0005729981,-0.0244260600,0.0000000000,0.0000000000,0.0000000000,1,0.4915724000,-1.0000000000,0.0336572600,-0.0027879490,-0.0262847400,0.0000000000,0.0000000000,0.0000000000,0.0010000000,-0.0010000000,-0.0010000000,0.5773503000,-0.5773503000,-0.5773503000,0.0000000000,
4014387,1,0.4915724000,-1.0000000000,-0.0330845500,-0.0004443054,-0.0245353200,0.0000000000,0.0000000000,0.0000000000,1,0.4915724000,-1.0000000000,0.0306525600,-0.0036524200,-0.0264967700,0.0000000000,0.0000000000,0.0000000000,0.0010000000,-0.0010000000,-0.0010000000,0.5773503000,-0.5773503000,-0.5773503000,0.0000000000,
4014395,1,0.5737358000,-1.0000000000,-0.0325275700,0.0013627320,-0.0242497300,0.0000000000,0.0000000000,0.0000000000,1,0.5737358000,-1.0000000000,0.0312357300,-0.0039186400,-0.0263022300,0.0000000000,0.0000000000,0.0000000000,0.0010000000,-0.0010000000,-0.0010000000,0.5773503000,-0.5773503000,-0.5773503000,0.0000000000,
4014404,1,0.5737358000,-1.0000000000,-0.0324891700,0.0013394620,-0.0244144400,0.0000000000,0.0000000000,0.0000000000,1,0.5737358000,-1.0000000000,0.0344837000,-0.0014579620,-0.0262603800,0.0000000000,0.0000000000,0.0000000000,0.0010000000,-0.0010000000,-0.0010000000,0.5773503000,-0.5773503000,-0.5773503000,0.0000000000,
4014412,1,0.6852600000,-1.0000000000,-0.0324491000,0.0012837220,-0.0243960000,0.0000000000,0.0000000000,0.0000000000,1,0.6852600000,-1.0000000000,0.0344988600,-0.0014907690,-0.0263521600,0.0000000000,0.0000000000,0.0000000000,0.0010000000,-0.0010000000,-0.0010000000,0.5773503000,-0.5773503000,-0.5773503000,0.0000000000,
4014420,1,0.6852600000,-1.0000000000,-0.0324062800,0.0012077640,-0.0243714000,0.0000000000,0.0000000000,0.0000000000,1,0.6852600000,-1.0000000000,0.0344206400,-0.0015263980,-0.0263709600,0.0000000000,0.0000000000,0.0000000000,0.0010000000,-0.0010000000,-0.0010000000,0.5773503000,-0.5773503000,-0.5773503000,0.0000000000,
4014429,1,0.7649637000,-1.0000000000,-0.0324169500,0.0012245640,-0.0243855100,0.0000000000,0.0000000000,0.0000000000,1,0.7649637000,-1.0000000000,0.0345478400,-0.0015540470,-0.0263700600,0.0000000000,0.0000000000,0.0000000000,0.0010000000,-0.0010000000,-0.0010000000,0.5773503000,-0.5773503000,-0.5773503000,0.0000000000,
4014437,1,0.7649637000,-1.0000000000,-0.0324039000,0.0012165070,-0.0244062100,0.0000000000,0.0000000000,0.0000000000,1,0.7649637000,-1.0000000000,0.0345666800,-0.0015567630,-0.0263817900,0.0000000000,0.0000000000,0.0000000000,0.0010000000,-0.0010000000,-0.0010000000,0.5773503000,-0.5773503000,-0.5773503000,0.0000000000,
4014445,1,0.8479219000,-1.0000000000,-0.0323940300,0.0012012180,-0.0244128700,0.0000000000,0.0000000000,0.0000000000,1,0.8479219000,-1.0000000000,0.0345703100,-0.0015797120,-0.0263829700,0.0000000000,0.0000000000,0.0000000000,0.0010000000,-0.0010000000,-0.0010000000,0.5773503000,-0.5773503000,-0.5773503000,0.0000000000,
4014454,1,0.8479219000,-1.0000000000,-0.0323804800,0.0011907500,-0.0244300100,0.0000000000,0.0000000000,0.0000000000,1,0.8479219000,-1.0000000000,0.0345205400,-0.0015787960,-0.0263845500,0.0000000000,0.0000000000,0.0000000000,0.0010000000,-0.0010000000,-0.0010000000,0.5773503000,-0.5773503000,-0.5773503000,0.0000000000,
4014462,1,0.8879719000,3.0039520000,-0.0323717100,0.0011837920,-0.0244507000,0.2943137000,0.0688786800,0.9532236000,1,0.8879719000,3.2253570000,0.0345219400,-0.0015872500,-0.0263791200,0.2973805000,0.0829625900,0.9511477000,-0.0323662600,0.0011835630,-0.0244508700,0.2943137000,0.0688786800,0.9532236000,0.0000000000,
4014470,1,0.8879719000,3.0507050000,-0.0323457800,0.0011559600,-0.0244716600,0.2922989000,0.0810551100,0.9528859000,1,0.8879719000,3.2818150000,0.0345511300,-0.0015935520,-0.0263856800,0.2849459000,0.0846414800,0.9547992000,-0.0319368100,0.0011391450,-0.0244833700,0.2922567000,0.0810713500,0.9528974000,0.0000000000,
4014479,1,0.9101371000,3.1215820000,-0.0324388300,0.0011763760,-0.0244363400,0.2946483000,0.0800936700,0.9522433000,1,0.9101371000,3.1779790000,0.0344828800,-0.0015967410,-0.0263564900,0.2818035000,0.0827038700,0.9559011000,-0.0004239960,-0.0001502533,-0.0253549400,0.2885143000,0.0813449300,0.9540139000,0.0000000000,
4014487,1,0.9101371000,3.0938870000,-0.0324594100,0.0012067110,-0.0244381000,0.2982210000,0.0861368000,0.9506023000,1,0.9101371000,3.2453000000,0.0345139500,-0.0015567630,-0.0263646600,0.2705412000,0.0834359300,0.9590860000,0.0043683170,-0.0003128815,-0.0254974800,0.2830248000,0.0846572100,0.9553691000,0.0000000000,
4014495,1,0.9510132000,3.1783140000,-0.0324750400,0.0012252200,-0.0244371400,0.2946205000,0.0936291500,0.9510164000,1,0.9510132000,3.2903440000,0.0344729500,-0.0015449830,-0.0263640300,0.2824285000,0.0870067300,0.9553344000,0.0043275760,-0.0002976074,-0.0254963800,0.2879228000,0.0899978200,0.9534153000,0.0000000000,
4014504,1,0.9510132000,3.1267700000,-0.0324805800,0.0012516790,-0.0244426000,0.2952923000,0.1005416000,0.9501020000,1,0.9510132000,3.2731780000,0.0344547300,-0.0015252230,-0.0263640000,0.2835570000,0.0958109100,0.9541571000,0.0035928800,-0.0002448731,-0.0254781000,0.2889733000,0.0979927300,0.9523087000,0.0000000000,
4014512,1,0.9568475000,2.9374390000,-0.0325171500,0.0012656250,-0.0244360200,0.2872363000,0.1087970000,0.9516609000,1,0.9568475000,3.3099980000,0.0344443200,-0.0014673000,-0.0263543700,0.2675644000,0.0947728800,0.9588678000,0.0030471800,-0.0001858673,-0.0254549000,0.2768130000,0.1013653000,0.9555625000,0.0000000000,
4014520,1,0.9568475000,3.1037750000,-0.0325143400,0.0012830510,-0.0244339100,0.2751331000,0.1224679000,0.9535740000,1,0.9568475000,3.3442990000,0.0344152400,-0.0014438940,-0.0263466100,0.2651233000,0.0983130500,0.9591893000,0.0028887790,-0.0001593933,-0.0254456600,0.2698694000,0.1096964000,0.9566280000,0.0000000000,
4014529,1,0.9505439000,3.1087950000,-0.0325388900,0.0012830510,-0.0244225500,0.2599987000,0.1292135000,0.9569245000,1,0.9505439000,3.2381440000,0.0343840200,-0.0014284970,-0.0263462400,0.2642401000,0.1041732000,0.9588144000,0.0029859470,-0.0001563263,-0.0254437000,0.2622717000,0.1159226000,0.9580060000,0.0000000000,
4014537,1,0.9505439000,3.0376280000,-0.0325832200,0.0012827450,-0.0244069200,0.2557875000,0.1241629000,0.9587264000,1,0.9505439000,3.2535400000,0.0343317000,-0.0014222260,-0.0263351000,0.2553118000,0.1074684000,0.9608676000,0.0024888760,-0.0001350098,-0.0254175400,0.2555570000,0.1154187000,0.9598798000,0.0000000000,
4014545,1,0.9638130000,3.1853640000,-0.0326045400,0.0012938390,-0.0244072700,0.2609452000,0.1247276000,0.9572620000,1,0.9638130000,3.3023990000,0.0343156200,-0.0014158940,-0.0263333100,0.2512695000,0.1112837000,0.9614986000,0.0022693630,-0.0001182709,-0.0254109800,0.2559094000,0.1177388000,0.9595040000,0.0000000000,
4014554,1,0.9638130000,3.0408940000,-0.0326228200,0.0012960970,-0.0244035700,0.2566994000,0.1247410000,0.9584076000,1,0.9638130000,3.3465880000,0.0342937800,-0.0014150240,-0.0263279400,0.2424508000,0.1194325000,0.9627842000,0.0016333010,-0.0000917816,-0.0253886900,0.2494092000,0.1220266000,0.9606792000,0.0000000000,
4014562,1,0.9829736000,3.1485750000,-0.0326451600,0.0013087770,-0.0243968200,0.2459277000,0.1306620000,0.9604411000,1,0.9829736000,3.3675840000,0.0342465800,-0.0014322820,-0.0263261300,0.2515607000,0.1257193000,0.9596415000,0.0013159940,-0.0000828552,-0.0253763300,0.2487809000,0.1281594000,0.9600434000,0.0000000000,
4014570,1,0.9829736000,3.2032930000,-0.0326534000,0.0013102570,-0.0244037500,0.2516667000,0.1339893000,0.9584940000,1,0.9829736000,3.3239140000,0.0342404400,-0.0014283300,-0.0263308400,0.2479871000,0.1330421000,0.9595844000,0.0014320370,-0.0000851746,-0.0253857000,0.2497879000,0.1335152000,0.9590514000,0.0000000000,
4014579,1,0.9920670000,3.1308440000,-0.0326693700,0.0012890930,-0.0243882300,0.2408921000,0.1275491000,0.9621342000,1,0.9920670000,3.2748720000,0.0342175800,-0.0014311980,-0.0263245600,0.2452735000,0.1309377000,0.9605708000,0.0016795960,-0.0001078796,-0.0253826000,0.2431524000,0.1292896000,0.9613330000,0.0000000000,
4014587,1,0.9920670000,3.0896910000,-0.0326811900,0.0012806240,-0.0243916000,0.2377051000,0.1333334000,0.9621426000,1,0.9920670000,3.3548740000,0.0342261400,-0.0014184880,-0.0263169000,0.2317837000,0.1240554000,0.9648246000,-0.0002253723,-0.0000286713,-0.0253255300,0.2348340000,0.1288306000,0.9634603000,0.0000000000,
4014595,1,1.0000000000,3.2169650000,-0.0327073400,0.0012777560,-0.0243848700,0.2310036000,0.1376348000,0.9631687000,1,1.0000000000,3.4025730000,0.0342081900,-0.0014140930,-0.0263163000,0.2311565000,0.1259771000,0.9647261000,0.0000899963,-0.0000415955,-0.0253315300,0.2310803000,0.1319282000,0.9639486000,0.0000000000,
4014604,1,1.0000000000,3.2943730000,-0.0327477000,0.0012776790,-0.0243776900,0.2304251000,0.1382459000,0.9632198000,1,1.0000000000,3.3806150000,0.0341842200,-0.0014129030,-0.0263026600,0.2268088000,0.1238873000,0.9660279000,0.0010422060,-0.0000806275,-0.0253494900,0.2286081000,0.1309973000,0.9646647000,0.0000000000,
4014612,1,1.0000000000,3.3203280000,-0.0327734400,0.0012722320,-0.0243708700,0.2278455000,0.1382912000,0.9638268000,1,1.0000000000,3.4381710000,0.0341633800,-0.0014083250,-0.0262886400,0.2246104000,0.1180273000,0.9672744000,0.0008757325,-0.0000752869,-0.0253349300,0.2262286000,0.1280986000,0.9656145000,0.0000000000,
4014620,1,1.0000000000,3.2414090000,-0.0327921000,0.0012702330,-0.0243707000,0.2251137000,0.1415715000,0.9639924000,1,1.0000000000,3.4208370000,0.0341582300,-0.0014096830,-0.0262888800,0.2232073000,0.1205148000,0.9672925000,0.0011702880,-0.0000892181,-0.0253437400,0.2241540000,0.1308913000,0.9657238000,0.0000000000,
4014629,1,1.0000000000,3.3018190000,-0.0327998400,0.0012676850,-0.0243673300,0.2211791000,0.1402149000,0.9651008000,1,1.0000000000,3.3864750000,0.0341277000,-0.0014104610,-0.0262709700,0.2115487000,0.1196141000,0.9700204000,-0.0005511475,-0.0000227661,-0.0252845900,0.2165544000,0.1302958000,0.9675367000,0.0000000000,
4014637,1,1.0000000000,3.3060300000,-0.0328257000,0.0012625580,-0.0243465900,0.2142208000,0.1382921000,0.9669461000,1,1.0000000000,3.4167330000,0.0341119700,-0.0014019320,-0.0262666800,0.2149073000,0.1162428000,0.9696919000,-0.0007213593,-0.0000153656,-0.0252674900,0.2145722000,0.1277179000,0.9683217000,0.0000000000,
4014645,1,1.0000000000,3.3420260000,-0.0328383300,0.0012547760,-0.0243288700,0.2101470000,0.1336689000,0.9684890000,1,1.0000000000,3.4420930000,0.0340905500,-0.0013984380,-0.0262564900,0.2101748000,0.1152955000,0.9708416000,-0.0006538391,-0.0000210877,-0.0252558300,0.2101623000,0.1248339000,0.9696640000,0.0000000000,
4014654,1,1.0000000000,3.3199770000,-0.0328479900,0.0012522580,-0.0243258700,0.2064233000,0.1345078000,0.9691734000,1,1.0000000000,3.4597020000,0.0340733800,-0.0013986820,-0.0262547200,0.2136718000,0.1109940000,0.9705796000,0.0012431490,-0.0000981751,-0.0253084600,0.2101304000,0.1225443000,0.9699630000,0.0000000000,
4014662,1,1.0000000000,3.3214260000,-0.0328576700,0.0012497410,-0.0243228500,0.2028224000,0.1339281000,0.9700136000,1,1.0000000000,3.3943180000,0.0340588500,-0.0014041600,-0.0262399000,0.1992056000,0.1109326000,0.9736586000,0.0011076360,-0.0000973053,-0.0252959000,0.2009909000,0.1222547000,0.9719344000,0.0000000000,
4014670,1,1.0000000000,3.2898410000,-0.0329189900,0.0012362520,-0.0243005400,0.2026684000,0.1405647000,0.9691063000,1,1.0000000000,3.3438110000,0.0340461600,-0.0014109040,-0.0262364100,0.1968570000,0.1119862000,0.9740157000,0.0013057860,-0.0001166534,-0.0252899200,0.1997243000,0.1259778000,0.9717200000,0.0000000000,
4014679,1,1.0000000000,3.3435970000,-0.0329424400,0.0012249450,-0.0242766600,0.1996493000,0.1316855000,0.9709784000,1,1.0000000000,3.3623810000,0.0340336300,-0.0014213260,-0.0262230200,0.1913616000,0.1120459000,0.9751033000,0.0022764590,-0.0001665649,-0.0253001400,0.1953001000,0.1213702000,0.9732046000,0.0000000000,
4014687,1,1.0000000000,3.3402250000,-0.0329510800,0.0012241970,-0.0242765700,0.1989617000,0.1306168000,0.9712638000,1,1.0000000000,3.4029390000,0.0340186200,-0.0014314270,-0.0262077300,0.1890587000,0.1077131000,0.9760403000,0.0022325900,-0.0001709747,-0.0252911400,0.1937725000,0.1185920000,0.9738522000,0.0000000000,
4014695,1,1.0000000000,3.3437040000,-0.0329597200,0.0012234500,-0.0242764700,0.1982449000,0.1319140000,0.9712351000,1,1.0000000000,3.4270480000,0.0340136000,-0.0014312590,-0.0262099900,0.1900492000,0.1098791000,0.9756064000,0.0023423770,-0.0001758576,-0.0252956400,0.1939259000,0.1203015000,0.9736120000,0.0000000000,
4014704,1,1.0000000000,3.3401030000,-0.0329637900,0.0012209780,-0.0242731300,0.1947343000,0.1325695000,0.9718559000,1,1.0000000000,3.3706360000,0.0339918800,-0.0014342500,-0.0261971100,0.1754323000,0.1116040000,0.9781452000,0.0023270110,-0.0001785278,-0.0252872200,0.1845725000,0.1215224000,0.9752770000,0.0000000000,
4014712,1,1.0000000000,3.3365330000,-0.0329678500,0.0012185210,-0.0242698100,0.1912105000,0.1334094000,0.9724405000,1,1.0000000000,3.4632420000,0.0339852300,-0.0014403530,-0.0261866200,0.1785292000,0.1037758000,0.9784467000,0.0010505520,-0.0001324310,-0.0252437300,0.1848000000,0.1183782000,0.9756206000,0.0000000000,
4014720,1,1.0000000000,3.3306430000,-0.0329727900,0.0012180330,-0.0242637000,0.1895756000,0.1338199000,0.9727041000,1,1.0000000000,3.4092710000,0.0339737100,-0.0014456330,-0.0261686300,0.1719223000,0.1035471000,0.9796534000,0.0001228638,-0.0000987702,-0.0252054100,0.1808791000,0.1188669000,0.9762958000,0.0000000000,
4014729,1,1.0000000000,3.3358150000,-0.0329777600,0.0012175290,-0.0242575900,0.1879746000,0.1328136000,0.9731526000,1,1.0000000000,3.4438170000,0.0339598900,-0.0014408420,-0.0261733600,0.1735248000,0.1048900000,0.9792278000,-0.0003835602,-0.0000769043,-0.0251904500,0.1809706000,0.1192331000,0.9762341000,0.0000000000,
4014737,1,1.0000000000,3.3336490000,-0.0329820600,0.0012170110,-0.0242511500,0.1861117000,0.1320192000,0.9736187000,1,1.0000000000,3.4180600000,0.0339539900,-0.0014416500,-0.0261711000,0.1707775000,0.0994574700,0.9802771000,-0.0012668300,-0.0000426941,-0.0251608400,0.1788654000,0.1166089000,0.9769388000,0.0000000000,
4014745,1,1.0000000000,3.3236080000,-0.0330911100,0.0011628880,-0.0240604400,0.1754938000,0.1337299000,0.9753554000,1,1.0000000000,3.3959660000,0.0339481200,-0.0014408420,-0.0261733600,0.1678624000,0.1027529000,0.9804407000,0.0051302640,-0.0003215790,-0.0252650900,0.1711608000,0.1160908000,0.9783797000,0.0000000000,
4014754,1,1.0000000000,3.3116910000,-0.0331189600,0.0011458590,-0.0240111400,0.1738915000,0.1288317000,0.9763013000,1,1.0000000000,3.4192500000,0.0339267600,-0.0014426730,-0.0261774500,0.1598370000,0.1044167000,0.9816055000,0.0176245100,-0.0008132630,-0.0256507000,0.1632712000,0.1103530000,0.9803901000,0.0000000000,
4014762,1,1.0000000000,3.3566280000,-0.0331291200,0.0011430660,-0.0240040000,0.1707322000,0.1295025000,0.9767700000,1,1.0000000000,3.4319310000,0.0339097800,-0.0014459080,-0.0261644900,0.1539920000,0.0991975900,0.9830800000,0.0253149300,-0.0011139830,-0.0258875000,0.1561447000,0.1030894000,0.9823397000,0.0000000000,
4014770,1,1.0000000000,3.3529360000,-0.0331392800,0.0011402890,-0.0239968400,0.1674360000,0.1292124000,0.9773788000,1,1.0000000000,3.4196010000,0.0338592500,-0.0016046750,-0.0256980900,0.1622936000,0.1064918000,0.9809793000,0.0148525200,-0.0008259583,-0.0252154500,0.1637751000,0.1129473000,0.9800105000,0.0000000000,
4014779,1,1.0000000000,3.3363040000,-0.0331455400,0.0011329040,-0.0239716400,0.1655292000,0.1291060000,0.9777176000,1,1.0000000000,3.4373320000,0.0338401300,-0.0016336060,-0.0256359900,0.1631328000,0.1085670000,0.9806125000,-0.0166562200,0.0004518891,-0.0243813300,0.1649500000,0.1240558000,0.9784691000,0.0000000000,
4014787,1,1.0000000000,3.3535310000,-0.0331518100,0.0011255190,-0.0239464300,0.1637133000,0.1292281000,0.9780072000,1,1.0000000000,3.5279540000,0.0338231700,-0.0016246640,-0.0256765000,0.1560994000,0.1082320000,0.9817936000,-0.0289195400,0.0009517365,-0.0240557600,0.1632393000,0.1278998000,0.9782610000,0.0000000000,
4014795,1,0.9970251000,3.3670350000,-0.0331566900,0.0011166990,-0.0239171300,0.1594259000,0.1286790000,0.9787875000,1,0.9970251000,3.5159910000,0.0338172200,-0.0016305240,-0.0256646600,0.1520102000,0.1087814000,0.9823744000,-0.0319715400,0.0010680850,-0.0239480600,0.1593022000,0.1283268000,0.9788539000,0.0000000000,
4014803,1,0.9970251000,3.3809360000,-0.0331615800,0.0011078950,-0.0238878300,0.1551381000,0.1281144000,0.9795504000,1,0.9970251000,3.5157930000,0.0338033300,-0.0016337130,-0.0256749300,0.1449448000,0.1085217000,0.9834704000,-0.0326451000,0.0010867460,-0.0239016300,0.1550471000,0.1279623000,0.9795846000,0.0000000000,
4014812,1,1.0000000000,3.3674160000,-0.0331677400,0.0010988160,-0.0238540700,0.1529089000,0.1279454000,0.9799229000,1,1.0000000000,3.4361420000,0.0337902700,-0.0016547550,-0.0256281300,0.1484530000,0.1040498000,0.9834304000,-0.0328036200,0.0010838470,-0.0238637300,0.1528795000,0.1278090000,0.9799452000,0.0000000000,
4014820,1,1.0000000000,3.3596650000,-0.0332746000,0.0010443880,-0.0236923100,0.1433729000,0.1298077000,0.9811188000,1,1.0000000000,3.5496220000,0.0337773400,-0.0016712340,-0.0255874500,0.1391153000,0.1103675000,0.9841067000,-0.0323928400,0.0010086820,-0.0237172200,0.1433115000,0.1295480000,0.9811621000,0.0000000000,
4014828,1,1.0000000000,3.3806920000,-0.0333006000,0.0010574650,-0.0237559700,0.1478293000,0.1256274000,0.9810016000,1,1.0000000000,3.5132900000,0.0337594300,-0.0016772770,-0.0255857400,0.1400931000,0.1112231000,0.9838716000,-0.0283581400,0.0008559113,-0.0238908200,0.1472633000,0.1245734000,0.9812211000,0.0000000000,
4014837,1,1.0000000000,3.3626400000,-0.0333205400,0.0010327910,-0.0236686100,0.1451579000,0.1281748000,0.9810711000,1,1.0000000000,3.4001160000,0.0337444600,-0.0016006620,-0.0258323800,0.1278390000,0.1011360000,0.9866249000,-0.0056864320,-0.0000523071,-0.0245601800,0.1380476000,0.1170513000,0.9834845000,0.0000000000,
4014845,1,1.0000000000,3.3309780000,-0.0333262300,0.0010281220,-0.0236490900,0.1402445000,0.1253213000,0.9821538000,1,1.0000000000,3.4223480000,0.0337327000,-0.0015364080,-0.0260493200,0.1241321000,0.1012130000,0.9870902000,0.0092851720,-0.0006014557,-0.0251742700,0.1300212000,0.1100015000,0.9853904000,0.0000000000,
4014853,1,1.0000000000,3.2993010000,-0.0333319300,0.0010234380,-0.0236295800,0.1353458000,0.1225742000,0.9831872000,1,1.0000000000,3.4269410000,0.0337139100,-0.0014689180,-0.0262821400,0.1138615000,0.0995334200,0.9884982000,-0.0237735800,0.0006681214,-0.0240077400,0.1322953000,0.1192947000,0.9840055000,0.0000000000,
4014862,1,1.0000000000,3.3909910000,-0.0333469400,0.0009832612,-0.0236580700,0.1294710000,0.1157534000,0.9848038000,1,1.0000000000,3.4851380000,0.0336860400,-0.0015098110,-0.0262703700,0.1184849000,0.0992892600,0.9879792000,-0.0317463100,0.0009237366,-0.0237204500,0.1292122000,0.1153571000,0.9848843000,0.0000000000,
4014870,1,1.0000000000,3.4002990000,-0.0332886700,0.0010045780,-0.0241043700,0.1165788000,0.0734416200,0.9904624000,1,1.0000000000,3.4804840000,0.0336504100,-0.0015144350,-0.0265849200,0.1121685000,0.0686805300,0.9913129000,-0.0330488200,0.0009955597,-0.0241132700,0.1165472000,0.0734104100,0.9904684000,0.0000000000,
4014878,1,1.0000000000,3.3007660000,-0.0332903300,0.0007978363,-0.0238737400,0.1214767000,0.0631721500,0.9905820000,1,1.0000000000,3.4453740000,0.0335699200,-0.0018203580,-0.0259582700,0.1044020000,0.0498816100,0.9932835000,-0.0328923400,0.0007822571,-0.0238861400,0.1213702000,0.0630960200,0.9905999000,0.0000000000,
4014887,1,1.0000000000,3.3718870000,-0.0332836300,0.0007831574,-0.0239243200,0.1182563000,0.0544131500,0.9914911000,1,1.0000000000,3.4082180000,0.0335538500,-0.0017344210,-0.0263721000,0.1031505000,0.0368503500,0.9939829000,-0.0329836800,0.0007718506,-0.0239352900,0.1181949000,0.0543214300,0.9915035000,0.0000000000,
4014895,1,1.0000000000,3.2606200000,-0.0333291300,0.0007857666,-0.0239437000,0.1190347000,0.0611576800,0.9910048000,1,1.0000000000,3.3902590000,0.0335574000,-0.0017578280,-0.0263350500,0.0888379200,0.0419622600,0.9951618000,-0.0326875500,0.0007613678,-0.0239666300,0.1187448000,0.0609746000,0.9910508000,0.0000000000,
4014903,1,1.0000000000,3.3143310000,-0.0333526500,0.0007628937,-0.0238859300,0.1146715000,0.0716868500,0.9908136000,1,1.0000000000,3.4060210000,0.0335543100,-0.0017922210,-0.0262422200,0.0929721100,0.0412141300,0.9948153000,-0.0305513300,0.0006559144,-0.0239845700,0.1137708000,0.0704200900,0.9910082000,0.0000000000,
4014912,1,1.0000000000,3.2871860000,-0.0333680900,0.0007393189,-0.0238158700,0.1115573000,0.0509797500,0.9924495000,1,1.0000000000,3.4119720000,0.0335499900,-0.0017919010,-0.0262428400,0.0908365300,0.0413822700,0.9950056000,-0.0149414500,0.0000423126,-0.0244841600,0.1058515000,0.0483404100,0.9932063000,0.0000000000,
4014920,1,1.0000000000,3.2217710000,-0.0333771800,0.0007415009,-0.0238325200,0.1087354000,0.0535742200,0.9926261000,1,1.0000000000,3.3776700000,0.0335377800,-0.0017629240,-0.0263326400,0.0877393600,0.0413519400,0.9952848000,-0.0016616520,-0.0004455109,-0.0250175000,0.0987857700,0.0477754400,0.9939612000,0.0000000000,
4014928,1,1.0000000000,3.2881010000,-0.0333862800,0.0007436829,-0.0238491500,0.1110388000,0.0559695500,0.9922388000,1,1.0000000000,3.3719640000,0.0335270900,-0.0017782750,-0.0263078600,0.0868837700,0.0377961200,0.9955012000,-0.0013227540,-0.0004647827,-0.0250273100,0.0994725500,0.0472719700,0.9939167000,0.0000000000,
4014937,1,1.0000000000,3.2830810000,-0.0333962000,0.0007482453,-0.0238647900,0.1105669000,0.0559243000,0.9922940000,1,1.0000000000,3.3774110000,0.0335224900,-0.0017871550,-0.0262900400,0.0886392300,0.0379337400,0.9953412000,-0.0093080760,-0.0001643982,-0.0247377800,0.1026780000,0.0494545000,0.9934845000,0.0000000000,
4014945,1,1.0000000000,3.2785950000,-0.0334061200,0.0007528077,-0.0238804200,0.1100939000,0.0557565100,0.9923561000,1,1.0000000000,3.3726350000,0.0335178900,-0.0017960510,-0.0262974300,0.0887910400,0.0393830000,0.9952714000,-0.0137138200,0.0000028076,-0.0245916200,0.1038364000,0.0509340000,0.9932894000,0.0000000000,
4014953,1,1.0000000000,3.2513120000,-0.0334185000,0.0007517243,-0.0238911100,0.1104901000,0.0564123800,0.9922750000,1,1.0000000000,3.3294680000,0.0335139900,-0.0017962650,-0.0263004300,0.0871282500,0.0387270600,0.9954441000,-0.0140869000,0.0000157929,-0.0245869800,0.1037605000,0.0513156600,0.9932776000,0.0000000000,
4014962,1,1.0000000000,3.2240910000,-0.0334308800,0.0007506256,-0.0238808800,0.1108868000,0.0559088000,0.9922592000,1,1.0000000000,3.3412930000,0.0335101200,-0.0017964780,-0.0263034500,0.0854958100,0.0383609600,0.9955997000,0.0011105810,-0.0005636750,-0.0251309200,0.0977943600,0.0468601100,0.9941028000,0.0000000000,
4014970,1,1.0000000000,3.2275540000,-0.0334410600,0.0007475434,-0.0238806500,0.1109932000,0.0565799600,0.9922093000,1,1.0000000000,3.3261110000,0.0335061400,-0.0017980200,-0.0263044900,0.0839394900,0.0386051400,0.9957228000,0.0007982636,-0.0005543518,-0.0251202900,0.0971692800,0.0473944400,0.9941388000,0.0000000000,
4014978,1,1.0000000000,3.2258300000,-0.0334512300,0.0007444611,-0.0238804200,0.1110853000,0.0571143000,0.9921683000,1,1.0000000000,3.3414460000,0.0335021500,-0.0017995760,-0.0263034500,0.0824133000,0.0388338900,0.9958414000,0.0004172211,-0.0005424347,-0.0251061100,0.0965897600,0.0478676300,0.9941726000,0.0000000000,
4014987,1,1.0000000000,3.2249910000,-0.0334605600,0.0007440643,-0.0238647900,0.1095288000,0.0561377200,0.9923971000,1,1.0000000000,3.3436430000,0.0335005000,-0.0018010100,-0.0263004300,0.0825044200,0.0387726500,0.9958362000,0.0012712400,-0.0005760193,-0.0251281300,0.0955202500,0.0471345100,0.9943109000,0.0000000000,
4014995,1,1.0000000000,3.2240750000,-0.0334698700,0.0007436829,-0.0238491500,0.1079568000,0.0551914600,0.9926224000,1,1.0000000000,3.3415220000,0.0334988700,-0.0018024450,-0.0262974300,0.0825819400,0.0386206400,0.9958357000,0.0016333160,-0.0005909271,-0.0251324600,0.0946661700,0.0465091100,0.9944220000,0.0000000000,
4015003,1,1.0000000000,3.2212830000,-0.0334760400,0.0007415009,-0.0238424200,0.1087358000,0.0554512700,0.9925229000,1,1.0000000000,3.3406830000,0.0334987000,-0.0018047940,-0.0262848200,0.0805061800,0.0380558000,0.9960274000,0.0016811520,-0.0005951233,-0.0251245100,0.0939339000,0.0463260800,0.9945000000,0.0000000000,
4015012,1,1.0000000000,3.2185060000,-0.0334822100,0.0007393189,-0.0238356900,0.1095134000,0.0553747000,0.9924417000,1,1.0000000000,3.3414150000,0.0334985500,-0.0018071440,-0.0262722200,0.0784313900,0.0374456500,0.9962160000,0.0015089420,-0.0005909576,-0.0251085500,0.0932928600,0.0460208200,0.9945745000,0.0000000000,
4015020,1,1.0000000000,3.2182770000,-0.0334872300,0.0007338105,-0.0238257900,0.1104449000,0.0561532300,0.9922947000,1,1.0000000000,3.3413240000,0.0334968800,-0.0018183140,-0.0262556900,0.0784463500,0.0379185300,0.9961969000,0.0015261230,-0.0006002045,-0.0250959200,0.0937359600,0.0466314600,0.9945045000,0.0000000000,
4015028,1,1.0000000000,3.2178800000,-0.0334922500,0.0007283021,-0.0238158700,0.1113903000,0.0565344000,0.9921674000,1,1.0000000000,3.3410030000,0.0334952100,-0.0018294680,-0.0262391700,0.0784461300,0.0383914500,0.9961788000,0.0009926911,-0.0005884247,-0.0250633700,0.0944528500,0.0471959100,0.9944100000,0.0000000000,
4015037,1,1.0000000000,3.2142940000,-0.0335008200,0.0007135163,-0.0237829800,0.1091167000,0.0580144800,0.9923345000,1,1.0000000000,3.3419950000,0.0334935300,-0.0018348700,-0.0262156700,0.0756996700,0.0375065100,0.9964250000,0.0006150208,-0.0005841980,-0.0250217900,0.0921184600,0.0475775000,0.9946108000,0.0000000000,
4015045,1,1.0000000000,3.2141570000,-0.0335095500,0.0007077790,-0.0237590700,0.1037606000,0.0574193000,0.9929435000,1,1.0000000000,3.3416140000,0.0334918400,-0.0018402710,-0.0261921700,0.0729527200,0.0365755400,0.9966645000,-0.0006935425,-0.0005402069,-0.0249507600,0.0886845700,0.0472262100,0.9949396000,0.0000000000,
4015053,1,1.0000000000,3.2113800000,-0.0335173300,0.0007014313,-0.0237200900,0.1043254000,0.0566259300,0.9929299000,1,1.0000000000,3.3411100000,0.0334883700,-0.0018435980,-0.0261859600,0.0731362700,0.0351872000,0.9967010000,0.0004387512,-0.0005882874,-0.0249697100,0.0885324300,0.0457768500,0.9950209000,0.0000000000,
4015062,1,1.0000000000,3.1929780000,-0.0335253600,0.0006911469,-0.0236788300,0.0975499000,0.0562136500,0.9936418000,1,1.0000000000,3.3372340000,0.0334813600,-0.0018435980,-0.0261859600,0.0736695500,0.0348053500,0.9966752000,0.0034570770,-0.0007078247,-0.0250625800,0.0843816200,0.0444033400,0.9954437000,0.0000000000,
4015070,1,1.0000000000,3.1875610000,-0.0335301700,0.0006834412,-0.0236586000,0.0973975500,0.0567020700,0.9936290000,1,1.0000000000,3.3373410000,0.0334760100,-0.0018435980,-0.0261859600,0.0737618100,0.0347751600,0.9966694000,0.0066853340,-0.0008332215,-0.0251754600,0.0832217800,0.0435487600,0.9955791000,0.0000000000,
4015078,1,1.0000000000,3.1763610000,-0.0335350000,0.0006737824,-0.0236493700,0.0964215500,0.0579841600,0.9936502000,1,1.0000000000,3.3367770000,0.0334674200,-0.0018435980,-0.0261859600,0.0712589500,0.0335695200,0.9968928000,0.0100381600,-0.0009633179,-0.0252989700,0.0800783800,0.0421143900,0.9958985000,0.0000000000,
4015087,1,1.0000000000,3.1323700000,-0.0335402100,0.0006685334,-0.0236489900,0.0946657700,0.0587007100,0.9937770000,1,1.0000000000,3.3357090000,0.0334614600,-0.0018435980,-0.0261859600,0.0713968400,0.0334935000,0.9968855000,0.0122696100,-0.0010490420,-0.0253835500,0.0787668600,0.0414739100,0.9960300000,0.0000000000,
4015095,1,1.0000000000,3.1315610000,-0.0335469400,0.0006682129,-0.0236444600,0.0886845100,0.0584414500,0.9943439000,1,1.0000000000,3.3358920000,0.0334538100,-0.0018435980,-0.0261859600,0.0684061300,0.0333561900,0.9970998000,0.0123909500,-0.0010539700,-0.0253869900,0.0747991400,0.0412448100,0.9963453000,0.0000000000,
4015103,1,1.0000000000,3.1304020000,-0.0335557100,0.0006674195,-0.0236376000,0.0898286600,0.0583039400,0.9942492000,1,1.0000000000,3.3357240000,0.0334485300,-0.0018435980,-0.0261859600,0.0680395400,0.0333560100,0.9971249000,0.0117160800,-0.0010291600,-0.0253594200,0.0751193900,0.0414583400,0.9963124000,0.0000000000,
4015112,1,1.0000000000,3.1307830000,-0.0335646700,0.0006639863,-0.0236345200,0.0912791100,0.0590064100,0.9940757000,1,1.0000000000,3.2996520000,0.0334462900,-0.0018415380,-0.0261897000,0.0658723300,0.0328827600,0.9972861000,0.0090269620,-0.0009285126,-0.0252585800,0.0751501800,0.0424045400,0.9962702000,0.0000000000,
4015120,1,1.0000000000,3.1284480000,-0.0335739800,0.0006612702,-0.0236336500,0.0925914900,0.0595100300,0.9939243000,1,1.0000000000,3.2996520000,0.0334427200,-0.0018402710,-0.0261921700,0.0663454700,0.0328065200,0.9972572000,0.0061564790,-0.0008217469,-0.0251504500,0.0770421700,0.0436862200,0.9960703000,0.0000000000,
4015128,1,1.0000000000,3.1284640000,-0.0335830300,0.0006605682,-0.0236323900,0.0898138700,0.0595249600,0.9941782000,1,1.0000000000,3.2989200000,0.0334408000,-0.0018303990,-0.0262212100,0.0660403400,0.0324708500,0.9972885000,0.0024221500,-0.0006775666,-0.0250231000,0.0770575400,0.0449985500,0.9960107000,0.0000000000,
4015137,1,1.0000000000,3.1290440000,-0.0335934000,0.0006599732,-0.0236248300,0.0905613400,0.0602114600,0.9940690000,1,1.0000000000,3.2988590000,0.0334393200,-0.0018181610,-0.0262524400,0.0639805200,0.0345919000,0.9973515000,-0.0009080506,-0.0005483704,-0.0249060500,0.0776067100,0.0477298100,0.9958409000,0.0000000000,
4015145,1,1.0000000000,3.1295010000,-0.0336038800,0.0006577454,-0.0236088900,0.0917215900,0.0598608900,0.9939838000,1,1.0000000000,3.3276820000,0.0334375800,-0.0018083340,-0.0262524400,0.0643167500,0.0332646500,0.9973750000,-0.0027245790,-0.0004781189,-0.0248265100,0.0791180500,0.0476081600,0.9957278000,0.0000000000,
4015153,1,1.0000000000,3.1248320000,-0.0336154500,0.0006572418,-0.0235943300,0.0937510600,0.0597540900,0.9938009000,1,1.0000000000,3.3282780000,0.0334372300,-0.0018078160,-0.0262524400,0.0643772300,0.0343019700,0.9973360000,-0.0033472290,-0.0004554901,-0.0247942200,0.0805061200,0.0482792600,0.9955842000,0.0000000000,
4015162,1,1.0000000000,3.1249690000,-0.0336154500,0.0006569672,-0.0235881700,0.0937510000,0.0595099100,0.9938155000,1,1.0000000000,3.3282010000,0.0334372300,-0.0018077240,-0.0262524400,0.0642556600,0.0343022400,0.9973437000,-0.0030598150,-0.0004661713,-0.0248022600,0.0803227000,0.0480349300,0.9956108000,0.0000000000,
4015170,1,1.0000000000,3.1222080000,-0.0336154500,0.0006569672,-0.0235833500,0.0937350600,0.0609132900,0.9937320000,1,1.0000000000,3.3355260000,0.0334372300,-0.0018072050,-0.0262524400,0.0642558000,0.0342412700,0.9973458000,-0.0022974850,-0.0004939575,-0.0248299900,0.0799875000,0.0484624800,0.9956171000,0.0000000000,
4015178,1,1.0000000000,3.1254120000,-0.0336154500,0.0006569672,-0.0235829200,0.0937351700,0.0611422500,0.9937180000,1,1.0000000000,3.3354950000,0.0334372300,-0.0018060150,-0.0262558600,0.0642400300,0.0345004100,0.9973379000,-0.0015880590,-0.0005194550,-0.0248596400,0.0796516400,0.0484318600,0.9956455000,0.0000000000,
4015187,1,1.0000000000,3.1309970000,-0.0336154500,0.0006569672,-0.0235815000,0.0937356500,0.0617987000,0.9936773000,1,1.0000000000,3.3288570000,0.0334372300,-0.0018057560,-0.0262604800,0.0641787400,0.0364381400,0.9972730000,-0.0005237427,-0.0005584107,-0.0249036300,0.0791631200,0.0492862100,0.9956425000,0.0000000000,
4015195,1,1.0000000000,3.1311340000,-0.0336154500,0.0006569672,-0.0235610400,0.0937048700,0.0618900800,0.9936745000,1,1.0000000000,3.3288120000,0.0334372300,-0.0018052830,-0.0262655800,0.0642703900,0.0366518200,0.9972593000,0.0010092470,-0.0006144714,-0.0249576100,0.0785218300,0.0488739700,0.9957137000,0.0000000000,
4015203,1,1.0000000000,3.1354370000,-0.0336154500,0.0006569672,-0.0235591000,0.0937202700,0.0620885300,0.9936607000,1,1.0000000000,3.3287810000,0.0334372300,-0.0018049160,-0.0262793300,0.0653534500,0.0373535500,0.9971628000,0.0019262090,-0.0006479645,-0.0250009800,0.0786906300,0.0489813700,0.9956951000,0.0000000000,
4015212,1,1.0000000000,3.1436610000,-0.0336154500,0.0006569672,-0.0235544100,0.0939335900,0.0627902400,0.9935964000,1,1.0000000000,3.3283390000,0.0334372300,-0.0017996980,-0.0262809600,0.0662537600,0.0365601100,0.9971328000,0.0013236690,-0.0006231232,-0.0249751500,0.0795300400,0.0491340600,0.9956208000,0.0000000000,
4015220,1,1.0000000000,3.1443180000,-0.0336118600,0.0006572418,-0.0235514200,0.0955970800,0.0633702600,0.9934009000,1,1.0000000000,3.3326720000,0.0334411600,-0.0017992100,-0.0262809600,0.0664071300,0.0363774300,0.9971293000,0.0009626160,-0.0006093750,-0.0249588500,0.0805518000,0.0494694000,0.9955220000,0.0000000000,
4015228,1,1.0000000000,3.1485900000,-0.0335988200,0.0006607514,-0.0235498800,0.0964670500,0.0629736600,0.9933420000,1,1.0000000000,3.2684480000,0.0335015000,-0.0017181550,-0.0264525300,0.0711214200,0.0356904100,0.9968290000,-0.0045420080,-0.0003693848,-0.0248068300,0.0855113100,0.0511633500,0.9950227000,0.0000000000,
4015237,1,1.0000000000,3.1484530000,-0.0335891400,0.0006624603,-0.0235479600,0.0951694500,0.0626375800,0.9934885000,1,1.0000000000,3.3000490000,0.0335101300,-0.0017347410,-0.0264130300,0.0742351600,0.0358129300,0.9965975000,-0.0107386200,-0.0001538849,-0.0245236500,0.0880435300,0.0535127600,0.9946782000,0.0000000000,
4015245,1,1.0000000000,3.1532590000,-0.0335772000,0.0006702729,-0.0235479600,0.0931250500,0.0617832700,0.9937356000,1,1.0000000000,3.3148960000,0.0335177600,-0.0017734830,-0.0263000200,0.0788270900,0.0335083800,0.9963250000,-0.0104722800,-0.0001712494,-0.0244956500,0.0882115400,0.0520480100,0.9947411000,0.0000000000,
4015253,1,1.0000000000,3.1541600000,-0.0335693400,0.0006720123,-0.0235479600,0.0934766500,0.0616311200,0.9937121000,1,1.0000000000,3.2551270000,0.0335275900,-0.0017882230,-0.0262517300,0.0782475500,0.0319978800,0.9964203000,-0.0108504600,-0.0001610107,-0.0244634400,0.0883333400,0.0516053400,0.9947533000,0.0000000000,
4015262,1,1.0000000000,3.1537170000,-0.0335591000,0.0006722260,-0.0235479600,0.0936749700,0.0615853000,0.9936963000,1,1.0000000000,3.2195430000,0.0335321100,-0.0017813570,-0.0262755800,0.0796366200,0.0344547800,0.9962283000,-0.0110439000,-0.0001511688,-0.0244633200,0.0889745100,0.0524905400,0.9946498000,0.0000000000,
4015270,1,1.0000000000,3.1486970000,-0.0335531000,0.0006736146,-0.0235479600,0.0998700200,0.0612190300,0.9931154000,1,1.0000000000,3.2192540000,0.0335366400,-0.0017780920,-0.0262886400,0.0811165600,0.0358890400,0.9960582000,-0.0111967300,-0.0001433563,-0.0244612400,0.0936284500,0.0527804500,0.9942071000,0.0000000000,
4015278,1,1.0000000000,3.1541900000,-0.0335467900,0.0006740723,-0.0235479600,0.1011058000,0.0612036400,0.9929913000,1,1.0000000000,3.2015080000,0.0335429500,-0.0017789160,-0.0262864500,0.0809481600,0.0364533700,0.9960515000,-0.0110944500,-0.0001468353,-0.0244644300,0.0943607800,0.0529329800,0.9941299000,0.0000000000,
4015287,1,1.0000000000,3.1546020000,-0.0335425700,0.0006743622,-0.0235498800,0.1024333000,0.0612341200,0.9928534000,1,1.0000000000,3.2197110000,0.0335492900,-0.0017780920,-0.0262886400,0.0807650300,0.0368653500,0.9960512000,-0.0111395700,-0.0001445465,-0.0244644000,0.0952153800,0.0531008800,0.9940394000,0.0000000000,
4015295,1,1.0000000000,3.1562190000,-0.0335392600,0.0006765900,-0.0235591000,0.1043400000,0.0613253200,0.9926492000,1,1.0000000000,3.2297670000,0.0335535000,-0.0017789160,-0.0262864500,0.0809947300,0.0364995100,0.9960460000,-0.0109904500,-0.0001486664,-0.0244757200,0.0965127200,0.0529790000,0.9939208000,0.0000000000,
4015303,1,1.0000000000,3.1550900000,-0.0335344300,0.0006770325,-0.0235610400,0.1063248000,0.0609597300,0.9924610000,1,1.0000000000,3.2191930000,0.0335577200,-0.0017797240,-0.0262842700,0.0811933200,0.0359808000,0.9960487000,-0.0107308500,-0.0001579743,-0.0244866200,0.0977937800,0.0524750800,0.9938223000,0.0000000000,
4015312,1,1.0000000000,3.1546170000,-0.0335294200,0.0006778870,-0.0235679000,0.1091472000,0.0612646200,0.9921359000,1,1.0000000000,3.2294160000,0.0335633900,-0.0017839810,-0.0262828100,0.0850376300,0.0350038300,0.9957627000,-0.0037303930,-0.0004155273,-0.0247737100,0.0984505300,0.0496067400,0.9939048000,0.0000000000,
4015320,1,1.0000000000,3.1548460000,-0.0335227100,0.0006893311,-0.0236072600,0.1126262000,0.0611425500,0.9917545000,1,1.0000000000,3.2392880000,0.0335690500,-0.0017882230,-0.0262813300,0.0888681400,0.0339816900,0.9954636000,0.0008445588,-0.0005797730,-0.0249770200,0.1004653000,0.0472266300,0.9938191000,0.0000000000,
4015328,1,1.0000000000,3.1532590000,-0.0335077800,0.0006970062,-0.0236790800,0.1132666000,0.0615085200,0.9916589000,1,1.0000000000,3.2293550000,0.0335727700,-0.0017921910,-0.0262665300,0.0903028000,0.0332188500,0.9953602000,0.0043868110,-0.0007091523,-0.0251407600,0.1003115000,0.0455323200,0.9939137000,0.0000000000,
4015337,1,1.0000000000,3.1528930000,-0.0334975500,0.0006970062,-0.0236848600,0.1119542000,0.0604860700,0.9918708000,1,1.0000000000,3.2190400000,0.0335765100,-0.0017961580,-0.0262517300,0.0917523000,0.0324711300,0.9952523000,0.0084669800,-0.0008628235,-0.0252908000,0.0993196600,0.0429688400,0.9941274000,0.0000000000,
4015345,1,1.0000000000,3.1520840000,-0.0334828200,0.0006970062,-0.0236953700,0.1115583000,0.0608375000,0.9918939000,1,1.0000000000,3.2309270000,0.0335790400,-0.0018230740,-0.0261899300,0.0917672700,0.0334476000,0.9952186000,0.0094643870,-0.0009168854,-0.0252929100,0.0989087800,0.0433050200,0.9941538000,0.0000000000,
4015353,1,1.0000000000,3.1518400000,-0.0334649400,0.0006970062,-0.0237152300,0.1136023000,0.0611422700,0.9916431000,1,1.0000000000,3.2225650000,0.0335815900,-0.0018500060,-0.0261281300,0.0918129300,0.0342562800,0.9951869000,0.0078704230,-0.0008732605,-0.0252028200,0.1001753000,0.0445715300,0.9939710000,0.0000000000,
4015362,1,1.0000000000,3.1496890000,-0.0334471100,0.0006970062,-0.0237163700,0.1141830000,0.0606697500,0.9916055000,1,1.0000000000,3.2153470000,0.0335857700,-0.0018641820,-0.0261004000,0.0936433400,0.0348206100,0.9949967000,0.0026720430,-0.0006830292,-0.0250009600,0.1031349000,0.0467532700,0.9935679000,0.0000000000,
4015370,1,1.0000000000,3.1388850000,-0.0334312500,0.0006970062,-0.0237166600,0.1147625000,0.0588537300,0.9916481000,1,1.0000000000,3.2080840000,0.0335899700,-0.0018783570,-0.0260726900,0.0954596900,0.0353854000,0.9948041000,-0.0048720400,-0.0004004059,-0.0247206100,0.1065524000,0.0488587800,0.9931059000,0.0000000000,
4015378,1,1.0000000000,3.1363980000,-0.0334146700,0.0006970062,-0.0237183400,0.1158914000,0.0576939300,0.9915849000,1,1.0000000000,3.1980590000,0.0335998200,-0.0019172210,-0.0259675900,0.1018682000,0.0372469100,0.9941003000,-0.0154442100,-0.0000039978,-0.0243214900,0.1121380000,0.0522161200,0.9923198000,0.0000000000,
4015387,1,1.0000000000,3.1359860000,-0.0333987700,0.0006985322,-0.0237247000,0.1152360000,0.0565345900,0.9917281000,1,1.0000000000,3.2002560000,0.0336092700,-0.0019475400,-0.0259004700,0.1014261000,0.0379337100,0.9941196000,-0.0239046200,0.0003236084,-0.0240329900,0.1132817000,0.0538942700,0.9921001000,0.0000000000,
4015395,1,1.0000000000,3.1356960000,-0.0333878000,0.0006985322,-0.0237327100,0.1182565000,0.0565647400,0.9913707000,1,1.0000000000,3.2020720000,0.0336166200,-0.0019723050,-0.0258349600,0.1017766000,0.0390932200,0.9940388000,-0.0280003800,0.0004837799,-0.0239017300,0.1169298000,0.0551613400,0.9916071000,0.0000000000,
4015403,1,1.0000000000,3.1209260000,-0.0333798200,0.0006985322,-0.0237424600,0.1174167000,0.0554353400,0.9915343000,1,1.0000000000,3.2024080000,0.0336293800,-0.0019742890,-0.0258212600,0.1026918000,0.0387268700,0.9939591000,-0.0301772600,0.0005707855,-0.0238418300,0.1167155000,0.0546269300,0.9916620000,0.0000000000,
4015412,1,1.0000000000,3.1208500000,-0.0333730800,0.0006985322,-0.0237424600,0.1163791000,0.0551759100,0.9916711000,1,1.0000000000,3.2028350000,0.0336379300,-0.0019823300,-0.0258112800,0.1071790000,0.0392155600,0.9934661000,-0.0305126000,0.0005840912,-0.0238307800,0.1159833000,0.0544897100,0.9917554000,0.0000000000,
4015420,1,1.0000000000,3.1212770000,-0.0333688700,0.0006985322,-0.0237424600,0.1222544000,0.0549778700,0.9909750000,1,1.0000000000,3.2031250000,0.0336468100,-0.0019880830,-0.0258003100,0.1072857000,0.0397190700,0.9934345000,-0.0293848400,0.0005388184,-0.0238648100,0.1213552000,0.0540627800,0.9911358000,0.0000000000,
4015428,1,1.0000000000,3.1092680000,-0.0333633900,0.0006985322,-0.0237424600,0.1249246000,0.0542148600,0.9906839000,1,1.0000000000,3.2003480000,0.0336515400,-0.0019915320,-0.0257979600,0.1080783000,0.0400696800,0.9933345000,-0.0275100300,0.0004635620,-0.0239220000,0.1234455000,0.0529793200,0.9909362000,0.0000000000,
4015437,1,1.0000000000,3.1039890000,-0.0333593600,0.0006985322,-0.0237523500,0.1277175000,0.0545965700,0.9903067000,1,1.0000000000,3.2018430000,0.0336603600,-0.0020093690,-0.0257670700,0.1091319000,0.0419163000,0.9931431000,-0.0242842600,0.0003318482,-0.0240251600,0.1252001000,0.0528876800,0.9907209000,0.0000000000,
4015445,1,1.0000000000,3.0986330000,-0.0333544500,0.0006986237,-0.0237685900,0.1284798000,0.0542910900,0.9902250000,1,1.0000000000,3.2024990000,0.0336693700,-0.0020130620,-0.0257592500,0.1165630000,0.0425113800,0.9922731000,-0.0182563300,0.0000877686,-0.0242170100,0.1257940000,0.0516359600,0.9907116000,0.0000000000,
4015453,1,1.0000000000,3.0776520000,-0.0333478300,0.0007042847,-0.0237880400,0.1316848000,0.0523229700,0.9899098000,1,1.0000000000,3.2186890000,0.0336751300,-0.0020149840,-0.0257395200,0.1170054000,0.0412906500,0.9922726000,-0.0090504160,-0.0002814941,-0.0244955000,0.1263741000,0.0483248700,0.9908049000,0.0000000000,
4015462,1,1.0000000000,3.1467440000,-0.0333988100,0.0007543335,-0.0239337900,0.1103373000,0.0545659400,0.9923952000,1,1.0000000000,3.1954500000,0.0335913300,-0.0019457550,-0.0259111700,0.1034561000,0.0350194200,0.9940174000,-0.0012167510,-0.0005427857,-0.0248837300,0.1070407000,0.0451813900,0.9932275000,0.0000000000,
4015470,1,1.0000000000,3.1902160000,-0.0335440100,0.0007258301,-0.0236677400,0.0717936200,0.0588692500,0.9956807000,1,1.0000000000,3.2050930000,0.0334301600,-0.0017750090,-0.0262901800,0.0614781200,0.0432895000,0.9971693000,-0.0205141200,0.0002392883,-0.0241779300,0.0697943900,0.0558477200,0.9959968000,0.0000000000,
4015478,1,1.0000000000,3.0994260000,-0.0336689500,0.0007573395,-0.0236719100,0.0713658700,0.0766759700,0.9944987000,1,1.0000000000,3.2383420000,0.0333086300,-0.0016221010,-0.0266399100,0.0457768700,0.0637824400,0.9969134000,-0.0331651200,0.0007394410,-0.0236942300,0.0711680100,0.0765697000,0.9945211000,0.0000000000,
4015487,1,1.0000000000,3.1976010000,-0.0336838000,0.0007533265,-0.0236531700,0.0764932300,0.0791482900,0.9939237000,1,1.0000000000,3.2140200000,0.0332648200,-0.0016730190,-0.0263722200,0.0559845500,0.0535431400,0.9969949000,-0.0335826000,0.0007496491,-0.0236572900,0.0764619200,0.0791169500,0.9939286000,0.0000000000,
4015495,1,1.0000000000,3.2059170000,-0.0336873000,0.0007425690,-0.0236316200,0.0757762200,0.0769053800,0.9941547000,1,1.0000000000,3.2129670000,0.0332845200,-0.0016538390,-0.0264655300,0.0511024800,0.0550087900,0.9971773000,-0.0336538900,0.0007413788,-0.0236330400,0.0757611300,0.0768903000,0.9941570000,0.0000000000,
4015503,1,1.0000000000,3.1962740000,-0.0336908000,0.0007334748,-0.0236311500,0.0750739500,0.0754706900,0.9943179000,1,1.0000000000,3.2620090000,0.0332940900,-0.0016784520,-0.0264425800,0.0560003200,0.0550390100,0.9969125000,-0.0336631800,0.0007324677,-0.0236323100,0.0750587800,0.0754707700,0.9943190000,0.0000000000,
4015512,1,1.0000000000,3.1880950000,-0.0336944000,0.0007326356,-0.0236206100,0.0729075100,0.0730753500,0.9946580000,1,1.0000000000,3.2877500000,0.0332856900,-0.0016927640,-0.0263820000,0.0580751900,0.0549318700,0.9967998000,-0.0336380000,0.0007306061,-0.0236229400,0.0728924100,0.0730602600,0.9946602000,0.0000000000,
4015520,1,1.0000000000,3.1801150000,-0.0336980000,0.0007318116,-0.0236100800,0.0707095600,0.0724490700,0.9948625000,1,1.0000000000,3.3068850000,0.0332709100,-0.0017086330,-0.0262973600,0.0637827200,0.0592965700,0.9962006000,-0.0334150600,0.0007214966,-0.0236214300,0.0706795100,0.0723885100,0.9948690000,0.0000000000,
4015528,1,1.0000000000,3.1733400000,-0.0337031700,0.0007264863,-0.0236056200,0.0723735100,0.0723429900,0.9947505000,1,1.0000000000,3.2234190000,0.0332566400,-0.0017155460,-0.0262575400,0.0594793700,0.0607611200,0.9963785000,-0.0316130200,0.0006502533,-0.0236884000,0.0719611100,0.0719916300,0.9948059000,0.0000000000,
4015537,1,1.0000000000,3.1805570000,-0.0337083500,0.0007222748,-0.0236100800,0.0727547600,0.0726326900,0.9947016000,1,1.0000000000,3.2561340000,0.0332319000,-0.0017929230,-0.0259895600,0.0677495800,0.0564885000,0.9961019000,-0.0299887100,0.0005825043,-0.0237423000,0.0724796500,0.0717319600,0.9947870000,0.0000000000,
4015545,1,1.0000000000,3.1732330000,-0.0337151200,0.0007217103,-0.0236117100,0.0740055100,0.0720828900,0.9946494000,1,1.0000000000,3.1788790000,0.0332076700,-0.0017877660,-0.0259885700,0.0822001000,0.0544135000,0.9951293000,-0.0312231800,0.0006282654,-0.0237002100,0.0743113800,0.0714274200,0.9946738000,0.0000000000,
4015553,1,1.0000000000,3.1800690000,-0.0337218900,0.0007211609,-0.0236100800,0.0752724200,0.0715339800,0.9945939000,1,1.0000000000,3.2589420000,0.0331841300,-0.0017985080,-0.0259555700,0.0773318000,0.0590059300,0.9952578000,-0.0329570000,0.0006923523,-0.0236368900,0.0752871900,0.0713961800,0.9946027000,0.0000000000,
4015562,1,1.0000000000,3.1799620000,-0.0337323300,0.0007191315,-0.0236056200,0.0772861300,0.0724338100,0.9943743000,1,1.0000000000,3.1724090000,0.0331824200,-0.0018150640,-0.0259200100,0.0830242700,0.0610818200,0.9946738000,-0.0332049600,0.0006991578,-0.0236238700,0.0773321500,0.0723424900,0.9943773000,0.0000000000,
4015570,1,1.0000000000,3.1794130000,-0.0337427700,0.0007171021,-0.0236100800,0.0793772000,0.0723733300,0.9942139000,1,1.0000000000,3.2842860000,0.0332046800,-0.0017829900,-0.0260578300,0.0867168100,0.0496985100,0.9949926000,-0.0332132900,0.0006973267,-0.0236294300,0.0794225300,0.0721898200,0.9942237000,0.0000000000,
4015578,1,1.0000000000,3.2185520000,-0.0337545800,0.0006979065,-0.0236328300,0.1080329000,0.0786137900,0.9910342000,1,1.0000000000,3.2304690000,0.0332484600,-0.0017671200,-0.0261546200,0.0904392700,0.0580904800,0.9942064000,-0.0323505300,0.0006462555,-0.0236856700,0.1076664000,0.0781863300,0.9911079000,0.0000000000,
4015587,1,1.0000000000,3.1318510000,-0.0336947700,0.0006863861,-0.0235925600,0.1100168000,0.0729376300,0.9912499000,1,1.0000000000,3.1606290000,0.0333059700,-0.0017338110,-0.0263364300,0.0864720700,0.0562442300,0.9946653000,-0.0317810400,0.0006172486,-0.0236709300,0.1093457000,0.0724647600,0.9913588000,0.0000000000,
4015595,1,1.0000000000,3.1217960000,-0.0336560200,0.0007072602,-0.0236718300,0.1243604000,0.0720374700,0.9896187000,1,1.0000000000,3.1795500000,0.0333557900,-0.0017884680,-0.0262127900,0.1032874000,0.0502017300,0.9933838000,-0.0301930600,0.0005782929,-0.0238031300,0.1232774000,0.0709085500,0.9898357000,0.0000000000,
4015603,1,1.0000000000,3.0693820000,-0.0335650200,0.0007413025,-0.0237868700,0.1273061000,0.0759289300,0.9889529000,1,1.0000000000,3.0861510000,0.0334133900,-0.0017854770,-0.0262124200,0.1063699000,0.0512547100,0.9930047000,-0.0274079000,0.0005090180,-0.0240098400,0.1253821000,0.0736698000,0.9893695000,0.0000000000,
4015612,1,1.0000000000,3.0583950000,-0.0335052600,0.0007557831,-0.0238143200,0.1338048000,0.0742342500,0.9882234000,1,1.0000000000,3.1286930000,0.0334651500,-0.0018324430,-0.0260721400,0.1136021000,0.0484620900,0.9923437000,-0.0196584900,0.0002206421,-0.0242811400,0.1296403000,0.0689095800,0.9891638000,0.0000000000,
4015620,1,1.0000000000,3.0655820000,-0.0334482500,0.0008124848,-0.0240204200,0.1425795000,0.0726172800,0.9871159000,1,1.0000000000,3.0261080000,0.0335166800,-0.0017546390,-0.0263051200,0.1248630000,0.0485688500,0.9909846000,-0.0077460790,-0.0001728058,-0.0248973100,0.1358048000,0.0634010100,0.9887049000,0.0000000000,
4015628,1,1.0000000000,3.0936130000,-0.0333739500,0.0007840729,-0.0239552800,0.1412671000,0.0786750100,0.9868403000,1,1.0000000000,3.1011960000,0.0335530600,-0.0018331610,-0.0260571300,0.1340640000,0.0504609200,0.9896871000,0.0078550270,-0.0008282166,-0.0252500800,0.1368430000,0.0613107800,0.9886936000,0.0000000000,
4015637,1,1.0000000000,3.0518950000,-0.0333082800,0.0008583832,-0.0241970700,0.1547262000,0.0665139600,0.9857159000,1,1.0000000000,3.0440520000,0.0336018100,-0.0018229220,-0.0260997800,0.1451728000,0.0489504400,0.9881946000,0.0256009500,-0.0015023040,-0.0258722700,0.1463172000,0.0510561300,0.9879193000,0.0000000000,
4015645,1,1.0000000000,3.0521550000,-0.0332573100,0.0008422242,-0.0241529800,0.1657891000,0.0676279100,0.9838396000,1,1.0000000000,3.1737520000,0.0336509900,-0.0018621220,-0.0259841200,0.1530310000,0.0508577500,0.9869118000,0.0302924800,-0.0017263800,-0.0258922000,0.1536733000,0.0516974600,0.9867684000,0.0000000000,
4015653,1,1.0000000000,3.0283510000,-0.0331667500,0.0008474122,-0.0241795100,0.1710367000,0.0693058100,0.9828240000,1,1.0000000000,3.0896450000,0.0336962000,-0.0019650120,-0.0256557300,0.1737388000,0.0568092100,0.9831518000,0.0261671800,-0.0016483310,-0.0254895000,0.1734488000,0.0582130100,0.9831209000,0.0000000000,
4015662,1,1.0000000000,2.9774170000,-0.0331119100,0.0008064118,-0.0240433500,0.1801927000,0.0676580900,0.9813017000,1,1.0000000000,3.1563110000,0.0337612800,-0.0020948490,-0.0253245300,0.1831068000,0.0745549600,0.9802620000,-0.0194616600,0.0002142029,-0.0243048700,0.1807889000,0.0690623400,0.9810942000,0.0000000000,
4015670,1,1.0000000000,2.8422390000,-0.0330441900,0.0007724609,-0.0239319000,0.1965950000,0.0664675200,0.9782293000,1,1.0000000000,3.1349030000,0.0338203300,-0.0021112520,-0.0252654600,0.1900048000,0.0796976500,0.9785430000,-0.0326219600,0.0007542573,-0.0239403200,0.1965646000,0.0665438800,0.9782302000,0.0000000000,
4015678,1,1.0000000000,2.9244080000,-0.0329829300,0.0007689820,-0.0239132300,0.2074607000,0.0687415700,0.9758251000,1,1.0000000000,3.1282810000,0.0339177300,-0.0018730010,-0.0259570800,0.1861586000,0.0649724000,0.9803692000,-0.0326540700,0.0007559967,-0.0239232600,0.2073525000,0.0687258600,0.9758492000,0.0000000000,
4015687,1,1.0000000000,2.8824770000,-0.0329088600,0.0007674103,-0.0239126100,0.2150910000,0.0728159800,0.9738756000,1,1.0000000000,3.0283200000,0.0339840600,-0.0018420720,-0.0260540300,0.1954511000,0.0701451200,0.9782017000,-0.0326026900,0.0007554627,-0.0239224100,0.2149975000,0.0728000700,0.9738975000,0.0000000000,
4015695,1,1.0000000000,2.9195250000,-0.0328282200,0.0007709962,-0.0239139900,0.2237251000,0.0692903700,0.9721862000,1,1.0000000000,3.0056000000,0.0340599700,-0.0018456730,-0.0260578200,0.2029903000,0.0650490600,0.9770177000,-0.0325902100,0.0007616883,-0.0239216200,0.2236495000,0.0692753400,0.9722046000,0.0000000000,
4015703,1,1.0000000000,3.0133510000,-0.0327682500,0.0007811890,-0.0239216000,0.2331714000,0.0657964100,0.9702072000,1,1.0000000000,3.0319060000,0.0341031500,-0.0018636780,-0.0260624700,0.2135039000,0.0661630300,0.9746992000,-0.0322932600,0.0007623901,-0.0239368100,0.2330346000,0.0657965700,0.9702400000,0.0000000000,
4015712,1,1.0000000000,3.0246730000,-0.0327024500,0.0007948761,-0.0239370400,0.2396102000,0.0750736800,0.9679623000,1,1.0000000000,3.0225980000,0.0341510600,-0.0018593900,-0.0260926700,0.2316315000,0.0675362900,0.9704565000,-0.0322394000,0.0007764893,-0.0239519800,0.2395643000,0.0750278800,0.9679772000,0.0000000000,
4015720,1,1.0000000000,2.8869480000,-0.0326276900,0.0008136139,-0.0239485900,0.2458056000,0.0678563200,0.9669411000,1,1.0000000000,2.9419100000,0.0342290800,-0.0018574980,-0.0261055600,0.2307618000,0.0667733700,0.9707164000,-0.0323847700,0.0008039093,-0.0239564400,0.2457449000,0.0678411500,0.9669576000,0.0000000000,
4015728,1,1.0000000000,2.9163820000,-0.0325791000,0.0007834931,-0.0239714500,0.2561530000,0.0843365300,0.9629502000,1,1.0000000000,3.0035550000,0.0342855100,-0.0018585970,-0.0261282800,0.2434869000,0.0681311600,0.9675083000,-0.0324816700,0.0007796478,-0.0239746000,0.2561356000,0.0843053200,0.9629575000,0.0000000000,
4015737,1,1.0000000000,2.8899540000,-0.0325208500,0.0007842102,-0.0239786800,0.2578753000,0.0840459800,0.9625158000,1,1.0000000000,2.9724270000,0.0343331300,-0.0018507080,-0.0261410100,0.2511941000,0.0677805900,0.9655606000,-0.0324011900,0.0007794953,-0.0239825500,0.2578617000,0.0840160200,0.9625220000,0.0000000000,
4015745,1,1.0000000000,2.8997040000,-0.0324439700,0.0008012849,-0.0239961700,0.2605768000,0.0831917100,0.9618622000,1,1.0000000000,2.9830170000,0.0343669800,-0.0018469700,-0.0261420300,0.2625461000,0.0618751900,0.9629335000,-0.0303399500,0.0007178803,-0.0240637500,0.2606510000,0.0825196400,0.9619000000,0.0000000000,
4015753,1,1.0000000000,2.8686520000,-0.0324197400,0.0007729187,-0.0239964100,0.2671092000,0.0863202800,0.9597924000,1,1.0000000000,3.0015720000,0.0343982100,-0.0018362880,-0.0261653500,0.2742319000,0.0768130100,0.9585910000,-0.0040351260,-0.0003354798,-0.0249177900,0.2701440000,0.0822761300,0.9592981000,0.0000000000,
4015762,1,1.0000000000,2.8719020000,-0.0323842800,0.0007777557,-0.0240125600,0.2759295000,0.0948808100,0.9564834000,1,1.0000000000,2.9916080000,0.0344313800,-0.0018417970,-0.0261670200,0.2780021000,0.0697332200,0.9580460000,-0.0006095276,-0.0004679871,-0.0250371400,0.2769494000,0.0829322300,0.9572989000,0.0000000000,
4015770,1,1.0000000000,2.8769230000,-0.0323606300,0.0007761536,-0.0240160800,0.2815744000,0.0895551100,0.9553511000,1,1.0000000000,2.9682010000,0.0344579000,-0.0018401490,-0.0261828800,0.2786882000,0.0815281900,0.9569149000,-0.0004861908,-0.0004718933,-0.0250497100,0.2801990000,0.0857244300,0.9561066000,0.0000000000,
4015778,1,1.0000000000,2.8738710000,-0.0323023400,0.0007870179,-0.0240375500,0.2867766000,0.0908059900,0.9536842000,1,1.0000000000,2.9976040000,0.0345198500,-0.0018462520,-0.0261884000,0.2679032000,0.0785688600,0.9602369000,0.0003712311,-0.0005005493,-0.0250892300,0.2775761000,0.0848246600,0.9569516000,0.0000000000,
4015787,1,1.0000000000,2.8623660000,-0.0322572700,0.0007755890,-0.0240416100,0.2807821000,0.0927598600,0.9552785000,1,1.0000000000,2.9987640000,0.0345474100,-0.0018383480,-0.0262059800,0.2804901000,0.0833291600,0.9562330000,0.0005491333,-0.0005080567,-0.0251044900,0.2806420000,0.0881355000,0.9557574000,0.0000000000,
4015795,1,1.0000000000,2.9375150000,-0.0322247000,0.0007753143,-0.0240556200,0.2905624000,0.0955672800,0.9520717000,1,1.0000000000,2.9926610000,0.0345688200,-0.0018376620,-0.0262061600,0.2751790000,0.0840765400,0.9577096000,0.0014660190,-0.0005426636,-0.0251403500,0.2828234000,0.0897680200,0.9549621000,0.0000000000,
4015803,1,1.0000000000,2.8486480000,-0.0322107100,0.0007752838,-0.0240666500,0.2975940000,0.0984197900,0.9496059000,1,1.0000000000,2.9681240000,0.0345874400,-0.0018362270,-0.0262240200,0.2902552000,0.0878914000,0.9529045000,0.0022460790,-0.0005718232,-0.0251794900,0.2938097000,0.0929876200,0.9513302000,0.0000000000,
4015812,1,1.0000000000,2.8605650000,-0.0321994100,0.0007836304,-0.0240770600,0.3045245000,0.1024797000,0.9469756000,1,1.0000000000,2.9674380000,0.0346088100,-0.0018365020,-0.0262273700,0.2943437000,0.0857091000,0.9518486000,0.0026914220,-0.0005847321,-0.0252000600,0.2992290000,0.0937207700,0.9495675000,0.0000000000,
4015820,1,1.0000000000,2.8947910000,-0.0321885700,0.0007858124,-0.0240708200,0.3041705000,0.0968328600,0.9476833000,1,1.0000000000,2.9114840000,0.0346312400,-0.0018359530,-0.0262331400,0.2942674000,0.0883031100,0.9516350000,0.0020952000,-0.0005593567,-0.0251802500,0.2990915000,0.0924542400,0.9497350000,0.0000000000,
4015828,1,1.0000000000,2.8187100000,-0.0321676200,0.0007898255,-0.0240758700,0.3042184000,0.0992749700,0.9474153000,1,1.0000000000,2.9185940000,0.0346468500,-0.0018356630,-0.0262364200,0.2960386000,0.0884255300,0.9510742000,0.0020676270,-0.0005554504,-0.0251829200,0.3000345000,0.0937197800,0.9493133000,0.0000000000,
4015837,1,1.0000000000,2.8270420000,-0.0321456500,0.0007946473,-0.0240801700,0.3046014000,0.1018085000,0.9470232000,1,1.0000000000,2.9302830000,0.0346607800,-0.0018382870,-0.0262304200,0.2984958000,0.0773171500,0.9512740000,0.0014999700,-0.0005313568,-0.0251631000,0.3015610000,0.0894780100,0.9492390000,0.0000000000,
4015845,1,1.0000000000,2.8293150000,-0.0321320500,0.0007934265,-0.0240864400,0.3124717000,0.0978247800,0.9448766000,1,1.0000000000,2.9750370000,0.0346724700,-0.0018380740,-0.0262312000,0.3015457000,0.0745090500,0.9505360000,0.0016700140,-0.0005380707,-0.0251716600,0.3069642000,0.0860299500,0.9478248000,0.0000000000,
4015853,1,1.0000000000,2.8320620000,-0.0321274000,0.0007929230,-0.0240873600,0.3122923000,0.1001759000,0.9446895000,1,1.0000000000,2.9817660000,0.0346769700,-0.0018372040,-0.0262337300,0.3031352000,0.0789195200,0.9496741000,0.0007415009,-0.0005011292,-0.0251434000,0.3078022000,0.0897222400,0.9472105000,0.0000000000,
4015862,1,1.0000000000,2.8338930000,-0.0321227600,0.0007924195,-0.0240864400,0.3106863000,0.0992285800,0.9453189000,1,1.0000000000,2.9773410000,0.0346814700,-0.0018363340,-0.0262362500,0.3047836000,0.0791637700,0.9491259000,0.0006917267,-0.0004988251,-0.0251424400,0.3078026000,0.0893866500,0.9472421000,0.0000000000,
4015870,1,1.0000000000,2.8525700000,-0.0321219600,0.0007927094,-0.0240860800,0.3090110000,0.1004350000,0.9457405000,1,1.0000000000,2.9815060000,0.0346843600,-0.0018361360,-0.0262373100,0.3066303000,0.0774853800,0.9486695000,0.0002024841,-0.0004792481,-0.0251269500,0.3078818000,0.0893417200,0.9472206000,0.0000000000,
4015878,1,1.0000000000,2.8326110000,-0.0321227600,0.0007929840,-0.0240857200,0.3075294000,0.0991223100,0.9463617000,1,1.0000000000,2.9758150000,0.0346871500,-0.0018359220,-0.0262362500,0.3037286000,0.0768591200,0.9496534000,0.0004606018,-0.0004891357,-0.0251345400,0.3056991000,0.0882734100,0.9480274000,0.0000000000,
4015887,1,1.0000000000,2.8515930000,-0.0321241600,0.0007932129,-0.0240849500,0.3064932000,0.0989396400,0.9467169000,1,1.0000000000,2.9479680000,0.0346843100,-0.0018354800,-0.0262353100,0.3016395000,0.0774851000,0.9502682000,0.0006275635,-0.0004954529,-0.0251391200,0.3041421000,0.0884258200,0.9485138000,0.0000000000,
4015895,1,1.0000000000,2.8620910000,-0.0321255700,0.0007934265,-0.0240841700,0.3054224000,0.0989693200,0.9470598000,1,1.0000000000,2.9194790000,0.0346814700,-0.0018350370,-0.0262343600,0.2995646000,0.0780344900,0.9508795000,0.0008541871,-0.0005041199,-0.0251456200,0.3025549000,0.0886393800,0.9490014000,0.0000000000,
4015903,1,1.0000000000,2.8821560000,-0.0321654400,0.0008058167,-0.0240762500,0.3015161000,0.1073770000,0.9473955000,1,1.0000000000,2.9281010000,0.0346810600,-0.0018341220,-0.0262332300,0.2989523000,0.0795141000,0.9509495000,0.0008541871,-0.0004981995,-0.0251417300,0.3002810000,0.0936289600,0.9492444000,0.0000000000,
4015912,1,1.0000000000,3.0317840000,-0.0321745800,0.0008082276,-0.0240562100,0.2916759000,0.0988173300,0.9513991000,1,1.0000000000,2.9791870000,0.0346499900,-0.0018118740,-0.0262155600,0.2814220000,0.0848553900,0.9558249000,0.0016227570,-0.0005169220,-0.0251483300,0.2865040000,0.0917526800,0.9536755000,0.0000000000,
4015920,1,1.0000000000,2.9105220000,-0.0321837900,0.0008167573,-0.0240498400,0.2857404000,0.0990920900,0.9531701000,1,1.0000000000,2.9376680000,0.0346322800,-0.0018061220,-0.0262100700,0.2826725000,0.0827646900,0.9556392000,0.0018611450,-0.0005196839,-0.0251505400,0.2841828000,0.0907755500,0.9544631000,0.0000000000,
4015928,1,1.0000000000,2.9068150000,-0.0321915400,0.0008201142,-0.0240471400,0.2833413000,0.0975649900,0.9540434000,1,1.0000000000,2.9993740000,0.0346140900,-0.0018096310,-0.0261975300,0.2750120000,0.0810555400,0.9580179000,0.0016933900,-0.0005137330,-0.0251378500,0.2791333000,0.0892042600,0.9561000000,0.0000000000,
4015937,1,1.0000000000,2.9869080000,-0.0322141900,0.0008183899,-0.0240364500,0.2776513000,0.0986336600,0.9556051000,1,1.0000000000,2.9817500000,0.0346034100,-0.0018142550,-0.0261944100,0.2683591000,0.0815132900,0.9598640000,0.0005608368,-0.0004729615,-0.0250949700,0.2731044000,0.0902413500,0.9577424000,0.0000000000,
4015945,1,1.0000000000,2.9599760000,-0.0322392100,0.0008199463,-0.0240233200,0.2720659000,0.0911413100,0.9579527000,1,1.0000000000,3.0491180000,0.0345842300,-0.0018275760,-0.0261934200,0.2654293000,0.0859536400,0.9602912000,0.0020183870,-0.0005373230,-0.0251358400,0.2686639000,0.0884865200,0.9591610000,0.0000000000,
4015953,1,1.0000000000,2.9658510000,-0.0323152800,0.0008127289,-0.0240017900,0.2691851000,0.0915543700,0.9587269000,1,1.0000000000,2.9153590000,0.0345246300,-0.0018201290,-0.0261713900,0.2694269000,0.0824897700,0.9594814000,0.0020374300,-0.0005404358,-0.0251168700,0.2693219000,0.0869001700,0.9591215000,0.0000000000,
4015962,1,1.0000000000,2.9334720000,-0.0323055400,0.0008396149,-0.0240048500,0.2588987000,0.0885934900,0.9618329000,1,1.0000000000,3.0426180000,0.0344900200,-0.0018173370,-0.0261533500,0.2602868000,0.0748603100,0.9626249000,0.0015818330,-0.0005083160,-0.0250948500,0.2596007000,0.0816201900,0.9622607000,0.0000000000,
4015970,1,1.0000000000,2.9490200000,-0.0323365600,0.0008438568,-0.0239884800,0.2492550000,0.0858468900,0.9646254000,1,1.0000000000,2.9813840000,0.0344582800,-0.0018152620,-0.0261539000,0.2586703000,0.0764780300,0.9629334000,0.0018942410,-0.0005188751,-0.0250982100,0.2540903000,0.0810397400,0.9637794000,0.0000000000,
4015978,1,1.0000000000,2.9409940000,-0.0323980300,0.0008361817,-0.0239738900,0.2472726000,0.0924697400,0.9645235000,1,1.0000000000,2.9662780000,0.0344379900,-0.0018152920,-0.0261346000,0.2440827000,0.0698403600,0.9672363000,0.0020355840,-0.0005298462,-0.0250870800,0.2456539000,0.0808114100,0.9659833000,0.0000000000,
4015987,1,1.0000000000,2.9657290000,-0.0324374800,0.0008471222,-0.0239612000,0.2414712000,0.0865481400,0.9665408000,1,1.0000000000,2.9445500000,0.0344155100,-0.0018099520,-0.0261314500,0.2357968000,0.0766305200,0.9687763000,0.0017928930,-0.0005133515,-0.0250724200,0.2385723000,0.0814670500,0.9677016000,0.0000000000,
4015995,1,1.0000000000,2.8464970000,-0.0324876600,0.0008604127,-0.0239514800,0.2349712000,0.0858311000,0.9682053000,1,1.0000000000,3.0661930000,0.0343692800,-0.0018133090,-0.0261173100,0.2211320000,0.0830389500,0.9717022000,0.0011629180,-0.0004853211,-0.0250416000,0.2280132000,0.0844272900,0.9699907000,0.0000000000,
4016003,1,1.0000000000,2.9071500000,-0.0325260000,0.0008655701,-0.0239328200,0.2207968000,0.0826576400,0.9718110000,1,1.0000000000,3.0399930000,0.0342950400,-0.0018017580,-0.0260862700,0.2128308000,0.0802159000,0.9737908000,0.0013636320,-0.0004872132,-0.0250250000,0.2167546000,0.0814222200,0.9728247000,0.0000000000,
4016012,1,1.0000000000,3.0318300000,-0.0325949700,0.0008827668,-0.0239372700,0.2132597000,0.0851299200,0.9732796000,1,1.0000000000,3.0785520000,0.0342320300,-0.0018094030,-0.0260492900,0.2025326000,0.0928204600,0.9748666000,-0.0005472412,-0.0004082947,-0.0249501100,0.2081152000,0.0888216800,0.9740630000,0.0000000000,
4016020,1,1.0000000000,2.9169620000,-0.0326656500,0.0008854523,-0.0239264200,0.2065002000,0.0825359900,0.9749593000,1,1.0000000000,3.0692140000,0.0341547700,-0.0018094790,-0.0259967400,0.1918652000,0.0937353100,0.9769347000,-0.0041807100,-0.0002633667,-0.0248089800,0.2002740000,0.0873118300,0.9758416000,0.0000000000,
4016028,1,1.0000000000,2.8631900000,-0.0327274500,0.0008997346,-0.0239342400,0.1918517000,0.0826733900,0.9779356000,1,1.0000000000,3.1061550000,0.0340724400,-0.0018030090,-0.0259323300,0.1855025000,0.0820776700,0.9792099000,-0.0105429100,0.0000021362,-0.0245978100,0.1897460000,0.0824750400,0.9783630000,0.0000000000,
4016037,1,1.0000000000,2.9937440000,-0.0328092600,0.0009157258,-0.0239672900,0.1778594000,0.0902877500,0.9799051000,1,1.0000000000,3.1479340000,0.0339951500,-0.0019136810,-0.0255303000,0.1732496000,0.0769811800,0.9818648000,-0.0278817500,0.0007070313,-0.0240825800,0.1775233000,0.0893109800,0.9800556000,0.0000000000,
4016045,1,1.0000000000,2.8993070000,-0.0328755000,0.0009070893,-0.0239417000,0.1687323000,0.0981601200,0.9807619000,1,1.0000000000,3.0876310000,0.0339206700,-0.0019549410,-0.0253808100,0.1695719000,0.0752415400,0.9826413000,-0.0324304400,0.0008880158,-0.0239513000,0.1687496000,0.0980087400,0.9807741000,0.0000000000,
4016053,1,1.0000000000,2.9940950000,-0.0329533300,0.0009370423,-0.0239948600,0.1613320000,0.0949711700,0.9823200000,1,1.0000000000,2.9978640000,0.0338462200,-0.0017412720,-0.0259725800,0.1521164000,0.0691382800,0.9859415000,-0.0323195700,0.0009116364,-0.0240136300,0.1612419000,0.0947126700,0.9823597000,0.0000000000,
4016062,1,1.0000000000,2.8868560000,-0.0330308900,0.0008963929,-0.0238345500,0.1449286000,0.1023411000,0.9841352000,1,1.0000000000,3.0596620000,0.0337713200,-0.0016517790,-0.0262558300,0.1313794000,0.0711066100,0.9887787000,-0.0324735700,0.0008751374,-0.0238547500,0.1448064000,0.1020817000,0.9841801000,0.0000000000,
4016070,1,1.0000000000,2.9452210000,-0.0331140800,0.0009111176,-0.0238458900,0.1362471000,0.1021739000,0.9853919000,1,1.0000000000,2.9984740000,0.0337114400,-0.0015708160,-0.0265293400,0.1092848000,0.0765848500,0.9910558000,-0.0328331900,0.0009006806,-0.0238571600,0.1361396000,0.1020666000,0.9854179000,0.0000000000,
4016078,1,1.0000000000,3.0077670000,-0.0331666900,0.0009648896,-0.0239664200,0.1113443000,0.0994575600,0.9887925000,1,1.0000000000,2.9648590000,0.0336387200,-0.0014938350,-0.0267297100,0.0898898600,0.0855868600,0.9922675000,-0.0331231700,0.0009632874,-0.0239682200,0.1113294000,0.0994426200,0.9887957000,0.0000000000,
4016087,1,1.0000000000,3.0176540000,-0.0332738800,0.0008487549,-0.0236084300,0.1084459000,0.1044328000,0.9886017000,1,1.0000000000,2.9489900000,0.0335410800,-0.0015019680,-0.0267000100,0.0784768500,0.0907298000,0.9927787000,-0.0332625700,0.0008483582,-0.0236089500,0.1084459000,0.1044328000,0.9886017000,0.0000000000,
4016095,1,1.0000000000,2.9431610000,-0.0333432000,0.0008941346,-0.0237236000,0.0994578000,0.1066142000,0.9893137000,1,1.0000000000,3.0216670000,0.0334761100,-0.0014777680,-0.0267514000,0.0578614500,0.0812532300,0.9950126000,-0.0333403900,0.0008940430,-0.0237237400,0.0994578000,0.1066142000,0.9893137000,0.0000000000,
4016103,1,1.0000000000,2.9300690000,-0.0334138800,0.0009076691,-0.0237489200,0.0739598900,0.0988776800,0.9923473000,1,1.0000000000,3.0124360000,0.0333836500,-0.0014544680,-0.0268228000,0.0539705000,0.0799868100,0.9953338000,-0.0334125800,0.0009076233,-0.0237489800,0.0739598900,0.0988776800,0.9923473000,0.0000000000,
4016112,1,1.0000000000,2.9113770000,-0.0335011400,0.0009113770,-0.0237466700,0.0641638300,0.0988016200,0.9930364000,1,1.0000000000,3.0739750000,0.0332697000,-0.0017074130,-0.0259686400,0.0450745300,0.0788575400,0.9958664000,-0.0334996500,0.0009113160,-0.0237467200,0.0641638300,0.0988016200,0.9930364000,0.0000000000,
4016120,1,1.0000000000,3.0352170000,-0.0336177500,0.0009449158,-0.0238163600,0.0558477600,0.1031352000,0.9930983000,1,1.0000000000,3.0434270000,0.0331686900,-0.0016382900,-0.0261436200,0.0428776500,0.0764626000,0.9961501000,-0.0336100600,0.0009446259,-0.0238166400,0.0558325500,0.1031353000,0.9930991000,0.0000000000,
4016128,1,1.0000000000,3.0456240000,-0.0336968400,0.0009506074,-0.0238222400,0.0436404900,0.0952156200,0.9944996000,1,1.0000000000,3.1229550000,0.0330567300,-0.0016461790,-0.0260548600,0.0266877600,0.0658572700,0.9974721000,-0.0336477000,0.0009487000,-0.0238238700,0.0436253200,0.0952005500,0.9945017000,0.0000000000,
4016137,1,1.0000000000,3.0340120000,-0.0337847900,0.0010993960,-0.0242380800,0.0210571600,0.0923920900,0.9955000000,1,1.0000000000,2.9913640000,0.0329465600,-0.0016727300,-0.0260357200,0.0075836850,0.0716711600,0.9973995000,-0.0336592300,0.0010941770,-0.0242414700,0.0210267100,0.0923619000,0.9955035000,0.0000000000,
4016145,1,1.0000000000,3.0575410000,-0.0338763000,0.0010402830,-0.0240030200,0.0102540100,0.0909891200,0.9957991000,1,1.0000000000,3.1699070000,0.0328308600,-0.0015781400,-0.0263095400,0.0062714040,0.0802312500,0.9967566000,-0.0335928600,0.0010291600,-0.0240128200,0.0102235400,0.0909437500,0.9958035000,0.0000000000,
4016153,1,1.0000000000,2.9748990000,-0.0339606000,0.0011825720,-0.0244277500,0.0013580520,0.0884717500,0.9960778000,1,1.0000000000,3.1103520000,0.0327571300,-0.0016395870,-0.0261221000,-0.0211639700,0.0824586100,0.9963697000,-0.0320802300,0.0011030270,-0.0244755000,0.0007171738,0.0883039300,0.9960933000,0.0000000000,
4016162,1,1.0000000000,3.1021420000,-0.0340946700,0.0010984350,-0.0242646000,-0.0086213310,0.1060653000,0.9943218000,1,1.0000000000,3.0431670000,0.0326671600,-0.0016189880,-0.0261618200,-0.0276798900,0.0856337200,0.9959421000,-0.0182036100,0.0004516144,-0.0247161900,-0.0131532300,0.1012127000,0.9947779000,0.0000000000,
4016170,1,1.0000000000,3.1889340000,-0.0341783900,0.0011646420,-0.0244546400,-0.0205081000,0.0978102000,0.9949937000,1,1.0000000000,3.0682370000,0.0326044000,-0.0016406250,-0.0260817700,-0.0448462900,0.0908064900,0.9948583000,0.0131131300,-0.0008218842,-0.0256068700,-0.0377508000,0.0928511100,0.9949641000,0.0000000000,
4016178,1,1.0000000000,3.1335300000,-0.0342409800,0.0011781310,-0.0244467200,-0.0333409700,0.0954757300,0.9948733000,1,1.0000000000,3.0281370000,0.0325181600,-0.0016170960,-0.0261603600,-0.0542607500,0.0943612200,0.9940582000,0.0309668300,-0.0015521390,-0.0261205300,-0.0537721000,0.0943910900,0.9940819000,0.0000000000,
4016187,1,1.0000000000,3.2333980000,-0.0342903300,0.0011368870,-0.0242941900,-0.0553444400,0.0864270400,0.9947197000,1,1.0000000000,3.0809630000,0.0324552800,-0.0015994110,-0.0262047100,-0.0721284400,0.0976717100,0.9926015000,0.0321118600,-0.0015853270,-0.0261948900,-0.0720376900,0.0976270100,0.9926125000,0.0000000000,
4016195,1,1.0000000000,3.3458400000,-0.0343746100,0.0011386870,-0.0243425900,-0.0728611400,0.0983282000,0.9924831000,1,1.0000000000,3.0653530000,0.0323808300,-0.0015969240,-0.0262302700,-0.0837861000,0.0973664400,0.9917156000,0.0312248100,-0.0015495610,-0.0261975900,-0.0835890000,0.0973831600,0.9917305000,0.0000000000,
4016203,1,1.0000000000,3.1150360000,-0.0344451300,0.0011702730,-0.0244070800,-0.0789346500,0.1043256000,0.9914058000,1,1.0000000000,2.8581850000,0.0322964200,-0.0015608060,-0.0263778500,-0.0983433000,0.0970768200,0.9904063000,0.0239682800,-0.0012200170,-0.0261319400,-0.0959182800,0.0979782500,0.9905553000,0.0000000000,
4016212,1,1.0000000000,3.0404360000,-0.0345783900,0.0019470830,-0.0269211100,-0.0552371000,0.0830235000,0.9950156000,1,1.0000000000,3.0161900000,0.0322730900,-0.0015925290,-0.0263242100,-0.1024644000,0.1013199000,0.9895632000,0.0322726900,-0.0015925140,-0.0263242200,-0.1024644000,0.1013199000,0.9895632000,0.0000000000,
4016220,1,1.0000000000,3.2512050000,-0.0343489500,0.0011195530,-0.0243272600,-0.0627755700,0.0826733200,0.9945976000,1,1.0000000000,3.0873110000,0.0324174500,-0.0016234130,-0.0262545200,-0.0754398500,0.0826572900,0.9937186000,0.0324171400,-0.0016233980,-0.0262545000,-0.0754398500,0.0826572900,0.9937186000,0.0000000000,
4016228,1,1.0000000000,3.1121370000,-0.0341590900,0.0010903930,-0.0243309500,-0.0162812100,0.0842441800,0.9963121000,1,1.0000000000,3.2137450000,0.0326062200,-0.0016983800,-0.0261195700,-0.0116426000,0.0655067700,0.9977843000,0.0326058500,-0.0016983640,-0.0261195500,-0.0116426000,0.0655067700,0.9977843000,0.0000000000,
4016237,1,1.0000000000,3.1284030000,-0.0340215000,0.0009911652,-0.0239649200,-0.0190888100,0.0697939300,0.9973788000,1,1.0000000000,3.0184630000,0.0326388400,-0.0016337740,-0.0263655600,-0.0078888610,0.0561528200,0.9983910000,0.0326385100,-0.0016337590,-0.0263655600,-0.0078888610,0.0561528200,0.9983910000,0.0000000000,
4016245,1,1.0000000000,3.0736240000,-0.0340925000,0.0012561490,-0.0248198600,-0.0384832700,0.0663309800,0.9970553000,1,1.0000000000,3.1137240000,0.0325925200,-0.0017135010,-0.0261420300,-0.0365144300,0.0626986300,0.9973643000,0.0325923600,-0.0017134860,-0.0261420300,-0.0365144300,0.0626986300,0.9973643000,0.0000000000,
4016253,1,1.0000000000,3.2230680000,-0.0341882500,0.0012195590,-0.0247527800,-0.0386050500,0.0800787700,0.9960406000,1,1.0000000000,3.1494600000,0.0324978900,-0.0016522830,-0.0263132500,-0.0429388500,0.0577858700,0.9974051000,0.0324978000,-0.0016522830,-0.0263132500,-0.0429388500,0.0577858700,0.9974051000,0.0000000000,
4016262,1,1.0000000000,3.1462100000,-0.0342796300,0.0010999910,-0.0243663800,-0.0373234900,0.0789042400,0.9961832000,1,1.0000000000,3.2193450000,0.0324491200,-0.0017527160,-0.0260381900,-0.0519565000,0.0638889500,0.9966036000,0.0324489900,-0.0017527010,-0.0260381900,-0.0519565000,0.0638889500,0.9966036000,0.0000000000,
4016270,1,1.0000000000,3.2609250000,-0.0343501300,0.0010882420,-0.0242662200,-0.0550388400,0.0740514200,0.9957345000,1,1.0000000000,3.1352690000,0.0323776400,-0.0017238920,-0.0261405400,-0.0562143000,0.0664989000,0.9962017000,0.0323775000,-0.0017238920,-0.0261405200,-0.0562143000,0.0664989000,0.9962017000,0.0000000000,
4016278,1,1.0000000000,3.1704710000,-0.0344070500,0.0011096040,-0.0244109700,-0.0571596100,0.0806124500,0.9951053000,1,1.0000000000,3.1533810000,0.0323106200,-0.0016557010,-0.0263125500,-0.0756226000,0.0624542500,0.9951787000,0.0323104400,-0.0016557010,-0.0263125500,-0.0756226000,0.0624542500,0.9951787000,0.0000000000,
4016287,1,1.0000000000,3.1764070000,-0.0344505600,0.0010424040,-0.0241834700,-0.0681916800,0.0873872900,0.9938377000,1,1.0000000000,3.1179500000,0.0322910200,-0.0017085420,-0.0261475800,-0.0802468900,0.0644996400,0.9946860000,0.0322909100,-0.0017085270,-0.0261475700,-0.0802468900,0.0644996400,0.9946860000,0.0000000000,
4016295,1,1.0000000000,3.2837830000,-0.0345530200,0.0012566830,-0.0248858500,-0.0655066100,0.0737006500,0.9951267000,1,1.0000000000,3.0886230000,0.0322536300,-0.0017618410,-0.0260045900,-0.0891118500,0.0690159100,0.9936276000,0.0311655400,-0.0017126770,-0.0259863800,-0.0887302300,0.0690920900,0.9936565000,0.0000000000,
4016303,1,1.0000000000,3.1000820000,-0.0346722300,0.0018065190,-0.0267284900,-0.0494391700,0.0614327500,0.9968860000,1,1.0000000000,3.1545870000,0.0322001400,-0.0017202000,-0.0261495100,-0.0974898100,0.0696421200,0.9927969000,0.0321999700,-0.0017201840,-0.0261495100,-0.0974898100,0.0696421200,0.9927969000,0.0000000000,
4016312,1,1.0000000000,3.0999760000,-0.0347071000,0.0017668000,-0.0266379700,-0.0629740000,0.0647745700,0.9959109000,1,1.0000000000,3.1076660000,0.0321470600,-0.0016689450,-0.0263411900,-0.0961460700,0.0670321700,0.9931076000,0.0321470600,-0.0016689450,-0.0263411900,-0.0961460700,0.0670321700,0.9931076000,0.0000000000,
4016320,1,1.0000000000,3.1052090000,-0.0347289600,0.0016682590,-0.0263116000,-0.0728766700,0.0677801800,0.9950351000,1,1.0000000000,3.0366060000,0.0321129900,-0.0016529080,-0.0264005600,-0.1055911000,0.0654908600,0.9922507000,0.0321129900,-0.0016529080,-0.0264005600,-0.1055911000,0.0654908600,0.9922507000,0.0000000000,
4016328,1,1.0000000000,3.1759340000,-0.0347596100,0.0016385500,-0.0262250100,-0.0857244100,0.0695652400,0.9938873000,1,1.0000000000,3.0821230000,0.0320865700,-0.0017054140,-0.0262661000,-0.1137704000,0.0700383700,0.9910353000,0.0320865700,-0.0017054140,-0.0262661000,-0.1137704000,0.0700383700,0.9910353000,0.0000000000,
4016337,1,1.0000000000,3.2897490000,-0.0347829200,0.0016135250,-0.0261388300,-0.0879220000,0.0627294900,0.9941503000,1,1.0000000000,3.1079710000,0.0320453200,-0.0017084660,-0.0262612900,-0.1151445000,0.0754710700,0.9904776000,0.0320453200,-0.0017084660,-0.0262612900,-0.1151445000,0.0754710700,0.9904776000,0.0000000000,
4016345,1,1.0000000000,3.2779240000,-0.0348082700,0.0016261290,-0.0261574700,-0.1018230000,0.0702369400,0.9923199000,1,1.0000000000,3.0767970000,0.0320025300,-0.0016744840,-0.0263766900,-0.1200567000,0.0747531200,0.9899486000,0.0320025300,-0.0016744840,-0.0263766900,-0.1200567000,0.0747531200,0.9899486000,0.0000000000,
4016353,1,1.0000000000,3.2495120000,-0.0348399200,0.0016306610,-0.0261577800,-0.0965128000,0.0699775000,0.9928688000,1,1.0000000000,3.0612640000,0.0319672900,-0.0016447140,-0.0264611200,-0.1240097000,0.0721902300,0.9896516000,0.0319672900,-0.0016447140,-0.0264611200,-0.1240097000,0.0721902300,0.9896516000,0.0000000000,
4016361,1,1.0000000000,3.2552950000,-0.0348628700,0.0016197200,-0.0261120300,-0.1055771000,0.0736094600,0.9916830000,1,1.0000000000,3.1151730000,0.0319406100,-0.0016142430,-0.0265355400,-0.1306928000,0.0706641500,0.9889014000,0.0319405500,-0.0016142430,-0.0265355400,-0.1306928000,0.0706641500,0.9889014000,0.0000000000,
4016370,1,1.0000000000,3.2145690000,-0.0348958000,0.0016327060,-0.0261424900,-0.1126568000,0.0696418100,0.9911904000,1,1.0000000000,3.0736540000,0.0319200300,-0.0016115880,-0.0265228100,-0.1365821000,0.0691837000,0.9882100000,0.0309990700,-0.0015668640,-0.0265175600,-0.1362465000,0.0691837400,0.9882563000,0.0000000000,
4016378,1,1.0000000000,3.2388760000,-0.0349321400,0.0016707610,-0.0262390300,-0.1061104000,0.0697484500,0.9919051000,1,1.0000000000,3.1172640000,0.0318980300,-0.0016146240,-0.0264917600,-0.1380318000,0.0727390900,0.9877532000,0.0234209600,-0.0011978910,-0.0264597000,-0.1339889000,0.0723579500,0.9883376000,0.0000000000,
4016386,1,1.0000000000,3.1788330000,-0.0349635200,0.0017154390,-0.0263900000,-0.1053785000,0.0747384500,0.9916196000,1,1.0000000000,3.1808010000,0.0318740900,-0.0016199340,-0.0264742100,-0.1465152000,0.0744020000,0.9864064000,0.0133541100,-0.0006957398,-0.0264508700,-0.1351339000,0.0745098100,0.9880219000,0.0000000000,
4016395,1,1.0000000000,3.1407010000,-0.0349847400,0.0017535710,-0.0264959300,-0.1111155000,0.0757758100,0.9909145000,1,1.0000000000,3.1170040000,0.0318610900,-0.0016509400,-0.0263801600,-0.1443506000,0.0759900700,0.9866045000,0.0064545440,-0.0003569641,-0.0264241700,-0.1317462000,0.0759287900,0.9883713000,0.0000000000,
4016403,1,1.0000000000,3.1369170000,-0.0350079100,0.0017890320,-0.0265893100,-0.1116654000,0.0774699800,0.9907216000,1,1.0000000000,3.0583190000,0.0318453700,-0.0016495210,-0.0263733200,-0.1466232000,0.0720222100,0.9865670000,0.0203496400,-0.0010582430,-0.0264104600,-0.1406257000,0.0729678700,0.9873703000,0.0000000000,
4016411,1,1.0000000000,3.0344390000,-0.0350242000,0.0018199310,-0.0266754900,-0.1152197000,0.0788120300,0.9902086000,1,1.0000000000,3.0471950000,0.0318304700,-0.0016428380,-0.0263864900,-0.1504387000,0.0827191300,0.9851527000,0.0295343500,-0.0015238950,-0.0263964100,-0.1492325000,0.0825966700,0.9853463000,0.0000000000,
4016420,1,1.0000000000,3.1577300000,-0.0350376700,0.0018347630,-0.0267068800,-0.1153725000,0.0713047900,0.9907597000,1,1.0000000000,3.0854340000,0.0318261600,-0.0016441960,-0.0263756100,-0.1509719000,0.0821693800,0.9851171000,0.0309583700,-0.0015990450,-0.0263799100,-0.1505149000,0.0820324700,0.9851984000,0.0000000000,
4016428,1,1.0000000000,3.1373140000,-0.0350429900,0.0018432470,-0.0267239700,-0.1155705000,0.0745547100,0.9904974000,1,1.0000000000,3.0586700000,0.0318218500,-0.0016428380,-0.0263864900,-0.1513996000,0.0818949700,0.9850743000,0.0312055700,-0.0016107030,-0.0263896000,-0.1510782000,0.0818333900,0.9851288000,0.0000000000,
4016436,1,1.0000000000,3.1399380000,-0.0350482900,0.0018508000,-0.0267100800,-0.1142901000,0.0763561400,0.9905087000,1,1.0000000000,3.0519560000,0.0318163500,-0.0016310580,-0.0264057900,-0.1502234000,0.0810397600,0.9853251000,0.0310006300,-0.0015885770,-0.0264095200,-0.1497826000,0.0809796300,0.9853971000,0.0000000000,
4016445,1,1.0000000000,3.1288600000,-0.0350533900,0.0018427890,-0.0267084800,-0.1141056000,0.0775607100,0.9904364000,1,1.0000000000,3.0571440000,0.0318108400,-0.0016192780,-0.0264251100,-0.1493999000,0.0802923400,0.9855114000,0.0302774800,-0.0015398870,-0.0264316100,-0.1485919000,0.0802317100,0.9856385000,0.0000000000,
4016453,1,1.0000000000,3.1334530000,-0.0350584900,0.0018347630,-0.0267068800,-0.1139530000,0.0793306900,0.9903137000,1,1.0000000000,3.0520170000,0.0318042600,-0.0016119690,-0.0264393000,-0.1487440000,0.0836647100,0.9853301000,0.0269640800,-0.0013624570,-0.0264586800,-0.1462272000,0.0833600200,0.9857326000,0.0000000000,
4016461,1,1.0000000000,3.1290280000,-0.0350622400,0.0018301850,-0.0266510800,-0.1162581000,0.0773782400,0.9902003000,1,1.0000000000,3.0882260000,0.0317554200,-0.0015156100,-0.0266294300,-0.1381392000,0.0833138100,0.9869024000,0.0117699900,-0.0005148621,-0.0266359100,-0.1315936000,0.0815441100,0.9879441000,0.0000000000,
4016470,1,1.0000000000,3.1349490000,-0.0350660000,0.0018256070,-0.0265952600,-0.1185766000,0.0754856100,0.9900715000,1,1.0000000000,3.0672610000,0.0317507800,-0.0015063170,-0.0266762400,-0.1373615000,0.0875255800,0.9866464000,-0.0111190200,0.0006314545,-0.0266242800,-0.1253066000,0.0798044000,0.9889032000,0.0000000000,
4016478,1,1.0000000000,3.1394810000,-0.0350711800,0.0018155670,-0.0265502000,-0.1150221000,0.0750894000,0.9905208000,1,1.0000000000,3.0567320000,0.0317525300,-0.0015129400,-0.0266719400,-0.1358505000,0.0862893900,0.9869645000,-0.0229185000,0.0012102360,-0.0265723400,-0.1188053000,0.0771334200,0.9899170000,0.0000000000,
4016486,1,1.0000000000,3.1440430000,-0.0350677500,0.0018055420,-0.0265051400,-0.1131454000,0.0747079800,0.9907658000,1,1.0000000000,3.0032810000,0.0317739300,-0.0015883940,-0.0264938800,-0.1269545000,0.0771645500,0.9889025000,-0.0182701000,0.0009526215,-0.0265023200,-0.1166234000,0.0753329800,0.9903150000,0.0000000000,
4016495,1,1.0000000000,3.1127010000,-0.0349404800,0.0011885990,-0.0244057900,-0.1340791000,0.0896302100,0.9869089000,1,1.0000000000,3.0233760000,0.0317953500,-0.0016160280,-0.0264567000,-0.1288765000,0.0824590100,0.9882264000,0.0317912300,-0.0016158600,-0.0264565600,-0.1288765000,0.0824590100,0.9882264000,0.0000000000,
4016503,1,1.0000000000,3.2837520000,-0.0350292400,0.0017142950,-0.0262936400,-0.0879374900,0.0823221800,0.9927185000,1,1.0000000000,2.9942930000,0.0318484800,-0.0016775360,-0.0262861000,-0.1232012000,0.0861981300,0.9886310000,0.0318448400,-0.0016773380,-0.0262861000,-0.1232012000,0.0861981300,0.9886310000,0.0000000000,
4016511,1,1.0000000000,3.1636200000,-0.0349843300,0.0016726990,-0.0262094300,-0.0890207600,0.0822763000,0.9926258000,1,1.0000000000,3.0539250000,0.0318990900,-0.0017305910,-0.0261209100,-0.1191424000,0.0834515500,0.9893639000,0.0318930800,-0.0017302860,-0.0261209100,-0.1191424000,0.0834515500,0.9893639000,0.0000000000,
4016520,1,1.0000000000,3.2158810000,-0.0349534800,0.0016482090,-0.0261407200,-0.0822302000,0.0760808600,0.9937051000,1,1.0000000000,3.0703280000,0.0319510200,-0.0017211460,-0.0261718100,-0.1120460000,0.0874944300,0.9898437000,0.0319372300,-0.0017204440,-0.0261718100,-0.1120460000,0.0874944300,0.9898437000,0.0000000000,
4016528,1,1.0000000000,3.3089450000,-0.0349004100,0.0016779480,-0.0262491300,-0.0645296600,0.0662233900,0.9957160000,1,1.0000000000,3.0257110000,0.0320011200,-0.0017662200,-0.0260393100,-0.0973523000,0.0875560300,0.9913912000,0.0318572100,-0.0017588200,-0.0260397500,-0.0972907500,0.0875098000,0.9914013000,0.0000000000,
4016536,1,1.0000000000,3.1112210000,-0.0348570900,0.0017067570,-0.0263473500,-0.0567019300,0.0768741500,0.9954272000,1,1.0000000000,3.0120540000,0.0320685000,-0.0017931670,-0.0259630000,-0.0935526000,0.0805519800,0.9923504000,0.0311578100,-0.0017455440,-0.0259682300,-0.0930495500,0.0805066300,0.9924014000,0.0000000000,
4016545,1,1.0000000000,3.1785280000,-0.0347976500,0.0017294770,-0.0264250500,-0.0456397400,0.0710307500,0.9964294000,1,1.0000000000,3.0238490000,0.0321318700,-0.0017420810,-0.0260561800,-0.0830234200,0.0756534000,0.9936718000,0.0312434100,-0.0016959990,-0.0260610800,-0.0825199500,0.0755924200,0.9937184000,0.0000000000,
4016553,1,1.0000000000,3.1079410000,-0.0347255400,0.0016946110,-0.0262827300,-0.0319672600,0.0790713000,0.9963563000,1,1.0000000000,3.1163180000,0.0321990200,-0.0017347720,-0.0260280500,-0.0695041400,0.0719303000,0.9949850000,0.0316211900,-0.0017051550,-0.0260302400,-0.0691687000,0.0719916100,0.9950039000,0.0000000000,
4016561,1,1.0000000000,3.1463010000,-0.0346553800,0.0017926180,-0.0266007400,-0.0201113100,0.0778664600,0.9967609000,1,1.0000000000,3.0405730000,0.0322860100,-0.0017830510,-0.0259088900,-0.0685427000,0.0784914600,0.9945557000,0.0321276600,-0.0017745970,-0.0259105400,-0.0684211900,0.0784921100,0.9945640000,0.0000000000,
4016570,1,1.0000000000,3.2621770000,-0.0344568900,0.0009427338,-0.0238401300,-0.0382847400,0.0950938600,0.9947318000,1,1.0000000000,3.0717930000,0.0323398900,-0.0017334750,-0.0260725600,-0.0526894600,0.0814222200,0.9952860000,0.0323398900,-0.0017334750,-0.0260725600,-0.0526894600,0.0814222200,0.9952860000,0.0000000000,
4016578,1,1.0000000000,3.2798310000,-0.0343739000,0.0010785680,-0.0242495100,-0.0272370100,0.0837862100,0.9961115000,1,1.0000000000,3.0789030000,0.0324457500,-0.0017913210,-0.0258877700,-0.0395207800,0.0793772500,0.9960609000,0.0324457500,-0.0017913210,-0.0258877700,-0.0395207800,0.0793772500,0.9960609000,0.0000000000,
4016586,1,1.0000000000,3.2491300000,-0.0342648200,0.0010528110,-0.0240782200,-0.0267794900,0.0804910700,0.9963955000,1,1.0000000000,3.1392970000,0.0325103600,-0.0016852110,-0.0261623500,-0.0153351900,0.0695805400,0.9974585000,0.0325103600,-0.0016852110,-0.0261623500,-0.0153351900,0.0695805400,0.9974585000,0.0000000000,
4016595,1,1.0000000000,3.3036650000,-0.0341518400,0.0009891206,-0.0238955900,-0.0079651910,0.0874492500,0.9961371000,1,1.0000000000,3.0434270000,0.0326025100,-0.0016851200,-0.0261410700,-0.0047912830,0.0664676100,0.9977771000,0.0326025100,-0.0016851200,-0.0261410700,-0.0047912830,0.0664676100,0.9977771000,0.0000000000,
4016603,1,1.0000000000,3.1678920000,-0.0340712300,0.0010081180,-0.0239634900,0.0082092820,0.0919042800,0.9957340000,1,1.0000000000,3.1531520000,0.0326846200,-0.0016524510,-0.0262133300,0.0124664700,0.0631258000,0.9979277000,0.0326846200,-0.0016524510,-0.0262133300,0.0124664700,0.0631258000,0.9979277000,0.0000000000,
4016611,1,1.0000000000,3.2757420000,-0.0339999200,0.0009162903,-0.0237364800,0.0337068000,0.0892184900,0.9954416000,1,1.0000000000,3.0485990000,0.0328061100,-0.0016934050,-0.0260182200,0.0198367200,0.0605172500,0.9979700000,0.0328061100,-0.0016934050,-0.0260182200,0.0198367200,0.0605172500,0.9979700000,0.0000000000,
4016620,1,1.0000000000,3.2856450000,-0.0338897900,0.0008883210,-0.0236383800,0.0370336100,0.0983748300,0.9944601000,1,1.0000000000,3.0479430000,0.0328668200,-0.0015933840,-0.0263072800,0.0356755000,0.0610817100,0.9974950000,0.0328668200,-0.0015933840,-0.0263072800,0.0356755000,0.0610817100,0.9974950000,0.0000000000,
4016628,1,1.0000000000,3.1445310000,-0.0337964300,0.0009467163,-0.0238645600,0.0626527100,0.0972291900,0.9932880000,1,1.0000000000,3.1107030000,0.0329877300,-0.0016712950,-0.0260810300,0.0436862000,0.0684819000,0.9966955000,0.0329877300,-0.0016712950,-0.0260810300,0.0436862000,0.0684819000,0.9966955000,0.0000000000,
4016636,1,1.0000000000,2.9742130000,-0.0336733900,0.0009059143,-0.0237213000,0.0705418700,0.0914465600,0.9933083000,1,1.0000000000,3.2079930000,0.0330796200,-0.0017159730,-0.0259545100,0.0630806200,0.0674752100,0.9957248000,0.0330794200,-0.0017159580,-0.0259545100,0.0630806200,0.0674752100,0.9957248000,0.0000000000,
4016645,1,1.0000000000,3.1072390000,-0.0335614200,0.0009750214,-0.0239431200,0.0789494400,0.0991674500,0.9919339000,1,1.0000000000,3.1363830000,0.0331721200,-0.0017882690,-0.0258169400,0.0756539600,0.0834818000,0.9936334000,0.0077912600,-0.0007372895,-0.0251042600,0.0769048000,0.0894476100,0.9930180000,0.0000000000,
4016653,1,1.0000000000,3.1412200000,-0.0334457400,0.0010246430,-0.0241284000,0.0962378900,0.0975959400,0.9905621000,1,1.0000000000,3.1206970000,0.0332732100,-0.0017912450,-0.0258301700,0.0951549300,0.0861674000,0.9917261000,0.0055342260,-0.0006205139,-0.0251226500,0.0956130600,0.0909285400,0.9912569000,0.0000000000,
4016661,1,1.0000000000,3.1930080000,-0.0333351500,0.0009458008,-0.0238906300,0.1107796000,0.1035011000,0.9884409000,1,1.0000000000,3.0248720000,0.0333858200,-0.0016299900,-0.0263611200,0.0966189100,0.0883028500,0.9913967000,-0.0151017200,0.0002418976,-0.0245657500,0.1069187000,0.0993503100,0.9892916000,0.0000000000,
4016670,1,1.0000000000,3.1104130000,-0.0332125300,0.0010406650,-0.0242181000,0.1193707000,0.0935983100,0.9884281000,1,1.0000000000,3.1436610000,0.0334940000,-0.0016445160,-0.0263744100,0.1165785000,0.0790262100,0.9900325000,-0.0180152700,0.0004289246,-0.0247093500,0.1187452000,0.0902872800,0.9888113000,0.0000000000,
4016678,1,1.0000000000,3.1162720000,-0.0331193900,0.0010464330,-0.0242683400,0.1430077000,0.1006638000,0.9845890000,1,1.0000000000,3.0984650000,0.0335849000,-0.0016893010,-0.0262494500,0.1342016000,0.0801700300,0.9877058000,-0.0067715000,-0.0000341644,-0.0250508700,0.1395429000,0.0925758900,0.9858791000,0.0000000000,
4016686,1,1.0000000000,3.1291200000,-0.0329876400,0.0011990200,-0.0247663100,0.1506966000,0.0950627600,0.9839988000,1,1.0000000000,3.1593020000,0.0336872000,-0.0015993650,-0.0265122400,0.1500721000,0.0795298400,0.9854711000,0.0229976400,-0.0011507110,-0.0262323200,0.1501778000,0.0820316800,0.9852499000,0.0000000000,
4016695,1,1.0000000000,3.1678770000,-0.0328846000,0.0012461240,-0.0249243000,0.1606768000,0.0989390500,0.9820357000,1,1.0000000000,3.0984040000,0.0337667100,-0.0016634830,-0.0262666800,0.1704728000,0.0733344400,0.9826297000,0.0324677900,-0.0016067810,-0.0262405300,0.1702887000,0.0738375600,0.9826239000,0.0000000000,
4016703,1,1.0000000000,3.1541440000,-0.0327734400,0.0012605590,-0.0249816100,0.1729916000,0.0991531800,0.9799197000,1,1.0000000000,3.1485750000,0.0338662000,-0.0016262670,-0.0263053100,0.1854128000,0.0757307000,0.9797382000,0.0335623200,-0.0016130980,-0.0262992900,0.1853643000,0.0758364100,0.9797392000,0.0000000000,
4016711,1,1.0000000000,3.0121460000,-0.0326692100,0.0012605900,-0.0249967800,0.1911777000,0.0723725800,0.9788837000,1,1.0000000000,3.2097930000,0.0339703400,-0.0016533810,-0.0263093600,0.1908444000,0.0824901900,0.9781482000,0.0339252700,-0.0016514130,-0.0263084700,0.1908593000,0.0824748000,0.9781465000,0.0000000000,
4016720,1,1.0000000000,3.2013850000,-0.0325934000,0.0012702790,-0.0250329600,0.1999992000,0.0860605600,0.9760091000,1,1.0000000000,3.1690980000,0.0340347000,-0.0016521300,-0.0263022800,0.1949022000,0.0865333200,0.9769980000,0.0340190900,-0.0016514440,-0.0263019900,0.1949022000,0.0865333200,0.9769980000,0.0000000000,
4016728,1,0.9877093000,3.0868380000,-0.0324870600,0.0012661740,-0.0250598500,0.2130143000,0.0927894000,0.9726331000,1,0.9877093000,3.1647030000,0.0341159500,-0.0016559750,-0.0263325100,0.2077656000,0.0915383400,0.9738861000,0.0341108100,-0.0016557460,-0.0263324100,0.2077656000,0.0915383400,0.9738861000,0.0000000000,
4016736,1,0.9877093000,3.0798950000,-0.0324197100,0.0012594910,-0.0250690500,0.2261512000,0.0836642100,0.9704926000,1,0.9877093000,3.1397250000,0.0342181300,-0.0016755980,-0.0263621500,0.2238166000,0.0878908900,0.9706603000,0.0342123900,-0.0016753390,-0.0263620300,0.2238166000,0.0878908900,0.9706603000,0.0000000000,
4016745,1,1.0000000000,3.1104130000,-0.0323151600,0.0012582860,-0.0250887200,0.2295997000,0.0789186900,0.9700804000,1,1.0000000000,3.1992800000,0.0342831900,-0.0016786040,-0.0263822300,0.2397633000,0.0901496500,0.9666368000,0.0341190500,-0.0016713720,-0.0263790600,0.2397316000,0.0901187100,0.9666475000,0.0000000000,
4016753,1,1.0000000000,3.1049650000,-0.0322393200,0.0012501680,-0.0251197800,0.2422207000,0.0945597700,0.9656022000,1,1.0000000000,3.2239380000,0.0343800200,-0.0016847230,-0.0264169500,0.2471325000,0.0962223900,0.9641923000,0.0315397800,-0.0015595860,-0.0263616300,0.2469189000,0.0961613400,0.9642531000,0.0000000000,
4016761,1,1.0000000000,3.0549320000,-0.0321615000,0.0012336880,-0.0251247100,0.2487526000,0.0855420800,0.9647822000,1,1.0000000000,3.1216130000,0.0344399600,-0.0016945040,-0.0264294300,0.2596135000,0.0913545500,0.9613819000,0.0094841620,-0.0005972901,-0.0259405500,0.2555571000,0.0891733800,0.9626727000,0.0000000000,
4016770,1,1.0000000000,3.1293330000,-0.0321145200,0.0012189330,-0.0251474900,0.2610213000,0.0926377000,0.9608778000,1,1.0000000000,3.1850280000,0.0344857200,-0.0016858670,-0.0264415000,0.2711669000,0.0897531700,0.9583386000,0.0029610900,-0.0003108979,-0.0258290000,0.2663741000,0.0911107000,0.9595539000,0.0000000000,
4016778,1,1.0000000000,3.0808410000,-0.0320484500,0.0012199400,-0.0251722300,0.2672613000,0.1022048000,0.9581887000,1,1.0000000000,3.0344240000,0.0345360600,-0.0017051240,-0.0264551700,0.2758647000,0.0959629000,0.9563941000,-0.0000304565,-0.0001865997,-0.0257891400,0.2713946000,0.0991980200,0.9573425000,0.0000000000,
4016786,1,1.0000000000,3.0267180000,-0.0319875200,0.0012174380,-0.0251797000,0.2720966000,0.0987403200,0.9571906000,1,1.0000000000,3.0982060000,0.0345651700,-0.0016914830,-0.0264680500,0.2930640000,0.0969098100,0.9511688000,-0.0005346375,-0.0001573181,-0.0257885800,0.2820163000,0.0978863100,0.9544030000,0.0000000000,
4016795,1,1.0000000000,3.0386660000,-0.0319665700,0.0012329710,-0.0251974600,0.2856186000,0.1037309000,0.9527129000,1,1.0000000000,3.0008090000,0.0346547400,-0.0016757360,-0.0264871500,0.2932170000,0.0902112300,0.9517803000,-0.0005283661,-0.0001396179,-0.0258060600,0.2892193000,0.0973525000,0.9522997000,0.0000000000,
4016803,1,1.0000000000,3.1116790000,-0.0319224700,0.0012401430,-0.0252038700,0.2912033000,0.1024797000,0.9511564000,1,1.0000000000,3.0720670000,0.0346981800,-0.0016682130,-0.0264985500,0.2986031000,0.0887920300,0.9502379000,0.0000927124,-0.0001574860,-0.0258260400,0.2947734000,0.0959028200,0.9507425000,0.0000000000,
4016811,1,1.0000000000,3.1140750000,-0.0318497000,0.0012340090,-0.0252114600,0.2910646000,0.0978556700,0.9516857000,1,1.0000000000,3.1316530000,0.0347385900,-0.0016518560,-0.0265141900,0.3160143000,0.0825207700,0.9451588000,0.0021213530,-0.0002382507,-0.0258760700,0.3038345000,0.0900425500,0.9484603000,0.0000000000,
4016820,1,1.0000000000,3.1204070000,-0.0318160300,0.0012380680,-0.0252239900,0.3015324000,0.0939341700,0.9488175000,1,1.0000000000,3.3181760000,0.0347802900,-0.0016599730,-0.0265246600,0.3231696000,0.0764474200,0.9432482000,0.0015845180,-0.0002153931,-0.0258763300,0.3124131000,0.0851758300,0.9461201000,0.0000000000,
4016828,1,1.0000000000,3.0867000000,-0.0317906100,0.0012388460,-0.0252377200,0.3093438000,0.0981757900,0.9458689000,1,1.0000000000,3.2025450000,0.0348095400,-0.0016588900,-0.0265322900,0.3268772000,0.0790871300,0.9417518000,0.0013910680,-0.0002048645,-0.0258827100,0.3181020000,0.0886846500,0.9438995000,0.0000000000,
4016836,1,1.0000000000,3.1536870000,-0.0317707200,0.0012305300,-0.0252331700,0.3089335000,0.0918591200,0.9466372000,1,1.0000000000,3.1536560000,0.0348356800,-0.0016596530,-0.0265508300,0.3349960000,0.0857860700,0.9383062000,0.0012348020,-0.0002016296,-0.0258861100,0.3218718000,0.0888527200,0.9426048000,0.0000000000,
4016845,1,1.0000000000,3.0511170000,-0.0317413400,0.0012228090,-0.0252402100,0.3120930000,0.0910506400,0.9456785000,1,1.0000000000,3.2645110000,0.0348635700,-0.0016623990,-0.0265646100,0.3339575000,0.0953379400,0.9377543000,0.0010022890,-0.0001955872,-0.0258913000,0.3228660000,0.0931564300,0.9418489000,0.0000000000,
4016853,1,1.0000000000,3.0522610000,-0.0317332800,0.0012163240,-0.0252445400,0.3148511000,0.0914920600,0.9447211000,1,1.0000000000,3.3234410000,0.0348841200,-0.0016728970,-0.0265559400,0.3307395000,0.0860761900,0.9397884000,0.0011399840,-0.0002093964,-0.0258916600,0.3226991000,0.0888231200,0.9423246000,0.0000000000,
4016861,1,1.0000000000,3.0838010000,-0.0317276000,0.0012142490,-0.0252448900,0.3155106000,0.0927290300,0.9443804000,1,1.0000000000,3.1686550000,0.0348951000,-0.0016761780,-0.0265600100,0.3325221000,0.0856177400,0.9392011000,0.0014496460,-0.0002251282,-0.0258998000,0.3239940000,0.0891887700,0.9418456000,0.0000000000,
4016870,1,1.0000000000,3.1145780000,-0.0317219200,0.0012121890,-0.0252448300,0.3159051000,0.0926978500,0.9442516000,1,1.0000000000,3.2080380000,0.0349005000,-0.0016789700,-0.0265572100,0.3288904000,0.0865790200,0.9403909000,0.0016485140,-0.0002359619,-0.0259021900,0.3224204000,0.0896307500,0.9423435000,0.0000000000,
4016878,1,1.0000000000,3.0939180000,-0.0317205500,0.0012111360,-0.0252446800,0.3153740000,0.0922409300,0.9444739000,1,1.0000000000,3.2439880000,0.0348996700,-0.0016794430,-0.0265576300,0.3322623000,0.0871282600,0.9391541000,0.0018730470,-0.0002464447,-0.0259067400,0.3239026000,0.0896770900,0.9418307000,0.0000000000,
4016886,1,1.0000000000,3.1146240000,-0.0317219200,0.0012121890,-0.0252445400,0.3155412000,0.0926222400,0.9443806000,1,1.0000000000,3.2169340000,0.0348988400,-0.0016789700,-0.0265572100,0.3292437000,0.0866559200,0.9402602000,0.0023141330,-0.0002648773,-0.0259151800,0.3225451000,0.0895856800,0.9423052000,0.0000000000,
4016895,1,1.0000000000,3.1148830000,-0.0317253400,0.0012140810,-0.0252434600,0.3148969000,0.0927432900,0.9445838000,1,1.0000000000,3.2473750000,0.0348968200,-0.0016786190,-0.0265550100,0.3290875000,0.0865329100,0.9403262000,0.0026703950,-0.0002793579,-0.0259205900,0.3222358000,0.0895387800,0.9424155000,0.0000000000,
4016903,1,1.0000000000,3.1141820000,-0.0317287600,0.0012159730,-0.0252423700,0.3142400000,0.0928193600,0.9447951000,1,1.0000000000,3.2235720000,0.0348948100,-0.0016782690,-0.0265528300,0.3300821000,0.0863047500,0.9399986000,0.0030067900,-0.0002929993,-0.0259256000,0.3225128000,0.0894326100,0.9423308000,0.0000000000,
4016911,1,1.0000000000,3.1146850000,-0.0317310200,0.0012161410,-0.0252412300,0.3134958000,0.0927440900,0.9450497000,1,1.0000000000,3.2352910000,0.0348780200,-0.0016752630,-0.0265265500,0.3187598000,0.0778054600,0.9446367000,0.0027854310,-0.0002821503,-0.0259072700,0.3162273000,0.0850078300,0.9448672000,0.0000000000,
4016920,1,1.0000000000,3.0450740000,-0.0317974600,0.0012329560,-0.0252079900,0.3025696000,0.0895852500,0.9489079000,1,1.0000000000,3.2728120000,0.0348593400,-0.0016695410,-0.0265352900,0.3257762000,0.0846102500,0.9416533000,0.0029741980,-0.0002811280,-0.0259003800,0.3146994000,0.0869909400,0.9451967000,0.0000000000,
4016928,1,1.0000000000,3.0681300000,-0.0318227100,0.0012313080,-0.0251999500,0.2926351000,0.0976569400,0.9512244000,1,1.0000000000,3.2574310000,0.0348305500,-0.0016663970,-0.0265186600,0.3186239000,0.0790417900,0.9445799000,0.0040637970,-0.0003288269,-0.0259099600,0.3066718000,0.0876466900,0.9477713000,0.0000000000,
4016936,1,1.0000000000,3.2145390000,-0.0318791800,0.0012296600,-0.0251862800,0.2954271000,0.0969854200,0.9504297000,1,1.0000000000,3.3242340000,0.0347999400,-0.0016606290,-0.0265132300,0.3165003000,0.0816046400,0.9450758000,0.0023091740,-0.0002522736,-0.0258666500,0.3062633000,0.0891125400,0.9477667000,0.0000000000,
4016945,1,1.0000000000,3.0853580000,-0.0319388900,0.0012348940,-0.0251717400,0.2845341000,0.0999462800,0.9534417000,1,1.0000000000,3.2628020000,0.0347614300,-0.0016569520,-0.0264900700,0.3052531000,0.0718386200,0.9495577000,0.0026657110,-0.0002654114,-0.0258557000,0.2953348000,0.0853732100,0.9515717000,0.0000000000,
4016953,1,1.0000000000,3.1104740000,-0.0319848400,0.0012312470,-0.0251520100,0.2784000000,0.0964672300,0.9556085000,1,1.0000000000,3.1387940000,0.0347088200,-0.0016654660,-0.0264727000,0.2890817000,0.0790110900,0.9540383000,0.0029168090,-0.0002846375,-0.0258431600,0.2839979000,0.0873417300,0.9548385000,0.0000000000,
4016961,1,1.0000000000,3.0973210000,-0.0320105100,0.0012277680,-0.0251382800,0.2680688000,0.0975960800,0.9584436000,1,1.0000000000,3.0643770000,0.0346711300,-0.0016651460,-0.0264645200,0.2731809000,0.0896768300,0.9577736000,0.0030213780,-0.0002920532,-0.0258350400,0.2707533000,0.0934300300,0.9581041000,0.0000000000,
4016970,1,1.0000000000,3.1316680000,-0.0320819400,0.0012426150,-0.0251245100,0.2646196000,0.0986334300,0.9592956000,1,1.0000000000,3.1627040000,0.0345873300,-0.0016786350,-0.0264505500,0.2748880000,0.1012119000,0.9561343000,0.0027811430,-0.0002849732,-0.0258179300,0.2699931000,0.0999923600,0.9576561000,0.0000000000,
4016978,1,1.0000000000,3.1071930000,-0.0321431000,0.0012501070,-0.0251007100,0.2611425000,0.0890973000,0.9611796000,1,1.0000000000,3.1392210000,0.0345711100,-0.0016596680,-0.0264225800,0.2589136000,0.0827339600,0.9623507000,-0.0008899842,-0.0001130066,-0.0257199600,0.2601022000,0.0861056400,0.9617342000,0.0000000000,
4016986,1,1.0000000000,3.0990600000,-0.0322124000,0.0012526250,-0.0250744300,0.2560304000,0.0939342800,0.9620939000,1,1.0000000000,3.1793210000,0.0345265800,-0.0016417240,-0.0264181800,0.2535563000,0.0885318500,0.9632608000,-0.0015040130,-0.0000791321,-0.0256927300,0.2548988000,0.0914461800,0.9626340000,0.0000000000,
4016995,1,1.0000000000,3.1596530000,-0.0322833100,0.0012692260,-0.0250551600,0.2504908000,0.0913400200,0.9638005000,1,1.0000000000,3.2009430000,0.0344579600,-0.0016376340,-0.0264044300,0.2473312000,0.0949255200,0.9642699000,-0.0021389310,-0.0000436707,-0.0256645800,0.2490572000,0.0929577700,0.9640173000,0.0000000000,
4017003,1,1.0000000000,3.1196140000,-0.0322998100,0.0013058930,-0.0250546900,0.2372592000,0.0836793000,0.9678356000,1,1.0000000000,3.2109380000,0.0344351800,-0.0016488500,-0.0263897900,0.2309743000,0.0898292700,0.9688042000,-0.0017853240,-0.0000451508,-0.0256651600,0.2343927000,0.0864877300,0.9682871000,0.0000000000,
4017011,1,1.0000000000,3.0235900000,-0.0323631800,0.0012961270,-0.0250255300,0.2239546000,0.0772557000,0.9715328000,1,1.0000000000,3.2919160000,0.0343650800,-0.0016434630,-0.0263618500,0.2254495000,0.0850070600,0.9705392000,-0.0012402650,-0.0000749207,-0.0256488000,0.2246567000,0.0808721600,0.9710763000,0.0000000000,
4017020,1,1.0000000000,3.1394350000,-0.0324620700,0.0012824100,-0.0249823000,0.2193618000,0.0917516900,0.9713197000,1,1.0000000000,3.1986540000,0.0342866100,-0.0016271060,-0.0263385900,0.2105581000,0.0849159800,0.9738864000,0.0044086610,-0.0003247376,-0.0257314900,0.2144946000,0.0879676300,0.9727557000,0.0000000000,
4017028,1,1.0000000000,3.1222690000,-0.0325118000,0.0012592620,-0.0248789100,0.2004882000,0.0922712800,0.9753412000,1,1.0000000000,3.2383730000,0.0341987300,-0.0016311490,-0.0262723100,0.1979701000,0.0851909400,0.9764990000,0.0052282720,-0.0003759308,-0.0256671900,0.1990673000,0.0882573400,0.9760035000,0.0000000000,
4017036,1,1.0000000000,3.1722720000,-0.0326186100,0.0012255400,-0.0247465500,0.1955727000,0.0966953600,0.9759105000,1,1.0000000000,3.2617490000,0.0341186100,-0.0016311040,-0.0262079200,0.1879432000,0.0868075800,0.9783363000,0.0119617200,-0.0006826935,-0.0257227500,0.1904774000,0.0900888200,0.9775491000,0.0000000000,
4017045,1,0.9934657000,3.0754240000,-0.0326785300,0.0011441800,-0.0244342500,0.1813980000,0.1017923000,0.9781274000,1,0.9934657000,3.2505800000,0.0340401900,-0.0016603850,-0.0260667600,0.1806499000,0.0872960400,0.9796658000,0.0260734400,-0.0013254850,-0.0258718300,0.1807434000,0.0890212600,0.9794933000,0.0000000000,
4017053,1,0.9934657000,3.1217190000,-0.0327699600,0.0010141140,-0.0239644300,0.1751575000,0.1119091000,0.9781596000,1,0.9934657000,3.2254330000,0.0339746300,-0.0016483310,-0.0261043700,0.1691303000,0.0871744300,0.9817309000,0.0335638900,-0.0016319430,-0.0260912000,0.1691751000,0.0873264900,0.9817097000,0.0000000000,
4017061,1,1.0000000000,3.1148380000,-0.0328509100,0.0009992523,-0.0238992200,0.1658496000,0.1135266000,0.9795946000,1,1.0000000000,3.1292270000,0.0338956600,-0.0016123050,-0.0261582500,0.1622941000,0.0857247500,0.9830117000,0.0338764000,-0.0016115570,-0.0261575900,0.1622941000,0.0857247500,0.9830117000,0.0000000000,
4017070,1,1.0000000000,3.0396420000,-0.0329352700,0.0009838410,-0.0238299900,0.1601590000,0.1086292000,0.9810957000,1,1.0000000000,3.2299350000,0.0338332400,-0.0015674900,-0.0262985800,0.1422589000,0.0814368400,0.9864737000,0.0338319900,-0.0015674440,-0.0262985400,0.1422589000,0.0814368400,0.9864737000,0.0000000000,
4017078,1,1.0000000000,3.0843350000,-0.0330204000,0.0009541779,-0.0237092900,0.1419222000,0.1160738000,0.9830489000,1,1.0000000000,3.2124790000,0.0337582400,-0.0015273290,-0.0264486600,0.1302658000,0.0873728800,0.9876217000,0.0337578600,-0.0015273130,-0.0264486400,0.1302658000,0.0873728800,0.9876217000,0.0000000000,
4017086,1,1.0000000000,3.1188350000,-0.0331028900,0.0009198457,-0.0235887000,0.1340341000,0.1130836000,0.9845034000,1,1.0000000000,3.2348790000,0.0336742900,-0.0014994360,-0.0265191800,0.1201333000,0.0963141600,0.9880747000,0.0336740300,-0.0014994200,-0.0265191800,0.1201333000,0.0963141600,0.9880747000,0.0000000000,
4017095,1,1.0000000000,3.0659480000,-0.0331997800,0.0008827668,-0.0234648100,0.1184097000,0.1091170000,0.9869512000,1,1.0000000000,3.0761570000,0.0335869000,-0.0015168310,-0.0264453100,0.0922097000,0.0942849100,0.9912657000,0.0335862900,-0.0015168150,-0.0264452800,0.0922097000,0.0942849100,0.9912657000,0.0000000000,
4017103,1,1.0000000000,3.0335540000,-0.0332848800,0.0009517212,-0.0236423600,0.1014863000,0.1136170000,0.9883277000,1,1.0000000000,3.2095790000,0.0335037600,-0.0014154660,-0.0267466000,0.0803074400,0.0879826500,0.9928795000,0.0334633700,-0.0014140320,-0.0267447200,0.0803225000,0.0879976900,0.9928770000,0.0000000000,
4017111,1,1.0000000000,3.0617680000,-0.0333777500,0.0009299622,-0.0235517300,0.0868999100,0.1091780000,0.9902164000,1,1.0000000000,3.1915740000,0.0333975900,-0.0015877380,-0.0261289400,0.0704500400,0.0905611800,0.9933959000,0.0319996200,-0.0015350340,-0.0260749800,0.0708009800,0.0909579000,0.9933348000,0.0000000000,
4017120,1,1.0000000000,3.1015320000,-0.0334598700,0.0010321960,-0.0238446800,0.0738076900,0.1130691000,0.9908420000,1,1.0000000000,3.1966400000,0.0333047200,-0.0015781400,-0.0261440900,0.0640872900,0.0832371800,0.9944668000,0.0074807440,-0.0005684815,-0.0252547000,0.0678560300,0.0947878700,0.9931822000,0.0000000000,
4017128,1,1.0000000000,3.0198520000,-0.0335452700,0.0010429990,-0.0237665400,0.0606546100,0.1106737000,0.9920042000,1,1.0000000000,3.2380220000,0.0331996500,-0.0015832210,-0.0260455500,0.0467837900,0.0787511900,0.9957959000,-0.0232316400,0.0006371766,-0.0241187000,0.0585180100,0.1057444000,0.9926700000,0.0000000000,
4017136,1,1.0000000000,2.9728700000,-0.0336263100,0.0011600650,-0.0241197400,0.0527502100,0.1054699000,0.9930224000,1,1.0000000000,3.2844390000,0.0330890000,-0.0016347350,-0.0259464400,0.0398257900,0.0922096700,0.9949428000,-0.0231858400,0.0007227021,-0.0244056100,0.0507209500,0.1033951000,0.9933463000,0.0000000000,
4017145,1,1.0000000000,2.9918980000,-0.0337195400,0.0011115720,-0.0238971700,0.0342106600,0.1041731000,0.9939706000,1,1.0000000000,3.2590640000,0.0329998700,-0.0015050660,-0.0262468300,0.0196230700,0.0823222900,0.9964125000,-0.0206137900,0.0005975800,-0.0243587200,0.0313419800,0.0998854000,0.9945052000,0.0000000000,
4017153,1,1.0000000000,3.0780490000,-0.0338050200,0.0012260130,-0.0242015100,0.0178833700,0.1051335000,0.9942973000,1,1.0000000000,3.2157290000,0.0329106500,-0.0015944520,-0.0260481900,0.0072022620,0.1002671000,0.9949345000,-0.0129234500,0.0003432160,-0.0247795100,0.0145416800,0.1036228000,0.9945104000,0.0000000000,
4017161,1,1.0000000000,3.0892490000,-0.0338519900,0.0012578890,-0.0242750400,-0.0059509900,0.0999461200,0.9949750000,1,1.0000000000,3.1818240000,0.0328149000,-0.0015182190,-0.0262998400,-0.0089417810,0.1032730000,0.9946129000,0.0167233600,-0.0008481293,-0.0258111100,-0.0082245930,0.1024641000,0.9947027000,0.0000000000,
4017170,1,1.0000000000,3.1339260000,-0.0340186300,0.0014034580,-0.0248769700,0.0016327090,0.1076977000,0.9941823000,1,1.0000000000,3.1296390000,0.0327403700,-0.0016161960,-0.0259767300,-0.0200197500,0.1187910000,0.9927174000,0.0319372700,-0.0015798650,-0.0259635000,-0.0197604400,0.1186695000,0.9927372000,0.0000000000,
4017178,1,1.0000000000,3.1387330000,-0.0340975700,0.0013321690,-0.0246170400,-0.0122987200,0.1082775000,0.9940446000,1,1.0000000000,2.9800260000,0.0326562700,-0.0015256200,-0.0261981700,-0.0327914800,0.1156628000,0.9927471000,0.0324623600,-0.0015173190,-0.0261935700,-0.0327305600,0.1156480000,0.9927508000,0.0000000000,
4017186,1,1.0000000000,3.1834410000,-0.0341812400,0.0013396760,-0.0246137100,-0.0312046600,0.0979322700,0.9947038000,1,1.0000000000,3.1158750000,0.0325851300,-0.0016521300,-0.0258179300,-0.0480658300,0.1165787000,0.9920177000,0.0325273200,-0.0016495360,-0.0258169000,-0.0480499600,0.1165620000,0.9920204000,0.0000000000,
4017195,1,1.0000000000,3.2114870000,-0.0342693500,0.0013103640,-0.0245187200,-0.0405888300,0.1071026000,0.9934192000,1,1.0000000000,2.9983220000,0.0324760600,-0.0015151520,-0.0262289400,-0.0576637500,0.1129471000,0.9919263000,0.0322495000,-0.0015055540,-0.0262231300,-0.0576021400,0.1129307000,0.9919317000,0.0000000000,
4017203,1,1.0000000000,3.2017210000,-0.0343539300,0.0012854160,-0.0244370900,-0.0573123200,0.1099402000,0.9922844000,1,1.0000000000,3.1715850000,0.0323943800,-0.0016005550,-0.0259569600,-0.0703890800,0.1129155000,0.9911082000,0.0317706600,-0.0015735780,-0.0259427700,-0.0702678600,0.1128863000,0.9911202000,0.0000000000,
4017211,1,1.0000000000,3.2612610000,-0.0346062500,0.0020004430,-0.0268580300,-0.0572054300,0.0877841700,0.9944956000,1,1.0000000000,3.0885010000,0.0322136800,-0.0015498660,-0.0260872100,-0.0883340000,0.1097118000,0.9900305000,0.0322129700,-0.0015498350,-0.0260872200,-0.0883340000,0.1097118000,0.9900305000,0.0000000000,
4017220,1,1.0000000000,3.0488130000,-0.0348196700,0.0018451080,-0.0263061700,-0.1147474000,0.1026318000,0.9880788000,1,1.0000000000,3.0573430000,0.0319038400,-0.0013004760,-0.0267872300,-0.1328588000,0.0968326900,0.9863934000,0.0319038400,-0.0013004760,-0.0267872300,-0.1328588000,0.0968326900,0.9863934000,0.0000000000,
4017228,1,1.0000000000,3.2508540000,-0.0350083500,0.0014633640,-0.0248450000,-0.1743027000,0.1317456000,0.9758390000,1,1.0000000000,3.1067500000,0.0316381700,-0.0014127350,-0.0263571800,-0.1756301000,0.1058205000,0.9787523000,0.0316381400,-0.0014127200,-0.0263571800,-0.1756301000,0.1058205000,0.9787523000,0.0000000000,
4017236,1,1.0000000000,3.1916810000,-0.0352129200,0.0014728850,-0.0248136000,-0.2076452000,0.1341271000,0.9689651000,1,1.0000000000,3.1756130000,0.0314138200,-0.0013990780,-0.0263682600,-0.2057962000,0.1181188000,0.9714401000,0.0314137500,-0.0013990780,-0.0263682600,-0.2057962000,0.1181188000,0.9714401000,0.0000000000,
4017245,1,1.0000000000,3.1779630000,-0.0353031500,0.0014879760,-0.0248288600,-0.2272363000,0.1310897000,0.9649763000,1,1.0000000000,3.1607670000,0.0312803100,-0.0014085850,-0.0264020100,-0.2223855000,0.1190054000,0.9676685000,0.0312800800,-0.0014085690,-0.0264020100,-0.2223855000,0.1190054000,0.9676685000,0.0000000000,
4017253,1,1.0000000000,3.1777800000,-0.0353735500,0.0014727330,-0.0248386500,-0.2326832000,0.1344158000,0.9632190000,1,1.0000000000,3.1582030000,0.0311946300,-0.0014434820,-0.0264167500,-0.2214221000,0.1226817000,0.9674304000,0.0311944600,-0.0014434660,-0.0264167500,-0.2214221000,0.1226817000,0.9674304000,0.0000000000,
4017261,1,0.9627765000,3.1208650000,-0.0354570600,0.0014699250,-0.0248534500,-0.2409698000,0.1295335000,0.9618496000,1,0.9627765000,3.1323850000,0.0311548900,-0.0014521490,-0.0264402800,-0.2319669000,0.1305405000,0.9639246000,0.0311545900,-0.0014521330,-0.0264402800,-0.2319669000,0.1305405000,0.9639246000,0.0000000000,
4017270,1,0.9627765000,3.2472230000,-0.0355078600,0.0014548490,-0.0248668100,-0.2506284000,0.1307845000,0.9592085000,1,0.9627765000,3.1061400000,0.0311239300,-0.0014538880,-0.0264538400,-0.2446756000,0.1286473000,0.9610326000,0.0311238600,-0.0014538880,-0.0264538400,-0.2446756000,0.1286473000,0.9610326000,0.0000000000,
4017278,1,0.9618609000,3.2648160000,-0.0355660300,0.0014493100,-0.0248737700,-0.2459590000,0.1292280000,0.9606270000,1,0.9618609000,3.2053220000,0.0310846100,-0.0014466100,-0.0264667200,-0.2533901000,0.1318373000,0.9583384000,0.0310845400,-0.0014465940,-0.0264667200,-0.2533901000,0.1318373000,0.9583384000,0.0000000000,
4017286,1,0.9618609000,3.1800690000,-0.0356222500,0.0014508360,-0.0248914200,-0.2520005000,0.1333016000,0.9585022000,1,0.9618609000,3.2759250000,0.0310544400,-0.0014322510,-0.0264756500,-0.2601812000,0.1328754000,0.9563733000,0.0310544100,-0.0014322510,-0.0264756500,-0.2601812000,0.1328754000,0.9563733000,0.0000000000,
4017295,1,0.9688033000,3.1620330000,-0.0356580700,0.0014537660,-0.0249000600,-0.2553290000,0.1339283000,0.9575335000,1,0.9688033000,3.1726530000,0.0310167100,-0.0014373020,-0.0264752100,-0.2586387000,0.1306316000,0.9571005000,0.0308300800,-0.0014292140,-0.0264708000,-0.2586240000,0.1306471000,0.9571024000,0.0000000000,
4017303,1,0.9688033000,3.1637270000,-0.0357044500,0.0014626010,-0.0249201700,-0.2594168000,0.1377269000,0.9558945000,1,0.9688033000,3.1988830000,0.0309912100,-0.0014445800,-0.0264914300,-0.2670027000,0.1375602000,0.9538274000,-0.0056176460,0.0001511536,-0.0256289700,-0.2628367000,0.1376516000,0.9549706000,0.0000000000,
4017311,1,0.9679546000,3.1582490000,-0.0357408900,0.0014661260,-0.0249297500,-0.2695024000,0.1303414000,0.9541381000,1,0.9679546000,3.1631470000,0.0309710400,-0.0014442750,-0.0264905400,-0.2724329000,0.1315930000,0.9531336000,-0.0015089720,-0.0000272827,-0.0257306400,-0.2710138000,0.1309827000,0.9536220000,0.0000000000,
4017320,1,0.9679546000,3.1943510000,-0.0357672400,0.0014619290,-0.0249312100,-0.2687420000,0.1284810000,0.9546048000,1,0.9679546000,3.1373140000,0.0309483200,-0.0014448400,-0.0264889700,-0.2728740000,0.1295934000,0.9532813000,-0.0009628907,-0.0000544739,-0.0257438700,-0.2708935000,0.1290609000,0.9539182000,0.0000000000,
4017328,1,0.9808903000,3.2161250000,-0.0357860000,0.0014707490,-0.0249528200,-0.2812539000,0.1355610000,0.9500102000,1,0.9808903000,3.1542970000,0.0309038700,-0.0014499970,-0.0265090000,-0.2682824000,0.1367047000,0.9535913000,0.0000153351,-0.0000971985,-0.0257882300,-0.2742932000,0.1361853000,0.9519542000,0.0000000000,
4017336,1,0.9808903000,3.2057340000,-0.0358131000,0.0014638060,-0.0249500900,-0.2806288000,0.1267110000,0.9514157000,1,0.9808903000,3.1403350000,0.0308831800,-0.0014570770,-0.0265105300,-0.2675366000,0.1333945000,0.9542694000,-0.0014004980,-0.0000432434,-0.0257552000,-0.2738812000,0.1301580000,0.9529155000,0.0000000000,
4017345,1,0.9647864000,3.1035460000,-0.0358279000,0.0014694670,-0.0249694500,-0.2894912000,0.1329963000,0.9478960000,1,0.9647864000,3.1960600000,0.0308803400,-0.0014600680,-0.0265140200,-0.2746311000,0.1326310000,0.9523585000,-0.0013412480,-0.0000450287,-0.0257679600,-0.2818163000,0.1328133000,0.9502317000,0.0000000000,
4017353,1,0.9647864000,3.1839750000,-0.0358324900,0.0014669190,-0.0249672000,-0.2841516000,0.1307537000,0.9498218000,1,0.9647864000,3.1414950000,0.0308789700,-0.0014630430,-0.0265175000,-0.2740678000,0.1324486000,0.9525462000,-0.0018636630,-0.0000249786,-0.0257565900,-0.2790232000,0.1316228000,0.9512210000,0.0000000000,
4017361,1,0.9611385000,3.1188510000,-0.0358371000,0.0014643860,-0.0249694500,-0.2877996000,0.1317155000,0.9485897000,1,0.9611385000,3.1414030000,0.0308795800,-0.0014665990,-0.0265179900,-0.2751028000,0.1346293000,0.9519419000,-0.0022195890,-0.0000124817,-0.0257497400,-0.2814069000,0.1331808000,0.9503015000,0.0000000000,
4017370,1,0.9611385000,3.1932830000,-0.0358391300,0.0014647670,-0.0249707000,-0.2858786000,0.1323419000,0.9490833000,1,0.9611385000,3.1426540000,0.0308801900,-0.0014701690,-0.0265184800,-0.2761718000,0.1340347000,0.9517162000,-0.0026137850,0.0000032043,-0.0257414700,-0.2810552000,0.1331804000,0.9504057000,0.0000000000,
4017378,1,0.9621818000,3.2532650000,-0.0358411700,0.0014643860,-0.0249719400,-0.2853748000,0.1324486000,0.9492199000,1,0.9621818000,3.1779330000,0.0308816800,-0.0014723510,-0.0265182800,-0.2756505000,0.1348422000,0.9517534000,-0.0030125280,0.0000194550,-0.0257327600,-0.2805966000,0.1336225000,0.9504791000,0.0000000000,
4017386,1,0.9621818000,3.2132420000,-0.0358391300,0.0014643100,-0.0249719600,-0.2849282000,0.1318668000,0.9494352000,1,0.9621818000,3.1532750000,0.0308831800,-0.0014745480,-0.0265180800,-0.2748753000,0.1348436000,0.9519773000,-0.0032592320,0.0000292816,-0.0257269100,-0.2800168000,0.1333174000,0.9506930000,0.0000000000,
4017395,1,0.9527617000,3.2445530000,-0.0358371000,0.0014643860,-0.0249719600,-0.2846702000,0.1317302000,0.9495314000,1,0.9527617000,3.0978700000,0.0309847000,-0.0014874420,-0.0264966600,-0.2833903000,0.1342030000,0.9495681000,-0.0018713990,-0.0000360260,-0.0257469600,-0.2840294000,0.1329967000,0.9495468000,0.0000000000,
4017403,1,0.9527617000,3.2332460000,-0.0358368700,0.0014643100,-0.0249719600,-0.2839238000,0.1305558000,0.9499171000,1,0.9527617000,3.1887360000,0.0310125400,-0.0014994050,-0.0265081800,-0.2848681000,0.1450357000,0.9475309000,-0.0044058990,0.0000708466,-0.0256942500,-0.2843813000,0.1373765000,0.9488177000,0.0000000000,
4017411,1,0.9629313000,3.2651980000,-0.0358043800,0.0014603420,-0.0249510700,-0.2734239000,0.1261299000,0.9535883000,1,0.9629313000,3.1961520000,0.0310382700,-0.0014994510,-0.0264968600,-0.2878002000,0.1378194000,0.9477219000,-0.0025979160,-0.0000100250,-0.0257189900,-0.2805799000,0.1319434000,0.9507186000,0.0000000000,
4017420,1,0.9629313000,3.0762630000,-0.0357916600,0.0014638220,-0.0249554300,-0.2678258000,0.1356524000,0.9538699000,1,0.9629313000,3.1422730000,0.0310559100,-0.0014969940,-0.0264859900,-0.2843514000,0.1327075000,0.9494910000,-0.0031199950,0.0000167236,-0.0257034900,-0.2759134000,0.1342182000,0.9517653000,0.0000000000,
4017428,1,0.9691151000,3.1701200000,-0.0357790100,0.0014687650,-0.0249538000,-0.2680861000,0.1333793000,0.9541173000,1,0.9691151000,3.2091670000,0.0310562500,-0.0014886480,-0.0264716100,-0.2727833000,0.1300974000,0.9532386000,-0.0017465520,-0.0000371399,-0.0257266600,-0.2704816000,0.1317007000,0.9536743000,0.0000000000,
4017436,1,0.9691151000,3.1679380000,-0.0357460800,0.0014711460,-0.0249407000,-0.2580889000,0.1310586000,0.9571905000,1,0.9691151000,3.1058500000,0.0310883000,-0.0014864350,-0.0264649800,-0.2683733000,0.1299904000,0.9545042000,-0.0017645260,-0.0000326080,-0.0257157100,-0.2633244000,0.1305102000,0.9558386000,0.0000000000,
4017445,1,0.9805179000,3.1489870000,-0.0357311100,0.0014738620,-0.0249403800,-0.2589445000,0.1317916000,0.9568588000,1,0.9805179000,3.0914310000,0.0311122000,-0.0014811400,-0.0264679700,-0.2659167000,0.1382456000,0.9540317000,-0.0016932830,-0.0000308685,-0.0257182600,-0.2625011000,0.1350882000,0.9554289000,0.0000000000,
4017453,1,0.9805179000,3.1573940000,-0.0357264900,0.0014761960,-0.0249384800,-0.2531769000,0.1338823000,0.9581111000,1,0.9805179000,3.2321470000,0.0311267300,-0.0014789430,-0.0264498000,-0.2604092000,0.1303419000,0.9566598000,-0.0020641170,-0.0000117798,-0.0256994600,-0.2568224000,0.1320962000,0.9573885000,0.0000000000,
4017461,1,0.9899979000,3.1633000000,-0.0357218500,0.0014785460,-0.0249365700,-0.2474851000,0.1301590000,0.9601092000,1,0.9899979000,3.1587520000,0.0311472800,-0.0014799500,-0.0264414200,-0.2537256000,0.1282666000,0.9587340000,-0.0023995510,0.0000042572,-0.0256864600,-0.2505959000,0.1292118000,0.9594300000,0.0000000000,
4017470,1,0.9899979000,3.1639100000,-0.0357169700,0.0014781950,-0.0249323600,-0.2472110000,0.1325549000,0.9598520000,1,0.9899979000,3.0609440000,0.0311573200,-0.0014751130,-0.0264363400,-0.2455765000,0.1311044000,0.9604706000,-0.0021964270,-0.0000021362,-0.0256862200,-0.2464027000,0.1318379000,0.9601586000,0.0000000000,
4017478,1,1.0000000000,3.3237920000,-0.0356442600,0.0014721680,-0.0249072400,-0.2408149000,0.1357426000,0.9610318000,1,1.0000000000,3.1565400000,0.0311672200,-0.0014754330,-0.0264303000,-0.2413500000,0.1286325000,0.9618751000,-0.0040395360,0.0000778198,-0.0256277000,-0.2410758000,0.1323864000,0.9614345000,0.0000000000,
4017486,1,1.0000000000,3.2178960000,-0.0356461000,0.0014620820,-0.0249070700,-0.2288686000,0.1352704000,0.9640130000,1,1.0000000000,3.1626280000,0.0312065000,-0.0014690400,-0.0264214200,-0.2341038000,0.1292897000,0.9635764000,-0.0039838410,0.0000738525,-0.0256242800,-0.2313555000,0.1324320000,0.9638134000,0.0000000000,
4017495,1,1.0000000000,3.1753080000,-0.0356022700,0.0014577330,-0.0249035400,-0.2250375000,0.1354223000,0.9648932000,1,1.0000000000,3.2920230000,0.0312561700,-0.0014793090,-0.0264071800,-0.2279541000,0.1236589000,0.9657874000,-0.0032547300,0.0000367279,-0.0256310400,-0.2264582000,0.1297316000,0.9653426000,0.0000000000,
4017503,1,1.0000000000,3.2408290000,-0.0355381200,0.0014548190,-0.0248921200,-0.2127399000,0.1338055000,0.9679038000,1,1.0000000000,3.0222930000,0.0313062900,-0.0014832610,-0.0264000700,-0.2177310000,0.1253529000,0.9679255000,-0.0026295170,0.0000083466,-0.0256345100,-0.2151983000,0.1296409000,0.9679272000,0.0000000000,
4017511,1,1.0000000000,3.2855070000,-0.0354909500,0.0014570470,-0.0248832400,-0.2070946000,0.1315780000,0.9694323000,1,1.0000000000,3.1108700000,0.0313450600,-0.0014867550,-0.0263909500,-0.2065750000,0.1276407000,0.9700693000,-0.0027523960,0.0000150604,-0.0256217700,-0.2068340000,0.1296546000,0.9697471000,0.0000000000,
4017520,1,1.0000000000,3.0790250000,-0.0354479100,0.0014572910,-0.0248901500,-0.1918826000,0.1328606000,0.9723832000,1,1.0000000000,3.1128690000,0.0313973400,-0.0014870150,-0.0263803700,-0.1979095000,0.1238422000,0.9723656000,-0.0028284910,0.0000205078,-0.0256173600,-0.1948256000,0.1284647000,0.9723887000,0.0000000000,
4017528,1,1.0000000000,3.1972050000,-0.0353626300,0.0014615940,-0.0248951400,-0.1856852000,0.1313484000,0.9737909000,1,1.0000000000,3.0252840000,0.0314673000,-0.0014859010,-0.0263640000,-0.1821466000,0.1146866000,0.9765601000,-0.0035980230,0.0000606232,-0.0255932900,-0.1840087000,0.1234303000,0.9751440000,0.0000000000,
4017536,1,1.0000000000,3.3006590000,-0.0353087500,0.0014889070,-0.0249606200,-0.1680776000,0.1283433000,0.9773832000,1,1.0000000000,3.1310420000,0.0315293700,-0.0014815220,-0.0263431400,-0.1787442000,0.1166247000,0.9769592000,-0.0033955690,0.0000706024,-0.0256207300,-0.1731734000,0.1227579000,0.9772111000,0.0000000000,
4017545,1,1.0000000000,3.2703700000,-0.0352363000,0.0015155030,-0.0250615900,-0.1635297000,0.1334544000,0.9774702000,1,1.0000000000,3.0505520000,0.0315969100,-0.0014515230,-0.0263996700,-0.1723187000,0.1107338000,0.9787973000,0.0020762640,-0.0001409607,-0.0258086400,-0.1684440000,0.1207749000,0.9782842000,0.0000000000,
4017553,1,1.0000000000,3.2235410000,-0.0351779300,0.0016832730,-0.0256397300,-0.1454015000,0.1221776000,0.9817999000,1,1.0000000000,3.1025090000,0.0316629300,-0.0014351040,-0.0264263600,-0.1640482000,0.1116950000,0.9801084000,0.0286884200,-0.0012963410,-0.0263913600,-0.1632254000,0.1121688000,0.9801916000,0.0000000000,
4017561,1,1.0000000000,3.1696620000,-0.0351423700,0.0019359130,-0.0265518200,-0.1138466000,0.1157540000,0.9867319000,1,1.0000000000,3.1364590000,0.0317356700,-0.0013988500,-0.0265582900,-0.1526808000,0.1052103000,0.9826593000,0.0317333100,-0.0013987280,-0.0265582900,-0.1526808000,0.1052103000,0.9826593000,0.0000000000,
4017570,1,1.0000000000,3.1944120000,-0.0350695400,0.0020084380,-0.0268172600,-0.1050735000,0.1161821000,0.9876544000,1,1.0000000000,3.1229860000,0.0318154800,-0.0014647670,-0.0263889500,-0.1414354000,0.1129164000,0.9834867000,0.0318154800,-0.0014647670,-0.0263889500,-0.1414354000,0.1129164000,0.9834867000,0.0000000000,
4017578,1,1.0000000000,3.0443120000,-0.0350011500,0.0020393520,-0.0269524500,-0.0905004700,0.1205147000,0.9885777000,1,1.0000000000,3.1138460000,0.0319206100,-0.0015074770,-0.0262428600,-0.1285876000,0.1157243000,0.9849229000,0.0319206100,-0.0015074770,-0.0262428600,-0.1285876000,0.1157243000,0.9849229000,0.0000000000,
4017586,1,1.0000000000,3.0919190000,-0.0349097900,0.0020050050,-0.0268193100,-0.0712593000,0.1178296000,0.9904737000,1,1.0000000000,3.0745390000,0.0319985800,-0.0014737850,-0.0263372200,-0.1141060000,0.1140602000,0.9868993000,0.0319985800,-0.0014737850,-0.0263372200,-0.1141060000,0.1140602000,0.9868993000,0.0000000000,
4017595,1,1.0000000000,3.2187960000,-0.0348111700,0.0020325320,-0.0268791800,-0.0546421700,0.1135568000,0.9920278000,1,1.0000000000,3.1870880000,0.0321050900,-0.0015271300,-0.0261797500,-0.1066441000,0.1139073000,0.9877511000,0.0321050900,-0.0015271300,-0.0261797500,-0.1066441000,0.1139073000,0.9877511000,0.0000000000,
4017603,1,1.0000000000,3.2666780000,-0.0346832900,0.0020010530,-0.0267297700,-0.0527198500,0.1047378000,0.9931015000,1,1.0000000000,3.1802670000,0.0322020300,-0.0015855100,-0.0260127400,-0.0939651200,0.1183948000,0.9885106000,0.0322020300,-0.0015855100,-0.0260127400,-0.0939651200,0.1183948000,0.9885106000,0.0000000000,
4017611,1,1.0000000000,3.2205050000,-0.0345901400,0.0020319520,-0.0267979100,-0.0410310100,0.1023715000,0.9938997000,1,1.0000000000,3.1584320000,0.0323027700,-0.0015987700,-0.0259775900,-0.0828251800,0.1186378000,0.9894772000,0.0323027500,-0.0015987700,-0.0259775900,-0.0828251800,0.1186378000,0.9894772000,0.0000000000,
4017620,1,1.0000000000,3.1969600000,-0.0344924600,0.0020455320,-0.0268556800,-0.0320741100,0.0991367700,0.9945568000,1,1.0000000000,3.1774290000,0.0323790500,-0.0015969540,-0.0259820700,-0.0634771800,0.1214611000,0.9905644000,0.0323732000,-0.0015966340,-0.0259821500,-0.0634771800,0.1214611000,0.9905644000,0.0000000000,
4017628,1,1.0000000000,3.2626950000,-0.0342855700,0.0011332250,-0.0238734400,-0.0514375600,0.1264805000,0.9906346000,1,1.0000000000,3.0759120000,0.0324699300,-0.0015178530,-0.0262175000,-0.0543374000,0.1209888000,0.9911656000,0.0324699100,-0.0015178530,-0.0262175000,-0.0543374000,0.1209888000,0.9911656000,0.0000000000,
4017636,1,1.0000000000,3.1790620000,-0.0342192400,0.0012436980,-0.0242186000,-0.0181581300,0.1234753000,0.9921815000,1,1.0000000000,3.1833190000,0.0325806300,-0.0016379090,-0.0258716100,-0.0410772900,0.1240559000,0.9914246000,0.0325806300,-0.0016379090,-0.0258716100,-0.0410772900,0.1240559000,0.9914246000,0.0000000000,
4017645,1,1.0000000000,3.2671200000,-0.0340514400,0.0012088470,-0.0239985200,-0.0276948500,0.1253974000,0.9917200000,1,1.0000000000,3.1820530000,0.0326582000,-0.0015399020,-0.0261574000,-0.0330967100,0.1199355000,0.9922298000,0.0326582000,-0.0015399020,-0.0261574000,-0.0330967100,0.1199355000,0.9922298000,0.0000000000,
4017653,1,1.0000000000,3.2044530000,-0.0339550600,0.0013087770,-0.0243307100,-0.0128937700,0.1250009000,0.9920728000,1,1.0000000000,3.0942380000,0.0327414100,-0.0015949560,-0.0259596100,-0.0104828300,0.1272894000,0.9918102000,0.0327414100,-0.0015949560,-0.0259596100,-0.0104828300,0.1272894000,0.9918102000,0.0000000000,
4017661,1,1.0000000000,3.0834350000,-0.0338904300,0.0011977840,-0.0240192600,0.0068512410,0.1302194000,0.9914615000,1,1.0000000000,3.1048740000,0.0328132000,-0.0014835510,-0.0262892300,-0.0032959380,0.1259475000,0.9920314000,0.0328132000,-0.0014835510,-0.0262892300,-0.0032959380,0.1259475000,0.9920314000,0.0000000000,
4017670,1,1.0000000000,3.1711880000,-0.0338208200,0.0011112670,-0.0238271200,0.0176240500,0.1343547000,0.9907766000,1,1.0000000000,3.0554200000,0.0328966800,-0.0015026250,-0.0262070600,0.0145570000,0.1260233000,0.9919205000,0.0328966800,-0.0015026250,-0.0262070600,0.0145570000,0.1260233000,0.9919205000,0.0000000000,
4017678,1,1.0000000000,2.9920200000,-0.0337230900,0.0011415560,-0.0239037000,0.0428470900,0.1201489000,0.9918308000,1,1.0000000000,3.1717070000,0.0329776500,-0.0015039830,-0.0262290800,0.0257111800,0.1196600000,0.9924819000,0.0329776500,-0.0015039830,-0.0262290800,0.0257111800,0.1196600000,0.9924819000,0.0000000000,
4017686,1,1.0000000000,3.0327300000,-0.0336344200,0.0011770630,-0.0240334300,0.0531161400,0.1227271000,0.9910180000,1,1.0000000000,3.1396180000,0.0330575900,-0.0014910890,-0.0262781700,0.0421147200,0.1215223000,0.9916948000,0.0330575900,-0.0014910890,-0.0262781700,0.0421147200,0.1215223000,0.9916948000,0.0000000000,
4017695,1,1.0000000000,3.0594790000,-0.0335563500,0.0011143190,-0.0238571600,0.0562138600,0.1186686000,0.9913414000,1,1.0000000000,3.2292790000,0.0331527900,-0.0016628570,-0.0257924700,0.0597689000,0.1166997000,0.9913672000,0.0331521600,-0.0016628270,-0.0257924500,0.0597689000,0.1166997000,0.9913672000,0.0000000000,
4017703,1,1.0000000000,3.0879970000,-0.0334901600,0.0010900270,-0.0237709500,0.0712901300,0.1190509000,0.9903255000,1,1.0000000000,3.1136020000,0.0332288100,-0.0016237950,-0.0259164300,0.0698704900,0.1095436000,0.9915232000,-0.0141692800,0.0003041382,-0.0243922400,0.0708774100,0.1163030000,0.9906816000,0.0000000000,
4017711,1,1.0000000000,3.1030430000,-0.0333964600,0.0010833590,-0.0237873800,0.0885321600,0.1223306000,0.9885329000,1,1.0000000000,3.1374510000,0.0333201000,-0.0015606230,-0.0260719800,0.0727698000,0.1049204000,0.9918147000,-0.0049465030,-0.0000441132,-0.0247616000,0.0818184500,0.1149151000,0.9900001000,0.0000000000,
4017720,1,1.0000000000,3.1388400000,-0.0333389600,0.0010044400,-0.0235885000,0.0937665200,0.1314715000,0.9868754000,1,1.0000000000,3.1346740000,0.0333835100,-0.0015782620,-0.0260491800,0.0881811000,0.1080634000,0.9902254000,0.0051343230,-0.0004847870,-0.0250073700,0.0905459100,0.1179813000,0.9888791000,0.0000000000,
4017728,1,1.0000000000,3.1487430000,-0.0332275000,0.0011037900,-0.0239075900,0.1103981000,0.1249704000,0.9859993000,1,1.0000000000,3.2511440000,0.0334691600,-0.0015631100,-0.0261129300,0.0997166800,0.1081091000,0.9891254000,0.0020157010,-0.0003054199,-0.0250729200,0.1047683000,0.1160752000,0.9876994000,0.0000000000,
4017736,1,1.0000000000,3.1353610000,-0.0331721000,0.0010352940,-0.0236667300,0.1183184000,0.1270313000,0.9848166000,1,1.0000000000,3.1193390000,0.0335296200,-0.0014955900,-0.0263422100,0.1063554000,0.1109942000,0.9881138000,-0.0149844400,0.0003451844,-0.0243962600,0.1150673000,0.1226662000,0.9857548000,0.0000000000,
4017745,1,1.0000000000,3.1350400000,-0.0331118200,0.0010823670,-0.0238988000,0.1310442000,0.1303423000,0.9827707000,1,1.0000000000,3.1838230000,0.0336122900,-0.0015163270,-0.0263166800,0.1195390000,0.1223772000,0.9852585000,-0.0199105700,0.0005682221,-0.0243771800,0.1287692000,0.1287692000,0.9832787000,0.0000000000,
4017753,1,1.0000000000,3.1411440000,-0.0330076000,0.0011575620,-0.0241556100,0.1329666000,0.1320815000,0.9822802000,1,1.0000000000,3.0559540000,0.0336658200,-0.0014788360,-0.0264493400,0.1158919000,0.1195998000,0.9860349000,-0.0196292300,0.0006285401,-0.0246158600,0.1295331000,0.1295788000,0.9830719000,0.0000000000,
4017761,1,1.0000000000,3.0518190000,-0.0329629900,0.0012202450,-0.0243588700,0.1422736000,0.1177984000,0.9827929000,1,1.0000000000,3.1003880000,0.0337052500,-0.0015270690,-0.0262642400,0.1399086000,0.1157691000,0.9833733000,-0.0005064697,-0.0001172333,-0.0252864700,0.1411155000,0.1168078000,0.9830780000,0.0000000000,
4017770,1,1.0000000000,3.1178130000,-0.0329133800,0.0012620550,-0.0245136000,0.1553052000,0.1170816000,0.9809037000,1,1.0000000000,3.0927890000,0.0337620300,-0.0015418850,-0.0262396700,0.1439835000,0.1265425000,0.9814560000,0.0269746300,-0.0012564550,-0.0260639700,0.1451430000,0.1255810000,0.9814087000,0.0000000000,
4017778,1,1.0000000000,3.0307620000,-0.0328543700,0.0012727200,-0.0245562500,0.1571966000,0.1170201000,0.9806098000,1,1.0000000000,3.2726590000,0.0338214900,-0.0015020290,-0.0263425000,0.1537650000,0.1105668000,0.9819019000,0.0334409500,-0.0014861910,-0.0263323100,0.1537791000,0.1106117000,0.9818946000,0.0000000000,
4017786,1,1.0000000000,3.1370850000,-0.0328134800,0.0012790680,-0.0246060800,0.1659413000,0.1179061000,0.9790616000,1,1.0000000000,3.1469120000,0.0338535800,-0.0015450590,-0.0262631200,0.1633305000,0.1114352000,0.9802578000,0.0338108100,-0.0015432440,-0.0262620600,0.1633305000,0.1114352000,0.9802578000,0.0000000000,
4017795,1,1.0000000000,3.1029660000,-0.0327787200,0.0012775570,-0.0246066500,0.1637443000,0.1174180000,0.9794900000,1,1.0000000000,3.1664890000,0.0338880500,-0.0015415040,-0.0262653800,0.1717990000,0.1148836000,0.9784104000,0.0338705900,-0.0015407720,-0.0262649400,0.1717990000,0.1148836000,0.9784104000,0.0000000000,
4017803,1,1.0000000000,3.0612030000,-0.0327330300,0.0012812810,-0.0246349800,0.1719082000,0.1214313000,0.9776001000,1,1.0000000000,3.1671300000,0.0339189000,-0.0015381010,-0.0262638600,0.1722116000,0.1115881000,0.9787192000,0.0338834100,-0.0015366060,-0.0262629900,0.1722113000,0.1116032000,0.9787176000,0.0000000000,
4017811,1,1.0000000000,3.0973050000,-0.0326931000,0.0012762150,-0.0246400200,0.1752947000,0.1204388000,0.9771214000,1,1.0000000000,3.2317660000,0.0339467200,-0.0015381620,-0.0262545600,0.1868140000,0.1043247000,0.9768403000,0.0338708300,-0.0015349580,-0.0262527300,0.1867989000,0.1043401000,0.9768415000,0.0000000000,
4017820,1,1.0000000000,3.1297450000,-0.0326606000,0.0012791750,-0.0246591300,0.1825726000,0.1258553000,0.9751039000,1,1.0000000000,3.2402040000,0.0339748600,-0.0015410770,-0.0262702500,0.1866633000,0.1092392000,0.9763317000,0.0330911600,-0.0015036620,-0.0262488900,0.1866025000,0.1094682000,0.9763177000,0.0000000000,
4017828,1,1.0000000000,2.9790800000,-0.0326386300,0.0012761690,-0.0246630400,0.1830002000,0.1266338000,0.9749230000,1,1.0000000000,3.2051090000,0.0340011900,-0.0015401310,-0.0262862300,0.1954985000,0.1130540000,0.9741659000,0.0258033000,-0.0011936650,-0.0260865300,0.1939557000,0.1147163000,0.9742799000,0.0000000000,
4017836,1,1.0000000000,2.9627530000,-0.0326246100,0.0012725830,-0.0246671800,0.1935892000,0.1168829000,0.9740953000,1,1.0000000000,3.2375180000,0.0340362700,-0.0015406650,-0.0262972900,0.2003658000,0.1104293000,0.9734777000,0.0153049600,-0.0007501526,-0.0258392300,0.1984584000,0.1122451000,0.9736608000,0.0000000000,
4017845,1,1.0000000000,3.0173030000,-0.0326199300,0.0012703550,-0.0246654800,0.1922625000,0.1183940000,0.9741756000,1,1.0000000000,3.2394100000,0.0340489500,-0.0015438390,-0.0262982200,0.1988986000,0.1166383000,0.9730543000,0.0056187440,-0.0003437500,-0.0256019500,0.1960629000,0.1173875000,0.9735397000,0.0000000000,
4017853,1,1.0000000000,3.0292660000,-0.0326152500,0.0012681430,-0.0246637700,0.1919434000,0.1194782000,0.9741061000,1,1.0000000000,3.1789700000,0.0340696600,-0.0015431670,-0.0262957000,0.1992974000,0.1096815000,0.9737816000,0.0026486820,-0.0002185211,-0.0255267700,0.1958342000,0.1143053000,0.9739524000,0.0000000000,
4017861,1,1.0000000000,2.9962160000,-0.0326137500,0.0012681430,-0.0246640600,0.1943546000,0.1185476000,0.9737416000,1,1.0000000000,3.1414180000,0.0340855400,-0.0015364840,-0.0263004600,0.2010213000,0.1137859000,0.9729559000,0.0016048580,-0.0001707001,-0.0255035900,0.1977702000,0.1161048000,0.9733482000,0.0000000000,
4017870,1,1.0000000000,3.0296170000,-0.0326122500,0.0012681430,-0.0246637700,0.1969636000,0.1185169000,0.9732210000,1,1.0000000000,3.2042850000,0.0340980600,-0.0015317230,-0.0263033500,0.2058132000,0.1138015000,0.9719517000,0.0004656372,-0.0001201477,-0.0254767500,0.2013567000,0.1161814000,0.9726034000,0.0000000000,
4017878,1,1.0000000000,3.0320130000,-0.0326117700,0.0012681430,-0.0246630100,0.2000757000,0.1192184000,0.9725002000,1,1.0000000000,3.1524510000,0.0340997500,-0.0015190890,-0.0262997900,0.2152727000,0.1104897000,0.9702833000,-0.0004376221,-0.0000760956,-0.0254524100,0.2074162000,0.1150227000,0.9714671000,0.0000000000,
4017886,1,1.0000000000,2.8182830000,-0.0326157100,0.0012945100,-0.0246584300,0.2092617000,0.1081557000,0.9718600000,1,1.0000000000,3.1812740000,0.0341265700,-0.0015045320,-0.0263181800,0.2144495000,0.1151747000,0.9699207000,-0.0007409974,-0.0000422516,-0.0254511000,0.2117487000,0.1114973000,0.9709433000,0.0000000000,
4017895,1,1.0000000000,2.9276580000,-0.0326320500,0.0013001710,-0.0246518400,0.2071705000,0.1091929000,0.9721920000,1,1.0000000000,3.2090910000,0.0341538400,-0.0014906620,-0.0263206600,0.2062858000,0.1143964000,0.9717817000,-0.0002929230,-0.0000512085,-0.0254599200,0.2067439000,0.1117110000,0.9719967000,0.0000000000,
4017903,1,1.0000000000,3.0445250000,-0.0326707200,0.0013158420,-0.0246600700,0.2152593000,0.1125659000,0.9700476000,1,1.0000000000,3.1833800000,0.0341976700,-0.0014651950,-0.0263220100,0.2217893000,0.1068739000,0.9692200000,-0.0008068543,-0.0000093536,-0.0254520000,0.2183715000,0.1098495000,0.9696633000,0.0000000000,
4017911,1,0.9394465000,2.7631990000,-0.0326411300,0.0013386690,-0.0246494600,0.2412145000,0.0850842600,0.9667348000,1,0.9394465000,3.2738950000,0.0342974900,-0.0014173890,-0.0263451700,0.2326085000,0.1161822000,0.9656060000,-0.0015225530,0.0000574188,-0.0254377600,0.2372465000,0.0995495200,0.9663354000,0.0000000000,
4017920,1,0.9394465000,2.7140200000,-0.0327276500,0.0013119350,-0.0246164100,0.2698704000,0.0739908200,0.9600496000,1,0.9394465000,3.2001340000,0.0343432600,-0.0013264160,-0.0263488000,0.2410755000,0.1136484000,0.9638292000,-0.0039841010,0.0001812439,-0.0253588300,0.2576016000,0.0910196400,0.9619547000,0.0000000000,
4017928,1,0.8965877000,-1.0000000000,-0.0327247000,0.0014077910,-0.0246013200,0.0000000000,0.0000000000,0.0000000000,1,0.8965877000,-1.0000000000,0.0343710300,-0.0012408910,-0.0263704100,0.0000000000,0.0000000000,0.0000000000,0.0010000000,-0.0010000000,-0.0010000000,0.5773503000,-0.5773503000,-0.5773503000,0.0000000000,
4017936,1,0.8965877000,-1.0000000000,-0.0339005000,-0.0013236080,-0.0185583300,0.0000000000,0.0000000000,0.0000000000,1,0.8965877000,-1.0000000000,0.0343929500,-0.0011704870,-0.0262220600,0.0000000000,0.0000000000,0.0000000000,0.0010000000,-0.0010000000,-0.0010000000,0.5773503000,-0.5773503000,-0.5773503000,0.0000000000,
4017945,1,0.6757987000,-1.0000000000,-0.0338906400,-0.0012997590,-0.0248235500,0.0000000000,0.0000000000,0.0000000000,1,0.6757987000,-1.0000000000,0.0340156700,-0.0024398650,-0.0263615000,0.0000000000,0.0000000000,0.0000000000,0.0010000000,-0.0010000000,-0.0010000000,0.5773503000,-0.5773503000,-0.5773503000,0.0000000000,
4017953,1,0.6757987000,-1.0000000000,-0.0333429000,-0.0005417481,-0.0247433000,0.0000000000,0.0000000000,0.0000000000,1,0.6757987000,-1.0000000000,0.0337683700,-0.0037645880,-0.0267903900,0.0000000000,0.0000000000,0.0000000000,0.0010000000,-0.0010000000,-0.0010000000,0.5773503000,-0.5773503000,-0.5773503000,0.0000000000,
4017961,1,0.4812287000,-1.0000000000,-0.0329275500,-0.0011743010,-0.0250185400,0.0000000000,0.0000000000,0.0000000000,1,0.4812287000,-1.0000000000,0.0338581100,-0.0031246040,-0.0268915600,0.0000000000,0.0000000000,0.0000000000,0.0010000000,-0.0010000000,-0.0010000000,0.5773503000,-0.5773503000,-0.5773503000,0.0000000000,
4017970,1,0.4812287000,-1.0000000000,-0.0328822800,-0.0011215210,-0.0250059100,0.0000000000,0.0000000000,0.0000000000,1,0.4812287000,-1.0000000000,0.0338581100,-0.0031246040,-0.0268915600,0.0000000000,0.0000000000,0.0000000000,0.0010000000,-0.0010000000,-0.0010000000,0.5773503000,-0.5773503000,-0.5773503000,0.0000000000,
4017978,1,0.4273567000,-1.0000000000,-0.0335874500,-0.0007121888,-0.0247730000,0.0000000000,0.0000000000,0.0000000000,1,0.4273567000,-1.0000000000,0.0338581100,-0.0031246040,-0.0268915600,0.0000000000,0.0000000000,0.0000000000,0.0010000000,-0.0010000000,-0.0010000000,0.5773503000,-0.5773503000,-0.5773503000,0.0000000000,
4017986,1,0.4273567000,-1.0000000000,-0.0335051900,-0.0000815582,-0.0246258200,0.0000000000,0.0000000000,0.0000000000,1,0.4273567000,-1.0000000000,0.0338581100,-0.0031246040,-0.0268915600,0.0000000000,0.0000000000,0.0000000000,0.0010000000,-0.0010000000,-0.0010000000,0.5773503000,-0.5773503000,-0.5773503000,0.0000000000,
4017995,1,0.4315190000,-1.0000000000,-0.0335051900,-0.0000815582,-0.0246258200,0.0000000000,0.0000000000,0.0000000000,1,0.4315190000,-1.0000000000,0.0338581100,-0.0031246040,-0.0268915600,0.0000000000,0.0000000000,0.0000000000,0.0010000000,-0.0010000000,-0.0010000000,0.5773503000,-0.5773503000,-0.5773503000,0.0000000000,
4018003,1,0.4315190000,-1.0000000000,-0.0335051900,-0.0000815582,-0.0246258200,0.0000000000,0.0000000000,0.0000000000,1,0.4315190000,-1.0000000000,0.0338581100,-0.0031246040,-0.0268915600,0.0000000000,0.0000000000,0.0000000000,0.0010000000,-0.0010000000,-0.0010000000,0.5773503000,-0.5773503000,-0.5773503000,0.0000000000,
4018011,1,0.4375281000,-1.0000000000,-0.0335051900,-0.0000815582,-0.0246258200,0.0000000000,0.0000000000,0.0000000000,1,0.4375281000,-1.0000000000,0.0338442700,-0.0025323490,-0.0262871900,0.0000000000,0.0000000000,0.0000000000,0.0010000000,-0.0010000000,-0.0010000000,0.5773503000,-0.5773503000,-0.5773503000,0.0000000000,
4018020,1,0.4375281000,-1.0000000000,-0.0333896800,0.0000500336,-0.0246130800,0.0000000000,0.0000000000,0.0000000000,1,0.4375281000,-1.0000000000,0.0334278000,0.0000912476,-0.0315897800,0.0000000000,0.0000000000,0.0000000000,0.0010000000,-0.0010000000,-0.0010000000,0.5773503000,-0.5773503000,-0.5773503000,0.0000000000,
4018028,1,0.4547477000,-1.0000000000,-0.0328706200,0.0000622253,-0.0246838200,0.0000000000,0.0000000000,0.0000000000,1,0.4547477000,-1.0000000000,0.0337202500,-0.0017572790,-0.0268086400,0.0000000000,0.0000000000,0.0000000000,0.0010000000,-0.0010000000,-0.0010000000,0.5773503000,-0.5773503000,-0.5773503000,0.0000000000,
4018036,1,0.4547477000,-1.0000000000,-0.0339964300,-0.0006343079,-0.0204082800,0.0000000000,0.0000000000,0.0000000000,1,0.4547477000,-1.0000000000,0.0332870500,0.0001639557,-0.0314346300,0.0000000000,0.0000000000,0.0000000000,0.0010000000,-0.0010000000,-0.0010000000,0.5773503000,-0.5773503000,-0.5773503000,0.0000000000,
4018045,1,0.5196614000,-1.0000000000,-0.0343908000,-0.0013367920,-0.0167854300,0.0000000000,0.0000000000,0.0000000000,1,0.5196614000,-1.0000000000,0.0335566700,0.0002432099,-0.0332328300,0.0000000000,0.0000000000,0.0000000000,0.0010000000,-0.0010000000,-0.0010000000,0.5773503000,-0.5773503000,-0.5773503000,0.0000000000,
4018053,1,0.5196614000,-1.0000000000,-0.0342327400,-0.0015628510,-0.0168916000,0.0000000000,0.0000000000,0.0000000000,1,0.5196614000,-1.0000000000,0.0339083400,-0.0008546601,-0.0244983100,0.0000000000,0.0000000000,0.0000000000,0.0010000000,-0.0010000000,-0.0010000000,0.5773503000,-0.5773503000,-0.5773503000,0.0000000000,
4018061,1,0.5786616000,-1.0000000000,-0.0343048100,-0.0012796630,-0.0174935600,0.0000000000,0.0000000000,0.0000000000,1,0.5786616000,-1.0000000000,0.0334651800,-0.0010000760,-0.0290692200,0.0000000000,0.0000000000,0.0000000000,0.0010000000,-0.0010000000,-0.0010000000,0.5773503000,-0.5773503000,-0.5773503000,0.0000000000,
4018070,1,0.5786616000,-1.0000000000,-0.0338077100,0.0003110657,-0.0233122400,0.0000000000,0.0000000000,0.0000000000,1,0.5786616000,-1.0000000000,0.0339051200,-0.0002435761,-0.0263436800,0.0000000000,0.0000000000,0.0000000000,0.0010000000,-0.0010000000,-0.0010000000,0.5773503000,-0.5773503000,-0.5773503000,0.0000000000,
4018078,1,0.6526145000,2.4922180000,-0.0336736900,0.0005534515,-0.0239742900,0.2710885000,0.1776586000,0.9460171000,1,0.6526145000,2.8953550000,0.0339055800,-0.0002422180,-0.0263669500,0.1885694000,0.2244736000,0.9560613000,-0.0170198700,0.0003573761,-0.0245639200,0.2509656000,0.1893496000,0.9492961000,0.0000000000,
4018086,1,0.6526145000,2.7488560000,-0.0331160300,0.0015019230,-0.0212589400,0.1520551000,-0.0942848700,0.9838647000,1,0.6526145000,3.3054500000,0.0338737500,-0.0002692413,-0.0264271900,0.2104829000,0.2659800000,0.9407187000,-0.0306133700,0.0014357610,-0.0214520100,0.1546042000,-0.0810253200,0.9846483000,0.0000000000,
4018095,1,0.7463453000,2.6923680000,-0.0329619800,0.0023718260,-0.0244986300,0.1853671000,0.1921421000,0.9637014000,1,0.7463453000,3.3368530000,0.0338407500,-0.0003143921,-0.0264311100,0.2026862000,0.2765095000,0.9393939000,-0.0266439500,0.0021177670,-0.0246814000,0.1870607000,0.2001987000,0.9617321000,0.0000000000,
4018103,1,0.7463453000,2.8551180000,-0.0328865200,0.0023305210,-0.0245547200,0.2224460000,0.2137178000,0.9512321000,1,0.7463453000,3.5940700000,0.0339127400,-0.0003823700,-0.0264500900,0.2156408000,0.2776840000,0.9361573000,-0.0179567400,0.0017241820,-0.0249783500,0.2210104000,0.2281058000,0.9482206000,0.0000000000,
4018111,1,0.8018268000,3.0474550000,-0.0328859300,0.0022534030,-0.0245616200,0.2245068000,0.2211193000,0.9490537000,1,0.8018268000,3.2389220000,0.0339473000,-0.0004823609,-0.0263879900,0.2139164000,0.2296332000,0.9494780000,0.0020471040,0.0008234406,-0.0255162500,0.2189826000,0.2255745000,0.9492959000,0.0000000000,
4018119,1,0.8018268000,3.0350490000,-0.0329063700,0.0021742710,-0.0245669900,0.2480963000,0.2156557000,0.9444262000,1,0.8018268000,3.3324280000,0.0339690600,-0.0005656128,-0.0263816500,0.2171806000,0.2254814000,0.9497319000,0.0272928300,-0.0002920837,-0.0262005000,0.2202786000,0.2245206000,0.9492459000,0.0000000000,
4018128,1,0.8461097000,3.1903690000,-0.0327417000,0.0020942540,-0.0245951200,0.2332332000,0.2281519000,0.9452772000,1,0.8461097000,3.3194430000,0.0340541700,-0.0006823578,-0.0263889600,0.2212078000,0.2138225000,0.9514973000,0.0340541700,-0.0006823578,-0.0263889600,0.2212078000,0.2138225000,0.9514973000,0.0000000000,
4018136,1,0.8461097000,3.0943600000,-0.0326575000,0.0019683990,-0.0245677200,0.2422800000,0.1904609000,0.9513280000,1,0.8461097000,3.3927000000,0.0340993100,-0.0008177948,-0.0263795300,0.2203541000,0.2059802000,0.9534234000,0.0340993100,-0.0008177948,-0.0263795300,0.2203541000,0.2059802000,0.9534234000,0.0000000000,
4018144,1,0.8955814000,3.2558440000,-0.0326051200,0.0018695220,-0.0245888500,0.2504467000,0.2021365000,0.9467931000,1,0.8955814000,3.4227910000,0.0341851100,-0.0008878022,-0.0263992800,0.2363455000,0.1976794000,0.9513484000,0.0341851100,-0.0008878022,-0.0263992800,0.2363455000,0.1976794000,0.9513484000,0.0000000000,
4018153,1,0.8955814000,3.2561950000,-0.0325381200,0.0017698820,-0.0246000800,0.2516058000,0.2044097000,0.9459975000,1,0.8955814000,3.3382420000,0.0342274300,-0.0009944764,-0.0263899100,0.2499863000,0.1803753000,0.9513000000,0.0342274300,-0.0009944764,-0.0263899100,0.2499863000,0.1803753000,0.9513000000,0.0000000000,
4018161,1,0.9221117000,3.3074340000,-0.0324983500,0.0016541440,-0.0245900900,0.2580914000,0.1850006000,0.9482424000,1,0.9221117000,3.4633790000,0.0341994000,-0.0011002050,-0.0263634500,0.2635080000,0.1591973000,0.9514304000,0.0341994000,-0.0011002050,-0.0263634500,0.2635080000,0.1591973000,0.9514304000,0.0000000000,
4018169,1,0.9221117000,3.2897190000,-0.0324675900,0.0015792080,-0.0245783100,0.2783543000,0.1534138000,0.9481472000,1,0.9221117000,3.4121090000,0.0342813600,-0.0011265560,-0.0263868300,0.2669711000,0.1525745000,0.9515500000,-0.0054403840,0.0004836121,-0.0253105900,0.2737477000,0.1530790000,0.9495414000,0.0000000000,
4018178,1,0.9511571000,3.2782440000,-0.0323045500,0.0015149990,-0.0246263900,0.2866716000,0.1499048000,0.9462283000,1,0.9511571000,3.3873440000,0.0343310300,-0.0012087710,-0.0264203800,0.2985584000,0.1544978000,0.9418032000,-0.0024821320,0.0002959900,-0.0254292800,0.2919953000,0.1519639000,0.9442699000,0.0000000000,
4018186,1,0.9511571000,3.3219300000,-0.0322091100,0.0014664610,-0.0246419900,0.3020050000,0.1321577000,0.9441013000,1,0.9511571000,3.4303590000,0.0345330800,-0.0012787020,-0.0264455000,0.3073607000,0.1267865000,0.9431090000,0.0000237122,0.0001406860,-0.0255129900,0.3045987000,0.1295636000,0.9436275000,0.0000000000,
4018194,1,0.9903712000,3.3449860000,-0.0321140600,0.0014300230,-0.0246767100,0.3230622000,0.1328596000,0.9370055000,1,0.9903712000,3.3933560000,0.0346335900,-0.0013519290,-0.0264973500,0.3239188000,0.1363852000,0.9362028000,-0.0000385284,0.0000931397,-0.0255516200,0.3234734000,0.1345530000,0.9366218000,0.0000000000,
4018203,1,0.9903712000,3.4145200000,-0.0320484900,0.0013872070,-0.0247180300,0.3572701000,0.1319125000,0.9246389000,1,0.9903712000,3.4367520000,0.0347501200,-0.0013862760,-0.0265462200,0.3510482000,0.1369952000,0.9262815000,0.0015400540,-0.0000073853,-0.0256373000,0.3541460000,0.1344622000,0.9254732000,0.0000000000,
4018211,1,0.9980447000,3.4041600000,-0.0319836600,0.0013581390,-0.0247555900,0.3778722000,0.1318524000,0.9164211000,1,0.9980447000,3.5244140000,0.0347846400,-0.0013964390,-0.0265421900,0.3768372000,0.1022050000,0.9206236000,0.0010135800,-0.0000031738,-0.0256385400,0.3773988000,0.1172190000,0.9186021000,0.0000000000,
4018219,1,0.9980447000,3.3313750000,-0.0319479200,0.0013596650,-0.0247667200,0.3724533000,0.1463019000,0.9164466000,1,0.9980447000,3.4493410000,0.0348205900,-0.0013756260,-0.0265798200,0.3860505000,0.1224528000,0.9143141000,-0.0004181824,0.0000679779,-0.0256229100,0.3789115000,0.1350574000,0.9155247000,0.0000000000,
4018228,1,1.0000000000,3.2564700000,-0.0318874400,0.0013968350,-0.0247567500,0.3635006000,0.1382468000,0.9212791000,1,1.0000000000,3.5642240000,0.0348438000,-0.0013645480,-0.0265815700,0.3821276000,0.1253973000,0.9155621000,-0.0031853790,0.0002091217,-0.0255416300,0.3715410000,0.1327226000,0.9188808000,0.0000000000,
4018236,1,1.0000000000,3.3803860000,-0.0318842000,0.0014058530,-0.0247824400,0.3749135000,0.1520712000,0.9145022000,1,1.0000000000,3.5437010000,0.0348747700,-0.0013684080,-0.0265948300,0.3884162000,0.1261761000,0.9128047000,-0.0043389280,0.0002611695,-0.0255302600,0.3805243000,0.1414034000,0.9138963000,0.0000000000,
4018244,1,1.0000000000,3.3720400000,-0.0317711000,0.0014200900,-0.0247999000,0.3656347000,0.1453719000,0.9193358000,1,1.0000000000,3.6088560000,0.0349230400,-0.0013558200,-0.0266431400,0.4023762000,0.1463172000,0.9037061000,-0.0028331760,0.0002156525,-0.0255996700,0.3816571000,0.1458146000,0.9127300000,0.0000000000,
4018253,1,1.0000000000,3.2073670000,-0.0316820100,0.0014527740,-0.0248368400,0.3779031000,0.1517502000,0.9133242000,1,1.0000000000,3.5438840000,0.0349831400,-0.0013162840,-0.0266792000,0.4267791000,0.1407338000,0.8933384000,-0.0020130920,0.0002204132,-0.0256567700,0.3998019000,0.1468987000,0.9047537000,0.0000000000,
4018261,1,1.0000000000,3.2571720000,-0.0315833000,0.0014953610,-0.0248752000,0.3937733000,0.1519185000,0.9065668000,1,1.0000000000,3.4524230000,0.0350573100,-0.0012653810,-0.0267045000,0.4291271000,0.1467452000,0.8912439000,-0.0006522065,0.0002139587,-0.0257242600,0.4102537000,0.1495535000,0.8996253000,0.0000000000,
4018269,1,1.0000000000,3.4853970000,-0.0314684500,0.0015145260,-0.0249510700,0.4183082000,0.1658035000,0.8930439000,1,1.0000000000,3.5149840000,0.0351302800,-0.0012406310,-0.0267521200,0.4505834000,0.1491569000,0.8801857000,0.0006292267,0.0001866455,-0.0258190900,0.4339333000,0.1578078000,0.8870167000,0.0000000000,
4018278,1,0.9994278000,3.4752350000,-0.0314340900,0.0015415350,-0.0249905400,0.4336164000,0.1727477000,0.8843840000,1,0.9994278000,3.4741360000,0.0351889500,-0.0012429350,-0.0267742300,0.4490275000,0.1506829000,0.8807207000,0.0034186100,0.0000848694,-0.0259236500,0.4417169000,0.1612263000,0.8825487000,0.0000000000,
4018286,1,0.9994278000,3.5807500000,-0.0313666700,0.0015480500,-0.0250030700,0.4406168000,0.1630722000,0.8827595000,1,0.9994278000,3.5144960000,0.0352302300,-0.0012429810,-0.0267924200,0.4631989000,0.1459665000,0.8741513000,0.0070583650,-0.0000623169,-0.0260354800,0.4536921000,0.1532144000,0.8778889000,0.0000000000,
4018294,1,1.0000000000,3.4596410000,-0.0312948000,0.0015408330,-0.0250276000,0.4365880000,0.1700453000,0.8834453000,1,1.0000000000,3.6060180000,0.0352683100,-0.0012170560,-0.0268259900,0.4772110000,0.1494012000,0.8659959000,0.0105265500,-0.0001919251,-0.0261575300,0.4622409000,0.1571219000,0.8727233000,0.0000000000,
4018303,1,1.0000000000,3.5244140000,-0.0312631700,0.0015299840,-0.0250462300,0.4420361000,0.1713121000,0.8804864000,1,1.0000000000,3.5286560000,0.0352923000,-0.0012116550,-0.0268308900,0.4782164000,0.1473407000,0.8657944000,0.0128549000,-0.0002873688,-0.0262292300,0.4661306000,0.1554582000,0.8709506000,0.0000000000,
4018311,1,1.0000000000,3.5446620000,-0.0312830700,0.0015242160,-0.0250127900,0.4277820000,0.1672218000,0.8882789000,1,1.0000000000,3.7051090000,0.0352948500,-0.0012273560,-0.0268200100,0.4770726000,0.1392384000,0.8677640000,0.0119568000,-0.0002628174,-0.0261865100,0.4599829000,0.1491111000,0.8753180000,0.0000000000,
4018319,1,1.0000000000,3.5583800000,-0.0312907700,0.0015231170,-0.0250316500,0.4403434000,0.1698476000,0.8816175000,1,1.0000000000,3.6417690000,0.0353084900,-0.0012401730,-0.0268444800,0.4758511000,0.1528339000,0.8661452000,0.0105165700,-0.0002115173,-0.0261696500,0.4627424000,0.1592117000,0.8720786000,0.0000000000,
4018328,1,1.0000000000,3.4593350000,-0.0312933700,0.0015140690,-0.0250369600,0.4421014000,0.1716494000,0.8803880000,1,1.0000000000,3.5989990000,0.0353042900,-0.0012486110,-0.0268411100,0.4785647000,0.1512920000,0.8649200000,0.0091981360,-0.0001656494,-0.0261338800,0.4643933000,0.1593043000,0.8711837000,0.0000000000,
4018336,1,1.0000000000,3.4742740000,-0.0312938500,0.0015090330,-0.0250338600,0.4398547000,0.1686573000,0.8820899000,1,1.0000000000,3.7238620000,0.0353052200,-0.0012568970,-0.0268331900,0.4768704000,0.1480569000,0.8664143000,0.0051208500,-0.0000032959,-0.0260176900,0.4602093000,0.1574264000,0.8737416000,0.0000000000,
4018344,1,1.0000000000,3.4889530000,-0.0312933700,0.0015039980,-0.0250307600,0.4374306000,0.1657283000,0.8838487000,1,1.0000000000,3.7374270000,0.0353122700,-0.0012607880,-0.0268304100,0.4752253000,0.1466082000,0.8675638000,0.0047017520,0.0000098419,-0.0260033300,0.4579699000,0.1554287000,0.8752745000,0.0000000000,
4018353,1,1.0000000000,3.4992520000,-0.0312932800,0.0014991910,-0.0250280900,0.4367416000,0.1672381000,0.8839051000,1,1.0000000000,3.7058110000,0.0353158700,-0.0012622070,-0.0268298700,0.4757431000,0.1442885000,0.8676689000,0.0050819550,-0.0000088043,-0.0260120400,0.4581683000,0.1547573000,0.8752897000,0.0000000000,
4018361,1,1.0000000000,3.5095670000,-0.0312931800,0.0014943850,-0.0250265800,0.4360270000,0.1688260000,0.8839560000,1,1.0000000000,3.6759640000,0.0353194900,-0.0012636110,-0.0268304100,0.4736983000,0.1465926000,0.8684011000,0.0058398440,-0.0000430451,-0.0260321200,0.4571466000,0.1564666000,0.8755199000,0.0000000000,
4018369,1,1.0000000000,3.5118710000,-0.0312926800,0.0014908450,-0.0250275700,0.4359775000,0.1693128000,0.8838874000,1,1.0000000000,3.6785890000,0.0353240500,-0.0012657780,-0.0268307200,0.4740837000,0.1456630000,0.8683472000,0.0062946630,-0.0000645294,-0.0260449700,0.4576014000,0.1560230000,0.8753616000,0.0000000000,
4018378,1,1.0000000000,3.5143430000,-0.0312921800,0.0014872900,-0.0250285500,0.4358270000,0.1697562000,0.8838764000,1,1.0000000000,3.6743620000,0.0353286200,-0.0012679440,-0.0268308600,0.4744623000,0.1446397000,0.8683115000,0.0063288430,-0.0000685883,-0.0260463300,0.4577684000,0.1556260000,0.8753448000,0.0000000000,
4018386,1,1.0000000000,3.5169680000,-0.0312915800,0.0014837490,-0.0250291200,0.4354913000,0.1700613000,0.8839833000,1,1.0000000000,3.6784670000,0.0353292100,-0.0012687230,-0.0268309300,0.4749067000,0.1452659000,0.8679640000,0.0059839480,-0.0000563049,-0.0260372600,0.4576770000,0.1562364000,0.8752840000,0.0000000000,
4018394,1,1.0000000000,3.5202940000,-0.0312910000,0.0014802090,-0.0250296900,0.4355977000,0.1704274000,0.8838603000,1,1.0000000000,3.6750790000,0.0353298000,-0.0012694860,-0.0268310100,0.4753799000,0.1450829000,0.8677354000,0.0057591710,-0.0000489960,-0.0260314600,0.4578608000,0.1563740000,0.8751633000,0.0000000000,
4018403,1,1.0000000000,3.5354770000,-0.0312904800,0.0014765470,-0.0250296900,0.4356141000,0.1710840000,0.8837254000,1,1.0000000000,3.6786350000,0.0353327500,-0.0012704160,-0.0268311500,0.4761285000,0.1448085000,0.8673708000,0.0058571020,-0.0000550995,-0.0260341400,0.4583490000,0.1564808000,0.8748885000,0.0000000000,
4018411,1,1.0000000000,3.5207820000,-0.0312899800,0.0014728700,-0.0250296900,0.4354613000,0.1716332000,0.8836942000,1,1.0000000000,3.6085660000,0.0353594200,-0.0012686770,-0.0268464700,0.4717491000,0.1546048000,0.8680727000,0.0058148650,-0.0000533905,-0.0260411200,0.4557714000,0.1621880000,0.8751957000,0.0000000000,
4018419,1,1.0000000000,3.5329280000,-0.0312868800,0.0014720770,-0.0250291200,0.4356257000,0.1707774000,0.8837790000,1,1.0000000000,3.6354680000,0.0353861900,-0.0012435150,-0.0268463100,0.4715168000,0.1520707000,0.8686463000,0.0055407110,-0.0000279083,-0.0260328700,0.4555573000,0.1604788000,0.8756222000,0.0000000000,
4018428,1,1.0000000000,3.5482940000,-0.0312783500,0.0014682620,-0.0250309000,0.4366177000,0.1697398000,0.8834893000,1,1.0000000000,3.7169800000,0.0354104300,-0.0012474060,-0.0268630100,0.4729963000,0.1511397000,0.8680042000,0.0030824280,0.0000690308,-0.0259748800,0.4554622000,0.1602029000,0.8757221000,0.0000000000,
4018436,1,1.0000000000,3.5355530000,-0.0312967700,0.0015030520,-0.0250091300,0.4337208000,0.1615924000,0.8864390000,1,1.0000000000,3.6390840000,0.0354373300,-0.0012172390,-0.0268777000,0.4727249000,0.1553980000,0.8673999000,0.0026974030,0.0001173401,-0.0259609800,0.4536965000,0.1584802000,0.8769512000,0.0000000000,
4018444,1,1.0000000000,3.6593630000,-0.0313199600,0.0015284880,-0.0250158600,0.4414433000,0.1632867000,0.8823068000,1,1.0000000000,3.6118620000,0.0354748100,-0.0011874240,-0.0268742400,0.4686972000,0.1487606000,0.8707429000,0.0025650790,0.0001506958,-0.0259586000,0.4553310000,0.1559478000,0.8765580000,0.0000000000,
4018453,1,1.0000000000,3.6317900000,-0.0314260600,0.0015586850,-0.0249669500,0.4408801000,0.1444576000,0.8858650000,1,1.0000000000,3.6643070000,0.0354492700,-0.0011363980,-0.0268332400,0.4675963000,0.1293199000,0.8744313000,0.0047349860,0.0001013794,-0.0259760900,0.4553874000,0.1362927000,0.8797992000,0.0000000000,
4018461,1,0.9509285000,-1.0000000000,-0.0316151900,0.0016592710,-0.0247587400,0.0000000000,0.0000000000,0.0000000000,1,0.9509285000,-1.0000000000,0.0353869200,-0.0010483400,-0.0268170300,0.0000000000,0.0000000000,0.0000000000,0.0010000000,-0.0010000000,-0.0010000000,0.5773503000,-0.5773503000,-0.5773503000,0.0000000000,
4018469,1,0.9509285000,-1.0000000000,-0.0318087200,0.0012037660,-0.0247722900,0.0000000000,0.0000000000,0.0000000000,1,0.9509285000,-1.0000000000,0.0346729800,-0.0017744450,-0.0264899600,0.0000000000,0.0000000000,0.0000000000,0.0010000000,-0.0010000000,-0.0010000000,0.5773503000,-0.5773503000,-0.5773503000,0.0000000000,
4018478,1,0.7939267000,-1.0000000000,-0.0335321200,0.0004697723,-0.0244110700,0.0000000000,0.0000000000,0.0000000000,1,0.7939267000,-1.0000000000,0.0338752800,-0.0021963960,-0.0262725100,0.0000000000,0.0000000000,0.0000000000,0.0010000000,-0.0010000000,-0.0010000000,0.5773503000,-0.5773503000,-0.5773503000,0.0000000000,
4018486,1,0.7939267000,-1.0000000000,-0.0335142500,0.0001794128,-0.0244390900,0.0000000000,0.0000000000,0.0000000000,1,0.7939267000,-1.0000000000,0.0304881800,-0.0038584750,-0.0266488500,0.0000000000,0.0000000000,0.0000000000,0.0010000000,-0.0010000000,-0.0010000000,0.5773503000,-0.5773503000,-0.5773503000,0.0000000000,
4018494,1,0.5666994000,-1.0000000000,-0.0335142500,0.0001794128,-0.0244390900,0.0000000000,0.0000000000,0.0000000000,1,0.5666994000,-1.0000000000,0.0316510900,-0.0036036380,-0.0265579400,0.0000000000,0.0000000000,0.0000000000,0.0010000000,-0.0010000000,-0.0010000000,0.5773503000,-0.5773503000,-0.5773503000,0.0000000000,
4018503,1,0.5666994000,-1.0000000000,-0.0331259900,-0.0011145170,-0.0247926700,0.0000000000,0.0000000000,0.0000000000,1,0.5666994000,-1.0000000000,0.0316510900,-0.0036036380,-0.0265579400,0.0000000000,0.0000000000,0.0000000000,0.0010000000,-0.0010000000,-0.0010000000,0.5773503000,-0.5773503000,-0.5773503000,0.0000000000,
4018511,1,0.4357709000,-1.0000000000,-0.0337399300,-0.0008602600,-0.0246615100,0.0000000000,0.0000000000,0.0000000000,1,0.4357709000,-1.0000000000,0.0316510900,-0.0036036380,-0.0265579400,0.0000000000,0.0000000000,0.0000000000,0.0010000000,-0.0010000000,-0.0010000000,0.5773503000,-0.5773503000,-0.5773503000,0.0000000000,
4018519,1,0.4357709000,-1.0000000000,-0.0349144500,-0.0007735596,-0.0247575500,0.0000000000,0.0000000000,0.0000000000,1,0.4357709000,-1.0000000000,0.0316510900,-0.0036036380,-0.0265579400,0.0000000000,0.0000000000,0.0000000000,0.0010000000,-0.0010000000,-0.0010000000,0.5773503000,-0.5773503000,-0.5773503000,0.0000000000,
4018528,1,0.3982970000,-1.0000000000,-0.0349144500,-0.0007735596,-0.0247575500,0.0000000000,0.0000000000,0.0000000000,1,0.3982970000,-1.0000000000,0.0316510900,-0.0036036380,-0.0265579400,0.0000000000,0.0000000000,0.0000000000,0.0010000000,-0.0010000000,-0.0010000000,0.5773503000,-0.5773503000,-0.5773503000,0.0000000000,
4018536,1,0.3982970000,-1.0000000000,-0.0349144500,-0.0007735596,-0.0247575500,0.0000000000,0.0000000000,0.0000000000,1,0.3982970000,-1.0000000000,0.0316510900,-0.0036036380,-0.0265579400,0.0000000000,0.0000000000,0.0000000000,0.0010000000,-0.0010000000,-0.0010000000,0.5773503000,-0.5773503000,-0.5773503000,0.0000000000,
4018544,1,0.3418487000,-1.0000000000,-0.0349144500,-0.0007735596,-0.0247575500,0.0000000000,0.0000000000,0.0000000000,1,0.3418487000,-1.0000000000,0.0316510900,-0.0036036380,-0.0265579400,0.0000000000,0.0000000000,0.0000000000,0.0010000000,-0.0010000000,-0.0010000000,0.5773503000,-0.5773503000,-0.5773503000,0.0000000000,
4018553,1,0.3418487000,-1.0000000000,-0.0349144500,-0.0007735596,-0.0247575500,0.0000000000,0.0000000000,0.0000000000,1,0.3418487000,-1.0000000000,0.0316510900,-0.0036036380,-0.0265579400,0.0000000000,0.0000000000,0.0000000000,0.0010000000,-0.0010000000,-0.0010000000,0.5773503000,-0.5773503000,-0.5773503000,0.0000000000,
4018561,1,0.3971531000,-1.0000000000,-0.0349144500,-0.0007735596,-0.0247575500,0.0000000000,0.0000000000,0.0000000000,1,0.3971531000,-1.0000000000,0.0316510900,-0.0036036380,-0.0265579400,0.0000000000,0.0000000000,0.0000000000,0.0010000000,-0.0010000000,-0.0010000000,0.5773503000,-0.5773503000,-0.5773503000,0.0000000000,
4018569,1,0.4167429000,-1.0000000000,-0.0349144500,-0.0007735596,-0.0247575500,0.0000000000,0.0000000000,0.0000000000,1,0.4167429000,-1.0000000000,0.0316510900,-0.0036036380,-0.0265579400,0.0000000000,0.0000000000,0.0000000000,0.0010000000,-0.0010000000,-0.0010000000,0.5773503000,-0.5773503000,-0.5773503000,0.0000000000,
4018578,1,0.4167429000,-1.0000000000,-0.0334531100,-0.0000031128,-0.0244675300,0.0000000000,0.0000000000,0.0000000000,1,0.4167429000,-1.0000000000,0.0322063200,-0.0027631990,-0.0262528100,0.0000000000,0.0000000000,0.0000000000,0.0010000000,-0.0010000000,-0.0010000000,0.5773503000,-0.5773503000,-0.5773503000,0.0000000000,
4018586,1,0.4167429000,-1.0000000000,-0.0334600400,-0.0001401062,-0.0244900800,0.0000000000,0.0000000000,0.0000000000,1,0.4167429000,-1.0000000000,0.0325750400,0.0020361330,-0.0406147200,0.0000000000,0.0000000000,0.0000000000,0.0010000000,-0.0010000000,-0.0010000000,0.5773503000,-0.5773503000,-0.5773503000,0.0000000000,
4018594,1,0.5204227000,-1.0000000000,-0.0340057500,0.0021137700,-0.0260577700,0.0000000000,0.0000000000,0.0000000000,1,0.5204227000,-1.0000000000,0.0329970600,-0.0014606480,-0.0250591700,0.0000000000,0.0000000000,0.0000000000,0.0010000000,-0.0010000000,-0.0010000000,0.5773503000,-0.5773503000,-0.5773503000,0.0000000000,
4018603,1,0.5204227000,-1.0000000000,-0.0339132200,0.0018977050,-0.0250271200,0.0000000000,0.0000000000,0.0000000000,1,0.5204227000,-1.0000000000,0.0331599600,-0.0010230710,-0.0266395700,0.0000000000,0.0000000000,0.0000000000,0.0010000000,-0.0010000000,-0.0010000000,0.5773503000,-0.5773503000,-0.5773503000,0.0000000000,
4018611,1,0.6445444000,-1.0000000000,-0.0338845400,0.0018265230,-0.0249777800,0.0000000000,0.0000000000,0.0000000000,1,0.6445444000,-1.0000000000,0.0331388400,-0.0009770966,-0.0269063900,0.0000000000,0.0000000000,0.0000000000,0.0010000000,-0.0010000000,-0.0010000000,0.5773503000,-0.5773503000,-0.5773503000,0.0000000000,
4018619,1,0.6445444000,-1.0000000000,-0.0338544000,0.0017006530,-0.0246966300,0.0000000000,0.0000000000,0.0000000000,1,0.6445444000,-1.0000000000,0.0331393700,-0.0009611359,-0.0270194700,0.0000000000,0.0000000000,0.0000000000,0.0010000000,-0.0010000000,-0.0010000000,0.5773503000,-0.5773503000,-0.5773503000,0.0000000000,
4018628,1,0.7408514000,-1.0000000000,-0.0338993900,0.0018777470,-0.0253937700,0.0000000000,0.0000000000,0.0000000000,1,0.7408514000,-1.0000000000,0.0331610400,-0.0011374210,-0.0266180400,0.0000000000,0.0000000000,0.0000000000,0.0010000000,-0.0010000000,-0.0010000000,0.5773503000,-0.5773503000,-0.5773503000,0.0000000000,
4018636,1,0.7408514000,-1.0000000000,-0.0338662900,0.0016452330,-0.0246550300,0.0000000000,0.0000000000,0.0000000000,1,0.7408514000,-1.0000000000,0.0331610100,-0.0011447910,-0.0266611200,0.0000000000,0.0000000000,0.0000000000,0.0010000000,-0.0010000000,-0.0010000000,0.5773503000,-0.5773503000,-0.5773503000,0.0000000000,
4018644,1,0.7787951000,3.4406590000,-0.0338734300,0.0015687410,-0.0245412200,0.0332644100,0.0527347700,0.9980544000,1,0.7787951000,3.7801820000,0.0331703500,-0.0012837830,-0.0263661700,0.0293732800,0.0873263900,0.9957466000,-0.0338734300,0.0015687410,-0.0245412200,0.0332644100,0.0527347700,0.9980544000,0.0000000000,
4018653,1,0.7787951000,3.4741670000,-0.0338855900,0.0014870300,-0.0244370000,0.0363618200,0.0685884900,0.9969822000,1,0.7787951000,3.7674260000,0.0331711100,-0.0013246920,-0.0263230000,0.0347293900,0.0832681400,0.9959218000,-0.0338855900,0.0014870300,-0.0244370000,0.0363618200,0.0685884900,0.9969822000,0.0000000000,
4018661,1,0.8153449000,3.5589900000,-0.0338935600,0.0014456640,-0.0243799000,0.0323028900,0.0764161000,0.9965526000,1,0.8153449000,3.7303920000,0.0331749100,-0.0013686830,-0.0262370600,0.0285648600,0.0792705500,0.9964438000,-0.0338935600,0.0014456640,-0.0243799000,0.0323028900,0.0764161000,0.9965526000,0.0000000000,
4018669,1,0.8153449000,3.6527560000,-0.0338967900,0.0013446500,-0.0241616800,0.0233765100,0.0814820800,0.9964007000,1,0.8153449000,3.6421050000,0.0331852100,-0.0014407350,-0.0260547300,0.0253909400,0.0693978400,0.9972659000,0.0202057800,-0.0009017945,-0.0256884500,0.0250093700,0.0717474400,0.9971093000,0.0000000000,
4018678,1,0.8472282000,3.5663600000,-0.0338978900,0.0013019100,-0.0240426200,0.0294344300,0.0831610300,0.9961014000,1,0.8472282000,3.6055600000,0.0331908600,-0.0014684600,-0.0260407700,0.0284731400,0.0744330100,0.9968195000,0.0185620300,-0.0008643799,-0.0256050700,0.0286868300,0.0763405400,0.9966690000,0.0000000000,
4018686,1,0.8472282000,3.6260220000,-0.0338990100,0.0012928160,-0.0241192300,0.0240175500,0.0894020500,0.9957060000,1,0.8472282000,3.5886380000,0.0331712500,-0.0014488070,-0.0261954500,0.0282901100,0.0805520300,0.9963489000,0.0158393400,-0.0007403260,-0.0256589400,0.0271760900,0.0828405400,0.9961922000,0.0000000000,
4018694,1,0.8754880000,3.6320040000,-0.0339061300,0.0012760010,-0.0240770900,0.0251924400,0.0904547300,0.9955819000,1,0.8754880000,3.5717010000,0.0331744800,-0.0014771270,-0.0261517900,0.0257876000,0.0779731400,0.9966218000,0.0247640900,-0.0011319430,-0.0258916600,0.0257113300,0.0795296400,0.9965008000,0.0000000000,
4018703,1,0.8754880000,3.6259160000,-0.0338990100,0.0012928160,-0.0241192300,0.0237121700,0.0890656100,0.9957435000,1,0.8754880000,3.5746310000,0.0331772000,-0.0014965360,-0.0261096800,0.0246125900,0.0778050600,0.9966648000,0.0318228600,-0.0014402160,-0.0260694900,0.0245972700,0.0780337800,0.9966472000,0.0000000000,
4018711,1,0.8780903000,3.6173860000,-0.0339016000,0.0012760010,-0.0240770900,0.0242618000,0.0872204200,0.9958935000,1,0.8780903000,3.5750430000,0.0331783600,-0.0015159460,-0.0260748200,0.0236819100,0.0809030100,0.9964406000,0.0227200800,-0.0010806580,-0.0257633500,0.0237733000,0.0818942700,0.9963574000,0.0000000000,
4018719,1,0.8780903000,3.6265870000,-0.0339041900,0.0012591710,-0.0240349400,0.0245823100,0.0855116600,0.9960338000,1,0.8780903000,3.5724030000,0.0331777400,-0.0015190280,-0.0260787800,0.0230257100,0.0814978900,0.9964074000,0.0234022800,-0.0011141660,-0.0257809500,0.0232544300,0.0820771500,0.9963546000,0.0000000000,
4018728,1,0.8903406000,3.6175690000,-0.0339087200,0.0012568360,-0.0240307000,0.0255892300,0.0847633600,0.9960725000,1,0.8903406000,3.5701600000,0.0331783600,-0.0015221100,-0.0260748200,0.0221712800,0.0816965200,0.9964106000,0.0139580100,-0.0007259522,-0.0254891800,0.0231478000,0.0825660800,0.9963167000,0.0000000000,
4018736,1,0.8903406000,3.6080780000,-0.0339132700,0.0012544860,-0.0240264400,0.0265964500,0.0840313700,0.9961081000,1,0.8903406000,3.5707700000,0.0331791400,-0.0015223850,-0.0260712000,0.0211031300,0.0803078500,0.9965467000,0.0068802490,-0.0004338989,-0.0252697000,0.0232546600,0.0817727700,0.9963797000,0.0000000000,
4018744,1,0.8966390000,3.6178890000,-0.0339154700,0.0012451780,-0.0239750100,0.0269777600,0.0821539900,0.9962544000,1,0.8966390000,3.5691220000,0.0331799000,-0.0015226590,-0.0260675800,0.0200348600,0.0789492700,0.9966773000,0.0022047430,-0.0002448578,-0.0251015200,0.0232394600,0.0804302100,0.9964893000,0.0000000000,
4018753,1,0.8966390000,3.6274260000,-0.0339176800,0.0012358550,-0.0239235600,0.0272983500,0.0802928600,0.9963974000,1,0.8966390000,3.5653380000,0.0331841900,-0.0015429990,-0.0259760300,0.0207675000,0.0752726400,0.9969467000,0.0007705383,-0.0002006531,-0.0249845700,0.0239258000,0.0776978300,0.9966898000,0.0000000000,
4018761,1,0.9130549000,3.6228940000,-0.0339330000,0.0011771700,-0.0238410500,0.0301973400,0.0861364300,0.9958256000,1,0.9130549000,3.5616910000,0.0331884800,-0.0015633390,-0.0258844600,0.0196078600,0.0716259000,0.9972388000,0.0035384520,-0.0003527527,-0.0249818100,0.0242922800,0.0780343600,0.9966546000,0.0000000000,
4018769,1,0.9130549000,3.6181340000,-0.0339483400,0.0011184690,-0.0237585500,0.0330204400,0.0920574400,0.9952061000,1,0.9130549000,3.5664370000,0.0331841900,-0.0015710910,-0.0259200900,0.0211794300,0.0745857800,0.9969897000,0.0087066350,-0.0005904236,-0.0251319600,0.0254976200,0.0809637200,0.9963909000,0.0000000000,
4018778,1,0.9095775000,3.6239470000,-0.0339498000,0.0011162110,-0.0237541800,0.0331879500,0.0912783100,0.9952723000,1,0.9095775000,3.5626370000,0.0331799000,-0.0015788420,-0.0259308500,0.0209962700,0.0760809800,0.9968806000,0.0147749600,-0.0008399353,-0.0253340800,0.0243378300,0.0802461900,0.9964779000,0.0000000000,
4018786,1,0.9095775000,3.6296230000,-0.0339512600,0.0011139680,-0.0237498000,0.0333558100,0.0905459000,0.9953336000,1,0.9095775000,3.5610350000,0.0331791400,-0.0015797120,-0.0259158600,0.0212405300,0.0735026000,0.9970688000,0.0163758100,-0.0009054566,-0.0253736700,0.0242767800,0.0777741900,0.9966754000,0.0000000000,
4018794,1,0.9216285000,3.6189580000,-0.0339551100,0.0010936130,-0.0237031700,0.0339359100,0.0907449900,0.9952958000,1,0.9216285000,3.5607760000,0.0331783600,-0.0015805820,-0.0259012300,0.0214694300,0.0708933800,0.9972528000,0.0186840500,-0.0010032200,-0.0254266700,0.0241700400,0.0751804300,0.9968770000,0.0000000000,
4018803,1,0.9216285000,3.6196290000,-0.0339601900,0.0010768890,-0.0236827700,0.0336918500,0.0913098000,0.9952524000,1,0.9216285000,3.5602870000,0.0331779900,-0.0015814520,-0.0259010600,0.0213929100,0.0706332300,0.9972729000,0.0194816800,-0.0010391390,-0.0254485200,0.0238953900,0.0748600100,0.9969077000,0.0000000000,
4018811,1,1.0000000000,3.6179500000,-0.0339601900,0.0010767670,-0.0236554400,0.0336611700,0.0853583700,0.9957815000,1,1.0000000000,3.5717160000,0.0332188900,-0.0016256100,-0.0259188200,0.0245666900,0.0617524200,0.9977891000,0.0201473300,-0.0010997770,-0.0254784200,0.0263370000,0.0663460400,0.9974490000,0.0000000000,
4018819,1,1.0000000000,3.6510620000,-0.0338125000,0.0010261690,-0.0236289200,0.0553442700,0.0837869800,0.9949456000,1,1.0000000000,3.4617770000,0.0333353300,-0.0016592260,-0.0257955600,0.0574648000,0.0637361900,0.9963109000,0.0163406700,-0.0009795686,-0.0252472100,0.0569306200,0.0688172400,0.9960036000,0.0000000000,
4018828,1,1.0000000000,3.4576110000,-0.0337388200,0.0010017550,-0.0235239900,0.0747081900,0.0652018200,0.9950716000,1,1.0000000000,3.6787410000,0.0333797800,-0.0015859680,-0.0259692400,0.0602575400,0.0704810300,0.9956914000,0.0170736900,-0.0009572907,-0.0253751800,0.0637666800,0.0691988200,0.9955629000,0.0000000000,
4018836,1,1.0000000000,3.6038060000,-0.0337184100,0.0010609740,-0.0236351200,0.0592809200,0.0922859800,0.9939663000,1,1.0000000000,3.6068270000,0.0333857800,-0.0016389010,-0.0257412300,0.0411993300,0.0751353700,0.9963219000,0.0071855630,-0.0005847474,-0.0249189200,0.0482639000,0.0818487500,0.9954754000,0.0000000000,
4018844,1,0.9441223000,3.5994260000,-0.0337198800,0.0010534670,-0.0236107000,0.0661016000,0.0919349300,0.9935686000,1,0.9441223000,3.6083220000,0.0333751800,-0.0015805510,-0.0259094700,0.0618291400,0.0752264800,0.9952478000,0.0037174530,-0.0004162445,-0.0248933600,0.0637210400,0.0826115200,0.9945426000,0.0000000000,
4018853,1,0.9441223000,3.6554570000,-0.0337222100,0.0010450590,-0.0235890800,0.0632784800,0.0875858400,0.9941452000,1,0.9441223000,3.6301570000,0.0333741200,-0.0015902710,-0.0258755700,0.0570832900,0.0760195000,0.9954710000,0.0022357480,-0.0003672485,-0.0248144400,0.0599672600,0.0813906700,0.9948766000,0.0000000000,
4018861,1,1.0000000000,3.6001590000,-0.0337245500,0.0010366520,-0.0235674600,0.0646978000,0.0911109800,0.9937369000,1,1.0000000000,3.6095890000,0.0333745100,-0.0016000060,-0.0258416600,0.0520790000,0.0750590600,0.9958182000,0.0005335236,-0.0003095093,-0.0247285800,0.0582586200,0.0829170600,0.9948521000,0.0000000000,
4018869,1,1.0000000000,3.5971370000,-0.0337274200,0.0010345920,-0.0235624600,0.0663303700,0.0909582100,0.9936432000,1,1.0000000000,3.6109620000,0.0333748500,-0.0016020810,-0.0258424200,0.0518192700,0.0745092800,0.9958730000,-0.0023635410,-0.0001977997,-0.0246281300,0.0595556700,0.0832680700,0.9947460000,0.0000000000,
4018878,1,1.0000000000,3.6004030000,-0.0337302700,0.0010325320,-0.0235574700,0.0658266600,0.0908511700,0.9936866000,1,1.0000000000,3.6092830000,0.0333745100,-0.0016041720,-0.0258416600,0.0516817400,0.0738376000,0.9959303000,-0.0034995880,-0.0001552887,-0.0245864900,0.0594639100,0.0831914900,0.9947578000,0.0000000000,
4018886,1,1.0000000000,3.5969390000,-0.0337331300,0.0010309910,-0.0235512900,0.0644232300,0.0907906700,0.9937840000,1,1.0000000000,3.5978850000,0.0333742800,-0.0016047970,-0.0258404600,0.0511176400,0.0734873300,0.9959852000,-0.0042713320,-0.0001261749,-0.0245562900,0.0585945000,0.0831919800,0.9948094000,0.0000000000,
4018894,1,1.0000000000,3.6002200000,-0.0337359800,0.0010294340,-0.0235451100,0.0630350300,0.0906996500,0.9938813000,1,1.0000000000,3.6091000000,0.0333740700,-0.0016054230,-0.0258392500,0.0505679900,0.0733342600,0.9960246000,-0.0031229710,-0.0001724701,-0.0245916000,0.0573432900,0.0827800200,0.9949167000,0.0000000000,
4018903,1,1.0000000000,3.6122130000,-0.0337378100,0.0010283510,-0.0235417200,0.0631411500,0.0909122800,0.9938552000,1,1.0000000000,3.6101680000,0.0333735700,-0.0016063690,-0.0258339800,0.0513311000,0.0721290400,0.9960735000,-0.0037439730,-0.0001491699,-0.0245661900,0.0578616000,0.0825199300,0.9949083000,0.0000000000,
4018911,1,1.0000000000,3.6004180000,-0.0337396300,0.0010272680,-0.0235383300,0.0632177600,0.0908059100,0.9938601000,1,1.0000000000,3.6122440000,0.0333730700,-0.0016073150,-0.0258287200,0.0508426800,0.0731359400,0.9960251000,0.0003355255,-0.0003103943,-0.0247012300,0.0569310200,0.0818335700,0.9950187000,0.0000000000,
4018919,1,1.0000000000,3.5968020000,-0.0337405100,0.0010201870,-0.0235188600,0.0629887900,0.0891273000,0.9940265000,1,1.0000000000,3.6105350000,0.0333727400,-0.0016086880,-0.0258262200,0.0509344600,0.0721749500,0.9960906000,0.0001486511,-0.0003072663,-0.0246839800,0.0569003300,0.0805821000,0.9951226000,0.0000000000,
4018928,1,1.0000000000,3.6000060000,-0.0337414100,0.0010131070,-0.0234993800,0.0635385700,0.0874494500,0.9941405000,1,1.0000000000,3.6096500000,0.0333724200,-0.0016100460,-0.0258237300,0.0509953900,0.0734107900,0.9959971000,0.0017044830,-0.0003722992,-0.0247269800,0.0569154600,0.0800325900,0.9951661000,0.0000000000,
4018936,1,1.0000000000,3.5965580000,-0.0337423900,0.0010098270,-0.0234905300,0.0633394400,0.0863345100,0.9942507000,1,1.0000000000,3.6107330000,0.0333722400,-0.0016106110,-0.0258212600,0.0510261500,0.0722819600,0.9960781000,0.0025101320,-0.0004056091,-0.0247495000,0.0566870600,0.0787515200,0.9952813000,0.0000000000,
4018944,1,1.0000000000,3.5929720000,-0.0337433500,0.0010065460,-0.0234816700,0.0634317900,0.0852369400,0.9943395000,1,1.0000000000,3.6118320000,0.0333720600,-0.0016111760,-0.0258188000,0.0510719600,0.0711833500,0.9961549000,0.0033811340,-0.0004414215,-0.0247744500,0.0565954400,0.0774696900,0.9953871000,0.0000000000,
4018953,1,1.0000000000,3.5897830000,-0.0337445400,0.0010033880,-0.0234797700,0.0635233100,0.0851758600,0.9943389000,1,1.0000000000,3.6102600000,0.0333721600,-0.0016174170,-0.0258048300,0.0503545400,0.0711219700,0.9961958000,0.0035734100,-0.0004538117,-0.0247725400,0.0561987300,0.0773629000,0.9954178000,0.0000000000,
4018961,1,1.0000000000,3.5862580000,-0.0337457100,0.0010002290,-0.0234778400,0.0638894200,0.0850994200,0.9943220000,1,1.0000000000,3.6091610000,0.0333720600,-0.0016236570,-0.0257908600,0.0512703000,0.0710459900,0.9961545000,0.0032342380,-0.0004454498,-0.0247522600,0.0569466700,0.0773479800,0.9953765000,0.0000000000,
4018969,1,1.0000000000,3.5857240000,-0.0337473300,0.0009966736,-0.0234736800,0.0639196300,0.0835121000,0.9944546000,1,1.0000000000,3.5870210000,0.0333719000,-0.0016275020,-0.0257805200,0.0498205900,0.0701760800,0.9962897000,0.0021119230,-0.0004053192,-0.0247061300,0.0563820600,0.0763866300,0.9954829000,0.0000000000,
4018978,1,1.0000000000,3.5856930000,-0.0337502900,0.0009961091,-0.0234709000,0.0644991900,0.0834812100,0.9944198000,1,1.0000000000,3.5861660000,0.0333713700,-0.0016352540,-0.0257790900,0.0492859200,0.0707245400,0.9962776000,0.0007672730,-0.0003570709,-0.0246578800,0.0566865300,0.0769197300,0.9954246000,0.0000000000,
4018986,1,1.0000000000,3.5844120000,-0.0337510400,0.0009942170,-0.0234633000,0.0639503300,0.0799264700,0.9947473000,1,1.0000000000,3.5875550000,0.0333712800,-0.0016381840,-0.0257717800,0.0500038000,0.0708781400,0.9962308000,-0.0004847107,-0.0003104096,-0.0246073900,0.0570375700,0.0754397400,0.9955177000,0.0000000000,
4018994,1,1.0000000000,3.5753780000,-0.0337527500,0.0009836884,-0.0234471000,0.0633395100,0.0797427800,0.9948011000,1,1.0000000000,3.5812990000,0.0333709000,-0.0016407010,-0.0257717800,0.0491033500,0.0702675400,0.9963189000,-0.0015215300,-0.0002764740,-0.0245633600,0.0565036900,0.0751958300,0.9955666000,0.0000000000,
4019003,1,1.0000000000,3.5759120000,-0.0337558800,0.0009808656,-0.0234362200,0.0639501400,0.0797736300,0.9947595000,1,1.0000000000,3.5733490000,0.0333708000,-0.0016415250,-0.0257614300,0.0491795900,0.0697944400,0.9963484000,-0.0014024200,-0.0002830658,-0.0245569200,0.0568392800,0.0749668200,0.9955648000,0.0000000000,
4019011,1,1.0000000000,3.5850830000,-0.0337572400,0.0009766694,-0.0234344800,0.0642099700,0.0804303100,0.9946899000,1,1.0000000000,3.5706020000,0.0333707000,-0.0016431890,-0.0257587500,0.0492255900,0.0699168100,0.9963375000,-0.0006675110,-0.0003147431,-0.0245802000,0.0568246200,0.0752422700,0.9955449000,0.0000000000,
4019019,1,1.0000000000,3.5849910000,-0.0337587100,0.0009762879,-0.0234327400,0.0644997400,0.0804148700,0.9946724000,1,1.0000000000,3.5593720000,0.0333703200,-0.0016432040,-0.0257586200,0.0481722800,0.0694736700,0.9964200000,0.0003173218,-0.0003534088,-0.0246134000,0.0562135400,0.0748598400,0.9956084000,0.0000000000,
4019028,1,1.0000000000,3.5763090000,-0.0337588500,0.0009729004,-0.0234325600,0.0645148600,0.0809945300,0.9946244000,1,1.0000000000,3.5577090000,0.0333697200,-0.0016458590,-0.0257544300,0.0478212200,0.0697481700,0.9964178000,0.0009930725,-0.0003828125,-0.0246345700,0.0558784000,0.0751810200,0.9956030000,0.0000000000,
4019036,1,1.0000000000,3.5718540000,-0.0337610300,0.0009711151,-0.0234298000,0.0649422300,0.0811930400,0.9945804000,1,1.0000000000,3.5574490000,0.0333697200,-0.0016486210,-0.0257527300,0.0478365900,0.0690464300,0.9964659000,0.0011032710,-0.0003894348,-0.0246362000,0.0560613100,0.0748908200,0.9956146000,0.0000000000,
4019044,1,1.0000000000,3.5759280000,-0.0337612500,0.0009704438,-0.0234235400,0.0648043100,0.0810397100,0.9946019000,1,1.0000000000,3.5594330000,0.0333697200,-0.0016503300,-0.0257527300,0.0480808200,0.0692907000,0.9964372000,0.0010051880,-0.0003868256,-0.0246298100,0.0561531000,0.0749674400,0.9956037000,0.0000000000,
4019053,1,1.0000000000,3.5722660000,-0.0337630600,0.0009663697,-0.0234162800,0.0651402000,0.0814824600,0.9945438000,1,1.0000000000,3.5594330000,0.0333698300,-0.0016503300,-0.0257532200,0.0480501700,0.0693515500,0.9964345000,0.0008108063,-0.0003812409,-0.0246198100,0.0563513900,0.0752420100,0.9955718000,0.0000000000,
4019061,1,1.0000000000,3.5724180000,-0.0337643100,0.0009655305,-0.0234143500,0.0655676100,0.0816657800,0.9945006000,1,1.0000000000,3.5573730000,0.0333698300,-0.0016503300,-0.0257532200,0.0478212900,0.0688480100,0.9964803000,0.0005308380,-0.0003707581,-0.0246091500,0.0565040100,0.0751199700,0.9955723000,0.0000000000,
4019069,1,1.0000000000,3.5329130000,-0.0337643100,0.0009655305,-0.0234143500,0.0655070700,0.0814375100,0.9945233000,1,1.0000000000,3.5515290000,0.0333698300,-0.0016503300,-0.0257587500,0.0477757000,0.0679327500,0.9965453000,0.0005798035,-0.0003726654,-0.0246137000,0.0564430500,0.0745402300,0.9956194000,0.0000000000,
4019078,1,1.0000000000,3.5329280000,-0.0337643100,0.0009655305,-0.0234143500,0.0655222600,0.0814374300,0.9945224000,1,1.0000000000,3.5501400000,0.0333698300,-0.0016503300,-0.0257573300,0.0480352300,0.0690468300,0.9964563000,0.0007197266,-0.0003781281,-0.0246178500,0.0565498400,0.0750742600,0.9955732000,0.0000000000,
4019086,1,1.0000000000,3.5332030000,-0.0337643100,0.0009655305,-0.0234143500,0.0653384300,0.0822757600,0.9944655000,1,1.0000000000,3.5333860000,0.0333698300,-0.0016503300,-0.0257573300,0.0480347500,0.0689698400,0.9964616000,0.0007218933,-0.0003782044,-0.0246179200,0.0564426700,0.0754400000,0.9955516000,0.0000000000,
4019094,1,1.0000000000,3.5300140000,-0.0337643100,0.0009655305,-0.0234143500,0.0653232300,0.0822758400,0.9944664000,1,1.0000000000,3.5328670000,0.0333698300,-0.0016503300,-0.0257532200,0.0494388000,0.0692295800,0.9963750000,0.0006158600,-0.0003740692,-0.0246121200,0.0571906800,0.0756082700,0.9954962000,0.0000000000,
4019103,1,1.0000000000,3.5288700000,-0.0337644500,0.0009655305,-0.0234143500,0.0645758200,0.0822609300,0.9945165000,1,1.0000000000,3.4782100000,0.0333823700,-0.0016188200,-0.0257580700,0.0481569300,0.0743716300,0.9960672000,0.0004067230,-0.0003496399,-0.0246070700,0.0562134800,0.0782472100,0.9953479000,0.0000000000,
4019111,1,1.0000000000,3.3383640000,-0.0337535100,0.0012120510,-0.0239656500,0.0654908900,0.0733949700,0.9951503000,1,1.0000000000,3.3315580000,0.0334194200,-0.0016004940,-0.0258377500,0.0420534000,0.0673068000,0.9968457000,0.0240834400,-0.0012095950,-0.0255775600,0.0453186700,0.0681611100,0.9966445000,0.0000000000,
4019119,1,1.0000000000,3.3074040000,-0.0337432300,0.0013994290,-0.0244587700,0.0606392500,0.0751200300,0.9953290000,1,1.0000000000,3.3579710000,0.0334436800,-0.0015358280,-0.0260358000,0.0467838400,0.0679632100,0.9965904000,0.0332704500,-0.0015282590,-0.0260317400,0.0468141900,0.0679934900,0.9965869000,0.0000000000,
4019128,1,0.8879998000,2.9603270000,-0.0337639300,0.0013152310,-0.0239976400,0.0681007200,0.0125123400,0.9976000000,1,0.8879998000,3.5115810000,0.0334712200,-0.0014829250,-0.0260461600,0.0528724100,0.0965283800,0.9939250000,0.0334071100,-0.0014802700,-0.0260442100,0.0528872100,0.0964512500,0.9939317000,0.0000000000,
4019136,1,0.8879998000,2.6708980000,-0.0336711400,0.0015830990,-0.0245864600,0.0704352900,-0.0117951600,0.9974467000,1,0.8879998000,-1.0000000000,0.0335323000,-0.0012641600,-0.0266116200,0.0000000000,0.0000000000,0.0000000000,-0.0336711400,0.0015830990,-0.0245864600,0.0704352900,-0.0117951600,0.9974467000,0.0000000000,
4019144,1,0.7809189000,-1.0000000000,-0.0338681300,0.0029845120,-0.0293762800,0.0000000000,0.0000000000,0.0000000000,1,0.7809189000,-1.0000000000,0.0335952600,-0.0013704070,-0.0258126400,0.0000000000,0.0000000000,0.0000000000,0.0010000000,-0.0010000000,-0.0010000000,0.5773503000,-0.5773503000,-0.5773503000,0.0000000000,
4019153,1,0.7809189000,-1.0000000000,-0.0333838200,0.0047729340,-0.0400371100,0.0000000000,0.0000000000,0.0000000000,1,0.7809189000,-1.0000000000,0.0328639900,0.0022605130,-0.0414788700,0.0000000000,0.0000000000,0.0000000000,0.0010000000,-0.0010000000,-0.0010000000,0.5773503000,-0.5773503000,-0.5773503000,0.0000000000,
4019161,1,0.6356145000,-1.0000000000,-0.0329490200,-0.0000874786,-0.0238889000,0.0000000000,0.0000000000,0.0000000000,1,0.6356145000,-1.0000000000,0.0328312700,-0.0029027560,-0.0259474300,0.0000000000,0.0000000000,0.0000000000,0.0010000000,-0.0010000000,-0.0010000000,0.5773503000,-0.5773503000,-0.5773503000,0.0000000000,
4019169,1,0.6356145000,-1.0000000000,-0.0334200000,-0.0004377442,-0.0238842900,0.0000000000,0.0000000000,0.0000000000,1,0.6356145000,-1.0000000000,0.0328312700,-0.0029027560,-0.0259474300,0.0000000000,0.0000000000,0.0000000000,0.0010000000,-0.0010000000,-0.0010000000,0.5773503000,-0.5773503000,-0.5773503000,0.0000000000,
4019178,1,0.4360317000,-1.0000000000,-0.0334200000,-0.0004377442,-0.0238842900,0.0000000000,0.0000000000,0.0000000000,1,0.4360317000,-1.0000000000,0.0329767800,-0.0035943610,-0.0261323900,0.0000000000,0.0000000000,0.0000000000,0.0010000000,-0.0010000000,-0.0010000000,0.5773503000,-0.5773503000,-0.5773503000,0.0000000000,
4019186,1,0.4360317000,-1.0000000000,-0.0339641300,-0.0006608429,-0.0239036600,0.0000000000,0.0000000000,0.0000000000,1,0.4360317000,-1.0000000000,0.0329767800,-0.0035943610,-0.0261323900,0.0000000000,0.0000000000,0.0000000000,0.0010000000,-0.0010000000,-0.0010000000,0.5773503000,-0.5773503000,-0.5773503000,0.0000000000,
4019194,1,0.3873961000,-1.0000000000,-0.0336243300,-0.0004436646,-0.0238637300,0.0000000000,0.0000000000,0.0000000000,1,0.3873961000,-1.0000000000,0.0331220700,-0.0032052770,-0.0260124100,0.0000000000,0.0000000000,0.0000000000,0.0010000000,-0.0010000000,-0.0010000000,0.5773503000,-0.5773503000,-0.5773503000,0.0000000000,
4019202,1,0.3873961000,-1.0000000000,-0.0336243300,-0.0004436646,-0.0238637300,0.0000000000,0.0000000000,0.0000000000,1,0.3873961000,-1.0000000000,0.0331805900,-0.0028309020,-0.0259275800,0.0000000000,0.0000000000,0.0000000000,0.0010000000,-0.0010000000,-0.0010000000,0.5773503000,-0.5773503000,-0.5773503000,0.0000000000,
4019211,1,0.4018840000,-1.0000000000,-0.0336243300,-0.0004436646,-0.0238637300,0.0000000000,0.0000000000,0.0000000000,1,0.4018840000,-1.0000000000,0.0328386100,-0.0023142090,-0.0258881500,0.0000000000,0.0000000000,0.0000000000,0.0010000000,-0.0010000000,-0.0010000000,0.5773503000,-0.5773503000,-0.5773503000,0.0000000000,
4019219,1,0.4018840000,-1.0000000000,-0.0329037900,0.0002465057,-0.0238009200,0.0000000000,0.0000000000,0.0000000000,1,0.4018840000,-1.0000000000,0.0325203100,-0.0029712680,-0.0259861600,0.0000000000,0.0000000000,0.0000000000,0.0010000000,-0.0010000000,-0.0010000000,0.5773503000,-0.5773503000,-0.5773503000,0.0000000000,
4019227,1,0.4927454000,-1.0000000000,-0.0335929600,0.0015356140,-0.0286787600,0.0000000000,0.0000000000,0.0000000000,1,0.4927454000,-1.0000000000,0.0332098300,-0.0018309020,-0.0257552200,0.0000000000,0.0000000000,0.0000000000,0.0010000000,-0.0010000000,-0.0010000000,0.5773503000,-0.5773503000,-0.5773503000,0.0000000000,
4019236,1,0.4927454000,-1.0000000000,-0.0335226800,0.0014136810,-0.0246766200,0.0000000000,0.0000000000,0.0000000000,1,0.4927454000,-1.0000000000,0.0335068800,-0.0009953156,-0.0264770500,0.0000000000,0.0000000000,0.0000000000,0.0010000000,-0.0010000000,-0.0010000000,0.5773503000,-0.5773503000,-0.5773503000,0.0000000000,
4019244,1,0.5826824000,-1.0000000000,-0.0337795600,0.0022018740,-0.0262523700,0.0000000000,0.0000000000,0.0000000000,1,0.5826824000,-1.0000000000,0.0334559300,-0.0006779786,-0.0284527000,0.0000000000,0.0000000000,0.0000000000,0.0010000000,-0.0010000000,-0.0010000000,0.5773503000,-0.5773503000,-0.5773503000,0.0000000000,
4019252,1,0.5826824000,-1.0000000000,-0.0336950400,0.0017237550,-0.0246842400,0.0000000000,0.0000000000,0.0000000000,1,0.5826824000,-1.0000000000,0.0334438500,-0.0011414340,-0.0264331100,0.0000000000,0.0000000000,0.0000000000,0.0010000000,-0.0010000000,-0.0010000000,0.5773503000,-0.5773503000,-0.5773503000,0.0000000000,
4019261,1,0.6960894000,-1.0000000000,-0.0337210400,0.0016943050,-0.0246010400,0.0000000000,0.0000000000,0.0000000000,1,0.6960894000,-1.0000000000,0.0334065400,-0.0012311860,-0.0262125400,0.0000000000,0.0000000000,0.0000000000,0.0010000000,-0.0010000000,-0.0010000000,0.5773503000,-0.5773503000,-0.5773503000,0.0000000000,
4019269,1,0.6960894000,-1.0000000000,-0.0337327000,0.0017192230,-0.0247804300,0.0000000000,0.0000000000,0.0000000000,1,0.6960894000,-1.0000000000,0.0333954300,-0.0013470610,-0.0260096600,0.0000000000,0.0000000000,0.0000000000,0.0010000000,-0.0010000000,-0.0010000000,0.5773503000,-0.5773503000,-0.5773503000,0.0000000000,
4019277,1,0.7560939000,-1.0000000000,-0.0337174400,0.0016801150,-0.0245589800,0.0000000000,0.0000000000,0.0000000000,1,0.7560939000,-1.0000000000,0.0333954200,-0.0012857970,-0.0261738900,0.0000000000,0.0000000000,0.0000000000,0.0010000000,-0.0010000000,-0.0010000000,0.5773503000,-0.5773503000,-0.5773503000,0.0000000000,
4019286,1,0.7560939000,2.8931880000,-0.0337139600,0.0016880950,-0.0247079500,0.0816503600,0.0188752600,0.9964823000,1,0.7560939000,3.2285310000,0.0333895000,-0.0013443600,-0.0260547800,0.0563666500,0.0431066000,0.9974791000,0.0333895000,-0.0013443600,-0.0260547800,0.0563666500,0.0431066000,0.9974791000,0.0000000000,
4019294,1,0.7909533000,2.7404020000,-0.0337258800,0.0015191040,-0.0242740600,0.0729066800,0.0261231100,0.9969966000,1,0.7909533000,3.1710970000,0.0334007400,-0.0014453580,-0.0258484400,0.0620275100,0.0413821900,0.9972162000,0.0334007300,-0.0014453430,-0.0258484400,0.0620275100,0.0413821900,0.9972162000,0.0000000000,
4019302,1,0.7909533000,3.1779330000,-0.0337491500,0.0014710240,-0.0242731500,0.0613102900,0.0715337500,0.9955521000,1,0.7909533000,3.1969300000,0.0333948400,-0.0014779210,-0.0258096000,0.0497594800,0.0554815900,0.9972190000,0.0333947900,-0.0014779210,-0.0258096000,0.0497594800,0.0554815900,0.9972190000,0.0000000000,
4019311,1,0.8383711000,3.0648190000,-0.0337497400,0.0014449310,-0.0242398200,0.0664678100,0.0653844300,0.9956439000,1,0.8383711000,3.2252200000,0.0333978300,-0.0015273130,-0.0257352300,0.0483099800,0.0618447100,0.9969159000,-0.0332810100,0.0014241790,-0.0242502800,0.0663454100,0.0653535900,0.9956542000,0.0000000000,
4019319,1,0.8383711000,3.1542050000,-0.0337540600,0.0014419400,-0.0242802700,0.0615695900,0.0797734400,0.9949097000,1,0.8383711000,3.1898650000,0.0334050000,-0.0015917970,-0.0256288200,0.0472571100,0.0557106000,0.9973280000,-0.0327220600,0.0013953250,-0.0243010000,0.0613557700,0.0794069700,0.9949523000,0.0000000000,
4019327,1,0.8700305000,3.1089780000,-0.0337601300,0.0013824920,-0.0241646100,0.0657204500,0.0776834900,0.9948096000,1,0.8700305000,3.3159330000,0.0333913300,-0.0015778810,-0.0257108500,0.0471808500,0.0609750000,0.9970236000,-0.0010502930,-0.0000595093,-0.0249177900,0.0566869800,0.0695502700,0.9959665000,0.0000000000,
4019336,1,0.8700305000,3.0648800000,-0.0337659200,0.0013230590,-0.0240489500,0.0698100400,0.0764172000,0.9946291000,1,0.8700305000,3.2325440000,0.0333916200,-0.0015800780,-0.0257099000,0.0467991900,0.0620733900,0.9969738000,0.0174510100,-0.0008909760,-0.0253156600,0.0522618400,0.0654760800,0.9964846000,0.0000000000,
4019344,1,0.9024112000,3.0649720000,-0.0337660500,0.0013098450,-0.0240359800,0.0692604600,0.0779428100,0.9945491000,1,0.9024112000,3.2256930000,0.0333884800,-0.0015649570,-0.0257801200,0.0488588900,0.0653842400,0.9966633000,0.0262173600,-0.0012579800,-0.0255938700,0.0510409000,0.0667270100,0.9964649000,0.0000000000,
4019352,1,0.9024112000,3.0651860000,-0.0337662100,0.0012966460,-0.0240230300,0.0698243500,0.0794984300,0.9943866000,1,0.9024112000,3.1537020000,0.0333949900,-0.0016060330,-0.0256823100,0.0503544000,0.0566410800,0.9971240000,0.0147878600,-0.0008018342,-0.0252226000,0.0557562800,0.0629737700,0.9964565000,0.0000000000,
4019361,1,0.9109097000,3.0675510000,-0.0337671800,0.0012714390,-0.0239633200,0.0693668600,0.0809788700,0.9942991000,1,0.9109097000,3.3638150000,0.0333978600,-0.0016315000,-0.0256153400,0.0467073600,0.0524141800,0.9975325000,0.0251440400,-0.0012747650,-0.0254123200,0.0495002500,0.0559242900,0.9972072000,0.0000000000,
4019369,1,0.9109097000,3.0684660000,-0.0337681600,0.0012462460,-0.0239036100,0.0689087800,0.0825349000,0.9942030000,1,0.9109097000,3.2612000000,0.0333977500,-0.0016351620,-0.0256080600,0.0481872900,0.0537415000,0.9973915000,0.0232029900,-0.0011978000,-0.0253493500,0.0513310900,0.0581213200,0.9969890000,0.0000000000,
4019377,1,0.9168875000,3.0677490000,-0.0337707500,0.0012451330,-0.0238925000,0.0676120500,0.0781101500,0.9946494000,1,0.9168875000,3.1672820000,0.0333978600,-0.0016388090,-0.0256153400,0.0495150100,0.0527346300,0.9973803000,0.0241044300,-0.0012397920,-0.0253769700,0.0520174800,0.0562594500,0.9970602000,0.0000000000,
4019386,1,0.9168875000,3.0667720000,-0.0337733300,0.0012440340,-0.0239036100,0.0663456800,0.0748296200,0.9949868000,1,0.9168875000,3.1730800000,0.0333977500,-0.0016408230,-0.0256162300,0.0481420800,0.0529944300,0.9974337000,0.0222474700,-0.0011619420,-0.0253319300,0.0511634000,0.0566261200,0.9970836000,0.0000000000,
4019394,1,0.9251621000,3.0669710000,-0.0337750300,0.0012274480,-0.0238925000,0.0658573100,0.0762791200,0.9949092000,1,0.9251621000,3.1786350000,0.0333976400,-0.0016428220,-0.0256171100,0.0467530600,0.0532685900,0.9974852000,0.0213482500,-0.0011279450,-0.0253077400,0.0501863200,0.0574037500,0.9970888000,0.0000000000,
4019402,1,0.9251621000,3.0672610000,-0.0337767200,0.0012108610,-0.0238814100,0.0653693800,0.0778054400,0.9948232000,1,0.9251621000,3.1859280000,0.0333971100,-0.0016437840,-0.0256273800,0.0445712600,0.0536197900,0.9975662000,0.0121302700,-0.0007400055,-0.0250746200,0.0511633800,0.0612800800,0.9968084000,0.0000000000,
4019411,1,0.9324484000,3.0676420000,-0.0337767500,0.0012049100,-0.0238592100,0.0653237800,0.0768290700,0.9949021000,1,0.9324484000,3.1939090000,0.0333965800,-0.0016447450,-0.0256376700,0.0423739000,0.0540164200,0.9976406000,0.0080072640,-0.0005676575,-0.0249654700,0.0510563800,0.0626531700,0.9967285000,0.0000000000,
4019419,1,0.9324484000,3.0682980000,-0.0337767600,0.0011989590,-0.0238370100,0.0652933800,0.0758373700,0.9949802000,1,0.9324484000,3.2020570000,0.0333965300,-0.0016495210,-0.0256438600,0.0426029600,0.0537572500,0.9976448000,0.0074506530,-0.0005492859,-0.0249459500,0.0513619300,0.0622874100,0.9967358000,0.0000000000,
4019427,1,1.0000000000,3.0715790000,-0.0337800500,0.0011967320,-0.0238178300,0.0649267400,0.0748297800,0.9950804000,1,1.0000000000,3.2103580000,0.0333964900,-0.0016542970,-0.0256500700,0.0423282300,0.0534367300,0.9976737000,0.0076233060,-0.0005604554,-0.0249471000,0.0509955900,0.0616463800,0.9967945000,0.0000000000,
4019436,1,1.0000000000,3.0750730000,-0.0337833100,0.0011945040,-0.0237986600,0.0645753600,0.0737916900,0.9951808000,1,1.0000000000,3.2161710000,0.0333959800,-0.0016586000,-0.0256537900,0.0426489300,0.0527809100,0.9976949000,0.0073217470,-0.0005512238,-0.0249337600,0.0511628700,0.0609437800,0.9968291000,0.0000000000,
4019444,1,1.0000000000,3.0741880000,-0.0337907700,0.0011907350,-0.0237982500,0.0649568700,0.0715639400,0.9953187000,1,1.0000000000,3.2100980000,0.0333954800,-0.0016585390,-0.0256575300,0.0429693900,0.0530861200,0.9976650000,0.0067174380,-0.0005271606,-0.0249192700,0.0517123500,0.0604251800,0.9968323000,0.0000000000,
4019452,1,1.0000000000,3.0739440000,-0.0337907700,0.0011907350,-0.0237982500,0.0649575700,0.0707712500,0.9953753000,1,1.0000000000,3.2157290000,0.0333947200,-0.0016597600,-0.0256734900,0.0427557000,0.0532844100,0.9976636000,0.0052554170,-0.0004658814,-0.0248880900,0.0520633700,0.0606083500,0.9968029000,0.0000000000,
4019461,1,1.0000000000,3.0756070000,-0.0337907700,0.0011907350,-0.0237982500,0.0645908300,0.0668186200,0.9956723000,1,1.0000000000,3.2214050000,0.0333939500,-0.0016609800,-0.0256894500,0.0425419500,0.0535131300,0.9976606000,0.0044934240,-0.0004342652,-0.0248759200,0.0520332100,0.0592507200,0.9968861000,0.0000000000,
4019469,1,1.0000000000,3.0925140000,-0.0338037100,0.0011358030,-0.0237504600,0.0663763300,0.0751807300,0.9949583000,1,1.0000000000,3.2213900000,0.0333939400,-0.0016619420,-0.0256992700,0.0423129700,0.0540165600,0.9976432000,0.0037914130,-0.0004294434,-0.0248407600,0.0529177500,0.0633548200,0.9965872000,0.0000000000,
4019477,1,1.0000000000,3.0918120000,-0.0338040000,0.0011298220,-0.0237502300,0.0664371300,0.0747684800,0.9949853000,1,1.0000000000,3.2214360000,0.0333939200,-0.0016629030,-0.0257090900,0.0420843800,0.0546273000,0.9976195000,0.0021097560,-0.0003627320,-0.0247971400,0.0534216900,0.0640114200,0.9965183000,0.0000000000,
4019486,1,1.0000000000,3.0905760000,-0.0338040000,0.0011209720,-0.0237376900,0.0663306100,0.0691077300,0.9954016000,1,1.0000000000,3.2087860000,0.0333934800,-0.0016629030,-0.0257332000,0.0419927100,0.0558478700,0.9975558000,0.0004865112,-0.0002996216,-0.0247559800,0.0539253500,0.0623483200,0.9965966000,0.0000000000,
4019494,1,1.0000000000,3.0939330000,-0.0338040000,0.0011205750,-0.0237329100,0.0662084900,0.0672308400,0.9955382000,1,1.0000000000,3.2210080000,0.0333934800,-0.0016629030,-0.0257426800,0.0419317700,0.0563973200,0.9975275000,0.0002857971,-0.0002915039,-0.0247524900,0.0538945000,0.0617375800,0.9966363000,0.0000000000,
4019502,1,1.0000000000,3.0967100000,-0.0338040000,0.0011181640,-0.0237329100,0.0662242200,0.0673381200,0.9955300000,1,1.0000000000,3.2214970000,0.0333934800,-0.0016629180,-0.0257729800,0.0417026700,0.0579839500,0.9974461000,-0.0009206391,-0.0002427673,-0.0247312200,0.0542298300,0.0627747700,0.9965533000,0.0000000000,
4019511,1,1.0000000000,3.1070100000,-0.0338097300,0.0011078190,-0.0237237700,0.0674593800,0.0676424900,0.9954264000,1,1.0000000000,3.2220150000,0.0333934800,-0.0016629330,-0.0257751800,0.0420076900,0.0580905500,0.9974271000,-0.0022498780,-0.0001933594,-0.0246871500,0.0555121900,0.0631722000,0.9964575000,0.0000000000,
4019519,1,1.0000000000,3.1251530000,-0.0338097300,0.0011076360,-0.0237064100,0.0675967600,0.0663607900,0.9955034000,1,1.0000000000,3.2205960000,0.0333934800,-0.0016634980,-0.0257766000,0.0420230100,0.0564579400,0.9975202000,-0.0029766390,-0.0001637573,-0.0246562200,0.0558625500,0.0618134900,0.9965232000,0.0000000000,
4019527,1,1.0000000000,3.1300660000,-0.0338128400,0.0010955350,-0.0236865500,0.0681922000,0.0661322400,0.9954779000,1,1.0000000000,3.2213290000,0.0333934800,-0.0016634980,-0.0257832000,0.0420079500,0.0566565700,0.9975095000,-0.0025215460,-0.0001890564,-0.0246627500,0.0560158300,0.0617227000,0.9965202000,0.0000000000,
4019536,1,1.0000000000,3.1508480000,-0.0338181300,0.0010944370,-0.0236648000,0.0699159400,0.0644227600,0.9954705000,1,1.0000000000,3.2225490000,0.0333939200,-0.0016636050,-0.0257877200,0.0423433900,0.0562442300,0.9975188000,-0.0017497410,-0.0002214813,-0.0246776900,0.0567635300,0.0605325100,0.9965509000,0.0000000000,
4019544,1,1.0000000000,3.1598660000,-0.0338145000,0.0010932620,-0.0236310100,0.0703282700,0.0622105300,0.9955821000,1,1.0000000000,3.2213900000,0.0333939200,-0.0016645360,-0.0257923300,0.0428624100,0.0573736800,0.9974323000,0.0005054169,-0.0003150025,-0.0247346800,0.0563056200,0.0597388900,0.9966248000,0.0000000000,
4019552,1,1.0000000000,3.1604460000,-0.0338120900,0.0010842590,-0.0236183200,0.0701608100,0.0632790000,0.9955266000,1,1.0000000000,3.2227020000,0.0333942900,-0.0016652220,-0.0258002600,0.0436102400,0.0572823200,0.9974051000,0.0039306640,-0.0004598236,-0.0248436900,0.0552529200,0.0599069200,0.9966736000,0.0000000000,
4019561,1,1.0000000000,3.1605830000,-0.0338097400,0.0010737760,-0.0235925000,0.0732579200,0.0615238300,0.9954135000,1,1.0000000000,3.2210540000,0.0333943300,-0.0016661680,-0.0258031300,0.0436253000,0.0576177400,0.9973851000,0.0073332980,-0.0006036377,-0.0249458800,0.0551151600,0.0591435100,0.9967269000,0.0000000000,
4019569,1,1.0000000000,3.1660770000,-0.0338094300,0.0009945985,-0.0235269600,0.0734867600,0.0736393500,0.9945737000,1,1.0000000000,3.2212070000,0.0333944000,-0.0016683660,-0.0258031300,0.0437473900,0.0580450100,0.9973550000,0.0113652000,-0.0007954560,-0.0250570100,0.0534973700,0.0631714500,0.9965678000,0.0000000000,
4019577,1,1.0000000000,3.1695710000,-0.0338094300,0.0009945985,-0.0235269600,0.0735021000,0.0736089100,0.9945748000,1,1.0000000000,3.2229770000,0.0333947900,-0.0016702120,-0.0258031300,0.0439761900,0.0584263800,0.9973227000,0.0139312300,-0.0008984223,-0.0251439100,0.0525367100,0.0628212700,0.9966410000,0.0000000000,
4019586,1,1.0000000000,3.1660770000,-0.0338094300,0.0009945985,-0.0235269600,0.0741583500,0.0735480000,0.9945306000,1,1.0000000000,3.2216490000,0.0333951600,-0.0016732940,-0.0258031300,0.0441440600,0.0593266900,0.9972621000,0.0141320300,-0.0009085846,-0.0251507100,0.0527501700,0.0634161700,0.9965920000,0.0000000000,
4019594,1,1.0000000000,3.1697540000,-0.0338094300,0.0009945985,-0.0235269600,0.0741734400,0.0735630900,0.9945284000,1,1.0000000000,3.2216190000,0.0333974200,-0.0016733090,-0.0258031300,0.0440222200,0.0593270100,0.9972674000,0.0138700600,-0.0008981324,-0.0251417900,0.0527803900,0.0634768500,0.9965866000,0.0000000000,
4019602,1,1.0000000000,3.1849820000,-0.0338094300,0.0009945985,-0.0235269600,0.0745705400,0.0737160300,0.9944874000,1,1.0000000000,3.2230070000,0.0333995500,-0.0016758730,-0.0258031300,0.0448459600,0.0595708200,0.9972162000,0.0126425000,-0.0008511048,-0.0251001600,0.0540321400,0.0639504900,0.9964893000,0.0000000000,
4019611,1,1.0000000000,3.1837460000,-0.0338094300,0.0009945985,-0.0235269600,0.0750890000,0.0698552000,0.9947270000,1,1.0000000000,3.2355650000,0.0334009000,-0.0016760710,-0.0258002600,0.0447693500,0.0594941000,0.9972242000,0.0104702300,-0.0007648926,-0.0250246700,0.0551306800,0.0630348300,0.9964874000,0.0000000000,
4019619,1,1.0000000000,3.1836550000,-0.0338094300,0.0009945985,-0.0235269600,0.0752878200,0.0693368200,0.9947483000,1,1.0000000000,3.2284850000,0.0334010800,-0.0016764980,-0.0257974600,0.0449530500,0.0593880800,0.9972222000,0.0073043220,-0.0006393433,-0.0249158600,0.0567330000,0.0632638600,0.9963830000,0.0000000000,
4019627,1,1.0000000000,3.1835330000,-0.0338094300,0.0009945985,-0.0235269600,0.0781557500,0.0693666600,0.9945250000,1,1.0000000000,3.2287450000,0.0334011400,-0.0016810610,-0.0257956600,0.0451507900,0.0599823400,0.9971778000,0.0043554230,-0.0005247345,-0.0248152200,0.0594181200,0.0640415700,0.9961768000,0.0000000000,
4019636,1,1.0000000000,3.1825870000,-0.0338061500,0.0010038300,-0.0235579500,0.0776985300,0.0691230000,0.9945778000,1,1.0000000000,3.2238160000,0.0334015200,-0.0016829070,-0.0257877200,0.0461276200,0.0604099300,0.9971073000,0.0019372250,-0.0004250641,-0.0247438200,0.0609136300,0.0644994800,0.9960569000,0.0000000000,
4019644,1,1.0000000000,3.2198640000,-0.0338058300,0.0010067290,-0.0235710300,0.0792392200,0.0692141500,0.9944499000,1,1.0000000000,3.2238620000,0.0334061200,-0.0016832730,-0.0257877200,0.0464941600,0.0605171700,0.9970837000,0.0010530090,-0.0003884125,-0.0247207000,0.0622712900,0.0647127000,0.9959591000,0.0000000000,
4019652,1,1.0000000000,3.2218020000,-0.0338048300,0.0010069120,-0.0235834700,0.0791171600,0.0680239800,0.9945417000,1,1.0000000000,3.2191620000,0.0334074600,-0.0016841430,-0.0257812000,0.0475318400,0.0604409700,0.9970394000,0.0021201330,-0.0004314423,-0.0247581600,0.0622409800,0.0639805000,0.9960083000,0.0000000000,
4019661,1,1.0000000000,3.2220150000,-0.0338010900,0.0010092160,-0.0235957800,0.0793772800,0.0695810000,0.9944133000,1,1.0000000000,3.2193760000,0.0334085600,-0.0016876220,-0.0257776500,0.0493015100,0.0611576700,0.9969098000,0.0031434170,-0.0004732056,-0.0247951400,0.0628516700,0.0649574000,0.9959067000,0.0000000000,
4019669,1,1.0000000000,3.2212220000,-0.0337947600,0.0010102850,-0.0236071600,0.0784770700,0.0686197500,0.9945515000,1,1.0000000000,3.2239690000,0.0334115100,-0.0016876220,-0.0257776500,0.0490881100,0.0610053700,0.9969296000,0.0040278630,-0.0005080567,-0.0248286800,0.0619507800,0.0643311600,0.9960038000,0.0000000000,
4019677,1,1.0000000000,3.2214970000,-0.0337909100,0.0010102850,-0.0236071600,0.0797126800,0.0685889100,0.9944553000,1,1.0000000000,3.2241060000,0.0334131200,-0.0016876220,-0.0257776500,0.0507508400,0.0610505500,0.9968436000,0.0045668490,-0.0005295868,-0.0248460100,0.0631868500,0.0642854900,0.9959291000,0.0000000000,
4019686,1,1.0000000000,3.2213900000,-0.0337854200,0.0010102850,-0.0236071600,0.0804451000,0.0686194300,0.9943942000,1,1.0000000000,3.2244110000,0.0334142900,-0.0016876220,-0.0257776500,0.0520326100,0.0609590300,0.9967831000,0.0044866180,-0.0005262452,-0.0248433100,0.0642707300,0.0642707300,0.9958607000,0.0000000000,
4019694,1,1.0000000000,3.2350920000,-0.0337804900,0.0010102850,-0.0236071600,0.0797739600,0.0686959300,0.9944431000,1,1.0000000000,3.2243650000,0.0334179700,-0.0016876220,-0.0257812000,0.0520784300,0.0611574400,0.9967686000,0.0041028750,-0.0005106659,-0.0248327900,0.0641636000,0.0644535300,0.9958558000,0.0000000000,
4019702,1,1.0000000000,3.2364200000,-0.0337755200,0.0010102850,-0.0236071600,0.0798497600,0.0686955200,0.9944370000,1,1.0000000000,3.2194370000,0.0334195400,-0.0016876220,-0.0257812000,0.0542301200,0.0612186900,0.9966501000,0.0032097780,-0.0004746857,-0.0248037900,0.0657502300,0.0645753000,0.9957444000,0.0000000000,
4019711,1,1.0000000000,3.2366490000,-0.0337680800,0.0010102850,-0.0236071600,0.0783855000,0.0687265500,0.9945514000,1,1.0000000000,3.2192230000,0.0334216800,-0.0016876220,-0.0257881300,0.0540014400,0.0611121100,0.9966690000,0.0018183900,-0.0004186401,-0.0247623000,0.0654762300,0.0646980300,0.9957545000,0.0000000000,
4019719,1,1.0000000000,3.2352600000,-0.0337582900,0.0010102850,-0.0236071600,0.0765992100,0.0689392800,0.9946758000,1,1.0000000000,3.2190400000,0.0334262300,-0.0016876220,-0.0257881300,0.0573426700,0.0611879000,0.9964777000,0.0009201966,-0.0003822785,-0.0247329100,0.0666662200,0.0649419600,0.9956596000,0.0000000000,
4019727,1,1.0000000000,3.2222140000,-0.0337489300,0.0010069120,-0.0236071600,0.0848393800,0.0697788700,0.9939483000,1,1.0000000000,3.2163540000,0.0334292900,-0.0016876220,-0.0257883500,0.0575260500,0.0611881800,0.9964672000,0.0001413574,-0.0003524323,-0.0247075400,0.0710606900,0.0654454200,0.9953226000,0.0000000000,
4019736,1,1.0000000000,3.2222440000,-0.0337377600,0.0010038150,-0.0236022300,0.0867161000,0.0700992000,0.9937638000,1,1.0000000000,3.2078550000,0.0334358400,-0.0016891630,-0.0257881300,0.0570376900,0.0614169900,0.9964812000,-0.0004540100,-0.0003305206,-0.0246853200,0.0720219500,0.0657963200,0.9952304000,0.0000000000,
4019744,1,1.0000000000,3.2238310000,-0.0337289900,0.0009848480,-0.0235663900,0.0891577900,0.0717321200,0.9934311000,1,1.0000000000,3.1999360000,0.0334436400,-0.0016906740,-0.0257881300,0.0573890900,0.0617073800,0.9964430000,0.0003269959,-0.0003716126,-0.0246928000,0.0730598300,0.0666663300,0.9950969000,0.0000000000,
4019752,1,1.0000000000,3.1654510000,-0.0337213600,0.0009848480,-0.0235663900,0.0916294100,0.0703433100,0.9933056000,1,1.0000000000,3.1941530000,0.0334509800,-0.0016908720,-0.0257881300,0.0616001300,0.0624393700,0.9961460000,0.0014213100,-0.0004150086,-0.0247287500,0.0759284300,0.0662085000,0.9949127000,0.0000000000,
4019761,1,1.0000000000,3.1425930000,-0.0337140100,0.0009848480,-0.0235663900,0.0911878000,0.0699167500,0.9933763000,1,1.0000000000,3.1786190000,0.0334581600,-0.0016917570,-0.0257883500,0.0613711700,0.0619510100,0.9961906000,0.0023634650,-0.0004527283,-0.0247597800,0.0751809400,0.0656440900,0.9950069000,0.0000000000,
4019769,1,1.0000000000,3.1345670000,-0.0337075700,0.0009848480,-0.0235663900,0.0907145600,0.0701302100,0.9934046000,1,1.0000000000,3.1787570000,0.0334638400,-0.0016929780,-0.0257883500,0.0643624700,0.0622109500,0.9959856000,0.0030644840,-0.0004810791,-0.0247827600,0.0762945900,0.0657964600,0.9949120000,0.0000000000,
4019777,1,1.0000000000,3.1200410000,-0.0337004300,0.0009848480,-0.0235663900,0.0931710200,0.0712591900,0.9930968000,1,1.0000000000,3.1788180000,0.0334693800,-0.0016929780,-0.0257988800,0.0672004700,0.0629127000,0.9957540000,0.0032575230,-0.0004885254,-0.0247947400,0.0788884700,0.0666813600,0.9946508000,0.0000000000,
4019786,1,1.0000000000,3.1085360000,-0.0336885900,0.0009848480,-0.0235663900,0.0938277900,0.0711528700,0.9930426000,1,1.0000000000,3.1772160000,0.0334737400,-0.0016929780,-0.0258059200,0.0766299900,0.0635836600,0.9950302000,0.0026684570,-0.0004647369,-0.0247787200,0.0845190800,0.0670476300,0.9941635000,0.0000000000,
4019794,1,1.0000000000,3.1083070000,-0.0336735000,0.0009848480,-0.0235663900,0.0923775500,0.0712286800,0.9931731000,1,1.0000000000,3.1729890000,0.0334788100,-0.0016929780,-0.0258081500,0.0782020600,0.0637365900,0.9948980000,0.0017566530,-0.0004279938,-0.0247491600,0.0849003700,0.0672763700,0.9941156000,0.0000000000,
4019802,1,1.0000000000,3.1089020000,-0.0336555100,0.0009846650,-0.0235663900,0.0967117500,0.0715496000,0.9927374000,1,1.0000000000,3.1713560000,0.0334826200,-0.0016929780,-0.0258081500,0.0775150000,0.0637057300,0.9949538000,0.0006734772,-0.0003844605,-0.0247126500,0.0868998800,0.0675515000,0.9939241000,0.0000000000,
4019811,1,1.0000000000,3.0865780000,-0.0336323600,0.0009796753,-0.0235663900,0.0953220700,0.0725100800,0.9928021000,1,1.0000000000,3.1366270000,0.0334904900,-0.0016929780,-0.0258081500,0.0771649200,0.0634775700,0.9949956000,-0.0004880066,-0.0003400269,-0.0246733400,0.0863655600,0.0680548400,0.9939364000,0.0000000000,
4019819,1,1.0000000000,3.0730290000,-0.0336154500,0.0009796753,-0.0235663900,0.0974434900,0.0729681800,0.9925625000,1,1.0000000000,3.1365810000,0.0334993300,-0.0016929780,-0.0258081500,0.0779121700,0.0633703900,0.9949442000,-0.0014799960,-0.0003000183,-0.0246397700,0.0881044800,0.0683748100,0.9937618000,0.0000000000,
4019827,1,1.0000000000,3.0674440000,-0.0336003100,0.0009796753,-0.0235663900,0.0971084600,0.0729076400,0.9925998000,1,1.0000000000,3.1364440000,0.0335113600,-0.0016929780,-0.0258101800,0.0797429900,0.0635380400,0.9947884000,-0.0013919830,-0.0003029785,-0.0246432300,0.0887770500,0.0684215100,0.9936987000,0.0000000000,
4019836,1,1.0000000000,3.0579680000,-0.0335862600,0.0009796753,-0.0235663900,0.0948799000,0.0728307700,0.9928210000,1,1.0000000000,3.1365050000,0.0335243200,-0.0016929780,-0.0258192200,0.0804448800,0.0640873500,0.9946966000,-0.0012448120,-0.0003083039,-0.0246520500,0.0879213200,0.0686189200,0.9937612000,0.0000000000,
4019844,1,1.0000000000,3.0508270000,-0.0335732100,0.0009796753,-0.0235663900,0.0980378900,0.0728913600,0.9925097000,1,1.0000000000,3.1278530000,0.0335414400,-0.0016846920,-0.0258427900,0.0783089000,0.0623938300,0.9949747000,-0.0014187620,-0.0002968140,-0.0246570100,0.0885933300,0.0678717000,0.9937528000,0.0000000000,
4019852,1,1.0000000000,3.0218350000,-0.0335646200,0.0009796753,-0.0235663900,0.0969557700,0.0727092000,0.9926293000,1,1.0000000000,3.1113130000,0.0335549300,-0.0016845090,-0.0258652700,0.0759130900,0.0634313100,0.9950948000,-0.0026342620,-0.0002480469,-0.0246257600,0.0872660100,0.0684364500,0.9938315000,0.0000000000,
4019861,1,1.0000000000,3.0056150000,-0.0335548000,0.0009796753,-0.0235663900,0.0950623900,0.0737153100,0.9927382000,1,1.0000000000,3.1051330000,0.0335688600,-0.0016837160,-0.0258790800,0.0741890400,0.0637519100,0.9952043000,-0.0041804660,-0.0001858521,-0.0245784600,0.0859377200,0.0693513800,0.9938838000,0.0000000000,
4019869,1,1.0000000000,2.9876250000,-0.0335468600,0.0009727936,-0.0235361000,0.0955051100,0.0749514500,0.9926032000,1,1.0000000000,3.0925750000,0.0335816800,-0.0016809390,-0.0258844800,0.0757609200,0.0637673400,0.9950849000,-0.0046577450,-0.0001692505,-0.0245467400,0.0870213300,0.0701450200,0.9937338000,0.0000000000,
4019877,1,1.0000000000,2.9721980000,-0.0335375400,0.0009727936,-0.0235361000,0.1031658000,0.0764016100,0.9917256000,1,1.0000000000,3.0924380000,0.0335907600,-0.0016803280,-0.0258904600,0.0781257400,0.0640722600,0.9948825000,-0.0047451170,-0.0001651611,-0.0245459200,0.0924236400,0.0711221000,0.9931765000,0.0000000000,
4019886,1,1.0000000000,2.9601440000,-0.0335315900,0.0009727936,-0.0235361000,0.1047378000,0.0766002100,0.9915454000,1,1.0000000000,3.0921020000,0.0336015900,-0.0016794590,-0.0259022100,0.0780041000,0.0646066800,0.9948575000,-0.0048463440,-0.0001604767,-0.0245471200,0.0933235800,0.0714880600,0.9930661000,0.0000000000,
4019894,1,1.0000000000,2.9565280000,-0.0335262800,0.0009727936,-0.0235361000,0.1036839000,0.0767825300,0.9916421000,1,1.0000000000,3.0917820000,0.0336105200,-0.0016774750,-0.0259199100,0.0791781300,0.0652315500,0.9947239000,-0.0045867010,-0.0001696015,-0.0245636500,0.0931399200,0.0718080800,0.9930602000,0.0000000000,
4019902,1,1.0000000000,2.9564820000,-0.0335216400,0.0009727936,-0.0235361000,0.1028448000,0.0771030800,0.9917046000,1,1.0000000000,3.0916140000,0.0336163300,-0.0016751860,-0.0259207600,0.0784463800,0.0648201200,0.9948088000,-0.0037962500,-0.0001996002,-0.0245919000,0.0920418000,0.0716711400,0.9931725000,0.0000000000,
4019911,1,1.0000000000,2.9566040000,-0.0335171100,0.0009727936,-0.0235361000,0.1057131000,0.0771943600,0.9913959000,1,1.0000000000,3.0914460000,0.0336192700,-0.0016743010,-0.0259207600,0.0778661900,0.0646519800,0.9948653000,-0.0026294860,-0.0002450562,-0.0246332300,0.0929112300,0.0714420100,0.9931080000,0.0000000000,
4019919,1,1.0000000000,2.9515380000,-0.0335143400,0.0009727936,-0.0235361000,0.1058813000,0.0778965300,0.9913230000,1,1.0000000000,3.0669860000,0.0336192700,-0.0016735990,-0.0259247800,0.0778352200,0.0654755800,0.9948139000,-0.0020897830,-0.0002659454,-0.0246542100,0.0927585100,0.0720827700,0.9930760000,0.0000000000,
4019927,1,1.0000000000,2.9521480000,-0.0335128800,0.0009727936,-0.0235361000,0.1058663000,0.0782781700,0.9912946000,1,1.0000000000,3.0657040000,0.0336192700,-0.0016717070,-0.0259269700,0.0777900200,0.0674749800,0.9946838000,-0.0018695070,-0.0002737122,-0.0246630600,0.0926521300,0.0731970100,0.9930044000,0.0000000000,
4019936,1,1.0000000000,2.9515230000,-0.0335128800,0.0009812164,-0.0235338900,0.1059128000,0.0765544900,0.9914242000,1,1.0000000000,3.0555420000,0.0336192700,-0.0016696470,-0.0259330300,0.0777439800,0.0673526800,0.9946957000,-0.0021244970,-0.0002582245,-0.0246556300,0.0927586900,0.0722660200,0.9930626000,0.0000000000,
4019944,1,1.0000000000,2.9574740000,-0.0335128800,0.0009838410,-0.0235362600,0.1059130000,0.0782941400,0.9912883000,1,1.0000000000,3.0497890000,0.0336192700,-0.0016680910,-0.0259422500,0.0776680200,0.0678260000,0.9946694000,-0.0024245300,-0.0002442322,-0.0246504500,0.0928498400,0.0734558900,0.9929668000,0.0000000000,
4019952,1,1.0000000000,2.9606020000,-0.0335128800,0.0009845429,-0.0235362600,0.1061715000,0.0788274900,0.9912184000,1,1.0000000000,3.0452120000,0.0336192700,-0.0016646580,-0.0259585100,0.0771181200,0.0685579200,0.9946620000,-0.0021519930,-0.0002530213,-0.0246678200,0.0926066400,0.0740364900,0.9929464000,0.0000000000,
4019961,1,1.0000000000,2.9612270000,-0.0335128800,0.0009848175,-0.0235362600,0.1061568000,0.0802928400,0.9911023000,1,1.0000000000,3.0420230000,0.0336192700,-0.0016511840,-0.0259776900,0.0769661900,0.0674903800,0.9947468000,-0.0027602240,-0.0002227020,-0.0246546500,0.0928047800,0.0744330400,0.9928983000,0.0000000000,
4019969,1,1.0000000000,2.9577640000,-0.0335128800,0.0009848175,-0.0235362600,0.1061566000,0.0803231600,0.9910998000,1,1.0000000000,3.0426480000,0.0336192700,-0.0016485900,-0.0259868200,0.0762644600,0.0693521300,0.9946728000,-0.0036221160,-0.0001876984,-0.0246273800,0.0928501900,0.0754398300,0.9928180000,0.0000000000,
4019977,1,1.0000000000,2.9615020000,-0.0335128800,0.0009848175,-0.0235362600,0.1061561000,0.0811315000,0.9910341000,1,1.0000000000,3.0226750000,0.0336147800,-0.0016414340,-0.0260040900,0.0736398500,0.0700082100,0.9948246000,-0.0049439850,-0.0001328735,-0.0245865500,0.0923317800,0.0764167200,0.9927917000,0.0000000000,
4019986,1,1.0000000000,2.9615020000,-0.0335128800,0.0009848175,-0.0235362600,0.1061561000,0.0811315000,0.9910341000,1,1.0000000000,3.0215760000,0.0336074100,-0.0016327060,-0.0260147600,0.0748295600,0.0707859500,0.9946808000,-0.0058844910,-0.0000926056,-0.0245564700,0.0932775600,0.0768895200,0.9926667000,0.0000000000,
4019994,1,1.0000000000,2.9615940000,-0.0335137400,0.0009848175,-0.0235362600,0.1060644000,0.0812687100,0.9910327000,1,1.0000000000,3.0224150000,0.0336013800,-0.0016327060,-0.0260147600,0.0759741700,0.0710302900,0.9945766000,-0.0063461610,-0.0000747223,-0.0245395400,0.0939030300,0.0771335400,0.9925888000,0.0000000000,
4020002,1,1.0000000000,2.9616550000,-0.0335147700,0.0009848175,-0.0235362600,0.1062331000,0.0813151900,0.9910108000,1,1.0000000000,3.0218660000,0.0335958400,-0.0016327060,-0.0260147600,0.0767224700,0.0713970700,0.9944929000,-0.0059517220,-0.0000902100,-0.0245542000,0.0941167300,0.0772556700,0.9925591000,0.0000000000,
4020011,1,1.0000000000,2.9580230000,-0.0335166600,0.0009848175,-0.0235362600,0.1060037000,0.0812995500,0.9910367000,1,1.0000000000,3.0222780000,0.0335910500,-0.0016325840,-0.0260147600,0.0776673900,0.0716401600,0.9944021000,-0.0051638340,-0.0001210175,-0.0245834200,0.0940413300,0.0772258900,0.9925686000,0.0000000000,
4020019,1,1.0000000000,2.9579930000,-0.0335181800,0.0009848175,-0.0235362600,0.1062935000,0.0814977900,0.9909893000,1,1.0000000000,3.0226590000,0.0335841200,-0.0016325840,-0.0260147600,0.0784922700,0.0726938500,0.9942608000,-0.0042166140,-0.0001581116,-0.0246185500,0.0941633700,0.0776683800,0.9925225000,0.0000000000,
4020027,1,1.0000000000,2.9270940000,-0.0335190900,0.0009848480,-0.0235362600,0.1056371000,0.0810855700,0.9910933000,1,1.0000000000,3.0223080000,0.0335782300,-0.0016325840,-0.0260147600,0.0786295200,0.0752267700,0.9940615000,-0.0028821870,-0.0002102661,-0.0246679500,0.0933080700,0.0784154000,0.9925445000,0.0000000000,
4020036,1,1.0000000000,2.9193730000,-0.0335215300,0.0009866639,-0.0235362600,0.1052400000,0.0807038600,0.9911667000,1,1.0000000000,3.0223540000,0.0335722200,-0.0016325840,-0.0260147600,0.0768892700,0.0751345000,0.9942046000,-0.0017495420,-0.0002536621,-0.0247099500,0.0918276500,0.0780794400,0.9927091000,0.0000000000,
4020044,1,1.0000000000,2.9268650000,-0.0335238500,0.0009872742,-0.0235373800,0.1052104000,0.0808266200,0.9911599000,1,1.0000000000,3.0197450000,0.0335689700,-0.0016325840,-0.0260147600,0.0768292000,0.0760357200,0.9941407000,-0.0009321137,-0.0002853699,-0.0247408300,0.0914311800,0.0785069200,0.9927119000,0.0000000000,
4020052,1,1.0000000000,2.9192500000,-0.0335263100,0.0009875031,-0.0235373800,0.1049817000,0.0803537200,0.9912225000,1,1.0000000000,2.9699860000,0.0335637500,-0.0016327060,-0.0260007800,0.0770118500,0.0749213700,0.9942112000,-0.0005400543,-0.0003007660,-0.0247485700,0.0912334300,0.0776834600,0.9927949000,0.0000000000,
4020061,1,1.0000000000,2.9190060000,-0.0335280500,0.0009881135,-0.0235506300,0.1050270000,0.0809179000,0.9911718000,1,1.0000000000,2.9564820000,0.0335584700,-0.0016330410,-0.0259961700,0.0776681100,0.0748299400,0.9941671000,-0.0004171906,-0.0003055573,-0.0247576300,0.0915384800,0.0779274900,0.9927477000,0.0000000000,
4020069,1,1.0000000000,2.9187620000,-0.0335308500,0.0009881135,-0.0235565000,0.1030593000,0.0811168600,0.9913621000,1,1.0000000000,2.9705810000,0.0335504800,-0.0016334690,-0.0259922400,0.0787513400,0.0757453400,0.9940125000,-0.0003796082,-0.0003074493,-0.0247602200,0.0910504500,0.0784617700,0.9927505000,0.0000000000,
4020077,1,1.0000000000,2.9187470000,-0.0335337200,0.0009900666,-0.0235613400,0.1034707000,0.0810400700,0.9913256000,1,1.0000000000,2.9572910000,0.0335448600,-0.0016351470,-0.0259776300,0.0781862300,0.0766145700,0.9939905000,-0.0005168305,-0.0003020783,-0.0247506700,0.0910352300,0.0788585500,0.9927204000,0.0000000000,
4020086,1,1.0000000000,2.9205170000,-0.0335353100,0.0009912110,-0.0235622600,0.1027835000,0.0808565500,0.9914120000,1,1.0000000000,2.9575650000,0.0335429400,-0.0016351930,-0.0259732400,0.0785984300,0.0763553800,0.9939779000,-0.0006240082,-0.0002974091,-0.0247451800,0.0909279700,0.0786597900,0.9927461000,0.0000000000,
4020094,1,1.0000000000,2.9185490000,-0.0335379100,0.0009927979,-0.0235681600,0.1031358000,0.0808118100,0.9913791000,1,1.0000000000,2.9573520000,0.0335365000,-0.0016351930,-0.0259716300,0.0789044700,0.0762951700,0.9939583000,-0.0006647034,-0.0002951660,-0.0247461100,0.0912639700,0.0786142700,0.9927188000,0.0000000000,
4020102,1,1.0000000000,2.9184570000,-0.0335392500,0.0009976655,-0.0235790600,0.1033943000,0.0813299400,0.9913098000,1,1.0000000000,2.9963840000,0.0335338500,-0.0016351930,-0.0259716300,0.0794224100,0.0756992400,0.9939626000,-0.0005162201,-0.0002985992,-0.0247570400,0.0915999600,0.0785687500,0.9926915000,0.0000000000,
4020111,1,1.0000000000,2.9201970000,-0.0335407600,0.0010000610,-0.0235847000,0.1022807000,0.0814064400,0.9914190000,1,1.0000000000,3.0029300000,0.0335318500,-0.0016351930,-0.0259716300,0.0787969200,0.0757298800,0.9940100000,-0.0003203125,-0.0003051453,-0.0247669400,0.0906532600,0.0785987100,0.9927760000,0.0000000000,
4020119,1,1.0000000000,2.9237520000,-0.0335421200,0.0010059660,-0.0236009200,0.1015322000,0.0809480500,0.9915335000,1,1.0000000000,3.0029300000,0.0335318500,-0.0016351470,-0.0259716300,0.0787970100,0.0757147100,0.9940112000,0.0004054108,-0.0003307495,-0.0248008000,0.0900431000,0.0783089600,0.9928545000,0.0000000000,
4020127,1,1.0000000000,2.9234920000,-0.0335425400,0.0010094300,-0.0236101100,0.1013348000,0.0808878200,0.9915586000,1,1.0000000000,3.0026860000,0.0335318500,-0.0016334690,-0.0259716300,0.0773630100,0.0753335700,0.9941528000,0.0016294560,-0.0003764191,-0.0248484400,0.0887768800,0.0779735100,0.9929948000,0.0000000000,
4020136,1,1.0000000000,2.9230800000,-0.0335425400,0.0010165100,-0.0236163800,0.1016392000,0.0800327000,0.9915968000,1,1.0000000000,2.9962460000,0.0335318500,-0.0016334690,-0.0259716300,0.0773621900,0.0752717300,0.9941576000,0.0023979340,-0.0004034119,-0.0248784000,0.0886386200,0.0774844100,0.9930455000,0.0000000000,
4020144,1,1.0000000000,2.9237980000,-0.0335425400,0.0010169070,-0.0236163800,0.1015325000,0.0816502300,0.9914758000,1,1.0000000000,3.0016780000,0.0335318500,-0.0016330410,-0.0259732400,0.0773630100,0.0753335700,0.9941528000,0.0031266940,-0.0004317932,-0.0249048600,0.0883184400,0.0782017900,0.9930178000,0.0000000000,
4020152,1,1.0000000000,2.9236150000,-0.0335425400,0.0010190430,-0.0236163800,0.1016237000,0.0819550800,0.9914414000,1,1.0000000000,3.0022130000,0.0335318500,-0.0016289060,-0.0259776300,0.0773326900,0.0741130400,0.9942470000,0.0035283660,-0.0004444275,-0.0249214000,0.0882124200,0.0776226600,0.9930726000,0.0000000000,
4020161,1,1.0000000000,2.9236150000,-0.0335425400,0.0010190430,-0.0236163800,0.1026474000,0.0820019200,0.9913321000,1,1.0000000000,3.0018010000,0.0335318500,-0.0016211550,-0.0259832300,0.0773020800,0.0729227500,0.9943373000,0.0030297090,-0.0004205170,-0.0249069100,0.0888370100,0.0770571800,0.9930611000,0.0000000000,
4020169,1,1.0000000000,2.9242400000,-0.0335425400,0.0010190430,-0.0236163800,0.1032421000,0.0825815100,0.9912221000,1,1.0000000000,3.0091090000,0.0335318500,-0.0016202390,-0.0259832300,0.0773016800,0.0727850400,0.9943474000,0.0020988770,-0.0003833924,-0.0248740700,0.0894635500,0.0773784100,0.9929798000,0.0000000000,
4020177,1,1.0000000000,2.9259030000,-0.0335425400,0.0010190430,-0.0236163800,0.1026470000,0.0825967200,0.9912826000,1,1.0000000000,3.0400850000,0.0335324100,-0.0016195680,-0.0259842100,0.0771948200,0.0729070600,0.9943467000,0.0011649930,-0.0003462830,-0.0248416000,0.0894937000,0.0775917200,0.9929605000,0.0000000000,
4020186,1,1.0000000000,2.9263920000,-0.0335436300,0.0010190430,-0.0236172500,0.1018384000,0.0835734200,0.9912842000,1,1.0000000000,3.0738530000,0.0335329100,-0.0016027830,-0.0260552500,0.0791786100,0.0760963000,0.9939517000,-0.0012606960,-0.0002427979,-0.0247906200,0.0909281400,0.0799722100,0.9926412000,0.0000000000,
4020194,1,1.0000000000,3.0320130000,-0.0336748700,0.0010102230,-0.0235844700,0.0789499900,0.0903026800,0.9927801000,1,1.0000000000,3.2053830000,0.0334184900,-0.0016416630,-0.0259046600,0.0611423000,0.0673374100,0.9958551000,-0.0024109190,-0.0002254791,-0.0246656400,0.0706641700,0.0796059100,0.9943186000,0.0000000000,
4020202,1,1.0000000000,2.9725190000,-0.0337921200,0.0010820470,-0.0237854800,0.0432135100,0.0934156500,0.9946890000,1,1.0000000000,3.1613010000,0.0332148600,-0.0016818240,-0.0256878400,0.0219271000,0.0626074300,0.9977974000,-0.0100461000,0.0001025848,-0.0244596400,0.0356754300,0.0825051600,0.9959519000,0.0000000000,
4020211,1,1.0000000000,3.0241390000,-0.0338648900,0.0010258480,-0.0235349700,0.0516510500,0.1058198000,0.9930429000,1,1.0000000000,3.1650390000,0.0331183900,-0.0016869970,-0.0256234800,0.0283203900,0.0550843700,0.9980800000,-0.0240621700,0.0006288300,-0.0238406200,0.0482331600,0.0984194500,0.9939755000,0.0000000000,
4020219,1,1.0000000000,2.9463650000,-0.0338768900,0.0010017550,-0.0234765500,0.0564126700,0.0928512500,0.9940806000,1,1.0000000000,3.1500090000,0.0331142300,-0.0016674500,-0.0256663200,0.0361329700,0.0578768300,0.9976696000,-0.0283774000,0.0007826386,-0.0236563100,0.0547489200,0.0899817000,0.9944375000,0.0000000000,
4020227,1,1.0000000000,2.9952550000,-0.0338795200,0.0009970551,-0.0234677800,0.0527046800,0.0914320900,0.9944156000,1,1.0000000000,3.0765690000,0.0331226200,-0.0016880950,-0.0256211400,0.0341645200,0.0559083500,0.9978512000,-0.0301251700,0.0008466034,-0.0235884400,0.0516665900,0.0894476000,0.9946505000,0.0000000000,
4020236,1,1.0000000000,3.0451510000,-0.0338821300,0.0009970246,-0.0234765500,0.0490114000,0.0942386100,0.9943425000,1,1.0000000000,3.1438750000,0.0331310100,-0.0017075810,-0.0255947900,0.0333101500,0.0607761400,0.9975955000,-0.0305939200,0.0008643189,-0.0235804800,0.0482336000,0.0926066900,0.9945338000,0.0000000000,
4020244,1,1.0000000000,3.0184480000,-0.0338853000,0.0009971925,-0.0234777700,0.0492865100,0.0936749000,0.9943821000,1,1.0000000000,3.1479490000,0.0331306000,-0.0017036740,-0.0256055900,0.0326847800,0.0609902300,0.9976031000,-0.0295033900,0.0008205872,-0.0236169000,0.0482027100,0.0915531000,0.9946329000,0.0000000000,
4020252,1,1.0000000000,3.0450290000,-0.0338884600,0.0009970246,-0.0234789900,0.0496068300,0.0933694800,0.9943950000,1,1.0000000000,3.1435700000,0.0331301900,-0.0016997530,-0.0256163900,0.0320589700,0.0611729700,0.9976122000,-0.0259455400,0.0006774139,-0.0237323200,0.0475313500,0.0895542500,0.9948472000,0.0000000000,
4020261,1,1.0000000000,3.0580290000,-0.0338912400,0.0009971925,-0.0234863800,0.0486759200,0.0937202300,0.9944080000,1,1.0000000000,3.1478270000,0.0331281300,-0.0016958920,-0.0256179800,0.0324254200,0.0606088300,0.9976348000,-0.0167433000,0.0003081207,-0.0240317800,0.0445252100,0.0852662400,0.9953628000,0.0000000000,
4020269,1,1.0000000000,3.0631100000,-0.0338940100,0.0009970246,-0.0234937800,0.0477143900,0.0941012600,0.9944186000,1,1.0000000000,3.1430820000,0.0331260900,-0.0016920470,-0.0256195500,0.0328067600,0.0599677000,0.9976611000,0.0023365630,-0.0004566651,-0.0246429600,0.0396578400,0.0756688000,0.9963441000,0.0000000000,
4020277,1,1.0000000000,3.0534970000,-0.0338968500,0.0009971925,-0.0234961000,0.0467073200,0.0937961200,0.9944952000,1,1.0000000000,3.1473240000,0.0331246800,-0.0016920320,-0.0256237500,0.0321962200,0.0601352200,0.9976709000,0.0105249300,-0.0007852173,-0.0249063100,0.0370941300,0.0715027200,0.9967504000,0.0000000000,
4020286,1,1.0000000000,3.0441590000,-0.0338996900,0.0009973450,-0.0234984100,0.0457005700,0.0935679200,0.9945635000,1,1.0000000000,3.1891020000,0.0330649400,-0.0016666260,-0.0256358000,0.0381168400,0.0635840200,0.9972484000,0.0000992279,-0.0003551788,-0.0245835900,0.0418554400,0.0783549600,0.9960465000,0.0000000000,
4020294,1,1.0000000000,3.0534670000,-0.0339021200,0.0009971925,-0.0234961000,0.0454107200,0.0933696900,0.9945954000,1,1.0000000000,3.1978910000,0.0330164500,-0.0016863860,-0.0255351600,0.0393982600,0.0511933300,0.9979113000,-0.0028578490,-0.0002477417,-0.0244420300,0.0426333400,0.0738225100,0.9963597000,0.0000000000,
4020302,1,1.0000000000,3.0625610000,-0.0340909000,0.0010349120,-0.0236468800,0.0538637200,0.0913852200,0.9943578000,1,1.0000000000,3.1404880000,0.0329644900,-0.0016603090,-0.0255710100,0.0373233100,0.0586247500,0.9975821000,0.0011137540,-0.0003800965,-0.0246570700,0.0451966500,0.0742036800,0.9962184000,0.0000000000,
4020311,1,1.0000000000,3.1154630000,-0.0341632900,0.0009888306,-0.0235119200,0.0614167300,0.0906221000,0.9939898000,1,1.0000000000,3.0912170000,0.0328970700,-0.0016493380,-0.0255655800,0.0367739100,0.0478976300,0.9981751000,0.0003190155,-0.0003677063,-0.0245679000,0.0487671600,0.0686799100,0.9964461000,0.0000000000,
4020319,1,1.0000000000,3.0149690000,-0.0342128600,0.0009675294,-0.0235054800,0.0628360400,0.0912785800,0.9938409000,1,1.0000000000,3.2114410000,0.0328606600,-0.0016673430,-0.0255144800,0.0442510000,0.0514990100,0.9976922000,-0.0026258850,-0.0002733002,-0.0244515900,0.0540932800,0.0725567200,0.9958963000,0.0000000000,
4020327,1,1.0000000000,2.9361720000,-0.0342144600,0.0009353181,-0.0234699100,0.0708777900,0.0836953000,0.9939675000,1,1.0000000000,3.0081020000,0.0328534100,-0.0016567690,-0.0255915500,0.0529633200,0.0477753200,0.9974530000,-0.0022252960,-0.0003010101,-0.0244818600,0.0623481900,0.0665749300,0.9958315000,0.0000000000,
4020336,1,1.0000000000,2.8827970000,-0.0341909500,0.0008876190,-0.0233799800,0.0737308900,0.0892491700,0.9932765000,1,1.0000000000,2.9223180000,0.0328843600,-0.0016640170,-0.0256707000,0.0519262600,0.0426945800,0.9977379000,-0.0022009430,-0.0003293152,-0.0244724800,0.0633549800,0.0670629000,0.9957352000,0.0000000000,
4020344,1,1.0000000000,2.9460300000,-0.0341117700,0.0009353943,-0.0235888100,0.0677492800,0.0797427300,0.9945105000,1,1.0000000000,3.0106810000,0.0329461200,-0.0017937780,-0.0253479800,0.0635232300,0.0561836500,0.9963976000,-0.0067060700,-0.0001799774,-0.0243077600,0.0660251500,0.0701145200,0.9953516000,0.0000000000,
4020352,1,1.0000000000,2.9266200000,-0.0340375800,0.0009226380,-0.0236054500,0.0890664300,0.0753181300,0.9931739000,1,1.0000000000,2.9678960000,0.0330171200,-0.0018370210,-0.0252706200,0.0753794200,0.0620583200,0.9952220000,-0.0152119900,0.0001478729,-0.0240729500,0.0852213700,0.0715951000,0.9937865000,0.0000000000,
4020361,1,1.0000000000,2.8282320000,-0.0339379000,0.0009523926,-0.0237725800,0.1017011000,0.0785226800,0.9917112000,1,1.0000000000,3.0234680000,0.0331112100,-0.0017970430,-0.0254517500,0.0749827700,0.0552986500,0.9956504000,-0.0053797460,-0.0002186585,-0.0244877900,0.0903331600,0.0686501500,0.9935427000,0.0000000000,
4020369,1,1.0000000000,2.8584900000,-0.0338480400,0.0008893586,-0.0236442100,0.1011668000,0.0743110300,0.9920903000,1,1.0000000000,2.9912410000,0.0331798600,-0.0018054810,-0.0254888800,0.0849766400,0.0600283900,0.9945731000,0.0011214450,-0.0005165710,-0.0246066000,0.0927281400,0.0668643600,0.9934438000,0.0000000000,
4020377,1,1.0000000000,2.7950440000,-0.0337603200,0.0009096375,-0.0237728100,0.1014714000,0.0809940200,0.9915359000,1,1.0000000000,3.0184630000,0.0332826900,-0.0018273470,-0.0254879500,0.0875256100,0.0680703900,0.9938338000,0.0053628240,-0.0006875306,-0.0247736800,0.0933381200,0.0734558900,0.9929211000,0.0000000000,
4020385,1,1.0000000000,2.8218990000,-0.0336897300,0.0008476258,-0.0235726000,0.1167007000,0.0811014900,0.9898502000,1,1.0000000000,2.9028470000,0.0333246500,-0.0018087920,-0.0255687700,0.0976564200,0.0669251700,0.9929674000,0.0035519260,-0.0006286011,-0.0246819300,0.1061264000,0.0732279900,0.9916526000,0.0000000000,
4020394,1,1.0000000000,2.8171840000,-0.0336295000,0.0009485627,-0.0238894400,0.1215988000,0.0822764300,0.9891635000,1,1.0000000000,2.8332670000,0.0333722500,-0.0017579650,-0.0257744500,0.1062323000,0.0762333300,0.9914147000,0.0058155980,-0.0006448060,-0.0249991800,0.1125655000,0.0787210500,0.9905211000,0.0000000000,
4020402,1,1.0000000000,2.8977510000,-0.0335595400,0.0009477997,-0.0238828400,0.1332252000,0.0750431200,0.9882407000,1,1.0000000000,2.7819370000,0.0334324800,-0.0017522130,-0.0258592700,0.1111920000,0.0717323600,0.9912067000,-0.0024082640,-0.0003076935,-0.0248018800,0.1229874000,0.0735025300,0.9896825000,0.0000000000,
4020410,1,1.0000000000,2.8739470000,-0.0334824700,0.0009429932,-0.0238699100,0.1458608000,0.0854351300,0.9856092000,1,1.0000000000,2.8775330000,0.0334848500,-0.0017794340,-0.0257265800,0.1252920000,0.0559549100,0.9905407000,-0.0080097210,-0.0000925446,-0.0245761400,0.1380632000,0.0742349300,0.9876374000,0.0000000000,
4020419,1,1.0000000000,2.8372800000,-0.0334034500,0.0009924317,-0.0240934200,0.1505589000,0.0723573900,0.9859495000,1,1.0000000000,2.9213560000,0.0335628800,-0.0017762450,-0.0259191400,0.1385655000,0.0499421800,0.9890932000,-0.0222141700,0.0005298157,-0.0243984700,0.1485759000,0.0686040200,0.9865184000,0.0000000000,
4020427,1,1.0000000000,2.8060910000,-0.0332986600,0.0009899139,-0.0241130500,0.1645674000,0.0782934700,0.9832537000,1,1.0000000000,2.9458620000,0.0336259600,-0.0018139950,-0.0257391500,0.1453111000,0.0455174900,0.9883384000,-0.0132569400,0.0001502228,-0.0246000200,0.1588143000,0.0684970700,0.9849296000,0.0000000000,
4020435,1,1.0000000000,2.7951660000,-0.0332209300,0.0009322205,-0.0239859900,0.1757838000,0.0727854900,0.9817344000,1,1.0000000000,2.9570770000,0.0337224800,-0.0016892090,-0.0262434400,0.1527868000,0.0513002400,0.9869268000,-0.0204524800,0.0004322205,-0.0244165700,0.1714045000,0.0686961000,0.9828028000,0.0000000000,
4020444,1,1.0000000000,2.7969360000,-0.0331391200,0.0009119111,-0.0238740900,0.1861124000,0.0784611100,0.9793906000,1,1.0000000000,2.9456790000,0.0337839700,-0.0017040100,-0.0261752200,0.1717089000,0.0545354600,0.9836371000,-0.0276437400,0.0006970978,-0.0240630500,0.1849397000,0.0764936200,0.9797683000,0.0000000000,
4020452,1,1.0000000000,2.6291810000,-0.0330395200,0.0008828278,-0.0238443200,0.1908593000,0.0615242000,0.9796875000,1,1.0000000000,3.0540010000,0.0338632400,-0.0017474820,-0.0260383900,0.1852141000,0.0547646700,0.9811710000,-0.0291094800,0.0007283173,-0.0239732100,0.1905233000,0.0611273800,0.9797776000,0.0000000000,
4020460,1,1.0000000000,2.6834410000,-0.0329673900,0.0008687897,-0.0238224300,0.2040442000,0.0608531500,0.9770685000,1,1.0000000000,3.0142210000,0.0339531400,-0.0017927860,-0.0259166300,0.1899582000,0.0592351000,0.9800036000,-0.0239941100,0.0005119019,-0.0241032400,0.2021656000,0.0606390100,0.9774722000,0.0000000000,
4020469,1,1.0000000000,2.7358860000,-0.0329112000,0.0008743592,-0.0238251100,0.2151957000,0.0679782300,0.9742021000,1,1.0000000000,2.8418730000,0.0340044300,-0.0017878880,-0.0258769400,0.2030797000,0.0676271000,0.9768240000,-0.0201293000,0.0003658295,-0.0242170300,0.2128785000,0.0679178700,0.9747153000,0.0000000000,
4020477,1,1.0000000000,2.8031620000,-0.0328462400,0.0008868256,-0.0238305800,0.2198823000,0.0659341700,0.9732957000,1,1.0000000000,2.9294890000,0.0340571300,-0.0017768250,-0.0258895400,0.2161732000,0.0733496700,0.9735959000,-0.0165459100,0.0002378540,-0.0243322300,0.2189794000,0.0677339200,0.9733756000,0.0000000000,
4020485,1,1.0000000000,2.7589420000,-0.0328003900,0.0008981934,-0.0238461900,0.2378847000,0.0665588900,0.9690102000,1,1.0000000000,2.9392550000,0.0341007100,-0.0017781370,-0.0258874400,0.2213605000,0.0697788400,0.9726923000,-0.0150627000,0.0001886139,-0.0243873900,0.2335086000,0.0674142800,0.9700150000,0.0000000000,
4020494,1,1.0000000000,2.6417080000,-0.0327196000,0.0009141235,-0.0238557300,0.2381913000,0.0667118700,0.9689243000,1,1.0000000000,2.7830350000,0.0341443200,-0.0017766720,-0.0258957400,0.2315545000,0.0678412600,0.9704536000,-0.0103420700,0.0000135803,-0.0245384700,0.2359779000,0.0670931000,0.9694395000,0.0000000000,
4020502,1,1.0000000000,2.7398380000,-0.0326617400,0.0009210053,-0.0238712500,0.2470584000,0.0690774700,0.9665353000,1,1.0000000000,2.7108610000,0.0342018300,-0.0017697300,-0.0259101100,0.2399628000,0.0664833900,0.9685029000,-0.0198727700,0.0004063416,-0.0242612300,0.2457005000,0.0685739600,0.9669172000,0.0000000000,
4020510,1,1.0000000000,2.7561190000,-0.0325989200,0.0009221344,-0.0238988400,0.2595249000,0.0756846100,0.9627662000,1,1.0000000000,2.8063810000,0.0342551600,-0.0017706450,-0.0259281900,0.2604866000,0.0578316500,0.9637439000,-0.0227361300,0.0005248719,-0.0241982300,0.2596762000,0.0730444300,0.9629292000,0.0000000000,
4020519,1,1.0000000000,2.8401950000,-0.0325141900,0.0009141541,-0.0239094700,0.2681745000,0.0729221000,0.9606065000,1,1.0000000000,2.9059910000,0.0343263100,-0.0017820740,-0.0259497400,0.2698538000,0.0625310100,0.9608688000,-0.0115578200,0.0000688019,-0.0245491500,0.2687087000,0.0696720000,0.9606984000,0.0000000000,
4020527,1,1.0000000000,2.7571870000,-0.0324990300,0.0008963776,-0.0239246500,0.2840750000,0.0836492900,0.9551461000,1,1.0000000000,2.8713530000,0.0343839900,-0.0017844850,-0.0259681700,0.2758807000,0.0726628400,0.9584414000,-0.0005964508,-0.0003823700,-0.0248994000,0.2801712000,0.0784162100,0.9567419000,0.0000000000,
4020535,1,1.0000000000,2.8195500000,-0.0323931800,0.0009102173,-0.0239410300,0.2828091000,0.0803535600,0.9558045000,1,1.0000000000,2.8445740000,0.0344446700,-0.0017782140,-0.0259877200,0.2830698000,0.0761882300,0.9560684000,0.0029475560,-0.0005112916,-0.0250232300,0.2829479000,0.0781414200,0.9559469000,0.0000000000,
4020544,1,1.0000000000,2.8168640000,-0.0323430600,0.0009024048,-0.0239567400,0.2941760000,0.0816045000,0.9522611000,1,1.0000000000,2.9046170000,0.0344947400,-0.0017682190,-0.0259928900,0.2853894000,0.0713969500,0.9557486000,0.0021077420,-0.0004741364,-0.0250062600,0.2896461000,0.0763559600,0.9540833000,0.0000000000,
4020552,1,1.0000000000,2.8762970000,-0.0322904200,0.0009099732,-0.0239732700,0.3009362000,0.0841071100,0.9499281000,1,1.0000000000,2.9113160000,0.0345123400,-0.0017632750,-0.0260007800,0.3040635000,0.0770725500,0.9495290000,0.0015500340,-0.0004442139,-0.0250003500,0.3025242000,0.0805368100,0.9497331000,0.0000000000,
4020560,1,1.0000000000,2.8298650000,-0.0322282000,0.0009104615,-0.0239899500,0.3071326000,0.0887309200,0.9475212000,1,1.0000000000,2.7895360000,0.0345519900,-0.0017484440,-0.0260098700,0.3051462000,0.0775148900,0.9491455000,0.0016518860,-0.0004384918,-0.0250147300,0.3061261000,0.0830395000,0.9483624000,0.0000000000,
4020569,1,1.0000000000,2.8414310000,-0.0321989000,0.0009105225,-0.0240001400,0.3130233000,0.0908826500,0.9453871000,1,1.0000000000,2.8544920000,0.0346032600,-0.0017214660,-0.0260289000,0.3126885000,0.0816969600,0.9463359000,0.0021437530,-0.0004425659,-0.0250431100,0.3128535000,0.0861670800,0.9458848000,0.0000000000,
4020577,1,1.0000000000,2.7427370000,-0.0321631200,0.0009200745,-0.0240252200,0.3271362000,0.0948037400,0.9402096000,1,1.0000000000,2.8273770000,0.0346577500,-0.0017205660,-0.0260453800,0.3114344000,0.0849311100,0.9464647000,0.0010664520,-0.0003930969,-0.0250298300,0.3193383000,0.0899054500,0.9433663000,0.0000000000,
4020585,1,1.0000000000,2.7720640000,-0.0321155900,0.0009214631,-0.0240344900,0.3255939000,0.0970922300,0.9405114000,1,1.0000000000,2.8934480000,0.0347072100,-0.0017200930,-0.0260608500,0.3106399000,0.0930943200,0.9459579000,0.0052317810,-0.0005549011,-0.0251670200,0.3172496000,0.0948651300,0.9435853000,0.0000000000,
4020594,1,1.0000000000,2.7831420000,-0.0320866600,0.0009214783,-0.0240381600,0.3294697000,0.0949254700,0.9393822000,1,1.0000000000,2.8567500000,0.0347254100,-0.0017196500,-0.0260559100,0.3094076000,0.0847639900,0.9471441000,0.0054279940,-0.0005614929,-0.0251711100,0.3182241000,0.0892187100,0.9438080000,0.0000000000,
4020602,1,1.0000000000,2.7480770000,-0.0320586100,0.0009216156,-0.0240494600,0.3340163000,0.0972751800,0.9375344000,1,1.0000000000,2.8093720000,0.0347430400,-0.0017109380,-0.0260648700,0.3152655000,0.0858774700,0.9451099000,0.0049771280,-0.0005379029,-0.0251668300,0.3236422000,0.0909585700,0.9417974000,0.0000000000,
4020610,1,1.0000000000,2.7930450000,-0.0320442200,0.0009210663,-0.0240595600,0.3373158000,0.1035172000,0.9356828000,1,1.0000000000,2.8682250000,0.0347589400,-0.0017078400,-0.0260778200,0.3222689000,0.0893411200,0.9424229000,0.0048419650,-0.0005305176,-0.0251739700,0.3290271000,0.0957036500,0.9394583000,0.0000000000,
4020619,1,1.0000000000,2.8446350000,-0.0320321400,0.0009253998,-0.0240650800,0.3455866000,0.0976883200,0.9332882000,1,1.0000000000,2.7953030000,0.0347832000,-0.0017160950,-0.0260804500,0.3237921000,0.0837403900,0.9424151000,0.0029242400,-0.0004565582,-0.0251194800,0.3342170000,0.0903940700,0.9381513000,0.0000000000,
4020627,1,1.0000000000,2.8373110000,-0.0320230000,0.0009270020,-0.0240659000,0.3492442000,0.0928347600,0.9324217000,1,1.0000000000,2.8116150000,0.0348037100,-0.0017099300,-0.0260957600,0.3402274000,0.0809789200,0.9368499000,0.0023108520,-0.0004277802,-0.0251088000,0.3446207000,0.0867464500,0.9347254000,0.0000000000,
4020635,1,1.0000000000,2.8350980000,-0.0320167700,0.0009271699,-0.0240676700,0.3502079000,0.0955362200,0.9317871000,1,1.0000000000,2.8902280000,0.0348221400,-0.0016990050,-0.0261098900,0.3483755000,0.0853429100,0.9334619000,0.0012089540,-0.0003782959,-0.0250828600,0.3493089000,0.0904705800,0.9326298000,0.0000000000,
4020644,1,1.0000000000,2.8325500000,-0.0320105300,0.0009270020,-0.0240694300,0.3511691000,0.0982217600,0.9311459000,1,1.0000000000,2.9654850000,0.0348369900,-0.0016958770,-0.0261043100,0.3506208000,0.0751352200,0.9334986000,0.0003543549,-0.0003428803,-0.0250546400,0.3509240000,0.0870519800,0.9323488000,0.0000000000,
4020652,1,1.0000000000,2.7993930000,-0.0319988300,0.0009271699,-0.0240706000,0.3519152000,0.0990605400,0.9307753000,1,1.0000000000,2.9023280000,0.0348483300,-0.0016855620,-0.0261187900,0.3587537000,0.0793924500,0.9300498000,-0.0005901185,-0.0003004303,-0.0250329700,0.3551498000,0.0898136100,0.9304849000,0.0000000000,
4020660,1,1.0000000000,2.7667690000,-0.0319871100,0.0009273529,-0.0240717900,0.3526635000,0.0999610100,0.9303957000,1,1.0000000000,2.8807830000,0.0348626600,-0.0016819150,-0.0261286600,0.3648097000,0.0798803100,0.9276493000,-0.0013941190,-0.0002667389,-0.0250130900,0.3582474000,0.0907749300,0.9292033000,0.0000000000,
4020669,1,1.0000000000,2.8008120000,-0.0319758500,0.0009285279,-0.0240723900,0.3541467000,0.1006028000,0.9297630000,1,1.0000000000,3.0159450000,0.0348733800,-0.0016783600,-0.0261274600,0.3658462000,0.0757754400,0.9275854000,-0.0014588320,-0.0002615204,-0.0250105300,0.3595161000,0.0892801100,0.9288580000,0.0000000000,
4020677,1,1.0000000000,2.8349150000,-0.0319645700,0.0009296875,-0.0240729700,0.3556238000,0.1012428000,0.9291295000,1,1.0000000000,2.9794770000,0.0348791700,-0.0016757050,-0.0261280100,0.3637131000,0.0775156200,0.9282802000,-0.0012261510,-0.0002684021,-0.0250179900,0.3593773000,0.0903478700,0.9288085000,0.0000000000,
4020685,1,1.0000000000,2.8347020000,-0.0319559800,0.0009316254,-0.0240734600,0.3546654000,0.1008926000,0.9295338000,1,1.0000000000,3.0147860000,0.0348849500,-0.0016730350,-0.0261274600,0.3619578000,0.0751046200,0.9291640000,-0.0008820496,-0.0002792664,-0.0250283500,0.3580797000,0.0889134000,0.9294478000,0.0000000000,
4020694,1,1.0000000000,2.8346410000,-0.0319473700,0.0009335480,-0.0240735800,0.3537171000,0.1004800000,0.9299398000,1,1.0000000000,2.9786530000,0.0348878400,-0.0016699830,-0.0261266500,0.3621251000,0.0765693400,0.9289793000,-0.0005012208,-0.0002914124,-0.0250395500,0.3577009000,0.0892497500,0.9295615000,0.0000000000,
4020702,1,1.0000000000,2.8343200000,-0.0319413000,0.0009364167,-0.0240736100,0.3531360000,0.1009985000,0.9301044000,1,1.0000000000,2.9428100000,0.0348907200,-0.0016669310,-0.0261274600,0.3622902000,0.0780793900,0.9287892000,0.0001838532,-0.0003149567,-0.0250608700,0.3575627000,0.0899819700,0.9295440000,0.0000000000,
4020710,1,1.0000000000,2.8336640000,-0.0319378100,0.0009393006,-0.0240736200,0.3518710000,0.1014414000,0.9305356000,1,1.0000000000,2.9355930000,0.0348914500,-0.0016624600,-0.0261277300,0.3612252000,0.0796364700,0.9290718000,0.0006021881,-0.0003275147,-0.0250737900,0.3564467000,0.0908359300,0.9298895000,0.0000000000,
4020719,1,1.0000000000,2.8338930000,-0.0319402600,0.0009418183,-0.0240736100,0.3516754000,0.1012133000,0.9306344000,1,1.0000000000,2.9282230000,0.0348921800,-0.0016579740,-0.0261279900,0.3601736000,0.0809643000,0.9293652000,0.0008396301,-0.0003333130,-0.0250812400,0.3558700000,0.0912945000,0.9300655000,0.0000000000,
4020727,1,1.0000000000,2.8340910000,-0.0319427200,0.0009443513,-0.0240735800,0.3514769000,0.1009233000,0.9307408000,1,1.0000000000,2.9351200000,0.0348924100,-0.0016584170,-0.0261282800,0.3598818000,0.0796821100,0.9295890000,0.0013448490,-0.0003519745,-0.0250969400,0.3556851000,0.0903479800,0.9302287000,0.0000000000,
4020735,1,1.0000000000,2.8335270000,-0.0319430300,0.0009478150,-0.0240732700,0.3512597000,0.1009223000,0.9308229000,1,1.0000000000,2.9436340000,0.0348921800,-0.0016588750,-0.0261285600,0.3596229000,0.0811776100,0.9295599000,0.0015802310,-0.0003596497,-0.0251041700,0.3554718000,0.0910194500,0.9302447000,0.0000000000,
4020744,1,1.0000000000,2.8339390000,-0.0319433500,0.0009512787,-0.0240729700,0.3510625000,0.1008769000,0.9309022000,1,1.0000000000,2.9553380000,0.0348915000,-0.0016587830,-0.0261287500,0.3592386000,0.0810396400,0.9297205000,0.0031179660,-0.0004179383,-0.0251514300,0.3553659000,0.0904703700,0.9303387000,0.0000000000,
4020752,1,1.0000000000,2.9002080000,-0.0319754500,0.0009724732,-0.0240445300,0.3283285000,0.1025559000,0.9389796000,1,1.0000000000,2.9434510000,0.0348908300,-0.0016588750,-0.0261285600,0.3587825000,0.0810857900,0.9298926000,0.0040205840,-0.0004440460,-0.0251664300,0.3447901000,0.0910193200,0.9342566000,0.0000000000,
4020760,1,1.0000000000,2.8188630000,-0.0319999100,0.0009750214,-0.0240345500,0.3271988000,0.0969404600,0.9399700000,1,1.0000000000,2.8958590000,0.0348521100,-0.0016740420,-0.0260823700,0.3147002000,0.0889290500,0.9450161000,0.0024588620,-0.0003904267,-0.0250900900,0.3207754000,0.0928206900,0.9425961000,0.0000000000,
4020769,1,1.0000000000,2.9475560000,-0.0320219600,0.0009606018,-0.0240275400,0.3167764000,0.1065077000,0.9425014000,1,1.0000000000,2.8856350000,0.0348303200,-0.0016824490,-0.0260767400,0.3079239000,0.0958714300,0.9465683000,0.0019907380,-0.0003841095,-0.0250701200,0.3122763000,0.1011064000,0.9445957000,0.0000000000,
4020777,1,1.0000000000,2.9992680000,-0.0320504300,0.0009531251,-0.0240143700,0.3097264000,0.1064313000,0.9448502000,1,1.0000000000,2.9406430000,0.0347959900,-0.0016929470,-0.0260595000,0.2988445000,0.0941165500,0.9496495000,-0.0001173096,-0.0003109284,-0.0249913500,0.3045362000,0.1005558000,0.9471780000,0.0000000000,
4020785,1,1.0000000000,2.9673770000,-0.0320958700,0.0009552765,-0.0239989600,0.3017131000,0.1049503000,0.9476047000,1,1.0000000000,2.9623570000,0.0347504400,-0.0017102970,-0.0260394900,0.2895981000,0.0915074600,0.9527640000,-0.0003479614,-0.0003106995,-0.0249680800,0.2959630000,0.0985729300,0.9500996000,0.0000000000,
4020794,1,1.0000000000,2.9245150000,-0.0321565900,0.0009617158,-0.0239762100,0.2972756000,0.0926678500,0.9502841000,1,1.0000000000,2.9596250000,0.0346662300,-0.0017201230,-0.0260167600,0.2940541000,0.0918890500,0.9513614000,-0.0009986421,-0.0002887574,-0.0249276600,0.2957799000,0.0923015000,0.9507864000,0.0000000000,
4020802,1,1.0000000000,2.9856870000,-0.0321991600,0.0009616547,-0.0239600200,0.2846839000,0.0935823600,0.9540427000,1,1.0000000000,2.9097440000,0.0346027100,-0.0016939390,-0.0259995700,0.2913693000,0.0837715400,0.9529356000,-0.0012247470,-0.0002696686,-0.0249057000,0.2877840000,0.0890360200,0.9535475000,0.0000000000,
4020810,1,1.0000000000,2.8754270000,-0.0322760300,0.0009766999,-0.0239490800,0.2788588000,0.0949417100,0.9556274000,1,1.0000000000,3.0067750000,0.0345694300,-0.0017067720,-0.0259921000,0.2813420000,0.0847474600,0.9558580000,-0.0014153600,-0.0002621765,-0.0248922900,0.2800173000,0.0902262900,0.9557455000,0.0000000000,
4020819,1,1.0000000000,2.8253630000,-0.0323616800,0.0009721832,-0.0239258400,0.2751940000,0.0921636600,0.9569609000,1,1.0000000000,2.9546970000,0.0345248600,-0.0017093510,-0.0259751000,0.2663425000,0.0824738500,0.9603435000,-0.0011080930,-0.0002807922,-0.0248833800,0.2710595000,0.0876319700,0.9585653000,0.0000000000,
4020827,1,1.0000000000,3.0374600000,-0.0323810800,0.0009988709,-0.0239031500,0.2503094000,0.0782636600,0.9649974000,1,1.0000000000,2.9160920000,0.0344499800,-0.0016978760,-0.0259572500,0.2501244000,0.0832985000,0.9646238000,-0.0002542114,-0.0002975006,-0.0248906000,0.2502159000,0.0806892000,0.9648219000,0.0000000000,
4020835,1,1.0000000000,2.8664090000,-0.0324680200,0.0010106960,-0.0238957800,0.2451328000,0.0859834000,0.9656691000,1,1.0000000000,2.9583590000,0.0344039800,-0.0016873780,-0.0259503200,0.2290972000,0.0940558800,0.9688488000,0.0015519870,-0.0003618927,-0.0249410000,0.2369870000,0.0900889300,0.9673268000,0.0000000000,
4020844,1,1.0000000000,2.7310940000,-0.0325402100,0.0009855957,-0.0238643500,0.2301652000,0.0823980300,0.9696569000,1,1.0000000000,2.9922180000,0.0343252900,-0.0016879730,-0.0259544500,0.2199131000,0.1013047000,0.9702451000,0.0030977480,-0.0004393616,-0.0249783300,0.2247181000,0.0924843300,0.9700249000,0.0000000000,
4020852,1,1.0000000000,2.9176030000,-0.0326168800,0.0009968415,-0.0238603700,0.2244295000,0.0931257300,0.9700304000,1,1.0000000000,3.1122130000,0.0342481200,-0.0016722720,-0.0258907000,0.2000133000,0.0838169800,0.9762015000,0.0030092320,-0.0004252777,-0.0249421400,0.2114443000,0.0881819300,0.9734039000,0.0000000000,
4020860,1,1.0000000000,2.8614650000,-0.0326711800,0.0009997407,-0.0238511400,0.2062388000,0.0878147800,0.9745533000,1,1.0000000000,3.1052250000,0.0341539300,-0.0016549680,-0.0258892200,0.2034330000,0.0798351100,0.9758285000,-0.0013975980,-0.0002426300,-0.0248049500,0.2049288000,0.0840772800,0.9751590000,0.0000000000,
4020869,1,1.0000000000,2.8552860000,-0.0327515400,0.0009949951,-0.0238516400,0.1952522000,0.0931247200,0.9763219000,1,1.0000000000,3.0619200000,0.0340757400,-0.0016336060,-0.0258684100,0.1897135000,0.0703739100,0.9793142000,-0.0022963720,-0.0002029266,-0.0247707400,0.1927370000,0.0827650500,0.9777538000,0.0000000000,
4020877,1,1.0000000000,2.9518280000,-0.0328496900,0.0010091250,-0.0238722700,0.1842356000,0.1041723000,0.9773461000,1,1.0000000000,3.0178990000,0.0339905100,-0.0015871430,-0.0259862500,0.1818865000,0.0657507400,0.9811188000,-0.0019748380,-0.0001901398,-0.0248487600,0.1831832000,0.0864417200,0.9792710000,0.0000000000,
4020885,1,1.0000000000,2.9011080000,-0.0329352900,0.0010361020,-0.0239618700,0.1762555000,0.1027687000,0.9789650000,1,1.0000000000,3.0182040000,0.0339136500,-0.0015230560,-0.0261978500,0.1576858000,0.0790107600,0.9843233000,-0.0072355960,0.0000522461,-0.0248214900,0.1691301000,0.0936441500,0.9811350000,0.0000000000,
4020894,1,1.0000000000,2.9429020000,-0.0330327800,0.0009369965,-0.0236429000,0.1609367000,0.1030898000,0.9815661000,1,1.0000000000,2.9494930000,0.0338080200,-0.0016125790,-0.0259650100,0.1410240000,0.0863051000,0.9862371000,-0.0013700260,-0.0002707367,-0.0247428900,0.1515209000,0.0951545000,0.9838634000,0.0000000000,
4020902,1,1.0000000000,2.9019620000,-0.0331476600,0.0009175873,-0.0235454300,0.1480571000,0.0938117100,0.9845194000,1,1.0000000000,2.9228520000,0.0337233600,-0.0014289400,-0.0264955000,0.1205005000,0.0974898700,0.9879147000,-0.0176099700,0.0003723603,-0.0242308800,0.1416642000,0.0946665900,0.9853778000,0.0000000000,
4020910,1,1.0000000000,2.9331360000,-0.0332283900,0.0009627991,-0.0236476000,0.1302803000,0.1018988000,0.9862270000,1,1.0000000000,2.9381870000,0.0336260100,-0.0014158630,-0.0265181400,0.1069496000,0.0930029300,0.9899052000,-0.0290853900,0.0008153992,-0.0238254900,0.1288461000,0.1013495000,0.9864720000,0.0000000000,
4020919,1,1.0000000000,2.8261260000,-0.0333473800,0.0009573212,-0.0235705700,0.1229259000,0.0966805900,0.9876953000,1,1.0000000000,3.0390010000,0.0335035700,-0.0015068510,-0.0261487400,0.1047379000,0.0806286600,0.9912260000,-0.0260752700,0.0006892700,-0.0238510300,0.1209575000,0.0949410400,0.9881070000,0.0000000000,
4020927,1,1.0000000000,2.9776610000,-0.0334308000,0.0010629580,-0.0239144600,0.1071171000,0.0934909200,0.9898410000,1,1.0000000000,3.0563810000,0.0334101700,-0.0015677190,-0.0259329100,0.0940101100,0.0729223100,0.9928970000,-0.0257009900,0.0007587281,-0.0241478900,0.1056067000,0.0911108000,0.9902253000,0.0000000000,
4020935,1,1.0000000000,2.8990170000,-0.0335196300,0.0010294650,-0.0237159300,0.0950787300,0.0920116800,0.9912083000,1,1.0000000000,2.9969640000,0.0333048400,-0.0014650120,-0.0261874600,0.0787814400,0.0677492900,0.9945871000,-0.0241665500,0.0006803284,-0.0240618500,0.0928042100,0.0886232900,0.9917325000,0.0000000000,
4020944,1,1.0000000000,2.8456120000,-0.0336049700,0.0011311340,-0.0240428900,0.0813453000,0.0915687800,0.9924707000,1,1.0000000000,3.0513310000,0.0331939100,-0.0016087800,-0.0257301900,0.0762948600,0.0733804000,0.9943814000,-0.0235038000,0.0007168122,-0.0242980500,0.0805828900,0.0888227600,0.9927824000,0.0000000000,
4020952,1,1.0000000000,2.8309780000,-0.0337020000,0.0010325930,-0.0236839100,0.0769205200,0.0949566400,0.9925051000,1,1.0000000000,3.0460050000,0.0331265700,-0.0016357120,-0.0256760700,0.0524294600,0.0755466400,0.9957629000,-0.0280878600,0.0008084412,-0.0238512700,0.0748750300,0.0933382000,0.9928151000,0.0000000000,
4020960,1,1.0000000000,2.8597110000,-0.0337811900,0.0011348420,-0.0240108800,0.0709691700,0.1008919000,0.9923629000,1,1.0000000000,3.0778960000,0.0330290800,-0.0015366210,-0.0259736300,0.0462651700,0.0684974700,0.9965779000,-0.0251314900,0.0007889710,-0.0242650000,0.0677799400,0.0967107600,0.9930019000,0.0000000000,
4020969,1,1.0000000000,2.9727170000,-0.0338894700,0.0010018010,-0.0235509100,0.0550844200,0.1067814000,0.9927555000,1,1.0000000000,3.0580290000,0.0329576900,-0.0015939640,-0.0258291200,0.0248261600,0.0806430600,0.9964339000,-0.0289145400,0.0008086243,-0.0237204600,0.0528417900,0.1048443000,0.9930838000,0.0000000000,
4020977,1,1.0000000000,2.9826350000,-0.0339552200,0.0010687870,-0.0238061500,0.0394748700,0.1069651000,0.9934788000,1,1.0000000000,3.1299290000,0.0328749400,-0.0016141210,-0.0258091900,0.0151063600,0.0918130900,0.9956617000,-0.0303586600,0.0009243927,-0.0239139600,0.0381778600,0.1061564000,0.9936163000,0.0000000000,
4020985,1,1.0000000000,2.9001920000,-0.0340288200,0.0010948180,-0.0238689700,0.0318451900,0.1007388000,0.9944031000,1,1.0000000000,3.0032200000,0.0327914100,-0.0016291350,-0.0258043400,0.0048370490,0.0939791400,0.9955624000,-0.0224403100,0.0006224060,-0.0242046200,0.0271610800,0.0995652200,0.9946603000,0.0000000000,
4020994,1,1.0000000000,3.1200560000,-0.0340890200,0.0010901180,-0.0238482400,0.0134735400,0.1003573000,0.9948602000,1,1.0000000000,2.8985900000,0.0327303900,-0.0016574400,-0.0256610400,-0.0066681790,0.0986493800,0.9950999000,-0.0066317300,-0.0000388947,-0.0245931400,0.0051880580,0.0996564900,0.9950084000,0.0000000000,
4021002,1,1.0000000000,3.0778500000,-0.0341811900,0.0012603610,-0.0243529500,0.0041656930,0.0882577600,0.9960889000,1,1.0000000000,3.1016850000,0.0326445000,-0.0016125640,-0.0257951200,-0.0154420100,0.0929419700,0.9955518000,0.0195878900,-0.0010512390,-0.0255133400,-0.0116120200,0.0920264100,0.9956889000,0.0000000000,
4021010,1,1.0000000000,3.1043240000,-0.0342397600,0.0012233120,-0.0242170700,-0.0085602490,0.0884864200,0.9960406000,1,1.0000000000,3.0877380000,0.0325846600,-0.0016880490,-0.0256530600,-0.0260469100,0.0944982500,0.9951842000,0.0283190300,-0.0015022130,-0.0255614000,-0.0249331000,0.0941171200,0.9952489000,0.0000000000,
4021019,1,1.0000000000,3.1650390000,-0.0343054500,0.0012260590,-0.0242383000,-0.0167236900,0.0899356000,0.9958072000,1,1.0000000000,2.9911960000,0.0325131900,-0.0015992890,-0.0259229400,-0.0415957200,0.1021125000,0.9939028000,0.0311557300,-0.0015418850,-0.0258887200,-0.0410921900,0.1018683000,0.9939488000,0.0000000000,
4021027,1,1.0000000000,3.1222380000,-0.0344678800,0.0020537870,-0.0269675200,-0.0017547850,0.0667123400,0.9977707000,1,1.0000000000,3.0753480000,0.0324482400,-0.0016025700,-0.0259245600,-0.0397648700,0.0931865300,0.9948543000,0.0324482300,-0.0016025700,-0.0259245600,-0.0397648700,0.0931865300,0.9948543000,0.0000000000,
4021035,1,1.0000000000,3.1840210000,-0.0345086500,0.0020549770,-0.0269877500,-0.0048523150,0.0629427700,0.9980053000,1,1.0000000000,2.9541320000,0.0324178000,-0.0016816250,-0.0257089100,-0.0569620200,0.1036394000,0.9929824000,0.0324178000,-0.0016816250,-0.0257089100,-0.0569620200,0.1036394000,0.9929824000,0.0000000000,
4021044,1,1.0000000000,3.1294860000,-0.0345303200,0.0020051580,-0.0268174000,-0.0214083300,0.0696571800,0.9973412000,1,1.0000000000,3.0952000000,0.0323943000,-0.0017208250,-0.0256214300,-0.0582284300,0.0915693900,0.9940948000,0.0323943000,-0.0017208250,-0.0256214300,-0.0582284300,0.0915693900,0.9940948000,0.0000000000,
4021052,1,1.0000000000,3.0729060000,-0.0345514100,0.0019627690,-0.0266662100,-0.0264589600,0.0733343400,0.9969564000,1,1.0000000000,2.9700320000,0.0323505000,-0.0016571050,-0.0258166100,-0.0746004200,0.1029513000,0.9918850000,0.0323505000,-0.0016571050,-0.0258166100,-0.0746004200,0.1029513000,0.9918850000,0.0000000000,
4021060,1,1.0000000000,3.1905670000,-0.0345684100,0.0018885650,-0.0263999800,-0.0371249600,0.0722204700,0.9966975000,1,1.0000000000,3.1538540000,0.0323002800,-0.0015683750,-0.0260899700,-0.0778056100,0.0945447200,0.9924755000,0.0323002800,-0.0015683750,-0.0260899700,-0.0778056100,0.0945447200,0.9924755000,0.0000000000,
4021069,1,1.0000000000,3.1074980000,-0.0345985000,0.0018594970,-0.0263046900,-0.0482179300,0.0743410700,0.9960665000,1,1.0000000000,3.1648100000,0.0322635700,-0.0015945130,-0.0260238200,-0.0788577900,0.1013646000,0.9917190000,0.0322635700,-0.0015945130,-0.0260238200,-0.0788577900,0.1013646000,0.9917190000,0.0000000000,
4021077,1,1.0000000000,3.0282590000,-0.0346673300,0.0019484710,-0.0266378200,-0.0486914400,0.0858776000,0.9951152000,1,1.0000000000,3.0380250000,0.0322413200,-0.0016413120,-0.0258811800,-0.0958262600,0.0946665800,0.9908862000,0.0322413200,-0.0016413120,-0.0258811800,-0.0958262600,0.0946665800,0.9908862000,0.0000000000,
4021085,1,1.0000000000,3.1674190000,-0.0347206000,0.0020159910,-0.0268917500,-0.0405582600,0.0815437700,0.9958442000,1,1.0000000000,2.9773860000,0.0322175500,-0.0016367650,-0.0258740200,-0.0985874900,0.1008000000,0.9900100000,0.0322175500,-0.0016367650,-0.0258740200,-0.0985874900,0.1008000000,0.9900100000,0.0000000000,
4021094,1,1.0000000000,3.1195370000,-0.0347382200,0.0019796300,-0.0267369500,-0.0479892600,0.0791784700,0.9957047000,1,1.0000000000,2.9647220000,0.0321937300,-0.0015995790,-0.0259460600,-0.1009228000,0.0963756300,0.9902153000,0.0321934400,-0.0015995640,-0.0259460600,-0.1009228000,0.0963756300,0.9902153000,0.0000000000,
4021102,1,1.0000000000,3.0644380000,-0.0347550500,0.0019856720,-0.0267363600,-0.0487979400,0.0858923000,0.9951087000,1,1.0000000000,2.9441990000,0.0321867400,-0.0015885160,-0.0259636200,-0.1030276000,0.0927584400,0.9903440000,0.0243170900,-0.0011683350,-0.0260544600,-0.0966659800,0.0919662000,0.9910590000,0.0000000000,
4021110,1,1.0000000000,3.1364140000,-0.0347637900,0.0019525610,-0.0266142000,-0.0536048900,0.0827038200,0.9951314000,1,1.0000000000,2.9633640000,0.0321797500,-0.0015774540,-0.0259811700,-0.1052099000,0.0940251100,0.9899950000,0.0185926800,-0.0008609925,-0.0261096500,-0.0947577000,0.0917516900,0.9912632000,0.0000000000,
4021119,1,1.0000000000,3.0379030000,-0.0347728000,0.0019638060,-0.0266336800,-0.0632791700,0.0903639300,0.9938964000,1,1.0000000000,2.9998320000,0.0321739700,-0.0015671230,-0.0260068500,-0.1092853000,0.0917983900,0.9897625000,0.0119368400,-0.0004997712,-0.0261963400,-0.0953988400,0.0913857400,0.9912355000,0.0000000000,
4021127,1,1.0000000000,3.0729830000,-0.0347777100,0.0019586790,-0.0266134000,-0.0638889000,0.0903783000,0.9938561000,1,1.0000000000,3.0797580000,0.0321327200,-0.0014961850,-0.0261991400,-0.1169146000,0.0958113600,0.9885095000,0.0123565800,-0.0004750519,-0.0263215800,-0.1012739000,0.0942395500,0.9903851000,0.0000000000,
4021135,1,1.0000000000,3.1035610000,-0.0348129300,0.0019276430,-0.0265073100,-0.0747232300,0.0996258900,0.9922152000,1,1.0000000000,3.1205290000,0.0320993200,-0.0014684750,-0.0262538900,-0.1183479000,0.0901952700,0.9888673000,0.0110747200,-0.0004013672,-0.0263335100,-0.1046757000,0.0931857500,0.9901310000,0.0000000000,
4021144,1,1.0000000000,3.0269780000,-0.0348692600,0.0019475710,-0.0265376800,-0.0695649500,0.0930635300,0.9932270000,1,1.0000000000,3.0051730000,0.0320636800,-0.0014831850,-0.0261603900,-0.1243294000,0.0948950500,0.9876928000,-0.0010801700,0.0002156525,-0.0263472100,-0.0972452500,0.0940256200,0.9908090000,0.0000000000,
4021152,1,1.0000000000,3.0709840000,-0.0349076500,0.0018997500,-0.0263337100,-0.0865938400,0.0961306100,0.9915949000,1,1.0000000000,3.0536350000,0.0320174300,-0.0014532470,-0.0262093200,-0.1280520000,0.0900270300,0.9876729000,-0.0127493400,0.0007895966,-0.0262925300,-0.1003430000,0.0941325600,0.9904900000,0.0000000000,
4021160,1,1.0000000000,2.9974520000,-0.0349494500,0.0019273530,-0.0263704100,-0.0948488300,0.0955812500,0.9908925000,1,1.0000000000,3.1784520000,0.0319614000,-0.0013644720,-0.0264767300,-0.1360190000,0.0890669400,0.9866945000,-0.0136723800,0.0008805848,-0.0264042200,-0.1079577000,0.0935226200,0.9897467000,0.0000000000,
4021169,1,1.0000000000,3.0308380000,-0.0349662800,0.0019225010,-0.0262829600,-0.0922244300,0.0881961000,0.9918247000,1,1.0000000000,3.0104220000,0.0319280300,-0.0013092040,-0.0266486500,-0.1405969000,0.0880142400,0.9861470000,-0.0209869200,0.0012471470,-0.0263593900,-0.1023562000,0.0881807400,0.9908317000,0.0000000000,
4021177,1,1.0000000000,3.0457760000,-0.0349727000,0.0019337460,-0.0262526000,-0.0985572600,0.0994422800,0.9901503000,1,1.0000000000,3.0329740000,0.0319259800,-0.0013181310,-0.0266229600,-0.1384754000,0.0855724600,0.9866620000,-0.0252277500,0.0014600530,-0.0263065500,-0.1043860000,0.0974431800,0.9897517000,0.0000000000,
4021185,1,1.0000000000,3.1087190000,-0.0349692700,0.0019097750,-0.0261265700,-0.1047062000,0.0937961200,0.9900701000,1,1.0000000000,3.0563660000,0.0319280300,-0.0013270420,-0.0265972800,-0.1383378000,0.0865183200,0.9865988000,-0.0269059000,0.0015196230,-0.0261833200,-0.1087662000,0.0929273400,0.9897143000,0.0000000000,
4021194,1,1.0000000000,3.0918730000,-0.0349689600,0.0019119870,-0.0261302100,-0.1043107000,0.0968032600,0.9898224000,1,1.0000000000,3.0336460000,0.0319296800,-0.0013311920,-0.0265890800,-0.1387960000,0.0860913800,0.9865718000,-0.0250721000,0.0014321900,-0.0261980900,-0.1094222000,0.0952313100,0.9894230000,0.0000000000,
4021202,1,1.0000000000,3.0751190000,-0.0349692700,0.0019141850,-0.0261338400,-0.1046299000,0.0993503600,0.9895363000,1,1.0000000000,3.0107270000,0.0319313400,-0.0013353270,-0.0265808900,-0.1392527000,0.0856176700,0.9865487000,-0.0197891900,0.0011768490,-0.0262352800,-0.1125044000,0.0962383400,0.9889798000,0.0000000000,
4021210,1,1.0000000000,3.0825500000,-0.0349708600,0.0019217530,-0.0261636400,-0.1042798000,0.0981151500,0.9896965000,1,1.0000000000,3.0006710000,0.0319357000,-0.0013409270,-0.0265690300,-0.1409004000,0.0850529100,0.9863636000,-0.0181178900,0.0010999150,-0.0262657500,-0.1135271000,0.0948348400,0.9889985000,0.0000000000,
4021219,1,1.0000000000,3.0892790000,-0.0349724400,0.0019293060,-0.0261934500,-0.1039287000,0.0969553400,0.9898477000,1,1.0000000000,2.9910740000,0.0319400500,-0.0013465270,-0.0265571800,-0.1425492000,0.0864725000,0.9860032000,-0.0150189500,0.0009524384,-0.0263019100,-0.1154642000,0.0938422900,0.9888689000,0.0000000000,
4021227,1,1.0000000000,3.0991210000,-0.0349748500,0.0019311830,-0.0261977600,-0.1037448000,0.0976870800,0.9897950000,1,1.0000000000,3.0018920000,0.0319392700,-0.0013409270,-0.0265364100,-0.1447624000,0.0849927700,0.9858093000,-0.0039661870,0.0004148560,-0.0263546900,-0.1227876000,0.0918275000,0.9881756000,0.0000000000,
4021235,1,1.0000000000,3.0892330000,-0.0349772800,0.0019293060,-0.0262020700,-0.1035621000,0.0975348500,0.9898292000,1,1.0000000000,2.9971160000,0.0319384900,-0.0013353270,-0.0265156400,-0.1469285000,0.0834359800,0.9856219000,0.0051105960,-0.0000264587,-0.0263899200,-0.1295787000,0.0891120400,0.9875568000,0.0000000000,
4021244,1,1.0000000000,3.0810240000,-0.0349826500,0.0019301150,-0.0262151800,-0.1054700000,0.0983746200,0.9895446000,1,1.0000000000,2.9944310000,0.0319353200,-0.0013362730,-0.0265091700,-0.1466531000,0.0825352700,0.9857388000,0.0002479706,0.0002104340,-0.0263699700,-0.1271826000,0.0900578100,0.9877825000,0.0000000000,
4021252,1,1.0000000000,3.0730740000,-0.0349880100,0.0019293060,-0.0262282900,-0.1073916000,0.0988466900,0.9892909000,1,1.0000000000,2.9970700000,0.0319321300,-0.0013354190,-0.0265027000,-0.1463952000,0.0826887100,0.9857642000,-0.0007082978,0.0002569580,-0.0263688700,-0.1273962000,0.0905918600,0.9877061000,0.0000000000,
4021260,1,1.0000000000,3.0730130000,-0.0349927700,0.0019288180,-0.0262406800,-0.1071785000,0.0994880200,0.9892497000,1,1.0000000000,3.0055850000,0.0319317300,-0.0013363190,-0.0265008700,-0.1464247000,0.0838020400,0.9856658000,-0.0007238312,0.0002568817,-0.0263739200,-0.1273055000,0.0914774600,0.9876361000,0.0000000000,
4021269,1,1.0000000000,3.0729370000,-0.0349975200,0.0019283140,-0.0262282900,-0.1070713000,0.0988773200,0.9893225000,1,1.0000000000,3.0137330000,0.0319313400,-0.0013372190,-0.0264990400,-0.1464693000,0.0848847600,0.9855665000,-0.0014348760,0.0002907410,-0.0263640600,-0.1268636000,0.0918746400,0.9876562000,0.0000000000,
4021277,1,1.0000000000,3.0733180000,-0.0350022300,0.0019279180,-0.0262263000,-0.1091472000,0.0986796000,0.9891154000,1,1.0000000000,3.0221560000,0.0319296800,-0.0013418730,-0.0264967800,-0.1468530000,0.0858168300,0.9854287000,-0.0021591490,0.0003234406,-0.0263590300,-0.1276725000,0.0923783100,0.9875049000,0.0000000000,
4021285,1,1.0000000000,3.0727540000,-0.0350069400,0.0019275210,-0.0262243200,-0.1071323000,0.0988162300,0.9893219000,1,1.0000000000,3.0300290000,0.0319280300,-0.0013465270,-0.0264945200,-0.1458296000,0.0867622600,0.9854979000,-0.0023107610,0.0003282166,-0.0263563100,-0.1260684000,0.0929415200,0.9876581000,0.0000000000,
4021294,1,1.0000000000,3.0733950000,-0.0350070200,0.0019273990,-0.0262132000,-0.1062324000,0.0980689000,0.9894934000,1,1.0000000000,3.0120240000,0.0319605600,-0.0013828740,-0.0263097700,-0.1417717000,0.0854201000,0.9862069000,-0.0073085030,0.0005582276,-0.0262531500,-0.1209575000,0.0928505900,0.9883056000,0.0000000000,
4021302,1,1.0000000000,2.9867100000,-0.0349945100,0.0018821110,-0.0260979500,-0.0990299200,0.1037754000,0.9896584000,1,1.0000000000,3.0885620000,0.0319906800,-0.0014040830,-0.0262458500,-0.1433874000,0.0894626300,0.9856148000,-0.0169046300,0.0009946442,-0.0261378900,-0.1110242000,0.0999309500,0.9887808000,0.0000000000,
4021310,1,1.0000000000,2.9983520000,-0.0349760800,0.0018858950,-0.0261059000,-0.0999306300,0.1043252000,0.9895101000,1,1.0000000000,2.9917910000,0.0320275700,-0.0014424290,-0.0261237700,-0.1390385000,0.0882571000,0.9863462000,-0.0268145300,0.0014804840,-0.0261080800,-0.1047065000,0.1023872000,0.9892186000,0.0000000000,
4021319,1,1.0000000000,3.0080720000,-0.0349568500,0.0018755040,-0.0260935400,-0.0959334400,0.1059739000,0.9897304000,1,1.0000000000,2.9771270000,0.0320517500,-0.0014476170,-0.0261154300,-0.1352238000,0.0895693500,0.9867582000,-0.0302132700,0.0016402590,-0.0260950900,-0.0987259900,0.1048143000,0.9895793000,0.0000000000,
4021327,1,1.0000000000,2.9467320000,-0.0349462600,0.0018975070,-0.0261948900,-0.0921329600,0.1031346000,0.9903912000,1,1.0000000000,3.0549620000,0.0320638900,-0.0014376530,-0.0261396200,-0.1332407000,0.0916296900,0.9868388000,-0.0316068900,0.0017312930,-0.0261921200,-0.0941931100,0.1025702000,0.9902560000,0.0000000000,
4021335,1,1.0000000000,2.9578550000,-0.0349437100,0.0019078060,-0.0262405700,-0.0905315600,0.1041731000,0.9904302000,1,1.0000000000,3.0723880000,0.0320670500,-0.0014243620,-0.0261771900,-0.1329198000,0.0913089500,0.9869118000,-0.0309020900,0.0017068330,-0.0262367400,-0.0930947400,0.1033945000,0.9902741000,0.0000000000,
4021344,1,1.0000000000,2.9687960000,-0.0349411600,0.0019181210,-0.0262862700,-0.0889286000,0.1051945000,0.9904674000,1,1.0000000000,3.0529790000,0.0320702100,-0.0014110720,-0.0262147400,-0.1325080000,0.0905766000,0.9870347000,-0.0283106100,0.0015886990,-0.0262791900,-0.0932467000,0.1037600000,0.9902217000,0.0000000000,
4021352,1,1.0000000000,2.9959560000,-0.0349392700,0.0019199680,-0.0263028300,-0.0863347600,0.1067512000,0.9905304000,1,1.0000000000,3.0569920000,0.0320734400,-0.0014042970,-0.0262364400,-0.1279923000,0.0903331600,0.9876527000,-0.0200289500,0.0011803130,-0.0262880600,-0.0956278100,0.1031200000,0.9900614000,0.0000000000,
4021360,1,1.0000000000,2.9687350000,-0.0349374000,0.0019181210,-0.0263015100,-0.0838021300,0.1058971000,0.9908395000,1,1.0000000000,2.9552920000,0.0321134800,-0.0013814700,-0.0263185000,-0.1173561000,0.0940862700,0.9886230000,-0.0087573090,0.0006297913,-0.0263081500,-0.0969248500,0.1013042000,0.9901227000,0.0000000000,
4021369,1,1.0000000000,2.9802400000,-0.0349357600,0.0019160160,-0.0263103000,-0.0829934900,0.1070874000,0.9907796000,1,1.0000000000,3.0191040000,0.0321403800,-0.0014086760,-0.0262544400,-0.1143357000,0.0951551000,0.9888745000,0.0042564850,-0.0000265808,-0.0262776700,-0.1013345000,0.1001291000,0.9898007000,0.0000000000,
4021377,1,1.0000000000,2.9132080000,-0.0348672800,0.0019179230,-0.0263197500,-0.0672159000,0.0994886800,0.9927658000,1,1.0000000000,2.9883420000,0.0321787400,-0.0014741670,-0.0260987300,-0.1087811000,0.0940714900,0.9896046000,0.0070737460,-0.0002040100,-0.0261814900,-0.0932323400,0.0961162900,0.9909942000,0.0000000000,
4021385,1,1.0000000000,3.0891720000,-0.0348198100,0.0019608000,-0.0264335200,-0.0545504900,0.1000067000,0.9934902000,1,1.0000000000,3.0896150000,0.0322355100,-0.0015434880,-0.0259111800,-0.1084141000,0.0987857900,0.9891854000,-0.0017869420,0.0002345123,-0.0261762100,-0.0811158700,0.0994417100,0.9917316000,0.0000000000,
4021394,1,1.0000000000,3.1005710000,-0.0347652900,0.0019636990,-0.0264726600,-0.0576790200,0.0993818700,0.9933762000,1,1.0000000000,3.0743100000,0.0322813100,-0.0015134430,-0.0260292500,-0.1025254000,0.1011063000,0.9895787000,-0.0088934180,0.0006219330,-0.0263015600,-0.0749975800,0.1000680000,0.9921501000,0.0000000000,
4021402,1,1.0000000000,3.0922390000,-0.0347220900,0.0019854430,-0.0265135500,-0.0519110900,0.0922406000,0.9943827000,1,1.0000000000,3.1115110000,0.0323614400,-0.0016233220,-0.0257505700,-0.1027386000,0.1077283000,0.9888576000,-0.0224433400,0.0013249050,-0.0263739000,-0.0612187600,0.0950935500,0.9935842000,0.0000000000,
4021410,1,1.0000000000,3.0513920000,-0.0346715100,0.0020652470,-0.0268015800,-0.0482641000,0.0966045000,0.9941520000,1,1.0000000000,2.9538270000,0.0324148300,-0.0016269990,-0.0257377000,-0.0930641700,0.1098032000,0.9895869000,-0.0220831900,0.0013724060,-0.0266019500,-0.0566868800,0.0990914200,0.9934624000,0.0000000000,
4021419,1,1.0000000000,3.0666050000,-0.0346021400,0.0020169830,-0.0266381200,-0.0513464600,0.0905772900,0.9945649000,1,1.0000000000,3.0049440000,0.0324575400,-0.0015358890,-0.0259895600,-0.0891879500,0.1056980000,0.9903905000,-0.0180862300,0.0011419530,-0.0264783900,-0.0606695000,0.0943154400,0.9936920000,0.0000000000,
4021427,1,1.0000000000,3.0345150000,-0.0344384900,0.0019989930,-0.0266598700,-0.0318146900,0.0841525300,0.9959449000,1,1.0000000000,3.0624690000,0.0326337300,-0.0015967100,-0.0258645200,-0.0655526500,0.0989240800,0.9929335000,-0.0139089700,0.0008984070,-0.0264164300,-0.0421602100,0.0886844500,0.9951671000,0.0000000000,
4021435,1,1.0000000000,3.1189730000,-0.0340328100,0.0010118100,-0.0236581300,-0.0007782047,0.1019448000,0.9947897000,1,1.0000000000,2.9764100000,0.0328710800,-0.0015801090,-0.0260987900,0.0042266900,0.0728913200,0.9973310000,0.0328703200,-0.0015800780,-0.0260987600,0.0042266900,0.0728913200,0.9973310000,0.0000000000,
4021444,1,1.0000000000,3.0396420000,-0.0338061100,0.0009419404,-0.0236285300,0.0491641700,0.0896612900,0.9947581000,1,1.0000000000,2.9619900000,0.0331042500,-0.0017335210,-0.0256228200,0.0579382400,0.0579229800,0.9966384000,0.0331042500,-0.0017335210,-0.0256228200,0.0579382400,0.0579229800,0.9966384000,0.0000000000,
4021452,1,1.0000000000,2.9599150000,-0.0337577800,0.0009384461,-0.0236133100,0.0273897600,0.0887763900,0.9956749000,1,1.0000000000,3.0827180000,0.0331274000,-0.0017008210,-0.0258189600,0.0201264200,0.0630648100,0.9978065000,0.0331274000,-0.0017008210,-0.0258189600,0.0201264200,0.0630648100,0.9978065000,0.0000000000,
4021460,1,1.0000000000,3.0833440000,-0.0338072800,0.0009877930,-0.0237491000,0.0178835700,0.0986190600,0.9949645000,1,1.0000000000,3.0792080000,0.0330769400,-0.0016446080,-0.0260091100,0.0225677700,0.0602875400,0.9979259000,0.0330769400,-0.0016446080,-0.0260091100,0.0225677700,0.0602875400,0.9979259000,0.0000000000,
4021469,1,1.0000000000,3.0949550000,-0.0338904600,0.0009657135,-0.0236271800,0.0162508000,0.0921031000,0.9956169000,1,1.0000000000,3.0481410000,0.0329696700,-0.0016065370,-0.0260894600,0.0118715000,0.0522467900,0.9985636000,0.0329696700,-0.0016065370,-0.0260894600,0.0118715000,0.0522467900,0.9985636000,0.0000000000,
4021477,1,1.0000000000,3.0395050000,-0.0339818600,0.0009835816,-0.0236113400,0.0132448200,0.0920576000,0.9956656000,1,1.0000000000,3.1522220000,0.0328767900,-0.0015719760,-0.0261926300,0.0040588620,0.0694126500,0.9975798000,0.0328767900,-0.0015719760,-0.0261926300,0.0040588620,0.0694126500,0.9975798000,0.0000000000,
4021485,1,1.0000000000,3.1516880000,-0.0340928800,0.0011983490,-0.0242159100,-0.0076447060,0.0884100300,0.9960548000,1,1.0000000000,3.0695800000,0.0328146500,-0.0016437840,-0.0259012500,-0.0095673490,0.0726935400,0.9973084000,0.0328146500,-0.0016437840,-0.0259012500,-0.0095673490,0.0726935400,0.9973084000,0.0000000000,
4021494,1,1.0000000000,3.0128170000,-0.0343825700,0.0021479490,-0.0272721900,0.0109254200,0.0615699100,0.9980430000,1,1.0000000000,3.0469210000,0.0326950400,-0.0016299290,-0.0259298700,-0.0373693100,0.0858777100,0.9956046000,0.0326950400,-0.0016299290,-0.0259298700,-0.0373693100,0.0858777100,0.9956046000,0.0000000000,
4021502,1,1.0000000000,3.2277220000,-0.0342935500,0.0011574250,-0.0240028400,-0.0251007900,0.0942996400,0.9952274000,1,1.0000000000,3.0408020000,0.0326321000,-0.0016963650,-0.0257073200,-0.0355073100,0.0962527300,0.9947234000,0.0326321000,-0.0016963650,-0.0257073200,-0.0355073100,0.0962527300,0.9947234000,0.0000000000,
4021510,1,1.0000000000,3.2209170000,-0.0343082400,0.0011571500,-0.0240068100,-0.0229188800,0.0981147600,0.9949111000,1,1.0000000000,3.0736540000,0.0326208400,-0.0017030950,-0.0256748500,-0.0344243600,0.0990005600,0.9944918000,0.0326208200,-0.0017030950,-0.0256748500,-0.0344243600,0.0990005600,0.9944918000,0.0000000000,
4021519,1,1.0000000000,3.2129670000,-0.0343229400,0.0011568760,-0.0240028400,-0.0192414700,0.0937048800,0.9954140000,1,1.0000000000,3.0293580000,0.0326251700,-0.0016973120,-0.0256959200,-0.0305329400,0.0974734800,0.9947697000,0.0326251500,-0.0016972960,-0.0256959200,-0.0305329400,0.0974734800,0.9947697000,0.0000000000,
4021527,1,1.0000000000,3.1816250000,-0.0343205700,0.0011567840,-0.0240034600,-0.0167389300,0.0926058100,0.9955621000,1,1.0000000000,3.0535890000,0.0326295000,-0.0016915130,-0.0257169800,-0.0267334800,0.0964053400,0.9949831000,0.0326294900,-0.0016915130,-0.0257169800,-0.0267334800,0.0964053400,0.9949831000,0.0000000000,
4021535,1,1.0000000000,3.1506500000,-0.0343182200,0.0011566930,-0.0240028400,-0.0142213400,0.0934305300,0.9955242000,1,1.0000000000,3.0625460000,0.0326541900,-0.0016544800,-0.0258515800,-0.0137178600,0.0919813700,0.9956663000,0.0326541600,-0.0016544800,-0.0258515800,-0.0137178600,0.0919813700,0.9956663000,0.0000000000,
4021544,1,1.0000000000,3.1452030000,-0.0343104100,0.0011548310,-0.0240015100,-0.0124207200,0.0955052700,0.9953514000,1,1.0000000000,3.1053470000,0.0326740700,-0.0016508330,-0.0258562300,-0.0100708900,0.0916908900,0.9957365000,0.0326740600,-0.0016508330,-0.0258562300,-0.0100708900,0.0916908900,0.9957365000,0.0000000000,
4021552,1,1.0000000000,3.1514430000,-0.0343026000,0.0011529540,-0.0240028400,-0.0105897600,0.0949874000,0.9954222000,1,1.0000000000,3.0830990000,0.0326806000,-0.0016609800,-0.0258190900,-0.0075073590,0.0908207400,0.9958390000,0.0326805900,-0.0016609800,-0.0258190900,-0.0075073590,0.0908207400,0.9958390000,0.0000000000,
4021560,1,1.0000000000,3.1832430000,-0.0342986600,0.0011516570,-0.0240034600,-0.0073548320,0.0968945700,0.9952675000,1,1.0000000000,3.1058500000,0.0326836300,-0.0016640470,-0.0257819400,-0.0043029830,0.0897217800,0.9959576000,0.0326836100,-0.0016640470,-0.0257819400,-0.0043029830,0.0897217800,0.9959576000,0.0000000000,
4021569,1,1.0000000000,3.1517640000,-0.0342983300,0.0011503600,-0.0240028400,-0.0034179800,0.0957950100,0.9953952000,1,1.0000000000,3.0815580000,0.0326945700,-0.0017027890,-0.0255536800,0.0086975870,0.0853126500,0.9963163000,0.0326945500,-0.0017027890,-0.0255536800,0.0086975870,0.0853126500,0.9963163000,0.0000000000,
4021577,1,1.0000000000,3.1518100000,-0.0342965300,0.0011404270,-0.0240015100,-0.0002136238,0.0975803100,0.9952276000,1,1.0000000000,3.0198060000,0.0327161300,-0.0017044830,-0.0255427000,0.0184175000,0.0823065200,0.9964369000,-0.0231042500,0.0006652832,-0.0242589100,0.0028839170,0.0950319200,0.9954700000,0.0000000000,
4021585,1,1.0000000000,3.1875760000,-0.0342443100,0.0009514313,-0.0235840900,0.0594796400,0.1038529000,0.9928125000,1,1.0000000000,3.0641940000,0.0327599600,-0.0016739650,-0.0255704700,0.0310366400,0.0744329900,0.9967430000,-0.0111640800,0.0000470734,-0.0242683100,0.0496827400,0.0937349700,0.9943568000,0.0000000000,
4021594,1,1.0000000000,3.1687010000,-0.0341787000,0.0009098664,-0.0234987500,0.0765535300,0.0972445000,0.9923120000,1,1.0000000000,3.1285710000,0.0328187400,-0.0017668460,-0.0253684700,0.0505679000,0.0556796300,0.9971673000,0.0065451510,-0.0007171478,-0.0246352400,0.0607762100,0.0719915000,0.9955518000,0.0000000000,
4021602,1,1.0000000000,3.1132050000,-0.0340607900,0.0009090424,-0.0235441900,0.0861215700,0.0959941100,0.9916492000,1,1.0000000000,3.0660710000,0.0329091700,-0.0016801610,-0.0257038700,0.0590516100,0.0623017300,0.9963089000,0.0239207000,-0.0013326570,-0.0254140200,0.0626986000,0.0668337400,0.9957922000,0.0000000000,
4021610,1,1.0000000000,3.1186980000,-0.0339415900,0.0009797974,-0.0238405200,0.0968631700,0.0918887900,0.9910469000,1,1.0000000000,3.1375120000,0.0330167300,-0.0017861480,-0.0254536500,0.0805818900,0.0653841000,0.9946012000,0.0154557200,-0.0010607300,-0.0250305800,0.0848696600,0.0723421600,0.9937624000,0.0000000000,
4021619,1,1.0000000000,3.1577450000,-0.0338038200,0.0009657441,-0.0238698000,0.1053627000,0.0944678700,0.9899366000,1,1.0000000000,3.1694340000,0.0331391600,-0.0017809450,-0.0256576400,0.0867625800,0.0716409300,0.9936498000,0.0191999200,-0.0012090150,-0.0252853700,0.0906384500,0.0764018100,0.9929488000,0.0000000000,
4021627,1,1.0000000000,3.1117250000,-0.0336646700,0.0009052887,-0.0237178200,0.1140142000,0.0909427900,0.9893079000,1,1.0000000000,3.1017000000,0.0332733500,-0.0018075720,-0.0256376200,0.0939339500,0.0764472300,0.9926390000,0.0254532900,-0.0014906460,-0.0254133500,0.0962832500,0.0781404900,0.9922820000,0.0000000000,
4021635,1,1.0000000000,3.0381930000,-0.0335224900,0.0009708710,-0.0239096100,0.1282510000,0.0895239300,0.9876929000,1,1.0000000000,3.1755680000,0.0333905700,-0.0017390290,-0.0258901800,0.1073165000,0.0817576600,0.9908577000,0.0218989900,-0.0012736360,-0.0255500500,0.1109172000,0.0830849000,0.9903505000,0.0000000000,
4021644,1,1.0000000000,3.0588380000,-0.0333718900,0.0010152890,-0.0241226500,0.1451730000,0.0900884200,0.9852964000,1,1.0000000000,3.1899720000,0.0334790200,-0.0017719570,-0.0258225400,0.1324942000,0.0759899900,0.9882666000,0.0236017600,-0.0013601380,-0.0255713800,0.1343705000,0.0780801300,0.9878502000,0.0000000000,
4021652,1,1.0000000000,3.0901180000,-0.0332636400,0.0010518650,-0.0242801700,0.1571069000,0.0817578400,0.9841916000,1,1.0000000000,3.2167970000,0.0336258900,-0.0016742550,-0.0261214500,0.1374074000,0.0637063900,0.9884638000,0.0168389300,-0.0009900971,-0.0256593500,0.1423648000,0.0682374500,0.9874594000,0.0000000000,
4021660,1,1.0000000000,3.0998080000,-0.0331243600,0.0011214290,-0.0245070000,0.1700149000,0.0767828800,0.9824455000,1,1.0000000000,3.2595830000,0.0337399600,-0.0016277160,-0.0263217500,0.1489418000,0.0662692500,0.9866229000,0.0136970800,-0.0008036347,-0.0257777700,0.1552736000,0.0694275600,0.9854288000,0.0000000000,
4021669,1,1.0000000000,3.2357180000,-0.0329953600,0.0011243740,-0.0245810200,0.1855649000,0.0809338300,0.9792933000,1,1.0000000000,3.2015080000,0.0338164700,-0.0016934200,-0.0261128400,0.1717088000,0.0641485700,0.9830570000,0.0261112700,-0.0013684540,-0.0259361700,0.1733114000,0.0660866100,0.9826473000,0.0000000000,
4021677,1,1.0000000000,3.2270200000,-0.0329106700,0.0011206670,-0.0245882700,0.1951148000,0.0836489700,0.9772068000,1,1.0000000000,3.2863010000,0.0339196200,-0.0017495270,-0.0259755100,0.1869976000,0.0627750400,0.9803526000,0.0316759600,-0.0016531680,-0.0259289300,0.1872739000,0.0634775200,0.9802546000,0.0000000000,
4021685,1,1.0000000000,3.0872800000,-0.0327910500,0.0011193540,-0.0246172300,0.2136849000,0.0659487300,0.9746740000,1,1.0000000000,3.1628570000,0.0340212700,-0.0017821810,-0.0259829000,0.1991429000,0.0678712300,0.9776173000,0.0318427500,-0.0016875610,-0.0259383700,0.1996187000,0.0678111600,0.9775245000,0.0000000000,
4021694,1,1.0000000000,3.1108400000,-0.0326877500,0.0011130370,-0.0246293000,0.2225681000,0.0590219000,0.9731289000,1,1.0000000000,3.1855160000,0.0341215100,-0.0017947080,-0.0260146800,0.2173484000,0.0682685200,0.9737038000,0.0333834300,-0.0017625730,-0.0259993800,0.2174079000,0.0681764900,0.9736970000,0.0000000000,
4021702,1,1.0000000000,3.0442810000,-0.0326124400,0.0011570740,-0.0246563400,0.2354467000,0.0595407000,0.9700617000,1,1.0000000000,3.2456970000,0.0341758400,-0.0017738190,-0.0260266400,0.2291908000,0.0696422600,0.9708870000,0.0336732200,-0.0017517700,-0.0260163300,0.2292354000,0.0695656100,0.9708819000,0.0000000000,
4021710,1,1.0000000000,3.1934200000,-0.0325954300,0.0011785430,-0.0246729900,0.2248421000,0.1017168000,0.9690716000,1,1.0000000000,3.3068850000,0.0342269900,-0.0017310790,-0.0260386500,0.2173631000,0.0826269700,0.9725873000,0.0324971600,-0.0016557620,-0.0260033000,0.2175626000,0.0831157000,0.9725010000,0.0000000000,
4021719,1,1.0000000000,2.9394380000,-0.0324698100,0.0012521820,-0.0246956800,0.2394291000,0.0953993200,0.9662157000,1,1.0000000000,3.2577970000,0.0342744600,-0.0016704870,-0.0260602700,0.2422513000,0.0870066100,0.9663044000,0.0230572500,-0.0011792910,-0.0258309300,0.2417794000,0.0884261100,0.9662937000,0.0000000000,
4021727,1,1.0000000000,3.2386170000,-0.0323933900,0.0012882230,-0.0247187800,0.2561198000,0.0976108500,0.9617041000,1,1.0000000000,3.3589630000,0.0343520200,-0.0016353000,-0.0260760500,0.2506137000,0.0953839800,0.9633767000,0.0080340730,-0.0004825440,-0.0255408800,0.2527809000,0.0962691700,0.9627222000,0.0000000000,
4021735,1,1.0000000000,3.3256380000,-0.0323107300,0.0012754970,-0.0247414900,0.2662225000,0.1025247000,0.9584437000,1,1.0000000000,3.2369230000,0.0344357900,-0.0016474000,-0.0261016500,0.2527194000,0.1007704000,0.9622777000,-0.0025557710,-0.0000274963,-0.0253478400,0.2602087000,0.1017458000,0.9601767000,0.0000000000,
4021744,1,1.0000000000,3.2287450000,-0.0322654700,0.0012728580,-0.0247440200,0.2711829000,0.0935071300,0.9579750000,1,1.0000000000,3.3185420000,0.0345024600,-0.0016486820,-0.0261190500,0.2709052000,0.0967104500,0.9577356000,0.0034454960,-0.0002897339,-0.0254794600,0.2710291000,0.0952309700,0.9578488000,0.0000000000,
4021752,1,1.0000000000,3.2887270000,-0.0321766700,0.0012668000,-0.0247627300,0.2750413000,0.0991674500,0.9563044000,1,1.0000000000,3.3219150000,0.0345669100,-0.0016685030,-0.0261304200,0.2703568000,0.1042639000,0.9570978000,0.0033320920,-0.0002948303,-0.0254903600,0.2725539000,0.1018835000,0.9567310000,0.0000000000,
4021760,1,1.0000000000,3.1842500000,-0.0321354800,0.0012552640,-0.0247825600,0.2828096000,0.1062482000,0.9532733000,1,1.0000000000,3.3366850000,0.0345998900,-0.0016405790,-0.0261418800,0.2816038000,0.1011210000,0.9541875000,0.0029730380,-0.0002681885,-0.0254976800,0.2821680000,0.1035623000,0.9537589000,0.0000000000,
4021769,1,1.0000000000,3.3567350000,-0.0320924600,0.0012292790,-0.0247864200,0.2857389000,0.1016093000,0.9529055000,1,1.0000000000,3.2509000000,0.0346566000,-0.0016352240,-0.0261573000,0.2884395000,0.1022806000,0.9520196000,0.0021817020,-0.0002415619,-0.0254903400,0.2871282000,0.1019605000,0.9524502000,0.0000000000,
4021777,1,1.0000000000,3.1454470000,-0.0320097100,0.0012100370,-0.0248108700,0.2879658000,0.1072090000,0.9516207000,1,1.0000000000,3.2287750000,0.0347171200,-0.0016554720,-0.0261678900,0.2902567000,0.1006331000,0.9516428000,0.0028275000,-0.0002859955,-0.0255193500,0.2891712000,0.1037757000,0.9516358000,0.0000000000,
4021785,1,1.0000000000,3.2134860000,-0.0319895500,0.0012062070,-0.0248288700,0.3002054000,0.1144119000,0.9469882000,1,1.0000000000,3.1736910000,0.0347426500,-0.0016652990,-0.0261776300,0.3038508000,0.0938881000,0.9480821000,0.0023533780,-0.0002715759,-0.0255230000,0.3020988000,0.1038531000,0.9476027000,0.0000000000,
4021794,1,1.0000000000,3.2555690000,-0.0319791700,0.0012015990,-0.0248392500,0.3089615000,0.1178442000,0.9437455000,1,1.0000000000,3.1907350000,0.0347758000,-0.0016679230,-0.0261992800,0.3174491000,0.0944687200,0.9435580000,0.0016584320,-0.0002443390,-0.0255245700,0.3132668000,0.1060804000,0.9437218000,0.0000000000,
4021802,1,1.0000000000,3.0777740000,-0.0319536300,0.0012054440,-0.0248499800,0.3145936000,0.1176770000,0.9419039000,1,1.0000000000,3.3305510000,0.0348006200,-0.0016630560,-0.0262129500,0.3350707000,0.0870368900,0.9381643000,0.0006063691,-0.0001936798,-0.0255147900,0.3246348000,0.1027387000,0.9402431000,0.0000000000,
4021810,1,1.0000000000,3.2422030000,-0.0319189300,0.0011924290,-0.0248486300,0.3142758000,0.1126119000,0.9426289000,1,1.0000000000,3.4659580000,0.0348282000,-0.0016641390,-0.0262104700,0.3306476000,0.0830548100,0.9400926000,0.0003375397,-0.0001880341,-0.0255067600,0.3222379000,0.0983437600,0.9415366000,0.0000000000,
4021819,1,1.0000000000,3.1439060000,-0.0318919800,0.0011887670,-0.0248461200,0.3127170000,0.1083691000,0.9436441000,1,1.0000000000,3.3754270000,0.0348504500,-0.0016601410,-0.0262316800,0.3407939000,0.0876170200,0.9360464000,-0.0000988159,-0.0001683197,-0.0255061400,0.3261430000,0.0984959900,0.9401751000,0.0000000000,
4021827,1,1.0000000000,3.1756440000,-0.0318723500,0.0011829990,-0.0248534400,0.3150519000,0.1109937000,0.9425618000,1,1.0000000000,3.4191890000,0.0348716300,-0.0016639860,-0.0262369600,0.3378005000,0.0910648300,0.9368020000,-0.0004512940,-0.0001572571,-0.0255047600,0.3257928000,0.1016243000,0.9399636000,0.0000000000,
4021835,1,1.0000000000,3.2584230000,-0.0318574200,0.0011806950,-0.0248669400,0.3185758000,0.1204844000,0.9402090000,1,1.0000000000,3.4467620000,0.0348924900,-0.0016692050,-0.0262356400,0.3369187000,0.0890362500,0.9373145000,-0.0000187836,-0.0001786499,-0.0255197900,0.3273790000,0.1054998000,0.9389850000,0.0000000000,
4021844,1,1.0000000000,3.2427370000,-0.0318485000,0.0011802060,-0.0248653400,0.3247728000,0.1105058000,0.9393142000,1,1.0000000000,3.4019010000,0.0349093500,-0.0016676180,-0.0262387100,0.3380479000,0.0913098500,0.9366889000,0.0007098999,-0.0002086945,-0.0255351400,0.3312696000,0.1011509000,0.9380986000,0.0000000000,
4021852,1,1.0000000000,3.2070470000,-0.0318452500,0.0011821750,-0.0248653900,0.3239919000,0.1128395000,0.9393064000,1,1.0000000000,3.4291840000,0.0349199300,-0.0016654970,-0.0262373100,0.3344775000,0.0942243900,0.9376815000,0.0016050570,-0.0002445374,-0.0255527300,0.3292580000,0.1035168000,0.9385486000,0.0000000000,
4021860,1,1.0000000000,3.2130280000,-0.0318458700,0.0011841580,-0.0248653400,0.3240243000,0.1154647000,0.9389762000,1,1.0000000000,3.4724430000,0.0349244400,-0.0016576690,-0.0262444900,0.3371183000,0.1010760000,0.9360208000,0.0018372960,-0.0002494354,-0.0255610800,0.3306477000,0.1082170000,0.9375293000,0.0000000000,
4021869,1,1.0000000000,3.2553710000,-0.0318597900,0.0012004700,-0.0248496600,0.3125050000,0.1165943000,0.9427335000,1,1.0000000000,3.4137570000,0.0349226900,-0.0016547240,-0.0262426600,0.3394192000,0.0974891900,0.9355696000,0.0025523230,-0.0002707672,-0.0255674500,0.3264203000,0.1067671000,0.9391755000,0.0000000000,
4021877,1,1.0000000000,3.3385160000,-0.0318774600,0.0012153170,-0.0248530400,0.3201763000,0.1171879000,0.9400820000,1,1.0000000000,3.4343410000,0.0349138200,-0.0016495670,-0.0262223200,0.3329955000,0.0872657900,0.9388816000,0.0029543460,-0.0002787171,-0.0255671300,0.3269061000,0.1015936000,0.9395803000,0.0000000000,
4021885,1,1.0000000000,3.1993870000,-0.0318880500,0.0012209930,-0.0248359900,0.3104588000,0.1136640000,0.9437668000,1,1.0000000000,3.4134370000,0.0349071800,-0.0016396330,-0.0262315800,0.3295788000,0.0986340900,0.9389617000,0.0035548710,-0.0002969055,-0.0255765200,0.3206203000,0.1056985000,0.9412919000,0.0000000000,
4021894,1,1.0000000000,3.2175290000,-0.0318958600,0.0012216800,-0.0248390100,0.3096933000,0.1199497000,0.9432402000,1,1.0000000000,3.4287570000,0.0349042500,-0.0016371460,-0.0262305300,0.3313503000,0.0952164800,0.9386910000,0.0040951080,-0.0003186035,-0.0255887500,0.3214013000,0.1066455000,0.9409186000,0.0000000000,
4021902,1,1.0000000000,3.3229370000,-0.0319073600,0.0012281190,-0.0248303200,0.3017780000,0.1205616000,0.9457245000,1,1.0000000000,3.3229520000,0.0348947000,-0.0016317900,-0.0262220500,0.3247848000,0.0935368100,0.9411512000,0.0041833960,-0.0003169861,-0.0255822100,0.3142594000,0.1059738000,0.9434037000,0.0000000000,
4021910,1,1.0000000000,3.2481080000,-0.0319261200,0.0012326510,-0.0248209400,0.2977938000,0.1169141000,0.9474439000,1,1.0000000000,3.4056400000,0.0348839600,-0.0016291050,-0.0262148800,0.3172358000,0.0933396500,0.9437421000,0.0044909520,-0.0003272400,-0.0255807500,0.3084292000,0.1040813000,0.9455361000,0.0000000000,
4021919,1,1.0000000000,3.2958070000,-0.0319491100,0.0012409210,-0.0248173700,0.2931837000,0.1195532000,0.9485517000,1,1.0000000000,3.2654570000,0.0348645200,-0.0016277010,-0.0262045500,0.3023856000,0.1024025000,0.9476691000,0.0042831120,-0.0003146820,-0.0255696300,0.2981909000,0.1102614000,0.9481164000,0.0000000000,
4021927,1,1.0000000000,3.3561100000,-0.0319681700,0.0012415160,-0.0247985400,0.2812510000,0.1155247000,0.9526552000,1,1.0000000000,3.3016200000,0.0348383500,-0.0016374510,-0.0261797300,0.2862411000,0.0997929900,0.9529467000,0.0037960210,-0.0002997131,-0.0255379500,0.2839377000,0.1071023000,0.9528423000,0.0000000000,
4021935,1,1.0000000000,3.3162230000,-0.0320180700,0.0012441560,-0.0247720300,0.2697773000,0.1099404000,0.9566260000,1,1.0000000000,3.3547970000,0.0348024600,-0.0016517950,-0.0261667200,0.2667864000,0.1103370000,0.9574188000,0.0000596314,-0.0001460571,-0.0254415800,0.2683432000,0.1101235000,0.9570082000,0.0000000000,
4021944,1,1.0000000000,3.3223420000,-0.0320964500,0.0012660220,-0.0247492200,0.2606383000,0.1078656000,0.9593918000,1,1.0000000000,3.2937770000,0.0347616400,-0.0016385650,-0.0261652500,0.2648492000,0.1182719000,0.9570093000,-0.0009461212,-0.0000872650,-0.0254089700,0.2626076000,0.1127183000,0.9582964000,0.0000000000,
4021952,1,1.0000000000,3.2719420000,-0.0321804800,0.0012649540,-0.0247251300,0.2654903000,0.1056529000,0.9583070000,1,1.0000000000,3.3816220000,0.0347094600,-0.0016259770,-0.0261402300,0.2534372000,0.1162433000,0.9603422000,-0.0013023990,-0.0000695648,-0.0253783700,0.2599347000,0.1105352000,0.9592789000,0.0000000000,
4021960,1,1.0000000000,3.2796170000,-0.0322515400,0.0012772830,-0.0247027900,0.2544875000,0.1033484000,0.9615379000,1,1.0000000000,3.3910370000,0.0346631600,-0.0016202240,-0.0261210500,0.2389233000,0.1060491000,0.9652302000,-0.0016112370,-0.0000494843,-0.0253522200,0.2473616000,0.1045843000,0.9632623000,0.0000000000,
4021969,1,1.0000000000,3.1770170000,-0.0323299300,0.0012810520,-0.0246890000,0.2408618000,0.1130685000,0.9639508000,1,1.0000000000,3.4081420000,0.0346038500,-0.0016277470,-0.0261025100,0.2257412000,0.1108412000,0.9678612000,0.0046540990,-0.0003261871,-0.0254700300,0.2325168000,0.1118486000,0.9661397000,0.0000000000,
4021977,1,1.0000000000,3.1852720000,-0.0323733400,0.0012916410,-0.0246606800,0.2217752000,0.1085072000,0.9690418000,1,1.0000000000,3.3761440000,0.0345117800,-0.0016260380,-0.0260739900,0.2177308000,0.1030899000,0.9705492000,0.0048809670,-0.0003334656,-0.0254478800,0.2195295000,0.1054999000,0.9698848000,0.0000000000,
4021985,1,1.0000000000,2.8942110000,-0.0324723000,0.0012874150,-0.0246348000,0.2116882000,0.0978560100,0.9724259000,1,1.0000000000,3.3356630000,0.0344156100,-0.0016167910,-0.0260506300,0.1995727000,0.1095597000,0.9737388000,0.0045421450,-0.0003197174,-0.0254182900,0.2049890000,0.1043409000,0.9731868000,0.0000000000,
4021994,1,1.0000000000,3.1756440000,-0.0325612800,0.0012756350,-0.0245827300,0.1900344000,0.1102914000,0.9755628000,1,1.0000000000,3.3900910000,0.0342812200,-0.0015933840,-0.0260347900,0.1963064000,0.1216138000,0.9729717000,0.0051415260,-0.0003426361,-0.0254017800,0.1935761000,0.1166858000,0.9741215000,0.0000000000,
4022002,1,1.0000000000,3.1961980000,-0.0326601900,0.0012588350,-0.0244948300,0.1758589000,0.1235514000,0.9766313000,1,1.0000000000,3.3588870000,0.0341710800,-0.0015757900,-0.0259893800,0.1850598000,0.1024024000,0.9773775000,0.0076685180,-0.0004516907,-0.0253967000,0.1814299000,0.1107958000,0.9771425000,0.0000000000,
4022010,1,1.0000000000,3.2080380000,-0.0327924800,0.0011847530,-0.0241959700,0.1676947000,0.1128544000,0.9793581000,1,1.0000000000,3.3065640000,0.0340573500,-0.0016359250,-0.0257588000,0.1660025000,0.0973828200,0.9813051000,0.0166058200,-0.0008995667,-0.0253508200,0.1664604000,0.1014266000,0.9808179000,0.0000000000,
4022019,1,1.0000000000,3.1281590000,-0.0329115500,0.0010089870,-0.0235724300,0.1558698000,0.1178599000,0.9807209000,1,1.0000000000,3.3309170000,0.0339610200,-0.0016124120,-0.0258422900,0.1449447000,0.0962076500,0.9847513000,0.0333393400,-0.0015880430,-0.0258211800,0.1450509000,0.0964055800,0.9847164000,0.0000000000,
4022027,1,1.0000000000,3.2225190000,-0.0330254500,0.0010009310,-0.0235176100,0.1308148000,0.1183025000,0.9843231000,1,1.0000000000,3.3520810000,0.0338648900,-0.0015616910,-0.0259820600,0.1273058000,0.0968945900,0.9871194000,0.0338539000,-0.0015612640,-0.0259816400,0.1273058000,0.0968945900,0.9871194000,0.0000000000,
4022035,1,1.0000000000,3.2234800000,-0.0331542500,0.0010070500,-0.0235067800,0.1286489000,0.1263143000,0.9836128000,1,1.0000000000,3.3170780000,0.0337714400,-0.0014956210,-0.0261809900,0.0952617800,0.1122603000,0.9891021000,0.0337704000,-0.0014955750,-0.0261809400,0.0952769000,0.1122601000,0.9891006000,0.0000000000,
4022044,1,1.0000000000,3.1295170000,-0.0332321000,0.0010466460,-0.0235876500,0.1016704000,0.1188214000,0.9876966000,1,1.0000000000,3.2745510000,0.0336585300,-0.0013900150,-0.0265054000,0.0781717300,0.0984966900,0.9920623000,0.0336575000,-0.0013899690,-0.0265053600,0.0781717300,0.0984966900,0.9920623000,0.0000000000,
4022052,1,1.0000000000,3.1447600000,-0.0333739900,0.0010372010,-0.0235164400,0.0924532700,0.1210636000,0.9883299000,1,1.0000000000,3.2650300000,0.0335190400,-0.0014636380,-0.0262173900,0.0678873700,0.0982528100,0.9928432000,0.0335178400,-0.0014635930,-0.0262173500,0.0678873700,0.0982528100,0.9928432000,0.0000000000,
4022060,1,1.0000000000,3.2270510000,-0.0334883400,0.0011006320,-0.0236657900,0.0683910000,0.1152210000,0.9909828000,1,1.0000000000,3.2681880000,0.0333842200,-0.0016734010,-0.0255450500,0.0548253400,0.1072855000,0.9927155000,0.0333633900,-0.0016725310,-0.0255444600,0.0548405500,0.1072854000,0.9927146000,0.0000000000,
4022069,1,1.0000000000,3.0578160000,-0.0335930800,0.0011661530,-0.0238506200,0.0471961000,0.1212481000,0.9914996000,1,1.0000000000,3.3465580000,0.0332379600,-0.0015245210,-0.0259663700,0.0342564100,0.1043104000,0.9939547000,0.0328338000,-0.0015082550,-0.0259535800,0.0343328000,0.1044022000,0.9939423000,0.0000000000,
4022077,1,1.0000000000,3.2004700000,-0.0337128500,0.0011178590,-0.0237394300,0.0248718700,0.1296847000,0.9912433000,1,1.0000000000,3.3831330000,0.0331204200,-0.0015894930,-0.0258268800,0.0125733100,0.1142890000,0.9933680000,0.0234992800,-0.0011997380,-0.0255263700,0.0143434400,0.1165176000,0.9930851000,0.0000000000,
4022085,1,1.0000000000,3.2716520000,-0.0338688100,0.0011109470,-0.0237296000,0.0089569690,0.1356668000,0.9907140000,1,1.0000000000,3.2076110000,0.0329647700,-0.0015519560,-0.0259428100,-0.0151827300,0.1197223000,0.9926913000,-0.0202970300,0.0005701904,-0.0241790300,0.0040588430,0.1324465000,0.9911819000,0.0000000000,
4022094,1,1.0000000000,3.1792760000,-0.0340067000,0.0013458860,-0.0244449800,-0.0096894060,0.1188364000,0.9928666000,1,1.0000000000,3.0707550000,0.0328235600,-0.0015525060,-0.0259262900,-0.0257724800,0.1203174000,0.9924009000,-0.0036534120,0.0000294800,-0.0251177700,-0.0169984900,0.1195083000,0.9926877000,0.0000000000,
4022102,1,1.0000000000,3.1698910000,-0.0341277300,0.0013083040,-0.0243460200,-0.0301823300,0.1194171000,0.9923853000,1,1.0000000000,3.1677400000,0.0326806000,-0.0015249630,-0.0260393700,-0.0466004600,0.1256107000,0.9909846000,0.0272469300,-0.0012945250,-0.0259016400,-0.0452578600,0.1251076000,0.9911104000,0.0000000000,
4022110,1,1.0000000000,3.3298950000,-0.0342442400,0.0013045810,-0.0242321900,-0.0612032500,0.1224218000,0.9905893000,1,1.0000000000,3.1924130000,0.0325542800,-0.0015752110,-0.0259032300,-0.0683143100,0.1189282000,0.9905499000,0.0301637400,-0.0014721530,-0.0258434300,-0.0680550000,0.1190657000,0.9905513000,0.0000000000,
4022119,1,1.0000000000,3.4245610000,-0.0343674600,0.0014639890,-0.0247051700,-0.0730443800,0.1050270000,0.9917831000,1,1.0000000000,3.2132110000,0.0324057300,-0.0015357060,-0.0259936500,-0.0841074100,0.1163954000,0.9896353000,0.0322874400,-0.0015303800,-0.0259913700,-0.0840924000,0.1163805000,0.9896383000,0.0000000000,
4022127,1,1.0000000000,3.3034970000,-0.0346390400,0.0020456090,-0.0268151100,-0.0584262500,0.1052557000,0.9927273000,1,1.0000000000,3.2865300000,0.0322450300,-0.0014658050,-0.0262037500,-0.0986641900,0.1147013000,0.9884882000,0.0322450300,-0.0014658050,-0.0262037500,-0.0986641900,0.1147013000,0.9884882000,0.0000000000,
4022135,1,1.0000000000,3.1431430000,-0.0347500500,0.0019479520,-0.0264315500,-0.0680089400,0.1143350000,0.9911116000,1,1.0000000000,3.1057430000,0.0320850100,-0.0013302920,-0.0265702800,-0.1177676000,0.1042788000,0.9875509000,0.0320850100,-0.0013302920,-0.0265702800,-0.1177676000,0.1042788000,0.9875509000,0.0000000000,
4022144,1,1.0000000000,3.0780790000,-0.0348659700,0.0018019100,-0.0258995100,-0.1071334000,0.1225602000,0.9866617000,1,1.0000000000,3.1432340000,0.0319612100,-0.0014136660,-0.0263196000,-0.1399853000,0.1082773000,0.9842155000,0.0319612100,-0.0014136660,-0.0263196000,-0.1399853000,0.1082773000,0.9842155000,0.0000000000,
4022152,1,1.0000000000,3.2444000000,-0.0349615200,0.0015132450,-0.0249284500,-0.1398794000,0.1336384000,0.9811088000,1,1.0000000000,3.2225650000,0.0318157500,-0.0014763790,-0.0261870400,-0.1603873000,0.1072097000,0.9812146000,0.0318157500,-0.0014763790,-0.0261870400,-0.1603873000,0.1072097000,0.9812146000,0.0000000000,
4022160,1,1.0000000000,3.3211670000,-0.0350697200,0.0014720920,-0.0247728400,-0.1501781000,0.1353769000,0.9793466000,1,1.0000000000,3.1195220000,0.0316798700,-0.0014894410,-0.0261669000,-0.1663829000,0.1129158000,0.9795748000,0.0316798700,-0.0014894410,-0.0261669000,-0.1663829000,0.1129158000,0.9795748000,0.0000000000,
4022169,1,1.0000000000,3.2951050000,-0.0351720600,0.0014684750,-0.0247309300,-0.1805603000,0.1361718000,0.9740920000,1,1.0000000000,3.0664220000,0.0315648500,-0.0015070650,-0.0261612400,-0.1834114000,0.1116643000,0.9766736000,0.0315648500,-0.0015070650,-0.0261612400,-0.1834114000,0.1116643000,0.9766736000,0.0000000000,
4022177,1,1.0000000000,3.1970370000,-0.0352792200,0.0014547430,-0.0247293900,-0.1932385000,0.1271675000,0.9728758000,1,1.0000000000,3.2156370000,0.0314541800,-0.0015411230,-0.0261953300,-0.2020287000,0.1234450000,0.9715687000,0.0314541800,-0.0015411230,-0.0261953300,-0.2020287000,0.1234450000,0.9715687000,0.0000000000,
4022185,1,1.0000000000,3.2608640000,-0.0352541800,0.0013708190,-0.0247356100,-0.1911947000,0.1261305000,0.9734144000,1,1.0000000000,3.1265260000,0.0314593500,-0.0016044620,-0.0261981700,-0.1963677000,0.1135420000,0.9739343000,0.0314593500,-0.0016044620,-0.0261981700,-0.1963677000,0.1135420000,0.9739343000,0.0000000000,
4022194,1,1.0000000000,3.0840610000,-0.0351613000,0.0012529910,-0.0248319600,-0.1676339000,0.0791019400,0.9826708000,1,1.0000000000,3.1473540000,0.0315166000,-0.0017525790,-0.0261671500,-0.1567245000,0.0703741900,0.9851319000,0.0315166000,-0.0017525790,-0.0261671500,-0.1567245000,0.0703741900,0.9851319000,0.0000000000,
4022202,1,1.0000000000,3.1930390000,-0.0350914200,0.0011424710,-0.0250697500,-0.1666429000,0.0337985600,0.9854379000,1,1.0000000000,3.1029360000,0.0315105900,-0.0019207150,-0.0261607500,-0.1701822000,0.0370485400,0.9847159000,0.0315105900,-0.0019207150,-0.0261607500,-0.1701822000,0.0370485400,0.9847159000,0.0000000000,
4022210,1,1.0000000000,3.1242070000,-0.0351319000,0.0009273682,-0.0247967500,-0.1839457000,0.0214692300,0.9827019000,1,1.0000000000,3.2941440000,0.0314156800,-0.0020162960,-0.0261561300,-0.1955751000,0.0063782790,0.9806680000,0.0314143400,-0.0020162350,-0.0261561000,-0.1955751000,0.0063782790,0.9806680000,0.0000000000,
4022219,1,1.0000000000,3.1026310000,-0.0352231800,0.0008817139,-0.0247897400,-0.2005930000,0.0104370600,0.9796190000,1,1.0000000000,3.2601620000,0.0313366900,-0.0020613860,-0.0261723000,-0.2073390000,-0.0010833880,0.9782685000,0.0310588900,-0.0020491030,-0.0261665400,-0.2073067000,-0.0010376020,0.9782755000,0.0000000000,
4022227,1,0.9932316000,3.2604370000,-0.0353614800,0.0008737030,-0.0248080900,-0.1946120000,0.0276338600,0.9804910000,1,0.9932316000,3.2574460000,0.0312704300,-0.0020549010,-0.0261823300,-0.2107550000,0.0119781800,0.9774655000,0.0156381400,-0.0013678280,-0.0258599300,-0.2069725000,0.0156556900,0.9782215000,0.0000000000,
4022235,1,0.9932316000,3.1876530000,-0.0354534000,0.0008752900,-0.0247959600,-0.2132907000,0.0163271600,0.9768524000,1,0.9932316000,3.2441250000,0.0312332500,-0.0020530550,-0.0261796100,-0.2253289000,0.0052643370,0.9742686000,0.0105626500,-0.0011453710,-0.0257507200,-0.2216068000,0.0086976430,0.9750974000,0.0000000000,
4022244,1,1.0000000000,3.1255650000,-0.0355444200,0.0008755493,-0.0247964600,-0.2198960000,0.0115052100,0.9754555000,1,1.0000000000,3.1860660000,0.0311606900,-0.0020390930,-0.0261944000,-0.2427076000,-0.0017852880,0.9700978000,0.0098234110,-0.0011067660,-0.0257472200,-0.2354303000,0.0024566900,0.9718881000,0.0000000000,
4022252,1,1.0000000000,3.1103820000,-0.0355607000,0.0008960572,-0.0247960200,-0.2447545000,0.0151979700,0.9694660000,1,1.0000000000,3.1445160000,0.0310976900,-0.0020382390,-0.0262014000,-0.2448455000,0.0036316360,0.9695553000,0.0088672800,-0.0010596620,-0.0257327100,-0.2448296000,0.0074921350,0.9695372000,0.0000000000,
4022260,1,0.9885664000,3.1087650000,-0.0356319900,0.0008897706,-0.0248080600,-0.2558618000,0.0152894500,0.9665925000,1,0.9885664000,3.1840210000,0.0310570200,-0.0020556180,-0.0262187000,-0.2537707000,0.0059357110,0.9672462000,0.0073365330,-0.0010079650,-0.0257169500,-0.2545199000,0.0092622060,0.9670232000,0.0000000000,
4022269,1,0.9885664000,3.1032410000,-0.0357069400,0.0008647004,-0.0248383300,-0.2645601000,0.0211031600,0.9641383000,1,0.9885664000,3.2238010000,0.0310031300,-0.0020624850,-0.0262414600,-0.2664065000,0.0105744700,0.9638028000,0.0052934730,-0.0009343567,-0.0257007100,-0.2656873000,0.0146332500,0.9639482000,0.0000000000,
4022277,1,0.9751850000,3.0823360000,-0.0357940500,0.0008455201,-0.0248559900,-0.2637351000,0.0211336000,0.9643636000,1,0.9751850000,3.1137850000,0.0309663200,-0.0020807500,-0.0262492500,-0.2720352000,0.0017089940,0.9622858000,0.0052772370,-0.0009547272,-0.0257131400,-0.2688640000,0.0091859330,0.9631343000,0.0000000000,
4022285,1,0.9751850000,3.1760250000,-0.0358293600,0.0008479310,-0.0248706700,-0.2685893000,0.0194705100,0.9630580000,1,0.9751850000,3.1226810000,0.0309493700,-0.0020782470,-0.0262647700,-0.2801530000,0.0027618570,0.9599514000,0.0032506260,-0.0008645172,-0.0256865200,-0.2753793000,0.0096894690,0.9612868000,0.0000000000,
4022294,1,1.0000000000,3.1769260000,-0.0358570700,0.0008382416,-0.0248716000,-0.2648781000,0.0171509300,0.9641293000,1,1.0000000000,3.1823880000,0.0309504600,-0.0020865170,-0.0262676900,-0.2845169000,0.0057525940,0.9586537000,0.0020184330,-0.0008199005,-0.0256630900,-0.2760353000,0.0106965600,0.9610880000,0.0000000000,
4022302,1,1.0000000000,3.1529850000,-0.0358750900,0.0008367157,-0.0248770200,-0.2649243000,0.0196076300,0.9640698000,1,1.0000000000,3.2421720000,0.0309511400,-0.0020947880,-0.0262706000,-0.2888372000,0.0075684530,0.9573483000,0.0006849518,-0.0007670746,-0.0256394400,-0.2780315000,0.0130310600,0.9604836000,0.0000000000,
4022310,1,1.0000000000,3.1214600000,-0.0358855600,0.0008373414,-0.0248776700,-0.2663898000,0.0157471800,0.9637368000,1,1.0000000000,3.2356260000,0.0309505800,-0.0020956730,-0.0262723700,-0.2905166000,0.0084535010,0.9568326000,-0.0008058167,-0.0007020722,-0.0256097000,-0.2790700000,0.0119172000,0.9601968000,0.0000000000,
4022319,1,1.0000000000,3.1210020000,-0.0358897700,0.0008393708,-0.0248804300,-0.2708611000,0.0176698300,0.9624563000,1,1.0000000000,3.2285770000,0.0309511400,-0.0020947880,-0.0262741300,-0.2924389000,0.0079194240,0.9562514000,-0.0012320860,-0.0006820069,-0.0256030700,-0.2820612000,0.0126191300,0.9593134000,0.0000000000,
4022327,1,1.0000000000,3.1228330000,-0.0358939800,0.0008408356,-0.0248832100,-0.2744166000,0.0158387700,0.9614804000,1,1.0000000000,3.2139740000,0.0309513400,-0.0020943610,-0.0262731500,-0.2929841000,0.0078125020,0.9560854000,-0.0013977200,-0.0006739044,-0.0256004900,-0.2840143000,0.0117035900,0.9587486000,0.0000000000,
4022335,1,1.0000000000,3.1227870000,-0.0358967000,0.0008404084,-0.0248849500,-0.2743538000,0.0154419400,0.9615048000,1,1.0000000000,3.1988680000,0.0309515400,-0.0020939330,-0.0262721700,-0.2923751000,0.0076446920,0.9562731000,-0.0016270450,-0.0006638794,-0.0255961000,-0.2836032000,0.0114442200,0.9588735000,0.0000000000,
4022344,1,1.0000000000,3.1225590000,-0.0358939800,0.0008408356,-0.0248867000,-0.2744027000,0.0157930700,0.9614852000,1,1.0000000000,3.1989140000,0.0309541800,-0.0020928960,-0.0262716700,-0.2934590000,0.0078888480,0.9559391000,-0.0020184330,-0.0006458435,-0.0255885300,-0.2840743000,0.0117951000,0.9587297000,0.0000000000,
4022352,1,1.0000000000,3.1209720000,-0.0358758100,0.0008446045,-0.0248815900,-0.2702513000,0.0150605900,0.9626720000,1,1.0000000000,3.1696780000,0.0310110600,-0.0020986020,-0.0262533900,-0.2866069000,0.0084076240,0.9580113000,-0.0023706360,-0.0006296997,-0.0255687600,-0.2784587000,0.0117340500,0.9603766000,0.0000000000,
4022360,1,1.0000000000,2.9475860000,-0.0358517000,0.0008497315,-0.0248858600,-0.2757890000,0.0179902200,0.9610499000,1,1.0000000000,3.1703950000,0.0310355900,-0.0020892180,-0.0262537100,-0.2886691000,0.0098878090,0.9573779000,-0.0026726230,-0.0006081085,-0.0255643800,-0.2821851000,0.0139620000,0.9592584000,0.0000000000,
4022368,1,1.0000000000,3.0663760000,-0.0358276400,0.0008473817,-0.0248697200,-0.2609866000,0.0200195600,0.9651348000,1,1.0000000000,2.9988250000,0.0310608800,-0.0020732570,-0.0262341900,-0.2760023000,0.0015411450,0.9611558000,-0.0033688970,-0.0005698853,-0.0255318600,-0.2682956000,0.0110473800,0.9632733000,0.0000000000,
4022377,1,1.0000000000,2.9931950000,-0.0357568800,0.0008444824,-0.0248483100,-0.2706026000,0.0189058700,0.9625055000,1,1.0000000000,3.1441650000,0.0311010600,-0.0020922550,-0.0262205500,-0.2726305000,-0.0009765686,0.9621183000,-0.0038304450,-0.0005578918,-0.0255035900,-0.2715797000,0.0093995450,0.9623700000,0.0000000000,
4022385,1,1.0000000000,3.1352230000,-0.0357399000,0.0008531342,-0.0248380800,-0.2612005000,0.0160675400,0.9651508000,1,1.0000000000,3.0418700000,0.0311284000,-0.0020962070,-0.0262093200,-0.2596921000,0.0050964900,0.9656780000,-0.0041144560,-0.0005417481,-0.0254866000,-0.2604850000,0.0108796100,0.9654166000,0.0000000000,
4022393,1,1.0000000000,2.9286960000,-0.0357062700,0.0008578949,-0.0248265700,-0.2509944000,0.0138093400,0.9678901000,1,1.0000000000,3.0344240000,0.0311523200,-0.0021013640,-0.0261948600,-0.2572792000,-0.0070343230,0.9663115000,-0.0039492650,-0.0005477142,-0.0254764900,-0.2539986000,0.0039062630,0.9671967000,0.0000000000,
4022402,1,1.0000000000,3.0341640000,-0.0356825900,0.0008563233,-0.0248175100,-0.2413036000,0.0172882900,0.9702957000,1,1.0000000000,3.0487210000,0.0311846900,-0.0020959020,-0.0261963000,-0.2521520000,0.0026550350,0.9676840000,-0.0037658080,-0.0005528107,-0.0254756300,-0.2464916000,0.0102997300,0.9690902000,0.0000000000,
4022410,1,1.0000000000,3.0426640000,-0.0356218400,0.0008910828,-0.0247966300,-0.2457594000,0.0118103700,0.9692589000,1,1.0000000000,3.0930630000,0.0312144300,-0.0020918580,-0.0261911600,-0.2517876000,-0.0005188036,0.9677824000,-0.0015290220,-0.0006304932,-0.0255079800,-0.2488422000,0.0055084640,0.9685284000,0.0000000000,
4022418,1,1.0000000000,3.0388790000,-0.0354633800,0.0008148957,-0.0247222900,-0.2576003000,0.0187379000,0.9660699000,1,1.0000000000,3.0937190000,0.0312397300,-0.0020949560,-0.0261737500,-0.2339037000,0.0040588670,0.9722514000,0.0007606659,-0.0007653199,-0.0255105300,-0.2447541000,0.0107728400,0.9695253000,0.0000000000,
4022427,1,1.0000000000,3.0658420000,-0.0353845800,0.0007783661,-0.0246919400,-0.2614465000,0.0270998600,0.9648375000,1,1.0000000000,3.1774440000,0.0312763800,-0.0020852360,-0.0261663200,-0.2281968000,0.0063934780,0.9735940000,0.0048429420,-0.0009497071,-0.0255816800,-0.2414253000,0.0146027100,0.9703095000,0.0000000000,
4022435,1,1.0000000000,3.0476990000,-0.0355394000,0.0008643952,-0.0247845500,-0.2190410000,0.0097198980,0.9756672000,1,1.0000000000,3.1786500000,0.0313357100,-0.0020836950,-0.0261600800,-0.2213447000,0.0060424990,0.9751769000,0.0047471310,-0.0009115753,-0.0256131900,-0.2204289000,0.0075073390,0.9753742000,0.0000000000,
4022443,1,0.9804888000,3.0678250000,-0.0354968400,0.0008539887,-0.0247848400,-0.2084514000,0.0077667640,0.9780019000,1,0.9804888000,3.1215520000,0.0313747300,-0.0020935370,-0.0261392200,-0.2074306000,-0.0048065790,0.9782379000,0.0031805880,-0.0008507996,-0.0255681900,-0.2078719000,0.0004882845,0.9781560000,0.0000000000,
4022452,1,0.9804888000,2.9767910000,-0.0354663200,0.0008598328,-0.0247713200,-0.1971611000,0.0074463760,0.9803428000,1,0.9804888000,3.1903080000,0.0313845400,-0.0020884400,-0.0261229300,-0.1960310000,0.0000762945,0.9805977000,0.0012749020,-0.0007605286,-0.0255141600,-0.1965493000,0.0034027240,0.9804881000,0.0000000000,
4022460,1,1.0000000000,3.0080110000,-0.0355364400,0.0009699555,-0.0248198100,-0.2202161000,0.0297853200,0.9749963000,1,1.0000000000,2.9746400000,0.0313328900,-0.0019727940,-0.0261555900,-0.2188122000,0.0247193700,0.9754539000,0.0010710750,-0.0006410370,-0.0255510900,-0.2194405000,0.0270085300,0.9752520000,0.0000000000,
4022468,1,1.0000000000,2.9592740000,-0.0355637400,0.0011530000,-0.0248369500,-0.2091530000,0.0749056800,0.9750098000,1,1.0000000000,3.0947420000,0.0312340400,-0.0018345950,-0.0261824700,-0.2281507000,0.0577090700,0.9719141000,0.0015784610,-0.0005082092,-0.0255851100,-0.2197293000,0.0653389500,0.9733703000,0.0000000000,
4022477,1,0.9652159000,3.1993100000,-0.0355354500,0.0013167880,-0.0248318500,-0.2186768000,0.1039596000,0.9702437000,1,0.9652159000,3.0422060000,0.0311901100,-0.0016620790,-0.0262263500,-0.2332644000,0.1047989000,0.9667497000,0.0010035100,-0.0003144226,-0.0255954700,-0.2266701000,0.1044315000,0.9683567000,0.0000000000,
4022485,1,0.9652159000,3.1439820000,-0.0354631800,0.0014542850,-0.0248289200,-0.2011266000,0.1152194000,0.9727654000,1,0.9652159000,3.0814670000,0.0312315500,-0.0015388790,-0.0262067900,-0.2221702000,0.1155712000,0.9681342000,0.0011399690,-0.0001884155,-0.0255851100,-0.2126783000,0.1154182000,0.9702817000,0.0000000000,
4022493,1,1.0000000000,3.1656040000,-0.0353489600,0.0015463870,-0.0248396800,-0.1922308000,0.1228031000,0.9736359000,1,1.0000000000,3.1793210000,0.0313096600,-0.0014697720,-0.0261888700,-0.2083156000,0.1131606000,0.9714934000,0.0025656130,-0.0001691589,-0.0256070900,-0.2013889000,0.1173268000,0.9724592000,0.0000000000,
4022502,1,1.0000000000,3.1995850000,-0.0352698200,0.0015887150,-0.0248695500,-0.1847087000,0.1260536000,0.9746760000,1,1.0000000000,3.0522460000,0.0313716200,-0.0014369360,-0.0261822100,-0.1954825000,0.1231703000,0.9729418000,0.0018320160,-0.0000957794,-0.0256003600,-0.1907076000,0.1244528000,0.9737259000,0.0000000000,
4022510,1,1.0000000000,3.1998900000,-0.0352103900,0.0016022640,-0.0249895200,-0.1698168000,0.1281599000,0.9771066000,1,1.0000000000,3.0477450000,0.0314998600,-0.0013954930,-0.0261429600,-0.1842675000,0.1125808000,0.9764072000,0.0014657290,-0.0000458374,-0.0256236600,-0.1777679000,0.1196004000,0.9767775000,0.0000000000,
4022518,1,1.0000000000,3.1584320000,-0.0351858400,0.0017090760,-0.0254405100,-0.1477835000,0.1283893000,0.9806509000,1,1.0000000000,3.0640560000,0.0315786300,-0.0014028930,-0.0261979200,-0.1674200000,0.1135258000,0.9793276000,0.0262648900,-0.0011552120,-0.0261376500,-0.1658642000,0.1147164000,0.9794535000,0.0000000000,
4022527,1,1.0000000000,3.0849300000,-0.0351516900,0.0020562140,-0.0266520300,-0.1167617000,0.1207595000,0.9857910000,1,1.0000000000,2.9959560000,0.0316475600,-0.0012889710,-0.0265300000,-0.1552148000,0.1104295000,0.9816892000,0.0316441500,-0.0012887880,-0.0265300200,-0.1552148000,0.1104295000,0.9816892000,0.0000000000,
4022535,1,1.0000000000,2.9821170000,-0.0350793900,0.0020861670,-0.0267874600,-0.0944377900,0.1270310000,0.9873928000,1,1.0000000000,3.1004790000,0.0317417900,-0.0012725680,-0.0265866300,-0.1380621000,0.1087041000,0.9844401000,0.0317417900,-0.0012725680,-0.0265866300,-0.1380621000,0.1087041000,0.9844401000,0.0000000000,
4022543,1,1.0000000000,3.0030060000,-0.0349877000,0.0020578160,-0.0267137600,-0.0764017900,0.1252458000,0.9891796000,1,1.0000000000,3.0071410000,0.0318586600,-0.0013387600,-0.0263778800,-0.1150836000,0.1143206000,0.9867556000,0.0318586600,-0.0013387600,-0.0263778800,-0.1150836000,0.1143206000,0.9867556000,0.0000000000,
4022552,1,1.0000000000,3.0862580000,-0.0348564200,0.0019896240,-0.0264619600,-0.0644685700,0.1207431000,0.9905882000,1,1.0000000000,3.0693360000,0.0319876600,-0.0013101500,-0.0264515500,-0.1061559000,0.1156622000,0.9875997000,0.0319876600,-0.0013101500,-0.0264515500,-0.1061559000,0.1156622000,0.9875997000,0.0000000000,
4022560,1,1.0000000000,3.1552730000,-0.0346946900,0.0019057010,-0.0261422900,-0.0562439300,0.1062012000,0.9927527000,1,1.0000000000,3.0189670000,0.0321205300,-0.0013616940,-0.0264017700,-0.0933082000,0.1168069000,0.9887617000,0.0321205300,-0.0013616940,-0.0264017700,-0.0933082000,0.1168069000,0.9887617000,0.0000000000,
4022568,1,1.0000000000,3.1627200000,-0.0344273100,0.0013801420,-0.0242822900,-0.0797433300,0.1251082000,0.9889333000,1,1.0000000000,3.0825040000,0.0322608200,-0.0014601900,-0.0261450200,-0.0804141700,0.1261755000,0.9887433000,0.0322608200,-0.0014601900,-0.0261450200,-0.0804141700,0.1261755000,0.9887433000,0.0000000000,
4022577,1,1.0000000000,3.0470120000,-0.0343269200,0.0014667360,-0.0245772900,-0.0594943600,0.1230018000,0.9906215000,1,1.0000000000,2.9683380000,0.0324099600,-0.0015061190,-0.0260206800,-0.0654148200,0.1185615000,0.9907896000,0.0324099600,-0.0015061190,-0.0260206800,-0.0654148200,0.1185615000,0.9907896000,0.0000000000,
4022585,1,1.0000000000,3.1060030000,-0.0342120500,0.0012834320,-0.0241166200,-0.0275882500,0.1435718000,0.9892553000,1,1.0000000000,3.0541530000,0.0325484200,-0.0015144500,-0.0259991800,-0.0430301800,0.1265881000,0.9910216000,0.0325484200,-0.0015144500,-0.0259991800,-0.0430301800,0.1265881000,0.9910216000,0.0000000000,
4022593,1,1.0000000000,3.1683810000,-0.0340883500,0.0012933960,-0.0241480700,-0.0200655200,0.1338820000,0.9907941000,1,1.0000000000,3.0630490000,0.0326675300,-0.0015237270,-0.0259730200,-0.0302127800,0.1298692000,0.9910707000,0.0326675300,-0.0015237270,-0.0259730200,-0.0302127800,0.1298692000,0.9910707000,0.0000000000,
4022602,1,1.0000000000,3.1433110000,-0.0340058300,0.0010331570,-0.0234208200,-0.0037994680,0.1439983000,0.9895707000,1,1.0000000000,3.1008760000,0.0327929300,-0.0015457610,-0.0258971900,-0.0127564000,0.1260076000,0.9919472000,0.0327929300,-0.0015457610,-0.0258971900,-0.0127564000,0.1260076000,0.9919472000,0.0000000000,
4022610,1,1.0000000000,3.1232150000,-0.0338819400,0.0010820470,-0.0235343000,0.0102082500,0.1417558000,0.9898490000,1,1.0000000000,3.0097960000,0.0328758400,-0.0015059200,-0.0259783300,-0.0010986330,0.1367798000,0.9906009000,0.0328758400,-0.0015059200,-0.0259783300,-0.0010986500,0.1367819000,0.9906006000,0.0000000000,
4022618,1,1.0000000000,2.9738460000,-0.0337798600,0.0011483460,-0.0237380200,0.0347139200,0.1278540000,0.9911853000,1,1.0000000000,2.9343260000,0.0329875200,-0.0015181430,-0.0259330800,0.0088043360,0.1364901000,0.9906023000,0.0329875200,-0.0015181430,-0.0259330800,0.0088043360,0.1364901000,0.9906023000,0.0000000000,
4022627,1,1.0000000000,2.8982540000,-0.0336713900,0.0011570130,-0.0238256200,0.0446173000,0.1308306000,0.9904003000,1,1.0000000000,3.0172270000,0.0330594000,-0.0014127810,-0.0262359900,0.0306094700,0.1296706000,0.9910845000,0.0330594000,-0.0014127810,-0.0262359900,0.0306094700,0.1296706000,0.9910845000,0.0000000000,
4022635,1,1.0000000000,3.0335240000,-0.0335709900,0.0011592560,-0.0238643000,0.0581665800,0.1205751000,0.9909986000,1,1.0000000000,2.8839720000,0.0331661900,-0.0016093750,-0.0256514100,0.0467688600,0.1345234000,0.9898061000,0.0331654800,-0.0016093450,-0.0256514000,0.0467688600,0.1345234000,0.9898061000,0.0000000000,
4022643,1,1.0000000000,2.8910060000,-0.0334773000,0.0011216740,-0.0238007800,0.0811620300,0.1205300000,0.9893863000,1,1.0000000000,2.8478850000,0.0332588500,-0.0015010990,-0.0259769400,0.0591586700,0.1275032000,0.9900723000,0.0330575000,-0.0014931790,-0.0259703800,0.0592348100,0.1274876000,0.9900697000,0.0000000000,
4022652,1,1.0000000000,3.0123750000,-0.0333734800,0.0010893100,-0.0237109400,0.0948490700,0.1276098000,0.9872788000,1,1.0000000000,3.0424960000,0.0333618200,-0.0015651400,-0.0258216100,0.0749821900,0.1228798000,0.9895849000,0.0326722300,-0.0015377040,-0.0257998100,0.0751812800,0.1229268000,0.9895639000,0.0000000000,
4022660,1,1.0000000000,2.9848940000,-0.0332792700,0.0010739590,-0.0237375100,0.1026470000,0.1320663000,0.9859118000,1,1.0000000000,3.0535580000,0.0334366500,-0.0016881100,-0.0254041900,0.0972456000,0.1209581000,0.9878828000,0.0024758760,-0.0004063111,-0.0246307400,0.0997471000,0.1261144000,0.9869882000,0.0000000000,
4022668,1,1.0000000000,3.0523530000,-0.0331789600,0.0010437780,-0.0236623200,0.1115426000,0.1318217000,0.9849778000,1,1.0000000000,2.9912410000,0.0335288900,-0.0015481570,-0.0259401600,0.1021589000,0.1116958000,0.9884774000,-0.0103254900,0.0001558075,-0.0244426900,0.1083385000,0.1249403000,0.9862316000,0.0000000000,
4022677,1,1.0000000000,2.9952090000,-0.0331264100,0.0010819090,-0.0238215600,0.1268160000,0.1317293000,0.9831405000,1,1.0000000000,3.0088350000,0.0336342200,-0.0014617310,-0.0262513900,0.1033637000,0.1088569000,0.9886689000,-0.0259658500,0.0008090821,-0.0240821900,0.1242988000,0.1292885000,0.9837857000,0.0000000000,
4022685,1,1.0000000000,2.9969790000,-0.0330033000,0.0011410980,-0.0240456700,0.1281298000,0.1298998000,0.9832135000,1,1.0000000000,3.0699620000,0.0336880500,-0.0013789670,-0.0265040500,0.1188366000,0.1139538000,0.9863531000,-0.0315461500,0.0010860440,-0.0240994000,0.1279309000,0.1295484000,0.9832857000,0.0000000000,
4022693,1,1.0000000000,2.8734590000,-0.0329632900,0.0011974790,-0.0242308500,0.1365075000,0.1225149000,0.9830340000,1,1.0000000000,3.1472470000,0.0337484300,-0.0014838710,-0.0262098400,0.1279002000,0.1145792000,0.9851462000,-0.0316642900,0.0011452640,-0.0242693800,0.1363392000,0.1223619000,0.9830764000,0.0000000000,
4022702,1,1.0000000000,2.9093170000,-0.0328958900,0.0012416380,-0.0244218000,0.1518109000,0.1229258000,0.9807358000,1,1.0000000000,3.1030730000,0.0338021900,-0.0015021820,-0.0261567700,0.1404120000,0.1207586000,0.9827013000,-0.0252404000,0.0009267121,-0.0246209300,0.1504992000,0.1226821000,0.9809684000,0.0000000000,
4022710,1,1.0000000000,2.9523470000,-0.0328342800,0.0012494200,-0.0244599900,0.1570910000,0.1169752000,0.9806321000,1,1.0000000000,2.9583280000,0.0338389100,-0.0015132140,-0.0261358000,0.1474481000,0.1285269000,0.9806834000,0.0030821230,-0.0002387848,-0.0253627500,0.1519020000,0.1232001000,0.9806873000,0.0000000000,
4022718,1,1.0000000000,3.0086820000,-0.0328010900,0.0012527160,-0.0244857700,0.1621553000,0.1241151000,0.9789286000,1,1.0000000000,2.9521180000,0.0338830900,-0.0015273740,-0.0261348000,0.1582188000,0.1297763000,0.9788386000,0.0286156800,-0.0013077700,-0.0260045300,0.1585254000,0.1293350000,0.9788474000,0.0000000000,
4022727,1,1.0000000000,2.9603270000,-0.0327682000,0.0012483220,-0.0245120400,0.1682590000,0.1216128000,0.9782122000,1,1.0000000000,2.9395290000,0.0339138800,-0.0015265500,-0.0261547200,0.1720755000,0.1337297000,0.9759644000,0.0315721100,-0.0014291080,-0.0260970300,0.1719367000,0.1333013000,0.9760474000,0.0000000000,
4022735,1,1.0000000000,3.0428010000,-0.0327159100,0.0012356110,-0.0245246000,0.1757820000,0.1258398000,0.9763529000,1,1.0000000000,2.9355620000,0.0339472500,-0.0015364080,-0.0261353500,0.1723508000,0.1183033000,0.9779057000,0.0327933500,-0.0014884190,-0.0261074500,0.1724101000,0.1184242000,0.9778806000,0.0000000000,
4022743,1,1.0000000000,2.9500890000,-0.0326811900,0.0012273260,-0.0245247700,0.1749275000,0.1260839000,0.9764749000,1,1.0000000000,2.9705510000,0.0339736900,-0.0015364380,-0.0261414600,0.1811551000,0.1089494000,0.9774011000,0.0336968600,-0.0015249630,-0.0261347500,0.1811240000,0.1090254000,0.9773983000,0.0000000000,
4022752,1,1.0000000000,2.9210050000,-0.0326710800,0.0012247470,-0.0245269600,0.1815959000,0.1238258000,0.9755461000,1,1.0000000000,2.9217990000,0.0339981500,-0.0015346530,-0.0261492800,0.1930094000,0.1043096000,0.9756367000,0.0322208900,-0.0014610900,-0.0261060400,0.1927051000,0.1048289000,0.9756411000,0.0000000000,
4022760,1,1.0000000000,2.9517670000,-0.0326609800,0.0012221530,-0.0245291600,0.1883559000,0.1250010000,0.9741133000,1,1.0000000000,3.0083770000,0.0340258300,-0.0015289610,-0.0261667800,0.2000597000,0.1136637000,0.9731684000,0.0203873000,-0.0009663086,-0.0258318500,0.1976792000,0.1159830000,0.9733812000,0.0000000000,
4022768,1,1.0000000000,2.9512330000,-0.0326526100,0.0012205660,-0.0245334900,0.1895171000,0.1259175000,0.9737700000,1,1.0000000000,2.9459080000,0.0340502900,-0.0015295870,-0.0261606300,0.2005786000,0.1062326000,0.9739009000,0.0141752900,-0.0007101288,-0.0256758000,0.1972972000,0.1121069000,0.9739127000,0.0000000000,
4022777,1,1.0000000000,2.9521330000,-0.0326442300,0.0012221530,-0.0245368800,0.1907059000,0.1254741000,0.9735951000,1,1.0000000000,2.9353030000,0.0340726900,-0.0015300140,-0.0261610900,0.2050800000,0.1046152000,0.9731382000,0.0050770420,-0.0003338929,-0.0254552000,0.1988542000,0.1136942000,0.9734119000,0.0000000000,
4022785,1,1.0000000000,2.9238280000,-0.0326252900,0.0012422640,-0.0245375200,0.1995112000,0.1196610000,0.9725618000,1,1.0000000000,2.9664610000,0.0341227400,-0.0015381160,-0.0261830900,0.2022112000,0.1088419000,0.9732749000,-0.0015653530,-0.0000515289,-0.0253032500,0.2007620000,0.1146253000,0.9729109000,0.0000000000,
4022793,1,1.0000000000,2.9648740000,-0.0326394800,0.0012241820,-0.0245427900,0.2019829000,0.1233993000,0.9715841000,1,1.0000000000,3.0334470000,0.0341387400,-0.0015271910,-0.0261946100,0.2121755000,0.1169445000,0.9702090000,-0.0015206450,-0.0000579529,-0.0253125500,0.2067439000,0.1203934000,0.9709595000,0.0000000000,
4022802,1,1.0000000000,2.9119720000,-0.0326551400,0.0012398220,-0.0245504800,0.2063010000,0.1254896000,0.9704083000,1,1.0000000000,2.9806370000,0.0341665200,-0.0015186620,-0.0261784500,0.2127090000,0.1031501000,0.9716558000,-0.0016141970,-0.0000415802,-0.0253067300,0.2092928000,0.1151141000,0.9710537000,0.0000000000,
4022810,1,0.9790260000,2.9727630000,-0.0327321600,0.0012564390,-0.0245266900,0.2259230000,0.1199958000,0.9667264000,1,0.9790260000,2.9968110000,0.0342400200,-0.0014960020,-0.0261971300,0.2149683000,0.1064160000,0.9708059000,-0.0021569820,-0.0000001373,-0.0252892900,0.2209351000,0.1138017000,0.9686263000,0.0000000000,
4022818,1,0.9790260000,2.6486050000,-0.0326865400,0.0013407140,-0.0245009300,0.2346659000,0.0685732900,0.9696544000,1,0.9790260000,2.9559330000,0.0342715600,-0.0013952640,-0.0261941500,0.2348652000,0.0973518800,0.9671406000,-0.0025362090,0.0001087341,-0.0252633700,0.2347744000,0.0815438900,0.9686236000,0.0000000000,
4022827,1,0.9208076000,-1.0000000000,-0.0327879600,0.0014165800,-0.0244569000,0.0000000000,0.0000000000,0.0000000000,1,0.9208076000,-1.0000000000,0.0343170200,-0.0012037200,-0.0262118700,0.0000000000,0.0000000000,0.0000000000,0.0010000000,-0.0010000000,-0.0010000000,0.5773503000,-0.5773503000,-0.5773503000,0.0000000000,
4022835,1,0.9208076000,-1.0000000000,-0.0328682100,0.0013593600,-0.0238236200,0.0000000000,0.0000000000,0.0000000000,1,0.9208076000,-1.0000000000,0.0343201600,-0.0012390440,-0.0259293800,0.0000000000,0.0000000000,0.0000000000,0.0010000000,-0.0010000000,-0.0010000000,0.5773503000,-0.5773503000,-0.5773503000,0.0000000000,
4022843,1,0.7655429000,-1.0000000000,-0.0333816700,0.0017076110,-0.0273370500,0.0000000000,0.0000000000,0.0000000000,1,0.7655429000,-1.0000000000,0.0334953300,-0.0022461850,-0.0260707600,0.0000000000,0.0000000000,0.0000000000,0.0010000000,-0.0010000000,-0.0010000000,0.5773503000,-0.5773503000,-0.5773503000,0.0000000000,
4022852,1,0.7655429000,-1.0000000000,-0.0330194900,0.0003544312,-0.0251874600,0.0000000000,0.0000000000,0.0000000000,1,0.7655429000,-1.0000000000,0.0335400000,-0.0033682250,-0.0263335300,0.0000000000,0.0000000000,0.0000000000,0.0010000000,-0.0010000000,-0.0010000000,0.5773503000,-0.5773503000,-0.5773503000,0.0000000000,
4022860,1,0.5970828000,-1.0000000000,-0.0333523100,0.0013392490,-0.0242020600,0.0000000000,0.0000000000,0.0000000000,1,0.5970828000,-1.0000000000,0.0335400000,-0.0033682250,-0.0263335300,0.0000000000,0.0000000000,0.0000000000,0.0010000000,-0.0010000000,-0.0010000000,0.5773503000,-0.5773503000,-0.5773503000,0.0000000000,
4022868,1,0.5970828000,-1.0000000000,-0.0331324500,-0.0001575470,-0.0245464600,0.0000000000,0.0000000000,0.0000000000,1,0.5970828000,-1.0000000000,0.0335400000,-0.0033682250,-0.0263335300,0.0000000000,0.0000000000,0.0000000000,0.0010000000,-0.0010000000,-0.0010000000,0.5773503000,-0.5773503000,-0.5773503000,0.0000000000,
4022877,1,0.4913758000,-1.0000000000,-0.0336868800,-0.0011171270,-0.0247769800,0.0000000000,0.0000000000,0.0000000000,1,0.4913758000,-1.0000000000,0.0335400000,-0.0033682250,-0.0263335300,0.0000000000,0.0000000000,0.0000000000,0.0010000000,-0.0010000000,-0.0010000000,0.5773503000,-0.5773503000,-0.5773503000,0.0000000000,
4022885,1,0.4913758000,-1.0000000000,-0.0337772700,-0.0012252500,-0.0247992900,0.0000000000,0.0000000000,0.0000000000,1,0.4913758000,-1.0000000000,0.0335400000,-0.0033682250,-0.0263335300,0.0000000000,0.0000000000,0.0000000000,0.0010000000,-0.0010000000,-0.0010000000,0.5773503000,-0.5773503000,-0.5773503000,0.0000000000,
4022893,1,0.4704363000,-1.0000000000,-0.0328811000,-0.0005335389,-0.0243706800,0.0000000000,0.0000000000,0.0000000000,1,0.4704363000,-1.0000000000,0.0335400000,-0.0033682250,-0.0263335300,0.0000000000,0.0000000000,0.0000000000,0.0010000000,-0.0010000000,-0.0010000000,0.5773503000,-0.5773503000,-0.5773503000,0.0000000000,
4022902,1,0.4704363000,-1.0000000000,-0.0332322200,-0.0007829895,-0.0245911400,0.0000000000,0.0000000000,0.0000000000,1,0.4704363000,-1.0000000000,0.0335400000,-0.0033682250,-0.0263335300,0.0000000000,0.0000000000,0.0000000000,0.0010000000,-0.0010000000,-0.0010000000,0.5773503000,-0.5773503000,-0.5773503000,0.0000000000,
4022910,1,0.4707552000,-1.0000000000,-0.0335833500,-0.0005335389,-0.0243706800,0.0000000000,0.0000000000,0.0000000000,1,0.4707552000,-1.0000000000,0.0335400000,-0.0033682250,-0.0263335300,0.0000000000,0.0000000000,0.0000000000,0.0010000000,-0.0010000000,-0.0010000000,0.5773503000,-0.5773503000,-0.5773503000,0.0000000000,
4022918,1,0.4707552000,-1.0000000000,-0.0332524000,-0.0002519684,-0.0244600500,0.0000000000,0.0000000000,0.0000000000,1,0.4707552000,-1.0000000000,0.0335400000,-0.0033682250,-0.0263335300,0.0000000000,0.0000000000,0.0000000000,0.0010000000,-0.0010000000,-0.0010000000,0.5773503000,-0.5773503000,-0.5773503000,0.0000000000,
4022927,1,0.4650919000,-1.0000000000,-0.0331826000,0.0000994873,-0.0244979600,0.0000000000,0.0000000000,0.0000000000,1,0.4650919000,-1.0000000000,0.0335400000,-0.0033682250,-0.0263335300,0.0000000000,0.0000000000,0.0000000000,0.0010000000,-0.0010000000,-0.0010000000,0.5773503000,-0.5773503000,-0.5773503000,0.0000000000,
4022935,1,0.4650919000,-1.0000000000,-0.0340686700,0.0011761170,-0.0240438200,0.0000000000,0.0000000000,0.0000000000,1,0.4650919000,-1.0000000000,0.0333648400,-0.0032505800,-0.0266037800,0.0000000000,0.0000000000,0.0000000000,0.0010000000,-0.0010000000,-0.0010000000,0.5773503000,-0.5773503000,-0.5773503000,0.0000000000,
4022943,1,0.5017708000,3.7016450000,-0.0338647800,0.0000542908,-0.0241588300,0.1746696000,-0.2214841000,0.9593932000,1,0.5017708000,-1.0000000000,0.0332807600,-0.0033541110,-0.0264993300,0.0000000000,0.0000000000,0.0000000000,-0.0338647800,0.0000542908,-0.0241588300,0.1746696000,-0.2214841000,0.9593932000,0.0000000000,
4022952,1,0.5017708000,3.1326140000,-0.0339916400,0.0001591339,-0.0240150600,0.0396276900,-0.2753033000,0.9605404000,1,0.5017708000,-1.0000000000,0.0334072600,-0.0025488430,-0.0261395700,0.0000000000,0.0000000000,0.0000000000,-0.0339916400,0.0001591339,-0.0240150600,0.0396276900,-0.2753033000,0.9605404000,0.0000000000,
4022960,1,0.5488430000,3.3035740000,-0.0334191600,-0.0012480320,-0.0248983500,-0.0232392400,-0.0949253400,0.9952132000,1,0.5488430000,-1.0000000000,0.0327832200,-0.0026831670,-0.0258087300,0.0000000000,0.0000000000,0.0000000000,-0.0334191600,-0.0012480320,-0.0248983500,-0.0232392400,-0.0949253400,0.9952132000,0.0000000000,
4022968,1,0.5488430000,2.2746580000,-0.0333449600,0.0020652160,-0.0311380500,0.0928960200,-0.0832066400,0.9921930000,1,0.5488430000,2.8449400000,0.0339715400,-0.0012182620,-0.0258347800,0.2245972000,-0.3166547000,0.9215671000,0.0339715400,-0.0012182620,-0.0258347800,0.2245972000,-0.3166547000,0.9215671000,0.0000000000,
4022977,1,0.6279706000,1.9603730000,-0.0333277400,0.0024722750,-0.0326557900,0.1879139000,0.0332339800,0.9816231000,1,0.6279706000,2.2560730000,0.0338705600,-0.0009963227,-0.0266444900,0.1486686000,-0.0196078300,0.9886926000,0.0338705600,-0.0009963227,-0.0266444900,0.1486686000,-0.0196078300,0.9886926000,0.0000000000,
4022985,1,0.6279706000,2.5267330000,-0.0331327100,0.0016544190,-0.0246309400,0.1436320000,-0.0257875300,0.9892951000,1,0.6279706000,2.7650600000,0.0338555200,-0.0010127720,-0.0267858300,0.1452790000,0.0304260500,0.9889228000,0.0338555200,-0.0010127720,-0.0267858300,0.1452812000,0.0304265000,0.9889224000,0.0000000000,
4022993,1,0.7019135000,2.5218510000,-0.0331578100,0.0017310490,-0.0250758800,0.1344466000,-0.0029602370,0.9909164000,1,0.7019135000,2.7654110000,0.0338031600,-0.0011453250,-0.0265027300,0.1380173000,0.0429539800,0.9894980000,0.0338031600,-0.0011453250,-0.0265027300,0.1380173000,0.0429539800,0.9894980000,0.0000000000,
4023002,1,0.7019135000,2.6885990000,-0.0331922600,0.0015942540,-0.0247718700,0.1218575000,0.0136414500,0.9924539000,1,0.7019135000,2.9259640000,0.0337842400,-0.0012439420,-0.0263523000,0.1358049000,0.0675362500,0.9884310000,0.0337842400,-0.0012439420,-0.0263523000,0.1358049000,0.0675362500,0.9884310000,0.0000000000,
4023010,1,0.7825910000,3.0675810000,-0.0332449500,0.0016439670,-0.0250235800,0.1194320000,0.0513617100,0.9915130000,1,0.7825910000,2.9471890000,0.0336965400,-0.0012659300,-0.0264664500,0.1308599000,0.0660098000,0.9892009000,0.0336965400,-0.0012659300,-0.0264664500,0.1308599000,0.0660098000,0.9892009000,0.0000000000,
4023018,1,0.7825910000,3.0405270000,-0.0332929900,0.0015690000,-0.0249163100,0.1090713000,0.0575111600,0.9923688000,1,0.7825910000,3.2271420000,0.0336473500,-0.0013265080,-0.0263781300,0.1013956000,0.0951089300,0.9902894000,0.0336473500,-0.0013265080,-0.0263781300,0.1013956000,0.0951089300,0.9902894000,0.0000000000,
4023027,1,0.8242038000,3.0570220000,-0.0333679800,0.0015222320,-0.0248647900,0.1061557000,0.0647890300,0.9922366000,1,0.8242038000,3.0648500000,0.0335666400,-0.0013979340,-0.0262210900,0.1117720000,0.0785074200,0.9906279000,0.0335666400,-0.0013979340,-0.0262210900,0.1117720000,0.0785074200,0.9906279000,0.0000000000,
4023035,1,0.8242038000,3.0141910000,-0.0334427700,0.0013547970,-0.0245111500,0.1063700000,0.0657355000,0.9921513000,1,0.8242038000,3.0619200000,0.0335193400,-0.0014781190,-0.0261233500,0.0942701200,0.0638284100,0.9934984000,0.0335193400,-0.0014781190,-0.0261233500,0.0942701200,0.0638284100,0.9934984000,0.0000000000,
4023043,1,0.8444203000,2.9521480000,-0.0334637200,0.0013494260,-0.0245580400,0.1049516000,0.0635080900,0.9924474000,1,0.8444203000,3.1375430000,0.0335022400,-0.0015206910,-0.0260254700,0.0936441300,0.0731513700,0.9929147000,0.0335022400,-0.0015206910,-0.0260254700,0.0936441300,0.0731513700,0.9929147000,0.0000000000,
4023052,1,0.8444203000,2.9004670000,-0.0334894400,0.0013053740,-0.0244215900,0.0981459300,0.0632028100,0.9931630000,1,0.8444203000,2.9860380000,0.0334565000,-0.0015203550,-0.0260677700,0.0863046400,0.0698707500,0.9938157000,0.0334565000,-0.0015203550,-0.0260677700,0.0863046400,0.0698707500,0.9938157000,0.0000000000,
4023060,1,0.8881980000,2.9299470000,-0.0335325900,0.0013611300,-0.0245989400,0.0919967000,0.0743267400,0.9929814000,1,0.8881980000,3.0303340000,0.0334088200,-0.0014668880,-0.0263041400,0.0796513900,0.0704502800,0.9943301000,0.0096529240,-0.0004632874,-0.0256990100,0.0840306100,0.0718235100,0.9938713000,0.0000000000,
4023068,1,0.8881980000,2.9545140000,-0.0335618000,0.0012045750,-0.0241955000,0.0874487700,0.0760351100,0.9932630000,1,0.8881980000,3.1176910000,0.0333906700,-0.0015695500,-0.0259872900,0.0735177300,0.0701455000,0.9948240000,0.0283480500,-0.0013606110,-0.0258523400,0.0745703900,0.0705878100,0.9947143000,0.0000000000,
4023077,1,0.9174820000,2.8651890000,-0.0336382600,0.0012012640,-0.0241249700,0.0896311600,0.0721443900,0.9933587000,1,0.9174820000,3.0964200000,0.0333485300,-0.0015724030,-0.0259523800,0.0699159300,0.0691987600,0.9951499000,0.0284468800,-0.0013694460,-0.0258186700,0.0713658200,0.0694126800,0.9950320000,0.0000000000,
4023085,1,0.9174820000,2.9992070000,-0.0336664800,0.0011635290,-0.0240156400,0.0861056600,0.0756228300,0.9934118000,1,0.9174820000,3.1951290000,0.0333221300,-0.0015910030,-0.0258564800,0.0742040700,0.0577854800,0.9955674000,0.0311080900,-0.0014999700,-0.0257956400,0.0746005600,0.0583803900,0.9955031000,0.0000000000,
4023093,1,0.9278406000,3.0123600000,-0.0336884300,0.0011448820,-0.0239671200,0.0839388100,0.0795747800,0.9932886000,1,0.9278406000,3.0473480000,0.0332907600,-0.0015954290,-0.0258449900,0.0728463500,0.0640877000,0.9952819000,0.0321960300,-0.0015506440,-0.0258142900,0.0730143000,0.0643471900,0.9952529000,0.0000000000,
4023102,1,0.9278406000,2.8114470000,-0.0337161300,0.0013114780,-0.0245180800,0.0759128700,0.0750888900,0.9942831000,1,0.9278406000,3.0397030000,0.0332636300,-0.0016415710,-0.0257343100,0.0635081000,0.0585489200,0.9962624000,0.0309307300,-0.0015387120,-0.0256919600,0.0639353200,0.0591287300,0.9962008000,0.0000000000,
4023110,1,0.9441956000,2.9421390000,-0.0338353000,0.0010344090,-0.0237659000,0.0800632300,0.0863041100,0.9930465000,1,0.9441956000,2.9927370000,0.0332218800,-0.0016235200,-0.0257983700,0.0547493700,0.0572671000,0.9968565000,0.0318360800,-0.0015685880,-0.0257563600,0.0552680200,0.0578773000,0.9967927000,0.0000000000,
4023118,1,0.9441956000,3.0676730000,-0.0338872900,0.0009654541,-0.0235680100,0.0737611700,0.0768434600,0.9943110000,1,0.9441956000,3.0968480000,0.0331861100,-0.0016957700,-0.0255973200,0.0513617100,0.0548255000,0.9971740000,0.0322731000,-0.0016595460,-0.0255696900,0.0516668300,0.0551153500,0.9971423000,0.0000000000,
4023127,1,0.9543839000,3.1133270000,-0.0339272200,0.0009805908,-0.0236480300,0.0604556100,0.0739597000,0.9954271000,1,0.9543839000,3.1512760000,0.0331647200,-0.0017297210,-0.0255373500,0.0446479200,0.0501716900,0.9977421000,0.0318043100,-0.0016747590,-0.0254990400,0.0449679800,0.0506595400,0.9977031000,0.0000000000,
4023135,1,0.9543839000,3.0778660000,-0.0339675600,0.0009597626,-0.0236304800,0.0556642600,0.0760653200,0.9955479000,1,0.9543839000,3.0223240000,0.0331265300,-0.0016999360,-0.0256300100,0.0367893300,0.0570837400,0.9976913000,0.0318071500,-0.0016476290,-0.0255906800,0.0371706400,0.0574496900,0.9976562000,0.0000000000,
4023143,1,1.0000000000,3.1892090000,-0.0340064400,0.0009524842,-0.0236426400,0.0495765800,0.0718089800,0.9961855000,1,1.0000000000,3.1026920000,0.0330931100,-0.0016843410,-0.0256987600,0.0305023900,0.0510102500,0.9982322000,0.0320931100,-0.0016450350,-0.0256681200,0.0307924700,0.0513309500,0.9982069000,0.0000000000,
4023152,1,1.0000000000,3.0512850000,-0.0340460400,0.0009441986,-0.0236407800,0.0444799900,0.0774852000,0.9960008000,1,1.0000000000,3.0949400000,0.0330589800,-0.0016644130,-0.0257630000,0.0306094400,0.0470585700,0.9984230000,0.0322759300,-0.0016339720,-0.0257382400,0.0307770800,0.0474092200,0.9984013000,0.0000000000,
4023160,1,1.0000000000,3.0661930000,-0.0340633200,0.0009386445,-0.0236338400,0.0428318100,0.0751044400,0.9962553000,1,1.0000000000,3.0901030000,0.0330291600,-0.0016435550,-0.0258627000,0.0287172700,0.0522160000,0.9982228000,0.0316759800,-0.0015914760,-0.0258177500,0.0290071100,0.0526888900,0.9981896000,0.0000000000,
4023168,1,1.0000000000,3.0816650000,-0.0340806100,0.0009330903,-0.0236269100,0.0411683200,0.0738832500,0.9964168000,1,1.0000000000,3.0654910000,0.0329890500,-0.0016883850,-0.0257999400,0.0183870000,0.0510105900,0.9985288000,0.0302623200,-0.0015818020,-0.0257116100,0.0193024600,0.0519411600,0.9984636000,0.0000000000,
4023177,1,1.0000000000,3.0661320000,-0.0340947600,0.0009212342,-0.0235976100,0.0368045500,0.0740363400,0.9965761000,1,1.0000000000,3.1692500000,0.0329731900,-0.0017582550,-0.0255939300,0.0177004000,0.0526739400,0.9984549000,0.0268744400,-0.0015145870,-0.0254124000,0.0194399200,0.0546270800,0.9983176000,0.0000000000,
4023185,1,1.0000000000,3.0512850000,-0.0341088900,0.0009093934,-0.0235683200,0.0324251100,0.0753025500,0.9966334000,1,1.0000000000,3.0783390000,0.0329486200,-0.0017871090,-0.0255318200,0.0154877100,0.0471802800,0.9987663000,-0.0235408800,0.0004844361,-0.0238777500,0.0297699200,0.0708771400,0.9970407000,0.0000000000,
4023193,1,1.0000000000,3.0667720000,-0.0341244800,0.0009056092,-0.0235541200,0.0285189400,0.0748145300,0.9967896000,1,1.0000000000,3.1686400000,0.0329151200,-0.0017455600,-0.0256832700,0.0105591500,0.0481265200,0.9987854000,-0.0207761200,0.0003777161,-0.0239780600,0.0249485000,0.0695200900,0.9972685000,0.0000000000,
4023202,1,1.0000000000,3.0505680000,-0.0341400600,0.0009093934,-0.0235683200,0.0246585000,0.0741128300,0.9969449000,1,1.0000000000,3.1754610000,0.0328872200,-0.0017094730,-0.0258182700,0.0100251000,0.0500797000,0.9986949000,-0.0222242600,0.0004438171,-0.0239682900,0.0220645400,0.0698405200,0.9973141000,0.0000000000,
4023210,1,1.0000000000,3.0657040000,-0.0341567200,0.0009124146,-0.0235976100,0.0261538400,0.0746467700,0.9968670000,1,1.0000000000,3.1135250000,0.0328691400,-0.0016739500,-0.0259314100,0.0056153090,0.0431676900,0.9990520000,-0.0244441500,0.0005376282,-0.0239357900,0.0231781500,0.0700990200,0.9972707000,0.0000000000,
4023218,1,1.0000000000,3.0811310000,-0.0341733700,0.0009154206,-0.0236269100,0.0276339400,0.0751350300,0.9967903000,1,1.0000000000,3.1246340000,0.0328651100,-0.0016693270,-0.0259471000,0.0044250730,0.0431368300,0.9990594000,-0.0256846300,0.0005881348,-0.0239207000,0.0247040300,0.0710908400,0.9971639000,0.0000000000,
4023227,1,1.0000000000,3.0883030000,-0.0341855500,0.0009242554,-0.0236322300,0.0242618100,0.0733957900,0.9970077000,1,1.0000000000,3.1356810000,0.0328610800,-0.0016666260,-0.0259627700,0.0032501460,0.0435489000,0.9990460000,-0.0274639700,0.0006645203,-0.0238658800,0.0221558500,0.0704043200,0.9972725000,0.0000000000,
4023235,1,1.0000000000,3.0954440000,-0.0341977300,0.0009330903,-0.0236375700,0.0208741900,0.0715947900,0.9972154000,1,1.0000000000,3.1252590000,0.0328574600,-0.0016669920,-0.0259666300,0.0027313490,0.0462498300,0.9989262000,-0.0289667200,0.0007302552,-0.0238192600,0.0194551300,0.0696112200,0.9973845000,0.0000000000,
4023243,1,1.0000000000,3.1153110000,-0.0342070600,0.0009386445,-0.0236391800,0.0178376000,0.0701144200,0.9973795000,1,1.0000000000,3.1130070000,0.0328538100,-0.0016673740,-0.0259661100,0.0022735640,0.0437317800,0.9990407000,-0.0300910400,0.0007786865,-0.0237820000,0.0168916600,0.0684974400,0.9975083000,0.0000000000,
4023252,1,1.0000000000,3.1352390000,-0.0342164000,0.0009351044,-0.0236407800,0.0148010300,0.0704346200,0.9974066000,1,1.0000000000,3.1243900000,0.0328521400,-0.0016688840,-0.0259682900,0.0007629512,0.0441748700,0.9990236000,-0.0310316800,0.0008114625,-0.0237513000,0.0141297300,0.0691837900,0.9975039000,0.0000000000,
4023260,1,1.0000000000,3.1382140000,-0.0342218800,0.0009396515,-0.0237049000,0.0121613200,0.0723575700,0.9973046000,1,1.0000000000,3.1262050000,0.0328504800,-0.0016703950,-0.0259704800,-0.0007171715,0.0446019600,0.9990046000,-0.0268035400,0.0006509705,-0.0239554800,0.0107270400,0.0692909100,0.9975389000,0.0000000000,
4023268,1,1.0000000000,3.1408690000,-0.0342273400,0.0009441986,-0.0237690000,0.0095062410,0.0752717300,0.9971178000,1,1.0000000000,3.1312100000,0.0328521400,-0.0016704560,-0.0259796200,0.0000610353,0.0451508700,0.9989802000,-0.0100456400,0.0000016327,-0.0245659000,0.0061035750,0.0644232300,0.9979040000,0.0000000000,
4023277,1,1.0000000000,3.1547550000,-0.0342370200,0.0009467927,-0.0237874000,0.0106507100,0.0748448800,0.9971383000,1,1.0000000000,3.1354370000,0.0328538100,-0.0016705020,-0.0259704800,0.0009613095,0.0447237800,0.9989989000,0.0076576240,-0.0006875611,-0.0251506200,0.0045929160,0.0560457900,0.9984176000,0.0000000000,
4023285,1,1.0000000000,3.1569980000,-0.0342370200,0.0009492341,-0.0237942400,0.0098573090,0.0740518900,0.9972057000,1,1.0000000000,3.1356350000,0.0328538200,-0.0016708070,-0.0259682900,0.0010681210,0.0450747100,0.9989830000,0.0144971800,-0.0009539337,-0.0253734400,0.0034637700,0.0530094100,0.9985880000,0.0000000000,
4023293,1,1.0000000000,3.1599880000,-0.0342370200,0.0009492341,-0.0237942400,0.0098573260,0.0738231300,0.9972226000,1,1.0000000000,3.1358490000,0.0328538500,-0.0016710970,-0.0259661100,0.0011749420,0.0445562600,0.9990062000,0.0159594100,-0.0010112610,-0.0254192100,0.0033569450,0.0519258300,0.9986453000,0.0000000000,
4023302,1,1.0000000000,3.1897280000,-0.0342370200,0.0009540406,-0.0238157400,0.0098266930,0.0706179100,0.9974551000,1,1.0000000000,3.1379700000,0.0328574700,-0.0016725310,-0.0259656700,0.0009155291,0.0448151500,0.9989949000,0.0171844200,-0.0010589600,-0.0254634600,0.0030060250,0.0508430200,0.9987022000,0.0000000000,
4023310,1,1.0000000000,3.1956630000,-0.0342370200,0.0009540406,-0.0238157400,0.0087281550,0.0697336900,0.9975274000,1,1.0000000000,3.1398470000,0.0328610800,-0.0016739500,-0.0259652300,0.0006713887,0.0451356300,0.9989806000,0.0162357200,-0.0010227970,-0.0254326300,0.0026703160,0.0512395500,0.9986829000,0.0000000000,
4023318,1,1.0000000000,3.1979060000,-0.0342370200,0.0009540406,-0.0238157400,0.0087280320,0.0697174400,0.9975286000,1,1.0000000000,3.1465610000,0.0328623200,-0.0016765750,-0.0259640000,0.0005035457,0.0456243000,0.9989585000,0.0131628900,-0.0009042664,-0.0253333000,0.0029144590,0.0526891500,0.9986067000,0.0000000000,
4023326,1,1.0000000000,3.2015990000,-0.0342370200,0.0009540406,-0.0238157400,0.0087281550,0.0697336900,0.9975274000,1,1.0000000000,3.1534880000,0.0328635600,-0.0016791990,-0.0259627700,0.0003356958,0.0460513500,0.9989390000,0.0083728940,-0.0007180939,-0.0251791400,0.0034027360,0.0547031700,0.9984969000,0.0000000000,
4023335,1,1.0000000000,3.2632290000,-0.0342370200,0.0009540406,-0.0238157400,0.0087586330,0.0697944100,0.9975230000,1,1.0000000000,3.1583100000,0.0328635600,-0.0016809850,-0.0259627700,0.0003356943,0.0461427100,0.9989348000,0.0032380980,-0.0005175934,-0.0250148300,0.0040588640,0.0565952100,0.9983889000,0.0000000000,
4023343,1,1.0000000000,3.2506100000,-0.0342345300,0.0009540406,-0.0238297900,0.0083008940,0.0702371600,0.9974958000,1,1.0000000000,3.1731870000,0.0328755300,-0.0017000730,-0.0259077000,-0.0016784710,0.0461274200,0.9989341000,0.0002245483,-0.0004087677,-0.0248967400,0.0031586110,0.0578621000,0.9983196000,0.0000000000,
4023351,1,1.0000000000,3.2627560000,-0.0342224400,0.0009540406,-0.0238345300,0.0059204280,0.0699770200,0.9975311000,1,1.0000000000,3.1744840000,0.0328912500,-0.0017173010,-0.0258493700,-0.0036774210,0.0457465100,0.9989463000,-0.0042457430,-0.0002391205,-0.0247344800,0.0016326940,0.0591584400,0.9982473000,0.0000000000,
4023360,1,1.0000000000,3.2656710000,-0.0342188600,0.0009645234,-0.0239023600,0.0065002590,0.0712281900,0.9974388000,1,1.0000000000,3.1966090000,0.0329058400,-0.0017173010,-0.0258493700,-0.0032196380,0.0455327100,0.9989577000,-0.0062494970,-0.0001529236,-0.0247136400,0.0024414300,0.0605322000,0.9981633000,0.0000000000,
4023368,1,1.0000000000,3.2831880000,-0.0342018000,0.0009790345,-0.0239458900,0.0046692020,0.0707246700,0.9974850000,1,1.0000000000,3.2031560000,0.0329255800,-0.0017173010,-0.0258493700,-0.0062714460,0.0451513600,0.9989605000,-0.0050348360,-0.0001925202,-0.0247729500,-0.0000762945,0.0596164800,0.9982213000,0.0000000000,
4023376,1,1.0000000000,3.2853240000,-0.0341947200,0.0009834138,-0.0239708600,0.0066986490,0.0702976700,0.9975036000,1,1.0000000000,3.2031100000,0.0329400300,-0.0017173010,-0.0258493700,-0.0025177350,0.0451666400,0.9989763000,-0.0011342770,-0.0003465424,-0.0248959200,0.0021515160,0.0579230900,0.9983187000,0.0000000000,
4023385,1,1.0000000000,3.2848360000,-0.0341909200,0.0009834138,-0.0239708600,0.0081176780,0.0691375900,0.9975741000,1,1.0000000000,3.2193450000,0.0329511000,-0.0017173010,-0.0258493700,-0.0015564130,0.0452885600,0.9989728000,0.0027576910,-0.0005027924,-0.0250046100,0.0027771350,0.0560157400,0.9984260000,0.0000000000,
4023393,1,1.0000000000,3.3191530000,-0.0341878100,0.0009834138,-0.0239708600,0.0089569700,0.0689396800,0.9975806000,1,1.0000000000,3.2262880000,0.0329620500,-0.0017194980,-0.0258493700,-0.0019226130,0.0457764900,0.9989499000,0.0056767890,-0.0006212006,-0.0250860600,0.0024872170,0.0551918000,0.9984727000,0.0000000000,
4023401,1,1.0000000000,3.3208160000,-0.0341835500,0.0009900208,-0.0239708600,0.0110475100,0.0662850500,0.9977396000,1,1.0000000000,3.2388610000,0.0329694100,-0.0017375790,-0.0257896100,-0.0003204369,0.0460513500,0.9989390000,0.0064189150,-0.0006591492,-0.0250705100,0.0041656900,0.0540471600,0.9985297000,0.0000000000,
4023410,1,1.0000000000,3.3342590000,-0.0341760000,0.0009980164,-0.0239732100,0.0229341400,0.0639653500,0.9976886000,1,1.0000000000,3.2532040000,0.0329755600,-0.0017378540,-0.0257880700,0.0014801190,0.0459447200,0.9989429000,0.0078490600,-0.0007141571,-0.0251089900,0.0095063710,0.0526894100,0.9985657000,0.0000000000,
4023418,1,1.0000000000,3.3197630000,-0.0341667900,0.0010027770,-0.0240013600,0.0215914100,0.0643927600,0.9976910000,1,1.0000000000,3.2557070000,0.0329823600,-0.0017381440,-0.0257808400,0.0092468760,0.0451510000,0.9989374000,0.0051683810,-0.0006028137,-0.0250437500,0.0143586700,0.0531316400,0.9984843000,0.0000000000,
4023426,1,1.0000000000,3.3329470000,-0.0341552900,0.0010075680,-0.0240250600,0.0196687700,0.0640722800,0.9977514000,1,1.0000000000,3.2703250000,0.0329882200,-0.0017639770,-0.0256960100,0.0092621210,0.0448457600,0.9989510000,-0.0017434540,-0.0003303223,-0.0248316700,0.0146485500,0.0547947300,0.9983902000,0.0000000000,
4023435,1,1.0000000000,3.3329160000,-0.0341539600,0.0010075680,-0.0240250600,0.0200348300,0.0647889500,0.9976978000,1,1.0000000000,3.2704160000,0.0329981600,-0.0017639770,-0.0256960100,0.0106049700,0.0447392400,0.9989424000,-0.0078600010,-0.0000776520,-0.0246793200,0.0163423800,0.0569465700,0.9982435000,0.0000000000,
4023443,1,1.0000000000,3.3426670000,-0.0341376700,0.0010075680,-0.0240250600,0.0235903800,0.0641334800,0.9976625000,1,1.0000000000,3.2699740000,0.0330110500,-0.0017639770,-0.0256960100,0.0175477200,0.0446932800,0.9988467000,-0.0092202000,-0.0000208893,-0.0246451100,0.0213472900,0.0569311900,0.9981499000,0.0000000000,
4023451,1,1.0000000000,3.3450010000,-0.0341337400,0.0010075680,-0.0240250600,0.0268252200,0.0633703800,0.9976295000,1,1.0000000000,3.2700350000,0.0330270100,-0.0017639770,-0.0256960100,0.0149689900,0.0449069800,0.9988790000,-0.0109391500,0.0000503845,-0.0246021300,0.0227357700,0.0569920200,0.9981157000,0.0000000000,
4023460,1,1.0000000000,3.3452300000,-0.0341285300,0.0010075680,-0.0240250600,0.0326691200,0.0634003700,0.9974533000,1,1.0000000000,3.2572780000,0.0330400900,-0.0017639770,-0.0256960100,0.0137788700,0.0448309300,0.9988996000,-0.0108255600,0.0000460205,-0.0246047500,0.0261231300,0.0569612300,0.9980346000,0.0000000000,
4023468,1,1.0000000000,3.3451080000,-0.0340945300,0.0010038910,-0.0240215900,0.0290223500,0.0634463400,0.9975632000,1,1.0000000000,3.2581480000,0.0330569600,-0.0017763210,-0.0256747900,0.0127107700,0.0460975300,0.9988561000,-0.0094854900,-0.0000149689,-0.0246274400,0.0230562700,0.0570837300,0.9981031000,0.0000000000,
4023476,1,1.0000000000,3.3455050000,-0.0340841500,0.0010027770,-0.0240102600,0.0306094900,0.0630653200,0.9975399000,1,1.0000000000,3.2577970000,0.0330732900,-0.0018104250,-0.0255755300,0.0131990200,0.0473333600,0.9987919000,-0.0084360350,-0.0000715942,-0.0246080500,0.0239717000,0.0570529500,0.9980834000,0.0000000000,
4023485,1,1.0000000000,3.3455350000,-0.0340765100,0.0009980164,-0.0240013600,0.0328526000,0.0628822900,0.9974800000,1,1.0000000000,3.2587280000,0.0330829800,-0.0018241120,-0.0255754900,0.0166932500,0.0501102600,0.9986042000,-0.0094395910,-0.0000372467,-0.0245788100,0.0269318100,0.0581971200,0.9979418000,0.0000000000,
4023493,1,1.0000000000,3.2855070000,-0.0340147700,0.0008866883,-0.0235676100,0.0301821200,0.0628514400,0.9975664000,1,1.0000000000,3.1854550000,0.0331283100,-0.0018065190,-0.0254803300,0.0196839500,0.0490572900,0.9986020000,0.0052399300,-0.0006878662,-0.0246858700,0.0240480600,0.0547947800,0.9982080000,0.0000000000,
4023501,1,1.0000000000,3.3855440000,-0.0339986100,0.0009359894,-0.0234645300,0.0373387400,0.0839396900,0.9957711000,1,1.0000000000,3.2229160000,0.0331049500,-0.0017085110,-0.0256797200,0.0257417900,0.0695501300,0.9972463000,0.0295710200,-0.0015692440,-0.0255630500,0.0263523500,0.0702983700,0.9971778000,0.0000000000,
4023510,1,1.0000000000,3.4168090000,-0.0339595500,0.0009988709,-0.0235228600,0.0454259600,0.1058515000,0.9933438000,1,1.0000000000,3.2930150000,0.0331133900,-0.0016568910,-0.0256738000,0.0305332500,0.0862896200,0.9958021000,0.0323621200,-0.0016271520,-0.0256497100,0.0307008400,0.0865025200,0.9957785000,0.0000000000,
4023518,1,1.0000000000,3.4284210000,-0.0339347700,0.0010072020,-0.0235306600,0.0381317700,0.1027681000,0.9939742000,1,1.0000000000,3.2012940000,0.0331172800,-0.0016570740,-0.0256237000,0.0257722800,0.0806890500,0.9964061000,0.0328204100,-0.0016452790,-0.0256144400,0.0258334400,0.0807962700,0.9963958000,0.0000000000,
4023526,1,1.0000000000,3.3586270000,-0.0339352300,0.0009984742,-0.0235094900,0.0405737000,0.1011062000,0.9940480000,1,1.0000000000,3.2279210000,0.0331228800,-0.0016588290,-0.0256334700,0.0253756700,0.0778817800,0.9966396000,0.0329323300,-0.0016512760,-0.0256274300,0.0254060400,0.0779423900,0.9966341000,0.0000000000,
4023535,1,1.0000000000,3.2887420000,-0.0339356800,0.0009897309,-0.0234883300,0.0395208700,0.0993972700,0.9942627000,1,1.0000000000,3.2929990000,0.0331410400,-0.0016613310,-0.0256740900,0.0262452100,0.0820773200,0.9962804000,0.0329003600,-0.0016518250,-0.0256662500,0.0262912200,0.0821390800,0.9962740000,0.0000000000,
4023543,1,1.0000000000,3.2886660000,-0.0339380200,0.0009802094,-0.0234695700,0.0416875000,0.1005261000,0.9940607000,1,1.0000000000,3.1901550000,0.0331505800,-0.0016667330,-0.0256718900,0.0278321900,0.0769199900,0.9966487000,0.0325729100,-0.0016439360,-0.0256529200,0.0279388800,0.0771332900,0.9966292000,0.0000000000,
4023551,1,1.0000000000,3.2883760000,-0.0339366900,0.0009706726,-0.0234508200,0.0431219900,0.1012436000,0.9939266000,1,1.0000000000,3.2110440000,0.0331522500,-0.0016702420,-0.0256615800,0.0275119400,0.0781259600,0.9965638000,0.0304926200,-0.0015655370,-0.0255739300,0.0281376100,0.0790416500,0.9964741000,0.0000000000,
4023560,1,1.0000000000,3.2656560000,-0.0339361900,0.0009616547,-0.0234302200,0.0436402400,0.1015933000,0.9938684000,1,1.0000000000,3.2320560000,0.0331539200,-0.0016737520,-0.0256512500,0.0272828900,0.0776982400,0.9966035000,0.0188127800,-0.0011103970,-0.0251764800,0.0307925800,0.0828103600,0.9960895000,0.0000000000,
4023568,1,1.0000000000,3.2897340000,-0.0339356800,0.0009526215,-0.0234096100,0.0442051300,0.1021738000,0.9937839000,1,1.0000000000,3.2505340000,0.0331564400,-0.0016771700,-0.0256477500,0.0267642600,0.0781870300,0.9965793000,0.0005365601,-0.0003985748,-0.0245595900,0.0352483300,0.0898603500,0.9953305000,0.0000000000,
4023576,1,1.0000000000,3.2665560000,-0.0339352300,0.0009481507,-0.0233992500,0.0455478200,0.1024940000,0.9936903000,1,1.0000000000,3.2449800000,0.0331589500,-0.0016806030,-0.0256442600,0.0263519800,0.0784608600,0.9965689000,0.0047764280,-0.0005685730,-0.0246945500,0.0344701000,0.0886395700,0.9954671000,0.0000000000,
4023585,1,1.0000000000,3.2438810000,-0.0339347700,0.0009436646,-0.0233888700,0.0468906400,0.1027688000,0.9935994000,1,1.0000000000,3.2383580000,0.0331619900,-0.0016862180,-0.0256355000,0.0269473800,0.0773325800,0.9966411000,0.0072908940,-0.0006721802,-0.0247692400,0.0346375600,0.0871432300,0.9955934000,0.0000000000,
4023593,1,1.0000000000,3.2294770000,-0.0339343100,0.0009392701,-0.0233773000,0.0470127400,0.1031503000,0.9935541000,1,1.0000000000,3.2320100000,0.0331650400,-0.0016918180,-0.0256267400,0.0275424300,0.0761574700,0.9967153000,0.0074543610,-0.0006836548,-0.0247648200,0.0350194500,0.0865033900,0.9956359000,0.0000000000,
4023601,1,1.0000000000,3.2155000000,-0.0339338700,0.0009348755,-0.0233657400,0.0471346900,0.1031195000,0.9935516000,1,1.0000000000,3.2212830000,0.0331684900,-0.0016997830,-0.0256235200,0.0269931900,0.0765086900,0.9967034000,0.0063515470,-0.0006468506,-0.0247212100,0.0350495400,0.0871584400,0.9955777000,0.0000000000,
4023610,1,1.0000000000,3.2065580000,-0.0339336700,0.0009326020,-0.0233622000,0.0472114200,0.1032883000,0.9935303000,1,1.0000000000,3.2103120000,0.0331719400,-0.0017049560,-0.0256267400,0.0263825800,0.0766453000,0.9967093000,0.0049423830,-0.0005953980,-0.0246741000,0.0351567300,0.0878613000,0.9955121000,0.0000000000,
4023618,1,1.0000000000,3.1970980000,-0.0339334900,0.0009303284,-0.0233641200,0.0473027600,0.1037304000,0.9934800000,1,1.0000000000,3.2007290000,0.0331734900,-0.0017063450,-0.0256279800,0.0268555800,0.0772860900,0.9966472000,0.0035975650,-0.0005442963,-0.0246302400,0.0358738600,0.0889598500,0.9953890000,0.0000000000,
4023626,1,1.0000000000,3.1840520000,-0.0339325600,0.0009257966,-0.0233649300,0.0472568000,0.1046608000,0.9933845000,1,1.0000000000,3.1906280000,0.0331750400,-0.0017067870,-0.0256292100,0.0273441400,0.0769817000,0.9966574000,0.0026444090,-0.0005090790,-0.0245990800,0.0364079500,0.0895855400,0.9953135000,0.0000000000,
4023635,1,1.0000000000,3.1710050000,-0.0339316100,0.0009212799,-0.0233657400,0.0472114000,0.1054703000,0.9933011000,1,1.0000000000,3.1887510000,0.0331774200,-0.0017058720,-0.0256342600,0.0286714200,0.0770115200,0.9966179000,0.0018949130,-0.0004812317,-0.0245768000,0.0373232800,0.0902869300,0.9952161000,0.0000000000,
4023643,1,1.0000000000,3.1679530000,-0.0339299900,0.0009212799,-0.0233657400,0.0487671400,0.1054689000,0.9932261000,1,1.0000000000,3.1866300000,0.0331798100,-0.0017049560,-0.0256393000,0.0300142100,0.0770878400,0.9965724000,0.0009751740,-0.0004446717,-0.0245482600,0.0390171300,0.0907144500,0.9951123000,0.0000000000,
4023651,1,1.0000000000,3.1658330000,-0.0339293400,0.0009212799,-0.0233657400,0.0496071300,0.1036241000,0.9933786000,1,1.0000000000,3.1884920000,0.0331814600,-0.0017036590,-0.0256417900,0.0311893400,0.0769357200,0.9965481000,0.0003038940,-0.0004176941,-0.0245267500,0.0402073200,0.0900277700,0.9951273000,0.0000000000,
4023660,1,1.0000000000,3.1587980000,-0.0339274000,0.0009212799,-0.0233657400,0.0493473000,0.1054238000,0.9932022000,1,1.0000000000,3.1872250000,0.0331831200,-0.0017023620,-0.0256442600,0.0323643900,0.0767986800,0.9965212000,0.0000531616,-0.0004071656,-0.0245194400,0.0407566900,0.0909434200,0.9950217000,0.0000000000,
4023668,1,1.0000000000,3.1471710000,-0.0339262000,0.0009212799,-0.0233657400,0.0495759000,0.1034853000,0.9933947000,1,1.0000000000,3.1870420000,0.0331855500,-0.0017023620,-0.0256442600,0.0320286600,0.0761577300,0.9965813000,-0.0011562040,-0.0003598175,-0.0244783000,0.0410161100,0.0901500000,0.9950832000,0.0000000000,
4023676,1,1.0000000000,3.1419830000,-0.0339262000,0.0009200287,-0.0233641200,0.0496675700,0.1010441000,0.9936414000,1,1.0000000000,3.1856990000,0.0331900200,-0.0017023620,-0.0256442600,0.0316469000,0.0744175200,0.9967249000,-0.0013964840,-0.0003509674,-0.0244692500,0.0409397800,0.0881509900,0.9952654000,0.0000000000,
4023685,1,1.0000000000,3.1302340000,-0.0339262000,0.0009187928,-0.0233586400,0.0519874200,0.1009841000,0.9935288000,1,1.0000000000,3.1821900000,0.0331910000,-0.0017023620,-0.0256479000,0.0327607900,0.0745548200,0.9966787000,-0.0012112730,-0.0003588257,-0.0244745000,0.0426332100,0.0881198300,0.9951971000,0.0000000000,
4023693,1,1.0000000000,3.1301120000,-0.0339262000,0.0009184113,-0.0233552600,0.0527808600,0.1008772000,0.9934978000,1,1.0000000000,3.1527560000,0.0331924000,-0.0017026060,-0.0256479000,0.0327304900,0.0736550500,0.9967465000,-0.0009058380,-0.0003710480,-0.0244831700,0.0429230000,0.0874939600,0.9952399000,0.0000000000,
4023701,1,1.0000000000,3.1422730000,-0.0339262000,0.0009182892,-0.0233552600,0.0527955200,0.1008303000,0.9935018000,1,1.0000000000,3.1351010000,0.0331929200,-0.0017026060,-0.0256479000,0.0328830700,0.0735939800,0.9967460000,-0.0000137940,-0.0004059296,-0.0245136300,0.0427404700,0.0870831300,0.9952838000,0.0000000000,
4023710,1,1.0000000000,3.1241910000,-0.0339262000,0.0009182892,-0.0233552600,0.0527650300,0.1005404000,0.9935328000,1,1.0000000000,3.1330260000,0.0331933000,-0.0017026060,-0.0256479000,0.0328219900,0.0723884300,0.9968363000,-0.0001574554,-0.0004003143,-0.0245087100,0.0427404200,0.0863963700,0.9953436000,0.0000000000,
4023718,1,1.0000000000,3.1241910000,-0.0339262000,0.0009182892,-0.0233552600,0.0527650300,0.1005404000,0.9935328000,1,1.0000000000,3.1330260000,0.0331933000,-0.0017026060,-0.0256479000,0.0330200700,0.0724183200,0.9968276000,-0.0000154877,-0.0004058533,-0.0245135700,0.0428015100,0.0863507100,0.9953449000,0.0000000000,
4023726,1,1.0000000000,3.1241760000,-0.0339262000,0.0009182892,-0.0233552600,0.0519872000,0.1007242000,0.9935552000,1,1.0000000000,3.1324160000,0.0331933000,-0.0017026060,-0.0256479000,0.0330203700,0.0718696600,0.9968673000,0.0000371246,-0.0004079132,-0.0245153700,0.0423891100,0.0861362700,0.9953812000,0.0000000000,
4023735,1,1.0000000000,3.1235350000,-0.0339280000,0.0009182892,-0.0233552600,0.0523379900,0.1007239000,0.9935368000,1,1.0000000000,3.1324620000,0.0331933000,-0.0017026060,-0.0256393000,0.0330814900,0.0713815500,0.9969003000,-0.0001048737,-0.0004024048,-0.0245062100,0.0426334900,0.0859536200,0.9953865000,0.0000000000,
4023743,1,1.0000000000,3.1203160000,-0.0339293900,0.0009125672,-0.0233425800,0.0524756700,0.1014875000,0.9934519000,1,1.0000000000,3.1320950000,0.0331933000,-0.0017026060,-0.0256393000,0.0330967900,0.0702830000,0.9969779000,-0.0002061157,-0.0004013214,-0.0244964800,0.0427405500,0.0858320500,0.9953924000,0.0000000000,
4023751,1,1.0000000000,3.1244200000,-0.0339328900,0.0009055024,-0.0233287400,0.0531470700,0.1018843000,0.9933756000,1,1.0000000000,3.1329960000,0.0331933000,-0.0017026060,-0.0255978400,0.0331575900,0.0690465200,0.9970623000,-0.0008025666,-0.0003817292,-0.0244486700,0.0432893600,0.0856937100,0.9953806000,0.0000000000,
4023760,1,1.0000000000,3.1246640000,-0.0339360200,0.0009039917,-0.0233270900,0.0537569400,0.1020970000,0.9933209000,1,1.0000000000,3.1334380000,0.0331929200,-0.0017065430,-0.0255836700,0.0331273200,0.0696116200,0.9970239000,-0.0019611510,-0.0003394470,-0.0244019500,0.0439307600,0.0866408000,0.9952706000,0.0000000000,
4023768,1,1.0000000000,3.1255950000,-0.0339397600,0.0008993989,-0.0233173700,0.0544130800,0.1023412000,0.9932600000,1,1.0000000000,3.1340330000,0.0331924000,-0.0017150120,-0.0255525100,0.0331728500,0.0692601400,0.9970469000,-0.0039412080,-0.0002688599,-0.0243161600,0.0449224300,0.0875712800,0.9951448000,0.0000000000,
4023776,1,1.0000000000,3.1249540000,-0.0339424200,0.0008953400,-0.0233150500,0.0526428900,0.1006166000,0.9935316000,1,1.0000000000,3.1300350000,0.0331907500,-0.0017224120,-0.0255388400,0.0333557800,0.0699006600,0.9969962000,-0.0058407900,-0.0002004242,-0.0242459100,0.0445714000,0.0877695000,0.9951432000,0.0000000000,
4023785,1,1.0000000000,3.1574100000,-0.0339448000,0.0008944703,-0.0233150500,0.0521703500,0.1009227000,0.9935255000,1,1.0000000000,3.1300660000,0.0331868600,-0.0017235570,-0.0255360000,0.0341343900,0.0700083100,0.9969622000,-0.0069511260,-0.0001582337,-0.0242081000,0.0449221700,0.0885015400,0.9950625000,0.0000000000,
4023793,1,1.0000000000,3.1584630000,-0.0339485500,0.0008927460,-0.0233117400,0.0527802800,0.1011355000,0.9934716000,1,1.0000000000,3.1205290000,0.0331851400,-0.0017293550,-0.0255336000,0.0338445300,0.0709850100,0.9969030000,-0.0074354710,-0.0001427918,-0.0241892100,0.0453039700,0.0892498900,0.9949784000,0.0000000000,
4023801,1,1.0000000000,3.1626890000,-0.0339520900,0.0008905182,-0.0233117400,0.0526281000,0.1012889000,0.9934641000,1,1.0000000000,3.1302950000,0.0331805100,-0.0017303620,-0.0255316300,0.0342412000,0.0703897800,0.9969317000,-0.0074229130,-0.0001451874,-0.0241889800,0.0453648100,0.0890969200,0.9949893000,0.0000000000,
4023810,1,1.0000000000,3.1627500000,-0.0339543600,0.0008905182,-0.0233117400,0.0528569400,0.1016245000,0.9934176000,1,1.0000000000,3.1350860000,0.0331782000,-0.0017304840,-0.0255287900,0.0346681100,0.0709689000,0.9968759000,-0.0066322020,-0.0001761933,-0.0242140500,0.0454566200,0.0891584500,0.9949796000,0.0000000000,
4023818,1,1.0000000000,3.1627500000,-0.0339573400,0.0008887787,-0.0233100400,0.0520789800,0.1015334000,0.9934680000,1,1.0000000000,3.1311800000,0.0331772000,-0.0017304840,-0.0255287900,0.0312196500,0.0721134200,0.9969077000,-0.0051829990,-0.0002338562,-0.0242610200,0.0431524900,0.0889447900,0.9951013000,0.0000000000,
4023826,1,1.0000000000,3.1586910000,-0.0339573500,0.0008886261,-0.0233076900,0.0520481300,0.1017616000,0.9934463000,1,1.0000000000,3.1389770000,0.0331751600,-0.0017304840,-0.0255287900,0.0314182000,0.0717323700,0.9969289000,-0.0030898750,-0.0003156281,-0.0243289500,0.0425722200,0.0879673100,0.9952133000,0.0000000000,
4023835,1,1.0000000000,3.1590580000,-0.0339604200,0.0008886261,-0.0233100400,0.0525368000,0.1024796000,0.9933468000,1,1.0000000000,3.1497800000,0.0331747900,-0.0017304840,-0.0255287900,0.0306702500,0.0721742600,0.9969203000,-0.0017488100,-0.0003680268,-0.0243746000,0.0420537600,0.0879527700,0.9952366000,0.0000000000,
4023843,1,1.0000000000,3.1588440000,-0.0339622800,0.0008886261,-0.0233100400,0.0523381800,0.1024791000,0.9933573000,1,1.0000000000,3.1495510000,0.0331720700,-0.0017304840,-0.0255316300,0.0311739200,0.0718999100,0.9969246000,-0.0008548737,-0.0004029846,-0.0244056100,0.0419160800,0.0874179900,0.9952895000,0.0000000000,
4023851,1,1.0000000000,3.1625670000,-0.0339637000,0.0008886261,-0.0233117400,0.0500342100,0.1019758000,0.9935278000,1,1.0000000000,3.1496890000,0.0331698900,-0.0017304840,-0.0255316300,0.0312654400,0.0722965700,0.9968930000,-0.0005454102,-0.0004151306,-0.0244167700,0.0406956600,0.0872202400,0.9953575000,0.0000000000,
4023860,1,1.0000000000,3.1640320000,-0.0339645100,0.0008887787,-0.0233150500,0.0501254800,0.1010902000,0.9936137000,1,1.0000000000,3.1495970000,0.0331693000,-0.0017304840,-0.0255336000,0.0308992200,0.0720371400,0.9969232000,-0.0001305084,-0.0004312744,-0.0244331500,0.0404362900,0.0864573600,0.9954346000,0.0000000000,
4023868,1,1.0000000000,3.1795650000,-0.0339666000,0.0008902588,-0.0233178900,0.0502629500,0.1006938000,0.9936470000,1,1.0000000000,3.1495360000,0.0331668300,-0.0017303620,-0.0255388400,0.0309910800,0.0722820000,0.9969026000,0.0000598450,-0.0004379883,-0.0244435700,0.0404971400,0.0863043800,0.9954454000,0.0000000000,
4023876,1,1.0000000000,3.1877440000,-0.0339693800,0.0008902588,-0.0233196900,0.0507814500,0.1001896000,0.9936717000,1,1.0000000000,3.1462250000,0.0331604500,-0.0016872100,-0.0256632900,0.0306092100,0.0707094100,0.9970272000,-0.0045198520,-0.0002404480,-0.0243478100,0.0419470500,0.0872816000,0.9953002000,0.0000000000,
4023885,1,1.0000000000,3.1879270000,-0.0339695000,0.0008905182,-0.0233245700,0.0503846100,0.1010134000,0.9936084000,1,1.0000000000,3.1455540000,0.0331595300,-0.0016846010,-0.0256694200,0.0305483500,0.0700079100,0.9970786000,-0.0095905460,-0.0000446625,-0.0241761300,0.0431830500,0.0897688700,0.9950261000,0.0000000000,
4023893,1,1.0000000000,3.1708530000,-0.0339713300,0.0008954926,-0.0233266300,0.0511632300,0.1014415000,0.9935250000,1,1.0000000000,3.1487270000,0.0331579400,-0.0016843720,-0.0256694200,0.0308535500,0.0705115100,0.9970337000,-0.0137173000,0.0001171112,-0.0240334900,0.0450443200,0.0921180800,0.9947287000,0.0000000000,
4023901,1,1.0000000000,3.1876680000,-0.0339717000,0.0008954926,-0.0233266300,0.0508274200,0.1001290000,0.9936754000,1,1.0000000000,3.1588130000,0.0331578400,-0.0016827700,-0.0256714500,0.0303498500,0.0703738000,0.9970589000,-0.0163011500,0.0002168121,-0.0239438600,0.0454407900,0.0923159000,0.9946924000,0.0000000000,
4023910,1,1.0000000000,3.1876530000,-0.0339717100,0.0008954926,-0.0233266300,0.0512548800,0.1001751000,0.9936488000,1,1.0000000000,3.1592250000,0.0331573800,-0.0016827700,-0.0256714500,0.0302279000,0.0708013300,0.9970323000,-0.0171615300,0.0002498627,-0.0239138000,0.0460055200,0.0928197700,0.9946195000,0.0000000000,
4023918,1,1.0000000000,3.1875000000,-0.0339717100,0.0008954926,-0.0233266300,0.0490876300,0.1001437000,0.9937614000,1,1.0000000000,3.1659090000,0.0331573800,-0.0016827700,-0.0256714500,0.0300296500,0.0708321200,0.9970361000,-0.0162514200,0.0002149048,-0.0239456000,0.0440677600,0.0924232800,0.9947442000,0.0000000000,
4023926,1,1.0000000000,3.1891330000,-0.0339717100,0.0008954926,-0.0233245700,0.0489960100,0.1000520000,0.9937751000,1,1.0000000000,3.1665340000,0.0331573800,-0.0016813360,-0.0256717400,0.0299534500,0.0706034700,0.9970546000,-0.0137449200,0.0001190643,-0.0240318000,0.0432589100,0.0911870200,0.9948938000,0.0000000000,
4023935,1,1.0000000000,3.1970060000,-0.0339717100,0.0008938905,-0.0233178900,0.0489967600,0.0994431300,0.9938362000,1,1.0000000000,3.1759340000,0.0331573800,-0.0016813360,-0.0256717400,0.0297090300,0.0701908200,0.9970911000,-0.0095315250,-0.0000436707,-0.0241748700,0.0419776100,0.0888075900,0.9951639000,0.0000000000,
4023943,1,1.0000000000,3.2012940000,-0.0339717100,0.0008938905,-0.0233178900,0.0488895300,0.0989692600,0.9938887000,1,1.0000000000,3.1894840000,0.0331573800,-0.0016813360,-0.0256717400,0.0292666800,0.0702980200,0.9970966000,-0.0043938450,-0.0002407684,-0.0243550300,0.0402532400,0.0863506700,0.9954513000,0.0000000000,
4023951,1,1.0000000000,3.2006070000,-0.0339717100,0.0008938905,-0.0233178900,0.0488895600,0.0978859200,0.9939960000,1,1.0000000000,3.1891780000,0.0331573800,-0.0016813360,-0.0256717400,0.0282898100,0.0697632100,0.9971623000,-0.0000665741,-0.0004067841,-0.0245067600,0.0384981100,0.0836948500,0.9957475000,0.0000000000,
4023960,1,1.0000000000,3.2140200000,-0.0339717100,0.0008938905,-0.0233155100,0.0489049200,0.0978556200,0.9939983000,1,1.0000000000,3.1891780000,0.0331573800,-0.0016813360,-0.0256717400,0.0282898100,0.0697632100,0.9971623000,0.0001340485,-0.0004144745,-0.0245126200,0.0384375000,0.0835889800,0.9957587000,0.0000000000,
4023968,1,1.0000000000,3.2381740000,-0.0339717000,0.0008885956,-0.0233075600,0.0490115900,0.0984504300,0.9939343000,1,1.0000000000,3.1914060000,0.0331579400,-0.0016813360,-0.0256673100,0.0281068800,0.0697483900,0.9971686000,0.0002959137,-0.0004232636,-0.0245121300,0.0383459300,0.0838178300,0.9957430000,0.0000000000,
4023976,1,1.0000000000,3.2471470000,-0.0339693600,0.0008849183,-0.0232985700,0.0485540800,0.0981610300,0.9939854000,1,1.0000000000,3.1944270000,0.0331583700,-0.0016847690,-0.0256602800,0.0280762700,0.0700228400,0.9971502000,0.0002541504,-0.0004251709,-0.0245026400,0.0381167500,0.0838324400,0.9957505000,0.0000000000,
4023985,1,1.0000000000,3.2470250000,-0.0339691800,0.0008846741,-0.0232927900,0.0485997100,0.0975503600,0.9940432000,1,1.0000000000,3.1942140000,0.0331591000,-0.0016848150,-0.0256599900,0.0279238000,0.0700231300,0.9971545000,0.0004773407,-0.0004338379,-0.0245075100,0.0379949700,0.0834363300,0.9957885000,0.0000000000,
4023993,1,1.0000000000,3.2472080000,-0.0339671300,0.0008827210,-0.0232914300,0.0492099600,0.0978858700,0.9939802000,1,1.0000000000,3.2027440000,0.0331599900,-0.0016878360,-0.0256543400,0.0283204400,0.0703433500,0.9971207000,0.0005561371,-0.0004393006,-0.0245066700,0.0384827700,0.0837252100,0.9957455000,0.0000000000,
4024001,1,1.0000000000,3.2517400000,-0.0339664200,0.0008760071,-0.0232738800,0.0502625600,0.0978700800,0.9939291000,1,1.0000000000,3.2083130000,0.0331603300,-0.0016879880,-0.0256540500,0.0288086400,0.0704041600,0.9971024000,0.0008313446,-0.0004531403,-0.0245077400,0.0391393500,0.0836498600,0.9957263000,0.0000000000,
4024010,1,1.0000000000,3.2583010000,-0.0339655200,0.0008748932,-0.0232636600,0.0502167700,0.0966493500,0.9940509000,1,1.0000000000,3.2114110000,0.0331606300,-0.0016888730,-0.0256527100,0.0289765100,0.0705415500,0.9970879000,0.0011928250,-0.0004679108,-0.0245149500,0.0390934000,0.0829933600,0.9957830000,0.0000000000,
4024018,1,1.0000000000,3.2585300000,-0.0339644800,0.0008719178,-0.0232621900,0.0508276200,0.0971691100,0.9939692000,1,1.0000000000,3.2117460000,0.0331614700,-0.0016888730,-0.0256527100,0.0288088600,0.0705115200,0.9970949000,0.0015728760,-0.0004837952,-0.0245277600,0.0391699200,0.0830701400,0.9957736000,0.0000000000,
4024026,1,1.0000000000,3.2515260000,-0.0339628900,0.0008718262,-0.0232605400,0.0511325400,0.0970617900,0.9939640000,1,1.0000000000,3.2210390000,0.0331615200,-0.0016907810,-0.0256450400,0.0288548100,0.0701915000,0.9971161000,0.0018519590,-0.0004954681,-0.0245328200,0.0392460000,0.0827339900,0.9957986000,0.0000000000,
4024035,1,1.0000000000,3.2513430000,-0.0339622200,0.0008717804,-0.0232605400,0.0509954900,0.0970775900,0.9939696000,1,1.0000000000,3.2454070000,0.0331615900,-0.0016924590,-0.0256446100,0.0288391700,0.0706025600,0.9970875000,0.0018824010,-0.0004975434,-0.0245336500,0.0391697300,0.0829476500,0.9957838000,0.0000000000,
