unity_timestamp,eye_timestamp,Main Camera_position.x,Main Camera_position.y,Main Camera_position.z,Main Camera_rotation.x,Main Camera_rotation.y,Main Camera_rotation.z,Main Camera_rotation.w,Main Camera_position.x,Main Camera_position.y,Main Camera_position.z,Main Camera_rotation.x,Main Camera_rotation.y,Main Camera_rotation.z,Main Camera_rotation.w,Main Camera_position.x,Main Camera_position.y,Main Camera_position.z,Main Camera_rotation.x,Main Camera_rotation.y,Main Camera_rotation.z,Main Camera_rotation.w,messages,
260.4948000000,262866,-0.6291866000,1.3961880000,-0.7165856000,0.0742358700,0.0569603000,-0.0232353900,0.9953415000,-0.6291866000,1.3961880000,-0.7165856000,0.0742358700,0.0569603000,-0.0232353900,0.9953415000,-0.6291866000,1.3961880000,-0.7165856000,0.0742358700,0.0569603000,-0.0232353900,0.9953415000,
260.4948000000,262941,-0.6289611000,1.3960290000,-0.7161453000,0.0750431700,0.0574261600,-0.0236209100,0.9952451000,-0.6289611000,1.3960290000,-0.7161453000,0.0750431700,0.0574261600,-0.0236209100,0.9952451000,-0.6289611000,1.3960290000,-0.7161453000,0.0750431700,0.0574261600,-0.0236209100,0.9952451000,
260.5148000000,262941,-0.6282017000,1.3954680000,-0.7142851000,0.0782902800,0.0595268300,-0.0253075400,0.9948300000,-0.6282017000,1.3954680000,-0.7142851000,0.0782902800,0.0595268300,-0.0253075400,0.9948300000,-0.6282017000,1.3954680000,-0.7142851000,0.0782902800,0.0595268300,-0.0253075400,0.9948300000,
260.5227000000,262999,-0.6279442000,1.3948530000,-0.7124009000,0.0812319800,0.0608012200,-0.0256132500,0.9945092000,-0.6279442000,1.3948530000,-0.7124009000,0.0812319800,0.0608012200,-0.0256132500,0.9945092000,-0.6279442000,1.3948530000,-0.7124009000,0.0812319800,0.0608012200,-0.0256132500,0.9945092000,
260.5419000000,262999,-0.6281259000,1.3950540000,-0.7132633000,0.0802062400,0.0599401100,-0.0252164600,0.9946549000,-0.6281259000,1.3950540000,-0.7132633000,0.0802062400,0.0599401100,-0.0252164600,0.9946549000,-0.6281259000,1.3950540000,-0.7132633000,0.0802062400,0.0599401100,-0.0252164600,0.9946549000,
260.5507000000,263026,-0.6282258000,1.3950090000,-0.7131677000,0.0804640500,0.0597943600,-0.0250218500,0.9946477000,-0.6282258000,1.3950090000,-0.7131677000,0.0804640500,0.0597943600,-0.0250218500,0.9946477000,-0.6282258000,1.3950090000,-0.7131677000,0.0804640500,0.0597943600,-0.0250218500,0.9946477000,
260.5765000000,263055,-0.6284218000,1.3949980000,-0.7131193000,0.0805093500,0.0593684800,-0.0247325000,0.9946768000,-0.6284218000,1.3949980000,-0.7131193000,0.0805093500,0.0593684800,-0.0247325000,0.9946768000,-0.6284218000,1.3949980000,-0.7131193000,0.0805093500,0.0593684800,-0.0247325000,0.9946768000,
260.5818000000,263060,-0.6287186000,1.3948210000,-0.7128532000,0.0810136600,0.0587557700,-0.0241530100,0.9946865000,-0.6287186000,1.3948210000,-0.7128532000,0.0810136600,0.0587557700,-0.0241530100,0.9946865000,-0.6287186000,1.3948210000,-0.7128532000,0.0810136600,0.0587557700,-0.0241530100,0.9946865000,
260.5897000000,263060,-0.6287494000,1.3948540000,-0.7129090000,0.0809233400,0.0586052400,-0.0241231300,0.9947034000,-0.6287494000,1.3948540000,-0.7129090000,0.0809233400,0.0586052400,-0.0241231300,0.9947034000,-0.6287494000,1.3948540000,-0.7129090000,0.0809233400,0.0586052400,-0.0241231300,0.9947034000,
260.6006000000,263073,-0.6289332000,1.3948600000,-0.7129118000,0.0808141300,0.0581747300,-0.0238984600,0.9947430000,-0.6289332000,1.3948600000,-0.7129118000,0.0808141300,0.0581747300,-0.0238984600,0.9947430000,-0.6289332000,1.3948600000,-0.7129118000,0.0808141300,0.0581747300,-0.0238984600,0.9947430000,
260.6119000000,263084,-0.6290832000,1.3948990000,-0.7129488000,0.0806675200,0.0576019100,-0.0236421800,0.9947944000,-0.6290832000,1.3948990000,-0.7129488000,0.0806675200,0.0576019100,-0.0236421800,0.9947944000,-0.6290832000,1.3948990000,-0.7129488000,0.0806675200,0.0576019100,-0.0236421800,0.9947944000,
260.6732000000,263095,-0.6293879000,1.3950760000,-0.7132094000,0.0803215900,0.0568931600,-0.0231830700,0.9948739000,-0.6293879000,1.3950760000,-0.7132094000,0.0803215900,0.0568931600,-0.0231830700,0.9948739000,-0.6293879000,1.3950760000,-0.7132094000,0.0803215900,0.0568931600,-0.0231830700,0.9948739000,
260.6963000000,263157,-0.6309297000,1.3954270000,-0.7138028000,0.0784356200,0.0526308000,-0.0192828900,0.9953422000,-0.6309297000,1.3954270000,-0.7138028000,0.0784356200,0.0526308000,-0.0192828900,0.9953422000,-0.6309297000,1.3954270000,-0.7138028000,0.0784356200,0.0526308000,-0.0192828900,0.9953422000,
260.7021000000,263180,-0.6304274000,1.3953330000,-0.7135956000,0.0790596500,0.0540815500,-0.0205828800,0.9951890000,-0.6304274000,1.3953330000,-0.7135956000,0.0790596500,0.0540815500,-0.0205828800,0.9951890000,-0.6304274000,1.3953330000,-0.7135956000,0.0790596500,0.0540815500,-0.0205828800,0.9951890000,
260.7122000000,263180,-0.6309414000,1.3954570000,-0.7138445000,0.0784850800,0.0527780200,-0.0192510800,0.9953311000,-0.6309414000,1.3954570000,-0.7138445000,0.0784850800,0.0527780200,-0.0192510800,0.9953311000,-0.6309414000,1.3954570000,-0.7138445000,0.0784850800,0.0527780200,-0.0192510800,0.9953311000,
260.7232000000,263196,-0.6310141000,1.3955230000,-0.7139995000,0.0784620200,0.0527417700,-0.0191369200,0.9953371000,-0.6310141000,1.3955230000,-0.7139995000,0.0784620200,0.0527417700,-0.0191369200,0.9953371000,-0.6310141000,1.3955230000,-0.7139995000,0.0784620200,0.0527417700,-0.0191369200,0.9953371000,
260.7346000000,263207,-0.6311812000,1.3956660000,-0.7141209000,0.0781958900,0.0523010400,-0.0187579900,0.9953884000,-0.6311812000,1.3956660000,-0.7141209000,0.0781958900,0.0523010400,-0.0187579900,0.9953884000,-0.6311812000,1.3956660000,-0.7141209000,0.0781958900,0.0523010400,-0.0187579900,0.9953884000,
260.7453000000,263218,-0.6313295000,1.3957190000,-0.7142215000,0.0777860900,0.0517936300,-0.0182488300,0.9954566000,-0.6313295000,1.3957190000,-0.7142215000,0.0777860900,0.0517936300,-0.0182488300,0.9954566000,-0.6313295000,1.3957190000,-0.7142215000,0.0777860900,0.0517936300,-0.0182488300,0.9954566000,
260.7563000000,263229,-0.6314745000,1.3958320000,-0.7143495000,0.0773291700,0.0514262500,-0.0178201300,0.9955190000,-0.6314745000,1.3958320000,-0.7143495000,0.0773291700,0.0514262500,-0.0178201300,0.9955190000,-0.6314745000,1.3958320000,-0.7143495000,0.0773291700,0.0514262500,-0.0178201300,0.9955190000,
260.7730000000,263240,-0.6316414000,1.3959640000,-0.7144887000,0.0769596600,0.0511311600,-0.0174981500,0.9955685000,-0.6316414000,1.3959640000,-0.7144887000,0.0769596600,0.0511311600,-0.0174981500,0.9955685000,-0.6316414000,1.3959640000,-0.7144887000,0.0769596600,0.0511311600,-0.0174981500,0.9955685000,
260.7804000000,263257,-0.6317749000,1.3960190000,-0.7145975000,0.0765463600,0.0507608200,-0.0170476500,0.9956272000,-0.6317749000,1.3960190000,-0.7145975000,0.0765463600,0.0507608200,-0.0170476500,0.9956272000,-0.6317749000,1.3960190000,-0.7145975000,0.0765463600,0.0507608200,-0.0170476500,0.9956272000,
260.7898000000,263257,-0.6318369000,1.3960590000,-0.7147188000,0.0762134400,0.0503447000,-0.0167719500,0.9956785000,-0.6318369000,1.3960590000,-0.7147188000,0.0762134400,0.0503447000,-0.0167719500,0.9956785000,-0.6318369000,1.3960590000,-0.7147188000,0.0762134400,0.0503447000,-0.0167719500,0.9956785000,
260.8007000000,263273,-0.6319423000,1.3961140000,-0.7147996000,0.0758752300,0.0500183900,-0.0164244100,0.9957266000,-0.6319423000,1.3961140000,-0.7147996000,0.0758752300,0.0500183900,-0.0164244100,0.9957266000,-0.6319423000,1.3961140000,-0.7147996000,0.0758752300,0.0500183900,-0.0164244100,0.9957266000,
260.8119000000,263285,-0.6320348000,1.3962090000,-0.7149086000,0.0756093300,0.0497718800,-0.0160997300,0.9957644000,-0.6320348000,1.3962090000,-0.7149086000,0.0756093300,0.0497718800,-0.0160997300,0.9957644000,-0.6320348000,1.3962090000,-0.7149086000,0.0756093300,0.0497718800,-0.0160997300,0.9957644000,
260.8230000000,263296,-0.6320400000,1.3963530000,-0.7149699000,0.0751482000,0.0494246200,-0.0159350100,0.9958193000,-0.6320400000,1.3963530000,-0.7149699000,0.0751482000,0.0494246200,-0.0159350100,0.9958193000,-0.6320400000,1.3963530000,-0.7149699000,0.0751482000,0.0494246200,-0.0159350100,0.9958193000,
260.8343000000,263307,-0.6321137000,1.3964440000,-0.7150371000,0.0747805100,0.0491684200,-0.0157534500,0.9958625000,-0.6321137000,1.3964440000,-0.7150371000,0.0747805100,0.0491684200,-0.0157534500,0.9958625000,-0.6321137000,1.3964440000,-0.7150371000,0.0747805100,0.0491684200,-0.0157534500,0.9958625000,
260.8448000000,263318,-0.6321371000,1.3965910000,-0.7150891000,0.0744440600,0.0489596900,-0.0157818800,0.9958976000,-0.6321371000,1.3965910000,-0.7150891000,0.0744440600,0.0489596900,-0.0157818800,0.9958976000,-0.6321371000,1.3965910000,-0.7150891000,0.0744440600,0.0489596900,-0.0157818800,0.9958976000,
260.8559000000,263329,-0.6321738000,1.3967050000,-0.7152238000,0.0742584200,0.0489485000,-0.0159460500,0.9959093000,-0.6321738000,1.3967050000,-0.7152238000,0.0742584200,0.0489485000,-0.0159460500,0.9959093000,-0.6321738000,1.3967050000,-0.7152238000,0.0742584200,0.0489485000,-0.0159460500,0.9959093000,
260.8671000000,263339,-0.6322119000,1.3967510000,-0.7152936000,0.0738918500,0.0489426700,-0.0160320100,0.9959356000,-0.6322119000,1.3967510000,-0.7152936000,0.0738918500,0.0489426700,-0.0160320100,0.9959356000,-0.6322119000,1.3967510000,-0.7152936000,0.0738918500,0.0489426700,-0.0160320100,0.9959356000,
260.8781000000,263351,-0.6322284000,1.3968240000,-0.7153606000,0.0737699000,0.0489397500,-0.0161070000,0.9959435000,-0.6322284000,1.3968240000,-0.7153606000,0.0737699000,0.0489397500,-0.0161070000,0.9959435000,-0.6322284000,1.3968240000,-0.7153606000,0.0737699000,0.0489397500,-0.0161070000,0.9959435000,
260.8893000000,263362,-0.6322446000,1.3968700000,-0.7154262000,0.0736081300,0.0488805200,-0.0161382100,0.9959579000,-0.6322446000,1.3968700000,-0.7154262000,0.0736081300,0.0488805200,-0.0161382100,0.9959579000,-0.6322446000,1.3968700000,-0.7154262000,0.0736081300,0.0488805200,-0.0161382100,0.9959579000,
260.9008000000,263373,-0.6323054000,1.3968320000,-0.7155182000,0.0734749100,0.0487544600,-0.0159888400,0.9959763000,-0.6323054000,1.3968320000,-0.7155182000,0.0734749100,0.0487544600,-0.0159888400,0.9959763000,-0.6323054000,1.3968320000,-0.7155182000,0.0734749100,0.0487544600,-0.0159888400,0.9959763000,
260.9117000000,263385,-0.6323631000,1.3968460000,-0.7155552000,0.0733412100,0.0484894700,-0.0157706200,0.9960026000,-0.6323631000,1.3968460000,-0.7155552000,0.0733412100,0.0484894700,-0.0157706200,0.9960026000,-0.6323631000,1.3968460000,-0.7155552000,0.0733412100,0.0484894700,-0.0157706200,0.9960026000,
260.9230000000,263395,-0.6324532000,1.3968540000,-0.7156200000,0.0733477200,0.0482949400,-0.0155645600,0.9960148000,-0.6324532000,1.3968540000,-0.7156200000,0.0733477200,0.0482949400,-0.0155645600,0.9960148000,-0.6324532000,1.3968540000,-0.7156200000,0.0733477200,0.0482949400,-0.0155645600,0.9960148000,
260.9340000000,263407,-0.6324756000,1.3968020000,-0.7156303000,0.0732917200,0.0479136800,-0.0154269700,0.9960395000,-0.6324756000,1.3968020000,-0.7156303000,0.0732917200,0.0479136800,-0.0154269700,0.9960395000,-0.6324756000,1.3968020000,-0.7156303000,0.0732917200,0.0479136800,-0.0154269700,0.9960395000,
260.9451000000,263418,-0.6325188000,1.3967960000,-0.7156825000,0.0732156300,0.0476585700,-0.0154087500,0.9960576000,-0.6325188000,1.3967960000,-0.7156825000,0.0732156300,0.0476585700,-0.0154087500,0.9960576000,-0.6325188000,1.3967960000,-0.7156825000,0.0732156300,0.0476585700,-0.0154087500,0.9960576000,
260.9562000000,263429,-0.6325543000,1.3967940000,-0.7157145000,0.0730357200,0.0475048300,-0.0154952900,0.9960768000,-0.6325543000,1.3967940000,-0.7157145000,0.0730357200,0.0475048300,-0.0154952900,0.9960768000,-0.6325543000,1.3967940000,-0.7157145000,0.0730357200,0.0475048300,-0.0154952900,0.9960768000,
260.9677000000,263440,-0.6326170000,1.3968280000,-0.7157304000,0.0727232800,0.0474369500,-0.0157823000,0.9960984000,-0.6326170000,1.3968280000,-0.7157304000,0.0727232800,0.0474369500,-0.0157823000,0.9960984000,-0.6326170000,1.3968280000,-0.7157304000,0.0727232800,0.0474369500,-0.0157823000,0.9960984000,
260.9784000000,263451,-0.6326518000,1.3968570000,-0.7157409000,0.0722471700,0.0472913200,-0.0160493400,0.9961357000,-0.6326518000,1.3968570000,-0.7157409000,0.0722471700,0.0472913200,-0.0160493400,0.9961357000,-0.6326518000,1.3968570000,-0.7157409000,0.0722471700,0.0472913200,-0.0160493400,0.9961357000,
260.9898000000,263462,-0.6326945000,1.3969410000,-0.7157488000,0.0719122900,0.0473811100,-0.0161360900,0.9961542000,-0.6326945000,1.3969410000,-0.7157488000,0.0719122900,0.0473811100,-0.0161360900,0.9961542000,-0.6326945000,1.3969410000,-0.7157488000,0.0719122900,0.0473811100,-0.0161360900,0.9961542000,
261.0005000000,263473,-0.6327279000,1.3970980000,-0.7158396000,0.0713701100,0.0474510300,-0.0162438500,0.9961882000,-0.6327279000,1.3970980000,-0.7158396000,0.0713701100,0.0474510300,-0.0162438500,0.9961882000,-0.6327279000,1.3970980000,-0.7158396000,0.0713701100,0.0474510300,-0.0162438500,0.9961882000,
261.0116000000,263484,-0.6327789000,1.3972190000,-0.7158551000,0.0707688400,0.0477240600,-0.0163452200,0.9962164000,-0.6327789000,1.3972190000,-0.7158551000,0.0707688400,0.0477240600,-0.0163452200,0.9962164000,-0.6327789000,1.3972190000,-0.7158551000,0.0707688400,0.0477240600,-0.0163452200,0.9962164000,
261.0227000000,263495,-0.6328151000,1.3972990000,-0.7158878000,0.0698826600,0.0480591200,-0.0163615900,0.9962626000,-0.6328151000,1.3972990000,-0.7158878000,0.0698826600,0.0480591200,-0.0163615900,0.9962626000,-0.6328151000,1.3972990000,-0.7158878000,0.0698826600,0.0480591200,-0.0163615900,0.9962626000,
261.0336000000,263506,-0.6328399000,1.3974730000,-0.7159321000,0.0690554000,0.0486442900,-0.0163100900,0.9962927000,-0.6328399000,1.3974730000,-0.7159321000,0.0690554000,0.0486442900,-0.0163100900,0.9962927000,-0.6328399000,1.3974730000,-0.7159321000,0.0690554000,0.0486442900,-0.0163100900,0.9962927000,
261.0450000000,263517,-0.6328366000,1.3975740000,-0.7159734000,0.0681297600,0.0492960100,-0.0162476400,0.9963254000,-0.6328366000,1.3975740000,-0.7159734000,0.0681297600,0.0492960100,-0.0162476400,0.9963254000,-0.6328366000,1.3975740000,-0.7159734000,0.0681297600,0.0492960100,-0.0162476400,0.9963254000,
261.0559000000,263529,-0.6328106000,1.3977980000,-0.7159996000,0.0670864100,0.0501845700,-0.0159726100,0.9963562000,-0.6328106000,1.3977980000,-0.7159996000,0.0670864100,0.0501845700,-0.0159726100,0.9963562000,-0.6328106000,1.3977980000,-0.7159996000,0.0670864100,0.0501845700,-0.0159726100,0.9963562000,
261.0674000000,263539,-0.6327641000,1.3980130000,-0.7160280000,0.0659842000,0.0512232000,-0.0155594800,0.9963835000,-0.6327641000,1.3980130000,-0.7160280000,0.0659842000,0.0512232000,-0.0155594800,0.9963835000,-0.6327641000,1.3980130000,-0.7160280000,0.0659842000,0.0512232000,-0.0155594800,0.9963835000,
261.0779000000,263551,-0.6327310000,1.3982560000,-0.7160916000,0.0648101000,0.0525542800,-0.0153067600,0.9963952000,-0.6327310000,1.3982560000,-0.7160916000,0.0648101000,0.0525542800,-0.0153067600,0.9963952000,-0.6327310000,1.3982560000,-0.7160916000,0.0648101000,0.0525542800,-0.0153067600,0.9963952000,
261.0893000000,263561,-0.6326675000,1.3985810000,-0.7161376000,0.0636665800,0.0542096600,-0.0148852900,0.9963866000,-0.6326675000,1.3985810000,-0.7161376000,0.0636665800,0.0542096600,-0.0148852900,0.9963866000,-0.6326675000,1.3985810000,-0.7161376000,0.0636665800,0.0542096600,-0.0148852900,0.9963866000,
261.1003000000,263573,-0.6325991000,1.3988650000,-0.7162061000,0.0625568700,0.0561624000,-0.0143999200,0.9963560000,-0.6325991000,1.3988650000,-0.7162061000,0.0625568700,0.0561624000,-0.0143999200,0.9963560000,-0.6325991000,1.3988650000,-0.7162061000,0.0625568700,0.0561624000,-0.0143999200,0.9963560000,
261.1114000000,263584,-0.6324961000,1.3991140000,-0.7163279000,0.0614492500,0.0584213500,-0.0139247000,0.9963017000,-0.6324961000,1.3991140000,-0.7163279000,0.0614492500,0.0584213500,-0.0139247000,0.9963017000,-0.6324961000,1.3991140000,-0.7163279000,0.0614492500,0.0584213500,-0.0139247000,0.9963017000,
261.1228000000,263595,-0.6323757000,1.3993240000,-0.7164843000,0.0605502700,0.0606923300,-0.0133458400,0.9962289000,-0.6323757000,1.3993240000,-0.7164843000,0.0605502700,0.0606923300,-0.0133458400,0.9962289000,-0.6323757000,1.3993240000,-0.7164843000,0.0605502700,0.0606923300,-0.0133458400,0.9962289000,
261.1341000000,263607,-0.6321726000,1.3995080000,-0.7165561000,0.0594653900,0.0630861400,-0.0126619200,0.9961545000,-0.6321726000,1.3995080000,-0.7165561000,0.0594653900,0.0630861400,-0.0126619200,0.9961545000,-0.6321726000,1.3995080000,-0.7165561000,0.0594653900,0.0630861400,-0.0126619200,0.9961545000,
261.1448000000,263618,-0.6319585000,1.3997380000,-0.7166932000,0.0584582400,0.0653780800,-0.0118657700,0.9960761000,-0.6319585000,1.3997380000,-0.7166932000,0.0584582400,0.0653780800,-0.0118657700,0.9960761000,-0.6319585000,1.3997380000,-0.7166932000,0.0584582400,0.0653780800,-0.0118657700,0.9960761000,
261.1561000000,263629,-0.6317036000,1.4000790000,-0.7168107000,0.0573732500,0.0675080800,-0.0110870600,0.9960061000,-0.6317036000,1.4000790000,-0.7168107000,0.0573732500,0.0675080800,-0.0110870600,0.9960061000,-0.6317036000,1.4000790000,-0.7168107000,0.0573732500,0.0675080800,-0.0110870600,0.9960061000,
261.1674000000,263640,-0.6314509000,1.4003030000,-0.7169390000,0.0561763600,0.0697522500,-0.0101045700,0.9959301000,-0.6314509000,1.4003030000,-0.7169390000,0.0561763600,0.0697522500,-0.0101045700,0.9959301000,-0.6314509000,1.4003030000,-0.7169390000,0.0561763600,0.0697522500,-0.0101045700,0.9959301000,
261.1784000000,263651,-0.6313047000,1.4004220000,-0.7170277000,0.0550208900,0.0720151300,-0.0090491470,0.9958437000,-0.6313047000,1.4004220000,-0.7170277000,0.0550208900,0.0720151300,-0.0090491470,0.9958437000,-0.6313047000,1.4004220000,-0.7170277000,0.0550208900,0.0720151300,-0.0090491470,0.9958437000,
261.1902000000,263662,-0.6310492000,1.4006820000,-0.7171388000,0.0539387400,0.0740683200,-0.0082197110,0.9957595000,-0.6310492000,1.4006820000,-0.7171388000,0.0539387400,0.0740683200,-0.0082197110,0.9957595000,-0.6310492000,1.4006820000,-0.7171388000,0.0539387400,0.0740683200,-0.0082197110,0.9957595000,
261.2021000000,263674,-0.6308374000,1.4008450000,-0.7172868000,0.0530260200,0.0760851100,-0.0074515170,0.9956625000,-0.6308374000,1.4008450000,-0.7172868000,0.0530260200,0.0760851100,-0.0074515170,0.9956625000,-0.6308374000,1.4008450000,-0.7172868000,0.0530260200,0.0760851100,-0.0074515170,0.9956625000,
261.2142000000,263686,-0.6306129000,1.4009410000,-0.7173231000,0.0523927800,0.0780271400,-0.0067741630,0.9955505000,-0.6306129000,1.4009410000,-0.7173231000,0.0523927800,0.0780271400,-0.0067741630,0.9955505000,-0.6306129000,1.4009410000,-0.7173231000,0.0523927800,0.0780271400,-0.0067741630,0.9955505000,
261.2260000000,263698,-0.6304059000,1.4010280000,-0.7174606000,0.0518623200,0.0797046500,-0.0061801280,0.9954493000,-0.6304059000,1.4010280000,-0.7174606000,0.0518623200,0.0797046500,-0.0061801280,0.9954493000,-0.6304059000,1.4010280000,-0.7174606000,0.0518623200,0.0797046500,-0.0061801280,0.9954493000,
261.2381000000,263710,-0.6301889000,1.4011310000,-0.7175395000,0.0514672900,0.0812429300,-0.0056165570,0.9953488000,-0.6301889000,1.4011310000,-0.7175395000,0.0514672900,0.0812429300,-0.0056165570,0.9953488000,-0.6301889000,1.4011310000,-0.7175395000,0.0514672900,0.0812429300,-0.0056165570,0.9953488000,
261.2497000000,263722,-0.6299350000,1.4011640000,-0.7176421000,0.0511421200,0.0825032000,-0.0050912180,0.9952647000,-0.6299350000,1.4011640000,-0.7176421000,0.0511421200,0.0825032000,-0.0050912180,0.9952647000,-0.6299350000,1.4011640000,-0.7176421000,0.0511421200,0.0825032000,-0.0050912180,0.9952647000,
261.2615000000,263734,-0.6297183000,1.4011700000,-0.7177417000,0.0509445500,0.0835736100,-0.0047273630,0.9951873000,-0.6297183000,1.4011700000,-0.7177417000,0.0509445500,0.0835736100,-0.0047273630,0.9951873000,-0.6297183000,1.4011700000,-0.7177417000,0.0509445500,0.0835736100,-0.0047273630,0.9951873000,
261.2746000000,263745,-0.6295397000,1.4013700000,-0.7180307000,0.0509350100,0.0845940900,-0.0044490150,0.9951029000,-0.6295397000,1.4013700000,-0.7180307000,0.0509350100,0.0845940900,-0.0044490150,0.9951029000,-0.6295397000,1.4013700000,-0.7180307000,0.0509350100,0.0845940900,-0.0044490150,0.9951029000,
261.2843000000,263758,-0.6293225000,1.4013890000,-0.7181261000,0.0507901700,0.0855419900,-0.0042524880,0.9950301000,-0.6293225000,1.4013890000,-0.7181261000,0.0507901700,0.0855419900,-0.0042524880,0.9950301000,-0.6293225000,1.4013890000,-0.7181261000,0.0507901700,0.0855419900,-0.0042524880,0.9950301000,
261.2932000000,263768,-0.6292982000,1.4015280000,-0.7183270000,0.0508250200,0.0864935300,-0.0039980420,0.9949471000,-0.6292982000,1.4015280000,-0.7183270000,0.0508250200,0.0864935300,-0.0039980420,0.9949471000,-0.6292982000,1.4015280000,-0.7183270000,0.0508250200,0.0864935300,-0.0039980420,0.9949471000,
261.3043000000,263777,-0.6291339000,1.4015040000,-0.7184203000,0.0510400200,0.0871201100,-0.0040555540,0.9948812000,-0.6291339000,1.4015040000,-0.7184203000,0.0510400200,0.0871201100,-0.0040555540,0.9948812000,-0.6291339000,1.4015040000,-0.7184203000,0.0510400200,0.0871201100,-0.0040555540,0.9948812000,
261.3151000000,263788,-0.6289370000,1.4014790000,-0.7184579000,0.0512009400,0.0875847600,-0.0043481770,0.9948309000,-0.6289370000,1.4014790000,-0.7184579000,0.0512009400,0.0875847600,-0.0043481770,0.9948309000,-0.6289370000,1.4014790000,-0.7184579000,0.0512009400,0.0875847600,-0.0043481770,0.9948309000,
261.3262000000,263799,-0.6287868000,1.4014020000,-0.7185314000,0.0514882700,0.0878817300,-0.0046033090,0.9947887000,-0.6287868000,1.4014020000,-0.7185314000,0.0514882700,0.0878817300,-0.0046033090,0.9947887000,-0.6287868000,1.4014020000,-0.7185314000,0.0514882700,0.0878817300,-0.0046033090,0.9947887000,
261.3371000000,263810,-0.6286855000,1.4014580000,-0.7185891000,0.0517206700,0.0880320500,-0.0048741740,0.9947621000,-0.6286855000,1.4014580000,-0.7185891000,0.0517206700,0.0880320500,-0.0048741740,0.9947621000,-0.6286855000,1.4014580000,-0.7185891000,0.0517206700,0.0880320500,-0.0048741740,0.9947621000,
261.3489000000,263821,-0.6285417000,1.4013470000,-0.7186394000,0.0518526500,0.0879559800,-0.0051054250,0.9947608000,-0.6285417000,1.4013470000,-0.7186394000,0.0518526500,0.0879559800,-0.0051054250,0.9947608000,-0.6285417000,1.4013470000,-0.7186394000,0.0518526500,0.0879559800,-0.0051054250,0.9947608000,
261.3591000000,263833,-0.6284816000,1.4013630000,-0.7187538000,0.0519473800,0.0879020800,-0.0052431030,0.9947599000,-0.6284816000,1.4013630000,-0.7187538000,0.0519473800,0.0879020800,-0.0052431030,0.9947599000,-0.6284816000,1.4013630000,-0.7187538000,0.0519473800,0.0879020800,-0.0052431030,0.9947599000,
261.3703000000,263843,-0.6284451000,1.4013020000,-0.7188299000,0.0520356900,0.0875964100,-0.0053945570,0.9947814000,-0.6284451000,1.4013020000,-0.7188299000,0.0520356900,0.0875964100,-0.0053945570,0.9947814000,-0.6284451000,1.4013020000,-0.7188299000,0.0520356900,0.0875964100,-0.0053945570,0.9947814000,
261.3816000000,263855,-0.6283829000,1.4012560000,-0.7188573000,0.0520840700,0.0872658800,-0.0055456520,0.9948071000,-0.6283829000,1.4012560000,-0.7188573000,0.0520840700,0.0872658800,-0.0055456520,0.9948071000,-0.6283829000,1.4012560000,-0.7188573000,0.0520840700,0.0872658800,-0.0055456520,0.9948071000,
261.3926000000,263865,-0.6282499000,1.4012430000,-0.7188780000,0.0523419700,0.0868407500,-0.0056099780,0.9948304000,-0.6282499000,1.4012430000,-0.7188780000,0.0523419700,0.0868407500,-0.0056099780,0.9948304000,-0.6282499000,1.4012430000,-0.7188780000,0.0523419700,0.0868407500,-0.0056099780,0.9948304000,
261.4048000000,263876,-0.6282079000,1.4011940000,-0.7188971000,0.0526767900,0.0861488700,-0.0057280120,0.9948722000,-0.6282079000,1.4011940000,-0.7188971000,0.0526767900,0.0861488700,-0.0057280120,0.9948722000,-0.6282079000,1.4011940000,-0.7188971000,0.0526767900,0.0861488700,-0.0057280120,0.9948722000,
261.4149000000,263889,-0.6282244000,1.4010880000,-0.7189617000,0.0529140900,0.0856816500,-0.0058437290,0.9948993000,-0.6282244000,1.4010880000,-0.7189617000,0.0529140900,0.0856816500,-0.0058437290,0.9948993000,-0.6282244000,1.4010880000,-0.7189617000,0.0529140900,0.0856816500,-0.0058437290,0.9948993000,
261.4262000000,263899,-0.6281936000,1.4010460000,-0.7189751000,0.0532233200,0.0850792500,-0.0059778260,0.9949337000,-0.6281936000,1.4010460000,-0.7189751000,0.0532233200,0.0850792500,-0.0059778260,0.9949337000,-0.6281936000,1.4010460000,-0.7189751000,0.0532233200,0.0850792500,-0.0059778260,0.9949337000,
261.4372000000,263910,-0.6281478000,1.4009380000,-0.7189856000,0.0535312300,0.0845080100,-0.0060722940,0.9949653000,-0.6281478000,1.4009380000,-0.7189856000,0.0535312300,0.0845080100,-0.0060722940,0.9949653000,-0.6281478000,1.4009380000,-0.7189856000,0.0535312300,0.0845080100,-0.0060722940,0.9949653000,
261.4486000000,263921,-0.6281066000,1.4008550000,-0.7189980000,0.0537238000,0.0839782200,-0.0061973230,0.9949990000,-0.6281066000,1.4008550000,-0.7189980000,0.0537238000,0.0839782200,-0.0061973230,0.9949990000,-0.6281066000,1.4008550000,-0.7189980000,0.0537238000,0.0839782200,-0.0061973230,0.9949990000,
261.4593000000,263933,-0.6280258000,1.4007400000,-0.7189524000,0.0540180700,0.0835903400,-0.0063618670,0.9950147000,-0.6280258000,1.4007400000,-0.7189524000,0.0540180700,0.0835903400,-0.0063618670,0.9950147000,-0.6280258000,1.4007400000,-0.7189524000,0.0540180700,0.0835903400,-0.0063618670,0.9950147000,
261.4702000000,263943,-0.6280079000,1.4006670000,-0.7188985000,0.0542468200,0.0831380600,-0.0065634570,0.9950388000,-0.6280079000,1.4006670000,-0.7188985000,0.0542468200,0.0831380600,-0.0065634570,0.9950388000,-0.6280079000,1.4006670000,-0.7188985000,0.0542468200,0.0831380600,-0.0065634570,0.9950388000,
261.4825000000,263955,-0.6279154000,1.4006020000,-0.7188380000,0.0546118300,0.0827419000,-0.0068338270,0.9950501000,-0.6279154000,1.4006020000,-0.7188380000,0.0546118300,0.0827419000,-0.0068338270,0.9950501000,-0.6279154000,1.4006020000,-0.7188380000,0.0546118300,0.0827419000,-0.0068338270,0.9950501000,
261.4927000000,263967,-0.6278329000,1.4004930000,-0.7188067000,0.0548914400,0.0824154700,-0.0070260980,0.9950604000,-0.6278329000,1.4004930000,-0.7188067000,0.0548914400,0.0824154700,-0.0070260980,0.9950604000,-0.6278329000,1.4004930000,-0.7188067000,0.0548914400,0.0824154700,-0.0070260980,0.9950604000,
261.5027000000,263977,-0.6278062000,1.4004780000,-0.7187626000,0.0551644400,0.0820707800,-0.0073594480,0.9950715000,-0.6278062000,1.4004780000,-0.7187626000,0.0551644400,0.0820707800,-0.0073594480,0.9950715000,-0.6278062000,1.4004780000,-0.7187626000,0.0551644400,0.0820707800,-0.0073594480,0.9950715000,
261.5140000000,263987,-0.6277351000,1.4004580000,-0.7187898000,0.0554211500,0.0816945800,-0.0076442620,0.9950860000,-0.6277351000,1.4004580000,-0.7187898000,0.0554211500,0.0816945800,-0.0076442620,0.9950860000,-0.6277351000,1.4004580000,-0.7187898000,0.0554211500,0.0816945800,-0.0076442620,0.9950860000,
261.5247000000,263998,-0.6277053000,1.4004010000,-0.7187412000,0.0555376300,0.0813252900,-0.0082037100,0.9951053000,-0.6277053000,1.4004010000,-0.7187412000,0.0555376300,0.0813252900,-0.0082037100,0.9951053000,-0.6277053000,1.4004010000,-0.7187412000,0.0555376300,0.0813252900,-0.0082037100,0.9951053000,
261.5361000000,264009,-0.6277039000,1.4003220000,-0.7186902000,0.0558055300,0.0809519100,-0.0087019230,0.9951165000,-0.6277039000,1.4003220000,-0.7186902000,0.0558055300,0.0809519100,-0.0087019230,0.9951165000,-0.6277039000,1.4003220000,-0.7186902000,0.0558055300,0.0809519100,-0.0087019230,0.9951165000,
261.5474000000,264020,-0.6277115000,1.4002800000,-0.7186301000,0.0560264100,0.0806356600,-0.0092614450,0.9951247000,-0.6277115000,1.4002800000,-0.7186301000,0.0560264100,0.0806356600,-0.0092614450,0.9951247000,-0.6277115000,1.4002800000,-0.7186301000,0.0560264100,0.0806356600,-0.0092614450,0.9951247000,
261.5580000000,264031,-0.6277061000,1.4002040000,-0.7185855000,0.0561714300,0.0804158300,-0.0097011580,0.9951301000,-0.6277061000,1.4002040000,-0.7185855000,0.0561714300,0.0804158300,-0.0097011580,0.9951301000,-0.6277061000,1.4002040000,-0.7185855000,0.0561714300,0.0804158300,-0.0097011580,0.9951301000,
261.5695000000,264042,-0.6277616000,1.4002120000,-0.7185347000,0.0564058200,0.0801321300,-0.0101208500,0.9951356000,-0.6277616000,1.4002120000,-0.7185347000,0.0564058200,0.0801321300,-0.0101208500,0.9951356000,-0.6277616000,1.4002120000,-0.7185347000,0.0564058200,0.0801321300,-0.0101208500,0.9951356000,
261.5807000000,264056,-0.6278217000,1.4001700000,-0.7184818000,0.0564865500,0.0799527400,-0.0103470400,0.9951431000,-0.6278217000,1.4001700000,-0.7184818000,0.0564865500,0.0799527400,-0.0103470400,0.9951431000,-0.6278217000,1.4001700000,-0.7184818000,0.0564865500,0.0799527400,-0.0103470400,0.9951431000,
261.5917000000,264065,-0.6278658000,1.4001910000,-0.7184563000,0.0566134500,0.0796737800,-0.0104442700,0.9951573000,-0.6278658000,1.4001910000,-0.7184563000,0.0566134500,0.0796737800,-0.0104442700,0.9951573000,-0.6278658000,1.4001910000,-0.7184563000,0.0566134500,0.0796737800,-0.0104442700,0.9951573000,
261.6028000000,264075,-0.6279352000,1.4001730000,-0.7184048000,0.0566587400,0.0793907500,-0.0104989100,0.9951767000,-0.6279352000,1.4001730000,-0.7184048000,0.0566587400,0.0793907500,-0.0104989100,0.9951767000,-0.6279352000,1.4001730000,-0.7184048000,0.0566587400,0.0793907500,-0.0104989100,0.9951767000,
261.6141000000,264087,-0.6280055000,1.4001830000,-0.7183542000,0.0567330300,0.0790359100,-0.0103860700,0.9952019000,-0.6280055000,1.4001830000,-0.7183542000,0.0567330300,0.0790359100,-0.0103860700,0.9952019000,-0.6280055000,1.4001830000,-0.7183542000,0.0567330300,0.0790359100,-0.0103860700,0.9952019000,
261.6252000000,264098,-0.6280966000,1.4001420000,-0.7182436000,0.0568486200,0.0786556500,-0.0103776700,0.9952255000,-0.6280966000,1.4001420000,-0.7182436000,0.0568486200,0.0786556500,-0.0103776700,0.9952255000,-0.6280966000,1.4001420000,-0.7182436000,0.0568486200,0.0786556500,-0.0103776700,0.9952255000,
261.6362000000,264109,-0.6282358000,1.4001310000,-0.7181756000,0.0569859900,0.0782986700,-0.0102638000,0.9952470000,-0.6282358000,1.4001310000,-0.7181756000,0.0569859900,0.0782986700,-0.0102638000,0.9952470000,-0.6282358000,1.4001310000,-0.7181756000,0.0569859900,0.0782986700,-0.0102638000,0.9952470000,
261.6475000000,264120,-0.6283841000,1.4000550000,-0.7181251000,0.0571470100,0.0779332400,-0.0101688600,0.9952674000,-0.6283841000,1.4000550000,-0.7181251000,0.0571470100,0.0779332400,-0.0101688600,0.9952674000,-0.6283841000,1.4000550000,-0.7181251000,0.0571470100,0.0779332400,-0.0101688600,0.9952674000,
261.6581000000,264132,-0.6285801000,1.4000370000,-0.7180479000,0.0572979200,0.0775719000,-0.0099739840,0.9952890000,-0.6285801000,1.4000370000,-0.7180479000,0.0572979200,0.0775719000,-0.0099739840,0.9952890000,-0.6285801000,1.4000370000,-0.7180479000,0.0572979200,0.0775719000,-0.0099739840,0.9952890000,
261.6693000000,264142,-0.6287453000,1.3999760000,-0.7180841000,0.0575847500,0.0770181700,-0.0097448940,0.9953177000,-0.6287453000,1.3999760000,-0.7180841000,0.0575847500,0.0770181700,-0.0097448940,0.9953177000,-0.6287453000,1.3999760000,-0.7180841000,0.0575847500,0.0770181700,-0.0097448940,0.9953177000,
261.6804000000,264153,-0.6289268000,1.3998930000,-0.7180209000,0.0580003700,0.0765059700,-0.0094482960,0.9953359000,-0.6289268000,1.3998930000,-0.7180209000,0.0580003700,0.0765059700,-0.0094482960,0.9953359000,-0.6289268000,1.3998930000,-0.7180209000,0.0580003700,0.0765059700,-0.0094482960,0.9953359000,
261.6918000000,264164,-0.6291416000,1.3997750000,-0.7180655000,0.0585189100,0.0758354100,-0.0091512640,0.9953597000,-0.6291416000,1.3997750000,-0.7180655000,0.0585189100,0.0758354100,-0.0091512640,0.9953597000,-0.6291416000,1.3997750000,-0.7180655000,0.0585189100,0.0758354100,-0.0091512640,0.9953597000,
261.7026000000,264176,-0.6293778000,1.3996990000,-0.7180192000,0.0590182200,0.0751850300,-0.0088986100,0.9953818000,-0.6293778000,1.3996990000,-0.7180192000,0.0590182200,0.0751850300,-0.0088986100,0.9953818000,-0.6293778000,1.3996990000,-0.7180192000,0.0590182200,0.0751850300,-0.0088986100,0.9953818000,
261.7153000000,264187,-0.6296530000,1.3995810000,-0.7179894000,0.0597145400,0.0742246400,-0.0086855650,0.9954142000,-0.6296530000,1.3995810000,-0.7179894000,0.0597145400,0.0742246400,-0.0086855650,0.9954142000,-0.6296530000,1.3995810000,-0.7179894000,0.0597145400,0.0742246400,-0.0086855650,0.9954142000,
261.7249000000,264199,-0.6299026000,1.3994860000,-0.7179222000,0.0602691200,0.0732625800,-0.0084552150,0.9954540000,-0.6299026000,1.3994860000,-0.7179222000,0.0602691200,0.0732625800,-0.0084552150,0.9954540000,-0.6299026000,1.3994860000,-0.7179222000,0.0602691200,0.0732625800,-0.0084552150,0.9954540000,
261.7364000000,264209,-0.6301510000,1.3992890000,-0.7178535000,0.0610004200,0.0720647400,-0.0083069480,0.9954982000,-0.6301510000,1.3992890000,-0.7178535000,0.0610004200,0.0720647400,-0.0083069480,0.9954982000,-0.6301510000,1.3992890000,-0.7178535000,0.0610004200,0.0720647400,-0.0083069480,0.9954982000,
261.7473000000,264220,-0.6303852000,1.3990710000,-0.7177174000,0.0618891500,0.0706851300,-0.0080927260,0.9955440000,-0.6303852000,1.3990710000,-0.7177174000,0.0618891500,0.0706851300,-0.0080927260,0.9955440000,-0.6303852000,1.3990710000,-0.7177174000,0.0618891500,0.0706851300,-0.0080927260,0.9955440000,
261.7582000000,264231,-0.6307213000,1.3989110000,-0.7176163000,0.0627436900,0.0691941100,-0.0078859590,0.9955969000,-0.6307213000,1.3989110000,-0.7176163000,0.0627436900,0.0691941100,-0.0078859590,0.9955969000,-0.6307213000,1.3989110000,-0.7176163000,0.0627436900,0.0691941100,-0.0078859590,0.9955969000,
261.7696000000,264242,-0.6310873000,1.3986880000,-0.7174382000,0.0636967300,0.0674971400,-0.0078157210,0.9956535000,-0.6310873000,1.3986880000,-0.7174382000,0.0636967300,0.0674971400,-0.0078157210,0.9956535000,-0.6310873000,1.3986880000,-0.7174382000,0.0636967300,0.0674971400,-0.0078157210,0.9956535000,
261.7803000000,264254,-0.6314411000,1.3984650000,-0.7173314000,0.0648001400,0.0656456600,-0.0078018100,0.9957061000,-0.6314411000,1.3984650000,-0.7173314000,0.0648001400,0.0656456600,-0.0078018100,0.9957061000,-0.6314411000,1.3984650000,-0.7173314000,0.0648001400,0.0656456600,-0.0078018100,0.9957061000,
261.7917000000,264265,-0.6317551000,1.3982350000,-0.7172446000,0.0657671400,0.0638467700,-0.0079322910,0.9957587000,-0.6317551000,1.3982350000,-0.7172446000,0.0657671400,0.0638467700,-0.0079322910,0.9957587000,-0.6317551000,1.3982350000,-0.7172446000,0.0657671400,0.0638467700,-0.0079322910,0.9957587000,
261.8023000000,264275,-0.6321092000,1.3980660000,-0.7171102000,0.0667622500,0.0620352600,-0.0079938630,0.9958065000,-0.6321092000,1.3980660000,-0.7171102000,0.0667622500,0.0620352600,-0.0079938630,0.9958065000,-0.6321092000,1.3980660000,-0.7171102000,0.0667622500,0.0620352600,-0.0079938630,0.9958065000,
261.8140000000,264286,-0.6323717000,1.3979360000,-0.7169096000,0.0677678500,0.0602043700,-0.0079986380,0.9958509000,-0.6323717000,1.3979360000,-0.7169096000,0.0677678500,0.0602043700,-0.0079986380,0.9958509000,-0.6323717000,1.3979360000,-0.7169096000,0.0677678500,0.0602043700,-0.0079986380,0.9958509000,
261.8250000000,264298,-0.6326945000,1.3977840000,-0.7167830000,0.0688245000,0.0584908900,-0.0081552140,0.9958793000,-0.6326945000,1.3977840000,-0.7167830000,0.0688245000,0.0584908900,-0.0081552140,0.9958793000,-0.6326945000,1.3977840000,-0.7167830000,0.0688245000,0.0584908900,-0.0081552140,0.9958793000,
261.8362000000,264309,-0.6328759000,1.3976670000,-0.7165465000,0.0697475800,0.0567976300,-0.0081742700,0.9959129000,-0.6328759000,1.3976670000,-0.7165465000,0.0697475800,0.0567976300,-0.0081742700,0.9959129000,-0.6328759000,1.3976670000,-0.7165465000,0.0697475800,0.0567976300,-0.0081742700,0.9959129000,
261.8477000000,264320,-0.6331794000,1.3974500000,-0.7164059000,0.0707840500,0.0551217300,-0.0082832790,0.9959331000,-0.6331794000,1.3974500000,-0.7164059000,0.0707840500,0.0551217300,-0.0082832790,0.9959331000,-0.6331794000,1.3974500000,-0.7164059000,0.0707840500,0.0551217300,-0.0082832790,0.9959331000,
261.8583000000,264332,-0.6335082000,1.3972090000,-0.7163172000,0.0718685500,0.0534349600,-0.0083739490,0.9959465000,-0.6335082000,1.3972090000,-0.7163172000,0.0718685500,0.0534349600,-0.0083739490,0.9959465000,-0.6335082000,1.3972090000,-0.7163172000,0.0718685500,0.0534349600,-0.0083739490,0.9959465000,
261.8694000000,264342,-0.6338151000,1.3969710000,-0.7162204000,0.0728729400,0.0518075300,-0.0083818640,0.9959595000,-0.6338151000,1.3969710000,-0.7162204000,0.0728729400,0.0518075300,-0.0083818640,0.9959595000,-0.6338151000,1.3969710000,-0.7162204000,0.0728729400,0.0518075300,-0.0083818640,0.9959595000,
261.8822000000,264354,-0.6341400000,1.3967190000,-0.7160888000,0.0739863700,0.0502370400,-0.0085630180,0.9959563000,-0.6341400000,1.3967190000,-0.7160888000,0.0739863700,0.0502370400,-0.0085630180,0.9959563000,-0.6341400000,1.3967190000,-0.7160888000,0.0739863700,0.0502370400,-0.0085630180,0.9959563000,
261.8928000000,264366,-0.6345239000,1.3964550000,-0.7160468000,0.0750067400,0.0487551200,-0.0086361160,0.9959530000,-0.6345239000,1.3964550000,-0.7160468000,0.0750067400,0.0487551200,-0.0086361160,0.9959530000,-0.6345239000,1.3964550000,-0.7160468000,0.0750067400,0.0487551200,-0.0086361160,0.9959530000,
261.9039000000,264376,-0.6348500000,1.3962730000,-0.7159791000,0.0758639900,0.0472798800,-0.0087782630,0.9959580000,-0.6348500000,1.3962730000,-0.7159791000,0.0758639900,0.0472798800,-0.0087782630,0.9959580000,-0.6348500000,1.3962730000,-0.7159791000,0.0758639900,0.0472798800,-0.0087782630,0.9959580000,
261.9153000000,264388,-0.6351609000,1.3960970000,-0.7158606000,0.0766870400,0.0459252700,-0.0089153050,0.9959571000,-0.6351609000,1.3960970000,-0.7158606000,0.0766870400,0.0459252700,-0.0089153050,0.9959571000,-0.6351609000,1.3960970000,-0.7158606000,0.0766870400,0.0459252700,-0.0089153050,0.9959571000,
261.9266000000,264399,-0.6354842000,1.3958780000,-0.7157185000,0.0774623400,0.0445178100,-0.0088495030,0.9959615000,-0.6354842000,1.3958780000,-0.7157185000,0.0774623400,0.0445178100,-0.0088495030,0.9959615000,-0.6354842000,1.3958780000,-0.7157185000,0.0774623400,0.0445178100,-0.0088495030,0.9959615000,
261.9370000000,264410,-0.6358161000,1.3956900000,-0.7156246000,0.0782135100,0.0431493300,-0.0088847710,0.9959628000,-0.6358161000,1.3956900000,-0.7156246000,0.0782135100,0.0431493300,-0.0088847710,0.9959628000,-0.6358161000,1.3956900000,-0.7156246000,0.0782135100,0.0431493300,-0.0088847710,0.9959628000,
261.9503000000,264421,-0.6361806000,1.3955200000,-0.7154551000,0.0790720100,0.0419066200,-0.0088401440,0.9959484000,-0.6361806000,1.3955200000,-0.7154551000,0.0790720100,0.0419066200,-0.0088401440,0.9959484000,-0.6361806000,1.3955200000,-0.7154551000,0.0790720100,0.0419066200,-0.0088401440,0.9959484000,
261.9593000000,264434,-0.6365027000,1.3953420000,-0.7153630000,0.0799001900,0.0405828700,-0.0088109730,0.9959375000,-0.6365027000,1.3953420000,-0.7153630000,0.0799001900,0.0405828700,-0.0088109730,0.9959375000,-0.6365027000,1.3953420000,-0.7153630000,0.0799001900,0.0405828700,-0.0088109730,0.9959375000,
261.9695000000,264443,-0.6368253000,1.3951770000,-0.7152727000,0.0806080000,0.0393412200,-0.0086709410,0.9959314000,-0.6368253000,1.3951770000,-0.7152727000,0.0806080000,0.0393412200,-0.0086709410,0.9959314000,-0.6368253000,1.3951770000,-0.7152727000,0.0806080000,0.0393412200,-0.0086709410,0.9959314000,
261.9805000000,264454,-0.6371338000,1.3950800000,-0.7152491000,0.0814479300,0.0381641400,-0.0084537710,0.9959108000,-0.6371338000,1.3950800000,-0.7152491000,0.0814479300,0.0381641400,-0.0084537710,0.9959108000,-0.6371338000,1.3950800000,-0.7152491000,0.0814479300,0.0381641400,-0.0084537710,0.9959108000,
261.9919000000,264465,-0.6374536000,1.3949370000,-0.7151740000,0.0822279700,0.0370137900,-0.0082299340,0.9958920000,-0.6374536000,1.3949370000,-0.7151740000,0.0822279700,0.0370137900,-0.0082299340,0.9958920000,-0.6374536000,1.3949370000,-0.7151740000,0.0822279700,0.0370137900,-0.0082299340,0.9958920000,
262.0030000000,264475,-0.6377556000,1.3948040000,-0.7150853000,0.0829720400,0.0358137700,-0.0079910650,0.9958761000,-0.6377556000,1.3948040000,-0.7150853000,0.0829720400,0.0358137700,-0.0079910650,0.9958761000,-0.6377556000,1.3948040000,-0.7150853000,0.0829720400,0.0358137700,-0.0079910650,0.9958761000,
262.0150000000,264487,-0.6380510000,1.3945970000,-0.7149875000,0.0837150100,0.0346348200,-0.0075309550,0.9958592000,-0.6380510000,1.3945970000,-0.7149875000,0.0837150100,0.0346348200,-0.0075309550,0.9958592000,-0.6380510000,1.3945970000,-0.7149875000,0.0837150100,0.0346348200,-0.0075309550,0.9958592000,
262.0251000000,264499,-0.6383829000,1.3944690000,-0.7149000000,0.0844238200,0.0335730500,-0.0072141790,0.9958380000,-0.6383829000,1.3944690000,-0.7149000000,0.0844238200,0.0335730500,-0.0072141790,0.9958380000,-0.6383829000,1.3944690000,-0.7149000000,0.0844238200,0.0335730500,-0.0072141790,0.9958380000,
262.0363000000,264509,-0.6386766000,1.3943590000,-0.7148154000,0.0851349300,0.0325053100,-0.0069108850,0.9958151000,-0.6386766000,1.3943590000,-0.7148154000,0.0851349300,0.0325053100,-0.0069108850,0.9958151000,-0.6386766000,1.3943590000,-0.7148154000,0.0851349300,0.0325053100,-0.0069108850,0.9958151000,
262.0478000000,264520,-0.6390574000,1.3941910000,-0.7147183000,0.0856419600,0.0316120600,-0.0066467610,0.9958022000,-0.6390574000,1.3941910000,-0.7147183000,0.0856419600,0.0316120600,-0.0066467610,0.9958022000,-0.6390574000,1.3941910000,-0.7147183000,0.0856419600,0.0316120600,-0.0066467610,0.9958022000,
262.0586000000,264532,-0.6393070000,1.3941070000,-0.7146063000,0.0861723100,0.0306361200,-0.0063412780,0.9957889000,-0.6393070000,1.3941070000,-0.7146063000,0.0861723100,0.0306361200,-0.0063412780,0.9957889000,-0.6393070000,1.3941070000,-0.7146063000,0.0861723100,0.0306361200,-0.0063412780,0.9957889000,
262.0697000000,264542,-0.6395411000,1.3939920000,-0.7145662000,0.0864980100,0.0298467000,-0.0060971590,0.9957862000,-0.6395411000,1.3939920000,-0.7145662000,0.0864980100,0.0298467000,-0.0060971590,0.9957862000,-0.6395411000,1.3939920000,-0.7145662000,0.0864980100,0.0298467000,-0.0060971590,0.9957862000,
262.0811000000,264554,-0.6397731000,1.3938500000,-0.7144375000,0.0868430800,0.0291271200,-0.0059406490,0.9957784000,-0.6397731000,1.3938500000,-0.7144375000,0.0868430800,0.0291271200,-0.0059406490,0.9957784000,-0.6397731000,1.3938500000,-0.7144375000,0.0868430800,0.0291271200,-0.0059406490,0.9957784000,
262.0917000000,264565,-0.6399925000,1.3937600000,-0.7143252000,0.0872825100,0.0284907400,-0.0056884450,0.9957598000,-0.6399925000,1.3937600000,-0.7143252000,0.0872825100,0.0284907400,-0.0056884450,0.9957598000,-0.6399925000,1.3937600000,-0.7143252000,0.0872825100,0.0284907400,-0.0056884450,0.9957598000,
262.1031000000,264575,-0.6402898000,1.3936960000,-0.7141993000,0.0877382100,0.0279944900,-0.0054862220,0.9957350000,-0.6402898000,1.3936960000,-0.7141993000,0.0877382100,0.0279944900,-0.0054862220,0.9957350000,-0.6402898000,1.3936960000,-0.7141993000,0.0877382100,0.0279944900,-0.0054862220,0.9957350000,
262.1144000000,264587,-0.6404812000,1.3935860000,-0.7140925000,0.0882469000,0.0274271900,-0.0052315000,0.9957073000,-0.6404812000,1.3935860000,-0.7140925000,0.0882469000,0.0274271900,-0.0052315000,0.9957073000,-0.6404812000,1.3935860000,-0.7140925000,0.0882469000,0.0274271900,-0.0052315000,0.9957073000,
262.1252000000,264598,-0.6407139000,1.3934890000,-0.7140262000,0.0887684500,0.0268922600,-0.0049775340,0.9956768000,-0.6407139000,1.3934890000,-0.7140262000,0.0887684500,0.0268922600,-0.0049775340,0.9956768000,-0.6407139000,1.3934890000,-0.7140262000,0.0887684500,0.0268922600,-0.0049775340,0.9956768000,
262.1364000000,264609,-0.6408792000,1.3933820000,-0.7139122000,0.0892040400,0.0264821000,-0.0045577850,0.9956509000,-0.6408792000,1.3933820000,-0.7139122000,0.0892040400,0.0264821000,-0.0045577850,0.9956509000,-0.6408792000,1.3933820000,-0.7139122000,0.0892040400,0.0264821000,-0.0045577850,0.9956509000,
262.1477000000,264620,-0.6410556000,1.3932550000,-0.7138286000,0.0896581000,0.0260581300,-0.0042469120,0.9956226000,-0.6410556000,1.3932550000,-0.7138286000,0.0896581000,0.0260581300,-0.0042469120,0.9956226000,-0.6410556000,1.3932550000,-0.7138286000,0.0896581000,0.0260581300,-0.0042469120,0.9956226000,
262.1585000000,264631,-0.6411273000,1.3931310000,-0.7136858000,0.0902307200,0.0257706800,-0.0038836560,0.9955798000,-0.6411273000,1.3931310000,-0.7136858000,0.0902307200,0.0257706800,-0.0038836560,0.9955798000,-0.6411273000,1.3931310000,-0.7136858000,0.0902307200,0.0257706800,-0.0038836560,0.9955798000,
262.1695000000,264643,-0.6412532000,1.3929990000,-0.7135684000,0.0906151100,0.0254066800,-0.0034598590,0.9955559000,-0.6412532000,1.3929990000,-0.7135684000,0.0906151100,0.0254066800,-0.0034598590,0.9955559000,-0.6412532000,1.3929990000,-0.7135684000,0.0906151100,0.0254066800,-0.0034598590,0.9955559000,
262.1810000000,264653,-0.6413431000,1.3929000000,-0.7134421000,0.0910619000,0.0252276800,-0.0031466580,0.9955207000,-0.6413431000,1.3929000000,-0.7134421000,0.0910619000,0.0252276800,-0.0031466580,0.9955207000,-0.6413431000,1.3929000000,-0.7134421000,0.0910619000,0.0252276800,-0.0031466580,0.9955207000,
262.1917000000,264665,-0.6414142000,1.3928560000,-0.7132151000,0.0915509300,0.0250338900,-0.0029066850,0.9954814000,-0.6414142000,1.3928560000,-0.7132151000,0.0915509300,0.0250338900,-0.0029066850,0.9954814000,-0.6414142000,1.3928560000,-0.7132151000,0.0915509300,0.0250338900,-0.0029066850,0.9954814000,
262.2028000000,264675,-0.6413159000,1.3928230000,-0.7128983000,0.0919043900,0.0249204000,-0.0027715720,0.9954521000,-0.6413159000,1.3928230000,-0.7128983000,0.0919043900,0.0249204000,-0.0027715720,0.9954521000,-0.6413159000,1.3928230000,-0.7128983000,0.0919043900,0.0249204000,-0.0027715720,0.9954521000,
262.2147000000,264687,-0.6413369000,1.3927720000,-0.7127197000,0.0921605800,0.0247835700,-0.0026352870,0.9954322000,-0.6413369000,1.3927720000,-0.7127197000,0.0921605800,0.0247835700,-0.0026352870,0.9954322000,-0.6413369000,1.3927720000,-0.7127197000,0.0921605800,0.0247835700,-0.0026352870,0.9954322000,
262.2249000000,264698,-0.6413555000,1.3927170000,-0.7125192000,0.0925392600,0.0247883400,-0.0026500690,0.9953969000,-0.6413555000,1.3927170000,-0.7125192000,0.0925392600,0.0247883400,-0.0026500690,0.9953969000,-0.6413555000,1.3927170000,-0.7125192000,0.0925392600,0.0247883400,-0.0026500690,0.9953969000,
262.2364000000,264709,-0.6413655000,1.3926470000,-0.7123485000,0.0928526400,0.0247616900,-0.0027558590,0.9953681000,-0.6413655000,1.3926470000,-0.7123485000,0.0928526400,0.0247616900,-0.0027558590,0.9953681000,-0.6413655000,1.3926470000,-0.7123485000,0.0928526400,0.0247616900,-0.0027558590,0.9953681000,
262.2476000000,264720,-0.6414163000,1.3926110000,-0.7122078000,0.0933299100,0.0247199300,-0.0028669950,0.9953242000,-0.6414163000,1.3926110000,-0.7122078000,0.0933299100,0.0247199300,-0.0028669950,0.9953242000,-0.6414163000,1.3926110000,-0.7122078000,0.0933299100,0.0247199300,-0.0028669950,0.9953242000,
262.2589000000,264732,-0.6414893000,1.3925100000,-0.7121131000,0.0936239300,0.0248910200,-0.0029389870,0.9952921000,-0.6414893000,1.3925100000,-0.7121131000,0.0936239300,0.0248910200,-0.0029389870,0.9952921000,-0.6414893000,1.3925100000,-0.7121131000,0.0936239300,0.0248910200,-0.0029389870,0.9952921000,
262.2698000000,264743,-0.6414344000,1.3924650000,-0.7119484000,0.0939761500,0.0250270400,-0.0028695980,0.9952557000,-0.6414344000,1.3924650000,-0.7119484000,0.0939761500,0.0250270400,-0.0028695980,0.9952557000,-0.6414344000,1.3924650000,-0.7119484000,0.0939761500,0.0250270400,-0.0028695980,0.9952557000,
262.2805000000,264754,-0.6414127000,1.3924260000,-0.7117705000,0.0941400600,0.0252190100,-0.0027185190,0.9952358000,-0.6414127000,1.3924260000,-0.7117705000,0.0941400600,0.0252190100,-0.0027185190,0.9952358000,-0.6414127000,1.3924260000,-0.7117705000,0.0941400600,0.0252190100,-0.0027185190,0.9952358000,
262.2918000000,264765,-0.6413186000,1.3924060000,-0.7115862000,0.0941538100,0.0255855000,-0.0024494000,0.9952258000,-0.6413186000,1.3924060000,-0.7115862000,0.0941538100,0.0255855000,-0.0024494000,0.9952258000,-0.6413186000,1.3924060000,-0.7115862000,0.0941538100,0.0255855000,-0.0024494000,0.9952258000,
262.3029000000,264775,-0.6411884000,1.3924550000,-0.7114389000,0.0942013900,0.0260216300,-0.0021921600,0.9952106000,-0.6411884000,1.3924550000,-0.7114389000,0.0942013900,0.0260216300,-0.0021921600,0.9952106000,-0.6411884000,1.3924550000,-0.7114389000,0.0942013900,0.0260216300,-0.0021921600,0.9952106000,
262.3143000000,264787,-0.6410463000,1.3924590000,-0.7112837000,0.0941533300,0.0267185200,-0.0018898200,0.9951974000,-0.6410463000,1.3924590000,-0.7112837000,0.0941533300,0.0267185200,-0.0018898200,0.9951974000,-0.6410463000,1.3924590000,-0.7112837000,0.0941533300,0.0267185200,-0.0018898200,0.9951974000,
262.3255000000,264798,-0.6408844000,1.3924530000,-0.7111533000,0.0940639200,0.0274704400,-0.0017729280,0.9951856000,-0.6408844000,1.3924530000,-0.7111533000,0.0940639200,0.0274704400,-0.0017729280,0.9951856000,-0.6408844000,1.3924530000,-0.7111533000,0.0940639200,0.0274704400,-0.0017729280,0.9951856000,
262.3369000000,264809,-0.6406329000,1.3924350000,-0.7109232000,0.0940689900,0.0283531800,-0.0016233240,0.9951606000,-0.6406329000,1.3924350000,-0.7109232000,0.0940689900,0.0283531800,-0.0016233240,0.9951606000,-0.6406329000,1.3924350000,-0.7109232000,0.0940689900,0.0283531800,-0.0016233240,0.9951606000,
262.3477000000,264821,-0.6404383000,1.3923960000,-0.7108209000,0.0942197100,0.0294710000,-0.0016107400,0.9951138000,-0.6404383000,1.3923960000,-0.7108209000,0.0942197100,0.0294710000,-0.0016107400,0.9951138000,-0.6404383000,1.3923960000,-0.7108209000,0.0942197100,0.0294710000,-0.0016107400,0.9951138000,
262.3587000000,264832,-0.6401949000,1.3923670000,-0.7107060000,0.0942689700,0.0306069800,-0.0017227490,0.9950747000,-0.6401949000,1.3923670000,-0.7107060000,0.0942689700,0.0306069800,-0.0017227490,0.9950747000,-0.6401949000,1.3923670000,-0.7107060000,0.0942689700,0.0306069800,-0.0017227490,0.9950747000,
262.3706000000,264843,-0.6400199000,1.3922910000,-0.7105713000,0.0943034100,0.0320034400,-0.0019490160,0.9950271000,-0.6400199000,1.3922910000,-0.7105713000,0.0943034100,0.0320034400,-0.0019490160,0.9950271000,-0.6400199000,1.3922910000,-0.7105713000,0.0943034100,0.0320034400,-0.0019490160,0.9950271000,
262.3824000000,264855,-0.6397572000,1.3922440000,-0.7104881000,0.0943526600,0.0334494300,-0.0021813760,0.9949744000,-0.6397572000,1.3922440000,-0.7104881000,0.0943526600,0.0334494300,-0.0021813760,0.9949744000,-0.6397572000,1.3922440000,-0.7104881000,0.0943526600,0.0334494300,-0.0021813760,0.9949744000,
262.3931000000,264868,-0.6394389000,1.3922200000,-0.7103994000,0.0944159800,0.0349769600,-0.0025195650,0.9949150000,-0.6394389000,1.3922200000,-0.7103994000,0.0944159800,0.0349769600,-0.0025195650,0.9949150000,-0.6394389000,1.3922200000,-0.7103994000,0.0944159800,0.0349769600,-0.0025195650,0.9949150000,
262.4062000000,264877,-0.6391113000,1.3922030000,-0.7102807000,0.0944517000,0.0365705300,-0.0027472160,0.9948537000,-0.6391113000,1.3922030000,-0.7102807000,0.0944517000,0.0365705300,-0.0027472160,0.9948537000,-0.6391113000,1.3922030000,-0.7102807000,0.0944517000,0.0365705300,-0.0027472160,0.9948537000,
262.4164000000,264890,-0.6387746000,1.3921410000,-0.7101572000,0.0943863200,0.0382305900,-0.0029803150,0.9947969000,-0.6387746000,1.3921410000,-0.7101572000,0.0943863200,0.0382305900,-0.0029803150,0.9947969000,-0.6387746000,1.3921410000,-0.7101572000,0.0943863200,0.0382305900,-0.0029803150,0.9947969000,
262.4256000000,264900,-0.6384158000,1.3921330000,-0.7100670000,0.0944233300,0.0398684000,-0.0032158530,0.9947283000,-0.6384158000,1.3921330000,-0.7100670000,0.0944233300,0.0398684000,-0.0032158530,0.9947283000,-0.6384158000,1.3921330000,-0.7100670000,0.0944233300,0.0398684000,-0.0032158530,0.9947283000,
262.4376000000,264910,-0.6379848000,1.3921320000,-0.7100074000,0.0943834000,0.0415852700,-0.0033648360,0.9946613000,-0.6379848000,1.3921320000,-0.7100074000,0.0943834000,0.0415852700,-0.0033648360,0.9946613000,-0.6379848000,1.3921320000,-0.7100074000,0.0943834000,0.0415852700,-0.0033648360,0.9946613000,
262.4481000000,264921,-0.6375947000,1.3921710000,-0.7099771000,0.0943062100,0.0433926600,-0.0034642490,0.9945911000,-0.6375947000,1.3921710000,-0.7099771000,0.0943062100,0.0433926600,-0.0034642490,0.9945911000,-0.6375947000,1.3921710000,-0.7099771000,0.0943062100,0.0433926600,-0.0034642490,0.9945911000,
262.4594000000,264932,-0.6371696000,1.3921530000,-0.7098720000,0.0942058300,0.0452522700,-0.0034573360,0.9945178000,-0.6371696000,1.3921530000,-0.7098720000,0.0942058300,0.0452522700,-0.0034573360,0.9945178000,-0.6371696000,1.3921530000,-0.7098720000,0.0942058300,0.0452522700,-0.0034573360,0.9945178000,
262.4721000000,264943,-0.6367681000,1.3921980000,-0.7098389000,0.0941076800,0.0471354900,-0.0035652070,0.9944392000,-0.6367681000,1.3921980000,-0.7098389000,0.0941076800,0.0471354900,-0.0035652070,0.9944392000,-0.6367681000,1.3921980000,-0.7098389000,0.0941076800,0.0471354900,-0.0035652070,0.9944392000,
262.4818000000,264956,-0.6363678000,1.3922430000,-0.7097678000,0.0940362400,0.0490097900,-0.0037096710,0.9943548000,-0.6363678000,1.3922430000,-0.7097678000,0.0940362400,0.0490097900,-0.0037096710,0.9943548000,-0.6363678000,1.3922430000,-0.7097678000,0.0940362400,0.0490097900,-0.0037096710,0.9943548000,
262.4926000000,264966,-0.6359785000,1.3922760000,-0.7097065000,0.0937664300,0.0506878800,-0.0038857130,0.9942955000,-0.6359785000,1.3922760000,-0.7097065000,0.0937664300,0.0506878800,-0.0038857130,0.9942955000,-0.6359785000,1.3922760000,-0.7097065000,0.0937664300,0.0506878800,-0.0038857130,0.9942955000,
262.5037000000,264976,-0.6356416000,1.3923440000,-0.7096422000,0.0934971800,0.0519791200,-0.0043247530,0.9942524000,-0.6356416000,1.3923440000,-0.7096422000,0.0934971800,0.0519791200,-0.0043247530,0.9942524000,-0.6356416000,1.3923440000,-0.7096422000,0.0934971800,0.0519791200,-0.0043247530,0.9942524000,
262.5151000000,264987,-0.6354353000,1.3924780000,-0.7096241000,0.0930220000,0.0529826500,-0.0046554710,0.9942425000,-0.6354353000,1.3924780000,-0.7096241000,0.0930220000,0.0529826500,-0.0046554710,0.9942425000,-0.6354353000,1.3924780000,-0.7096241000,0.0930220000,0.0529826500,-0.0046554710,0.9942425000,
262.5257000000,264999,-0.6352844000,1.3926290000,-0.7095449000,0.0922926700,0.0531634300,-0.0052807750,0.9942977000,-0.6352844000,1.3926290000,-0.7095449000,0.0922926700,0.0531634300,-0.0052807750,0.9942977000,-0.6352844000,1.3926290000,-0.7095449000,0.0922926700,0.0531634300,-0.0052807750,0.9942977000,
262.5374000000,265009,-0.6352797000,1.3928780000,-0.7094133000,0.0915571100,0.0524826700,-0.0060458570,0.9943975000,-0.6352797000,1.3928780000,-0.7094133000,0.0915571100,0.0524826700,-0.0060458570,0.9943975000,-0.6352797000,1.3928780000,-0.7094133000,0.0915571100,0.0524826700,-0.0060458570,0.9943975000,
262.5495000000,265022,-0.6354299000,1.3931940000,-0.7093217000,0.0905691400,0.0511036900,-0.0068714820,0.9945544000,-0.6354299000,1.3931940000,-0.7093217000,0.0905691400,0.0511036900,-0.0068714820,0.9945544000,-0.6354299000,1.3931940000,-0.7093217000,0.0905691400,0.0511036900,-0.0068714820,0.9945544000,
262.5590000000,265033,-0.6357255000,1.3935310000,-0.7091587000,0.0893551000,0.0486381900,-0.0078282830,0.9947807000,-0.6357255000,1.3935310000,-0.7091587000,0.0893551000,0.0486381900,-0.0078282830,0.9947807000,-0.6357255000,1.3935310000,-0.7091587000,0.0893551000,0.0486381900,-0.0078282830,0.9947807000,
262.5710000000,265043,-0.6364660000,1.3938600000,-0.7090948000,0.0878044800,0.0441094200,-0.0093084360,0.9951171000,-0.6364660000,1.3938600000,-0.7090948000,0.0878044800,0.0441094200,-0.0093084360,0.9951171000,-0.6364660000,1.3938600000,-0.7090948000,0.0878044800,0.0441094200,-0.0093084360,0.9951171000,
262.5820000000,265055,-0.6372182000,1.3942970000,-0.7089348000,0.0861217000,0.0387569600,-0.0108602700,0.9954713000,-0.6372182000,1.3942970000,-0.7089348000,0.0861217000,0.0387569600,-0.0108602700,0.9954713000,-0.6372182000,1.3942970000,-0.7089348000,0.0861217000,0.0387569600,-0.0108602700,0.9954713000,
262.5926000000,265066,-0.6380978000,1.3946940000,-0.7087412000,0.0842496500,0.0324280300,-0.0125466400,0.9958379000,-0.6380978000,1.3946940000,-0.7087412000,0.0842496500,0.0324280300,-0.0125466400,0.9958379000,-0.6380978000,1.3946940000,-0.7087412000,0.0842496500,0.0324280300,-0.0125466400,0.9958379000,
262.6037000000,265076,-0.6391375000,1.3951690000,-0.7085474000,0.0822436000,0.0249791700,-0.0144033900,0.9961951000,-0.6391375000,1.3951690000,-0.7085474000,0.0822436000,0.0249791700,-0.0144033900,0.9961951000,-0.6391375000,1.3951690000,-0.7085474000,0.0822436000,0.0249791700,-0.0144033900,0.9961951000,
262.6157000000,265088,-0.6404970000,1.3956190000,-0.7084143000,0.0798524900,0.0159872900,-0.0163359900,0.9965446000,-0.6404970000,1.3956190000,-0.7084143000,0.0798524900,0.0159872900,-0.0163359900,0.9965446000,-0.6404970000,1.3956190000,-0.7084143000,0.0798524900,0.0159872900,-0.0163359900,0.9965446000,
262.6259000000,265099,-0.6418531000,1.3960940000,-0.7082446000,0.0774765400,0.0062343950,-0.0182742100,0.9968072000,-0.6418531000,1.3960940000,-0.7082446000,0.0774765400,0.0062343950,-0.0182742100,0.9968072000,-0.6418531000,1.3960940000,-0.7082446000,0.0774765400,0.0062343950,-0.0182742100,0.9968072000,
262.6369000000,265110,-0.6432624000,1.3966230000,-0.7080829000,0.0751250000,-0.0035601840,-0.0201063900,0.9969651000,-0.6432624000,1.3966230000,-0.7080829000,0.0751250000,-0.0035601840,-0.0201063900,0.9969651000,-0.6432624000,1.3966230000,-0.7080829000,0.0751250000,-0.0035601840,-0.0201063900,0.9969651000,
262.6487000000,265120,-0.6447823000,1.3971570000,-0.7080412000,0.0728034400,-0.0139712300,-0.0215442900,0.9970157000,-0.6447823000,1.3971570000,-0.7080412000,0.0728034400,-0.0139712300,-0.0215442900,0.9970157000,-0.6447823000,1.3971570000,-0.7080412000,0.0728034400,-0.0139712300,-0.0215442900,0.9970157000,
262.6594000000,265133,-0.6463692000,1.3977800000,-0.7080219000,0.0703447000,-0.0243622900,-0.0230654600,0.9969584000,-0.6463692000,1.3977800000,-0.7080219000,0.0703447000,-0.0243622900,-0.0230654600,0.9969584000,-0.6463692000,1.3977800000,-0.7080219000,0.0703447000,-0.0243622900,-0.0230654600,0.9969584000,
262.6707000000,265143,-0.6484425000,1.3983940000,-0.7083852000,0.0679656400,-0.0349293400,-0.0243194900,0.9967794000,-0.6484425000,1.3983940000,-0.7083852000,0.0679656400,-0.0349293400,-0.0243194900,0.9967794000,-0.6484425000,1.3983940000,-0.7083852000,0.0679656400,-0.0349293400,-0.0243194900,0.9967794000,
262.6817000000,265155,-0.6501834000,1.3990830000,-0.7085249000,0.0654663300,-0.0457340400,-0.0254254900,0.9964819000,-0.6501834000,1.3990830000,-0.7085249000,0.0654663300,-0.0457340400,-0.0254254900,0.9964819000,-0.6501834000,1.3990830000,-0.7085249000,0.0654663300,-0.0457340400,-0.0254254900,0.9964819000,
262.6925000000,265166,-0.6518648000,1.3996650000,-0.7086508000,0.0630542100,-0.0565385800,-0.0265947400,0.9960524000,-0.6518648000,1.3996650000,-0.7086508000,0.0630542100,-0.0565385800,-0.0265947400,0.9960524000,-0.6518648000,1.3996650000,-0.7086508000,0.0630542100,-0.0565385800,-0.0265947400,0.9960524000,
262.7042000000,265176,-0.6535389000,1.4002420000,-0.7089584000,0.0606882300,-0.0675773800,-0.0276794200,0.9954818000,-0.6535389000,1.4002420000,-0.7089584000,0.0606882300,-0.0675773800,-0.0276794200,0.9954818000,-0.6535389000,1.4002420000,-0.7089584000,0.0606882300,-0.0675773800,-0.0276794200,0.9954818000,
262.7144000000,265188,-0.6552522000,1.4007910000,-0.7091951000,0.0584609200,-0.0784562900,-0.0286749700,0.9947888000,-0.6552522000,1.4007910000,-0.7091951000,0.0584609200,-0.0784562900,-0.0286749700,0.9947888000,-0.6552522000,1.4007910000,-0.7091951000,0.0584609200,-0.0784562900,-0.0286749700,0.9947888000,
262.7257000000,265198,-0.6569476000,1.4011570000,-0.7095523000,0.0562814500,-0.0893216800,-0.0295973700,0.9939709000,-0.6569476000,1.4011570000,-0.7095523000,0.0562814500,-0.0893216800,-0.0295973700,0.9939709000,-0.6569476000,1.4011570000,-0.7095523000,0.0562814500,-0.0893216800,-0.0295973700,0.9939709000,
262.7369000000,265210,-0.6586335000,1.4016320000,-0.7099612000,0.0543652000,-0.0998243300,-0.0304324800,0.9930526000,-0.6586335000,1.4016320000,-0.7099612000,0.0543652000,-0.0998243300,-0.0304324800,0.9930526000,-0.6586335000,1.4016320000,-0.7099612000,0.0543652000,-0.0998243300,-0.0304324800,0.9930526000,
262.7478000000,265221,-0.6602294000,1.4020020000,-0.7102849000,0.0524971100,-0.1099215000,-0.0312769800,0.9920601000,-0.6602294000,1.4020020000,-0.7102849000,0.0524971100,-0.1099215000,-0.0312769800,0.9920601000,-0.6602294000,1.4020020000,-0.7102849000,0.0524971100,-0.1099215000,-0.0312769800,0.9920601000,
262.7591000000,265232,-0.6618109000,1.4024270000,-0.7107379000,0.0506991000,-0.1194215000,-0.0318644800,0.9910362000,-0.6618109000,1.4024270000,-0.7107379000,0.0506991000,-0.1194215000,-0.0318644800,0.9910362000,-0.6618109000,1.4024270000,-0.7107379000,0.0506991000,-0.1194215000,-0.0318644800,0.9910362000,
262.7701000000,265243,-0.6633193000,1.4027670000,-0.7112267000,0.0489640100,-0.1281025000,-0.0323417300,0.9900234000,-0.6633193000,1.4027670000,-0.7112267000,0.0489640100,-0.1281025000,-0.0323417300,0.9900234000,-0.6633193000,1.4027670000,-0.7112267000,0.0489640100,-0.1281025000,-0.0323417300,0.9900234000,
262.7813000000,265254,-0.6647580000,1.4032500000,-0.7118094000,0.0471724900,-0.1364818000,-0.0327418300,0.9889770000,-0.6647580000,1.4032500000,-0.7118094000,0.0471724900,-0.1364818000,-0.0327418300,0.9889770000,-0.6647580000,1.4032500000,-0.7118094000,0.0471724900,-0.1364818000,-0.0327418300,0.9889770000,
262.7924000000,265266,-0.6660743000,1.4036980000,-0.7123203000,0.0452437000,-0.1442203000,-0.0329848200,0.9879603000,-0.6660743000,1.4036980000,-0.7123203000,0.0452437000,-0.1442203000,-0.0329848200,0.9879603000,-0.6660743000,1.4036980000,-0.7123203000,0.0452437000,-0.1442203000,-0.0329848200,0.9879603000,
262.8037000000,265276,-0.6673572000,1.4041340000,-0.7127786000,0.0434264800,-0.1518076000,-0.0331975000,0.9868975000,-0.6673572000,1.4041340000,-0.7127786000,0.0434264800,-0.1518076000,-0.0331975000,0.9868975000,-0.6673572000,1.4041340000,-0.7127786000,0.0434264800,-0.1518076000,-0.0331975000,0.9868975000,
262.8152000000,265288,-0.6685979000,1.4045570000,-0.7133701000,0.0413665300,-0.1591820000,-0.0333324200,0.9858189000,-0.6685979000,1.4045570000,-0.7133701000,0.0413665300,-0.1591820000,-0.0333324200,0.9858189000,-0.6685979000,1.4045570000,-0.7133701000,0.0413665300,-0.1591820000,-0.0333324200,0.9858189000,
262.8260000000,265299,-0.6698551000,1.4049090000,-0.7139599000,0.0394446500,-0.1661677000,-0.0331407700,0.9847508000,-0.6698551000,1.4049090000,-0.7139599000,0.0394446500,-0.1661677000,-0.0331407700,0.9847508000,-0.6698551000,1.4049090000,-0.7139599000,0.0394446500,-0.1661677000,-0.0331407700,0.9847508000,
262.8372000000,265310,-0.6710262000,1.4052650000,-0.7146063000,0.0376368300,-0.1730579000,-0.0331072800,0.9836353000,-0.6710262000,1.4052650000,-0.7146063000,0.0376368300,-0.1730579000,-0.0331072800,0.9836353000,-0.6710262000,1.4052650000,-0.7146063000,0.0376368300,-0.1730579000,-0.0331072800,0.9836353000,
262.8484000000,265321,-0.6721723000,1.4056370000,-0.7151861000,0.0355212400,-0.1793791000,-0.0327599300,0.9825926000,-0.6721723000,1.4056370000,-0.7151861000,0.0355212400,-0.1793791000,-0.0327599300,0.9825926000,-0.6721723000,1.4056370000,-0.7151861000,0.0355212400,-0.1793791000,-0.0327599300,0.9825926000,
262.8594000000,265332,-0.6732476000,1.4059910000,-0.7158620000,0.0334409300,-0.1854300000,-0.0326874800,0.9815442000,-0.6732476000,1.4059910000,-0.7158620000,0.0334409300,-0.1854300000,-0.0326874800,0.9815442000,-0.6732476000,1.4059910000,-0.7158620000,0.0334409300,-0.1854300000,-0.0326874800,0.9815442000,
262.8703000000,265343,-0.6742694000,1.4063870000,-0.7164783000,0.0313059400,-0.1910663000,-0.0326320700,0.9805350000,-0.6742694000,1.4063870000,-0.7164783000,0.0313059400,-0.1910663000,-0.0326320700,0.9805350000,-0.6742694000,1.4063870000,-0.7164783000,0.0313059400,-0.1910663000,-0.0326320700,0.9805350000,
262.8817000000,265354,-0.6752260000,1.4068600000,-0.7169642000,0.0293312000,-0.1965551000,-0.0325867300,0.9795121000,-0.6752260000,1.4068600000,-0.7169642000,0.0293312000,-0.1965551000,-0.0325867300,0.9795121000,-0.6752260000,1.4068600000,-0.7169642000,0.0293312000,-0.1965551000,-0.0325867300,0.9795121000,
262.8925000000,265366,-0.6761272000,1.4073220000,-0.7175934000,0.0273066900,-0.2013552000,-0.0327762200,0.9785889000,-0.6761272000,1.4073220000,-0.7175934000,0.0273066900,-0.2013552000,-0.0327762200,0.9785889000,-0.6761272000,1.4073220000,-0.7175934000,0.0273066900,-0.2013552000,-0.0327762200,0.9785889000,
262.9040000000,265376,-0.6769989000,1.4077410000,-0.7181642000,0.0254077800,-0.2058589000,-0.0329722800,0.9776959000,-0.6769989000,1.4077410000,-0.7181642000,0.0254077800,-0.2058589000,-0.0329722800,0.9776959000,-0.6769989000,1.4077410000,-0.7181642000,0.0254077800,-0.2058589000,-0.0329722800,0.9776959000,
262.9153000000,265392,-0.6777835000,1.4081430000,-0.7188246000,0.0236644600,-0.2100990000,-0.0332282900,0.9768287000,-0.6777835000,1.4081430000,-0.7188246000,0.0236644600,-0.2100990000,-0.0332282900,0.9768287000,-0.6777835000,1.4081430000,-0.7188246000,0.0236644600,-0.2100990000,-0.0332282900,0.9768287000,
262.9258000000,265399,-0.6785014000,1.4083780000,-0.7194600000,0.0222285700,-0.2139132000,-0.0335762200,0.9760224000,-0.6785014000,1.4083780000,-0.7194600000,0.0222285700,-0.2139132000,-0.0335762200,0.9760224000,-0.6785014000,1.4083780000,-0.7194600000,0.0222285700,-0.2139132000,-0.0335762200,0.9760224000,
262.9372000000,265410,-0.6791995000,1.4086290000,-0.7200849000,0.0210811600,-0.2174658000,-0.0338132200,0.9752543000,-0.6791995000,1.4086290000,-0.7200849000,0.0210811600,-0.2174658000,-0.0338132200,0.9752543000,-0.6791995000,1.4086290000,-0.7200849000,0.0210811600,-0.2174658000,-0.0338132200,0.9752543000,
262.9481000000,265421,-0.6798308000,1.4087380000,-0.7207360000,0.0201888500,-0.2205108000,-0.0338980600,0.9745862000,-0.6798308000,1.4087380000,-0.7207360000,0.0201888500,-0.2205108000,-0.0338980600,0.9745862000,-0.6798308000,1.4087380000,-0.7207360000,0.0201888500,-0.2205108000,-0.0338980600,0.9745862000,
262.9597000000,265432,-0.6804593000,1.4089350000,-0.7213445000,0.0192411300,-0.2232489000,-0.0339940900,0.9739785000,-0.6804593000,1.4089350000,-0.7213445000,0.0192411300,-0.2232489000,-0.0339940900,0.9739785000,-0.6804593000,1.4089350000,-0.7213445000,0.0192411300,-0.2232489000,-0.0339940900,0.9739785000,
262.9712000000,265444,-0.6810448000,1.4091450000,-0.7219503000,0.0184424800,-0.2255887000,-0.0339889700,0.9734549000,-0.6810448000,1.4091450000,-0.7219503000,0.0184424800,-0.2255887000,-0.0339889700,0.9734549000,-0.6810448000,1.4091450000,-0.7219503000,0.0184424800,-0.2255887000,-0.0339889700,0.9734549000,
262.9820000000,265455,-0.6815972000,1.4093240000,-0.7225020000,0.0174770500,-0.2277760000,-0.0340046800,0.9729627000,-0.6815972000,1.4093240000,-0.7225020000,0.0174770500,-0.2277760000,-0.0340046800,0.9729627000,-0.6815972000,1.4093240000,-0.7225020000,0.0174770500,-0.2277760000,-0.0340046800,0.9729627000,
262.9926000000,265466,-0.6820798000,1.4095360000,-0.7230525000,0.0164414600,-0.2296060000,-0.0339367300,0.9725529000,-0.6820798000,1.4095360000,-0.7230525000,0.0164414600,-0.2296060000,-0.0339367300,0.9725529000,-0.6820798000,1.4095360000,-0.7230525000,0.0164414600,-0.2296060000,-0.0339367300,0.9725529000,
263.0037000000,265476,-0.6825809000,1.4097070000,-0.7235444000,0.0153433700,-0.2313515000,-0.0337392900,0.9721640000,-0.6825809000,1.4097070000,-0.7235444000,0.0153433700,-0.2313515000,-0.0337392900,0.9721640000,-0.6825809000,1.4097070000,-0.7235444000,0.0153433700,-0.2313515000,-0.0337392900,0.9721640000,
263.0154000000,265488,-0.6830347000,1.4099120000,-0.7240362000,0.0141620600,-0.2329025000,-0.0336304300,0.9718152000,-0.6830347000,1.4099120000,-0.7240362000,0.0141620600,-0.2329025000,-0.0336304300,0.9718152000,-0.6830347000,1.4099120000,-0.7240362000,0.0141620600,-0.2329025000,-0.0336304300,0.9718152000,
263.0258000000,265499,-0.6834857000,1.4101270000,-0.7244694000,0.0131354400,-0.2343337000,-0.0332255500,0.9714995000,-0.6834857000,1.4101270000,-0.7244694000,0.0131354400,-0.2343337000,-0.0332255500,0.9714995000,-0.6834857000,1.4101270000,-0.7244694000,0.0131354400,-0.2343337000,-0.0332255500,0.9714995000,
263.0376000000,265510,-0.6838982000,1.4103440000,-0.7249172000,0.0120916400,-0.2355630000,-0.0329382400,0.9712255000,-0.6838982000,1.4103440000,-0.7249172000,0.0120916400,-0.2355630000,-0.0329382400,0.9712255000,-0.6838982000,1.4103440000,-0.7249172000,0.0120916400,-0.2355630000,-0.0329382400,0.9712255000,
263.0488000000,265521,-0.6843376000,1.4104420000,-0.7252896000,0.0109782000,-0.2365250000,-0.0324112900,0.9710226000,-0.6843376000,1.4104420000,-0.7252896000,0.0109782000,-0.2365250000,-0.0324112900,0.9710226000,-0.6843376000,1.4104420000,-0.7252896000,0.0109782000,-0.2365250000,-0.0324112900,0.9710226000,
263.0592000000,265533,-0.6846797000,1.4105970000,-0.7256002000,0.0100593800,-0.2374328000,-0.0318744100,0.9708288000,-0.6846797000,1.4105970000,-0.7256002000,0.0100593800,-0.2374328000,-0.0318744100,0.9708288000,-0.6846797000,1.4105970000,-0.7256002000,0.0100593800,-0.2374328000,-0.0318744100,0.9708288000,
263.0706000000,265543,-0.6850057000,1.4107450000,-0.7259758000,0.0092670720,-0.2379920000,-0.0313078500,0.9707182000,-0.6850057000,1.4107450000,-0.7259758000,0.0092670720,-0.2379920000,-0.0313078500,0.9707182000,-0.6850057000,1.4107450000,-0.7259758000,0.0092670720,-0.2379920000,-0.0313078500,0.9707182000,
263.0815000000,265554,-0.6852918000,1.4108990000,-0.7262084000,0.0085924830,-0.2385154000,-0.0307042300,0.9706152000,-0.6852918000,1.4108990000,-0.7262084000,0.0085924830,-0.2385154000,-0.0307042300,0.9706152000,-0.6852918000,1.4108990000,-0.7262084000,0.0085924830,-0.2385154000,-0.0307042300,0.9706152000,
263.0928000000,265565,-0.6855652000,1.4110120000,-0.7265296000,0.0080004820,-0.2388223000,-0.0300350600,0.9705657000,-0.6855652000,1.4110120000,-0.7265296000,0.0080004820,-0.2388223000,-0.0300350600,0.9705657000,-0.6855652000,1.4110120000,-0.7265296000,0.0080004820,-0.2388223000,-0.0300350600,0.9705657000,
263.1037000000,265577,-0.6858861000,1.4110630000,-0.7267349000,0.0074154190,-0.2389941000,-0.0292746500,0.9705513000,-0.6858861000,1.4110630000,-0.7267349000,0.0074154190,-0.2389941000,-0.0292746500,0.9705513000,-0.6858861000,1.4110630000,-0.7267349000,0.0074154190,-0.2389941000,-0.0292746500,0.9705513000,
263.1161000000,265588,-0.6861556000,1.4110930000,-0.7268746000,0.0069594690,-0.2391300000,-0.0285839100,0.9705418000,-0.6861556000,1.4110930000,-0.7268746000,0.0069594690,-0.2391300000,-0.0285839100,0.9705418000,-0.6861556000,1.4110930000,-0.7268746000,0.0069594690,-0.2391300000,-0.0285839100,0.9705418000,
263.1278000000,265600,-0.6863394000,1.4112230000,-0.7271743000,0.0064410990,-0.2392393000,-0.0277277300,0.9705433000,-0.6863394000,1.4112230000,-0.7271743000,0.0064410990,-0.2392393000,-0.0277277300,0.9705433000,-0.6863394000,1.4112230000,-0.7271743000,0.0064410990,-0.2392393000,-0.0277277300,0.9705433000,
263.1378000000,265612,-0.6865361000,1.4112620000,-0.7273178000,0.0058959820,-0.2394616000,-0.0269118100,0.9705149000,-0.6865361000,1.4112620000,-0.7273178000,0.0058959820,-0.2394616000,-0.0269118100,0.9705149000,-0.6865361000,1.4112620000,-0.7273178000,0.0058959820,-0.2394616000,-0.0269118100,0.9705149000,
263.1487000000,265622,-0.6867628000,1.4113590000,-0.7274895000,0.0053709100,-0.2395526000,-0.0262652600,0.9705132000,-0.6867628000,1.4113590000,-0.7274895000,0.0053709100,-0.2395526000,-0.0262652600,0.9705132000,-0.6867628000,1.4113590000,-0.7274895000,0.0053709100,-0.2395526000,-0.0262652600,0.9705132000,
263.1597000000,265633,-0.6868763000,1.4114350000,-0.7275720000,0.0048127230,-0.2397257000,-0.0257361900,0.9704876000,-0.6868763000,1.4114350000,-0.7275720000,0.0048127230,-0.2397257000,-0.0257361900,0.9704876000,-0.6868763000,1.4114350000,-0.7275720000,0.0048127230,-0.2397257000,-0.0257361900,0.9704876000,
263.1709000000,265644,-0.6870694000,1.4115200000,-0.7277002000,0.0042788440,-0.2398114000,-0.0251574600,0.9704841000,-0.6870694000,1.4115200000,-0.7277002000,0.0042788440,-0.2398114000,-0.0251574600,0.9704841000,-0.6870694000,1.4115200000,-0.7277002000,0.0042788440,-0.2398114000,-0.0251574600,0.9704841000,
263.1820000000,265655,-0.6871953000,1.4117310000,-0.7276103000,0.0039292290,-0.2398640000,-0.0246895400,0.9704846000,-0.6871953000,1.4117310000,-0.7276103000,0.0039292290,-0.2398640000,-0.0246895400,0.9704846000,-0.6871953000,1.4117310000,-0.7276103000,0.0039292290,-0.2398640000,-0.0246895400,0.9704846000,
263.1926000000,265666,-0.6873503000,1.4117910000,-0.7276592000,0.0035467080,-0.2399666000,-0.0243716200,0.9704687000,-0.6873503000,1.4117910000,-0.7276592000,0.0035467080,-0.2399666000,-0.0243716200,0.9704687000,-0.6873503000,1.4117910000,-0.7276592000,0.0035467080,-0.2399666000,-0.0243716200,0.9704687000,
263.2041000000,265676,-0.6875346000,1.4119520000,-0.7276027000,0.0034107580,-0.2400743000,-0.0240219900,0.9704513000,-0.6875346000,1.4119520000,-0.7276027000,0.0034107580,-0.2400743000,-0.0240219900,0.9704513000,-0.6875346000,1.4119520000,-0.7276027000,0.0034107580,-0.2400743000,-0.0240219900,0.9704513000,
263.2154000000,265688,-0.6876762000,1.4119940000,-0.7276289000,0.0033245090,-0.2402063000,-0.0236758000,0.9704275000,-0.6876762000,1.4119940000,-0.7276289000,0.0033245090,-0.2402063000,-0.0236758000,0.9704275000,-0.6876762000,1.4119940000,-0.7276289000,0.0033245090,-0.2402063000,-0.0236758000,0.9704275000,
263.2267000000,265699,-0.6878285000,1.4119920000,-0.7276595000,0.0032958240,-0.2404122000,-0.0233585500,0.9703842000,-0.6878285000,1.4119920000,-0.7276595000,0.0032958240,-0.2404122000,-0.0233585500,0.9703842000,-0.6878285000,1.4119920000,-0.7276595000,0.0032958240,-0.2404122000,-0.0233585500,0.9703842000,
263.2379000000,265711,-0.6880875000,1.4119510000,-0.7276616000,0.0032287400,-0.2407029000,-0.0229348200,0.9703225000,-0.6880875000,1.4119510000,-0.7276616000,0.0032287400,-0.2407029000,-0.0229348200,0.9703225000,-0.6880875000,1.4119510000,-0.7276616000,0.0032287400,-0.2407029000,-0.0229348200,0.9703225000,
263.2488000000,265722,-0.6882176000,1.4119490000,-0.7276964000,0.0033125560,-0.2410643000,-0.0227033000,0.9702380000,-0.6882176000,1.4119490000,-0.7276964000,0.0033125560,-0.2410643000,-0.0227033000,0.9702380000,-0.6882176000,1.4119490000,-0.7276964000,0.0033125560,-0.2410643000,-0.0227033000,0.9702380000,
263.2600000000,265733,-0.6883492000,1.4118670000,-0.7276943000,0.0032689360,-0.2415188000,-0.0223415400,0.9701335000,-0.6883492000,1.4118670000,-0.7276943000,0.0032689360,-0.2415188000,-0.0223415400,0.9701335000,-0.6883492000,1.4118670000,-0.7276943000,0.0032689360,-0.2415188000,-0.0223415400,0.9701335000,
263.2711000000,265744,-0.6884429000,1.4118240000,-0.7277417000,0.0033542130,-0.2420187000,-0.0221707600,0.9700125000,-0.6884429000,1.4118240000,-0.7277417000,0.0033542130,-0.2420187000,-0.0221707600,0.9700125000,-0.6884429000,1.4118240000,-0.7277417000,0.0033542130,-0.2420187000,-0.0221707600,0.9700125000,
263.2772000000,265755,-0.6885896000,1.4118100000,-0.7277749000,0.0034204920,-0.2424572000,-0.0219535300,0.9699077000,-0.6885896000,1.4118100000,-0.7277749000,0.0034204920,-0.2424572000,-0.0219535300,0.9699077000,-0.6885896000,1.4118100000,-0.7277749000,0.0034204920,-0.2424572000,-0.0219535300,0.9699077000,
263.2883000000,265755,-0.6887050000,1.4117960000,-0.7277839000,0.0035126810,-0.2429728000,-0.0218204200,0.9697813000,-0.6887050000,1.4117960000,-0.7277839000,0.0035126810,-0.2429728000,-0.0218204200,0.9697813000,-0.6887050000,1.4117960000,-0.7277839000,0.0035126810,-0.2429728000,-0.0218204200,0.9697813000,
263.2996000000,265772,-0.6888142000,1.4117670000,-0.7277794000,0.0036007560,-0.2435153000,-0.0217132500,0.9696473000,-0.6888142000,1.4117670000,-0.7277794000,0.0036007560,-0.2435153000,-0.0217132500,0.9696473000,-0.6888142000,1.4117670000,-0.7277794000,0.0036007560,-0.2435153000,-0.0217132500,0.9696473000,
263.3107000000,265783,-0.6888969000,1.4117430000,-0.7277682000,0.0038329840,-0.2440387000,-0.0215060900,0.9695194000,-0.6888969000,1.4117430000,-0.7277682000,0.0038329840,-0.2440387000,-0.0215060900,0.9695194000,-0.6888969000,1.4117430000,-0.7277682000,0.0038329840,-0.2440387000,-0.0215060900,0.9695194000,
263.3216000000,265794,-0.6889625000,1.4116410000,-0.7277377000,0.0040850500,-0.2445506000,-0.0213280400,0.9693934000,-0.6889625000,1.4116410000,-0.7277377000,0.0040850500,-0.2445506000,-0.0213280400,0.9693934000,-0.6889625000,1.4116410000,-0.7277377000,0.0040850500,-0.2445506000,-0.0213280400,0.9693934000,
263.3327000000,265806,-0.6890497000,1.4115740000,-0.7276611000,0.0043113940,-0.2449164000,-0.0211672500,0.9693035000,-0.6890497000,1.4115740000,-0.7276611000,0.0043113940,-0.2449164000,-0.0211672500,0.9693035000,-0.6890497000,1.4115740000,-0.7276611000,0.0043113940,-0.2449164000,-0.0211672500,0.9693035000,
263.3438000000,265816,-0.6891408000,1.4115310000,-0.7275832000,0.0046595730,-0.2452541000,-0.0209785000,0.9692206000,-0.6891408000,1.4115310000,-0.7275832000,0.0046595730,-0.2452541000,-0.0209785000,0.9692206000,-0.6891408000,1.4115310000,-0.7275832000,0.0046595730,-0.2452541000,-0.0209785000,0.9692206000,
263.3568000000,265828,-0.6891801000,1.4114640000,-0.7274356000,0.0049121040,-0.2454473000,-0.0207871800,0.9691746000,-0.6891801000,1.4114640000,-0.7274356000,0.0049121040,-0.2454473000,-0.0207871800,0.9691746000,-0.6891801000,1.4114640000,-0.7274356000,0.0049121040,-0.2454473000,-0.0207871800,0.9691746000,
263.3662000000,265841,-0.6892345000,1.4114220000,-0.7273514000,0.0051165270,-0.2456489000,-0.0206927200,0.9691245000,-0.6892345000,1.4114220000,-0.7273514000,0.0051165270,-0.2456489000,-0.0206927200,0.9691245000,-0.6892345000,1.4114220000,-0.7273514000,0.0051165270,-0.2456489000,-0.0206927200,0.9691245000,
263.3770000000,265850,-0.6892440000,1.4113590000,-0.7272456000,0.0055007020,-0.2458496000,-0.0205834100,0.9690738000,-0.6892440000,1.4113590000,-0.7272456000,0.0055007020,-0.2458496000,-0.0205834100,0.9690738000,-0.6892440000,1.4113590000,-0.7272456000,0.0055007020,-0.2458496000,-0.0205834100,0.9690738000,
263.3915000000,265861,-0.6892452000,1.4112950000,-0.7271638000,0.0056555550,-0.2458575000,-0.0205833700,0.9690709000,-0.6892452000,1.4112950000,-0.7271638000,0.0056555550,-0.2458575000,-0.0205833700,0.9690709000,-0.6892452000,1.4112950000,-0.7271638000,0.0056555550,-0.2458575000,-0.0205833700,0.9690709000,
263.3999000000,265876,-0.6892776000,1.4112490000,-0.7270296000,0.0059022870,-0.2459262000,-0.0205130100,0.9690535000,-0.6892776000,1.4112490000,-0.7270296000,0.0059022870,-0.2459262000,-0.0205130100,0.9690535000,-0.6892776000,1.4112490000,-0.7270296000,0.0059022870,-0.2459262000,-0.0205130100,0.9690535000,
263.4107000000,265885,-0.6892354000,1.4111890000,-0.7269473000,0.0062073650,-0.2459509000,-0.0204891400,0.9690459000,-0.6892354000,1.4111890000,-0.7269473000,0.0062073650,-0.2459509000,-0.0204891400,0.9690459000,-0.6892354000,1.4111890000,-0.7269473000,0.0062073650,-0.2459509000,-0.0204891400,0.9690459000,
263.4219000000,265895,-0.6892281000,1.4111290000,-0.7267585000,0.0064562210,-0.2458262000,-0.0206538500,0.9690723000,-0.6892281000,1.4111290000,-0.7267585000,0.0064562210,-0.2458262000,-0.0206538500,0.9690723000,-0.6892281000,1.4111290000,-0.7267585000,0.0064562210,-0.2458262000,-0.0206538500,0.9690723000,
263.4332000000,265906,-0.6892462000,1.4110520000,-0.7266040000,0.0067843110,-0.2456896000,-0.0206701600,0.9691045000,-0.6892462000,1.4110520000,-0.7266040000,0.0067843110,-0.2456896000,-0.0206701600,0.9691045000,-0.6892462000,1.4110520000,-0.7266040000,0.0067843110,-0.2456896000,-0.0206701600,0.9691045000,
263.4498000000,265917,-0.6892021000,1.4109250000,-0.7264433000,0.0072480800,-0.2455226000,-0.0206016300,0.9691448000,-0.6892021000,1.4109250000,-0.7264433000,0.0072480800,-0.2455226000,-0.0206016300,0.9691448000,-0.6892021000,1.4109250000,-0.7264433000,0.0072480800,-0.2455226000,-0.0206016300,0.9691448000,
263.4575000000,265934,-0.6891863000,1.4108220000,-0.7262435000,0.0076886350,-0.2454623000,-0.0206139900,0.9691564000,-0.6891863000,1.4108220000,-0.7262435000,0.0076886350,-0.2454623000,-0.0206139900,0.9691564000,-0.6891863000,1.4108220000,-0.7262435000,0.0076886350,-0.2454623000,-0.0206139900,0.9691564000,
263.4662000000,265934,-0.6891508000,1.4107230000,-0.7261109000,0.0083080150,-0.2453303000,-0.0205209600,0.9691867000,-0.6891508000,1.4107230000,-0.7261109000,0.0083080150,-0.2453303000,-0.0205209600,0.9691867000,-0.6891508000,1.4107230000,-0.7261109000,0.0083080150,-0.2453303000,-0.0205209600,0.9691867000,
263.4776000000,265950,-0.6892471000,1.4105760000,-0.7259409000,0.0089286100,-0.2451158000,-0.0205103300,0.9692357000,-0.6892471000,1.4105760000,-0.7259409000,0.0089286100,-0.2451158000,-0.0205103300,0.9692357000,-0.6892471000,1.4105760000,-0.7259409000,0.0089286100,-0.2451158000,-0.0205103300,0.9692357000,
263.4883000000,265961,-0.6892231000,1.4104420000,-0.7257736000,0.0095206110,-0.2449718000,-0.0205645300,0.9692653000,-0.6892231000,1.4104420000,-0.7257736000,0.0095206110,-0.2449718000,-0.0205645300,0.9692653000,-0.6892231000,1.4104420000,-0.7257736000,0.0095206110,-0.2449718000,-0.0205645300,0.9692653000,
263.5194000000,265972,-0.6892381000,1.4104030000,-0.7255363000,0.0102968600,-0.2447452000,-0.0206706500,0.9693124000,-0.6892381000,1.4104030000,-0.7255363000,0.0102968600,-0.2447452000,-0.0206706500,0.9693124000,-0.6892381000,1.4104030000,-0.7255363000,0.0102968600,-0.2447452000,-0.0206706500,0.9693124000,
263.5464000000,266003,-0.6891332000,1.4099210000,-0.7251062000,0.0124987500,-0.2442378000,-0.0206772600,0.9694144000,-0.6891332000,1.4099210000,-0.7251062000,0.0124987500,-0.2442378000,-0.0206772600,0.9694144000,-0.6891332000,1.4099210000,-0.7251062000,0.0124987500,-0.2442378000,-0.0206772600,0.9694144000,
263.5522000000,266030,-0.6891282000,1.4099150000,-0.7251050000,0.0126051200,-0.2442359000,-0.0206788300,0.9694134000,-0.6891282000,1.4099150000,-0.7251050000,0.0126051200,-0.2442359000,-0.0206788300,0.9694134000,-0.6891282000,1.4099150000,-0.7251050000,0.0126051200,-0.2442359000,-0.0206788300,0.9694134000,
263.5579000000,266030,-0.6890121000,1.4094010000,-0.7246642000,0.0149802100,-0.2437207000,-0.0206409500,0.9695101000,-0.6890121000,1.4094010000,-0.7246642000,0.0149802100,-0.2437207000,-0.0206409500,0.9695101000,-0.6890121000,1.4094010000,-0.7246642000,0.0149802100,-0.2437207000,-0.0206409500,0.9695101000,
263.5665000000,266041,-0.6890187000,1.4093730000,-0.7246532000,0.0152104200,-0.2435616000,-0.0206334000,0.9695466000,-0.6890187000,1.4093730000,-0.7246532000,0.0152104200,-0.2435616000,-0.0206334000,0.9695466000,-0.6890187000,1.4093730000,-0.7246532000,0.0152104200,-0.2435616000,-0.0206334000,0.9695466000,
263.5773000000,266050,-0.6890357000,1.4090890000,-0.7245741000,0.0166370000,-0.2431877000,-0.0204444000,0.9696211000,-0.6890357000,1.4090890000,-0.7245741000,0.0166370000,-0.2431877000,-0.0204444000,0.9696211000,-0.6890357000,1.4090890000,-0.7245741000,0.0166370000,-0.2431877000,-0.0204444000,0.9696211000,
263.5884000000,266061,-0.6889093000,1.4087550000,-0.7244818000,0.0180658200,-0.2426782000,-0.0201319500,0.9697297000,-0.6889093000,1.4087550000,-0.7244818000,0.0180658200,-0.2426782000,-0.0201319500,0.9697297000,-0.6889093000,1.4087550000,-0.7244818000,0.0180658200,-0.2426782000,-0.0201319500,0.9697297000,
263.6259000000,266072,-0.6888437000,1.4080460000,-0.7242332000,0.0213078300,-0.2411821000,-0.0190587900,0.9700587000,-0.6888437000,1.4080460000,-0.7242332000,0.0213078300,-0.2411821000,-0.0190587900,0.9700587000,-0.6888437000,1.4080460000,-0.7242332000,0.0213078300,-0.2411821000,-0.0190587900,0.9700587000,
263.6320000000,266110,-0.6887627000,1.4076040000,-0.7240224000,0.0233688000,-0.2402673000,-0.0184308200,0.9702504000,-0.6887627000,1.4076040000,-0.7240224000,0.0233688000,-0.2402673000,-0.0184308200,0.9702504000,-0.6887627000,1.4076040000,-0.7240224000,0.0233688000,-0.2402673000,-0.0184308200,0.9702504000,
263.6406000000,266110,-0.6884921000,1.4061740000,-0.7232943000,0.0298750000,-0.2369374000,-0.0163450200,0.9709279000,-0.6884921000,1.4061740000,-0.7232943000,0.0298750000,-0.2369374000,-0.0163450200,0.9709279000,-0.6884921000,1.4061740000,-0.7232943000,0.0298750000,-0.2369374000,-0.0163450200,0.9709279000,
263.6485000000,266125,-0.6884923000,1.4061180000,-0.7232041000,0.0303181900,-0.2365038000,-0.0160707800,0.9710245000,-0.6884923000,1.4061180000,-0.7232041000,0.0303181900,-0.2365038000,-0.0160707800,0.9710245000,-0.6884923000,1.4061180000,-0.7232041000,0.0303181900,-0.2365038000,-0.0160707800,0.9710245000,
263.6545000000,266125,-0.6883838000,1.4055850000,-0.7229345000,0.0325804800,-0.2350560000,-0.0152162600,0.9713165000,-0.6883838000,1.4055850000,-0.7229345000,0.0325804800,-0.2350560000,-0.0152162600,0.9713165000,-0.6883838000,1.4055850000,-0.7229345000,0.0325804800,-0.2350560000,-0.0152162600,0.9713165000,
263.6656000000,266138,-0.6881599000,1.4049620000,-0.7226148000,0.0352885400,-0.2331652000,-0.0141892800,0.9716930000,-0.6881599000,1.4049620000,-0.7226148000,0.0352885400,-0.2331652000,-0.0141892800,0.9716930000,-0.6881599000,1.4049620000,-0.7226148000,0.0352885400,-0.2331652000,-0.0141892800,0.9716930000,
263.7072000000,266149,-0.6878605000,1.4041360000,-0.7222533000,0.0384866800,-0.2309688000,-0.0126846600,0.9721169000,-0.6878605000,1.4041360000,-0.7222533000,0.0384866800,-0.2309688000,-0.0126846600,0.9721169000,-0.6878605000,1.4041360000,-0.7222533000,0.0384866800,-0.2309688000,-0.0126846600,0.9721169000,
263.7139000000,266191,-0.6874435000,1.4023070000,-0.7213440000,0.0466911000,-0.2259167000,-0.0091186670,0.9729843000,-0.6874435000,1.4023070000,-0.7213440000,0.0466911000,-0.2259167000,-0.0091186670,0.9729843000,-0.6874435000,1.4023070000,-0.7213440000,0.0466911000,-0.2259167000,-0.0091186670,0.9729843000,
263.7368000000,266191,-0.6870916000,1.4010140000,-0.7207699000,0.0522176000,-0.2221418000,-0.0064228810,0.9735940000,-0.6870916000,1.4010140000,-0.7207699000,0.0522176000,-0.2221418000,-0.0064228810,0.9735940000,-0.6870916000,1.4010140000,-0.7207699000,0.0522176000,-0.2221418000,-0.0064228810,0.9735940000,
263.7450000000,266221,-0.6871510000,1.4010390000,-0.7206707000,0.0521869100,-0.2220059000,-0.0063551200,0.9736270000,-0.6871510000,1.4010390000,-0.7206707000,0.0521869100,-0.2220059000,-0.0063551200,0.9736270000,-0.6871510000,1.4010390000,-0.7206707000,0.0521869100,-0.2220059000,-0.0063551200,0.9736270000,
263.7512000000,266229,-0.6870198000,1.4004780000,-0.7203615000,0.0547691200,-0.2201775000,-0.0051336090,0.9739075000,-0.6870198000,1.4004780000,-0.7203615000,0.0547691200,-0.2201775000,-0.0051336090,0.9739075000,-0.6870198000,1.4004780000,-0.7203615000,0.0547691200,-0.2201775000,-0.0051336090,0.9739075000,
263.7572000000,266229,-0.6868794000,1.3999140000,-0.7200539000,0.0572932000,-0.2184092000,-0.0040134310,0.9741657000,-0.6868794000,1.3999140000,-0.7200539000,0.0572932000,-0.2184092000,-0.0040134310,0.9741657000,-0.6868794000,1.3999140000,-0.7200539000,0.0572932000,-0.2184092000,-0.0040134310,0.9741657000,
263.7662000000,266241,-0.6865475000,1.3983610000,-0.7191453000,0.0648077400,-0.2133091000,-0.0006268744,0.9748327000,-0.6865475000,1.3983610000,-0.7191453000,0.0648077400,-0.2133091000,-0.0006268744,0.9748327000,-0.6865475000,1.3983610000,-0.7191453000,0.0648077400,-0.2133091000,-0.0006268744,0.9748327000,
263.7885000000,266250,-0.6865532000,1.3974200000,-0.7186379000,0.0689901900,-0.2110496000,0.0012272200,0.9750369000,-0.6865532000,1.3974200000,-0.7186379000,0.0689901900,-0.2110496000,0.0012272200,0.9750369000,-0.6865532000,1.3974200000,-0.7186379000,0.0689901900,-0.2110496000,0.0012272200,0.9750369000,
263.8111000000,266272,-0.6866367000,1.3965270000,-0.7179868000,0.0732669200,-0.2096400000,0.0030647250,0.9750249000,-0.6866367000,1.3965270000,-0.7179868000,0.0732669200,-0.2096400000,0.0030647250,0.9750249000,-0.6866367000,1.3965270000,-0.7179868000,0.0732669200,-0.2096400000,0.0030647250,0.9750249000,
263.8326000000,266295,-0.6867414000,1.3958730000,-0.7174354000,0.0766902800,-0.2083480000,0.0042893960,0.9750341000,-0.6867414000,1.3958730000,-0.7174354000,0.0766902800,-0.2083480000,0.0042893960,0.9750341000,-0.6867414000,1.3958730000,-0.7174354000,0.0766902800,-0.2083480000,0.0042893960,0.9750341000,
263.8547000000,266316,-0.6869233000,1.3954200000,-0.7166638000,0.0793378500,-0.2076280000,0.0045624470,0.9749745000,-0.6869233000,1.3954200000,-0.7166638000,0.0793378500,-0.2076280000,0.0045624470,0.9749745000,-0.6869233000,1.3954200000,-0.7166638000,0.0793378500,-0.2076280000,0.0045624470,0.9749745000,
263.8772000000,266338,-0.6873887000,1.3949690000,-0.7161608000,0.0816781700,-0.2082981000,0.0046191020,0.9746380000,-0.6873887000,1.3949690000,-0.7161608000,0.0816781700,-0.2082981000,0.0046191020,0.9746380000,-0.6873887000,1.3949690000,-0.7161608000,0.0816781700,-0.2082981000,0.0046191020,0.9746380000,
263.8996000000,266361,-0.6878707000,1.3944610000,-0.7157292000,0.0841614900,-0.2099456000,0.0050093710,0.9740711000,-0.6878707000,1.3944610000,-0.7157292000,0.0841614900,-0.2099456000,0.0050093710,0.9740711000,-0.6878707000,1.3944610000,-0.7157292000,0.0841614900,-0.2099456000,0.0050093710,0.9740711000,
263.9218000000,266383,-0.6883719000,1.3938040000,-0.7155087000,0.0865151700,-0.2117148000,0.0057739550,0.9734776000,-0.6883719000,1.3938040000,-0.7155087000,0.0865151700,-0.2117148000,0.0057739550,0.9734776000,-0.6883719000,1.3938040000,-0.7155087000,0.0865151700,-0.2117148000,0.0057739550,0.9734776000,
263.9444000000,266406,-0.6888587000,1.3932780000,-0.7151573000,0.0885233700,-0.2136286000,0.0062617280,0.9728758000,-0.6888587000,1.3932780000,-0.7151573000,0.0885233700,-0.2136286000,0.0062617280,0.9728758000,-0.6888587000,1.3932780000,-0.7151573000,0.0885233700,-0.2136286000,0.0062617280,0.9728758000,
263.9662000000,266429,-0.6893876000,1.3927960000,-0.7147949000,0.0906236600,-0.2156039000,0.0062973640,0.9722462000,-0.6893876000,1.3927960000,-0.7147949000,0.0906236600,-0.2156039000,0.0062973640,0.9722462000,-0.6893876000,1.3927960000,-0.7147949000,0.0906236600,-0.2156039000,0.0062973640,0.9722462000,
263.9881000000,266450,-0.6898134000,1.3923600000,-0.7145438000,0.0924114100,-0.2174957000,0.0058050140,0.9716595000,-0.6898134000,1.3923600000,-0.7145438000,0.0924114100,-0.2174957000,0.0058050140,0.9716595000,-0.6898134000,1.3923600000,-0.7145438000,0.0924114100,-0.2174957000,0.0058050140,0.9716595000,
264.0104000000,266472,-0.6902771000,1.3921510000,-0.7143414000,0.0938237700,-0.2186572000,0.0054885420,0.9712652000,-0.6902771000,1.3921510000,-0.7143414000,0.0938237700,-0.2186572000,0.0054885420,0.9712652000,-0.6902771000,1.3921510000,-0.7143414000,0.0938237700,-0.2186572000,0.0054885420,0.9712652000,
264.0327000000,266494,-0.6906021000,1.3919090000,-0.7140856000,0.0946195100,-0.2190736000,0.0052664440,0.9710954000,-0.6906021000,1.3919090000,-0.7140856000,0.0946195100,-0.2190736000,0.0052664440,0.9710954000,-0.6906021000,1.3919090000,-0.7140856000,0.0946195100,-0.2190736000,0.0052664440,0.9710954000,
264.0552000000,266516,-0.6907620000,1.3915980000,-0.7138412000,0.0953096700,-0.2192358000,0.0053182530,0.9709910000,-0.6907620000,1.3915980000,-0.7138412000,0.0953096700,-0.2192358000,0.0053182530,0.9709910000,-0.6907620000,1.3915980000,-0.7138412000,0.0953096700,-0.2192358000,0.0053182530,0.9709910000,
264.0766000000,266539,-0.6911285000,1.3915390000,-0.7136440000,0.0959966900,-0.2191742000,0.0055821000,0.9709358000,-0.6911285000,1.3915390000,-0.7136440000,0.0959966900,-0.2191742000,0.0055821000,0.9709358000,-0.6911285000,1.3915390000,-0.7136440000,0.0959966900,-0.2191742000,0.0055821000,0.9709358000,
264.0998000000,266561,-0.6915457000,1.3914280000,-0.7135282000,0.0963180600,-0.2191515000,0.0058787970,0.9709073000,-0.6915457000,1.3914280000,-0.7135282000,0.0963180600,-0.2191515000,0.0058787970,0.9709073000,-0.6915457000,1.3914280000,-0.7135282000,0.0963180600,-0.2191515000,0.0058787970,0.9709073000,
264.1213000000,266583,-0.6918867000,1.3914370000,-0.7134311000,0.0962416700,-0.2190399000,0.0063346930,0.9709372000,-0.6918867000,1.3914370000,-0.7134311000,0.0962416700,-0.2190399000,0.0063346930,0.9709372000,-0.6918867000,1.3914370000,-0.7134311000,0.0962416700,-0.2190399000,0.0063346930,0.9709372000,
264.1434000000,266605,-0.6921394000,1.3913910000,-0.7134624000,0.0962073200,-0.2191367000,0.0066730080,0.9709165000,-0.6921394000,1.3913910000,-0.7134624000,0.0962073200,-0.2191367000,0.0066730080,0.9709165000,-0.6921394000,1.3913910000,-0.7134624000,0.0962073200,-0.2191367000,0.0066730080,0.9709165000,
264.1664000000,266627,-0.6923594000,1.3914360000,-0.7134950000,0.0961558900,-0.2196202000,0.0070924580,0.9708093000,-0.6923594000,1.3914360000,-0.7134950000,0.0961558900,-0.2196202000,0.0070924580,0.9708093000,-0.6923594000,1.3914360000,-0.7134950000,0.0961558900,-0.2196202000,0.0070924580,0.9708093000,
264.1880000000,266650,-0.6926012000,1.3914250000,-0.7134573000,0.0956580700,-0.2198901000,0.0079514920,0.9707907000,-0.6926012000,1.3914250000,-0.7134573000,0.0956580700,-0.2198901000,0.0079514920,0.9707907000,-0.6926012000,1.3914250000,-0.7134573000,0.0956580700,-0.2198901000,0.0079514920,0.9707907000,
264.2101000000,266672,-0.6928179000,1.3914260000,-0.7136259000,0.0951515200,-0.2201296000,0.0085787340,0.9707809000,-0.6928179000,1.3914260000,-0.7136259000,0.0951515200,-0.2201296000,0.0085787340,0.9707809000,-0.6928179000,1.3914260000,-0.7136259000,0.0951515200,-0.2201296000,0.0085787340,0.9707809000,
264.2325000000,266694,-0.6929934000,1.3915240000,-0.7138014000,0.0948795600,-0.2205902000,0.0093191050,0.9706962000,-0.6929934000,1.3915240000,-0.7138014000,0.0948795600,-0.2205902000,0.0093191050,0.9706962000,-0.6929934000,1.3915240000,-0.7138014000,0.0948795600,-0.2205902000,0.0093191050,0.9706962000,
264.2548000000,266716,-0.6931815000,1.3917020000,-0.7139735000,0.0942731500,-0.2209580000,0.0091338850,0.9706734000,-0.6931815000,1.3917020000,-0.7139735000,0.0942731500,-0.2209580000,0.0091338850,0.9706734000,-0.6931815000,1.3917020000,-0.7139735000,0.0942731500,-0.2209580000,0.0091338850,0.9706734000,
264.2770000000,266739,-0.6931245000,1.3918110000,-0.7140117000,0.0941104400,-0.2209135000,0.0085315320,0.9707048000,-0.6931245000,1.3918110000,-0.7140117000,0.0941104400,-0.2209135000,0.0085315320,0.9707048000,-0.6931245000,1.3918110000,-0.7140117000,0.0941104400,-0.2209135000,0.0085315320,0.9707048000,
264.2877000000,266761,-0.6932852000,1.3919830000,-0.7141447000,0.0934919600,-0.2213695000,0.0081525900,0.9706639000,-0.6932852000,1.3919830000,-0.7141447000,0.0934919600,-0.2213695000,0.0081525900,0.9706639000,-0.6932852000,1.3919830000,-0.7141447000,0.0934919600,-0.2213695000,0.0081525900,0.9706639000,
264.2994000000,266772,-0.6932530000,1.3919910000,-0.7142980000,0.0932922800,-0.2212002000,0.0080453960,0.9707226000,-0.6932530000,1.3919910000,-0.7142980000,0.0932922800,-0.2212002000,0.0080453960,0.9707226000,-0.6932530000,1.3919910000,-0.7142980000,0.0932922800,-0.2212002000,0.0080453960,0.9707226000,
264.3103000000,266783,-0.6932511000,1.3920730000,-0.7143683000,0.0929693000,-0.2210333000,0.0078782770,0.9707929000,-0.6932511000,1.3920730000,-0.7143683000,0.0929693000,-0.2210333000,0.0078782770,0.9707929000,-0.6932511000,1.3920730000,-0.7143683000,0.0929693000,-0.2210333000,0.0078782770,0.9707929000,
264.3215000000,266794,-0.6931431000,1.3922680000,-0.7143936000,0.0925343600,-0.2209870000,0.0080259890,0.9708439000,-0.6931431000,1.3922680000,-0.7143936000,0.0925343600,-0.2209870000,0.0080259890,0.9708439000,-0.6931431000,1.3922680000,-0.7143936000,0.0925343600,-0.2209870000,0.0080259890,0.9708439000,
264.3328000000,266805,-0.6930707000,1.3923530000,-0.7144480000,0.0922592600,-0.2208341000,0.0082156510,0.9709032000,-0.6930707000,1.3923530000,-0.7144480000,0.0922592600,-0.2208341000,0.0082156510,0.9709032000,-0.6930707000,1.3923530000,-0.7144480000,0.0922592600,-0.2208341000,0.0082156510,0.9709032000,
264.3437000000,266816,-0.6928756000,1.3924680000,-0.7144494000,0.0918611900,-0.2205839000,0.0085469370,0.9709950000,-0.6928756000,1.3924680000,-0.7144494000,0.0918611900,-0.2205839000,0.0085469370,0.9709950000,-0.6928756000,1.3924680000,-0.7144494000,0.0918611900,-0.2205839000,0.0085469370,0.9709950000,
264.3545000000,266828,-0.6927803000,1.3924940000,-0.7145586000,0.0915797600,-0.2203986000,0.0088047340,0.9710613000,-0.6927803000,1.3924940000,-0.7145586000,0.0915797600,-0.2203986000,0.0088047340,0.9710613000,-0.6927803000,1.3924940000,-0.7145586000,0.0915797600,-0.2203986000,0.0088047340,0.9710613000,
264.3658000000,266838,-0.6926568000,1.3925130000,-0.7145989000,0.0911549300,-0.2201451000,0.0087962170,0.9711589000,-0.6926568000,1.3925130000,-0.7145989000,0.0911549300,-0.2201451000,0.0087962170,0.9711589000,-0.6926568000,1.3925130000,-0.7145989000,0.0911549300,-0.2201451000,0.0087962170,0.9711589000,
264.3768000000,266850,-0.6925030000,1.3925960000,-0.7146339000,0.0910571600,-0.2197525000,0.0088198910,0.9712567000,-0.6925030000,1.3925960000,-0.7146339000,0.0910571600,-0.2197525000,0.0088198910,0.9712567000,-0.6925030000,1.3925960000,-0.7146339000,0.0910571600,-0.2197525000,0.0088198910,0.9712567000,
264.3878000000,266860,-0.6923358000,1.3926080000,-0.7146668000,0.0907454600,-0.2193691000,0.0087864590,0.9713729000,-0.6923358000,1.3926080000,-0.7146668000,0.0907454600,-0.2193691000,0.0087864590,0.9713729000,-0.6923358000,1.3926080000,-0.7146668000,0.0907454600,-0.2193691000,0.0087864590,0.9713729000,
264.3996000000,266873,-0.6922486000,1.3926060000,-0.7147176000,0.0906862600,-0.2188691000,0.0086782570,0.9714922000,-0.6922486000,1.3926060000,-0.7147176000,0.0906862600,-0.2188691000,0.0086782570,0.9714922000,-0.6922486000,1.3926060000,-0.7147176000,0.0906862600,-0.2188691000,0.0086782570,0.9714922000,
264.4107000000,266883,-0.6920846000,1.3926450000,-0.7147245000,0.0905046300,-0.2183658000,0.0086140260,0.9716229000,-0.6920846000,1.3926450000,-0.7147245000,0.0905046300,-0.2183658000,0.0086140260,0.9716229000,-0.6920846000,1.3926450000,-0.7147245000,0.0905046300,-0.2183658000,0.0086140260,0.9716229000,
264.4221000000,266895,-0.6919005000,1.3927760000,-0.7146738000,0.0903811700,-0.2179610000,0.0084647030,0.9717267000,-0.6919005000,1.3927760000,-0.7146738000,0.0903811700,-0.2179610000,0.0084647030,0.9717267000,-0.6919005000,1.3927760000,-0.7146738000,0.0903811700,-0.2179610000,0.0084647030,0.9717267000,
264.4323000000,266906,-0.6917322000,1.3928160000,-0.7146726000,0.0901706900,-0.2174149000,0.0083385000,0.9718696000,-0.6917322000,1.3928160000,-0.7146726000,0.0901706900,-0.2174149000,0.0083385000,0.9718696000,-0.6917322000,1.3928160000,-0.7146726000,0.0901706900,-0.2174149000,0.0083385000,0.9718696000,
264.4433000000,266916,-0.6916060000,1.3928600000,-0.7146165000,0.0900772200,-0.2169575000,0.0082177130,0.9719815000,-0.6916060000,1.3928600000,-0.7146165000,0.0900772200,-0.2169575000,0.0082177130,0.9719815000,-0.6916060000,1.3928600000,-0.7146165000,0.0900772200,-0.2169575000,0.0082177130,0.9719815000,
264.4550000000,266927,-0.6913495000,1.3929520000,-0.7145085000,0.0900794900,-0.2164814000,0.0081631910,0.9720879000,-0.6913495000,1.3929520000,-0.7145085000,0.0900794900,-0.2164814000,0.0081631910,0.9720879000,-0.6913495000,1.3929520000,-0.7145085000,0.0900794900,-0.2164814000,0.0081631910,0.9720879000,
264.4655000000,266939,-0.6911540000,1.3929570000,-0.7144713000,0.0900001000,-0.2159713000,0.0080371020,0.9722098000,-0.6911540000,1.3929570000,-0.7144713000,0.0900001000,-0.2159713000,0.0080371020,0.9722098000,-0.6911540000,1.3929570000,-0.7144713000,0.0900001000,-0.2159713000,0.0080371020,0.9722098000,
264.4767000000,266950,-0.6909189000,1.3929750000,-0.7144420000,0.0900579400,-0.2154970000,0.0079942080,0.9723100000,-0.6909189000,1.3929750000,-0.7144420000,0.0900579400,-0.2154970000,0.0079942080,0.9723100000,-0.6909189000,1.3929750000,-0.7144420000,0.0900579400,-0.2154970000,0.0079942080,0.9723100000,
264.4875000000,266960,-0.6907063000,1.3930210000,-0.7143886000,0.0901279200,-0.2149752000,0.0079337000,0.9724195000,-0.6907063000,1.3930210000,-0.7143886000,0.0901279200,-0.2149752000,0.0079337000,0.9724195000,-0.6907063000,1.3930210000,-0.7143886000,0.0901279200,-0.2149752000,0.0079337000,0.9724195000,
264.4989000000,266971,-0.6904850000,1.3930500000,-0.7143023000,0.0898942500,-0.2144222000,0.0077589650,0.9725646000,-0.6904850000,1.3930500000,-0.7143023000,0.0898942500,-0.2144222000,0.0077589650,0.9725646000,-0.6904850000,1.3930500000,-0.7143023000,0.0898942500,-0.2144222000,0.0077589650,0.9725646000,
264.5099000000,266982,-0.6903293000,1.3930920000,-0.7142463000,0.0896428400,-0.2136330000,0.0073656710,0.9727646000,-0.6903293000,1.3930920000,-0.7142463000,0.0896428400,-0.2136330000,0.0073656710,0.9727646000,-0.6903293000,1.3930920000,-0.7142463000,0.0896428400,-0.2136330000,0.0073656710,0.9727646000,
264.5210000000,266994,-0.6900847000,1.3931870000,-0.7141693000,0.0894127500,-0.2126614000,0.0068080970,0.9730027000,-0.6900847000,1.3931870000,-0.7141693000,0.0894127500,-0.2126614000,0.0068080970,0.9730027000,-0.6900847000,1.3931870000,-0.7141693000,0.0894127500,-0.2126614000,0.0068080970,0.9730027000,
264.5325000000,267005,-0.6897833000,1.3933480000,-0.7141676000,0.0890134700,-0.2115805000,0.0062314000,0.9732788000,-0.6897833000,1.3933480000,-0.7141676000,0.0890134700,-0.2115805000,0.0062314000,0.9732788000,-0.6897833000,1.3933480000,-0.7141676000,0.0890134700,-0.2115805000,0.0062314000,0.9732788000,
264.5435000000,267016,-0.6894333000,1.3934840000,-0.7140296000,0.0886816000,-0.2102268000,0.0055264890,0.9736066000,-0.6894333000,1.3934840000,-0.7140296000,0.0886816000,-0.2102268000,0.0055264890,0.9736066000,-0.6894333000,1.3934840000,-0.7140296000,0.0886816000,-0.2102268000,0.0055264890,0.9736066000,
264.5555000000,267027,-0.6890862000,1.3936000000,-0.7138875000,0.0882673100,-0.2087233000,0.0050220160,0.9739704000,-0.6890862000,1.3936000000,-0.7138875000,0.0882673100,-0.2087233000,0.0050220160,0.9739704000,-0.6890862000,1.3936000000,-0.7138875000,0.0882673100,-0.2087233000,0.0050220160,0.9739704000,
264.5673000000,267039,-0.6887143000,1.3937500000,-0.7137296000,0.0876560400,-0.2069281000,0.0045610630,0.9744108000,-0.6887143000,1.3937500000,-0.7137296000,0.0876560400,-0.2069281000,0.0045610630,0.9744108000,-0.6887143000,1.3937500000,-0.7137296000,0.0876560400,-0.2069281000,0.0045610630,0.9744108000,
264.5786000000,267051,-0.6880839000,1.3939290000,-0.7134674000,0.0869441500,-0.2047917000,0.0041550990,0.9749276000,-0.6880839000,1.3939290000,-0.7134674000,0.0869441500,-0.2047917000,0.0041550990,0.9749276000,-0.6880839000,1.3939290000,-0.7134674000,0.0869441500,-0.2047917000,0.0041550990,0.9749276000,
264.5904000000,267062,-0.6875291000,1.3941780000,-0.7132282000,0.0860395600,-0.2020220000,0.0037945710,0.9755870000,-0.6875291000,1.3941780000,-0.7132282000,0.0860395600,-0.2020220000,0.0037945710,0.9755870000,-0.6875291000,1.3941780000,-0.7132282000,0.0860395600,-0.2020220000,0.0037945710,0.9755870000,
264.6026000000,267075,-0.6868784000,1.3944500000,-0.7129560000,0.0849198800,-0.1987485000,0.0032643530,0.9763591000,-0.6868784000,1.3944500000,-0.7129560000,0.0849198800,-0.1987485000,0.0032643530,0.9763591000,-0.6868784000,1.3944500000,-0.7129560000,0.0849198800,-0.1987485000,0.0032643530,0.9763591000,
264.6152000000,267086,-0.6858549000,1.3948610000,-0.7122407000,0.0838163100,-0.1942266000,0.0028286710,0.9773653000,-0.6858549000,1.3948610000,-0.7122407000,0.0838163100,-0.1942266000,0.0028286710,0.9773653000,-0.6858549000,1.3948610000,-0.7122407000,0.0838163100,-0.1942266000,0.0028286710,0.9773653000,
264.6255000000,267099,-0.6849811000,1.3951650000,-0.7118783000,0.0826634100,-0.1895542000,0.0024543220,0.9783813000,-0.6849811000,1.3951650000,-0.7118783000,0.0826634100,-0.1895542000,0.0024543220,0.9783813000,-0.6849811000,1.3951650000,-0.7118783000,0.0826634100,-0.1895542000,0.0024543220,0.9783813000,
264.6376000000,267109,-0.6839883000,1.3954580000,-0.7114959000,0.0816137300,-0.1837553000,0.0022400080,0.9795755000,-0.6839883000,1.3954580000,-0.7114959000,0.0816137300,-0.1837553000,0.0022400080,0.9795755000,-0.6839883000,1.3954580000,-0.7114959000,0.0816137300,-0.1837553000,0.0022400080,0.9795755000,
264.6489000000,267121,-0.6828425000,1.3957180000,-0.7110758000,0.0805583600,-0.1772610000,0.0022102450,0.9808589000,-0.6828425000,1.3957180000,-0.7110758000,0.0805583600,-0.1772610000,0.0022102450,0.9808589000,-0.6828425000,1.3957180000,-0.7110758000,0.0805583600,-0.1772610000,0.0022102450,0.9808589000,
264.6596000000,267133,-0.6821120000,1.3957500000,-0.7109556000,0.0795128300,-0.1701888000,0.0024385480,0.9821953000,-0.6821120000,1.3957500000,-0.7109556000,0.0795128300,-0.1701888000,0.0024385480,0.9821953000,-0.6821120000,1.3957500000,-0.7109556000,0.0795128300,-0.1701888000,0.0024385480,0.9821953000,
264.6709000000,267143,-0.6828768000,1.3954420000,-0.7113733000,0.0804952900,-0.1738592000,0.0028103160,0.9814711000,-0.6828768000,1.3954420000,-0.7113733000,0.0804952900,-0.1738592000,0.0028103160,0.9814711000,-0.6828768000,1.3954420000,-0.7113733000,0.0804952900,-0.1738592000,0.0028103160,0.9814711000,
264.6820000000,267155,-0.6805866000,1.3959240000,-0.7106183000,0.0787491600,-0.1610613000,0.0030121200,0.9837930000,-0.6805866000,1.3959240000,-0.7106183000,0.0787491600,-0.1610613000,0.0030121200,0.9837930000,-0.6805866000,1.3959240000,-0.7106183000,0.0787491600,-0.1610613000,0.0030121200,0.9837930000,
264.6929000000,267166,-0.6791992000,1.3961370000,-0.7102373000,0.0780331900,-0.1530385000,0.0034311440,0.9851286000,-0.6791992000,1.3961370000,-0.7102373000,0.0780331900,-0.1530385000,0.0034311440,0.9851286000,-0.6791992000,1.3961370000,-0.7102373000,0.0780331900,-0.1530385000,0.0034311440,0.9851286000,
264.7043000000,267177,-0.6777368000,1.3963180000,-0.7098105000,0.0772881300,-0.1448096000,0.0038641560,0.9864288000,-0.6777368000,1.3963180000,-0.7098105000,0.0772881300,-0.1448096000,0.0038641560,0.9864288000,-0.6777368000,1.3963180000,-0.7098105000,0.0772881300,-0.1448096000,0.0038641560,0.9864288000,
264.7151000000,267188,-0.6761348000,1.3964570000,-0.7095160000,0.0766058500,-0.1357587000,0.0043337250,0.9877664000,-0.6761348000,1.3964570000,-0.7095160000,0.0766058500,-0.1357587000,0.0043337250,0.9877664000,-0.6761348000,1.3964570000,-0.7095160000,0.0766058500,-0.1357587000,0.0043337250,0.9877664000,
264.7258000000,267199,-0.6745031000,1.3966260000,-0.7090948000,0.0759568900,-0.1266391000,0.0048039190,0.9890248000,-0.6745031000,1.3966260000,-0.7090948000,0.0759568900,-0.1266391000,0.0048039190,0.9890248000,-0.6745031000,1.3966260000,-0.7090948000,0.0759568900,-0.1266391000,0.0048039190,0.9890248000,
264.7367000000,267210,-0.6726544000,1.3968320000,-0.7086489000,0.0752552500,-0.1164960000,0.0054881460,0.9903208000,-0.6726544000,1.3968320000,-0.7086489000,0.0752552500,-0.1164960000,0.0054881460,0.9903208000,-0.6726544000,1.3968320000,-0.7086489000,0.0752552500,-0.1164960000,0.0054881460,0.9903208000,
264.7477000000,267220,-0.6707344000,1.3970020000,-0.7082355000,0.0743721200,-0.1057504000,0.0061224530,0.9915887000,-0.6707344000,1.3970020000,-0.7082355000,0.0743721200,-0.1057504000,0.0061224530,0.9915887000,-0.6707344000,1.3970020000,-0.7082355000,0.0743721200,-0.1057504000,0.0061224530,0.9915887000,
264.7587000000,267232,-0.6686845000,1.3971790000,-0.7077959000,0.0735533800,-0.0945873800,0.0069071940,0.9927716000,-0.6686845000,1.3971790000,-0.7077959000,0.0735533800,-0.0945873800,0.0069071940,0.9927716000,-0.6686845000,1.3971790000,-0.7077959000,0.0735533800,-0.0945873800,0.0069071940,0.9927716000,
264.7699000000,267242,-0.6665351000,1.3973660000,-0.7073886000,0.0726877500,-0.0825461300,0.0079059690,0.9939015000,-0.6665351000,1.3973660000,-0.7073886000,0.0726877500,-0.0825461300,0.0079059690,0.9939015000,-0.6665351000,1.3973660000,-0.7073886000,0.0726877500,-0.0825461300,0.0079059690,0.9939015000,
264.7814000000,267254,-0.6642940000,1.3974670000,-0.7071221000,0.0717924100,-0.0701017500,0.0089543640,0.9949128000,-0.6642940000,1.3974670000,-0.7071221000,0.0717924100,-0.0701017500,0.0089543640,0.9949128000,-0.6642940000,1.3974670000,-0.7071221000,0.0717924100,-0.0701017500,0.0089543640,0.9949128000,
264.7920000000,267265,-0.6618841000,1.3976100000,-0.7067735000,0.0707587800,-0.0567306400,0.0102729500,0.9958259000,-0.6618841000,1.3976100000,-0.7067735000,0.0707587800,-0.0567306400,0.0102729500,0.9958259000,-0.6618841000,1.3976100000,-0.7067735000,0.0707587800,-0.0567306400,0.0102729500,0.9958259000,
264.8030000000,267276,-0.6594563000,1.3977840000,-0.7064962000,0.0696881900,-0.0431052000,0.0116608700,0.9965689000,-0.6594563000,1.3977840000,-0.7064962000,0.0696881900,-0.0431052000,0.0116608700,0.9965689000,-0.6594563000,1.3977840000,-0.7064962000,0.0696881900,-0.0431052000,0.0116608700,0.9965689000,
264.8148000000,267287,-0.6569016000,1.3979550000,-0.7063010000,0.0684238200,-0.0289627400,0.0130427200,0.9971506000,-0.6569016000,1.3979550000,-0.7063010000,0.0684238200,-0.0289627400,0.0130427200,0.9971506000,-0.6569016000,1.3979550000,-0.7063010000,0.0684238200,-0.0289627400,0.0130427200,0.9971506000,
264.8255000000,267299,-0.6544387000,1.3982690000,-0.7061787000,0.0671269100,-0.0148084800,0.0144087400,0.9975305000,-0.6544387000,1.3982690000,-0.7061787000,0.0671269100,-0.0148084800,0.0144087400,0.9975305000,-0.6544387000,1.3982690000,-0.7061787000,0.0671269100,-0.0148084800,0.0144087400,0.9975305000,
264.8370000000,267309,-0.6518283000,1.3984550000,-0.7062325000,0.0658436300,-0.0002228116,0.0158335300,0.9977043000,-0.6518283000,1.3984550000,-0.7062325000,0.0658436300,-0.0002228116,0.0158335300,0.9977043000,-0.6518283000,1.3984550000,-0.7062325000,0.0658436300,-0.0002228116,0.0158335300,0.9977043000,
264.8479000000,267321,-0.6492536000,1.3987390000,-0.7062132000,0.0646335400,0.0141949700,0.0170785900,0.9976619000,-0.6492536000,1.3987390000,-0.7062132000,0.0646335400,0.0141949700,0.0170785900,0.9976619000,-0.6492536000,1.3987390000,-0.7062132000,0.0646335400,0.0141949700,0.0170785900,0.9976619000,
264.8586000000,267332,-0.6465752000,1.3989730000,-0.7063937000,0.0635442500,0.0290038100,0.0182660100,0.9973903000,-0.6465752000,1.3989730000,-0.7063937000,0.0635442500,0.0290038100,0.0182660100,0.9973903000,-0.6465752000,1.3989730000,-0.7063937000,0.0635442500,0.0290038100,0.0182660100,0.9973903000,
264.8707000000,267342,-0.6439502000,1.3992180000,-0.7066567000,0.0625132500,0.0435042300,0.0193994000,0.9969068000,-0.6439502000,1.3992180000,-0.7066567000,0.0625132500,0.0435042300,0.0193994000,0.9969068000,-0.6439502000,1.3992180000,-0.7066567000,0.0625132500,0.0435042300,0.0193994000,0.9969068000,
264.8786000000,267355,-0.6414025000,1.3994070000,-0.7068441000,0.0613935100,0.0577711100,0.0202972400,0.9962336000,-0.6414025000,1.3994070000,-0.7068441000,0.0613935100,0.0577711100,0.0202972400,0.9962336000,-0.6414025000,1.3994070000,-0.7068441000,0.0613935100,0.0577711100,0.0202972400,0.9962336000,
264.8897000000,267355,-0.6388891000,1.3995890000,-0.7071505000,0.0604367300,0.0718484100,0.0209380000,0.9953627000,-0.6388891000,1.3995890000,-0.7071505000,0.0604367300,0.0718484100,0.0209380000,0.9953627000,-0.6388891000,1.3995890000,-0.7071505000,0.0604367300,0.0718484100,0.0209380000,0.9953627000,
264.9010000000,267373,-0.6362562000,1.3997740000,-0.7074933000,0.0596826100,0.0854277200,0.0213409200,0.9943262000,-0.6362562000,1.3997740000,-0.7074933000,0.0596826100,0.0854277200,0.0213409200,0.9943262000,-0.6362562000,1.3997740000,-0.7074933000,0.0596826100,0.0854277200,0.0213409200,0.9943262000,
264.9123000000,267385,-0.6338794000,1.3999050000,-0.7080035000,0.0588994500,0.0985811600,0.0215943900,0.9931497000,-0.6338794000,1.3999050000,-0.7080035000,0.0588994500,0.0985811600,0.0215943900,0.9931497000,-0.6338794000,1.3999050000,-0.7080035000,0.0588994500,0.0985811600,0.0215943900,0.9931497000,
264.9230000000,267396,-0.6315351000,1.4000640000,-0.7084141000,0.0579170900,0.1114232000,0.0217222500,0.9918461000,-0.6315351000,1.4000640000,-0.7084141000,0.0579170900,0.1114232000,0.0217222500,0.9918461000,-0.6315351000,1.4000640000,-0.7084141000,0.0579170900,0.1114232000,0.0217222500,0.9918461000,
264.9344000000,267407,-0.6292288000,1.4002610000,-0.7089665000,0.0568878900,0.1234420000,0.0216346700,0.9904836000,-0.6292288000,1.4002610000,-0.7089665000,0.0568878900,0.1234420000,0.0216346700,0.9904836000,-0.6292288000,1.4002610000,-0.7089665000,0.0568878900,0.1234420000,0.0216346700,0.9904836000,
264.9454000000,267418,-0.6270163000,1.4004670000,-0.7094615000,0.0556942700,0.1352267000,0.0216301100,0.9890116000,-0.6270163000,1.4004670000,-0.7094615000,0.0556942700,0.1352267000,0.0216301100,0.9890116000,-0.6270163000,1.4004670000,-0.7094615000,0.0556942700,0.1352267000,0.0216301100,0.9890116000,
264.9566000000,267429,-0.6249716000,1.4006400000,-0.7101123000,0.0547338900,0.1463573000,0.0213281700,0.9874862000,-0.6249716000,1.4006400000,-0.7101123000,0.0547338900,0.1463573000,0.0213281700,0.9874862000,-0.6249716000,1.4006400000,-0.7101123000,0.0547338900,0.1463573000,0.0213281700,0.9874862000,
264.9679000000,267440,-0.6228995000,1.4008500000,-0.7106409000,0.0537098100,0.1569957000,0.0209741300,0.9859146000,-0.6228995000,1.4008500000,-0.7106409000,0.0537098100,0.1569957000,0.0209741300,0.9859146000,-0.6228995000,1.4008500000,-0.7106409000,0.0537098100,0.1569957000,0.0209741300,0.9859146000,
264.9788000000,267452,-0.6209152000,1.4009970000,-0.7113459000,0.0526747800,0.1673912000,0.0203598800,0.9842718000,-0.6209152000,1.4009970000,-0.7113459000,0.0526747800,0.1673912000,0.0203598800,0.9842718000,-0.6209152000,1.4009970000,-0.7113459000,0.0526747800,0.1673912000,0.0203598800,0.9842718000,
264.9899000000,267462,-0.6189666000,1.4012330000,-0.7120330000,0.0514266000,0.1775016000,0.0197584900,0.9825773000,-0.6189666000,1.4012330000,-0.7120330000,0.0514266000,0.1775016000,0.0197584900,0.9825773000,-0.6189666000,1.4012330000,-0.7120330000,0.0514266000,0.1775016000,0.0197584900,0.9825773000,
265.0009000000,267474,-0.6169834000,1.4015090000,-0.7126510000,0.0499091300,0.1870818000,0.0189414700,0.9808928000,-0.6169834000,1.4015090000,-0.7126510000,0.0499091300,0.1870818000,0.0189414700,0.9808928000,-0.6169834000,1.4015090000,-0.7126510000,0.0499091300,0.1870818000,0.0189414700,0.9808928000,
265.0119000000,267485,-0.6151168000,1.4019340000,-0.7133911000,0.0478573400,0.1965461000,0.0182588900,0.9791557000,-0.6151168000,1.4019340000,-0.7133911000,0.0478573400,0.1965461000,0.0182588900,0.9791557000,-0.6151168000,1.4019340000,-0.7133911000,0.0478573400,0.1965461000,0.0182588900,0.9791557000,
265.0230000000,267495,-0.6131828000,1.4021880000,-0.7140872000,0.0458386100,0.2061973000,0.0173481300,0.9772822000,-0.6131828000,1.4021880000,-0.7140872000,0.0458386100,0.2061973000,0.0173481300,0.9772822000,-0.6131828000,1.4021880000,-0.7140872000,0.0458386100,0.2061973000,0.0173481300,0.9772822000,
265.0348000000,267507,-0.6112168000,1.4025180000,-0.7145488000,0.0439570300,0.2157689000,0.0167822300,0.9753102000,-0.6112168000,1.4025180000,-0.7145488000,0.0439570300,0.2157689000,0.0167822300,0.9753102000,-0.6112168000,1.4025180000,-0.7145488000,0.0439570300,0.2157689000,0.0167822300,0.9753102000,
265.0455000000,267519,-0.6093075000,1.4030620000,-0.7153740000,0.0418345400,0.2250881000,0.0161681400,0.9733056000,-0.6093075000,1.4030620000,-0.7153740000,0.0418345400,0.2250881000,0.0161681400,0.9733056000,-0.6093075000,1.4030620000,-0.7153740000,0.0418345400,0.2250881000,0.0161681400,0.9733056000,
265.0564000000,267529,-0.6073530000,1.4033940000,-0.7161019000,0.0396591500,0.2343864000,0.0156482600,0.9712082000,-0.6073530000,1.4033940000,-0.7161019000,0.0396591500,0.2343864000,0.0156482600,0.9712082000,-0.6073530000,1.4033940000,-0.7161019000,0.0396591500,0.2343864000,0.0156482600,0.9712082000,
265.0682000000,267540,-0.6056080000,1.4038230000,-0.7170234000,0.0377877200,0.2429275000,0.0151826700,0.9691893000,-0.6056080000,1.4038230000,-0.7170234000,0.0377877200,0.2429275000,0.0151826700,0.9691893000,-0.6056080000,1.4038230000,-0.7170234000,0.0377877200,0.2429275000,0.0151826700,0.9691893000,
265.0785000000,267552,-0.6038885000,1.4039850000,-0.7178380000,0.0364961900,0.2506685000,0.0149859500,0.9672687000,-0.6038885000,1.4039850000,-0.7178380000,0.0364961900,0.2506685000,0.0149859500,0.9672687000,-0.6038885000,1.4039850000,-0.7178380000,0.0364961900,0.2506685000,0.0149859500,0.9672687000,
265.0903000000,267562,-0.6022274000,1.4041470000,-0.7185738000,0.0354792000,0.2578656000,0.0144776100,0.9654206000,-0.6022274000,1.4041470000,-0.7185738000,0.0354792000,0.2578656000,0.0144776100,0.9654206000,-0.6022274000,1.4041470000,-0.7185738000,0.0354792000,0.2578656000,0.0144776100,0.9654206000,
265.1010000000,267574,-0.6007001000,1.4042600000,-0.7192194000,0.0346868100,0.2639406000,0.0139607000,0.9638139000,-0.6007001000,1.4042600000,-0.7192194000,0.0346868100,0.2639406000,0.0139607000,0.9638139000,-0.6007001000,1.4042600000,-0.7192194000,0.0346868100,0.2639406000,0.0139607000,0.9638139000,
265.1121000000,267585,-0.5991769000,1.4044680000,-0.7199156000,0.0338407000,0.2698520000,0.0133927300,0.9622138000,-0.5991769000,1.4044680000,-0.7199156000,0.0338407000,0.2698520000,0.0133927300,0.9622138000,-0.5991769000,1.4044680000,-0.7199156000,0.0338407000,0.2698520000,0.0133927300,0.9622138000,
265.1231000000,267596,-0.5977852000,1.4046540000,-0.7205110000,0.0327613800,0.2750390000,0.0127490900,0.9607902000,-0.5977852000,1.4046540000,-0.7205110000,0.0327613800,0.2750390000,0.0127490900,0.9607902000,-0.5977852000,1.4046540000,-0.7205110000,0.0327613800,0.2750390000,0.0127490900,0.9607902000,
265.1341000000,267607,-0.5962663000,1.4050200000,-0.7211304000,0.0313859800,0.2804687000,0.0121467800,0.9592730000,-0.5962663000,1.4050200000,-0.7211304000,0.0313859800,0.2804687000,0.0121467800,0.9592730000,-0.5962663000,1.4050200000,-0.7211304000,0.0313859800,0.2804687000,0.0121467800,0.9592730000,
265.1454000000,267618,-0.5949013000,1.4052690000,-0.7216628000,0.0299728500,0.2854909000,0.0114903000,0.9578437000,-0.5949013000,1.4052690000,-0.7216628000,0.0299728500,0.2854909000,0.0114903000,0.9578437000,-0.5949013000,1.4052690000,-0.7216628000,0.0299728500,0.2854909000,0.0114903000,0.9578437000,
265.1564000000,267629,-0.5935061000,1.4055090000,-0.7222404000,0.0285028800,0.2903658000,0.0109278500,0.9564287000,-0.5935061000,1.4055090000,-0.7222404000,0.0285028800,0.2903658000,0.0109278500,0.9564287000,-0.5935061000,1.4055090000,-0.7222404000,0.0285028800,0.2903658000,0.0109278500,0.9564287000,
265.1676000000,267640,-0.5921566000,1.4057410000,-0.7228255000,0.0271182800,0.2952710000,0.0102911900,0.9549732000,-0.5921566000,1.4057410000,-0.7228255000,0.0271182800,0.2952710000,0.0102911900,0.9549732000,-0.5921566000,1.4057410000,-0.7228255000,0.0271182800,0.2952710000,0.0102911900,0.9549732000,
265.1786000000,267651,-0.5908339000,1.4058570000,-0.7234075000,0.0259402100,0.2998928000,0.0096168570,0.9535717000,-0.5908339000,1.4058570000,-0.7234075000,0.0259402100,0.2998928000,0.0096168570,0.9535717000,-0.5908339000,1.4058570000,-0.7234075000,0.0259402100,0.2998928000,0.0096168570,0.9535717000,
265.1899000000,267662,-0.5895338000,1.4059770000,-0.7239740000,0.0248675700,0.3044185000,0.0088366210,0.9521728000,-0.5895338000,1.4059770000,-0.7239740000,0.0248675700,0.3044185000,0.0088366210,0.9521728000,-0.5895338000,1.4059770000,-0.7239740000,0.0248675700,0.3044185000,0.0088366210,0.9521728000,
265.2010000000,267674,-0.5883453000,1.4059630000,-0.7244906000,0.0241945500,0.3085290000,0.0078412920,0.9508749000,-0.5883453000,1.4059630000,-0.7244906000,0.0241945500,0.3085290000,0.0078412920,0.9508749000,-0.5883453000,1.4059630000,-0.7244906000,0.0241945500,0.3085290000,0.0078412920,0.9508749000,
265.2121000000,267685,-0.5871162000,1.4058430000,-0.7251236000,0.0235865600,0.3127507000,0.0067580400,0.9495183000,-0.5871162000,1.4058430000,-0.7251236000,0.0235865600,0.3127507000,0.0067580400,0.9495183000,-0.5871162000,1.4058430000,-0.7251236000,0.0235865600,0.3127507000,0.0067580400,0.9495183000,
265.2233000000,267696,-0.5859311000,1.4057690000,-0.7256908000,0.0233884400,0.3165012000,0.0057459380,0.9482864000,-0.5859311000,1.4057690000,-0.7256908000,0.0233884400,0.3165012000,0.0057459380,0.9482864000,-0.5859311000,1.4057690000,-0.7256908000,0.0233884400,0.3165012000,0.0057459380,0.9482864000,
265.2349000000,267707,-0.5847204000,1.4056000000,-0.7262189000,0.0234473300,0.3204155000,0.0046216280,0.9469756000,-0.5847204000,1.4056000000,-0.7262189000,0.0234473300,0.3204155000,0.0046216280,0.9469756000,-0.5847204000,1.4056000000,-0.7262189000,0.0234473300,0.3204155000,0.0046216280,0.9469756000,
265.2461000000,267718,-0.5834839000,1.4053780000,-0.7267160000,0.0238087000,0.3242788000,0.0035985700,0.9456550000,-0.5834839000,1.4053780000,-0.7267160000,0.0238087000,0.3242788000,0.0035985700,0.9456550000,-0.5834839000,1.4053780000,-0.7267160000,0.0238087000,0.3242788000,0.0035985700,0.9456550000,
265.2573000000,267730,-0.5823014000,1.4051100000,-0.7272298000,0.0241830800,0.3282575000,0.0025663240,0.9442752000,-0.5823014000,1.4051100000,-0.7272298000,0.0241830800,0.3282575000,0.0025663240,0.9442752000,-0.5823014000,1.4051100000,-0.7272298000,0.0241830800,0.3282575000,0.0025663240,0.9442752000,
265.2687000000,267741,-0.5811357000,1.4047660000,-0.7276638000,0.0246550000,0.3322415000,0.0017010220,0.9428706000,-0.5811357000,1.4047660000,-0.7276638000,0.0246550000,0.3322415000,0.0017010220,0.9428706000,-0.5811357000,1.4047660000,-0.7276638000,0.0246550000,0.3322415000,0.0017010220,0.9428706000,
265.2800000000,267753,-0.5799582000,1.4045390000,-0.7281377000,0.0251786800,0.3360337000,0.0009843814,0.9415128000,-0.5799582000,1.4045390000,-0.7281377000,0.0251786800,0.3360337000,0.0009843814,0.9415128000,-0.5799582000,1.4045390000,-0.7281377000,0.0251786800,0.3360337000,0.0009843814,0.9415128000,
265.2909000000,267764,-0.5787137000,1.4042940000,-0.7286110000,0.0256085800,0.3398070000,0.0002486779,0.9401464000,-0.5787137000,1.4042940000,-0.7286110000,0.0256085800,0.3398070000,0.0002486779,0.9401464000,-0.5787137000,1.4042940000,-0.7286110000,0.0256085800,0.3398070000,0.0002486779,0.9401464000,
265.3026000000,267775,-0.5775478000,1.4040680000,-0.7290843000,0.0258454000,0.3437938000,-0.0005309600,0.9386893000,-0.5775478000,1.4040680000,-0.7290843000,0.0258454000,0.3437938000,-0.0005309600,0.9386893000,-0.5775478000,1.4040680000,-0.7290843000,0.0258454000,0.3437938000,-0.0005309600,0.9386893000,
265.3134000000,267786,-0.5763912000,1.4038340000,-0.7295961000,0.0260116100,0.3478433000,-0.0013975040,0.9371908000,-0.5763912000,1.4038340000,-0.7295961000,0.0260116100,0.3478433000,-0.0013975040,0.9371908000,-0.5763912000,1.4038340000,-0.7295961000,0.0260116100,0.3478433000,-0.0013975040,0.9371908000,
265.3248000000,267797,-0.5752015000,1.4036470000,-0.7301040000,0.0259490200,0.3521396000,-0.0024253520,0.9355845000,-0.5752015000,1.4036470000,-0.7301040000,0.0259490200,0.3521396000,-0.0024253520,0.9355845000,-0.5752015000,1.4036470000,-0.7301040000,0.0259490200,0.3521396000,-0.0024253520,0.9355845000,
265.3360000000,267809,-0.5740168000,1.4035050000,-0.7306447000,0.0255939600,0.3566512000,-0.0034598650,0.9338806000,-0.5740168000,1.4035050000,-0.7306447000,0.0255939600,0.3566512000,-0.0034598650,0.9338806000,-0.5740168000,1.4035050000,-0.7306447000,0.0255939600,0.3566512000,-0.0034598650,0.9338806000,
265.3479000000,267820,-0.5728316000,1.4034100000,-0.7312033000,0.0249855600,0.3613938000,-0.0043997220,0.9320681000,-0.5728316000,1.4034100000,-0.7312033000,0.0249855600,0.3613938000,-0.0043997220,0.9320681000,-0.5728316000,1.4034100000,-0.7312033000,0.0249855600,0.3613938000,-0.0043997220,0.9320681000,
265.3587000000,267832,-0.5716498000,1.4033610000,-0.7317798000,0.0243218100,0.3662880000,-0.0053011560,0.9301685000,-0.5716498000,1.4033610000,-0.7317798000,0.0243218100,0.3662880000,-0.0053011560,0.9301685000,-0.5716498000,1.4033610000,-0.7317798000,0.0243218100,0.3662880000,-0.0053011560,0.9301685000,
265.3700000000,267842,-0.5704849000,1.4033890000,-0.7323959000,0.0234065500,0.3712896000,-0.0060894400,0.9282021000,-0.5704849000,1.4033890000,-0.7323959000,0.0234065500,0.3712896000,-0.0060894400,0.9282021000,-0.5704849000,1.4033890000,-0.7323959000,0.0234065500,0.3712896000,-0.0060894400,0.9282021000,
265.3818000000,267854,-0.5693254000,1.4034640000,-0.7330201000,0.0224013300,0.3763309000,-0.0067106610,0.9261901000,-0.5693254000,1.4034640000,-0.7330201000,0.0224013300,0.3763309000,-0.0067106610,0.9261901000,-0.5693254000,1.4034640000,-0.7330201000,0.0224013300,0.3763309000,-0.0067106610,0.9261901000,
265.3930000000,267866,-0.5681748000,1.4035640000,-0.7336550000,0.0213826800,0.3812653000,-0.0072387370,0.9241900000,-0.5681748000,1.4035640000,-0.7336550000,0.0213826800,0.3812653000,-0.0072387370,0.9241900000,-0.5681748000,1.4035640000,-0.7336550000,0.0213826800,0.3812653000,-0.0072387370,0.9241900000,
265.4038000000,267876,-0.5667524000,1.4035940000,-0.7342703000,0.0200110600,0.3863136000,-0.0075011450,0.9221199000,-0.5667524000,1.4035940000,-0.7342703000,0.0200110600,0.3863136000,-0.0075011450,0.9221199000,-0.5667524000,1.4035940000,-0.7342703000,0.0200110600,0.3863136000,-0.0075011450,0.9221199000,
265.4153000000,267888,-0.5654898000,1.4037010000,-0.7350516000,0.0185852400,0.3913353000,-0.0076585780,0.9200286000,-0.5654898000,1.4037010000,-0.7350516000,0.0185852400,0.3913353000,-0.0076585780,0.9200286000,-0.5654898000,1.4037010000,-0.7350516000,0.0185852400,0.3913353000,-0.0076585780,0.9200286000,
265.4261000000,267899,-0.5643542000,1.4040520000,-0.7355881000,0.0166627400,0.3963152000,-0.0074326460,0.9179333000,-0.5643542000,1.4040520000,-0.7355881000,0.0166627400,0.3963152000,-0.0074326460,0.9179333000,-0.5643542000,1.4040520000,-0.7355881000,0.0166627400,0.3963152000,-0.0074326460,0.9179333000,
265.4371000000,267910,-0.5632248000,1.4043740000,-0.7362738000,0.0148085000,0.4011250000,-0.0073686530,0.9158740000,-0.5632248000,1.4043740000,-0.7362738000,0.0148085000,0.4011250000,-0.0073686530,0.9158740000,-0.5632248000,1.4043740000,-0.7362738000,0.0148085000,0.4011250000,-0.0073686530,0.9158740000,
265.4486000000,267921,-0.5621390000,1.4047810000,-0.7369561000,0.0127012600,0.4060177000,-0.0070859600,0.9137495000,-0.5621390000,1.4047810000,-0.7369561000,0.0127012600,0.4060177000,-0.0070859600,0.9137495000,-0.5621390000,1.4047810000,-0.7369561000,0.0127012600,0.4060177000,-0.0070859600,0.9137495000,
265.4597000000,267932,-0.5611045000,1.4051670000,-0.7376261000,0.0105597300,0.4107140000,-0.0067019360,0.9116784000,-0.5611045000,1.4051670000,-0.7376261000,0.0105597300,0.4107140000,-0.0067019360,0.9116784000,-0.5611045000,1.4051670000,-0.7376261000,0.0105597300,0.4107140000,-0.0067019360,0.9116784000,
265.4709000000,267943,-0.5601759000,1.4056540000,-0.7381740000,0.0084595020,0.4152390000,-0.0064960050,0.9096498000,-0.5601759000,1.4056540000,-0.7381740000,0.0084595020,0.4152390000,-0.0064960050,0.9096498000,-0.5601759000,1.4056540000,-0.7381740000,0.0084595020,0.4152390000,-0.0064960050,0.9096498000,
265.4824000000,267955,-0.5591691000,1.4059690000,-0.7387650000,0.0066222280,0.4197489000,-0.0061734900,0.9075952000,-0.5591691000,1.4059690000,-0.7387650000,0.0066222280,0.4197489000,-0.0061734900,0.9075952000,-0.5591691000,1.4059690000,-0.7387650000,0.0066222280,0.4197489000,-0.0061734900,0.9075952000,
265.4929000000,267966,-0.5580437000,1.4062930000,-0.7395854000,0.0048747270,0.4241252000,-0.0059738140,0.9055708000,-0.5580437000,1.4062930000,-0.7395854000,0.0048747270,0.4241252000,-0.0059738140,0.9055708000,-0.5580437000,1.4062930000,-0.7395854000,0.0048747270,0.4241252000,-0.0059738140,0.9055708000,
265.5035000000,267976,-0.5571377000,1.4065630000,-0.7402132000,0.0034348960,0.4280056000,-0.0057924430,0.9037510000,-0.5571377000,1.4065630000,-0.7402132000,0.0034348960,0.4280056000,-0.0057924430,0.9037510000,-0.5571377000,1.4065630000,-0.7402132000,0.0034348960,0.4280056000,-0.0057924430,0.9037510000,
265.5166000000,267991,-0.5560660000,1.4067580000,-0.7409990000,0.0020473310,0.4316158000,-0.0056324620,0.9020377000,-0.5560660000,1.4067580000,-0.7409990000,0.0020473310,0.4316158000,-0.0056324620,0.9020377000,-0.5560660000,1.4067580000,-0.7409990000,0.0020473310,0.4316158000,-0.0056324620,0.9020377000,
265.5253000000,268000,-0.5551622000,1.4069210000,-0.7415247000,0.0008522703,0.4350324000,-0.0055049280,0.9003976000,-0.5551622000,1.4069210000,-0.7415247000,0.0008522703,0.4350324000,-0.0055049280,0.9003976000,-0.5551622000,1.4069210000,-0.7415247000,0.0008522703,0.4350324000,-0.0055049280,0.9003976000,
265.5359000000,268009,-0.5543308000,1.4070480000,-0.7420311000,0.0000156344,0.4380183000,-0.0054313890,0.8989497000,-0.5543308000,1.4070480000,-0.7420311000,0.0000156344,0.4380183000,-0.0054313890,0.8989497000,-0.5543308000,1.4070480000,-0.7420311000,0.0000156344,0.4380183000,-0.0054313890,0.8989497000,
265.5466000000,268020,-0.5536220000,1.4071390000,-0.7425249000,-0.0008439453,0.4405167000,-0.0054060440,0.8977278000,-0.5536220000,1.4071390000,-0.7425249000,-0.0008439453,0.4405167000,-0.0054060440,0.8977278000,-0.5536220000,1.4071390000,-0.7425249000,-0.0008439453,0.4405167000,-0.0054060440,0.8977278000,
265.5575000000,268031,-0.5528858000,1.4072320000,-0.7429698000,-0.0015926720,0.4427285000,-0.0055278520,0.8966373000,-0.5528858000,1.4072320000,-0.7429698000,-0.0015926720,0.4427285000,-0.0055278520,0.8966373000,-0.5528858000,1.4072320000,-0.7429698000,-0.0015926720,0.4427285000,-0.0055278520,0.8966373000,
265.5689000000,268041,-0.5522289000,1.4071760000,-0.7433043000,-0.0023498580,0.4444488000,-0.0057214150,0.8957829000,-0.5522289000,1.4071760000,-0.7433043000,-0.0023498580,0.4444488000,-0.0057214150,0.8957829000,-0.5522289000,1.4071760000,-0.7433043000,-0.0023498580,0.4444488000,-0.0057214150,0.8957829000,
265.5797000000,268053,-0.5515797000,1.4071920000,-0.7436712000,-0.0030483000,0.4460469000,-0.0058283460,0.8949854000,-0.5515797000,1.4071920000,-0.7436712000,-0.0030483000,0.4460469000,-0.0058283460,0.8949854000,-0.5515797000,1.4071920000,-0.7436712000,-0.0030483000,0.4460469000,-0.0058283460,0.8949854000,
265.5910000000,268065,-0.5510232000,1.4072450000,-0.7439332000,-0.0035731270,0.4473132000,-0.0061408000,0.8943492000,-0.5510232000,1.4072450000,-0.7439332000,-0.0035731270,0.4473132000,-0.0061408000,0.8943492000,-0.5510232000,1.4072450000,-0.7439332000,-0.0035731270,0.4473132000,-0.0061408000,0.8943492000,
265.6023000000,268075,-0.5505245000,1.4072740000,-0.7441826000,-0.0040249650,0.4482373000,-0.0063651180,0.8938829000,-0.5505245000,1.4072740000,-0.7441826000,-0.0040249650,0.4482373000,-0.0063651180,0.8938829000,-0.5505245000,1.4072740000,-0.7441826000,-0.0040249650,0.4482373000,-0.0063651180,0.8938829000,
265.6133000000,268086,-0.5500143000,1.4072950000,-0.7443955000,-0.0042937290,0.4490639000,-0.0066501080,0.8934646000,-0.5500143000,1.4072950000,-0.7443955000,-0.0042937290,0.4490639000,-0.0066501080,0.8934646000,-0.5500143000,1.4072950000,-0.7443955000,-0.0042937290,0.4490639000,-0.0066501080,0.8934646000,
265.6248000000,268097,-0.5496101000,1.4072520000,-0.7445602000,-0.0046845100,0.4495682000,-0.0068317540,0.8932077000,-0.5496101000,1.4072520000,-0.7445602000,-0.0046845100,0.4495682000,-0.0068317540,0.8932077000,-0.5496101000,1.4072520000,-0.7445602000,-0.0046845100,0.4495682000,-0.0068317540,0.8932077000,
265.6367000000,268109,-0.5492232000,1.4072630000,-0.7447019000,-0.0048348830,0.4499891000,-0.0069972380,0.8929936000,-0.5492232000,1.4072630000,-0.7447019000,-0.0048348830,0.4499891000,-0.0069972380,0.8929936000,-0.5492232000,1.4072630000,-0.7447019000,-0.0048348830,0.4499891000,-0.0069972380,0.8929936000,
265.6467000000,268120,-0.5488567000,1.4072020000,-0.7448819000,-0.0049745220,0.4502424000,-0.0072367430,0.8928632000,-0.5488567000,1.4072020000,-0.7448819000,-0.0049745220,0.4502424000,-0.0072367430,0.8928632000,-0.5488567000,1.4072020000,-0.7448819000,-0.0049745220,0.4502424000,-0.0072367430,0.8928632000,
265.6578000000,268131,-0.5484905000,1.4071310000,-0.7450640000,-0.0047385960,0.4504465000,-0.0074334560,0.8927599000,-0.5484905000,1.4071310000,-0.7450640000,-0.0047385960,0.4504465000,-0.0074334560,0.8927599000,-0.5484905000,1.4071310000,-0.7450640000,-0.0047385960,0.4504465000,-0.0074334560,0.8927599000,
265.6684000000,268141,-0.5481572000,1.4070220000,-0.7452314000,-0.0045302890,0.4508629000,-0.0077426210,0.8925481000,-0.5481572000,1.4070220000,-0.7452314000,-0.0045302890,0.4508629000,-0.0077426210,0.8925481000,-0.5481572000,1.4070220000,-0.7452314000,-0.0045302890,0.4508629000,-0.0077426210,0.8925481000,
265.6799000000,268153,-0.5478008000,1.4069360000,-0.7453465000,-0.0040201720,0.4511610000,-0.0080708880,0.8923970000,-0.5478008000,1.4069360000,-0.7453465000,-0.0040201720,0.4511610000,-0.0080708880,0.8923970000,-0.5478008000,1.4069360000,-0.7453465000,-0.0040201720,0.4511610000,-0.0080708880,0.8923970000,
265.6907000000,268164,-0.5475252000,1.4067360000,-0.7454987000,-0.0034891580,0.4514115000,-0.0083713650,0.8922698000,-0.5475252000,1.4067360000,-0.7454987000,-0.0034891580,0.4514115000,-0.0083713650,0.8922698000,-0.5475252000,1.4067360000,-0.7454987000,-0.0034891580,0.4514115000,-0.0083713650,0.8922698000,
265.7016000000,268175,-0.5472612000,1.4065280000,-0.7455299000,-0.0028591660,0.4514313000,-0.0088013420,0.8922579000,-0.5472612000,1.4065280000,-0.7455299000,-0.0028591660,0.4514313000,-0.0088013420,0.8922579000,-0.5472612000,1.4065280000,-0.7455299000,-0.0028591660,0.4514313000,-0.0088013420,0.8922579000,
265.7127000000,268185,-0.5470071000,1.4063840000,-0.7456486000,-0.0024907920,0.4512959000,-0.0091225220,0.8923243000,-0.5470071000,1.4063840000,-0.7456486000,-0.0024907920,0.4512959000,-0.0091225220,0.8923243000,-0.5470071000,1.4063840000,-0.7456486000,-0.0024907920,0.4512959000,-0.0091225220,0.8923243000,
265.7240000000,268197,-0.5468159000,1.4063410000,-0.7456930000,-0.0023089250,0.4508471000,-0.0095099130,0.8925476000,-0.5468159000,1.4063410000,-0.7456930000,-0.0023089250,0.4508471000,-0.0095099130,0.8925476000,-0.5468159000,1.4063410000,-0.7456930000,-0.0023089250,0.4508471000,-0.0095099130,0.8925476000,
265.7351000000,268208,-0.5465946000,1.4063190000,-0.7458467000,-0.0024450740,0.4505277000,-0.0097088210,0.8927063000,-0.5465946000,1.4063190000,-0.7458467000,-0.0024450740,0.4505277000,-0.0097088210,0.8927063000,-0.5465946000,1.4063190000,-0.7458467000,-0.0024450740,0.4505277000,-0.0097088210,0.8927063000,
265.7460000000,268219,-0.5464523000,1.4064080000,-0.7459204000,-0.0031588110,0.4502992000,-0.0097802160,0.8928186000,-0.5464523000,1.4064080000,-0.7459204000,-0.0031588110,0.4502992000,-0.0097802160,0.8928186000,-0.5464523000,1.4064080000,-0.7459204000,-0.0031588110,0.4502992000,-0.0097802160,0.8928186000,
265.7577000000,268231,-0.5462956000,1.4065050000,-0.7460120000,-0.0040888940,0.4502773000,-0.0098799380,0.8928248000,-0.5462956000,1.4065050000,-0.7460120000,-0.0040888940,0.4502773000,-0.0098799380,0.8928248000,-0.5462956000,1.4065050000,-0.7460120000,-0.0040888940,0.4502773000,-0.0098799380,0.8928248000,
265.7685000000,268241,-0.5461361000,1.4066520000,-0.7461908000,-0.0047825900,0.4502981000,-0.0101819600,0.8928074000,-0.5461361000,1.4066520000,-0.7461908000,-0.0047825900,0.4502981000,-0.0101819600,0.8928074000,-0.5461361000,1.4066520000,-0.7461908000,-0.0047825900,0.4502981000,-0.0101819600,0.8928074000,
265.7797000000,268253,-0.5460682000,1.4067510000,-0.7463109000,-0.0053794590,0.4504227000,-0.0104514800,0.8927380000,-0.5460682000,1.4067510000,-0.7463109000,-0.0053794590,0.4504227000,-0.0104514800,0.8927380000,-0.5460682000,1.4067510000,-0.7463109000,-0.0053794590,0.4504227000,-0.0104514800,0.8927380000,
265.7906000000,268263,-0.5459521000,1.4067680000,-0.7464745000,-0.0056008650,0.4502720000,-0.0109237200,0.8928071000,-0.5459521000,1.4067680000,-0.7464745000,-0.0056008650,0.4502720000,-0.0109237200,0.8928071000,-0.5459521000,1.4067680000,-0.7464745000,-0.0056008650,0.4502720000,-0.0109237200,0.8928071000,
265.8023000000,268274,-0.5459304000,1.4067200000,-0.7464895000,-0.0053181880,0.4499043000,-0.0115610700,0.8929861000,-0.5459304000,1.4067200000,-0.7464895000,-0.0053181880,0.4499043000,-0.0115610700,0.8929861000,-0.5459304000,1.4067200000,-0.7464895000,-0.0053181880,0.4499043000,-0.0115610700,0.8929861000,
265.8128000000,268286,-0.5459173000,1.4066540000,-0.7465444000,-0.0050249340,0.4491131000,-0.0121396900,0.8933783000,-0.5459173000,1.4066540000,-0.7465444000,-0.0050249340,0.4491131000,-0.0121396900,0.8933783000,-0.5459173000,1.4066540000,-0.7465444000,-0.0050249340,0.4491131000,-0.0121396900,0.8933783000,
265.8238000000,268296,-0.5460589000,1.4065790000,-0.7464118000,-0.0044807640,0.4475923000,-0.0126487700,0.8941371000,-0.5460589000,1.4065790000,-0.7464118000,-0.0044807640,0.4475923000,-0.0126487700,0.8941371000,-0.5460589000,1.4065790000,-0.7464118000,-0.0044807640,0.4475923000,-0.0126487700,0.8941371000,
265.8354000000,268308,-0.5461996000,1.4065500000,-0.7462156000,-0.0039899700,0.4455090000,-0.0130021100,0.8951741000,-0.5461996000,1.4065500000,-0.7462156000,-0.0039899700,0.4455090000,-0.0130021100,0.8951741000,-0.5461996000,1.4065500000,-0.7462156000,-0.0039899700,0.4455090000,-0.0130021100,0.8951741000,
265.8460000000,268319,-0.5464931000,1.4065860000,-0.7458692000,-0.0035682310,0.4429721000,-0.0132698900,0.8964301000,-0.5464931000,1.4065860000,-0.7458692000,-0.0035682310,0.4429721000,-0.0132698900,0.8964301000,-0.5464931000,1.4065860000,-0.7458692000,-0.0035682310,0.4429721000,-0.0132698900,0.8964301000,
265.8575000000,268331,-0.5469377000,1.4066260000,-0.7453229000,-0.0028801460,0.4391339000,-0.0134558800,0.8983163000,-0.5469377000,1.4066260000,-0.7453229000,-0.0028801460,0.4391339000,-0.0134558800,0.8983163000,-0.5469377000,1.4066260000,-0.7453229000,-0.0028801460,0.4391339000,-0.0134558800,0.8983163000,
265.8687000000,268341,-0.5474567000,1.4066070000,-0.7446840000,-0.0020059080,0.4346689000,-0.0138643000,0.9004813000,-0.5474567000,1.4066070000,-0.7446840000,-0.0020059080,0.4346689000,-0.0138643000,0.9004813000,-0.5474567000,1.4066070000,-0.7446840000,-0.0020059080,0.4346689000,-0.0138643000,0.9004813000,
265.8801000000,268352,-0.5482514000,1.4064990000,-0.7438514000,-0.0006409059,0.4287566000,-0.0145719100,0.9033023000,-0.5482514000,1.4064990000,-0.7438514000,-0.0006409059,0.4287566000,-0.0145719100,0.9033023000,-0.5482514000,1.4064990000,-0.7438514000,-0.0006409059,0.4287566000,-0.0145719100,0.9033023000,
265.8910000000,268364,-0.5491383000,1.4062690000,-0.7428374000,0.0010209800,0.4216379000,-0.0156042000,0.9066294000,-0.5491383000,1.4062690000,-0.7428374000,0.0010209800,0.4216379000,-0.0156042000,0.9066294000,-0.5491383000,1.4062690000,-0.7428374000,0.0010209800,0.4216379000,-0.0156042000,0.9066294000,
265.9022000000,268375,-0.5501575000,1.4060560000,-0.7418137000,0.0025436230,0.4143426000,-0.0166406400,0.9099653000,-0.5501575000,1.4060560000,-0.7418137000,0.0025436230,0.4143426000,-0.0166406400,0.9099653000,-0.5501575000,1.4060560000,-0.7418137000,0.0025436230,0.4143426000,-0.0166406400,0.9099653000,
265.9136000000,268386,-0.5514324000,1.4058490000,-0.7404699000,0.0039773430,0.4050318000,-0.0178909200,0.9141189000,-0.5514324000,1.4058490000,-0.7404699000,0.0039773430,0.4050318000,-0.0178909200,0.9141189000,-0.5514324000,1.4058490000,-0.7404699000,0.0039773430,0.4050318000,-0.0178909200,0.9141189000,
265.9246000000,268397,-0.5528798000,1.4057660000,-0.7390637000,0.0046670830,0.3947327000,-0.0191198100,0.9185852000,-0.5528798000,1.4057660000,-0.7390637000,0.0046670830,0.3947327000,-0.0191198100,0.9185852000,-0.5528798000,1.4057660000,-0.7390637000,0.0046670830,0.3947327000,-0.0191198100,0.9185852000,
265.9359000000,268408,-0.5543478000,1.4058370000,-0.7376306000,0.0046243080,0.3841595000,-0.0203260300,0.9230314000,-0.5543478000,1.4058370000,-0.7376306000,0.0046243080,0.3841595000,-0.0203260300,0.9230314000,-0.5543478000,1.4058370000,-0.7376306000,0.0046243080,0.3841595000,-0.0203260300,0.9230314000,
265.9474000000,268420,-0.5560129000,1.4060110000,-0.7360539000,0.0037689690,0.3725764000,-0.0216172800,0.9277421000,-0.5560129000,1.4060110000,-0.7360539000,0.0037689690,0.3725764000,-0.0216172800,0.9277421000,-0.5560129000,1.4060110000,-0.7360539000,0.0037689690,0.3725764000,-0.0216172800,0.9277421000,
265.9591000000,268432,-0.5577381000,1.4063040000,-0.7344882000,0.0024137700,0.3608215000,-0.0228601300,0.9323516000,-0.5577381000,1.4063040000,-0.7344882000,0.0024137700,0.3608215000,-0.0228601300,0.9323516000,-0.5577381000,1.4063040000,-0.7344882000,0.0024137700,0.3608215000,-0.0228601300,0.9323516000,
265.9697000000,268443,-0.5594835000,1.4066260000,-0.7330217000,0.0009114203,0.3493423000,-0.0241164900,0.9366843000,-0.5594835000,1.4066260000,-0.7330217000,0.0009114203,0.3493423000,-0.0241164900,0.9366843000,-0.5594835000,1.4066260000,-0.7330217000,0.0009114203,0.3493423000,-0.0241164900,0.9366843000,
265.9810000000,268454,-0.5613859000,1.4070090000,-0.7316244000,-0.0008209862,0.3378408000,-0.0251083700,0.9408680000,-0.5613859000,1.4070090000,-0.7316244000,-0.0008209862,0.3378408000,-0.0251083700,0.9408680000,-0.5613859000,1.4070090000,-0.7316244000,-0.0008209862,0.3378408000,-0.0251083700,0.9408680000,
265.9914000000,268465,-0.5632844000,1.4073490000,-0.7302759000,-0.0022001730,0.3267746000,-0.0259940800,0.9447422000,-0.5632844000,1.4073490000,-0.7302759000,-0.0022001730,0.3267746000,-0.0259940800,0.9447422000,-0.5632844000,1.4073490000,-0.7302759000,-0.0022001730,0.3267746000,-0.0259940800,0.9447422000,
266.0028000000,268475,-0.5653121000,1.4076850000,-0.7290463000,-0.0035777290,0.3161049000,-0.0265944400,0.9483447000,-0.5653121000,1.4076850000,-0.7290463000,-0.0035777290,0.3161049000,-0.0265944400,0.9483447000,-0.5653121000,1.4076850000,-0.7290463000,-0.0035777290,0.3161049000,-0.0265944400,0.9483447000,
266.0139000000,268487,-0.5673757000,1.4079950000,-0.7278943000,-0.0046413090,0.3057130000,-0.0270668100,0.9517276000,-0.5673757000,1.4079950000,-0.7278943000,-0.0046413090,0.3057130000,-0.0270668100,0.9517276000,-0.5673757000,1.4079950000,-0.7278943000,-0.0046413090,0.3057130000,-0.0270668100,0.9517276000,
266.0250000000,268498,-0.5694091000,1.4083080000,-0.7267599000,-0.0053457410,0.2955104000,-0.0273904500,0.9549319000,-0.5694091000,1.4083080000,-0.7267599000,-0.0053457410,0.2955104000,-0.0273904500,0.9549319000,-0.5694091000,1.4083080000,-0.7267599000,-0.0053457410,0.2955104000,-0.0273904500,0.9549319000,
266.0369000000,268509,-0.5714736000,1.4087440000,-0.7257655000,-0.0063697080,0.2857662000,-0.0275064200,0.9578833000,-0.5714736000,1.4087440000,-0.7257655000,-0.0063697080,0.2857662000,-0.0275064200,0.9578833000,-0.5714736000,1.4087440000,-0.7257655000,-0.0063697080,0.2857662000,-0.0275064200,0.9578833000,
266.0490000000,268521,-0.5735736000,1.4094330000,-0.7249904000,-0.0079994010,0.2764824000,-0.0273794100,0.9605956000,-0.5735736000,1.4094330000,-0.7249904000,-0.0079994010,0.2764824000,-0.0273794100,0.9605956000,-0.5735736000,1.4094330000,-0.7249904000,-0.0079994010,0.2764824000,-0.0273794100,0.9605956000,
266.0585000000,268533,-0.5754361000,1.4099300000,-0.7243118000,-0.0099499390,0.2676857000,-0.0272735100,0.9630688000,-0.5754361000,1.4099300000,-0.7243118000,-0.0099499390,0.2676857000,-0.0272735100,0.9630688000,-0.5754361000,1.4099300000,-0.7243118000,-0.0099499390,0.2676857000,-0.0272735100,0.9630688000,
266.0689000000,268542,-0.5773892000,1.4104930000,-0.7236030000,-0.0119621300,0.2595631000,-0.0270689500,0.9652727000,-0.5773892000,1.4104930000,-0.7236030000,-0.0119621300,0.2595631000,-0.0270689500,0.9652727000,-0.5773892000,1.4104930000,-0.7236030000,-0.0119621300,0.2595631000,-0.0270689500,0.9652727000,
266.0796000000,268553,-0.5791602000,1.4110350000,-0.7230492000,-0.0140222600,0.2522030000,-0.0272274100,0.9671896000,-0.5791602000,1.4110350000,-0.7230492000,-0.0140222600,0.2522030000,-0.0272274100,0.9671896000,-0.5791602000,1.4110350000,-0.7230492000,-0.0140222600,0.2522030000,-0.0272274100,0.9671896000,
266.0908000000,268563,-0.5809577000,1.4115200000,-0.7226095000,-0.0158157100,0.2458134000,-0.0273851600,0.9688012000,-0.5809577000,1.4115200000,-0.7226095000,-0.0158157100,0.2458134000,-0.0273851600,0.9688012000,-0.5809577000,1.4115200000,-0.7226095000,-0.0158157100,0.2458134000,-0.0273851600,0.9688012000,
266.1019000000,268574,-0.5825803000,1.4119990000,-0.7222676000,-0.0171250400,0.2400028000,-0.0276421700,0.9702275000,-0.5825803000,1.4119990000,-0.7222676000,-0.0171250400,0.2400028000,-0.0276421700,0.9702275000,-0.5825803000,1.4119990000,-0.7222676000,-0.0171250400,0.2400028000,-0.0276421700,0.9702275000,
266.1129000000,268586,-0.5842619000,1.4124200000,-0.7218795000,-0.0182231000,0.2343663000,-0.0276506900,0.9715842000,-0.5842619000,1.4124200000,-0.7218795000,-0.0182231000,0.2343663000,-0.0276506900,0.9715842000,-0.5842619000,1.4124200000,-0.7218795000,-0.0182231000,0.2343663000,-0.0276506900,0.9715842000,
266.1259000000,268596,-0.5857856000,1.4127890000,-0.7215989000,-0.0188871400,0.2295868000,-0.0272538600,0.9727232000,-0.5857856000,1.4127890000,-0.7215989000,-0.0188871400,0.2295868000,-0.0272538600,0.9727232000,-0.5857856000,1.4127890000,-0.7215989000,-0.0188871400,0.2295868000,-0.0272538600,0.9727232000,
266.1353000000,268610,-0.5873864000,1.4131530000,-0.7212627000,-0.0197720900,0.2243640000,-0.0267420500,0.9739377000,-0.5873864000,1.4131530000,-0.7212627000,-0.0197720900,0.2243640000,-0.0267420500,0.9739377000,-0.5873864000,1.4131530000,-0.7212627000,-0.0197720900,0.2243640000,-0.0267420500,0.9739377000,
266.1463000000,268619,-0.5888674000,1.4134310000,-0.7210932000,-0.0205356900,0.2200034000,-0.0256870400,0.9749447000,-0.5888674000,1.4134310000,-0.7210932000,-0.0205356900,0.2200034000,-0.0256870400,0.9749447000,-0.5888674000,1.4134310000,-0.7210932000,-0.0205356900,0.2200034000,-0.0256870400,0.9749447000,
266.1581000000,268631,-0.5902190000,1.4137260000,-0.7210841000,-0.0211185000,0.2157821000,-0.0245744400,0.9759038000,-0.5902190000,1.4137260000,-0.7210841000,-0.0211185000,0.2157821000,-0.0245744400,0.9759038000,-0.5902190000,1.4137260000,-0.7210841000,-0.0211185000,0.2157821000,-0.0245744400,0.9759038000,
266.1691000000,268642,-0.5916958000,1.4139650000,-0.7209358000,-0.0215688800,0.2116917000,-0.0235188200,0.9768154000,-0.5916958000,1.4139650000,-0.7209358000,-0.0215688800,0.2116917000,-0.0235188200,0.9768154000,-0.5916958000,1.4139650000,-0.7209358000,-0.0215688800,0.2116917000,-0.0235188200,0.9768154000,
266.1799000000,268653,-0.5930564000,1.4140890000,-0.7208846000,-0.0217399400,0.2076365000,-0.0226091100,0.9777031000,-0.5930564000,1.4140890000,-0.7208846000,-0.0217399400,0.2076365000,-0.0226091100,0.9777031000,-0.5930564000,1.4140890000,-0.7208846000,-0.0217399400,0.2076365000,-0.0226091100,0.9777031000,
266.1909000000,268664,-0.5944083000,1.4142650000,-0.7208009000,-0.0219659200,0.2035225000,-0.0217783700,0.9785815000,-0.5944083000,1.4142650000,-0.7208009000,-0.0219659200,0.2035225000,-0.0217783700,0.9785815000,-0.5944083000,1.4142650000,-0.7208009000,-0.0219659200,0.2035225000,-0.0217783700,0.9785815000,
266.2021000000,268675,-0.5955656000,1.4145620000,-0.7205825000,-0.0222212500,0.1995237000,-0.0209906900,0.9794161000,-0.5955656000,1.4145620000,-0.7205825000,-0.0222212500,0.1995237000,-0.0209906900,0.9794161000,-0.5955656000,1.4145620000,-0.7205825000,-0.0222212500,0.1995237000,-0.0209906900,0.9794161000,
266.2135000000,268686,-0.5968857000,1.4148050000,-0.7205040000,-0.0225065100,0.1954373000,-0.0204264500,0.9802452000,-0.5968857000,1.4148050000,-0.7205040000,-0.0225065100,0.1954373000,-0.0204264500,0.9802452000,-0.5968857000,1.4148050000,-0.7205040000,-0.0225065100,0.1954373000,-0.0204264500,0.9802452000,
266.2244000000,268697,-0.5982864000,1.4149670000,-0.7204945000,-0.0230437400,0.1912971000,-0.0197445200,0.9810630000,-0.5982864000,1.4149670000,-0.7204945000,-0.0230437400,0.1912971000,-0.0197445200,0.9810630000,-0.5982864000,1.4149670000,-0.7204945000,-0.0230437400,0.1912971000,-0.0197445200,0.9810630000,
266.2358000000,268709,-0.5996079000,1.4151440000,-0.7204525000,-0.0234541300,0.1873614000,-0.0190543400,0.9818262000,-0.5996079000,1.4151440000,-0.7204525000,-0.0234541300,0.1873614000,-0.0190543400,0.9818262000,-0.5996079000,1.4151440000,-0.7204525000,-0.0234541300,0.1873614000,-0.0190543400,0.9818262000,
266.2465000000,268720,-0.6009245000,1.4151530000,-0.7205932000,-0.0238034400,0.1832962000,-0.0184970900,0.9825954000,-0.6009245000,1.4151530000,-0.7205932000,-0.0238034400,0.1832962000,-0.0184970900,0.9825954000,-0.6009245000,1.4151530000,-0.7205932000,-0.0238034400,0.1832962000,-0.0184970900,0.9825954000,
266.2579000000,268731,-0.6022966000,1.4151030000,-0.7206469000,-0.0238393500,0.1792579000,-0.0180741400,0.9833472000,-0.6022966000,1.4151030000,-0.7206469000,-0.0238393500,0.1792579000,-0.0180741400,0.9833472000,-0.6022966000,1.4151030000,-0.7206469000,-0.0238393500,0.1792579000,-0.0180741400,0.9833472000,
266.2760000000,268742,-0.6036477000,1.4149400000,-0.7205572000,-0.0229443100,0.1753002000,-0.0174867000,0.9840923000,-0.6036477000,1.4149400000,-0.7205572000,-0.0229443100,0.1753002000,-0.0174867000,0.9840923000,-0.6036477000,1.4149400000,-0.7205572000,-0.0229443100,0.1753002000,-0.0174867000,0.9840923000,
266.2863000000,268764,-0.6049275000,1.4149500000,-0.7205536000,-0.0227769700,0.1714469000,-0.0169092500,0.9847849000,-0.6049275000,1.4149500000,-0.7205536000,-0.0227769700,0.1714469000,-0.0169092500,0.9847849000,-0.6049275000,1.4149500000,-0.7205536000,-0.0227769700,0.1714469000,-0.0169092500,0.9847849000,
266.2921000000,268770,-0.6062057000,1.4150100000,-0.7205577000,-0.0226069500,0.1676023000,-0.0163189900,0.9854604000,-0.6062057000,1.4150100000,-0.7205577000,-0.0226069500,0.1676023000,-0.0163189900,0.9854604000,-0.6062057000,1.4150100000,-0.7205577000,-0.0226069500,0.1676023000,-0.0163189900,0.9854604000,
266.2985000000,268770,-0.6075566000,1.4150370000,-0.7206807000,-0.0225287400,0.1638185000,-0.0155560200,0.9861105000,-0.6075566000,1.4150370000,-0.7206807000,-0.0225287400,0.1638185000,-0.0155560200,0.9861105000,-0.6075566000,1.4150370000,-0.7206807000,-0.0225287400,0.1638185000,-0.0155560200,0.9861105000,
266.3094000000,268782,-0.6087990000,1.4151400000,-0.7207606000,-0.0224521700,0.1604104000,-0.0149391800,0.9866819000,-0.6087990000,1.4151400000,-0.7207606000,-0.0224521700,0.1604104000,-0.0149391800,0.9866819000,-0.6087990000,1.4151400000,-0.7207606000,-0.0224521700,0.1604104000,-0.0149391800,0.9866819000,
266.3203000000,268793,-0.6098926000,1.4151870000,-0.7210026000,-0.0221915500,0.1571371000,-0.0142277700,0.9872249000,-0.6098926000,1.4151870000,-0.7210026000,-0.0221915500,0.1571371000,-0.0142277700,0.9872249000,-0.6098926000,1.4151870000,-0.7210026000,-0.0221915500,0.1571371000,-0.0142277700,0.9872249000,
266.3318000000,268804,-0.6110423000,1.4152820000,-0.7211971000,-0.0219257000,0.1542334000,-0.0137343800,0.9876957000,-0.6110423000,1.4152820000,-0.7211971000,-0.0219257000,0.1542334000,-0.0137343800,0.9876957000,-0.6110423000,1.4152820000,-0.7211971000,-0.0219257000,0.1542334000,-0.0137343800,0.9876957000,
266.3427000000,268815,-0.6121447000,1.4152810000,-0.7213788000,-0.0218777400,0.1515192000,-0.0134108600,0.9881212000,-0.6121447000,1.4152810000,-0.7213788000,-0.0218777400,0.1515192000,-0.0134108600,0.9881212000,-0.6121447000,1.4152810000,-0.7213788000,-0.0218777400,0.1515192000,-0.0134108600,0.9881212000,
266.3538000000,268826,-0.6132166000,1.4154020000,-0.7215946000,-0.0218527500,0.1489295000,-0.0130357100,0.9885204000,-0.6132166000,1.4154020000,-0.7215946000,-0.0218527500,0.1489295000,-0.0130357100,0.9885204000,-0.6132166000,1.4154020000,-0.7215946000,-0.0218527500,0.1489295000,-0.0130357100,0.9885204000,
266.3747000000,268848,-0.6141546000,1.4156930000,-0.7220068000,-0.0236638500,0.1471277000,-0.0124691800,0.9887558000,-0.6141546000,1.4156930000,-0.7220068000,-0.0236638500,0.1471277000,-0.0124691800,0.9887558000,-0.6141546000,1.4156930000,-0.7220068000,-0.0236638500,0.1471277000,-0.0124691800,0.9887558000,
266.3964000000,268859,-0.6150804000,1.4161030000,-0.7223485000,-0.0259080200,0.1453186000,-0.0117445700,0.9889759000,-0.6150804000,1.4161030000,-0.7223485000,-0.0259080200,0.1453186000,-0.0117445700,0.9889759000,-0.6150804000,1.4161030000,-0.7223485000,-0.0259080200,0.1453186000,-0.0117445700,0.9889759000,
266.4021000000,268880,-0.6160686000,1.4164600000,-0.7226193000,-0.0274257800,0.1432980000,-0.0110510100,0.9892378000,-0.6160686000,1.4164600000,-0.7226193000,-0.0274257800,0.1432980000,-0.0110510100,0.9892378000,-0.6160686000,1.4164600000,-0.7226193000,-0.0274257800,0.1432980000,-0.0110510100,0.9892378000,
266.4093000000,268880,-0.6190166000,1.4175600000,-0.7234306000,-0.0321180100,0.1371651000,-0.0089453020,0.9899870000,-0.6190166000,1.4175600000,-0.7234306000,-0.0321180100,0.1371651000,-0.0089453020,0.9899870000,-0.6190166000,1.4175600000,-0.7234306000,-0.0321180100,0.1371651000,-0.0089453020,0.9899870000,
266.4204000000,268893,-0.6187580000,1.4177160000,-0.7235620000,-0.0332364600,0.1380533000,-0.0085912860,0.9898297000,-0.6187580000,1.4177160000,-0.7235620000,-0.0332364600,0.1380533000,-0.0085912860,0.9898297000,-0.6187580000,1.4177160000,-0.7235620000,-0.0332364600,0.1380533000,-0.0085912860,0.9898297000,
266.4317000000,268904,-0.6195607000,1.4182640000,-0.7240226000,-0.0356551100,0.1367726000,-0.0075143600,0.9899321000,-0.6195607000,1.4182640000,-0.7240226000,-0.0356551100,0.1367726000,-0.0075143600,0.9899321000,-0.6195607000,1.4182640000,-0.7240226000,-0.0356551100,0.1367726000,-0.0075143600,0.9899321000,
266.4425000000,268915,-0.6202796000,1.4187620000,-0.7244706000,-0.0381991100,0.1358134000,-0.0064093140,0.9899770000,-0.6202796000,1.4187620000,-0.7244706000,-0.0381991100,0.1358134000,-0.0064093140,0.9899770000,-0.6202796000,1.4187620000,-0.7244706000,-0.0381991100,0.1358134000,-0.0064093140,0.9899770000,
266.4537000000,268926,-0.6209857000,1.4192320000,-0.7249544000,-0.0404680000,0.1347355000,-0.0054091940,0.9900401000,-0.6209857000,1.4192320000,-0.7249544000,-0.0404680000,0.1347355000,-0.0054091940,0.9900401000,-0.6209857000,1.4192320000,-0.7249544000,-0.0404680000,0.1347355000,-0.0054091940,0.9900401000,
266.4649000000,268937,-0.6216021000,1.4196800000,-0.7255020000,-0.0425796300,0.1338944000,-0.0046032780,0.9900697000,-0.6216021000,1.4196800000,-0.7255020000,-0.0425796300,0.1338944000,-0.0046032780,0.9900697000,-0.6216021000,1.4196800000,-0.7255020000,-0.0425796300,0.1338944000,-0.0046032780,0.9900697000,
266.4763000000,268949,-0.6222260000,1.4202220000,-0.7261484000,-0.0446065300,0.1329244000,-0.0038762900,0.9901143000,-0.6222260000,1.4202220000,-0.7261484000,-0.0446065300,0.1329244000,-0.0038762900,0.9901143000,-0.6222260000,1.4202220000,-0.7261484000,-0.0446065300,0.1329244000,-0.0038762900,0.9901143000,
266.4893000000,268960,-0.6227884000,1.4206290000,-0.7267220000,-0.0465616000,0.1320720000,-0.0032257710,0.9901407000,-0.6227884000,1.4206290000,-0.7267220000,-0.0465616000,0.1320720000,-0.0032257710,0.9901407000,-0.6227884000,1.4206290000,-0.7267220000,-0.0465616000,0.1320720000,-0.0032257710,0.9901407000,
266.5005000000,268973,-0.6232836000,1.4210240000,-0.7272589000,-0.0483924500,0.1313519000,-0.0026446960,0.9901505000,-0.6232836000,1.4210240000,-0.7272589000,-0.0483924500,0.1313519000,-0.0026446960,0.9901505000,-0.6232836000,1.4210240000,-0.7272589000,-0.0483924500,0.1313519000,-0.0026446960,0.9901505000,
266.5095000000,268984,-0.6238582000,1.4214180000,-0.7277696000,-0.0501557600,0.1306113000,-0.0019548680,0.9901623000,-0.6238582000,1.4214180000,-0.7277696000,-0.0501557600,0.1306113000,-0.0019548680,0.9901623000,-0.6238582000,1.4214180000,-0.7277696000,-0.0501557600,0.1306113000,-0.0019548680,0.9901623000,
266.5202000000,268993,-0.6242769000,1.4217310000,-0.7282736000,-0.0518251400,0.1299339000,-0.0013723390,0.9901664000,-0.6242769000,1.4217310000,-0.7282736000,-0.0518251400,0.1299339000,-0.0013723390,0.9901664000,-0.6242769000,1.4217310000,-0.7282736000,-0.0518251400,0.1299339000,-0.0013723390,0.9901664000,
266.5314000000,269004,-0.6247320000,1.4220970000,-0.7287695000,-0.0534251200,0.1292925000,-0.0006961341,0.9901661000,-0.6247320000,1.4220970000,-0.7287695000,-0.0534251200,0.1292925000,-0.0006961341,0.9901661000,-0.6247320000,1.4220970000,-0.7287695000,-0.0534251200,0.1292925000,-0.0006961341,0.9901661000,
266.5426000000,269015,-0.6251106000,1.4224300000,-0.7291913000,-0.0549616100,0.1287004000,0.0000074692,0.9901593000,-0.6251106000,1.4224300000,-0.7291913000,-0.0549616100,0.1287004000,0.0000074692,0.9901593000,-0.6251106000,1.4224300000,-0.7291913000,-0.0549616100,0.1287004000,0.0000074692,0.9901593000,
266.5538000000,269026,-0.6254454000,1.4227180000,-0.7296839000,-0.0563686200,0.1280492000,0.0006840191,0.9901644000,-0.6254454000,1.4227180000,-0.7296839000,-0.0563686200,0.1280492000,0.0006840191,0.9901644000,-0.6254454000,1.4227180000,-0.7296839000,-0.0563686200,0.1280492000,0.0006840191,0.9901644000,
266.5648000000,269038,-0.6258304000,1.4229980000,-0.7301340000,-0.0578817700,0.1275167000,0.0012832710,0.9901453000,-0.6258304000,1.4229980000,-0.7301340000,-0.0578817700,0.1275167000,0.0012832710,0.9901453000,-0.6258304000,1.4229980000,-0.7301340000,-0.0578817700,0.1275167000,0.0012832710,0.9901453000,
266.5760000000,269048,-0.6261263000,1.4232770000,-0.7305624000,-0.0592600200,0.1267205000,0.0018731590,0.9901650000,-0.6261263000,1.4232770000,-0.7305624000,-0.0592600200,0.1267205000,0.0018731590,0.9901650000,-0.6261263000,1.4232770000,-0.7305624000,-0.0592600200,0.1267205000,0.0018731590,0.9901650000,
266.5872000000,269060,-0.6264560000,1.4235640000,-0.7310359000,-0.0604435300,0.1261178000,0.0024555220,0.9901692000,-0.6264560000,1.4235640000,-0.7310359000,-0.0604435300,0.1261178000,0.0024555220,0.9901692000,-0.6264560000,1.4235640000,-0.7310359000,-0.0604435300,0.1261178000,0.0024555220,0.9901692000,
266.5985000000,269071,-0.6267824000,1.4237820000,-0.7314148000,-0.0614045800,0.1254169000,0.0031321240,0.9901971000,-0.6267824000,1.4237820000,-0.7314148000,-0.0614045800,0.1254169000,0.0031321240,0.9901971000,-0.6267824000,1.4237820000,-0.7314148000,-0.0614045800,0.1254169000,0.0031321240,0.9901971000,
266.6093000000,269082,-0.6271245000,1.4239630000,-0.7317462000,-0.0622117000,0.1247503000,0.0038359960,0.9902285000,-0.6271245000,1.4239630000,-0.7317462000,-0.0622117000,0.1247503000,0.0038359960,0.9902285000,-0.6271245000,1.4239630000,-0.7317462000,-0.0622117000,0.1247503000,0.0038359960,0.9902285000,
266.6205000000,269093,-0.6273525000,1.4240020000,-0.7321281000,-0.0628988100,0.1241002000,0.0045984840,0.9902635000,-0.6273525000,1.4240020000,-0.7321281000,-0.0628988100,0.1241002000,0.0045984840,0.9902635000,-0.6273525000,1.4240020000,-0.7321281000,-0.0628988100,0.1241002000,0.0045984840,0.9902635000,
266.6315000000,269104,-0.6275673000,1.4241180000,-0.7324920000,-0.0634712700,0.1232924000,0.0052530960,0.9903246000,-0.6275673000,1.4241180000,-0.7324920000,-0.0634712700,0.1232924000,0.0052530960,0.9903246000,-0.6275673000,1.4241180000,-0.7324920000,-0.0634712700,0.1232924000,0.0052530960,0.9903246000,
266.6429000000,269115,-0.6278164000,1.4241840000,-0.7327704000,-0.0638844400,0.1226060000,0.0058394240,0.9903799000,-0.6278164000,1.4241840000,-0.7327704000,-0.0638844400,0.1226060000,0.0058394240,0.9903799000,-0.6278164000,1.4241840000,-0.7327704000,-0.0638844400,0.1226060000,0.0058394240,0.9903799000,
266.6536000000,269127,-0.6279912000,1.4242340000,-0.7331059000,-0.0641960200,0.1218284000,0.0062197710,0.9904535000,-0.6279912000,1.4242340000,-0.7331059000,-0.0641960200,0.1218284000,0.0062197710,0.9904535000,-0.6279912000,1.4242340000,-0.7331059000,-0.0641960200,0.1218284000,0.0062197710,0.9904535000,
266.6651000000,269137,-0.6281834000,1.4242300000,-0.7333605000,-0.0642597200,0.1211776000,0.0065833320,0.9905268000,-0.6281834000,1.4242300000,-0.7333605000,-0.0642597200,0.1211776000,0.0065833320,0.9905268000,-0.6281834000,1.4242300000,-0.7333605000,-0.0642597200,0.1211776000,0.0065833320,0.9905268000,
266.6757000000,269149,-0.6283159000,1.4241290000,-0.7336092000,-0.0641105900,0.1203704000,0.0068817990,0.9906329000,-0.6283159000,1.4241290000,-0.7336092000,-0.0641105900,0.1203704000,0.0068817990,0.9906329000,-0.6283159000,1.4241290000,-0.7336092000,-0.0641105900,0.1203704000,0.0068817990,0.9906329000,
266.6869000000,269159,-0.6285143000,1.4240250000,-0.7337878000,-0.0637785300,0.1196539000,0.0071901570,0.9907389000,-0.6285143000,1.4240250000,-0.7337878000,-0.0637785300,0.1196539000,0.0071901570,0.9907389000,-0.6285143000,1.4240250000,-0.7337878000,-0.0637785300,0.1196539000,0.0071901570,0.9907389000,
266.6982000000,269171,-0.6286888000,1.4238320000,-0.7339706000,-0.0632552300,0.1189080000,0.0073761670,0.9908609000,-0.6286888000,1.4238320000,-0.7339706000,-0.0632552300,0.1189080000,0.0073761670,0.9908609000,-0.6286888000,1.4238320000,-0.7339706000,-0.0632552300,0.1189080000,0.0073761670,0.9908609000,
266.7191000000,269182,-0.6287849000,1.4235090000,-0.7340689000,-0.0619436200,0.1178747000,0.0075213770,0.9910661000,-0.6287849000,1.4235090000,-0.7340689000,-0.0619436200,0.1178747000,0.0075213770,0.9910661000,-0.6287849000,1.4235090000,-0.7340689000,-0.0619436200,0.1178747000,0.0075213770,0.9910661000,
266.7253000000,269203,-0.6289504000,1.4233630000,-0.7342129000,-0.0611216600,0.1169057000,0.0077897950,0.9912298000,-0.6289504000,1.4233630000,-0.7342129000,-0.0611216600,0.1169057000,0.0077897950,0.9912298000,-0.6289504000,1.4233630000,-0.7342129000,-0.0611216600,0.1169057000,0.0077897950,0.9912298000,
266.7314000000,269203,-0.6290896000,1.4232030000,-0.7343547000,-0.0603025700,0.1159080000,0.0081070750,0.9913946000,-0.6290896000,1.4232030000,-0.7343547000,-0.0603025700,0.1159080000,0.0081070750,0.9913946000,-0.6290896000,1.4232030000,-0.7343547000,-0.0603025700,0.1159080000,0.0081070750,0.9913946000,
266.7425000000,269215,-0.6292150000,1.4229440000,-0.7344260000,-0.0591690500,0.1147305000,0.0083037070,0.9915982000,-0.6292150000,1.4229440000,-0.7344260000,-0.0591690500,0.1147305000,0.0083037070,0.9915982000,-0.6292150000,1.4229440000,-0.7344260000,-0.0591690500,0.1147305000,0.0083037070,0.9915982000,
266.7552000000,269226,-0.6293318000,1.4226990000,-0.7343907000,-0.0581042800,0.1134972000,0.0085823180,0.9918007000,-0.6293318000,1.4226990000,-0.7343907000,-0.0581042800,0.1134972000,0.0085823180,0.9918007000,-0.6293318000,1.4226990000,-0.7343907000,-0.0581042800,0.1134972000,0.0085823180,0.9918007000,
266.7650000000,269240,-0.6294818000,1.4224930000,-0.7344098000,-0.0569940700,0.1121322000,0.0086861680,0.9920195000,-0.6294818000,1.4224930000,-0.7344098000,-0.0569940700,0.1121322000,0.0086861680,0.9920195000,-0.6294818000,1.4224930000,-0.7344098000,-0.0569940700,0.1121322000,0.0086861680,0.9920195000,
266.7758000000,269249,-0.6295810000,1.4222100000,-0.7344513000,-0.0560139000,0.1107324000,0.0087682220,0.9922318000,-0.6295810000,1.4222100000,-0.7344513000,-0.0560139000,0.1107324000,0.0087682220,0.9922318000,-0.6295810000,1.4222100000,-0.7344513000,-0.0560139000,0.1107324000,0.0087682220,0.9922318000,
266.7870000000,269259,-0.6297300000,1.4219580000,-0.7344370000,-0.0548852200,0.1093578000,0.0086690660,0.9924482000,-0.6297300000,1.4219580000,-0.7344370000,-0.0548852200,0.1093578000,0.0086690660,0.9924482000,-0.6297300000,1.4219580000,-0.7344370000,-0.0548852200,0.1093578000,0.0086690660,0.9924482000,
266.7980000000,269271,-0.6298769000,1.4217270000,-0.7343204000,-0.0538267300,0.1078945000,0.0083086370,0.9926693000,-0.6298769000,1.4217270000,-0.7343204000,-0.0538267300,0.1078945000,0.0083086370,0.9926693000,-0.6298769000,1.4217270000,-0.7343204000,-0.0538267300,0.1078945000,0.0083086370,0.9926693000,
266.8090000000,269282,-0.6300032000,1.4214540000,-0.7342610000,-0.0525926500,0.1066126000,0.0081034100,0.9928757000,-0.6300032000,1.4214540000,-0.7342610000,-0.0525926500,0.1066126000,0.0081034100,0.9928757000,-0.6300032000,1.4214540000,-0.7342610000,-0.0525926500,0.1066126000,0.0081034100,0.9928757000,
266.8200000000,269293,-0.6300924000,1.4211210000,-0.7342465000,-0.0515496700,0.1052543000,0.0077798270,0.9930779000,-0.6300924000,1.4211210000,-0.7342465000,-0.0515496700,0.1052543000,0.0077798270,0.9930779000,-0.6300924000,1.4211210000,-0.7342465000,-0.0515496700,0.1052543000,0.0077798270,0.9930779000,
266.8315000000,269303,-0.6301708000,1.4208970000,-0.7341261000,-0.0503206700,0.1040144000,0.0074307550,0.9932742000,-0.6301708000,1.4208970000,-0.7341261000,-0.0503206700,0.1040144000,0.0074307550,0.9932742000,-0.6301708000,1.4208970000,-0.7341261000,-0.0503206700,0.1040144000,0.0074307550,0.9932742000,
266.8421000000,269315,-0.6302736000,1.4206890000,-0.7340147000,-0.0494424100,0.1029515000,0.0070641790,0.9934317000,-0.6302736000,1.4206890000,-0.7340147000,-0.0494424100,0.1029515000,0.0070641790,0.9934317000,-0.6302736000,1.4206890000,-0.7340147000,-0.0494424100,0.1029515000,0.0070641790,0.9934317000,
266.8538000000,269326,-0.6303878000,1.4205690000,-0.7338490000,-0.0485076400,0.1017642000,0.0068272850,0.9936017000,-0.6303878000,1.4205690000,-0.7338490000,-0.0485076400,0.1017642000,0.0068272850,0.9936017000,-0.6303878000,1.4205690000,-0.7338490000,-0.0485076400,0.1017642000,0.0068272850,0.9936017000,
266.8647000000,269337,-0.6304793000,1.4204090000,-0.7337341000,-0.0477822200,0.1007452000,0.0065722080,0.9937425000,-0.6304793000,1.4204090000,-0.7337341000,-0.0477822200,0.1007452000,0.0065722080,0.9937425000,-0.6304793000,1.4204090000,-0.7337341000,-0.0477822200,0.1007452000,0.0065722080,0.9937425000,
266.8755000000,269348,-0.6304984000,1.4201850000,-0.7335889000,-0.0469102700,0.0998493600,0.0063312910,0.9938760000,-0.6304984000,1.4201850000,-0.7335889000,-0.0469102700,0.0998493600,0.0063312910,0.9938760000,-0.6304984000,1.4201850000,-0.7335889000,-0.0469102700,0.0998493600,0.0063312910,0.9938760000,
266.8868000000,269359,-0.6305599000,1.4199480000,-0.7334406000,-0.0458422800,0.0989550700,0.0061182710,0.9940166000,-0.6305599000,1.4199480000,-0.7334406000,-0.0458422800,0.0989550700,0.0061182710,0.9940166000,-0.6305599000,1.4199480000,-0.7334406000,-0.0458422800,0.0989550700,0.0061182710,0.9940166000,
266.8980000000,269370,-0.6306291000,1.4196820000,-0.7333376000,-0.0445353200,0.0981788400,0.0058022620,0.9941549000,-0.6306291000,1.4196820000,-0.7333376000,-0.0445353200,0.0981788400,0.0058022620,0.9941549000,-0.6306291000,1.4196820000,-0.7333376000,-0.0445353200,0.0981788400,0.0058022620,0.9941549000,
266.9090000000,269381,-0.6306682000,1.4194070000,-0.7332654000,-0.0431616500,0.0974076800,0.0055397910,0.9942928000,-0.6306682000,1.4194070000,-0.7332654000,-0.0431616500,0.0974076800,0.0055397910,0.9942928000,-0.6306682000,1.4194070000,-0.7332654000,-0.0431616500,0.0974076800,0.0055397910,0.9942928000,
266.9198000000,269393,-0.6306691000,1.4191200000,-0.7331226000,-0.0416775200,0.0965420400,0.0053579870,0.9944416000,-0.6306691000,1.4191200000,-0.7331226000,-0.0416775200,0.0965420400,0.0053579870,0.9944416000,-0.6306691000,1.4191200000,-0.7331226000,-0.0416775200,0.0965420400,0.0053579870,0.9944416000,
266.9311000000,269403,-0.6306937000,1.4188540000,-0.7330129000,-0.0403262100,0.0957247500,0.0051362110,0.9945774000,-0.6306937000,1.4188540000,-0.7330129000,-0.0403262100,0.0957247500,0.0051362110,0.9945774000,-0.6306937000,1.4188540000,-0.7330129000,-0.0403262100,0.0957247500,0.0051362110,0.9945774000,
266.9420000000,269415,-0.6307046000,1.4186500000,-0.7328944000,-0.0391986500,0.0948697600,0.0050310420,0.9947050000,-0.6307046000,1.4186500000,-0.7328944000,-0.0391986500,0.0948697600,0.0050310420,0.9947050000,-0.6307046000,1.4186500000,-0.7328944000,-0.0391986500,0.0948697600,0.0050310420,0.9947050000,
266.9534000000,269426,-0.6307142000,1.4184600000,-0.7327192000,-0.0381963400,0.0940091200,0.0048734860,0.9948264000,-0.6307142000,1.4184600000,-0.7327192000,-0.0381963400,0.0940091200,0.0048734860,0.9948264000,-0.6307142000,1.4184600000,-0.7327192000,-0.0381963400,0.0940091200,0.0048734860,0.9948264000,
266.9645000000,269437,-0.6307688000,1.4182620000,-0.7325799000,-0.0372498700,0.0931997400,0.0044536870,0.9949405000,-0.6307688000,1.4182620000,-0.7325799000,-0.0372498700,0.0931997400,0.0044536870,0.9949405000,-0.6307688000,1.4182620000,-0.7325799000,-0.0372498700,0.0931997400,0.0044536870,0.9949405000,
266.9753000000,269448,-0.6308770000,1.4181420000,-0.7323823000,-0.0361802700,0.0923806400,0.0039605010,0.9950584000,-0.6308770000,1.4181420000,-0.7323823000,-0.0361802700,0.0923806400,0.0039605010,0.9950584000,-0.6308770000,1.4181420000,-0.7323823000,-0.0361802700,0.0923806400,0.0039605010,0.9950584000,
266.9867000000,269459,-0.6309681000,1.4179350000,-0.7322447000,-0.0350440400,0.0914230000,0.0030110500,0.9951908000,-0.6309681000,1.4179350000,-0.7322447000,-0.0350440400,0.0914230000,0.0030110500,0.9951908000,-0.6309681000,1.4179350000,-0.7322447000,-0.0350440400,0.0914230000,0.0030110500,0.9951908000,
266.9978000000,269470,-0.6310158000,1.4176530000,-0.7321513000,-0.0337169300,0.0904979500,0.0020883000,0.9953235000,-0.6310158000,1.4176530000,-0.7321513000,-0.0337169300,0.0904979500,0.0020883000,0.9953235000,-0.6310158000,1.4176530000,-0.7321513000,-0.0337169300,0.0904979500,0.0020883000,0.9953235000,
267.0089000000,269481,-0.6310949000,1.4173880000,-0.7320189000,-0.0323078700,0.0896128600,0.0011872940,0.9954518000,-0.6310949000,1.4173880000,-0.7320189000,-0.0323078700,0.0896128600,0.0011872940,0.9954518000,-0.6310949000,1.4173880000,-0.7320189000,-0.0323078700,0.0896128600,0.0011872940,0.9954518000,
267.0198000000,269493,-0.6311817000,1.4171710000,-0.7318912000,-0.0309525300,0.0888180100,0.0003112260,0.9955668000,-0.6311817000,1.4171710000,-0.7318912000,-0.0309525300,0.0888180100,0.0003112260,0.9955668000,-0.6311817000,1.4171710000,-0.7318912000,-0.0309525300,0.0888180100,0.0003112260,0.9955668000,
267.0313000000,269503,-0.6312897000,1.4169700000,-0.7316976000,-0.0294796500,0.0880017200,-0.0003740346,0.9956840000,-0.6312897000,1.4169700000,-0.7316976000,-0.0294796500,0.0880017200,-0.0003740346,0.9956840000,-0.6312897000,1.4169700000,-0.7316976000,-0.0294796500,0.0880017200,-0.0003740346,0.9956840000,
267.0421000000,269515,-0.6313920000,1.4167400000,-0.7316144000,-0.0282372600,0.0872385400,-0.0008857269,0.9957868000,-0.6313920000,1.4167400000,-0.7316144000,-0.0282372600,0.0872385400,-0.0008857269,0.9957868000,-0.6313920000,1.4167400000,-0.7316144000,-0.0282372600,0.0872385400,-0.0008857269,0.9957868000,
267.0536000000,269526,-0.6315169000,1.4164760000,-0.7314813000,-0.0270780600,0.0864856000,-0.0012545560,0.9958843000,-0.6315169000,1.4164760000,-0.7314813000,-0.0270780600,0.0864856000,-0.0012545560,0.9958843000,-0.6315169000,1.4164760000,-0.7314813000,-0.0270780600,0.0864856000,-0.0012545560,0.9958843000,
267.0648000000,269537,-0.6316671000,1.4162520000,-0.7313881000,-0.0258108600,0.0856762800,-0.0014144800,0.9959877000,-0.6316671000,1.4162520000,-0.7313881000,-0.0258108600,0.0856762800,-0.0014144800,0.9959877000,-0.6316671000,1.4162520000,-0.7313881000,-0.0258108600,0.0856762800,-0.0014144800,0.9959877000,
267.0755000000,269548,-0.6317856000,1.4159720000,-0.7312558000,-0.0246998900,0.0848409600,-0.0016421600,0.9960870000,-0.6317856000,1.4159720000,-0.7312558000,-0.0246998900,0.0848409600,-0.0016421600,0.9960870000,-0.6317856000,1.4159720000,-0.7312558000,-0.0246998900,0.0848409600,-0.0016421600,0.9960870000,
267.0866000000,269559,-0.6319182000,1.4157060000,-0.7311902000,-0.0237518500,0.0839714100,-0.0017764530,0.9961835000,-0.6319182000,1.4157060000,-0.7311902000,-0.0237518500,0.0839714100,-0.0017764530,0.9961835000,-0.6319182000,1.4157060000,-0.7311902000,-0.0237518500,0.0839714100,-0.0017764530,0.9961835000,
267.0979000000,269570,-0.6320939000,1.4154440000,-0.7310615000,-0.0228193800,0.0831700300,-0.0019052720,0.9962723000,-0.6320939000,1.4154440000,-0.7310615000,-0.0228193800,0.0831700300,-0.0019052720,0.9962723000,-0.6320939000,1.4154440000,-0.7310615000,-0.0228193800,0.0831700300,-0.0019052720,0.9962723000,
267.1087000000,269581,-0.6322565000,1.4152200000,-0.7309196000,-0.0218025900,0.0822456600,-0.0019637990,0.9963716000,-0.6322565000,1.4152200000,-0.7309196000,-0.0218025900,0.0822456600,-0.0019637990,0.9963716000,-0.6322565000,1.4152200000,-0.7309196000,-0.0218025900,0.0822456600,-0.0019637990,0.9963716000,
267.1198000000,269592,-0.6323891000,1.4150380000,-0.7308190000,-0.0209223500,0.0815170300,-0.0019163780,0.9964505000,-0.6323891000,1.4150380000,-0.7308190000,-0.0209223500,0.0815170300,-0.0019163780,0.9964505000,-0.6323891000,1.4150380000,-0.7308190000,-0.0209223500,0.0815170300,-0.0019163780,0.9964505000,
267.1311000000,269603,-0.6326413000,1.4148780000,-0.7307711000,-0.0200953000,0.0808629000,-0.0020009340,0.9965206000,-0.6326413000,1.4148780000,-0.7307711000,-0.0200953000,0.0808629000,-0.0020009340,0.9965206000,-0.6326413000,1.4148780000,-0.7307711000,-0.0200953000,0.0808629000,-0.0020009340,0.9965206000,
267.1417000000,269615,-0.6328087000,1.4146820000,-0.7307065000,-0.0192002000,0.0801412500,-0.0020468580,0.9965965000,-0.6328087000,1.4146820000,-0.7307065000,-0.0192002000,0.0801412500,-0.0020468580,0.9965965000,-0.6328087000,1.4146820000,-0.7307065000,-0.0192002000,0.0801412500,-0.0020468580,0.9965965000,
267.1531000000,269625,-0.6329563000,1.4144700000,-0.7305462000,-0.0183410400,0.0795266300,-0.0022867780,0.9966614000,-0.6329563000,1.4144700000,-0.7305462000,-0.0183410400,0.0795266300,-0.0022867780,0.9966614000,-0.6329563000,1.4144700000,-0.7305462000,-0.0183410400,0.0795266300,-0.0022867780,0.9966614000,
267.1651000000,269637,-0.6331096000,1.4142490000,-0.7305319000,-0.0175306000,0.0790213300,-0.0025916420,0.9967154000,-0.6331096000,1.4142490000,-0.7305319000,-0.0175306000,0.0790213300,-0.0025916420,0.9967154000,-0.6331096000,1.4142490000,-0.7305319000,-0.0175306000,0.0790213300,-0.0025916420,0.9967154000,
267.1754000000,269649,-0.6333642000,1.4139810000,-0.7305372000,-0.0166601900,0.0786150800,-0.0028980540,0.9967616000,-0.6333642000,1.4139810000,-0.7305372000,-0.0166601900,0.0786150800,-0.0028980540,0.9967616000,-0.6333642000,1.4139810000,-0.7305372000,-0.0166601900,0.0786150800,-0.0028980540,0.9967616000,
267.1865000000,269659,-0.6335483000,1.4137710000,-0.7304914000,-0.0157708800,0.0782402400,-0.0032942500,0.9968044000,-0.6335483000,1.4137710000,-0.7304914000,-0.0157708800,0.0782402400,-0.0032942500,0.9968044000,-0.6335483000,1.4137710000,-0.7304914000,-0.0157708800,0.0782402400,-0.0032942500,0.9968044000,
267.1977000000,269670,-0.6336868000,1.4134920000,-0.7304530000,-0.0151113200,0.0779206700,-0.0034132030,0.9968392000,-0.6336868000,1.4134920000,-0.7304530000,-0.0151113200,0.0779206700,-0.0034132030,0.9968392000,-0.6336868000,1.4134920000,-0.7304530000,-0.0151113200,0.0779206700,-0.0034132030,0.9968392000,
267.2092000000,269681,-0.6339095000,1.4133690000,-0.7304165000,-0.0143468000,0.0777908800,-0.0033760340,0.9968608000,-0.6339095000,1.4133690000,-0.7304165000,-0.0143468000,0.0777908800,-0.0033760340,0.9968608000,-0.6339095000,1.4133690000,-0.7304165000,-0.0143468000,0.0777908800,-0.0033760340,0.9968608000,
267.2202000000,269693,-0.6341078000,1.4131730000,-0.7303309000,-0.0138483100,0.0776749200,-0.0032402460,0.9968773000,-0.6341078000,1.4131730000,-0.7303309000,-0.0138483100,0.0776749200,-0.0032402460,0.9968773000,-0.6341078000,1.4131730000,-0.7303309000,-0.0138483100,0.0776749200,-0.0032402460,0.9968773000,
267.2318000000,269704,-0.6342955000,1.4130550000,-0.7302828000,-0.0132855900,0.0775249000,-0.0031090930,0.9968970000,-0.6342955000,1.4130550000,-0.7302828000,-0.0132855900,0.0775249000,-0.0031090930,0.9968970000,-0.6342955000,1.4130550000,-0.7302828000,-0.0132855900,0.0775249000,-0.0031090930,0.9968970000,
267.2433000000,269715,-0.6345239000,1.4129430000,-0.7301848000,-0.0127847000,0.0774511200,-0.0029500880,0.9969099000,-0.6345239000,1.4129430000,-0.7301848000,-0.0127847000,0.0774511200,-0.0029500880,0.9969099000,-0.6345239000,1.4129430000,-0.7301848000,-0.0127847000,0.0774511200,-0.0029500880,0.9969099000,
267.2547000000,269727,-0.6347392000,1.4128910000,-0.7300532000,-0.0124024700,0.0775082400,-0.0028646720,0.9969105000,-0.6347392000,1.4128910000,-0.7300532000,-0.0124024700,0.0775082400,-0.0028646720,0.9969105000,-0.6347392000,1.4128910000,-0.7300532000,-0.0124024700,0.0775082400,-0.0028646720,0.9969105000,
267.2665000000,269738,-0.6348627000,1.4128790000,-0.7300549000,-0.0121373300,0.0775616800,-0.0027778950,0.9969098000,-0.6348627000,1.4128790000,-0.7300549000,-0.0121373300,0.0775616800,-0.0027778950,0.9969098000,-0.6348627000,1.4128790000,-0.7300549000,-0.0121373300,0.0775616800,-0.0027778950,0.9969098000,
267.2778000000,269750,-0.6350131000,1.4128070000,-0.7300158000,-0.0119088000,0.0778083700,-0.0027386390,0.9968935000,-0.6350131000,1.4128070000,-0.7300158000,-0.0119088000,0.0778083700,-0.0027386390,0.9968935000,-0.6350131000,1.4128070000,-0.7300158000,-0.0119088000,0.0778083700,-0.0027386390,0.9968935000,
267.2892000000,269761,-0.6351197000,1.4128040000,-0.7299886000,-0.0116145900,0.0781624800,-0.0025567520,0.9968697000,-0.6351197000,1.4128040000,-0.7299886000,-0.0116145900,0.0781624800,-0.0025567520,0.9968697000,-0.6351197000,1.4128040000,-0.7299886000,-0.0116145900,0.0781624800,-0.0025567520,0.9968697000,
267.3008000000,269773,-0.6352100000,1.4127450000,-0.7299490000,-0.0114105000,0.0784839200,-0.0023161490,0.9968474000,-0.6352100000,1.4127450000,-0.7299490000,-0.0114105000,0.0784839200,-0.0023161490,0.9968474000,-0.6352100000,1.4127450000,-0.7299490000,-0.0114105000,0.0784839200,-0.0023161490,0.9968474000,
267.3134000000,269785,-0.6353221000,1.4127230000,-0.7299168000,-0.0112922100,0.0789536500,-0.0019310860,0.9968125000,-0.6353221000,1.4127230000,-0.7299168000,-0.0112922100,0.0789536500,-0.0019310860,0.9968125000,-0.6353221000,1.4127230000,-0.7299168000,-0.0112922100,0.0789536500,-0.0019310860,0.9968125000,
267.3240000000,269798,-0.6353760000,1.4126500000,-0.7298601000,-0.0112060900,0.0795605900,-0.0015588900,0.9967659000,-0.6353760000,1.4126500000,-0.7298601000,-0.0112060900,0.0795605900,-0.0015588900,0.9967659000,-0.6353760000,1.4126500000,-0.7298601000,-0.0112060900,0.0795605900,-0.0015588900,0.9967659000,
267.3353000000,269808,-0.6353459000,1.4125720000,-0.7298119000,-0.0109413400,0.0803377000,-0.0012066290,0.9967070000,-0.6353459000,1.4125720000,-0.7298119000,-0.0109413400,0.0803377000,-0.0012066290,0.9967070000,-0.6353459000,1.4125720000,-0.7298119000,-0.0109413400,0.0803377000,-0.0012066290,0.9967070000,
267.3468000000,269819,-0.6353137000,1.4124860000,-0.7297730000,-0.0106444600,0.0812559700,-0.0007297646,0.9966362000,-0.6353137000,1.4124860000,-0.7297730000,-0.0106444600,0.0812559700,-0.0007297646,0.9966362000,-0.6353137000,1.4124860000,-0.7297730000,-0.0106444600,0.0812559700,-0.0007297646,0.9966362000,
267.3579000000,269831,-0.6352479000,1.4124000000,-0.7297497000,-0.0104002500,0.0824166700,-0.0003254542,0.9965436000,-0.6352479000,1.4124000000,-0.7297497000,-0.0104002500,0.0824166700,-0.0003254542,0.9965436000,-0.6352479000,1.4124000000,-0.7297497000,-0.0104002500,0.0824166700,-0.0003254542,0.9965436000,
267.3703000000,269842,-0.6351976000,1.4123410000,-0.7296927000,-0.0100130100,0.0836477400,0.0001772943,0.9964451000,-0.6351976000,1.4123410000,-0.7296927000,-0.0100130100,0.0836477400,0.0001772943,0.9964451000,-0.6351976000,1.4123410000,-0.7296927000,-0.0100130100,0.0836477400,0.0001772943,0.9964451000,
267.3811000000,269854,-0.6350629000,1.4121780000,-0.7296078000,-0.0096120200,0.0849943800,0.0007027391,0.9963349000,-0.6350629000,1.4121780000,-0.7296078000,-0.0096120200,0.0849943800,0.0007027391,0.9963349000,-0.6350629000,1.4121780000,-0.7296078000,-0.0096120200,0.0849943800,0.0007027391,0.9963349000,
267.3916000000,269865,-0.6348865000,1.4120650000,-0.7295418000,-0.0091421090,0.0862579700,0.0012157450,0.9962302000,-0.6348865000,1.4120650000,-0.7295418000,-0.0091421090,0.0862579700,0.0012157450,0.9962302000,-0.6348865000,1.4120650000,-0.7295418000,-0.0091421090,0.0862579700,0.0012157450,0.9962302000,
267.4030000000,269875,-0.6346946000,1.4118980000,-0.7294676000,-0.0085263760,0.0874541200,0.0016045520,0.9961308000,-0.6346946000,1.4118980000,-0.7294676000,-0.0085263760,0.0874541200,0.0016045520,0.9961308000,-0.6346946000,1.4118980000,-0.7294676000,-0.0085263760,0.0874541200,0.0016045520,0.9961308000,
267.4136000000,269887,-0.6345170000,1.4117060000,-0.7293808000,-0.0077719090,0.0886497900,0.0019363870,0.9960307000,-0.6345170000,1.4117060000,-0.7293808000,-0.0077719090,0.0886497900,0.0019363870,0.9960307000,-0.6345170000,1.4117060000,-0.7293808000,-0.0077719090,0.0886497900,0.0019363870,0.9960307000,
267.4246000000,269898,-0.6342738000,1.4115380000,-0.7292957000,-0.0069339090,0.0899349500,0.0020929750,0.9959213000,-0.6342738000,1.4115380000,-0.7292957000,-0.0069339090,0.0899349500,0.0020929750,0.9959213000,-0.6342738000,1.4115380000,-0.7292957000,-0.0069339090,0.0899349500,0.0020929750,0.9959213000,
267.4362000000,269909,-0.6340466000,1.4113820000,-0.7291005000,-0.0060801130,0.0911552500,0.0021148970,0.9958159000,-0.6340466000,1.4113820000,-0.7291005000,-0.0060801130,0.0911552500,0.0021148970,0.9958159000,-0.6340466000,1.4113820000,-0.7291005000,-0.0060801130,0.0911552500,0.0021148970,0.9958159000,
267.4469000000,269920,-0.6337340000,1.4112340000,-0.7290103000,-0.0049762510,0.0923583300,0.0022031310,0.9957110000,-0.6337340000,1.4112340000,-0.7290103000,-0.0049762510,0.0923583300,0.0022031310,0.9957110000,-0.6337340000,1.4112340000,-0.7290103000,-0.0049762510,0.0923583300,0.0022031310,0.9957110000,
267.4583000000,269931,-0.6334519000,1.4110140000,-0.7288964000,-0.0039659420,0.0936422300,0.0020750530,0.9955959000,-0.6334519000,1.4110140000,-0.7288964000,-0.0039659420,0.0936422300,0.0020750530,0.9955959000,-0.6334519000,1.4110140000,-0.7288964000,-0.0039659420,0.0936422300,0.0020750530,0.9955959000,
267.4641000000,269942,-0.6331277000,1.4108150000,-0.7288215000,-0.0028559880,0.0949549400,0.0020333920,0.9954754000,-0.6331277000,1.4108150000,-0.7288215000,-0.0028559880,0.0949549400,0.0020333920,0.9954754000,-0.6331277000,1.4108150000,-0.7288215000,-0.0028559880,0.0949549400,0.0020333920,0.9954754000,
267.4754000000,269942,-0.6327572000,1.4106390000,-0.7287652000,-0.0013821540,0.0963606800,0.0017983920,0.9953439000,-0.6327572000,1.4106390000,-0.7287652000,-0.0013821540,0.0963606800,0.0017983920,0.9953439000,-0.6327572000,1.4106390000,-0.7287652000,-0.0013821540,0.0963606800,0.0017983920,0.9953439000,
267.4865000000,269959,-0.6323764000,1.4103930000,-0.7287364000,0.0000963882,0.0976623300,0.0015182880,0.9952185000,-0.6323764000,1.4103930000,-0.7287364000,0.0000963882,0.0976623300,0.0015182880,0.9952185000,-0.6323764000,1.4103930000,-0.7287364000,0.0000963882,0.0976623300,0.0015182880,0.9952185000,
267.4973000000,269970,-0.6319602000,1.4100970000,-0.7286174000,0.0015320620,0.0990484700,0.0012359030,0.9950807000,-0.6319602000,1.4100970000,-0.7286174000,0.0015320620,0.0990484700,0.0012359030,0.9950807000,-0.6319602000,1.4100970000,-0.7286174000,0.0015320620,0.0990484700,0.0012359030,0.9950807000,
267.5086000000,269981,-0.6316006000,1.4097980000,-0.7285280000,0.0028706670,0.1001919000,0.0008724114,0.9949636000,-0.6316006000,1.4097980000,-0.7285280000,0.0028706670,0.1001919000,0.0008724114,0.9949636000,-0.6316006000,1.4097980000,-0.7285280000,0.0028706670,0.1001919000,0.0008724114,0.9949636000,
267.5196000000,269992,-0.6311922000,1.4094880000,-0.7284222000,0.0041788110,0.1013581000,0.0003341243,0.9948412000,-0.6311922000,1.4094880000,-0.7284222000,0.0041788110,0.1013581000,0.0003341243,0.9948412000,-0.6311922000,1.4094880000,-0.7284222000,0.0041788110,0.1013581000,0.0003341243,0.9948412000,
267.5309000000,270003,-0.6307280000,1.4091240000,-0.7282658000,0.0052039690,0.1025073000,-0.0002736932,0.9947186000,-0.6307280000,1.4091240000,-0.7282658000,0.0052039690,0.1025073000,-0.0002736932,0.9947186000,-0.6307280000,1.4091240000,-0.7282658000,0.0052039690,0.1025073000,-0.0002736932,0.9947186000,
267.5418000000,270015,-0.6302619000,1.4088260000,-0.7281432000,0.0061987900,0.1035654000,-0.0007848043,0.9946030000,-0.6302619000,1.4088260000,-0.7281432000,0.0061987900,0.1035654000,-0.0007848043,0.9946030000,-0.6302619000,1.4088260000,-0.7281432000,0.0061987900,0.1035654000,-0.0007848043,0.9946030000,
267.5530000000,270025,-0.6297936000,1.4085660000,-0.7280014000,0.0070555370,0.1048185000,-0.0013539300,0.9944655000,-0.6297936000,1.4085660000,-0.7280014000,0.0070555370,0.1048185000,-0.0013539300,0.9944655000,-0.6297936000,1.4085660000,-0.7280014000,0.0070555370,0.1048185000,-0.0013539300,0.9944655000,
267.5644000000,270036,-0.6293416000,1.4083370000,-0.7278192000,0.0079873250,0.1061149000,-0.0019825050,0.9943199000,-0.6293416000,1.4083370000,-0.7278192000,0.0079873250,0.1061149000,-0.0019825050,0.9943199000,-0.6293416000,1.4083370000,-0.7278192000,0.0079873250,0.1061149000,-0.0019825050,0.9943199000,
267.5753000000,270048,-0.6288683000,1.4081170000,-0.7276025000,0.0089460150,0.1074664000,-0.0025113100,0.9941654000,-0.6288683000,1.4081170000,-0.7276025000,0.0089460150,0.1074664000,-0.0025113100,0.9941654000,-0.6288683000,1.4081170000,-0.7276025000,0.0089460150,0.1074664000,-0.0025113100,0.9941654000,
267.5864000000,270059,-0.6284192000,1.4078790000,-0.7274244000,0.0099004440,0.1088334000,-0.0029933390,0.9940062000,-0.6284192000,1.4078790000,-0.7274244000,0.0099004440,0.1088334000,-0.0029933390,0.9940062000,-0.6284192000,1.4078790000,-0.7274244000,0.0099004440,0.1088334000,-0.0029933390,0.9940062000,
267.5976000000,270070,-0.6279535000,1.4076770000,-0.7272301000,0.0110565700,0.1100706000,-0.0032850410,0.9938568000,-0.6279535000,1.4076770000,-0.7272301000,0.0110565700,0.1100706000,-0.0032850410,0.9938568000,-0.6279535000,1.4076770000,-0.7272301000,0.0110565700,0.1100706000,-0.0032850410,0.9938568000,
267.6086000000,270081,-0.6275721000,1.4074930000,-0.7270112000,0.0121104400,0.1111682000,-0.0034776800,0.9937217000,-0.6275721000,1.4074930000,-0.7270112000,0.0121104400,0.1111682000,-0.0034776800,0.9937217000,-0.6275721000,1.4074930000,-0.7270112000,0.0121104400,0.1111682000,-0.0034776800,0.9937217000,
267.6195000000,270092,-0.6271515000,1.4072600000,-0.7267804000,0.0132639700,0.1120656000,-0.0036904390,0.9936054000,-0.6271515000,1.4072600000,-0.7267804000,0.0132639700,0.1120656000,-0.0036904390,0.9936054000,-0.6271515000,1.4072600000,-0.7267804000,0.0132639700,0.1120656000,-0.0036904390,0.9936054000,
267.6307000000,270103,-0.6266961000,1.4070720000,-0.7264762000,0.0145458200,0.1127413000,-0.0037298050,0.9935109000,-0.6266961000,1.4070720000,-0.7264762000,0.0145458200,0.1127413000,-0.0037298050,0.9935109000,-0.6266961000,1.4070720000,-0.7264762000,0.0145458200,0.1127413000,-0.0037298050,0.9935109000,
267.6418000000,270114,-0.6263127000,1.4068570000,-0.7261987000,0.0158091500,0.1132345000,-0.0037190210,0.9934356000,-0.6263127000,1.4068570000,-0.7261987000,0.0158091500,0.1132345000,-0.0037190210,0.9934356000,-0.6263127000,1.4068570000,-0.7261987000,0.0158091500,0.1132345000,-0.0037190210,0.9934356000,
267.6529000000,270125,-0.6259675000,1.4066460000,-0.7258573000,0.0171264800,0.1135446000,-0.0036314140,0.9933786000,-0.6259675000,1.4066460000,-0.7258573000,0.0171264800,0.1135446000,-0.0036314140,0.9933786000,-0.6259675000,1.4066460000,-0.7258573000,0.0171264800,0.1135446000,-0.0036314140,0.9933786000,
267.6641000000,270136,-0.6256912000,1.4064850000,-0.7255378000,0.0184114400,0.1136141000,-0.0036248210,0.9933478000,-0.6256912000,1.4064850000,-0.7255378000,0.0184114400,0.1136141000,-0.0036248210,0.9933478000,-0.6256912000,1.4064850000,-0.7255378000,0.0184114400,0.1136141000,-0.0036248210,0.9933478000,
267.6753000000,270148,-0.6254790000,1.4062260000,-0.7253017000,0.0197413000,0.1134872000,-0.0036824020,0.9933365000,-0.6254790000,1.4062260000,-0.7253017000,0.0197413000,0.1134872000,-0.0036824020,0.9933365000,-0.6254790000,1.4062260000,-0.7253017000,0.0197413000,0.1134872000,-0.0036824020,0.9933365000,
267.6864000000,270159,-0.6252940000,1.4059380000,-0.7250721000,0.0210248600,0.1133095000,-0.0038777300,0.9933297000,-0.6252940000,1.4059380000,-0.7250721000,0.0210248600,0.1133095000,-0.0038777300,0.9933297000,-0.6252940000,1.4059380000,-0.7250721000,0.0210248600,0.1133095000,-0.0038777300,0.9933297000,
267.6974000000,270170,-0.6251225000,1.4056190000,-0.7247410000,0.0224082600,0.1130378000,-0.0043065180,0.9933286000,-0.6251225000,1.4056190000,-0.7247410000,0.0224082600,0.1130378000,-0.0043065180,0.9933286000,-0.6251225000,1.4056190000,-0.7247410000,0.0224082600,0.1130378000,-0.0043065180,0.9933286000,
267.7086000000,270181,-0.6249986000,1.4052840000,-0.7245226000,0.0236648500,0.1125408000,-0.0047671520,0.9933538000,-0.6249986000,1.4052840000,-0.7245226000,0.0236648500,0.1125408000,-0.0047671520,0.9933538000,-0.6249986000,1.4052840000,-0.7245226000,0.0236648500,0.1125408000,-0.0047671520,0.9933538000,
267.7196000000,270192,-0.6248617000,1.4049650000,-0.7242851000,0.0249849900,0.1121733000,-0.0053992710,0.9933599000,-0.6248617000,1.4049650000,-0.7242851000,0.0249849900,0.1121733000,-0.0053992710,0.9933599000,-0.6248617000,1.4049650000,-0.7242851000,0.0249849900,0.1121733000,-0.0053992710,0.9933599000,
267.7310000000,270203,-0.6248589000,1.4046740000,-0.7240739000,0.0262973200,0.1116359000,-0.0059803180,0.9933832000,-0.6248589000,1.4046740000,-0.7240739000,0.0262973200,0.1116359000,-0.0059803180,0.9933832000,-0.6248589000,1.4046740000,-0.7240739000,0.0262973200,0.1116359000,-0.0059803180,0.9933832000,
267.7416000000,270215,-0.6247683000,1.4043470000,-0.7238369000,0.0274602000,0.1108326000,-0.0063317260,0.9934395000,-0.6247683000,1.4043470000,-0.7238369000,0.0274602000,0.1108326000,-0.0063317260,0.9934395000,-0.6247683000,1.4043470000,-0.7238369000,0.0274602000,0.1108326000,-0.0063317260,0.9934395000,
267.7529000000,270225,-0.6247594000,1.4040830000,-0.7235637000,0.0285271700,0.1101460000,-0.0065630000,0.9934843000,-0.6247594000,1.4040830000,-0.7235637000,0.0285271700,0.1101460000,-0.0065630000,0.9934843000,-0.6247594000,1.4040830000,-0.7235637000,0.0285271700,0.1101460000,-0.0065630000,0.9934843000,
267.7646000000,270236,-0.6247389000,1.4038590000,-0.7233405000,0.0293876200,0.1092676000,-0.0065084600,0.9935566000,-0.6247389000,1.4038590000,-0.7233405000,0.0293876200,0.1092676000,-0.0065084600,0.9935566000,-0.6247389000,1.4038590000,-0.7233405000,0.0293876200,0.1092676000,-0.0065084600,0.9935566000,
267.7751000000,270248,-0.6247683000,1.4036440000,-0.7231226000,0.0301821700,0.1084117000,-0.0065139250,0.9936265000,-0.6247683000,1.4036440000,-0.7231226000,0.0301821700,0.1084117000,-0.0065139250,0.9936265000,-0.6247683000,1.4036440000,-0.7231226000,0.0301821700,0.1084117000,-0.0065139250,0.9936265000,
267.7865000000,270259,-0.6248298000,1.4035090000,-0.7228696000,0.0308300200,0.1073651000,-0.0062340470,0.9937220000,-0.6248298000,1.4035090000,-0.7228696000,0.0308300200,0.1073651000,-0.0062340470,0.9937220000,-0.6248298000,1.4035090000,-0.7228696000,0.0308300200,0.1073651000,-0.0062340470,0.9937220000,
267.7976000000,270270,-0.6249416000,1.4034450000,-0.7226090000,0.0313306200,0.1063847000,-0.0060089480,0.9938132000,-0.6249416000,1.4034450000,-0.7226090000,0.0313306200,0.1063847000,-0.0060089480,0.9938132000,-0.6249416000,1.4034450000,-0.7226090000,0.0313306200,0.1063847000,-0.0060089480,0.9938132000,
267.8087000000,270281,-0.6250153000,1.4033590000,-0.7224212000,0.0318045500,0.1055314000,-0.0057633460,0.9938905000,-0.6250153000,1.4033590000,-0.7224212000,0.0318045500,0.1055314000,-0.0057633460,0.9938905000,-0.6250153000,1.4033590000,-0.7224212000,0.0318045500,0.1055314000,-0.0057633460,0.9938905000,
267.8199000000,270292,-0.6251328000,1.4033150000,-0.7221844000,0.0320829000,0.1046487000,-0.0055208030,0.9939763000,-0.6251328000,1.4033150000,-0.7221844000,0.0320829000,0.1046487000,-0.0055208030,0.9939763000,-0.6251328000,1.4033150000,-0.7221844000,0.0320829000,0.1046487000,-0.0055208030,0.9939763000,
267.8315000000,270303,-0.6252348000,1.4032930000,-0.7220163000,0.0322816400,0.1039201000,-0.0052304600,0.9940479000,-0.6252348000,1.4032930000,-0.7220163000,0.0322816400,0.1039201000,-0.0052304600,0.9940479000,-0.6252348000,1.4032930000,-0.7220163000,0.0322816400,0.1039201000,-0.0052304600,0.9940479000,
267.8427000000,270315,-0.6253929000,1.4032570000,-0.7217922000,0.0325828500,0.1032617000,-0.0049862580,0.9941080000,-0.6253929000,1.4032570000,-0.7217922000,0.0325828500,0.1032617000,-0.0049862580,0.9941080000,-0.6253929000,1.4032570000,-0.7217922000,0.0325828500,0.1032617000,-0.0049862580,0.9941080000,
267.8542000000,270326,-0.6255426000,1.4032320000,-0.7216909000,0.0326688800,0.1025620000,-0.0049099030,0.9941779000,-0.6255426000,1.4032320000,-0.7216909000,0.0326688800,0.1025620000,-0.0049099030,0.9941779000,-0.6255426000,1.4032320000,-0.7216909000,0.0326688800,0.1025620000,-0.0049099030,0.9941779000,
267.8658000000,270338,-0.6257207000,1.4032390000,-0.7216127000,0.0329395000,0.1019209000,-0.0047118040,0.9942359000,-0.6257207000,1.4032390000,-0.7216127000,0.0329395000,0.1019209000,-0.0047118040,0.9942359000,-0.6257207000,1.4032390000,-0.7216127000,0.0329395000,0.1019209000,-0.0047118040,0.9942359000,
267.8768000000,270350,-0.6259167000,1.4031720000,-0.7214437000,0.0331981500,0.1012814000,-0.0046544200,0.9942929000,-0.6259167000,1.4031720000,-0.7214437000,0.0331981500,0.1012814000,-0.0046544200,0.9942929000,-0.6259167000,1.4031720000,-0.7214437000,0.0331981500,0.1012814000,-0.0046544200,0.9942929000,
267.8881000000,270360,-0.6260536000,1.4031670000,-0.7212875000,0.0335337900,0.1006499000,-0.0044660510,0.9943466000,-0.6260536000,1.4031670000,-0.7212875000,0.0335337900,0.1006499000,-0.0044660510,0.9943466000,-0.6260536000,1.4031670000,-0.7212875000,0.0335337900,0.1006499000,-0.0044660510,0.9943466000,
267.8995000000,270372,-0.6262217000,1.4030820000,-0.7211888000,0.0336718600,0.0999810400,-0.0042438900,0.9944104000,-0.6262217000,1.4030820000,-0.7211888000,0.0336718600,0.0999810400,-0.0042438900,0.9944104000,-0.6262217000,1.4030820000,-0.7211888000,0.0336718600,0.0999810400,-0.0042438900,0.9944104000,
267.9108000000,270383,-0.6264362000,1.4031100000,-0.7211273000,0.0339241900,0.0994577900,-0.0039729010,0.9944554000,-0.6264362000,1.4031100000,-0.7211273000,0.0339241900,0.0994577900,-0.0039729010,0.9944554000,-0.6264362000,1.4031100000,-0.7211273000,0.0339241900,0.0994577900,-0.0039729010,0.9944554000,
267.9223000000,270395,-0.6266291000,1.4030950000,-0.7210290000,0.0341585600,0.0988594100,-0.0037223920,0.9945080000,-0.6266291000,1.4030950000,-0.7210290000,0.0341585600,0.0988594100,-0.0037223920,0.9945080000,-0.6266291000,1.4030950000,-0.7210290000,0.0341585600,0.0988594100,-0.0037223920,0.9945080000,
267.9337000000,270406,-0.6268024000,1.4030500000,-0.7209394000,0.0343679400,0.0983442100,-0.0035237770,0.9945526000,-0.6268024000,1.4030500000,-0.7209394000,0.0343679400,0.0983442100,-0.0035237770,0.9945526000,-0.6268024000,1.4030500000,-0.7209394000,0.0343679400,0.0983442100,-0.0035237770,0.9945526000,
267.9449000000,270417,-0.6269877000,1.4030120000,-0.7208316000,0.0346409400,0.0980217800,-0.0032686740,0.9945758000,-0.6269877000,1.4030120000,-0.7208316000,0.0346409400,0.0980217800,-0.0032686740,0.9945758000,-0.6269877000,1.4030120000,-0.7208316000,0.0346409400,0.0980217800,-0.0032686740,0.9945758000,
267.9563000000,270429,-0.6271489000,1.4029800000,-0.7208266000,0.0348978600,0.0975847800,-0.0030412690,0.9946105000,-0.6271489000,1.4029800000,-0.7208266000,0.0348978600,0.0975847800,-0.0030412690,0.9946105000,-0.6271489000,1.4029800000,-0.7208266000,0.0348978600,0.0975847800,-0.0030412690,0.9946105000,
267.9677000000,270440,-0.6273391000,1.4029160000,-0.7207768000,0.0352730800,0.0972536700,-0.0028369980,0.9946303000,-0.6273391000,1.4029160000,-0.7207768000,0.0352730800,0.0972536700,-0.0028369980,0.9946303000,-0.6273391000,1.4029160000,-0.7207768000,0.0352730800,0.0972536700,-0.0028369980,0.9946303000,
267.9793000000,270451,-0.6275141000,1.4028820000,-0.7207675000,0.0356525000,0.0969215100,-0.0026869930,0.9946496000,-0.6275141000,1.4028820000,-0.7207675000,0.0356525000,0.0969215100,-0.0026869930,0.9946496000,-0.6275141000,1.4028820000,-0.7207675000,0.0356525000,0.0969215100,-0.0026869930,0.9946496000,
267.9903000000,270463,-0.6276660000,1.4028290000,-0.7206895000,0.0360102700,0.0965462600,-0.0024537320,0.9946738000,-0.6276660000,1.4028290000,-0.7206895000,0.0360102700,0.0965462600,-0.0024537320,0.9946738000,-0.6276660000,1.4028290000,-0.7206895000,0.0360102700,0.0965462600,-0.0024537320,0.9946738000,
268.0018000000,270474,-0.6278329000,1.4027720000,-0.7206671000,0.0363114600,0.0961113300,-0.0021744170,0.9947057000,-0.6278329000,1.4027720000,-0.7206671000,0.0363114600,0.0961113300,-0.0021744170,0.9947057000,-0.6278329000,1.4027720000,-0.7206671000,0.0363114600,0.0961113300,-0.0021744170,0.9947057000,
268.0132000000,270486,-0.6280065000,1.4027320000,-0.7206471000,0.0365190200,0.0957796100,-0.0019170370,0.9947306000,-0.6280065000,1.4027320000,-0.7206471000,0.0365190200,0.0957796100,-0.0019170370,0.9947306000,-0.6280065000,1.4027320000,-0.7206471000,0.0365190200,0.0957796100,-0.0019170370,0.9947306000,
268.0242000000,270497,-0.6281483000,1.4026870000,-0.7206252000,0.0366125200,0.0953841600,-0.0017688480,0.9947655000,-0.6281483000,1.4026870000,-0.7206252000,0.0366125200,0.0953841600,-0.0017688480,0.9947655000,-0.6281483000,1.4026870000,-0.7206252000,0.0366125200,0.0953841600,-0.0017688480,0.9947655000,
268.0360000000,270508,-0.6283042000,1.4026740000,-0.7206044000,0.0367517300,0.0951158600,-0.0016433890,0.9947862000,-0.6283042000,1.4026740000,-0.7206044000,0.0367517300,0.0951158600,-0.0016433890,0.9947862000,-0.6283042000,1.4026740000,-0.7206044000,0.0367517300,0.0951158600,-0.0016433890,0.9947862000,
268.0475000000,270520,-0.6284854000,1.4026480000,-0.7206132000,0.0368378100,0.0948881400,-0.0016149000,0.9948049000,-0.6284854000,1.4026480000,-0.7206132000,0.0368378100,0.0948881400,-0.0016149000,0.9948049000,-0.6284854000,1.4026480000,-0.7206132000,0.0368378100,0.0948881400,-0.0016149000,0.9948049000,
268.0587000000,270532,-0.6285865000,1.4026190000,-0.7206421000,0.0368968000,0.0947195100,-0.0015391090,0.9948189000,-0.6285865000,1.4026190000,-0.7206421000,0.0368968000,0.0947195100,-0.0015391090,0.9948189000,-0.6285865000,1.4026190000,-0.7206421000,0.0368968000,0.0947195100,-0.0015391090,0.9948189000,
268.0694000000,270542,-0.6287076000,1.4025990000,-0.7206588000,0.0369682100,0.0945833100,-0.0015713320,0.9948291000,-0.6287076000,1.4025990000,-0.7206588000,0.0369682100,0.0945833100,-0.0015713320,0.9948291000,-0.6287076000,1.4025990000,-0.7206588000,0.0369682100,0.0945833100,-0.0015713320,0.9948291000,
268.0812000000,270553,-0.6288221000,1.4025690000,-0.7206340000,0.0370612000,0.0945243400,-0.0015934980,0.9948312000,-0.6288221000,1.4025690000,-0.7206340000,0.0370612000,0.0945243400,-0.0015934980,0.9948312000,-0.6288221000,1.4025690000,-0.7206340000,0.0370612000,0.0945243400,-0.0015934980,0.9948312000,
268.0921000000,270565,-0.6289015000,1.4025480000,-0.7206318000,0.0371403100,0.0944386200,-0.0015957850,0.9948364000,-0.6289015000,1.4025480000,-0.7206318000,0.0371403100,0.0944386200,-0.0015957850,0.9948364000,-0.6289015000,1.4025480000,-0.7206318000,0.0371403100,0.0944386200,-0.0015957850,0.9948364000,
268.1035000000,270576,-0.6289182000,1.4025120000,-0.7206593000,0.0372488900,0.0944021100,-0.0016660830,0.9948357000,-0.6289182000,1.4025120000,-0.7206593000,0.0372488900,0.0944021100,-0.0016660830,0.9948357000,-0.6289182000,1.4025120000,-0.7206593000,0.0372488900,0.0944021100,-0.0016660830,0.9948357000,
268.1140000000,270587,-0.6289742000,1.4025080000,-0.7207201000,0.0372093300,0.0944731200,-0.0017235250,0.9948303000,-0.6289742000,1.4025080000,-0.7207201000,0.0372093300,0.0944731200,-0.0017235250,0.9948303000,-0.6289742000,1.4025080000,-0.7207201000,0.0372093300,0.0944731200,-0.0017235250,0.9948303000,
268.1239000000,270598,-0.6290073000,1.4024660000,-0.7207639000,0.0371521900,0.0944634600,-0.0017138260,0.9948334000,-0.6290073000,1.4024660000,-0.7207639000,0.0371521900,0.0944634600,-0.0017138260,0.9948334000,-0.6290073000,1.4024660000,-0.7207639000,0.0371521900,0.0944634600,-0.0017138260,0.9948334000,
268.1349000000,270608,-0.6290607000,1.4024700000,-0.7207675000,0.0371300100,0.0946559700,-0.0017317870,0.9948159000,-0.6290607000,1.4024700000,-0.7207675000,0.0371300100,0.0946559700,-0.0017317870,0.9948159000,-0.6290607000,1.4024700000,-0.7207675000,0.0371300100,0.0946559700,-0.0017317870,0.9948159000,
268.1458000000,270619,-0.6290729000,1.4024660000,-0.7207987000,0.0370956500,0.0947592300,-0.0017716600,0.9948073000,-0.6290729000,1.4024660000,-0.7207987000,0.0370956500,0.0947592300,-0.0017716600,0.9948073000,-0.6290729000,1.4024660000,-0.7207987000,0.0370956500,0.0947592300,-0.0017716600,0.9948073000,
268.1604000000,270630,-0.6290689000,1.4025070000,-0.7208259000,0.0368967700,0.0949615800,-0.0017892750,0.9947953000,-0.6290689000,1.4025070000,-0.7208259000,0.0368967700,0.0949615800,-0.0017892750,0.9947953000,-0.6290689000,1.4025070000,-0.7208259000,0.0368967700,0.0949615800,-0.0017892750,0.9947953000,
268.1687000000,270644,-0.6290772000,1.4025010000,-0.7208660000,0.0367892000,0.0951340400,-0.0017821430,0.9947829000,-0.6290772000,1.4025010000,-0.7208660000,0.0367892000,0.0951340400,-0.0017821430,0.9947829000,-0.6290772000,1.4025010000,-0.7208660000,0.0367892000,0.0951340400,-0.0017821430,0.9947829000,
268.1797000000,270652,-0.6290877000,1.4025700000,-0.7209198000,0.0366089300,0.0953169200,-0.0018078040,0.9947720000,-0.6290877000,1.4025700000,-0.7209198000,0.0366089300,0.0953169200,-0.0018078040,0.9947720000,-0.6290877000,1.4025700000,-0.7209198000,0.0366089300,0.0953169200,-0.0018078040,0.9947720000,
268.1908000000,270664,-0.6291077000,1.4026050000,-0.7209699000,0.0364382200,0.0955741000,-0.0018146960,0.9947535000,-0.6291077000,1.4026050000,-0.7209699000,0.0364382200,0.0955741000,-0.0018146960,0.9947535000,-0.6291077000,1.4026050000,-0.7209699000,0.0364382200,0.0955741000,-0.0018146960,0.9947535000,
268.2020000000,270675,-0.6290896000,1.4026440000,-0.7210369000,0.0361412400,0.0957901000,-0.0018357940,0.9947435000,-0.6290896000,1.4026440000,-0.7210369000,0.0361412400,0.0957901000,-0.0018357940,0.9947435000,-0.6290896000,1.4026440000,-0.7210369000,0.0361412400,0.0957901000,-0.0018357940,0.9947435000,
268.2130000000,270686,-0.6290622000,1.4026910000,-0.7210834000,0.0360265400,0.0959091600,-0.0017999350,0.9947363000,-0.6290622000,1.4026910000,-0.7210834000,0.0360265400,0.0959091600,-0.0017999350,0.9947363000,-0.6290622000,1.4026910000,-0.7210834000,0.0360265400,0.0959091600,-0.0017999350,0.9947363000,
268.2238000000,270697,-0.6290514000,1.4027460000,-0.7211275000,0.0358981000,0.0960903900,-0.0018324870,0.9947234000,-0.6290514000,1.4027460000,-0.7211275000,0.0358981000,0.0960903900,-0.0018324870,0.9947234000,-0.6290514000,1.4027460000,-0.7211275000,0.0358981000,0.0960903900,-0.0018324870,0.9947234000,
268.2379000000,270708,-0.6290147000,1.4027550000,-0.7211590000,0.0356150700,0.0961331300,-0.0018474000,0.9947294000,-0.6290147000,1.4027550000,-0.7211590000,0.0356150700,0.0961331300,-0.0018474000,0.9947294000,-0.6290147000,1.4027550000,-0.7211590000,0.0356150700,0.0961331300,-0.0018474000,0.9947294000,
268.2460000000,270721,-0.6290200000,1.4028050000,-0.7212067000,0.0355008500,0.0962251900,-0.0018595620,0.9947246000,-0.6290200000,1.4028050000,-0.7212067000,0.0355008500,0.0962251900,-0.0018595620,0.9947246000,-0.6290200000,1.4028050000,-0.7212067000,0.0355008500,0.0962251900,-0.0018595620,0.9947246000,
268.2560000000,270730,-0.6289899000,1.4028310000,-0.7212396000,0.0352632100,0.0963284700,-0.0018977870,0.9947230000,-0.6289899000,1.4028310000,-0.7212396000,0.0352632100,0.0963284700,-0.0018977870,0.9947230000,-0.6289899000,1.4028310000,-0.7212396000,0.0352632100,0.0963284700,-0.0018977870,0.9947230000,
268.2672000000,270740,-0.6289167000,1.4028850000,-0.7213211000,0.0351457700,0.0963728700,-0.0019021670,0.9947228000,-0.6289167000,1.4028850000,-0.7213211000,0.0351457700,0.0963728700,-0.0019021670,0.9947228000,-0.6289167000,1.4028850000,-0.7213211000,0.0351457700,0.0963728700,-0.0019021670,0.9947228000,
268.2781000000,270751,-0.6288614000,1.4028980000,-0.7213633000,0.0348457200,0.0964702700,-0.0019246430,0.9947239000,-0.6288614000,1.4028980000,-0.7213633000,0.0348457200,0.0964702700,-0.0019246430,0.9947239000,-0.6288614000,1.4028980000,-0.7213633000,0.0348457200,0.0964702700,-0.0019246430,0.9947239000,
268.2892000000,270762,-0.6287906000,1.4029460000,-0.7214048000,0.0346496500,0.0965269700,-0.0019313170,0.9947252000,-0.6287906000,1.4029460000,-0.7214048000,0.0346496500,0.0965269700,-0.0019313170,0.9947252000,-0.6287906000,1.4029460000,-0.7214048000,0.0346496500,0.0965269700,-0.0019313170,0.9947252000,
268.3029000000,270773,-0.6287596000,1.4030190000,-0.7213933000,0.0344378200,0.0966535000,-0.0019267380,0.9947203000,-0.6287596000,1.4030190000,-0.7213933000,0.0344378200,0.0966535000,-0.0019267380,0.9947203000,-0.6287596000,1.4030190000,-0.7213933000,0.0344378200,0.0966535000,-0.0019267380,0.9947203000,
268.3115000000,270787,-0.6286933000,1.4030410000,-0.7214282000,0.0341633900,0.0967073800,-0.0018192720,0.9947248000,-0.6286933000,1.4030410000,-0.7214282000,0.0341633900,0.0967073800,-0.0018192720,0.9947248000,-0.6286933000,1.4030410000,-0.7214282000,0.0341633900,0.0967073800,-0.0018192720,0.9947248000,
268.3225000000,270795,-0.6286302000,1.4030430000,-0.7214282000,0.0340435500,0.0967462000,-0.0017517640,0.9947252000,-0.6286302000,1.4030430000,-0.7214282000,0.0340435500,0.0967462000,-0.0017517640,0.9947252000,-0.6286302000,1.4030430000,-0.7214282000,0.0340435500,0.0967462000,-0.0017517640,0.9947252000,
268.3338000000,270806,-0.6285434000,1.4030660000,-0.7214494000,0.0338345400,0.0967171300,-0.0016832020,0.9947352000,-0.6285434000,1.4030660000,-0.7214494000,0.0338345400,0.0967171300,-0.0016832020,0.9947352000,-0.6285434000,1.4030660000,-0.7214494000,0.0338345400,0.0967171300,-0.0016832020,0.9947352000,
268.3448000000,270818,-0.6284964000,1.4031260000,-0.7214789000,0.0336246900,0.0968545400,-0.0015649580,0.9947292000,-0.6284964000,1.4031260000,-0.7214789000,0.0336246900,0.0968545400,-0.0015649580,0.9947292000,-0.6284964000,1.4031260000,-0.7214789000,0.0336246900,0.0968545400,-0.0015649580,0.9947292000,
268.3560000000,270829,-0.6284266000,1.4031750000,-0.7215104000,0.0335265500,0.0969466700,-0.0015912230,0.9947235000,-0.6284266000,1.4031750000,-0.7215104000,0.0335265500,0.0969466700,-0.0015912230,0.9947235000,-0.6284266000,1.4031750000,-0.7215104000,0.0335265500,0.0969466700,-0.0015912230,0.9947235000,
268.3669000000,270840,-0.6283846000,1.4032190000,-0.7215793000,0.0332646000,0.0968753500,-0.0016084330,0.9947392000,-0.6283846000,1.4032190000,-0.7215793000,0.0332646000,0.0968753500,-0.0016084330,0.9947392000,-0.6283846000,1.4032190000,-0.7215793000,0.0332646000,0.0968753500,-0.0016084330,0.9947392000,
268.3781000000,270851,-0.6283324000,1.4032860000,-0.7216136000,0.0332696800,0.0969726700,-0.0017945830,0.9947292000,-0.6283324000,1.4032860000,-0.7216136000,0.0332696800,0.0969726700,-0.0017945830,0.9947292000,-0.6283324000,1.4032860000,-0.7216136000,0.0332696800,0.0969726700,-0.0017945830,0.9947292000,
268.3892000000,270862,-0.6282856000,1.4032900000,-0.7215912000,0.0331622300,0.0970507300,-0.0020107550,0.9947248000,-0.6282856000,1.4032900000,-0.7215912000,0.0331622300,0.0970507300,-0.0020107550,0.9947248000,-0.6282856000,1.4032900000,-0.7215912000,0.0331622300,0.0970507300,-0.0020107550,0.9947248000,
268.4003000000,270873,-0.6282115000,1.4033010000,-0.7216372000,0.0331619000,0.0971228900,-0.0024381610,0.9947168000,-0.6282115000,1.4033010000,-0.7216372000,0.0331619000,0.0971228900,-0.0024381610,0.9947168000,-0.6282115000,1.4033010000,-0.7216372000,0.0331619000,0.0971228900,-0.0024381610,0.9947168000,
268.4116000000,270884,-0.6281488000,1.4033740000,-0.7216451000,0.0331595600,0.0973184200,-0.0027007450,0.9946971000,-0.6281488000,1.4033740000,-0.7216451000,0.0331595600,0.0973184200,-0.0027007450,0.9946971000,-0.6281488000,1.4033740000,-0.7216451000,0.0331595600,0.0973184200,-0.0027007450,0.9946971000,
268.4225000000,270895,-0.6280370000,1.4033900000,-0.7216878000,0.0330970700,0.0974439500,-0.0029212550,0.9946862000,-0.6280370000,1.4033900000,-0.7216878000,0.0330970700,0.0974439500,-0.0029212550,0.9946862000,-0.6280370000,1.4033900000,-0.7216878000,0.0330970700,0.0974439500,-0.0029212550,0.9946862000,
268.4337000000,270906,-0.6279540000,1.4034120000,-0.7217109000,0.0329861100,0.0976190900,-0.0029963280,0.9946725000,-0.6279540000,1.4034120000,-0.7217109000,0.0329861100,0.0976190900,-0.0029963280,0.9946725000,-0.6279540000,1.4034120000,-0.7217109000,0.0329861100,0.0976190900,-0.0029963280,0.9946725000,
268.4449000000,270917,-0.6278553000,1.4034130000,-0.7217393000,0.0329259400,0.0976242600,-0.0029730910,0.9946741000,-0.6278553000,1.4034130000,-0.7217393000,0.0329259400,0.0976242600,-0.0029730910,0.9946741000,-0.6278553000,1.4034130000,-0.7217393000,0.0329259400,0.0976242600,-0.0029730910,0.9946741000,
268.4558000000,270929,-0.6277525000,1.4034460000,-0.7217941000,0.0327027600,0.0976748300,-0.0028850900,0.9946768000,-0.6277525000,1.4034460000,-0.7217941000,0.0327027600,0.0976748300,-0.0028850900,0.9946768000,-0.6277525000,1.4034460000,-0.7217941000,0.0327027600,0.0976748300,-0.0028850900,0.9946768000,
268.4670000000,270939,-0.6277168000,1.4035730000,-0.7218595000,0.0326428700,0.0976585000,-0.0027948800,0.9946806000,-0.6277168000,1.4035730000,-0.7218595000,0.0326428700,0.0976585000,-0.0027948800,0.9946806000,-0.6277168000,1.4035730000,-0.7218595000,0.0326428700,0.0976585000,-0.0027948800,0.9946806000,
268.4782000000,270956,-0.6276398000,1.4035910000,-0.7219174000,0.0324965400,0.0977059200,-0.0027445160,0.9946809000,-0.6276398000,1.4035910000,-0.7219174000,0.0324965400,0.0977059200,-0.0027445160,0.9946809000,-0.6276398000,1.4035910000,-0.7219174000,0.0324965400,0.0977059200,-0.0027445160,0.9946809000,
268.4863000000,270962,-0.6276307000,1.4036280000,-0.7219326000,0.0324280000,0.0978059900,-0.0028162290,0.9946731000,-0.6276307000,1.4036280000,-0.7219326000,0.0324280000,0.0978059900,-0.0028162290,0.9946731000,-0.6276307000,1.4036280000,-0.7219326000,0.0324280000,0.0978059900,-0.0028162290,0.9946731000,
268.4973000000,270970,-0.6275868000,1.4036720000,-0.7220113000,0.0324181600,0.0977558900,-0.0028459310,0.9946782000,-0.6275868000,1.4036720000,-0.7220113000,0.0324181600,0.0977558900,-0.0028459310,0.9946782000,-0.6275868000,1.4036720000,-0.7220113000,0.0324181600,0.0977558900,-0.0028459310,0.9946782000,
268.5082000000,270981,-0.6274874000,1.4036850000,-0.7220800000,0.0322923600,0.0978100500,-0.0030502270,0.9946764000,-0.6274874000,1.4036850000,-0.7220800000,0.0322923600,0.0978100500,-0.0030502270,0.9946764000,-0.6274874000,1.4036850000,-0.7220800000,0.0322923600,0.0978100500,-0.0030502270,0.9946764000,
268.5196000000,270992,-0.6274283000,1.4036990000,-0.7221465000,0.0321743000,0.0978334100,-0.0032673950,0.9946772000,-0.6274283000,1.4036990000,-0.7221465000,0.0321743000,0.0978334100,-0.0032673950,0.9946772000,-0.6274283000,1.4036990000,-0.7221465000,0.0321743000,0.0978334100,-0.0032673950,0.9946772000,
268.5306000000,271003,-0.6274016000,1.4037610000,-0.7222018000,0.0320417600,0.0978583800,-0.0033862720,0.9946787000,-0.6274016000,1.4037610000,-0.7222018000,0.0320417600,0.0978583800,-0.0033862720,0.9946787000,-0.6274016000,1.4037610000,-0.7222018000,0.0320417600,0.0978583800,-0.0033862720,0.9946787000,
268.5416000000,271014,-0.6273701000,1.4038320000,-0.7222714000,0.0319138100,0.0978841000,-0.0035507350,0.9946797000,-0.6273701000,1.4038320000,-0.7222714000,0.0319138100,0.0978841000,-0.0035507350,0.9946797000,-0.6273701000,1.4038320000,-0.7222714000,0.0319138100,0.0978841000,-0.0035507350,0.9946797000,
268.5527000000,271025,-0.6273062000,1.4038840000,-0.7223570000,0.0317437400,0.0978023100,-0.0035612010,0.9946931000,-0.6273062000,1.4038840000,-0.7223570000,0.0317437400,0.0978023100,-0.0035612010,0.9946931000,-0.6273062000,1.4038840000,-0.7223570000,0.0317437400,0.0978023100,-0.0035612010,0.9946931000,
268.5636000000,271036,-0.6272724000,1.4039200000,-0.7224190000,0.0316117300,0.0978847700,-0.0036121030,0.9946890000,-0.6272724000,1.4039200000,-0.7224190000,0.0316117300,0.0978847700,-0.0036121030,0.9946890000,-0.6272724000,1.4039200000,-0.7224190000,0.0316117300,0.0978847700,-0.0036121030,0.9946890000,
268.5748000000,271047,-0.6272473000,1.4039790000,-0.7225182000,0.0314778700,0.0980840400,-0.0036454200,0.9946735000,-0.6272473000,1.4039790000,-0.7225182000,0.0314778700,0.0980840400,-0.0036454200,0.9946735000,-0.6272473000,1.4039790000,-0.7225182000,0.0314778700,0.0980840400,-0.0036454200,0.9946735000,
268.5860000000,271058,-0.6271713000,1.4040080000,-0.7225785000,0.0313502600,0.0980771400,-0.0036683470,0.9946781000,-0.6271713000,1.4040080000,-0.7225785000,0.0313502600,0.0980771400,-0.0036683470,0.9946781000,-0.6271713000,1.4040080000,-0.7225785000,0.0313502600,0.0980771400,-0.0036683470,0.9946781000,
268.5972000000,271070,-0.6271544000,1.4040840000,-0.7226779000,0.0311150500,0.0982331000,-0.0035966350,0.9946704000,-0.6271544000,1.4040840000,-0.7226779000,0.0311150500,0.0982331000,-0.0035966350,0.9946704000,-0.6271544000,1.4040840000,-0.7226779000,0.0311150500,0.0982331000,-0.0035966350,0.9946704000,
268.6082000000,271081,-0.6272371000,1.4040770000,-0.7225904000,0.0309279400,0.0982024500,-0.0036243830,0.9946792000,-0.6272371000,1.4040770000,-0.7225904000,0.0309279400,0.0982024500,-0.0036243830,0.9946792000,-0.6272371000,1.4040770000,-0.7225904000,0.0309279400,0.0982024500,-0.0036243830,0.9946792000,
268.6194000000,271092,-0.6272850000,1.4041710000,-0.7226841000,0.0307834200,0.0982899100,-0.0035920410,0.9946751000,-0.6272850000,1.4041710000,-0.7226841000,0.0307834200,0.0982899100,-0.0035920410,0.9946751000,-0.6272850000,1.4041710000,-0.7226841000,0.0307834200,0.0982899100,-0.0035920410,0.9946751000,
268.6305000000,271103,-0.6273162000,1.4041440000,-0.7227507000,0.0305618300,0.0982394000,-0.0037606650,0.9946864000,-0.6273162000,1.4041440000,-0.7227507000,0.0305618300,0.0982394000,-0.0037606650,0.9946864000,-0.6273162000,1.4041440000,-0.7227507000,0.0305618300,0.0982394000,-0.0037606650,0.9946864000,
268.6413000000,271114,-0.6273835000,1.4042450000,-0.7228398000,0.0304523500,0.0982639100,-0.0039530460,0.9946865000,-0.6273835000,1.4042450000,-0.7228398000,0.0304523500,0.0982639100,-0.0039530460,0.9946865000,-0.6273835000,1.4042450000,-0.7228398000,0.0304523500,0.0982639100,-0.0039530460,0.9946865000,
268.6525000000,271125,-0.6274426000,1.4042420000,-0.7228513000,0.0303488900,0.0982911800,-0.0040493630,0.9946866000,-0.6274426000,1.4042420000,-0.7228513000,0.0303488900,0.0982911800,-0.0040493630,0.9946866000,-0.6274426000,1.4042420000,-0.7228513000,0.0303488900,0.0982911800,-0.0040493630,0.9946866000,
268.6636000000,271136,-0.6274703000,1.4042810000,-0.7228932000,0.0302258500,0.0983300900,-0.0041045790,0.9946862000,-0.6274703000,1.4042810000,-0.7228932000,0.0302258500,0.0983300900,-0.0041045790,0.9946862000,-0.6274703000,1.4042810000,-0.7228932000,0.0302258500,0.0983300900,-0.0041045790,0.9946862000,
268.6747000000,271148,-0.6275237000,1.4042860000,-0.7230024000,0.0299954800,0.0983207200,-0.0040587810,0.9946944000,-0.6275237000,1.4042860000,-0.7230024000,0.0299954800,0.0983207200,-0.0040587810,0.9946944000,-0.6275237000,1.4042860000,-0.7230024000,0.0299954800,0.0983207200,-0.0040587810,0.9946944000,
268.6860000000,271158,-0.6275823000,1.4043340000,-0.7230651000,0.0297393500,0.0982657800,-0.0038316910,0.9947084000,-0.6275823000,1.4043340000,-0.7230651000,0.0297393500,0.0982657800,-0.0038316910,0.9947084000,-0.6275823000,1.4043340000,-0.7230651000,0.0297393500,0.0982657800,-0.0038316910,0.9947084000,
268.6970000000,271170,-0.6276286000,1.4043920000,-0.7231338000,0.0295258900,0.0980743100,-0.0037610370,0.9947339000,-0.6276286000,1.4043920000,-0.7231338000,0.0295258900,0.0980743100,-0.0037610370,0.9947339000,-0.6276286000,1.4043920000,-0.7231338000,0.0295258900,0.0980743100,-0.0037610370,0.9947339000,
268.7084000000,271181,-0.6277061000,1.4044730000,-0.7231996000,0.0292560700,0.0979041200,-0.0035754260,0.9947593000,-0.6277061000,1.4044730000,-0.7231996000,0.0292560700,0.0979041200,-0.0035754260,0.9947593000,-0.6277061000,1.4044730000,-0.7231996000,0.0292560700,0.0979041200,-0.0035754260,0.9947593000,
268.7192000000,271192,-0.6277723000,1.4045320000,-0.7232392000,0.0291588300,0.0977560600,-0.0034414860,0.9947772000,-0.6277723000,1.4045320000,-0.7232392000,0.0291588300,0.0977560600,-0.0034414860,0.9947772000,-0.6277723000,1.4045320000,-0.7232392000,0.0291588300,0.0977560600,-0.0034414860,0.9947772000,
268.7304000000,271203,-0.6278865000,1.4045100000,-0.7233002000,0.0288707600,0.0975106100,-0.0035403500,0.9948094000,-0.6278865000,1.4045100000,-0.7233002000,0.0288707600,0.0975106100,-0.0035403500,0.9948094000,-0.6278865000,1.4045100000,-0.7233002000,0.0288707600,0.0975106100,-0.0035403500,0.9948094000,
268.7414000000,271214,-0.6279261000,1.4044980000,-0.7233319000,0.0287061600,0.0973541500,-0.0033909840,0.9948300000,-0.6279261000,1.4044980000,-0.7233319000,0.0287061600,0.0973541500,-0.0033909840,0.9948300000,-0.6279261000,1.4044980000,-0.7233319000,0.0287061600,0.0973541500,-0.0033909840,0.9948300000,
268.7523000000,271225,-0.6279864000,1.4045890000,-0.7234113000,0.0285114700,0.0971863500,-0.0034388020,0.9948518000,-0.6279864000,1.4045890000,-0.7234113000,0.0285114700,0.0971863500,-0.0034388020,0.9948518000,-0.6279864000,1.4045890000,-0.7234113000,0.0285114700,0.0971863500,-0.0034388020,0.9948518000,
268.7638000000,271236,-0.6280499000,1.4045850000,-0.7234526000,0.0282757100,0.0969763100,-0.0033584440,0.9948793000,-0.6280499000,1.4045850000,-0.7234526000,0.0282757100,0.0969763100,-0.0033584440,0.9948793000,-0.6280499000,1.4045850000,-0.7234526000,0.0282757100,0.0969763100,-0.0033584440,0.9948793000,
268.7748000000,271248,-0.6281300000,1.4046270000,-0.7235160000,0.0280698200,0.0967867900,-0.0032151760,0.9949040000,-0.6281300000,1.4046270000,-0.7235160000,0.0280698200,0.0967867900,-0.0032151760,0.9949040000,-0.6281300000,1.4046270000,-0.7235160000,0.0280698200,0.0967867900,-0.0032151760,0.9949040000,
268.7858000000,271258,-0.6282492000,1.4046630000,-0.7235284000,0.0278782300,0.0966206600,-0.0031124920,0.9949259000,-0.6282492000,1.4046630000,-0.7235284000,0.0278782300,0.0966206600,-0.0031124920,0.9949259000,-0.6282492000,1.4046630000,-0.7235284000,0.0278782300,0.0966206600,-0.0031124920,0.9949259000,
268.7971000000,271269,-0.6283479000,1.4047160000,-0.7235868000,0.0277007300,0.0963684500,-0.0030376490,0.9949555000,-0.6283479000,1.4047160000,-0.7235868000,0.0277007300,0.0963684500,-0.0030376490,0.9949555000,-0.6283479000,1.4047160000,-0.7235868000,0.0277007300,0.0963684500,-0.0030376490,0.9949555000,
268.8080000000,271281,-0.6285408000,1.4047110000,-0.7236354000,0.0275097700,0.0962109600,-0.0028603960,0.9949766000,-0.6285408000,1.4047110000,-0.7236354000,0.0275097700,0.0962109600,-0.0028603960,0.9949766000,-0.6285408000,1.4047110000,-0.7236354000,0.0275097700,0.0962109600,-0.0028603960,0.9949766000,
268.8192000000,271292,-0.6286507000,1.4047880000,-0.7236474000,0.0273223200,0.0959823300,-0.0028226630,0.9950040000,-0.6286507000,1.4047880000,-0.7236474000,0.0273223200,0.0959823300,-0.0028226630,0.9950040000,-0.6286507000,1.4047880000,-0.7236474000,0.0273223200,0.0959823300,-0.0028226630,0.9950040000,
268.8303000000,271303,-0.6287873000,1.4048040000,-0.7236629000,0.0270408200,0.0959070600,-0.0027401510,0.9950192000,-0.6287873000,1.4048040000,-0.7236629000,0.0270408200,0.0959070600,-0.0027401510,0.9950192000,-0.6287873000,1.4048040000,-0.7236629000,0.0270408200,0.0959070600,-0.0027401510,0.9950192000,
268.8414000000,271314,-0.6288712000,1.4048400000,-0.7236793000,0.0268966500,0.0956536900,-0.0027423900,0.9950475000,-0.6288712000,1.4048400000,-0.7236793000,0.0268966500,0.0956536900,-0.0027423900,0.9950475000,-0.6288712000,1.4048400000,-0.7236793000,0.0268966500,0.0956536900,-0.0027423900,0.9950475000,
268.8523000000,271325,-0.6289847000,1.4048640000,-0.7236764000,0.0267409500,0.0954740300,-0.0026043220,0.9950693000,-0.6289847000,1.4048640000,-0.7236764000,0.0267409500,0.0954740300,-0.0026043220,0.9950693000,-0.6289847000,1.4048640000,-0.7236764000,0.0267409500,0.0954740300,-0.0026043220,0.9950693000,
268.8636000000,271336,-0.6290269000,1.4049410000,-0.7236965000,0.0266117400,0.0952538600,-0.0024908790,0.9950941000,-0.6290269000,1.4049410000,-0.7236965000,0.0266117400,0.0952538600,-0.0024908790,0.9950941000,-0.6290269000,1.4049410000,-0.7236965000,0.0266117400,0.0952538600,-0.0024908790,0.9950941000,
268.8749000000,271347,-0.6291170000,1.4049840000,-0.7237055000,0.0264303800,0.0950214300,-0.0023334610,0.9951216000,-0.6291170000,1.4049840000,-0.7237055000,0.0264303800,0.0950214300,-0.0023334610,0.9951216000,-0.6291170000,1.4049840000,-0.7237055000,0.0264303800,0.0950214300,-0.0023334610,0.9951216000,
268.8863000000,271358,-0.6292078000,1.4049830000,-0.7237470000,0.0262131300,0.0947501000,-0.0022221050,0.9951535000,-0.6292078000,1.4049830000,-0.7237470000,0.0262131300,0.0947501000,-0.0022221050,0.9951535000,-0.6292078000,1.4049830000,-0.7237470000,0.0262131300,0.0947501000,-0.0022221050,0.9951535000,
268.8978000000,271370,-0.6292856000,1.4049960000,-0.7237601000,0.0260565500,0.0945853100,-0.0020783070,0.9951736000,-0.6292856000,1.4049960000,-0.7237601000,0.0260565500,0.0945853100,-0.0020783070,0.9951736000,-0.6292856000,1.4049960000,-0.7237601000,0.0260565500,0.0945853100,-0.0020783070,0.9951736000,
268.9091000000,271381,-0.6293674000,1.4050030000,-0.7237442000,0.0259848400,0.0943464900,-0.0019340090,0.9951984000,-0.6293674000,1.4050030000,-0.7237442000,0.0259848400,0.0943464900,-0.0019340090,0.9951984000,-0.6293674000,1.4050030000,-0.7237442000,0.0259848400,0.0943464900,-0.0019340090,0.9951984000,
268.9207000000,271393,-0.6294580000,1.4050240000,-0.7237794000,0.0258872400,0.0941351700,-0.0018339760,0.9952211000,-0.6294580000,1.4050240000,-0.7237794000,0.0258872400,0.0941351700,-0.0018339760,0.9952211000,-0.6294580000,1.4050240000,-0.7237794000,0.0258872400,0.0941351700,-0.0018339760,0.9952211000,
268.9323000000,271404,-0.6295116000,1.4050130000,-0.7238033000,0.0257798900,0.0939026600,-0.0015416850,0.9952464000,-0.6295116000,1.4050130000,-0.7238033000,0.0257798900,0.0939026600,-0.0015416850,0.9952464000,-0.6295116000,1.4050130000,-0.7238033000,0.0257798900,0.0939026600,-0.0015416850,0.9952464000,
268.9432000000,271416,-0.6295750000,1.4050110000,-0.7238204000,0.0257234800,0.0936908100,-0.0014827360,0.9952679000,-0.6295750000,1.4050110000,-0.7238204000,0.0257234800,0.0936908100,-0.0014827360,0.9952679000,-0.6295750000,1.4050110000,-0.7238204000,0.0257234800,0.0936908100,-0.0014827360,0.9952679000,
268.9547000000,271427,-0.6296370000,1.4050100000,-0.7238400000,0.0256616700,0.0935593900,-0.0013576760,0.9952821000,-0.6296370000,1.4050100000,-0.7238400000,0.0256616700,0.0935593900,-0.0013576760,0.9952821000,-0.6296370000,1.4050100000,-0.7238400000,0.0256616700,0.0935593900,-0.0013576760,0.9952821000,
268.9662000000,271438,-0.6297138000,1.4050690000,-0.7238915000,0.0255451700,0.0933902000,-0.0012713950,0.9953011000,-0.6297138000,1.4050690000,-0.7238915000,0.0255451700,0.0933902000,-0.0012713950,0.9953011000,-0.6297138000,1.4050690000,-0.7238915000,0.0255451700,0.0933902000,-0.0012713950,0.9953011000,
268.9777000000,271450,-0.6297495000,1.4050650000,-0.7239144000,0.0255170600,0.0932555300,-0.0012607820,0.9953144000,-0.6297495000,1.4050650000,-0.7239144000,0.0255170600,0.0932555300,-0.0012607820,0.9953144000,-0.6297495000,1.4050650000,-0.7239144000,0.0255170600,0.0932555300,-0.0012607820,0.9953144000,
268.9886000000,271461,-0.6297569000,1.4050920000,-0.7239735000,0.0254912200,0.0930748700,-0.0012655020,0.9953319000,-0.6297569000,1.4050920000,-0.7239735000,0.0254912200,0.0930748700,-0.0012655020,0.9953319000,-0.6297569000,1.4050920000,-0.7239735000,0.0254912200,0.0930748700,-0.0012655020,0.9953319000,
269.0004000000,271473,-0.6298220000,1.4051120000,-0.7238977000,0.0254556000,0.0929260000,-0.0013493260,0.9953467000,-0.6298220000,1.4051120000,-0.7238977000,0.0254556000,0.0929260000,-0.0013493260,0.9953467000,-0.6298220000,1.4051120000,-0.7238977000,0.0254556000,0.0929260000,-0.0013493260,0.9953467000,
269.0118000000,271485,-0.6298556000,1.4051070000,-0.7239087000,0.0253505100,0.0928428600,-0.0013445780,0.9953571000,-0.6298556000,1.4051070000,-0.7239087000,0.0253505100,0.0928428600,-0.0013445780,0.9953571000,-0.6298556000,1.4051070000,-0.7239087000,0.0253505100,0.0928428600,-0.0013445780,0.9953571000,
269.0233000000,271495,-0.6299407000,1.4051390000,-0.7238858000,0.0253003600,0.0927015500,-0.0012171280,0.9953718000,-0.6299407000,1.4051390000,-0.7238858000,0.0253003600,0.0927015500,-0.0012171280,0.9953718000,-0.6299407000,1.4051390000,-0.7238858000,0.0253003600,0.0927015500,-0.0012171280,0.9953718000,
269.0345000000,271507,-0.6299813000,1.4051350000,-0.7239137000,0.0252416200,0.0925037600,-0.0012128080,0.9953917000,-0.6299813000,1.4051350000,-0.7239137000,0.0252416200,0.0925037600,-0.0012128080,0.9953917000,-0.6299813000,1.4051350000,-0.7239137000,0.0252416200,0.0925037600,-0.0012128080,0.9953917000,
269.0459000000,271518,-0.6300373000,1.4050950000,-0.7238793000,0.0252765400,0.0923912300,-0.0011266250,0.9954013000,-0.6300373000,1.4050950000,-0.7238793000,0.0252765400,0.0923912300,-0.0011266250,0.9954013000,-0.6300373000,1.4050950000,-0.7238793000,0.0252765400,0.0923912300,-0.0011266250,0.9954013000,
269.0570000000,271530,-0.6300464000,1.4050610000,-0.7238929000,0.0252801800,0.0922854800,-0.0009736154,0.9954112000,-0.6300464000,1.4050610000,-0.7238929000,0.0252801800,0.0922854800,-0.0009736154,0.9954112000,-0.6300464000,1.4050610000,-0.7238929000,0.0252801800,0.0922854800,-0.0009736154,0.9954112000,
269.0699000000,271541,-0.6300983000,1.4050380000,-0.7238646000,0.0252292000,0.0921802300,-0.0009103654,0.9954223000,-0.6300983000,1.4050380000,-0.7238646000,0.0252292000,0.0921802300,-0.0009103654,0.9954223000,-0.6300983000,1.4050380000,-0.7238646000,0.0252292000,0.0921802300,-0.0009103654,0.9954223000,
269.0808000000,271554,-0.6301250000,1.4051020000,-0.7238846000,0.0252526400,0.0920348200,-0.0009044065,0.9954351000,-0.6301250000,1.4051020000,-0.7238846000,0.0252526400,0.0920348200,-0.0009044065,0.9954351000,-0.6301250000,1.4051020000,-0.7238846000,0.0252526400,0.0920348200,-0.0009044065,0.9954351000,
269.0915000000,271565,-0.6301458000,1.4051270000,-0.7239020000,0.0251359100,0.0918965300,-0.0008998133,0.9954509000,-0.6301458000,1.4051270000,-0.7239020000,0.0251359100,0.0918965300,-0.0008998133,0.9954509000,-0.6301458000,1.4051270000,-0.7239020000,0.0251359100,0.0918965300,-0.0008998133,0.9954509000,
269.1021000000,271575,-0.6301534000,1.4051720000,-0.7239039000,0.0249846700,0.0917914400,-0.0010032170,0.9954643000,-0.6301534000,1.4051720000,-0.7239039000,0.0249846700,0.0917914400,-0.0010032170,0.9954643000,-0.6301534000,1.4051720000,-0.7239039000,0.0249846700,0.0917914400,-0.0010032170,0.9954643000,
269.1135000000,271586,-0.6301806000,1.4052000000,-0.7239261000,0.0248818600,0.0917246400,-0.0012179700,0.9954728000,-0.6301806000,1.4052000000,-0.7239261000,0.0248818600,0.0917246400,-0.0012179700,0.9954728000,-0.6301806000,1.4052000000,-0.7239261000,0.0248818600,0.0917246400,-0.0012179700,0.9954728000,
269.1241000000,271597,-0.6301591000,1.4051980000,-0.7239063000,0.0248591300,0.0916097200,-0.0014624490,0.9954836000,-0.6301591000,1.4051980000,-0.7239063000,0.0248591300,0.0916097200,-0.0014624490,0.9954836000,-0.6301591000,1.4051980000,-0.7239063000,0.0248591300,0.0916097200,-0.0014624490,0.9954836000,
269.1355000000,271608,-0.6301897000,1.4052220000,-0.7239377000,0.0246820200,0.0915922900,-0.0017212990,0.9954892000,-0.6301897000,1.4052220000,-0.7239377000,0.0246820200,0.0915922900,-0.0017212990,0.9954892000,-0.6301897000,1.4052220000,-0.7239377000,0.0246820200,0.0915922900,-0.0017212990,0.9954892000,
269.1468000000,271619,-0.6302006000,1.4053060000,-0.7239854000,0.0245317900,0.0915928300,-0.0018156640,0.9954926000,-0.6302006000,1.4053060000,-0.7239854000,0.0245317900,0.0915928300,-0.0018156640,0.9954926000,-0.6302006000,1.4053060000,-0.7239854000,0.0245317900,0.0915928300,-0.0018156640,0.9954926000,
269.1573000000,271631,-0.6301980000,1.4053450000,-0.7240210000,0.0242708500,0.0914429800,-0.0018176810,0.9955128000,-0.6301980000,1.4053450000,-0.7240210000,0.0242708500,0.0914429800,-0.0018176810,0.9955128000,-0.6301980000,1.4053450000,-0.7240210000,0.0242708500,0.0914429800,-0.0018176810,0.9955128000,
269.1685000000,271641,-0.6301978000,1.4054500000,-0.7240379000,0.0238530800,0.0913315900,-0.0017259550,0.9955333000,-0.6301978000,1.4054500000,-0.7240379000,0.0238530800,0.0913315900,-0.0017259550,0.9955333000,-0.6301978000,1.4054500000,-0.7240379000,0.0238530800,0.0913315900,-0.0017259550,0.9955333000,
269.1801000000,271652,-0.6302834000,1.4055080000,-0.7239993000,0.0234587600,0.0910695800,-0.0015352530,0.9955670000,-0.6302834000,1.4055080000,-0.7239993000,0.0234587600,0.0910695800,-0.0015352530,0.9955670000,-0.6302834000,1.4055080000,-0.7239993000,0.0234587600,0.0910695800,-0.0015352530,0.9955670000,
269.1906000000,271664,-0.6303372000,1.4055830000,-0.7240355000,0.0230369100,0.0907190200,-0.0014803000,0.9956090000,-0.6303372000,1.4055830000,-0.7240355000,0.0230369100,0.0907190200,-0.0014803000,0.9956090000,-0.6303372000,1.4055830000,-0.7240355000,0.0230369100,0.0907190200,-0.0014803000,0.9956090000,
269.2025000000,271675,-0.6304173000,1.4057100000,-0.7240674000,0.0227303500,0.0903331600,-0.0013510620,0.9956513000,-0.6304173000,1.4057100000,-0.7240674000,0.0227303500,0.0903331600,-0.0013510620,0.9956513000,-0.6304173000,1.4057100000,-0.7240674000,0.0227303500,0.0903331600,-0.0013510620,0.9956513000,
269.2132000000,271686,-0.6304841000,1.4057630000,-0.7241104000,0.0225075600,0.0898043400,-0.0013267380,0.9957042000,-0.6304841000,1.4057630000,-0.7241104000,0.0225075600,0.0898043400,-0.0013267380,0.9957042000,-0.6304841000,1.4057630000,-0.7241104000,0.0225075600,0.0898043400,-0.0013267380,0.9957042000,
269.2245000000,271697,-0.6306226000,1.4058050000,-0.7241406000,0.0222828100,0.0893432100,-0.0012777290,0.9957508000,-0.6306226000,1.4058050000,-0.7241406000,0.0222828100,0.0893432100,-0.0012777290,0.9957508000,-0.6306226000,1.4058050000,-0.7241406000,0.0222828100,0.0893432100,-0.0012777290,0.9957508000,
269.2372000000,271715,-0.6307712000,1.4058560000,-0.7241881000,0.0221897700,0.0888521400,-0.0013331220,0.9957967000,-0.6307712000,1.4058560000,-0.7241881000,0.0221897700,0.0888521400,-0.0013331220,0.9957967000,-0.6307712000,1.4058560000,-0.7241881000,0.0221897700,0.0888521400,-0.0013331220,0.9957967000,
269.2466000000,271721,-0.6308467000,1.4058720000,-0.7242513000,0.0220405000,0.0884204000,-0.0013197710,0.9958385000,-0.6308467000,1.4058720000,-0.7242513000,0.0220405000,0.0884204000,-0.0013197710,0.9958385000,-0.6308467000,1.4058720000,-0.7242513000,0.0220405000,0.0884204000,-0.0013197710,0.9958385000,
269.2565000000,271731,-0.6309142000,1.4058840000,-0.7243118000,0.0219941700,0.0879882100,-0.0013444580,0.9958778000,-0.6309142000,1.4058840000,-0.7243118000,0.0219941700,0.0879882100,-0.0013444580,0.9958778000,-0.6309142000,1.4058840000,-0.7243118000,0.0219941700,0.0879882100,-0.0013444580,0.9958778000,
269.2675000000,271741,-0.6310115000,1.4058760000,-0.7243757000,0.0220064100,0.0875497800,-0.0012353530,0.9959163000,-0.6310115000,1.4058760000,-0.7243757000,0.0220064100,0.0875497800,-0.0012353530,0.9959163000,-0.6310115000,1.4058760000,-0.7243757000,0.0220064100,0.0875497800,-0.0012353530,0.9959163000,
269.2786000000,271752,-0.6310833000,1.4058220000,-0.7244315000,0.0220032200,0.0872292300,-0.0012263460,0.9959445000,-0.6310833000,1.4058220000,-0.7244315000,0.0220032200,0.0872292300,-0.0012263460,0.9959445000,-0.6310833000,1.4058220000,-0.7244315000,0.0220032200,0.0872292300,-0.0012263460,0.9959445000,
269.2916000000,271762,-0.6311531000,1.4058220000,-0.7244904000,0.0219977100,0.0869635200,-0.0010476550,0.9959680000,-0.6311531000,1.4058220000,-0.7244904000,0.0219977100,0.0869635200,-0.0010476550,0.9959680000,-0.6311531000,1.4058220000,-0.7244904000,0.0219977100,0.0869635200,-0.0010476550,0.9959680000,
269.3008000000,271775,-0.6312089000,1.4058410000,-0.7245123000,0.0219711900,0.0865904600,-0.0008715148,0.9960013000,-0.6312089000,1.4058410000,-0.7245123000,0.0219711900,0.0865904600,-0.0008715148,0.9960013000,-0.6312089000,1.4058410000,-0.7245123000,0.0219711900,0.0865904600,-0.0008715148,0.9960013000,
269.3119000000,271785,-0.6312308000,1.4058500000,-0.7245486000,0.0218712000,0.0863372900,-0.0007025300,0.9960256000,-0.6312308000,1.4058500000,-0.7245486000,0.0218712000,0.0863372900,-0.0007025300,0.9960256000,-0.6312308000,1.4058500000,-0.7245486000,0.0218712000,0.0863372900,-0.0007025300,0.9960256000,
269.3233000000,271796,-0.6313188000,1.4059610000,-0.7245879000,0.0218011100,0.0861935100,-0.0005515527,0.9960397000,-0.6313188000,1.4059610000,-0.7245879000,0.0218011100,0.0861935100,-0.0005515527,0.9960397000,-0.6313188000,1.4059610000,-0.7245879000,0.0218011100,0.0861935100,-0.0005515527,0.9960397000,
269.3344000000,271808,-0.6313381000,1.4059790000,-0.7246120000,0.0216178900,0.0860819500,-0.0004437691,0.9960534000,-0.6313381000,1.4059790000,-0.7246120000,0.0216178900,0.0860819500,-0.0004437691,0.9960534000,-0.6313381000,1.4059790000,-0.7246120000,0.0216178900,0.0860819500,-0.0004437691,0.9960534000,
269.3457000000,271818,-0.6314135000,1.4060070000,-0.7246459000,0.0215723400,0.0860632700,-0.0002944032,0.9960561000,-0.6314135000,1.4060070000,-0.7246459000,0.0215723400,0.0860632700,-0.0002944032,0.9960561000,-0.6314135000,1.4060070000,-0.7246459000,0.0215723400,0.0860632700,-0.0002944032,0.9960561000,
269.3583000000,271830,-0.6314526000,1.4060110000,-0.7247205000,0.0214358600,0.0860911000,-0.0003164520,0.9960566000,-0.6314526000,1.4060110000,-0.7247205000,0.0214358600,0.0860911000,-0.0003164520,0.9960566000,-0.6314526000,1.4060110000,-0.7247205000,0.0214358600,0.0860911000,-0.0003164520,0.9960566000,
269.3677000000,271842,-0.6314688000,1.4060230000,-0.7247589000,0.0213618900,0.0861556500,-0.0003062892,0.9960526000,-0.6314688000,1.4060230000,-0.7247589000,0.0213618900,0.0861556500,-0.0003062892,0.9960526000,-0.6314688000,1.4060230000,-0.7247589000,0.0213618900,0.0861556500,-0.0003062892,0.9960526000,
269.3786000000,271852,-0.6314414000,1.4059500000,-0.7248108000,0.0213374400,0.0862527600,-0.0004465030,0.9960447000,-0.6314414000,1.4059500000,-0.7248108000,0.0213374400,0.0862527600,-0.0004465030,0.9960447000,-0.6314414000,1.4059500000,-0.7248108000,0.0213374400,0.0862527600,-0.0004465030,0.9960447000,
269.3897000000,271862,-0.6314411000,1.4059510000,-0.7248433000,0.0212656300,0.0864916400,-0.0004062073,0.9960255000,-0.6314411000,1.4059510000,-0.7248433000,0.0212656300,0.0864916400,-0.0004062073,0.9960255000,-0.6314411000,1.4059510000,-0.7248433000,0.0212656300,0.0864916400,-0.0004062073,0.9960255000,
269.4012000000,271874,-0.6314156000,1.4059470000,-0.7249134000,0.0212909400,0.0866579000,-0.0004312179,0.9960105000,-0.6314156000,1.4059470000,-0.7249134000,0.0212909400,0.0866579000,-0.0004312179,0.9960105000,-0.6314156000,1.4059470000,-0.7249134000,0.0212909400,0.0866579000,-0.0004312179,0.9960105000,
269.4118000000,271885,-0.6313701000,1.4059290000,-0.7249150000,0.0212739000,0.0867944400,-0.0002581748,0.9959990000,-0.6313701000,1.4059290000,-0.7249150000,0.0212739000,0.0867944400,-0.0002581748,0.9959990000,-0.6313701000,1.4059290000,-0.7249150000,0.0212739000,0.0867944400,-0.0002581748,0.9959990000,
269.4232000000,271895,-0.6313734000,1.4059250000,-0.7249520000,0.0213486200,0.0870064300,-0.0001808707,0.9959790000,-0.6313734000,1.4059250000,-0.7249520000,0.0213486200,0.0870064300,-0.0001808707,0.9959790000,-0.6313734000,1.4059250000,-0.7249520000,0.0213486200,0.0870064300,-0.0001808707,0.9959790000,
269.4343000000,271907,-0.6313503000,1.4059160000,-0.7249730000,0.0214670300,0.0871466500,-0.0000271291,0.9959642000,-0.6313503000,1.4059160000,-0.7249730000,0.0214670300,0.0871466500,-0.0000271291,0.9959642000,-0.6313503000,1.4059160000,-0.7249730000,0.0214670300,0.0871466500,-0.0000271291,0.9959642000,
269.4454000000,271918,-0.6313498000,1.4058740000,-0.7250147000,0.0214795000,0.0872884500,0.0000495515,0.9959515000,-0.6313498000,1.4058740000,-0.7250147000,0.0214795000,0.0872884500,0.0000495515,0.9959515000,-0.6313498000,1.4058740000,-0.7250147000,0.0214795000,0.0872884500,0.0000495515,0.9959515000,
269.4565000000,271929,-0.6313334000,1.4058720000,-0.7250528000,0.0216712000,0.0874310900,-0.0000614387,0.9959348000,-0.6313334000,1.4058720000,-0.7250528000,0.0216712000,0.0874310900,-0.0000614387,0.9959348000,-0.6313334000,1.4058720000,-0.7250528000,0.0216712000,0.0874310900,-0.0000614387,0.9959348000,
269.4673000000,271940,-0.6312714000,1.4058390000,-0.7250872000,0.0217940800,0.0875692800,-0.0000989883,0.9959200000,-0.6312714000,1.4058390000,-0.7250872000,0.0217940800,0.0875692800,-0.0000989883,0.9959200000,-0.6312714000,1.4058390000,-0.7250872000,0.0217940800,0.0875692800,-0.0000989883,0.9959200000,
269.4789000000,271952,-0.6311965000,1.4057840000,-0.7251134000,0.0219949400,0.0877511400,-0.0002354778,0.9958996000,-0.6311965000,1.4057840000,-0.7251134000,0.0219949400,0.0877511400,-0.0002354778,0.9958996000,-0.6311965000,1.4057840000,-0.7251134000,0.0219949400,0.0877511400,-0.0002354778,0.9958996000,
269.4898000000,271965,-0.6311474000,1.4057370000,-0.7251306000,0.0220704400,0.0879443100,-0.0003784129,0.9958808000,-0.6311474000,1.4057370000,-0.7251306000,0.0220704400,0.0879443100,-0.0003784129,0.9958808000,-0.6311474000,1.4057370000,-0.7251306000,0.0220704400,0.0879443100,-0.0003784129,0.9958808000,
269.5005000000,271974,-0.6311018000,1.4056830000,-0.7251015000,0.0221949100,0.0880671100,-0.0005903366,0.9958671000,-0.6311018000,1.4056830000,-0.7251015000,0.0221949100,0.0880671100,-0.0005903366,0.9958671000,-0.6311018000,1.4056830000,-0.7251015000,0.0221949100,0.0880671100,-0.0005903366,0.9958671000,
269.5132000000,271984,-0.6310360000,1.4056410000,-0.7251115000,0.0223303700,0.0882457900,-0.0006828324,0.9958482000,-0.6310360000,1.4056410000,-0.7251115000,0.0223303700,0.0882457900,-0.0006828324,0.9958482000,-0.6310360000,1.4056410000,-0.7251115000,0.0223303700,0.0882457900,-0.0006828324,0.9958482000,
269.5210000000,271997,-0.6309917000,1.4056320000,-0.7250962000,0.0224886600,0.0884974700,-0.0008206037,0.9958222000,-0.6309917000,1.4056320000,-0.7250962000,0.0224886600,0.0884974700,-0.0008206037,0.9958222000,-0.6309917000,1.4056320000,-0.7250962000,0.0224886600,0.0884974700,-0.0008206037,0.9958222000,
269.5326000000,271997,-0.6309175000,1.4056000000,-0.7250938000,0.0226714600,0.0888142700,-0.0010514930,0.9957896000,-0.6309175000,1.4056000000,-0.7250938000,0.0226714600,0.0888142700,-0.0010514930,0.9957896000,-0.6309175000,1.4056000000,-0.7250938000,0.0226714600,0.0888142700,-0.0010514930,0.9957896000,
269.5435000000,272016,-0.6308582000,1.4055450000,-0.7250681000,0.0228476800,0.0891410000,-0.0013893120,0.9957560000,-0.6308582000,1.4055450000,-0.7250681000,0.0228476800,0.0891410000,-0.0013893120,0.9957560000,-0.6308582000,1.4055450000,-0.7250681000,0.0228476800,0.0891410000,-0.0013893120,0.9957560000,
269.5546000000,272027,-0.6307979000,1.4055480000,-0.7250493000,0.0228932800,0.0897160300,-0.0017896090,0.9957026000,-0.6307979000,1.4055480000,-0.7250493000,0.0228932800,0.0897160300,-0.0017896090,0.9957026000,-0.6307979000,1.4055480000,-0.7250493000,0.0228932800,0.0897160300,-0.0017896090,0.9957026000,
269.5655000000,272038,-0.6307530000,1.4055610000,-0.7249913000,0.0228906100,0.0902604900,-0.0023617520,0.9956523000,-0.6307530000,1.4055610000,-0.7249913000,0.0228906100,0.0902604900,-0.0023617520,0.9956523000,-0.6307530000,1.4055610000,-0.7249913000,0.0228906100,0.0902604900,-0.0023617520,0.9956523000,
269.5779000000,272049,-0.6306787000,1.4055360000,-0.7249396000,0.0228575800,0.0909825100,-0.0031384870,0.9955852000,-0.6306787000,1.4055360000,-0.7249396000,0.0228575800,0.0909825100,-0.0031384870,0.9955852000,-0.6306787000,1.4055360000,-0.7249396000,0.0228575800,0.0909825100,-0.0031384870,0.9955852000,
269.5876000000,272061,-0.6306179000,1.4055090000,-0.7248769000,0.0227460800,0.0916862000,-0.0037927660,0.9955209000,-0.6306179000,1.4055090000,-0.7248769000,0.0227460800,0.0916862000,-0.0037927660,0.9955209000,-0.6306179000,1.4055090000,-0.7248769000,0.0227460800,0.0916862000,-0.0037927660,0.9955209000,
269.5990000000,272071,-0.6306236000,1.4055170000,-0.7246864000,0.0226906400,0.0926348400,-0.0045060800,0.9954314000,-0.6306236000,1.4055170000,-0.7246864000,0.0226906400,0.0926348400,-0.0045060800,0.9954314000,-0.6306236000,1.4055170000,-0.7246864000,0.0226906400,0.0926348400,-0.0045060800,0.9954314000,
269.6097000000,272083,-0.6305869000,1.4054800000,-0.7245827000,0.0228102400,0.0936389600,-0.0052453780,0.9953311000,-0.6305869000,1.4054800000,-0.7245827000,0.0228102400,0.0936389600,-0.0052453780,0.9953311000,-0.6305869000,1.4054800000,-0.7245827000,0.0228102400,0.0936389600,-0.0052453780,0.9953311000,
269.6208000000,272093,-0.6305578000,1.4054260000,-0.7244413000,0.0230601500,0.0950387400,-0.0056931300,0.9951901000,-0.6305578000,1.4054260000,-0.7244413000,0.0230601500,0.0950387400,-0.0056931300,0.9951901000,-0.6305578000,1.4054260000,-0.7244413000,0.0230601500,0.0950387400,-0.0056931300,0.9951901000,
269.6319000000,272105,-0.6305144000,1.4053640000,-0.7243195000,0.0233273200,0.0963704400,-0.0060811790,0.9950536000,-0.6305144000,1.4053640000,-0.7243195000,0.0233273200,0.0963704400,-0.0060811790,0.9950536000,-0.6305144000,1.4053640000,-0.7243195000,0.0233273200,0.0963704400,-0.0060811790,0.9950536000,
269.6432000000,272116,-0.6304054000,1.4053240000,-0.7241359000,0.0236991800,0.0978823300,-0.0063301320,0.9948956000,-0.6304054000,1.4053240000,-0.7241359000,0.0236991800,0.0978823300,-0.0063301320,0.9948956000,-0.6304054000,1.4053240000,-0.7241359000,0.0236991800,0.0978823300,-0.0063301320,0.9948956000,
269.6544000000,272127,-0.6303144000,1.4052280000,-0.7239885000,0.0243055200,0.0995971600,-0.0063411430,0.9947107000,-0.6303144000,1.4052280000,-0.7239885000,0.0243055200,0.0995971600,-0.0063411430,0.9947107000,-0.6303144000,1.4052280000,-0.7239885000,0.0243055200,0.0995971600,-0.0063411430,0.9947107000,
269.6659000000,272138,-0.6302030000,1.4050950000,-0.7237818000,0.0249642600,0.1014635000,-0.0061825470,0.9945068000,-0.6302030000,1.4050950000,-0.7237818000,0.0249642600,0.1014635000,-0.0061825470,0.9945068000,-0.6302030000,1.4050950000,-0.7237818000,0.0249642600,0.1014635000,-0.0061825470,0.9945068000,
269.6767000000,272150,-0.6300480000,1.4049090000,-0.7236431000,0.0257348400,0.1033258000,-0.0058325050,0.9942975000,-0.6300480000,1.4049090000,-0.7236431000,0.0257348400,0.1033258000,-0.0058325050,0.9942975000,-0.6300480000,1.4049090000,-0.7236431000,0.0257348400,0.1033258000,-0.0058325050,0.9942975000,
269.7031000000,272160,-0.6299245000,1.4045630000,-0.7234247000,0.0274740800,0.1056178000,-0.0048983690,0.9940152000,-0.6299245000,1.4045630000,-0.7234247000,0.0274740800,0.1056178000,-0.0048983690,0.9940152000,-0.6299245000,1.4045630000,-0.7234247000,0.0274740800,0.1056178000,-0.0048983690,0.9940152000,
269.7151000000,272187,-0.6296434000,1.4040660000,-0.7230244000,0.0301241800,0.1099308000,-0.0038549220,0.9934752000,-0.6296434000,1.4040660000,-0.7230244000,0.0301241800,0.1099308000,-0.0038549220,0.9934752000,-0.6296434000,1.4040660000,-0.7230244000,0.0301241800,0.1099308000,-0.0038549220,0.9934752000,
269.7304000000,272199,-0.6295280000,1.4037780000,-0.7227859000,0.0320292500,0.1127598000,-0.0025792190,0.9931026000,-0.6295280000,1.4037780000,-0.7227859000,0.0320292500,0.1127598000,-0.0025792190,0.9931026000,-0.6295280000,1.4037780000,-0.7227859000,0.0320292500,0.1127598000,-0.0025792190,0.9931026000,
269.7432000000,272215,-0.6293020000,1.4035100000,-0.7223892000,0.0336969600,0.1154086000,-0.0011701260,0.9927457000,-0.6293020000,1.4035100000,-0.7223892000,0.0336969600,0.1154086000,-0.0011701260,0.9927457000,-0.6293020000,1.4035100000,-0.7223892000,0.0336969600,0.1154086000,-0.0011701260,0.9927457000,
269.7545000000,272227,-0.6293492000,1.4036120000,-0.7223463000,0.0333771000,0.1145426000,-0.0010115210,0.9928570000,-0.6293492000,1.4036120000,-0.7223463000,0.0333771000,0.1145426000,-0.0010115210,0.9928570000,-0.6293492000,1.4036120000,-0.7223463000,0.0333771000,0.1145426000,-0.0010115210,0.9928570000,
269.7660000000,272238,-0.6293266000,1.4035630000,-0.7220917000,0.0338597300,0.1148317000,-0.0004488945,0.9928076000,-0.6293266000,1.4035630000,-0.7220917000,0.0338597300,0.1148317000,-0.0004488945,0.9928076000,-0.6293266000,1.4035630000,-0.7220917000,0.0338597300,0.1148317000,-0.0004488945,0.9928076000,
269.7768000000,272250,-0.6292293000,1.4032570000,-0.7215118000,0.0359174800,0.1164791000,0.0010376720,0.9925430000,-0.6292293000,1.4032570000,-0.7215118000,0.0359174800,0.1164791000,0.0010376720,0.9925430000,-0.6292293000,1.4032570000,-0.7215118000,0.0359174800,0.1164791000,0.0010376720,0.9925430000,
269.7990000000,272260,-0.6294422000,1.4032240000,-0.7210321000,0.0364234900,0.1137906000,0.0003698806,0.9928368000,-0.6294422000,1.4032240000,-0.7210321000,0.0364234900,0.1137906000,0.0003698806,0.9928368000,-0.6294422000,1.4032240000,-0.7210321000,0.0364234900,0.1137906000,0.0003698806,0.9928368000,
269.8214000000,272283,-0.6295969000,1.4031230000,-0.7205939000,0.0368082200,0.1102072000,-0.0018801640,0.9932250000,-0.6295969000,1.4031230000,-0.7205939000,0.0368082200,0.1102072000,-0.0018801640,0.9932250000,-0.6295969000,1.4031230000,-0.7205939000,0.0368082200,0.1102072000,-0.0018801640,0.9932250000,
269.8434000000,272305,-0.6298363000,1.4030410000,-0.7202580000,0.0375206100,0.1071395000,-0.0040251180,0.9935277000,-0.6298363000,1.4030410000,-0.7202580000,0.0375206100,0.1071395000,-0.0040251180,0.9935277000,-0.6298363000,1.4030410000,-0.7202580000,0.0375206100,0.1071395000,-0.0040251180,0.9935277000,
269.8657000000,272327,-0.6299024000,1.4028960000,-0.7198548000,0.0384478400,0.1046542000,-0.0051539040,0.9937518000,-0.6299024000,1.4028960000,-0.7198548000,0.0384478400,0.1046542000,-0.0051539040,0.9937518000,-0.6299024000,1.4028960000,-0.7198548000,0.0384478400,0.1046542000,-0.0051539040,0.9937518000,
269.8877000000,272349,-0.6299698000,1.4028290000,-0.7195373000,0.0390926700,0.1021503000,-0.0051898090,0.9939870000,-0.6299698000,1.4028290000,-0.7195373000,0.0390926700,0.1021503000,-0.0051898090,0.9939870000,-0.6299698000,1.4028290000,-0.7195373000,0.0390926700,0.1021503000,-0.0051898090,0.9939870000,
269.9098000000,272371,-0.6301219000,1.4030010000,-0.7190683000,0.0386482300,0.0993571600,-0.0046478200,0.9942901000,-0.6301219000,1.4030010000,-0.7190683000,0.0386482300,0.0993571600,-0.0046478200,0.9942901000,-0.6301219000,1.4030010000,-0.7190683000,0.0386482300,0.0993571600,-0.0046478200,0.9942901000,
269.9319000000,272394,-0.6304083000,1.4032600000,-0.7187283000,0.0377428100,0.0957719600,-0.0038850920,0.9946799000,-0.6304083000,1.4032600000,-0.7187283000,0.0377428100,0.0957719600,-0.0038850920,0.9946799000,-0.6304083000,1.4032600000,-0.7187283000,0.0377428100,0.0957719600,-0.0038850920,0.9946799000,
269.9541000000,272416,-0.6308241000,1.4033810000,-0.7185359000,0.0372193200,0.0910077800,-0.0032976780,0.9951490000,-0.6308241000,1.4033810000,-0.7185359000,0.0372193200,0.0910077800,-0.0032976780,0.9951490000,-0.6308241000,1.4033810000,-0.7185359000,0.0372193200,0.0910077800,-0.0032976780,0.9951490000,
269.9765000000,272438,-0.6313767000,1.4034150000,-0.7184675000,0.0368654800,0.0853567800,-0.0027376230,0.9956645000,-0.6313767000,1.4034150000,-0.7184675000,0.0368654800,0.0853567800,-0.0027376230,0.9956645000,-0.6313767000,1.4034150000,-0.7184675000,0.0368654800,0.0853567800,-0.0027376230,0.9956645000,
269.9989000000,272460,-0.6319480000,1.4034810000,-0.7184525000,0.0365471800,0.0797606400,-0.0025318830,0.9961407000,-0.6319480000,1.4034810000,-0.7184525000,0.0365471800,0.0797606400,-0.0025318830,0.9961407000,-0.6319480000,1.4034810000,-0.7184525000,0.0365471800,0.0797606400,-0.0025318830,0.9961407000,
270.0214000000,272483,-0.6325278000,1.4036540000,-0.7183549000,0.0359337800,0.0742140600,-0.0030013870,0.9965903000,-0.6325278000,1.4036540000,-0.7183549000,0.0359337800,0.0742140600,-0.0030013870,0.9965903000,-0.6325278000,1.4036540000,-0.7183549000,0.0359337800,0.0742140600,-0.0030013870,0.9965903000,
270.0437000000,272505,-0.6330667000,1.4040440000,-0.7181733000,0.0345331300,0.0686736700,-0.0031688920,0.9970363000,-0.6330667000,1.4040440000,-0.7181733000,0.0345331300,0.0686736700,-0.0031688920,0.9970363000,-0.6330667000,1.4040440000,-0.7181733000,0.0345331300,0.0686736700,-0.0031688920,0.9970363000,
270.0660000000,272528,-0.6336806000,1.4044990000,-0.7180195000,0.0325630700,0.0620234200,-0.0039246400,0.9975356000,-0.6336806000,1.4044990000,-0.7180195000,0.0325630700,0.0620234200,-0.0039246400,0.9975356000,-0.6336806000,1.4044990000,-0.7180195000,0.0325630700,0.0620234200,-0.0039246400,0.9975356000,
270.0891000000,272550,-0.6344407000,1.4049390000,-0.7178271000,0.0308055100,0.0545238800,-0.0051039510,0.9980241000,-0.6344407000,1.4049390000,-0.7178271000,0.0308055100,0.0545238800,-0.0051039510,0.9980241000,-0.6344407000,1.4049390000,-0.7178271000,0.0308055100,0.0545238800,-0.0051039510,0.9980241000,
270.1113000000,272573,-0.6351120000,1.4052780000,-0.7177284000,0.0296545100,0.0470346700,-0.0062982800,0.9984331000,-0.6351120000,1.4052780000,-0.7177284000,0.0296545100,0.0470346700,-0.0062982800,0.9984331000,-0.6351120000,1.4052780000,-0.7177284000,0.0296545100,0.0470346700,-0.0062982800,0.9984331000,
270.1338000000,272595,-0.6357098000,1.4055110000,-0.7177231000,0.0286916800,0.0400230300,-0.0075751680,0.9987580000,-0.6357098000,1.4055110000,-0.7177231000,0.0286916800,0.0400230300,-0.0075751680,0.9987580000,-0.6357098000,1.4055110000,-0.7177231000,0.0286916800,0.0400230300,-0.0075751680,0.9987580000,
270.1558000000,272618,-0.6363616000,1.4058540000,-0.7176232000,0.0272537300,0.0336586500,-0.0089683780,0.9990215000,-0.6363616000,1.4058540000,-0.7176232000,0.0272537300,0.0336586500,-0.0089683780,0.9990215000,-0.6363616000,1.4058540000,-0.7176232000,0.0272537300,0.0336586500,-0.0089683780,0.9990215000,
270.1786000000,272640,-0.6371374000,1.4060870000,-0.7175465000,0.0258853400,0.0279576300,-0.0102084400,0.9992217000,-0.6371374000,1.4060870000,-0.7175465000,0.0258853400,0.0279576300,-0.0102084400,0.9992217000,-0.6371374000,1.4060870000,-0.7175465000,0.0258853400,0.0279576300,-0.0102084400,0.9992217000,
270.2008000000,272662,-0.6378136000,1.4062640000,-0.7175665000,0.0244554500,0.0227831500,-0.0110316000,0.9993804000,-0.6378136000,1.4062640000,-0.7175665000,0.0244554500,0.0227831500,-0.0110316000,0.9993804000,-0.6378136000,1.4062640000,-0.7175665000,0.0244554500,0.0227831500,-0.0110316000,0.9993804000,
270.2228000000,272685,-0.6385467000,1.4065110000,-0.7179019000,0.0233681100,0.0181818900,-0.0115148600,0.9994953000,-0.6385467000,1.4065110000,-0.7179019000,0.0233681100,0.0181818900,-0.0115148600,0.9994953000,-0.6385467000,1.4065110000,-0.7179019000,0.0233681100,0.0181818900,-0.0115148600,0.9994953000,
270.2467000000,272707,-0.6392202000,1.4067310000,-0.7182515000,0.0224840600,0.0142548300,-0.0118191400,0.9995757000,-0.6392202000,1.4067310000,-0.7182515000,0.0224840600,0.0142548300,-0.0118191400,0.9995757000,-0.6392202000,1.4067310000,-0.7182515000,0.0224840600,0.0142548300,-0.0118191400,0.9995757000,
270.2670000000,272731,-0.6399686000,1.4069170000,-0.7185898000,0.0217249500,0.0105493800,-0.0121617100,0.9996344000,-0.6399686000,1.4069170000,-0.7185898000,0.0217249500,0.0105493800,-0.0121617100,0.9996344000,-0.6399686000,1.4069170000,-0.7185898000,0.0217249500,0.0105493800,-0.0121617100,0.9996344000,
270.2895000000,272751,-0.6399782000,1.4069170000,-0.7186859000,0.0216591800,0.0114398300,-0.0120519100,0.9996274000,-0.6399782000,1.4069170000,-0.7186859000,0.0216591800,0.0114398300,-0.0120519100,0.9996274000,-0.6399782000,1.4069170000,-0.7186859000,0.0216591800,0.0114398300,-0.0120519100,0.9996274000,
270.3007000000,272773,-0.6410432000,1.4072190000,-0.7191451000,0.0200132700,0.0059538620,-0.0124657400,0.9997043000,-0.6410432000,1.4072190000,-0.7191451000,0.0200132700,0.0059538620,-0.0124657400,0.9997043000,-0.6410432000,1.4072190000,-0.7191451000,0.0200132700,0.0059538620,-0.0124657400,0.9997043000,
270.3114000000,272785,-0.6410191000,1.4072310000,-0.7191980000,0.0200824300,0.0063545460,-0.0124271400,0.9997009000,-0.6410191000,1.4072310000,-0.7191980000,0.0200824300,0.0063545460,-0.0124271400,0.9997009000,-0.6410191000,1.4072310000,-0.7191980000,0.0200824300,0.0063545460,-0.0124271400,0.9997009000,
270.3228000000,272795,-0.6413999000,1.4073150000,-0.7193799000,0.0196400400,0.0049424880,-0.0125428700,0.9997163000,-0.6413999000,1.4073150000,-0.7193799000,0.0196400400,0.0049424880,-0.0125428700,0.9997163000,-0.6413999000,1.4073150000,-0.7193799000,0.0196400400,0.0049424880,-0.0125428700,0.9997163000,
270.3349000000,272807,-0.6417944000,1.4073780000,-0.7195504000,0.0192212800,0.0037264440,-0.0124908500,0.9997303000,-0.6417944000,1.4073780000,-0.7195504000,0.0192212800,0.0037264440,-0.0124908500,0.9997303000,-0.6417944000,1.4073780000,-0.7195504000,0.0192212800,0.0037264440,-0.0124908500,0.9997303000,
270.3462000000,272818,-0.6422124000,1.4073980000,-0.7197101000,0.0186767100,0.0024407010,-0.0125019100,0.9997445000,-0.6422124000,1.4073980000,-0.7197101000,0.0186767100,0.0024407010,-0.0125019100,0.9997445000,-0.6422124000,1.4073980000,-0.7197101000,0.0186767100,0.0024407010,-0.0125019100,0.9997445000,
270.3561000000,272830,-0.6425898000,1.4075070000,-0.7199204000,0.0182217800,0.0010064700,-0.0125518000,0.9997547000,-0.6425898000,1.4075070000,-0.7199204000,0.0182217800,0.0010064700,-0.0125518000,0.9997547000,-0.6425898000,1.4075070000,-0.7199204000,0.0182217800,0.0010064700,-0.0125518000,0.9997547000,
270.3675000000,272840,-0.6430116000,1.4076100000,-0.7201557000,0.0176746900,-0.0002216260,-0.0125913600,0.9997645000,-0.6430116000,1.4076100000,-0.7201557000,0.0176746900,-0.0002216260,-0.0125913600,0.9997645000,-0.6430116000,1.4076100000,-0.7201557000,0.0176746900,-0.0002216260,-0.0125913600,0.9997645000,
270.3782000000,272852,-0.6434059000,1.4077060000,-0.7203834000,0.0169785100,-0.0014298260,-0.0127104200,0.9997740000,-0.6434059000,1.4077060000,-0.7203834000,0.0169785100,-0.0014298260,-0.0127104200,0.9997740000,-0.6434059000,1.4077060000,-0.7203834000,0.0169785100,-0.0014298260,-0.0127104200,0.9997740000,
270.3896000000,272862,-0.6438468000,1.4079030000,-0.7206964000,0.0161598600,-0.0025507430,-0.0125565500,0.9997873000,-0.6438468000,1.4079030000,-0.7206964000,0.0161598600,-0.0025507430,-0.0125565500,0.9997873000,-0.6438468000,1.4079030000,-0.7206964000,0.0161598600,-0.0025507430,-0.0125565500,0.9997873000,
270.4004000000,272874,-0.6442199000,1.4080320000,-0.7209423000,0.0155970100,-0.0035911640,-0.0124916900,0.9997939000,-0.6442199000,1.4080320000,-0.7209423000,0.0155970100,-0.0035911640,-0.0124916900,0.9997939000,-0.6442199000,1.4080320000,-0.7209423000,0.0155970100,-0.0035911640,-0.0124916900,0.9997939000,
270.4115000000,272885,-0.6445088000,1.4082640000,-0.7211537000,0.0150182100,-0.0044751560,-0.0123050800,0.9998015000,-0.6445088000,1.4082640000,-0.7211537000,0.0150182100,-0.0044751560,-0.0123050800,0.9998015000,-0.6445088000,1.4082640000,-0.7211537000,0.0150182100,-0.0044751560,-0.0123050800,0.9998015000,
270.4234000000,272895,-0.6448436000,1.4083290000,-0.7214003000,0.0144202000,-0.0053734490,-0.0120474100,0.9998090000,-0.6448436000,1.4083290000,-0.7214003000,0.0144202000,-0.0053734490,-0.0120474100,0.9998090000,-0.6448436000,1.4083290000,-0.7214003000,0.0144202000,-0.0053734490,-0.0120474100,0.9998090000,
270.4341000000,272908,-0.6450493000,1.4084680000,-0.7216136000,0.0139835200,-0.0060957630,-0.0115977100,0.9998164000,-0.6450493000,1.4084680000,-0.7216136000,0.0139835200,-0.0060957630,-0.0115977100,0.9998164000,-0.6450493000,1.4084680000,-0.7216136000,0.0139835200,-0.0060957630,-0.0115977100,0.9998164000,
270.4447000000,272918,-0.6454833000,1.4084530000,-0.7219107000,0.0135585900,-0.0068839330,-0.0112065600,0.9998216000,-0.6454833000,1.4084530000,-0.7219107000,0.0135585900,-0.0068839330,-0.0112065600,0.9998216000,-0.6454833000,1.4084530000,-0.7219107000,0.0135585900,-0.0068839330,-0.0112065600,0.9998216000,
270.4562000000,272929,-0.6457784000,1.4084690000,-0.7221541000,0.0132250000,-0.0077071250,-0.0107409000,0.9998252000,-0.6457784000,1.4084690000,-0.7221541000,0.0132250000,-0.0077071250,-0.0107409000,0.9998252000,-0.6457784000,1.4084690000,-0.7221541000,0.0132250000,-0.0077071250,-0.0107409000,0.9998252000,
270.4668000000,272940,-0.6461689000,1.4084920000,-0.7224336000,0.0129243500,-0.0083761650,-0.0102647400,0.9998288000,-0.6461689000,1.4084920000,-0.7224336000,0.0129243500,-0.0083761650,-0.0102647400,0.9998288000,-0.6461689000,1.4084920000,-0.7224336000,0.0129243500,-0.0083761650,-0.0102647400,0.9998288000,
270.4784000000,272951,-0.6464908000,1.4086010000,-0.7226417000,0.0126578900,-0.0089535460,-0.0097855340,0.9998320000,-0.6464908000,1.4086010000,-0.7226417000,0.0126578900,-0.0089535460,-0.0097855340,0.9998320000,-0.6464908000,1.4086010000,-0.7226417000,0.0126578900,-0.0089535460,-0.0097855340,0.9998320000,
270.4893000000,272962,-0.6467674000,1.4087500000,-0.7228501000,0.0122822700,-0.0093895130,-0.0094198540,0.9998361000,-0.6467674000,1.4087500000,-0.7228501000,0.0122822700,-0.0093895130,-0.0094198540,0.9998361000,-0.6467674000,1.4087500000,-0.7228501000,0.0122822700,-0.0093895130,-0.0094198540,0.9998361000,
270.5002000000,272973,-0.6470616000,1.4088780000,-0.7230091000,0.0118771100,-0.0098952050,-0.0090872880,0.9998392000,-0.6470616000,1.4088780000,-0.7230091000,0.0118771100,-0.0098952050,-0.0090872880,0.9998392000,-0.6470616000,1.4088780000,-0.7230091000,0.0118771100,-0.0098952050,-0.0090872880,0.9998392000,
270.5117000000,272984,-0.6473479000,1.4089520000,-0.7231443000,0.0114980000,-0.0101856400,-0.0088328800,0.9998430000,-0.6473479000,1.4089520000,-0.7231443000,0.0114980000,-0.0101856400,-0.0088328800,0.9998430000,-0.6473479000,1.4089520000,-0.7231443000,0.0114980000,-0.0101856400,-0.0088328800,0.9998430000,
270.5230000000,272995,-0.6475995000,1.4090190000,-0.7233129000,0.0111374800,-0.0104910700,-0.0085731310,0.9998462000,-0.6475995000,1.4090190000,-0.7233129000,0.0111374800,-0.0104910700,-0.0085731310,0.9998462000,-0.6475995000,1.4090190000,-0.7233129000,0.0111374800,-0.0104910700,-0.0085731310,0.9998462000,
270.5340000000,273007,-0.6478875000,1.4091460000,-0.7234485000,0.0108687700,-0.0107205700,-0.0082574240,0.9998494000,-0.6478875000,1.4091460000,-0.7234485000,0.0108687700,-0.0107205700,-0.0082574240,0.9998494000,-0.6478875000,1.4091460000,-0.7234485000,0.0108687700,-0.0107205700,-0.0082574240,0.9998494000,
270.5450000000,273018,-0.6481001000,1.4091620000,-0.7236574000,0.0105183000,-0.0109335100,-0.0078267270,0.9998543000,-0.6481001000,1.4091620000,-0.7236574000,0.0105183000,-0.0109335100,-0.0078267270,0.9998543000,-0.6481001000,1.4091620000,-0.7236574000,0.0105183000,-0.0109335100,-0.0078267270,0.9998543000,
270.5558000000,273029,-0.6483490000,1.4092830000,-0.7237794000,0.0101775800,-0.0111535500,-0.0073417020,0.9998591000,-0.6483490000,1.4092830000,-0.7237794000,0.0101775800,-0.0111535500,-0.0073417020,0.9998591000,-0.6483490000,1.4092830000,-0.7237794000,0.0101775800,-0.0111535500,-0.0073417020,0.9998591000,
270.5672000000,273040,-0.6485248000,1.4093370000,-0.7239225000,0.0098598390,-0.0113403400,-0.0067520640,0.9998643000,-0.6485248000,1.4093370000,-0.7239225000,0.0098598390,-0.0113403400,-0.0067520640,0.9998643000,-0.6485248000,1.4093370000,-0.7239225000,0.0098598390,-0.0113403400,-0.0067520640,0.9998643000,
270.5778000000,273051,-0.6486933000,1.4093880000,-0.7240384000,0.0095728130,-0.0116587900,-0.0062571780,0.9998667000,-0.6486933000,1.4093880000,-0.7240384000,0.0095728130,-0.0116587900,-0.0062571780,0.9998667000,-0.6486933000,1.4093880000,-0.7240384000,0.0095728130,-0.0116587900,-0.0062571780,0.9998667000,
270.5891000000,273062,-0.6488676000,1.4094360000,-0.7241707000,0.0092381900,-0.0117740000,-0.0056150780,0.9998723000,-0.6488676000,1.4094360000,-0.7241707000,0.0092381900,-0.0117740000,-0.0056150780,0.9998723000,-0.6488676000,1.4094360000,-0.7241707000,0.0092381900,-0.0117740000,-0.0056150780,0.9998723000,
270.6012000000,273073,-0.6489694000,1.4094570000,-0.7242382000,0.0089203480,-0.0119727900,-0.0051215880,0.9998754000,-0.6489694000,1.4094570000,-0.7242382000,0.0089203480,-0.0119727900,-0.0051215880,0.9998754000,-0.6489694000,1.4094570000,-0.7242382000,0.0089203480,-0.0119727900,-0.0051215880,0.9998754000,
270.6115000000,273085,-0.6490965000,1.4095100000,-0.7243211000,0.0086123920,-0.0121893200,-0.0046109010,0.9998780000,-0.6490965000,1.4095100000,-0.7243211000,0.0086123920,-0.0121893200,-0.0046109010,0.9998780000,-0.6490965000,1.4095100000,-0.7243211000,0.0086123920,-0.0121893200,-0.0046109010,0.9998780000,
270.6228000000,273095,-0.6492288000,1.4095310000,-0.7243567000,0.0082834620,-0.0123103200,-0.0042118250,0.9998811000,-0.6492288000,1.4095310000,-0.7243567000,0.0082834620,-0.0123103200,-0.0042118250,0.9998811000,-0.6492288000,1.4095310000,-0.7243567000,0.0082834620,-0.0123103200,-0.0042118250,0.9998811000,
270.6350000000,273107,-0.6493328000,1.4095550000,-0.7244253000,0.0081522230,-0.0124658300,-0.0039197490,0.9998814000,-0.6493328000,1.4095550000,-0.7244253000,0.0081522230,-0.0124658300,-0.0039197490,0.9998814000,-0.6493328000,1.4095550000,-0.7244253000,0.0081522230,-0.0124658300,-0.0039197490,0.9998814000,
270.6452000000,273119,-0.6494088000,1.4095660000,-0.7244852000,0.0078658290,-0.0124938700,-0.0036226580,0.9998845000,-0.6494088000,1.4095660000,-0.7244852000,0.0078658290,-0.0124938700,-0.0036226580,0.9998845000,-0.6494088000,1.4095660000,-0.7244852000,0.0078658290,-0.0124938700,-0.0036226580,0.9998845000,
270.6568000000,273129,-0.6494596000,1.4096130000,-0.7245021000,0.0076851380,-0.0126177900,-0.0034814770,0.9998848000,-0.6494596000,1.4096130000,-0.7245021000,0.0076851380,-0.0126177900,-0.0034814770,0.9998848000,-0.6494596000,1.4096130000,-0.7245021000,0.0076851380,-0.0126177900,-0.0034814770,0.9998848000,
270.6676000000,273140,-0.6494849000,1.4096740000,-0.7245381000,0.0074972020,-0.0126601500,-0.0033908830,0.9998860000,-0.6494849000,1.4096740000,-0.7245381000,0.0074972020,-0.0126601500,-0.0033908830,0.9998860000,-0.6494849000,1.4096740000,-0.7245381000,0.0074972020,-0.0126601500,-0.0033908830,0.9998860000,
270.6793000000,273151,-0.6493456000,1.4096230000,-0.7244439000,0.0078118560,-0.0125413700,-0.0037808360,0.9998837000,-0.6493456000,1.4096230000,-0.7244439000,0.0078118560,-0.0125413700,-0.0037808360,0.9998837000,-0.6493456000,1.4096230000,-0.7244439000,0.0078118560,-0.0125413700,-0.0037808360,0.9998837000,
270.6898000000,273163,-0.6494374000,1.4097020000,-0.7244802000,0.0074827820,-0.0127353800,-0.0034353360,0.9998850000,-0.6494374000,1.4097020000,-0.7244802000,0.0074827820,-0.0127353800,-0.0034353360,0.9998850000,-0.6494374000,1.4097020000,-0.7244802000,0.0074827820,-0.0127353800,-0.0034353360,0.9998850000,
270.7022000000,273175,-0.6494999000,1.4097000000,-0.7245107000,0.0074588770,-0.0128665700,-0.0032827930,0.9998841000,-0.6494999000,1.4097000000,-0.7245107000,0.0074588770,-0.0128665700,-0.0032827930,0.9998841000,-0.6494999000,1.4097000000,-0.7245107000,0.0074588770,-0.0128665700,-0.0032827930,0.9998841000,
270.7126000000,273186,-0.6495404000,1.4097280000,-0.7244956000,0.0075383850,-0.0128776300,-0.0031735230,0.9998837000,-0.6495404000,1.4097280000,-0.7244956000,0.0075383850,-0.0128776300,-0.0031735230,0.9998837000,-0.6495404000,1.4097280000,-0.7244956000,0.0075383850,-0.0128776300,-0.0031735230,0.9998837000,
270.7239000000,273196,-0.6495731000,1.4097170000,-0.7244892000,0.0076045010,-0.0128478600,-0.0031067600,0.9998838000,-0.6495731000,1.4097170000,-0.7244892000,0.0076045010,-0.0128478600,-0.0031067600,0.9998838000,-0.6495731000,1.4097170000,-0.7244892000,0.0076045010,-0.0128478600,-0.0031067600,0.9998838000,
270.7353000000,273208,-0.6495457000,1.4097390000,-0.7244377000,0.0077127440,-0.0129203300,-0.0030078600,0.9998823000,-0.6495457000,1.4097390000,-0.7244377000,0.0077127440,-0.0129203300,-0.0030078600,0.9998823000,-0.6495457000,1.4097390000,-0.7244377000,0.0077127440,-0.0129203300,-0.0030078600,0.9998823000,
270.7456000000,273219,-0.6495130000,1.4097430000,-0.7244389000,0.0078419000,-0.0129436000,-0.0029940680,0.9998810000,-0.6495130000,1.4097430000,-0.7244389000,0.0078419000,-0.0129436000,-0.0029940680,0.9998810000,-0.6495130000,1.4097430000,-0.7244389000,0.0078419000,-0.0129436000,-0.0029940680,0.9998810000,
270.7578000000,273230,-0.6494899000,1.4097110000,-0.7244015000,0.0080014860,-0.0129174600,-0.0030782830,0.9998798000,-0.6494899000,1.4097110000,-0.7244015000,0.0080014860,-0.0129174600,-0.0030782830,0.9998798000,-0.6494899000,1.4097110000,-0.7244015000,0.0080014860,-0.0129174600,-0.0030782830,0.9998798000,
270.7680000000,273241,-0.6494420000,1.4096920000,-0.7243485000,0.0081052200,-0.0129296600,-0.0031431160,0.9998786000,-0.6494420000,1.4096920000,-0.7243485000,0.0081052200,-0.0129296600,-0.0031431160,0.9998786000,-0.6494420000,1.4096920000,-0.7243485000,0.0081052200,-0.0129296600,-0.0031431160,0.9998786000,
270.7792000000,273252,-0.6493781000,1.4096430000,-0.7242992000,0.0083235120,-0.0129906300,-0.0032742430,0.9998757000,-0.6493781000,1.4096430000,-0.7242992000,0.0083235120,-0.0129906300,-0.0032742430,0.9998757000,-0.6493781000,1.4096430000,-0.7242992000,0.0083235120,-0.0129906300,-0.0032742430,0.9998757000,
270.7906000000,273263,-0.6493604000,1.4095500000,-0.7242963000,0.0086426330,-0.0129842300,-0.0034048710,0.9998726000,-0.6493604000,1.4095500000,-0.7242963000,0.0086426330,-0.0129842300,-0.0034048710,0.9998726000,-0.6493604000,1.4095500000,-0.7242963000,0.0086426330,-0.0129842300,-0.0034048710,0.9998726000,
270.8019000000,273274,-0.6493063000,1.4094810000,-0.7242420000,0.0089943260,-0.0130773700,-0.0034640350,0.9998680000,-0.6493063000,1.4094810000,-0.7242420000,0.0089943260,-0.0130773700,-0.0034640350,0.9998680000,-0.6493063000,1.4094810000,-0.7242420000,0.0089943260,-0.0130773700,-0.0034640350,0.9998680000,
270.8135000000,273286,-0.6492789000,1.4093930000,-0.7241931000,0.0093453390,-0.0130442600,-0.0035728890,0.9998649000,-0.6492789000,1.4093930000,-0.7241931000,0.0093453390,-0.0130442600,-0.0035728890,0.9998649000,-0.6492789000,1.4093930000,-0.7241931000,0.0093453390,-0.0130442600,-0.0035728890,0.9998649000,
270.8241000000,273297,-0.6492243000,1.4092890000,-0.7241075000,0.0097101140,-0.0132250900,-0.0035803490,0.9998590000,-0.6492243000,1.4092890000,-0.7241075000,0.0097101140,-0.0132250900,-0.0035803490,0.9998590000,-0.6492243000,1.4092890000,-0.7241075000,0.0097101140,-0.0132250900,-0.0035803490,0.9998590000,
270.8351000000,273308,-0.6491885000,1.4091950000,-0.7240353000,0.0100963300,-0.0132583400,-0.0036554200,0.9998545000,-0.6491885000,1.4091950000,-0.7240353000,0.0100963300,-0.0132583400,-0.0036554200,0.9998545000,-0.6491885000,1.4091950000,-0.7240353000,0.0100963300,-0.0132583400,-0.0036554200,0.9998545000,
270.8455000000,273319,-0.6491189000,1.4090390000,-0.7239001000,0.0104961100,-0.0133864600,-0.0037641650,0.9998482000,-0.6491189000,1.4090390000,-0.7239001000,0.0104961100,-0.0133864600,-0.0037641650,0.9998482000,-0.6491189000,1.4090390000,-0.7239001000,0.0104961100,-0.0133864600,-0.0037641650,0.9998482000,
270.8565000000,273329,-0.6490946000,1.4089310000,-0.7238281000,0.0109608100,-0.0133701600,-0.0038122320,0.9998433000,-0.6490946000,1.4089310000,-0.7238281000,0.0109608100,-0.0133701600,-0.0038122320,0.9998433000,-0.6490946000,1.4089310000,-0.7238281000,0.0109608100,-0.0133701600,-0.0038122320,0.9998433000,
270.8681000000,273340,-0.6490443000,1.4088750000,-0.7237275000,0.0113329200,-0.0135018900,-0.0039089360,0.9998370000,-0.6490443000,1.4088750000,-0.7237275000,0.0113329200,-0.0135018900,-0.0039089360,0.9998370000,-0.6490443000,1.4088750000,-0.7237275000,0.0113329200,-0.0135018900,-0.0039089360,0.9998370000,
270.8788000000,273352,-0.6490898000,1.4087720000,-0.7236283000,0.0116122500,-0.0137782600,-0.0039453550,0.9998299000,-0.6490898000,1.4087720000,-0.7236283000,0.0116122500,-0.0137782600,-0.0039453550,0.9998299000,-0.6490898000,1.4087720000,-0.7236283000,0.0116122500,-0.0137782600,-0.0039453550,0.9998299000,
270.8899000000,273363,-0.6492429000,1.4087330000,-0.7235782000,0.0119916900,-0.0144285900,-0.0039097690,0.9998164000,-0.6492429000,1.4087330000,-0.7235782000,0.0119916900,-0.0144285900,-0.0039097690,0.9998164000,-0.6492429000,1.4087330000,-0.7235782000,0.0119916900,-0.0144285900,-0.0039097690,0.9998164000,
270.9026000000,273374,-0.6493950000,1.4087370000,-0.7234747000,0.0122236500,-0.0155333500,-0.0036809720,0.9997979000,-0.6493950000,1.4087370000,-0.7234747000,0.0122236500,-0.0155333500,-0.0036809720,0.9997979000,-0.6493950000,1.4087370000,-0.7234747000,0.0122236500,-0.0155333500,-0.0036809720,0.9997979000,
270.9121000000,273386,-0.6496675000,1.4087070000,-0.7233679000,0.0125006400,-0.0169761500,-0.0034486790,0.9997718000,-0.6496675000,1.4087070000,-0.7233679000,0.0125006400,-0.0169761500,-0.0034486790,0.9997718000,-0.6496675000,1.4087070000,-0.7233679000,0.0125006400,-0.0169761500,-0.0034486790,0.9997718000,
270.9232000000,273396,-0.6500921000,1.4087140000,-0.7233944000,0.0128404100,-0.0191641200,-0.0032137290,0.9997287000,-0.6500921000,1.4087140000,-0.7233944000,0.0128404100,-0.0191641200,-0.0032137290,0.9997287000,-0.6500921000,1.4087140000,-0.7233944000,0.0128404100,-0.0191641200,-0.0032137290,0.9997287000,
270.9347000000,273407,-0.6506677000,1.4087040000,-0.7233176000,0.0134109400,-0.0222897900,-0.0030419520,0.9996570000,-0.6506677000,1.4087040000,-0.7233176000,0.0134109400,-0.0222897900,-0.0030419520,0.9996570000,-0.6506677000,1.4087040000,-0.7233176000,0.0134109400,-0.0222897900,-0.0030419520,0.9996570000,
270.9454000000,273418,-0.6513162000,1.4086560000,-0.7232351000,0.0139008500,-0.0259408900,-0.0027927820,0.9995629000,-0.6513162000,1.4086560000,-0.7232351000,0.0139008500,-0.0259408900,-0.0027927820,0.9995629000,-0.6513162000,1.4086560000,-0.7232351000,0.0139008500,-0.0259408900,-0.0027927820,0.9995629000,
270.9566000000,273429,-0.6521776000,1.4085960000,-0.7231679000,0.0146199300,-0.0309312600,-0.0024939320,0.9994115000,-0.6521776000,1.4085960000,-0.7231679000,0.0146199300,-0.0309312600,-0.0024939320,0.9994115000,-0.6521776000,1.4085960000,-0.7231679000,0.0146199300,-0.0309312600,-0.0024939320,0.9994115000,
270.9683000000,273440,-0.6532204000,1.4085630000,-0.7231543000,0.0151721200,-0.0368527000,-0.0021527010,0.9992032000,-0.6532204000,1.4085630000,-0.7231543000,0.0151721200,-0.0368527000,-0.0021527010,0.9992032000,-0.6532204000,1.4085630000,-0.7231543000,0.0151721200,-0.0368527000,-0.0021527010,0.9992032000,
270.9787000000,273452,-0.6544194000,1.4084830000,-0.7231905000,0.0158257800,-0.0435318900,-0.0017741670,0.9989251000,-0.6544194000,1.4084830000,-0.7231905000,0.0158257800,-0.0435318900,-0.0017741670,0.9989251000,-0.6544194000,1.4084830000,-0.7231905000,0.0158257800,-0.0435318900,-0.0017741670,0.9989251000,
270.9898000000,273463,-0.6557467000,1.4083790000,-0.7231765000,0.0164613900,-0.0513626500,-0.0013566300,0.9985435000,-0.6557467000,1.4083790000,-0.7231765000,0.0164613900,-0.0513626500,-0.0013566300,0.9985435000,-0.6557467000,1.4083790000,-0.7231765000,0.0164613900,-0.0513626500,-0.0013566300,0.9985435000,
271.0012000000,273474,-0.6570249000,1.4083320000,-0.7231412000,0.0171708400,-0.0594334700,-0.0011141790,0.9980839000,-0.6570249000,1.4083320000,-0.7231412000,0.0171708400,-0.0594334700,-0.0011141790,0.9980839000,-0.6570249000,1.4083320000,-0.7231412000,0.0171708400,-0.0594334700,-0.0011141790,0.9980839000,
271.0120000000,273485,-0.6585090000,1.4082570000,-0.7231231000,0.0178980400,-0.0678289500,-0.0007318691,0.9975362000,-0.6585090000,1.4082570000,-0.7231231000,0.0178980400,-0.0678289500,-0.0007318691,0.9975362000,-0.6585090000,1.4082570000,-0.7231231000,0.0178980400,-0.0678289500,-0.0007318691,0.9975362000,
271.0233000000,273496,-0.6600158000,1.4080570000,-0.7231724000,0.0187397900,-0.0764654800,-0.0003434907,0.9968960000,-0.6600158000,1.4080570000,-0.7231724000,0.0187397900,-0.0764654800,-0.0003434907,0.9968960000,-0.6600158000,1.4080570000,-0.7231724000,0.0187397900,-0.0764654800,-0.0003434907,0.9968960000,
271.0349000000,273507,-0.6615484000,1.4079130000,-0.7232132000,0.0196312100,-0.0852031200,0.0000216627,0.9961702000,-0.6615484000,1.4079130000,-0.7232132000,0.0196312100,-0.0852031200,0.0000216627,0.9961702000,-0.6615484000,1.4079130000,-0.7232132000,0.0196312100,-0.0852031200,0.0000216627,0.9961702000,
271.0453000000,273518,-0.6631675000,1.4076620000,-0.7232797000,0.0205538400,-0.0937804500,0.0004307044,0.9953806000,-0.6631675000,1.4076620000,-0.7232797000,0.0205538400,-0.0937804500,0.0004307044,0.9953806000,-0.6631675000,1.4076620000,-0.7232797000,0.0205538400,-0.0937804500,0.0004307044,0.9953806000,
271.0565000000,273529,-0.6647079000,1.4074840000,-0.7234330000,0.0216089200,-0.1024635000,0.0008488455,0.9945017000,-0.6647079000,1.4074840000,-0.7234330000,0.0216089200,-0.1024635000,0.0008488455,0.9945017000,-0.6647079000,1.4074840000,-0.7234330000,0.0216089200,-0.1024635000,0.0008488455,0.9945017000,
271.0675000000,273540,-0.6663342000,1.4072200000,-0.7235308000,0.0226688900,-0.1111182000,0.0013792220,0.9935477000,-0.6663342000,1.4072200000,-0.7235308000,0.0226688900,-0.1111182000,0.0013792220,0.9935477000,-0.6663342000,1.4072200000,-0.7235308000,0.0226688900,-0.1111182000,0.0013792220,0.9935477000,
271.0786000000,273551,-0.6679370000,1.4069950000,-0.7236936000,0.0238472200,-0.1197340000,0.0018735470,0.9925178000,-0.6679370000,1.4069950000,-0.7236936000,0.0238472200,-0.1197340000,0.0018735470,0.9925178000,-0.6679370000,1.4069950000,-0.7236936000,0.0238472200,-0.1197340000,0.0018735470,0.9925178000,
271.0896000000,273563,-0.6694987000,1.4067430000,-0.7238226000,0.0249624900,-0.1283352000,0.0024413830,0.9914137000,-0.6694987000,1.4067430000,-0.7238226000,0.0249624900,-0.1283352000,0.0024413830,0.9914137000,-0.6694987000,1.4067430000,-0.7238226000,0.0249624900,-0.1283352000,0.0024413830,0.9914137000,
271.1013000000,273574,-0.6710985000,1.4064790000,-0.7239556000,0.0262610800,-0.1368316000,0.0031727360,0.9902411000,-0.6710985000,1.4064790000,-0.7239556000,0.0262610800,-0.1368316000,0.0031727360,0.9902411000,-0.6710985000,1.4064790000,-0.7239556000,0.0262610800,-0.1368316000,0.0031727360,0.9902411000,
271.1119000000,273585,-0.6726491000,1.4061790000,-0.7241325000,0.0275206900,-0.1451262000,0.0038169860,0.9890230000,-0.6726491000,1.4061790000,-0.7241325000,0.0275206900,-0.1451262000,0.0038169860,0.9890230000,-0.6726491000,1.4061790000,-0.7241325000,0.0275206900,-0.1451262000,0.0038169860,0.9890230000,
271.1226000000,273596,-0.6741245000,1.4058240000,-0.7242985000,0.0288692600,-0.1533037000,0.0044844250,0.9877471000,-0.6741245000,1.4058240000,-0.7242985000,0.0288692600,-0.1533037000,0.0044844250,0.9877471000,-0.6741245000,1.4058240000,-0.7242985000,0.0288692600,-0.1533037000,0.0044844250,0.9877471000,
271.1337000000,273607,-0.6756306000,1.4055230000,-0.7244782000,0.0301579600,-0.1614414000,0.0053673720,0.9864068000,-0.6756306000,1.4055230000,-0.7244782000,0.0301579600,-0.1614414000,0.0053673720,0.9864068000,-0.6756306000,1.4055230000,-0.7244782000,0.0301579600,-0.1614414000,0.0053673720,0.9864068000,
271.1448000000,273618,-0.6771352000,1.4051290000,-0.7246602000,0.0315808200,-0.1692162000,0.0062376560,0.9850531000,-0.6771352000,1.4051290000,-0.7246602000,0.0315808200,-0.1692162000,0.0062376560,0.9850531000,-0.6771352000,1.4051290000,-0.7246602000,0.0315808200,-0.1692162000,0.0062376560,0.9850531000,
271.1559000000,273629,-0.6786284000,1.4048430000,-0.7248785000,0.0330073100,-0.1769733000,0.0071588350,0.9836360000,-0.6786284000,1.4048430000,-0.7248785000,0.0330073100,-0.1769733000,0.0071588350,0.9836360000,-0.6786284000,1.4048430000,-0.7248785000,0.0330073100,-0.1769733000,0.0071588350,0.9836360000,
271.1672000000,273640,-0.6801076000,1.4044500000,-0.7250891000,0.0344108000,-0.1845488000,0.0081334400,0.9821871000,-0.6801076000,1.4044500000,-0.7250891000,0.0344108000,-0.1845488000,0.0081334400,0.9821871000,-0.6801076000,1.4044500000,-0.7250891000,0.0344108000,-0.1845488000,0.0081334400,0.9821871000,
271.1786000000,273651,-0.6815588000,1.4041220000,-0.7253397000,0.0360060100,-0.1918730000,0.0091809050,0.9807161000,-0.6815588000,1.4041220000,-0.7253397000,0.0360060100,-0.1918730000,0.0091809050,0.9807161000,-0.6815588000,1.4041220000,-0.7253397000,0.0360060100,-0.1918730000,0.0091809050,0.9807161000,
271.1891000000,273662,-0.6829491000,1.4037780000,-0.7255814000,0.0372984800,-0.1990193000,0.0100146500,0.9792343000,-0.6829491000,1.4037780000,-0.7255814000,0.0372984800,-0.1990193000,0.0100146500,0.9792343000,-0.6829491000,1.4037780000,-0.7255814000,0.0372984800,-0.1990193000,0.0100146500,0.9792343000,
271.2011000000,273673,-0.6843312000,1.4034290000,-0.7258012000,0.0385964300,-0.2058862000,0.0109121400,0.9777536000,-0.6843312000,1.4034290000,-0.7258012000,0.0385964300,-0.2058862000,0.0109121400,0.9777536000,-0.6843312000,1.4034290000,-0.7258012000,0.0385964300,-0.2058862000,0.0109121400,0.9777536000,
271.2117000000,273685,-0.6856697000,1.4031390000,-0.7260811000,0.0399140400,-0.2123308000,0.0115016900,0.9763146000,-0.6856697000,1.4031390000,-0.7260811000,0.0399140400,-0.2123308000,0.0115016900,0.9763146000,-0.6856697000,1.4031390000,-0.7260811000,0.0399140400,-0.2123308000,0.0115016900,0.9763146000,
271.2227000000,273696,-0.6869414000,1.4027560000,-0.7263405000,0.0412854600,-0.2187132000,0.0121226600,0.9748400000,-0.6869414000,1.4027560000,-0.7263405000,0.0412854600,-0.2187132000,0.0121226600,0.9748400000,-0.6869414000,1.4027560000,-0.7263405000,0.0412854600,-0.2187132000,0.0121226600,0.9748400000,
271.2341000000,273707,-0.6881959000,1.4023730000,-0.7265186000,0.0425499500,-0.2245209000,0.0125215900,0.9734594000,-0.6881959000,1.4023730000,-0.7265186000,0.0425499500,-0.2245209000,0.0125215900,0.9734594000,-0.6881959000,1.4023730000,-0.7265186000,0.0425499500,-0.2245209000,0.0125215900,0.9734594000,
271.2450000000,273718,-0.6893578000,1.4019820000,-0.7267783000,0.0438785500,-0.2301064000,0.0129442700,0.9720896000,-0.6893578000,1.4019820000,-0.7267783000,0.0438785500,-0.2301064000,0.0129442700,0.9720896000,-0.6893578000,1.4019820000,-0.7267783000,0.0438785500,-0.2301064000,0.0129442700,0.9720896000,
271.2568000000,273729,-0.6904051000,1.4016420000,-0.7269864000,0.0450371000,-0.2350219000,0.0133515600,0.9708543000,-0.6904051000,1.4016420000,-0.7269864000,0.0450371000,-0.2350219000,0.0133515600,0.9708543000,-0.6904051000,1.4016420000,-0.7269864000,0.0450371000,-0.2350219000,0.0133515600,0.9708543000,
271.2673000000,273740,-0.6915176000,1.4013320000,-0.7272263000,0.0461131800,-0.2397767000,0.0138304500,0.9696337000,-0.6915176000,1.4013320000,-0.7272263000,0.0461131800,-0.2397767000,0.0138304500,0.9696337000,-0.6915176000,1.4013320000,-0.7272263000,0.0461131800,-0.2397767000,0.0138304500,0.9696337000,
271.2786000000,273751,-0.6925573000,1.4010750000,-0.7274175000,0.0469964400,-0.2443819000,0.0143696000,0.9684330000,-0.6925573000,1.4010750000,-0.7274175000,0.0469964400,-0.2443819000,0.0143696000,0.9684330000,-0.6925573000,1.4010750000,-0.7274175000,0.0469964400,-0.2443819000,0.0143696000,0.9684330000,
271.2890000000,273762,-0.6935828000,1.4008020000,-0.7276196000,0.0477428700,-0.2486808000,0.0148453400,0.9672942000,-0.6935828000,1.4008020000,-0.7276196000,0.0477428700,-0.2486808000,0.0148453400,0.9672942000,-0.6935828000,1.4008020000,-0.7276196000,0.0477428700,-0.2486808000,0.0148453400,0.9672942000,
271.3006000000,273773,-0.6946609000,1.4006260000,-0.7277479000,0.0486140900,-0.2525341000,0.0152191800,0.9662461000,-0.6946609000,1.4006260000,-0.7277479000,0.0486140900,-0.2525341000,0.0152191800,0.9662461000,-0.6946609000,1.4006260000,-0.7277479000,0.0486140900,-0.2525341000,0.0152191800,0.9662461000,
271.3114000000,273785,-0.6956000000,1.4004100000,-0.7279475000,0.0492619200,-0.2561278000,0.0156954500,0.9652593000,-0.6956000000,1.4004100000,-0.7279475000,0.0492619200,-0.2561278000,0.0156954500,0.9652593000,-0.6956000000,1.4004100000,-0.7279475000,0.0492619200,-0.2561278000,0.0156954500,0.9652593000,
271.3230000000,273795,-0.6964984000,1.4002000000,-0.7281053000,0.0499095700,-0.2596399000,0.0161460800,0.9642798000,-0.6964984000,1.4002000000,-0.7281053000,0.0499095700,-0.2596399000,0.0161460800,0.9642798000,-0.6964984000,1.4002000000,-0.7281053000,0.0499095700,-0.2596399000,0.0161460800,0.9642798000,
271.3340000000,273807,-0.6973712000,1.4000370000,-0.7282503000,0.0503464200,-0.2626464000,0.0168121200,0.9634311000,-0.6973712000,1.4000370000,-0.7282503000,0.0503464200,-0.2626464000,0.0168121200,0.9634311000,-0.6973712000,1.4000370000,-0.7282503000,0.0503464200,-0.2626464000,0.0168121200,0.9634311000,
271.3447000000,273818,-0.6981945000,1.3998760000,-0.7284071000,0.0511466600,-0.2654935000,0.0174314600,0.9625973000,-0.6981945000,1.3998760000,-0.7284071000,0.0511466600,-0.2654935000,0.0174314600,0.9625973000,-0.6981945000,1.3998760000,-0.7284071000,0.0511466600,-0.2654935000,0.0174314600,0.9625973000,
271.3557000000,273829,-0.6989861000,1.3997930000,-0.7285347000,0.0516717300,-0.2680060000,0.0182308800,0.9618579000,-0.6989861000,1.3997930000,-0.7285347000,0.0516717300,-0.2680060000,0.0182308800,0.9618579000,-0.6989861000,1.3997930000,-0.7285347000,0.0516717300,-0.2680060000,0.0182308800,0.9618579000,
271.3669000000,273839,-0.6997323000,1.3996630000,-0.7286401000,0.0520896200,-0.2702819000,0.0189558000,0.9611842000,-0.6997323000,1.3996630000,-0.7286401000,0.0520896200,-0.2702819000,0.0189558000,0.9611842000,-0.6997323000,1.3996630000,-0.7286401000,0.0520896200,-0.2702819000,0.0189558000,0.9611842000,
271.3782000000,273851,-0.7004824000,1.3995410000,-0.7287643000,0.0524994500,-0.2723804000,0.0196201800,0.9605560000,-0.7004824000,1.3995410000,-0.7287643000,0.0524994500,-0.2723804000,0.0196201800,0.9605560000,-0.7004824000,1.3995410000,-0.7287643000,0.0524994500,-0.2723804000,0.0196201800,0.9605560000,
271.3896000000,273862,-0.7011600000,1.3994780000,-0.7288373000,0.0527519100,-0.2742204000,0.0201501700,0.9600075000,-0.7011600000,1.3994780000,-0.7288373000,0.0527519100,-0.2742204000,0.0201501700,0.9600075000,-0.7011600000,1.3994780000,-0.7288373000,0.0527519100,-0.2742204000,0.0201501700,0.9600075000,
271.4008000000,273874,-0.7018526000,1.3994490000,-0.7288337000,0.0529337600,-0.2759830000,0.0206991700,0.9594806000,-0.7018526000,1.3994490000,-0.7288337000,0.0529337600,-0.2759830000,0.0206991700,0.9594806000,-0.7018526000,1.3994490000,-0.7288337000,0.0529337600,-0.2759830000,0.0206991700,0.9594806000,
271.4115000000,273885,-0.7025146000,1.3993640000,-0.7288151000,0.0531853900,-0.2776260000,0.0211934100,0.9589818000,-0.7025146000,1.3993640000,-0.7288151000,0.0531853900,-0.2776260000,0.0211934100,0.9589818000,-0.7025146000,1.3993640000,-0.7288151000,0.0531853900,-0.2776260000,0.0211934100,0.9589818000,
271.4234000000,273895,-0.7030802000,1.3992980000,-0.7288394000,0.0533847500,-0.2790358000,0.0217761600,0.9585483000,-0.7030802000,1.3992980000,-0.7288394000,0.0533847500,-0.2790358000,0.0217761600,0.9585483000,-0.7030802000,1.3992980000,-0.7288394000,0.0533847500,-0.2790358000,0.0217761600,0.9585483000,
271.4341000000,273907,-0.7035370000,1.3993750000,-0.7286894000,0.0535572300,-0.2803605000,0.0223858300,0.9581380000,-0.7035370000,1.3993750000,-0.7286894000,0.0535572300,-0.2803605000,0.0223858300,0.9581380000,-0.7035370000,1.3993750000,-0.7286894000,0.0535572300,-0.2803605000,0.0223858300,0.9581380000,
271.4451000000,273918,-0.7040520000,1.3993470000,-0.7286410000,0.0537367600,-0.2812921000,0.0229956400,0.9578404000,-0.7040520000,1.3993470000,-0.7286410000,0.0537367600,-0.2812921000,0.0229956400,0.9578404000,-0.7040520000,1.3993470000,-0.7286410000,0.0537367600,-0.2812921000,0.0229956400,0.9578404000,
271.4561000000,273929,-0.7043910000,1.3994640000,-0.7284641000,0.0538965200,-0.2823471000,0.0236885000,0.9575042000,-0.7043910000,1.3994640000,-0.7284641000,0.0538965200,-0.2823471000,0.0236885000,0.9575042000,-0.7043910000,1.3994640000,-0.7284641000,0.0538965200,-0.2823471000,0.0236885000,0.9575042000,
271.4669000000,273940,-0.7048445000,1.3994470000,-0.7283645000,0.0539314900,-0.2830177000,0.0244062200,0.9572861000,-0.7048445000,1.3994470000,-0.7283645000,0.0539314900,-0.2830177000,0.0244062200,0.9572861000,-0.7048445000,1.3994470000,-0.7283645000,0.0539314900,-0.2830177000,0.0244062200,0.9572861000,
271.4778000000,273951,-0.7052817000,1.3994500000,-0.7282810000,0.0540525500,-0.2838072000,0.0252276900,0.9570243000,-0.7052817000,1.3994500000,-0.7282810000,0.0540525500,-0.2838072000,0.0252276900,0.9570243000,-0.7052817000,1.3994500000,-0.7282810000,0.0540525500,-0.2838072000,0.0252276900,0.9570243000,
271.4891000000,273962,-0.7056689000,1.3994190000,-0.7281692000,0.0541154700,-0.2844163000,0.0260603600,0.9568175000,-0.7056689000,1.3994190000,-0.7281692000,0.0541154700,-0.2844163000,0.0260603600,0.9568175000,-0.7056689000,1.3994190000,-0.7281692000,0.0541154700,-0.2844163000,0.0260603600,0.9568175000,
271.4998000000,273973,-0.7059858000,1.3993450000,-0.7281301000,0.0542812900,-0.2849918000,0.0269915700,0.9566110000,-0.7059858000,1.3993450000,-0.7281301000,0.0542812900,-0.2849918000,0.0269915700,0.9566110000,-0.7059858000,1.3993450000,-0.7281301000,0.0542812900,-0.2849918000,0.0269915700,0.9566110000,
271.5110000000,273984,-0.7062793000,1.3993430000,-0.7280920000,0.0544418400,-0.2855306000,0.0277470200,0.9564196000,-0.7062793000,1.3993430000,-0.7280920000,0.0544418400,-0.2855306000,0.0277470200,0.9564196000,-0.7062793000,1.3993430000,-0.7280920000,0.0544418400,-0.2855306000,0.0277470200,0.9564196000,
271.5222000000,273995,-0.7065182000,1.3992320000,-0.7280209000,0.0547197800,-0.2859291000,0.0285490200,0.9562611000,-0.7065182000,1.3992320000,-0.7280209000,0.0547197800,-0.2859291000,0.0285490200,0.9562611000,-0.7065182000,1.3992320000,-0.7280209000,0.0547197800,-0.2859291000,0.0285490200,0.9562611000,
271.5341000000,274006,-0.7067428000,1.3992190000,-0.7280271000,0.0549633500,-0.2860825000,0.0292293500,0.9561807000,-0.7067428000,1.3992190000,-0.7280271000,0.0549633500,-0.2860825000,0.0292293500,0.9561807000,-0.7067428000,1.3992190000,-0.7280271000,0.0549633500,-0.2860825000,0.0292293500,0.9561807000,
271.5445000000,274018,-0.7069578000,1.3991140000,-0.7279446000,0.0553362400,-0.2861453000,0.0298697800,0.9561206000,-0.7069578000,1.3991140000,-0.7279446000,0.0553362400,-0.2861453000,0.0298697800,0.9561206000,-0.7069578000,1.3991140000,-0.7279446000,0.0553362400,-0.2861453000,0.0298697800,0.9561206000,
271.5553000000,274029,-0.7071536000,1.3990540000,-0.7277918000,0.0556966700,-0.2862731000,0.0304462400,0.9560432000,-0.7071536000,1.3990540000,-0.7277918000,0.0556966700,-0.2862731000,0.0304462400,0.9560432000,-0.7071536000,1.3990540000,-0.7277918000,0.0556966700,-0.2862731000,0.0304462400,0.9560432000,
271.5670000000,274039,-0.7072885000,1.3989680000,-0.7276490000,0.0560514800,-0.2861148000,0.0308101700,0.9560582000,-0.7072885000,1.3989680000,-0.7276490000,0.0560514800,-0.2861148000,0.0308101700,0.9560582000,-0.7072885000,1.3989680000,-0.7276490000,0.0560514800,-0.2861148000,0.0308101700,0.9560582000,
271.5779000000,274051,-0.7077124000,1.3989560000,-0.7276733000,0.0564244500,-0.2860100000,0.0310891200,0.9560586000,-0.7077124000,1.3989560000,-0.7276733000,0.0564244500,-0.2860100000,0.0310891200,0.9560586000,-0.7077124000,1.3989560000,-0.7276733000,0.0564244500,-0.2860100000,0.0310891200,0.9560586000,
271.5889000000,274062,-0.7078109000,1.3988710000,-0.7275307000,0.0567454200,-0.2857482000,0.0312925900,0.9561113000,-0.7078109000,1.3988710000,-0.7275307000,0.0567454200,-0.2857482000,0.0312925900,0.9561113000,-0.7078109000,1.3988710000,-0.7275307000,0.0567454200,-0.2857482000,0.0312925900,0.9561113000,
271.6010000000,274073,-0.7082133000,1.3984090000,-0.7276611000,0.0571276000,-0.2854508000,0.0315401300,0.9561692000,-0.7082133000,1.3984090000,-0.7276611000,0.0571276000,-0.2854508000,0.0315401300,0.9561692000,-0.7082133000,1.3984090000,-0.7276611000,0.0571276000,-0.2854508000,0.0315401300,0.9561692000,
271.6110000000,274085,-0.7082565000,1.3982910000,-0.7275279000,0.0576541800,-0.2850693000,0.0314930600,0.9562530000,-0.7082565000,1.3982910000,-0.7275279000,0.0576541800,-0.2850693000,0.0314930600,0.9562530000,-0.7082565000,1.3982910000,-0.7275279000,0.0576541800,-0.2850693000,0.0314930600,0.9562530000,
271.6224000000,274095,-0.7082183000,1.3981830000,-0.7273917000,0.0581454500,-0.2845559000,0.0314713100,0.9563768000,-0.7082183000,1.3981830000,-0.7273917000,0.0581454500,-0.2845559000,0.0314713100,0.9563768000,-0.7082183000,1.3981830000,-0.7273917000,0.0581454500,-0.2845559000,0.0314713100,0.9563768000,
271.6339000000,274107,-0.7081242000,1.3980490000,-0.7272341000,0.0586502800,-0.2838894000,0.0313010500,0.9565496000,-0.7081242000,1.3980490000,-0.7272341000,0.0586502800,-0.2838894000,0.0313010500,0.9565496000,-0.7081242000,1.3980490000,-0.7272341000,0.0586502800,-0.2838894000,0.0313010500,0.9565496000,
271.6444000000,274118,-0.7080731000,1.3980110000,-0.7270291000,0.0590454800,-0.2831236000,0.0311143500,0.9567584000,-0.7080731000,1.3980110000,-0.7270291000,0.0590454800,-0.2831236000,0.0311143500,0.9567584000,-0.7080731000,1.3980110000,-0.7270291000,0.0590454800,-0.2831236000,0.0311143500,0.9567584000,
271.6554000000,274128,-0.7079301000,1.3979430000,-0.7267694000,0.0595272500,-0.2821661000,0.0308150900,0.9570210000,-0.7079301000,1.3979430000,-0.7267694000,0.0595272500,-0.2821661000,0.0308150900,0.9570210000,-0.7079301000,1.3979430000,-0.7267694000,0.0595272500,-0.2821661000,0.0308150900,0.9570210000,
271.6668000000,274139,-0.7077477000,1.3979110000,-0.7265258000,0.0599139100,-0.2810374000,0.0304357700,0.9573411000,-0.7077477000,1.3979110000,-0.7265258000,0.0599139100,-0.2810374000,0.0304357700,0.9573411000,-0.7077477000,1.3979110000,-0.7265258000,0.0599139100,-0.2810374000,0.0304357700,0.9573411000,
271.6786000000,274151,-0.7075005000,1.3979110000,-0.7263379000,0.0603532200,-0.2796682000,0.0300588400,0.9577264000,-0.7075005000,1.3979110000,-0.7263379000,0.0603532200,-0.2796682000,0.0300588400,0.9577264000,-0.7075005000,1.3979110000,-0.7263379000,0.0603532200,-0.2796682000,0.0300588400,0.9577264000,
271.6886000000,274162,-0.7072289000,1.3978750000,-0.7260966000,0.0607401700,-0.2780421000,0.0295299000,0.9581916000,-0.7072289000,1.3978750000,-0.7260966000,0.0607401700,-0.2780421000,0.0295299000,0.9581916000,-0.7072289000,1.3978750000,-0.7260966000,0.0607401700,-0.2780421000,0.0295299000,0.9581916000,
271.7000000000,274173,-0.7068896000,1.3978480000,-0.7258916000,0.0611889400,-0.2763600000,0.0290492200,0.9586643000,-0.7068896000,1.3978480000,-0.7258916000,0.0611889400,-0.2763600000,0.0290492200,0.9586643000,-0.7068896000,1.3978480000,-0.7258916000,0.0611889400,-0.2763600000,0.0290492200,0.9586643000,
271.7112000000,274184,-0.7064571000,1.3977540000,-0.7256420000,0.0617093100,-0.2743483000,0.0287214000,0.9592184000,-0.7064571000,1.3977540000,-0.7256420000,0.0617093100,-0.2743483000,0.0287214000,0.9592184000,-0.7064571000,1.3977540000,-0.7256420000,0.0617093100,-0.2743483000,0.0287214000,0.9592184000,
271.7222000000,274195,-0.7060332000,1.3977200000,-0.7253811000,0.0623518700,-0.2722317000,0.0282630300,0.9597934000,-0.7060332000,1.3977200000,-0.7253811000,0.0623518700,-0.2722317000,0.0282630300,0.9597934000,-0.7060332000,1.3977200000,-0.7253811000,0.0623518700,-0.2722317000,0.0282630300,0.9597934000,
271.7340000000,274206,-0.7054696000,1.3975570000,-0.7250364000,0.0629437100,-0.2699533000,0.0278243600,0.9604110000,-0.7054696000,1.3975570000,-0.7250364000,0.0629437100,-0.2699533000,0.0278243600,0.9604110000,-0.7054696000,1.3975570000,-0.7250364000,0.0629437100,-0.2699533000,0.0278243600,0.9604110000,
271.7443000000,274218,-0.7048328000,1.3975510000,-0.7246981000,0.0632646000,-0.2675208000,0.0272453900,0.9610869000,-0.7048328000,1.3975510000,-0.7246981000,0.0632646000,-0.2675208000,0.0272453900,0.9610869000,-0.7048328000,1.3975510000,-0.7246981000,0.0632646000,-0.2675208000,0.0272453900,0.9610869000,
271.7553000000,274229,-0.7042677000,1.3975870000,-0.7243903000,0.0636897800,-0.2648689000,0.0265506800,0.9618124000,-0.7042677000,1.3975870000,-0.7243903000,0.0636897800,-0.2648689000,0.0265506800,0.9618124000,-0.7042677000,1.3975870000,-0.7243903000,0.0636897800,-0.2648689000,0.0265506800,0.9618124000,
271.7668000000,274239,-0.7039113000,1.3974560000,-0.7242806000,0.0639812800,-0.2618346000,0.0257643600,0.9626449000,-0.7039113000,1.3974560000,-0.7242806000,0.0639812800,-0.2618346000,0.0257643600,0.9626449000,-0.7039113000,1.3974560000,-0.7242806000,0.0639812800,-0.2618346000,0.0257643600,0.9626449000,
271.7773000000,274251,-0.7031739000,1.3975210000,-0.7238882000,0.0641457300,-0.2583934000,0.0247007900,0.9635912000,-0.7031739000,1.3975210000,-0.7238882000,0.0641457300,-0.2583934000,0.0247007900,0.9635912000,-0.7031739000,1.3975210000,-0.7238882000,0.0641457300,-0.2583934000,0.0247007900,0.9635912000,
271.7881000000,274261,-0.7022879000,1.3975350000,-0.7234795000,0.0644072300,-0.2545677000,0.0235639100,0.9646200000,-0.7022879000,1.3975350000,-0.7234795000,0.0644072300,-0.2545677000,0.0235639100,0.9646200000,-0.7022879000,1.3975350000,-0.7234795000,0.0644072300,-0.2545677000,0.0235639100,0.9646200000,
271.7995000000,274272,-0.7013633000,1.3975470000,-0.7230802000,0.0645956100,-0.2504891000,0.0225961500,0.9656977000,-0.7013633000,1.3975470000,-0.7230802000,0.0645956100,-0.2504891000,0.0225961500,0.9656977000,-0.7013633000,1.3975470000,-0.7230802000,0.0645956100,-0.2504891000,0.0225961500,0.9656977000,
271.8101000000,274283,-0.7004247000,1.3975660000,-0.7226870000,0.0649212300,-0.2463334000,0.0217325900,0.9667641000,-0.7004247000,1.3975660000,-0.7226870000,0.0649212300,-0.2463334000,0.0217325900,0.9667641000,-0.7004247000,1.3975660000,-0.7226870000,0.0649212300,-0.2463334000,0.0217325900,0.9667641000,
271.8217000000,274294,-0.6994550000,1.3976110000,-0.7222233000,0.0651525600,-0.2422083000,0.0210410300,0.9678056000,-0.6994550000,1.3976110000,-0.7222233000,0.0651525600,-0.2422083000,0.0210410300,0.9678056000,-0.6994550000,1.3976110000,-0.7222233000,0.0651525600,-0.2422083000,0.0210410300,0.9678056000,
271.8327000000,274305,-0.6983237000,1.3975250000,-0.7217412000,0.0653135700,-0.2377896000,0.0204216600,0.9689031000,-0.6983237000,1.3975250000,-0.7217412000,0.0653135700,-0.2377896000,0.0204216600,0.9689031000,-0.6983237000,1.3975250000,-0.7217412000,0.0653135700,-0.2377896000,0.0204216600,0.9689031000,
271.8452000000,274317,-0.6971707000,1.3976030000,-0.7212231000,0.0654002800,-0.2329435000,0.0199132800,0.9700844000,-0.6971707000,1.3976030000,-0.7212231000,0.0654002800,-0.2329435000,0.0199132800,0.9700844000,-0.6971707000,1.3976030000,-0.7212231000,0.0654002800,-0.2329435000,0.0199132800,0.9700844000,
271.8547000000,274329,-0.6959565000,1.3976710000,-0.7207029000,0.0654380100,-0.2279264000,0.0194019200,0.9712832000,-0.6959565000,1.3976710000,-0.7207029000,0.0654380100,-0.2279264000,0.0194019200,0.9712832000,-0.6959565000,1.3976710000,-0.7207029000,0.0654380100,-0.2279264000,0.0194019200,0.9712832000,
271.8660000000,274339,-0.6947193000,1.3977460000,-0.7201555000,0.0652699200,-0.2224721000,0.0189413700,0.9725673000,-0.6947193000,1.3977460000,-0.7201555000,0.0652699200,-0.2224721000,0.0189413700,0.9725673000,-0.6947193000,1.3977460000,-0.7201555000,0.0652699200,-0.2224721000,0.0189413700,0.9725673000,
271.8770000000,274350,-0.6934414000,1.3977920000,-0.7195082000,0.0653499600,-0.2168797000,0.0185589900,0.9738317000,-0.6934414000,1.3977920000,-0.7195082000,0.0653499600,-0.2168797000,0.0185589900,0.9738317000,-0.6934414000,1.3977920000,-0.7195082000,0.0653499600,-0.2168797000,0.0185589900,0.9738317000,
271.8882000000,274361,-0.6921203000,1.3978520000,-0.7189705000,0.0654282500,-0.2111027000,0.0182929600,0.9751001000,-0.6921203000,1.3978520000,-0.7189705000,0.0654282500,-0.2111027000,0.0182929600,0.9751001000,-0.6921203000,1.3978520000,-0.7189705000,0.0654282500,-0.2111027000,0.0182929600,0.9751001000,
271.8996000000,274372,-0.6908026000,1.3978970000,-0.7184160000,0.0653745100,-0.2056143000,0.0180425200,0.9762804000,-0.6908026000,1.3978970000,-0.7184160000,0.0653745100,-0.2056143000,0.0180425200,0.9762804000,-0.6908026000,1.3978970000,-0.7184160000,0.0653745100,-0.2056143000,0.0180425200,0.9762804000,
271.9106000000,274383,-0.6894972000,1.3978910000,-0.7178807000,0.0654386800,-0.2001981000,0.0177775200,0.9774060000,-0.6894972000,1.3978910000,-0.7178807000,0.0654386800,-0.2001981000,0.0177775200,0.9774060000,-0.6894972000,1.3978910000,-0.7178807000,0.0654386800,-0.2001981000,0.0177775200,0.9774060000,
271.9212000000,274395,-0.6882393000,1.3979500000,-0.7174256000,0.0654185800,-0.1952096000,0.0174392600,0.9784220000,-0.6882393000,1.3979500000,-0.7174256000,0.0654185800,-0.1952096000,0.0174392600,0.9784220000,-0.6882393000,1.3979500000,-0.7174256000,0.0654185800,-0.1952096000,0.0174392600,0.9784220000,
271.9330000000,274405,-0.6870441000,1.3980260000,-0.7169907000,0.0654264200,-0.1910340000,0.0167937100,0.9792566000,-0.6870441000,1.3980260000,-0.7169907000,0.0654264200,-0.1910340000,0.0167937100,0.9792566000,-0.6870441000,1.3980260000,-0.7169907000,0.0654264200,-0.1910340000,0.0167937100,0.9792566000,
271.9437000000,274417,-0.6859908000,1.3980950000,-0.7166042000,0.0653384600,-0.1877035000,0.0162004200,0.9799163000,-0.6859908000,1.3980950000,-0.7166042000,0.0653384600,-0.1877035000,0.0162004200,0.9799163000,-0.6859908000,1.3980950000,-0.7166042000,0.0653384600,-0.1877035000,0.0162004200,0.9799163000,
271.9547000000,274428,-0.6850896000,1.3981010000,-0.7164035000,0.0652849300,-0.1853232000,0.0151675300,0.9803893000,-0.6850896000,1.3981010000,-0.7164035000,0.0652849300,-0.1853232000,0.0151675300,0.9803893000,-0.6850896000,1.3981010000,-0.7164035000,0.0652849300,-0.1853232000,0.0151675300,0.9803893000,
271.9669000000,274438,-0.6843288000,1.3981000000,-0.7162163000,0.0654946400,-0.1839457000,0.0141451500,0.9806500000,-0.6843288000,1.3981000000,-0.7162163000,0.0654946400,-0.1839457000,0.0141451500,0.9806500000,-0.6843288000,1.3981000000,-0.7162163000,0.0654946400,-0.1839457000,0.0141451500,0.9806500000,
271.9769000000,274451,-0.6838264000,1.3978970000,-0.7162175000,0.0657771000,-0.1829017000,0.0130932400,0.9808409000,-0.6838264000,1.3978970000,-0.7162175000,0.0657771000,-0.1829017000,0.0130932400,0.9808409000,-0.6838264000,1.3978970000,-0.7162175000,0.0657771000,-0.1829017000,0.0130932400,0.9808409000,
271.9879000000,274461,-0.6832392000,1.3978450000,-0.7161255000,0.0663452900,-0.1827541000,0.0120667600,0.9808434000,-0.6832392000,1.3978450000,-0.7161255000,0.0663452900,-0.1827541000,0.0120667600,0.9808434000,-0.6832392000,1.3978450000,-0.7161255000,0.0663452900,-0.1827541000,0.0120667600,0.9808434000,
271.9998000000,274472,-0.6827354000,1.3977610000,-0.7159836000,0.0667932400,-0.1828374000,0.0110727800,0.9808092000,-0.6827354000,1.3977610000,-0.7159836000,0.0667932400,-0.1828374000,0.0110727800,0.9808092000,-0.6827354000,1.3977610000,-0.7159836000,0.0667932400,-0.1828374000,0.0110727800,0.9808092000,
272.0109000000,274484,-0.6822727000,1.3976850000,-0.7158360000,0.0671180200,-0.1828254000,0.0103089100,0.9807975000,-0.6822727000,1.3976850000,-0.7158360000,0.0671180200,-0.1828254000,0.0103089100,0.9807975000,-0.6822727000,1.3976850000,-0.7158360000,0.0671180200,-0.1828254000,0.0103089100,0.9807975000,
272.0212000000,274495,-0.6819034000,1.3976280000,-0.7157476000,0.0675015600,-0.1832791000,0.0096916540,0.9806928000,-0.6819034000,1.3976280000,-0.7157476000,0.0675015600,-0.1832791000,0.0096916540,0.9806928000,-0.6819034000,1.3976280000,-0.7157476000,0.0675015600,-0.1832791000,0.0096916540,0.9806928000,
272.0330000000,274505,-0.6815937000,1.3975810000,-0.7156413000,0.0679638400,-0.1841906000,0.0091161510,0.9804956000,-0.6815937000,1.3975810000,-0.7156413000,0.0679638400,-0.1841906000,0.0091161510,0.9804956000,-0.6815937000,1.3975810000,-0.7156413000,0.0679638400,-0.1841906000,0.0091161510,0.9804956000,
272.0439000000,274517,-0.6813531000,1.3975620000,-0.7156446000,0.0683852300,-0.1854612000,0.0086138280,0.9802313000,-0.6813531000,1.3975620000,-0.7156446000,0.0683852300,-0.1854612000,0.0086138280,0.9802313000,-0.6813531000,1.3975620000,-0.7156446000,0.0683852300,-0.1854612000,0.0086138280,0.9802313000,
272.0548000000,274528,-0.6811633000,1.3974230000,-0.7156074000,0.0688170900,-0.1868092000,0.0080707500,0.9799497000,-0.6811633000,1.3974230000,-0.7156074000,0.0688170900,-0.1868092000,0.0080707500,0.9799497000,-0.6811633000,1.3974230000,-0.7156074000,0.0688170900,-0.1868092000,0.0080707500,0.9799497000,
272.0661000000,274539,-0.6810677000,1.3973310000,-0.7156396000,0.0694671500,-0.1886517000,0.0075703040,0.9795548000,-0.6810677000,1.3973310000,-0.7156396000,0.0694671500,-0.1886517000,0.0075703040,0.9795548000,-0.6810677000,1.3973310000,-0.7156396000,0.0694671500,-0.1886517000,0.0075703040,0.9795548000,
272.0789000000,274550,-0.6810858000,1.3972070000,-0.7156281000,0.0699442300,-0.1906964000,0.0071231940,0.9791282000,-0.6810858000,1.3972070000,-0.7156281000,0.0699442300,-0.1906964000,0.0071231940,0.9791282000,-0.6810858000,1.3972070000,-0.7156281000,0.0699442300,-0.1906964000,0.0071231940,0.9791282000,
272.0882000000,274562,-0.6810937000,1.3971620000,-0.7156262000,0.0703430500,-0.1926630000,0.0067175530,0.9787174000,-0.6810937000,1.3971620000,-0.7156262000,0.0703430500,-0.1926630000,0.0067175530,0.9787174000,-0.6810937000,1.3971620000,-0.7156262000,0.0703430500,-0.1926630000,0.0067175530,0.9787174000,
272.0991000000,274572,-0.6812201000,1.3970910000,-0.7156358000,0.0705805100,-0.1949413000,0.0063998640,0.9782512000,-0.6812201000,1.3970910000,-0.7156358000,0.0705805100,-0.1949413000,0.0063998640,0.9782512000,-0.6812201000,1.3970910000,-0.7156358000,0.0705805100,-0.1949413000,0.0063998640,0.9782512000,
272.1101000000,274583,-0.6813023000,1.3970360000,-0.7156603000,0.0706312100,-0.1971485000,0.0059717550,0.9778078000,-0.6813023000,1.3970360000,-0.7156603000,0.0706312100,-0.1971485000,0.0059717550,0.9778078000,-0.6813023000,1.3970360000,-0.7156603000,0.0706312100,-0.1971485000,0.0059717550,0.9778078000,
272.1212000000,274595,-0.6814768000,1.3970180000,-0.7157362000,0.0704951700,-0.1995306000,0.0057387820,0.9773357000,-0.6814768000,1.3970180000,-0.7157362000,0.0704951700,-0.1995306000,0.0057387820,0.9773357000,-0.6814768000,1.3970180000,-0.7157362000,0.0704951700,-0.1995306000,0.0057387820,0.9773357000,
272.1332000000,274605,-0.6817660000,1.3970220000,-0.7158005000,0.0704674300,-0.2019410000,0.0055079610,0.9768438000,-0.6817660000,1.3970220000,-0.7158005000,0.0704674300,-0.2019410000,0.0055079610,0.9768438000,-0.6817660000,1.3970220000,-0.7158005000,0.0704674300,-0.2019410000,0.0055079610,0.9768438000,
272.1464000000,274617,-0.6819901000,1.3969900000,-0.7159333000,0.0704350600,-0.2044124000,0.0052646400,0.9763333000,-0.6819901000,1.3969900000,-0.7159333000,0.0704350600,-0.2044124000,0.0052646400,0.9763333000,-0.6819901000,1.3969900000,-0.7159333000,0.0704350600,-0.2044124000,0.0052646400,0.9763333000,
272.1550000000,274630,-0.6822400000,1.3969400000,-0.7159944000,0.0704640800,-0.2067983000,0.0050496240,0.9758298000,-0.6822400000,1.3969400000,-0.7159944000,0.0704640800,-0.2067983000,0.0050496240,0.9758298000,-0.6822400000,1.3969400000,-0.7159944000,0.0704640800,-0.2067983000,0.0050496240,0.9758298000,
272.1654000000,274639,-0.6824894000,1.3969520000,-0.7161880000,0.0706403200,-0.2091465000,0.0046960690,0.9753183000,-0.6824894000,1.3969520000,-0.7161880000,0.0706403200,-0.2091465000,0.0046960690,0.9753183000,-0.6824894000,1.3969520000,-0.7161880000,0.0706403200,-0.2091465000,0.0046960690,0.9753183000,
272.1761000000,274649,-0.6827624000,1.3968610000,-0.7163489000,0.0706164500,-0.2114661000,0.0043374260,0.9748213000,-0.6827624000,1.3968610000,-0.7163489000,0.0706164500,-0.2114661000,0.0043374260,0.9748213000,-0.6827624000,1.3968610000,-0.7163489000,0.0706164500,-0.2114661000,0.0043374260,0.9748213000,
272.1873000000,274660,-0.6830888000,1.3968560000,-0.7164965000,0.0706558300,-0.2136691000,0.0040485440,0.9743392000,-0.6830888000,1.3968560000,-0.7164965000,0.0706558300,-0.2136691000,0.0040485440,0.9743392000,-0.6830888000,1.3968560000,-0.7164965000,0.0706558300,-0.2136691000,0.0040485440,0.9743392000,
272.1988000000,274671,-0.6834466000,1.3969050000,-0.7166505000,0.0705892200,-0.2158194000,0.0037248550,0.9738713000,-0.6834466000,1.3969050000,-0.7166505000,0.0705892200,-0.2158194000,0.0037248550,0.9738713000,-0.6834466000,1.3969050000,-0.7166505000,0.0705892200,-0.2158194000,0.0037248550,0.9738713000,
272.2096000000,274682,-0.6837831000,1.3968780000,-0.7167792000,0.0702434000,-0.2179281000,0.0033976710,0.9734278000,-0.6837831000,1.3968780000,-0.7167792000,0.0702434000,-0.2179281000,0.0033976710,0.9734278000,-0.6837831000,1.3968780000,-0.7167792000,0.0702434000,-0.2179281000,0.0033976710,0.9734278000,
272.2205000000,274693,-0.6841516000,1.3968900000,-0.7169549000,0.0699317100,-0.2198766000,0.0031580080,0.9730128000,-0.6841516000,1.3968900000,-0.7169549000,0.0699317100,-0.2198766000,0.0031580080,0.9730128000,-0.6841516000,1.3968900000,-0.7169549000,0.0699317100,-0.2198766000,0.0031580080,0.9730128000,
272.2319000000,274705,-0.6845572000,1.3969260000,-0.7170999000,0.0697153200,-0.2217269000,0.0028558610,0.9726093000,-0.6845572000,1.3969260000,-0.7170999000,0.0697153200,-0.2217269000,0.0028558610,0.9726093000,-0.6845572000,1.3969260000,-0.7170999000,0.0697153200,-0.2217269000,0.0028558610,0.9726093000,
272.2432000000,274716,-0.6849289000,1.3969890000,-0.7173223000,0.0695151700,-0.2235790000,0.0026340680,0.9722002000,-0.6849289000,1.3969890000,-0.7173223000,0.0695151700,-0.2235790000,0.0026340680,0.9722002000,-0.6849289000,1.3969890000,-0.7173223000,0.0695151700,-0.2235790000,0.0026340680,0.9722002000,
272.2544000000,274727,-0.6852992000,1.3970140000,-0.7175093000,0.0693175700,-0.2251436000,0.0025419010,0.9718534000,-0.6852992000,1.3970140000,-0.7175093000,0.0693175700,-0.2251436000,0.0025419010,0.9718534000,-0.6852992000,1.3970140000,-0.7175093000,0.0693175700,-0.2251436000,0.0025419010,0.9718534000,
272.2654000000,274738,-0.6857119000,1.3970110000,-0.7176797000,0.0689675100,-0.2265788000,0.0024466770,0.9715450000,-0.6857119000,1.3970110000,-0.7176797000,0.0689675100,-0.2265788000,0.0024466770,0.9715450000,-0.6857119000,1.3970110000,-0.7176797000,0.0689675100,-0.2265788000,0.0024466770,0.9715450000,
272.2765000000,274749,-0.6860566000,1.3970320000,-0.7178226000,0.0687355100,-0.2278926000,0.0024447860,0.9712541000,-0.6860566000,1.3970320000,-0.7178226000,0.0687355100,-0.2278926000,0.0024447860,0.9712541000,-0.6860566000,1.3970320000,-0.7178226000,0.0687355100,-0.2278926000,0.0024447860,0.9712541000,
272.2872000000,274760,-0.6864276000,1.3970760000,-0.7180438000,0.0684084400,-0.2290471000,0.0024566920,0.9710055000,-0.6864276000,1.3970760000,-0.7180438000,0.0684084400,-0.2290471000,0.0024566920,0.9710055000,-0.6864276000,1.3970760000,-0.7180438000,0.0684084400,-0.2290471000,0.0024566920,0.9710055000,
272.2991000000,274771,-0.6868160000,1.3970890000,-0.7181978000,0.0681917000,-0.2300538000,0.0025427120,0.9707825000,-0.6868160000,1.3970890000,-0.7181978000,0.0681917000,-0.2300538000,0.0025427120,0.9707825000,-0.6868160000,1.3970890000,-0.7181978000,0.0681917000,-0.2300538000,0.0025427120,0.9707825000,
272.3099000000,274783,-0.6872416000,1.3973400000,-0.7185106000,0.0679684600,-0.2308199000,0.0027948120,0.9706156000,-0.6872416000,1.3973400000,-0.7185106000,0.0679684600,-0.2308199000,0.0027948120,0.9706156000,-0.6872416000,1.3973400000,-0.7185106000,0.0679684600,-0.2308199000,0.0027948120,0.9706156000,
272.3208000000,274794,-0.6876087000,1.3973730000,-0.7186255000,0.0677835600,-0.2316460000,0.0030134060,0.9704310000,-0.6876087000,1.3973730000,-0.7186255000,0.0677835600,-0.2316460000,0.0030134060,0.9704310000,-0.6876087000,1.3973730000,-0.7186255000,0.0677835600,-0.2316460000,0.0030134060,0.9704310000,
272.3319000000,274805,-0.6879187000,1.3974670000,-0.7187614000,0.0675778600,-0.2321090000,0.0032477780,0.9703341000,-0.6879187000,1.3974670000,-0.7187614000,0.0675778600,-0.2321090000,0.0032477780,0.9703341000,-0.6879187000,1.3974670000,-0.7187614000,0.0675778600,-0.2321090000,0.0032477780,0.9703341000,
272.3430000000,274816,-0.6882675000,1.3975000000,-0.7188809000,0.0673231900,-0.2325246000,0.0036675110,0.9702507000,-0.6882675000,1.3975000000,-0.7188809000,0.0673231900,-0.2325246000,0.0036675110,0.9702507000,-0.6882675000,1.3975000000,-0.7188809000,0.0673231900,-0.2325246000,0.0036675110,0.9702507000,
272.3545000000,274829,-0.6885169000,1.3975870000,-0.7189770000,0.0671485700,-0.2327164000,0.0038839340,0.9702160000,-0.6885169000,1.3975870000,-0.7189770000,0.0671485700,-0.2327164000,0.0038839340,0.9702160000,-0.6885169000,1.3975870000,-0.7189770000,0.0671485700,-0.2327164000,0.0038839340,0.9702160000,
272.3652000000,274838,-0.6888161000,1.3976510000,-0.7191153000,0.0667837000,-0.2328113000,0.0042761340,0.9702168000,-0.6888161000,1.3976510000,-0.7191153000,0.0667837000,-0.2328113000,0.0042761340,0.9702168000,-0.6888161000,1.3976510000,-0.7191153000,0.0667837000,-0.2328113000,0.0042761340,0.9702168000,
272.3763000000,274849,-0.6891360000,1.3977460000,-0.7191780000,0.0665858000,-0.2328420000,0.0045942650,0.9702216000,-0.6891360000,1.3977460000,-0.7191780000,0.0665858000,-0.2328420000,0.0045942650,0.9702216000,-0.6891360000,1.3977460000,-0.7191780000,0.0665858000,-0.2328420000,0.0045942650,0.9702216000,
272.3876000000,274860,-0.6894855000,1.3978180000,-0.7192414000,0.0663225900,-0.2325455000,0.0049659870,0.9703088000,-0.6894855000,1.3978180000,-0.7192414000,0.0663225900,-0.2325455000,0.0049659870,0.9703088000,-0.6894855000,1.3978180000,-0.7192414000,0.0663225900,-0.2325455000,0.0049659870,0.9703088000,
272.4136000000,274872,-0.6896718000,1.3978340000,-0.7192612000,0.0659986100,-0.2320908000,0.0054101570,0.9704375000,-0.6896718000,1.3978340000,-0.7192612000,0.0659986100,-0.2320908000,0.0054101570,0.9704375000,-0.6896718000,1.3978340000,-0.7192612000,0.0659986100,-0.2320908000,0.0054101570,0.9704375000,
272.4270000000,274899,-0.6899555000,1.3978510000,-0.7193162000,0.0657560300,-0.2318964000,0.0057726720,0.9704983000,-0.6899555000,1.3978510000,-0.7193162000,0.0657560300,-0.2318964000,0.0057726720,0.9704983000,-0.6899555000,1.3978510000,-0.7193162000,0.0657560300,-0.2318964000,0.0057726720,0.9704983000,
272.4333000000,274911,-0.6907518000,1.3979560000,-0.7195685000,0.0651709700,-0.2315124000,0.0068843910,0.9706222000,-0.6907518000,1.3979560000,-0.7195685000,0.0651709700,-0.2315124000,0.0068843910,0.9706222000,-0.6907518000,1.3979560000,-0.7195685000,0.0651709700,-0.2315124000,0.0068843910,0.9706222000,
272.4397000000,274911,-0.6907356000,1.3979560000,-0.7195590000,0.0652647800,-0.2314276000,0.0068730670,0.9706362000,-0.6907356000,1.3979560000,-0.7195590000,0.0652647800,-0.2314276000,0.0068730670,0.9706362000,-0.6907356000,1.3979560000,-0.7195590000,0.0652647800,-0.2314276000,0.0068730670,0.9706362000,
272.4510000000,274923,-0.6909790000,1.3979350000,-0.7196147000,0.0650609700,-0.2311695000,0.0072215960,0.9707088000,-0.6909790000,1.3979350000,-0.7196147000,0.0650609700,-0.2311695000,0.0072215960,0.9707088000,-0.6909790000,1.3979350000,-0.7196147000,0.0650609700,-0.2311695000,0.0072215960,0.9707088000,
272.4622000000,274935,-0.6911998000,1.3979600000,-0.7196703000,0.0650832300,-0.2310410000,0.0075531150,0.9707354000,-0.6911998000,1.3979600000,-0.7196703000,0.0650832300,-0.2310410000,0.0075531150,0.9707354000,-0.6911998000,1.3979600000,-0.7196703000,0.0650832300,-0.2310410000,0.0075531150,0.9707354000,
272.4898000000,274946,-0.6913848000,1.3979380000,-0.7196858000,0.0650888700,-0.2312382000,0.0077214500,0.9706867000,-0.6913848000,1.3979380000,-0.7196858000,0.0650888700,-0.2312382000,0.0077214500,0.9706867000,-0.6913848000,1.3979380000,-0.7196858000,0.0650888700,-0.2312382000,0.0077214500,0.9706867000,
272.4956000000,274974,-0.6916261000,1.3979430000,-0.7197540000,0.0650088700,-0.2313058000,0.0079862490,0.9706739000,-0.6916261000,1.3979430000,-0.7197540000,0.0650088700,-0.2313058000,0.0079862490,0.9706739000,-0.6916261000,1.3979430000,-0.7197540000,0.0650088700,-0.2313058000,0.0079862490,0.9706739000,
272.5070000000,274974,-0.6923349000,1.3979560000,-0.7199638000,0.0647923100,-0.2316689000,0.0088685850,0.9705941000,-0.6923349000,1.3979560000,-0.7199638000,0.0647923100,-0.2316689000,0.0088685850,0.9705941000,-0.6923349000,1.3979560000,-0.7199638000,0.0647923100,-0.2316689000,0.0088685850,0.9705941000,
272.5178000000,274991,-0.6923037000,1.3979230000,-0.7199409000,0.0648096900,-0.2320287000,0.0089913200,0.9705058000,-0.6923037000,1.3979230000,-0.7199409000,0.0648096900,-0.2320287000,0.0089913200,0.9705058000,-0.6923037000,1.3979230000,-0.7199409000,0.0648096900,-0.2320287000,0.0089913200,0.9705058000,
272.5340000000,275001,-0.6924918000,1.3978790000,-0.7199817000,0.0646452200,-0.2324100000,0.0092680890,0.9704230000,-0.6924918000,1.3978790000,-0.7199817000,0.0646452200,-0.2324100000,0.0092680890,0.9704230000,-0.6924918000,1.3978790000,-0.7199817000,0.0646452200,-0.2324100000,0.0092680890,0.9704230000,
272.5417000000,275018,-0.6926694000,1.3978550000,-0.7199771000,0.0645259200,-0.2328208000,0.0096337570,0.9703289000,-0.6926694000,1.3978550000,-0.7199771000,0.0645259200,-0.2328208000,0.0096337570,0.9703289000,-0.6926694000,1.3978550000,-0.7199771000,0.0645259200,-0.2328208000,0.0096337570,0.9703289000,
272.5666000000,275018,-0.6928070000,1.3979520000,-0.7199724000,0.0644862200,-0.2330080000,0.0097607480,0.9702853000,-0.6928070000,1.3979520000,-0.7199724000,0.0644862200,-0.2330080000,0.0097607480,0.9702853000,-0.6928070000,1.3979520000,-0.7199724000,0.0644862200,-0.2330080000,0.0097607480,0.9702853000,
272.5731000000,275050,-0.6932926000,1.3980210000,-0.7199912000,0.0642036200,-0.2336298000,0.0104101600,0.9701478000,-0.6932926000,1.3980210000,-0.7199912000,0.0642036200,-0.2336298000,0.0104101600,0.9701478000,-0.6932926000,1.3980210000,-0.7199912000,0.0642036200,-0.2336298000,0.0104101600,0.9701478000,
272.5949000000,275050,-0.6930773000,1.3980880000,-0.7199101000,0.0642426500,-0.2328045000,0.0099217870,0.9703487000,-0.6930773000,1.3980880000,-0.7199101000,0.0642426500,-0.2328045000,0.0099217870,0.9703487000,-0.6930773000,1.3980880000,-0.7199101000,0.0642426500,-0.2328045000,0.0099217870,0.9703487000,
272.6046000000,275079,-0.6930349000,1.3981790000,-0.7199006000,0.0642417200,-0.2322255000,0.0098599290,0.9704881000,-0.6930349000,1.3981790000,-0.7199006000,0.0642417200,-0.2322255000,0.0098599290,0.9704881000,-0.6930349000,1.3981790000,-0.7199006000,0.0642417200,-0.2322255000,0.0098599290,0.9704881000,
272.6109000000,275089,-0.6930127000,1.3982320000,-0.7198291000,0.0642303500,-0.2316090000,0.0097260610,0.9706375000,-0.6930127000,1.3982320000,-0.7198291000,0.0642303500,-0.2316090000,0.0097260610,0.9706375000,-0.6930127000,1.3982320000,-0.7198291000,0.0642303500,-0.2316090000,0.0097260610,0.9706375000,
272.6176000000,275089,-0.6927445000,1.3983330000,-0.7196107000,0.0642991100,-0.2304939000,0.0094830380,0.9709008000,-0.6927445000,1.3983330000,-0.7196107000,0.0642991100,-0.2304939000,0.0094830380,0.9709008000,-0.6927445000,1.3983330000,-0.7196107000,0.0642991100,-0.2304939000,0.0094830380,0.9709008000,
272.6285000000,275101,-0.6923857000,1.3982970000,-0.7194884000,0.0642493200,-0.2288592000,0.0090819270,0.9712945000,-0.6923857000,1.3982970000,-0.7194884000,0.0642493200,-0.2288592000,0.0090819270,0.9712945000,-0.6923857000,1.3982970000,-0.7194884000,0.0642493200,-0.2288592000,0.0090819270,0.9712945000,
272.6397000000,275112,-0.6919625000,1.3983780000,-0.7192385000,0.0642390300,-0.2262580000,0.0086430970,0.9719085000,-0.6919625000,1.3983780000,-0.7192385000,0.0642390300,-0.2262580000,0.0086430970,0.9719085000,-0.6919625000,1.3983780000,-0.7192385000,0.0642390300,-0.2262580000,0.0086430970,0.9719085000,
272.6508000000,275123,-0.6913531000,1.3984720000,-0.7189028000,0.0642447000,-0.2232229000,0.0081347220,0.9726140000,-0.6913531000,1.3984720000,-0.7189028000,0.0642447000,-0.2232229000,0.0081347220,0.9726140000,-0.6913531000,1.3984720000,-0.7189028000,0.0642447000,-0.2232229000,0.0081347220,0.9726140000,
272.6624000000,275135,-0.6906362000,1.3985660000,-0.7185540000,0.0641392500,-0.2189909000,0.0076698310,0.9735863000,-0.6906362000,1.3985660000,-0.7185540000,0.0641392500,-0.2189909000,0.0076698310,0.9735863000,-0.6906362000,1.3985660000,-0.7185540000,0.0641392500,-0.2189909000,0.0076698310,0.9735863000,
272.6846000000,275146,-0.6893983000,1.3985720000,-0.7180171000,0.0640652300,-0.2119663000,0.0072191380,0.9751481000,-0.6893983000,1.3985720000,-0.7180171000,0.0640652300,-0.2119663000,0.0072191380,0.9751481000,-0.6893983000,1.3985720000,-0.7180171000,0.0640652300,-0.2119663000,0.0072191380,0.9751481000,
272.7135000000,275168,-0.6858981000,1.3987180000,-0.7164130000,0.0638409100,-0.1920850000,0.0063749140,0.9792789000,-0.6858981000,1.3987180000,-0.7164130000,0.0638409100,-0.1920850000,0.0063749140,0.9792789000,-0.6858981000,1.3987180000,-0.7164130000,0.0638409100,-0.1920850000,0.0063749140,0.9792789000,
272.7188000000,275197,-0.6857963000,1.3986970000,-0.7162931000,0.0637630300,-0.1912908000,0.0063780260,0.9794394000,-0.6857963000,1.3986970000,-0.7162931000,0.0637630300,-0.1912908000,0.0063780260,0.9794394000,-0.6857963000,1.3986970000,-0.7162931000,0.0637630300,-0.1912908000,0.0063780260,0.9794394000,
272.7288000000,275197,-0.6819580000,1.3988850000,-0.7145960000,0.0632834700,-0.1689387000,0.0059206980,0.9835751000,-0.6819580000,1.3988850000,-0.7145960000,0.0632834700,-0.1689387000,0.0059206980,0.9835751000,-0.6819580000,1.3988850000,-0.7145960000,0.0632834700,-0.1689387000,0.0059206980,0.9835751000,
272.7398000000,275213,-0.6813040000,1.3990080000,-0.7144365000,0.0631924300,-0.1650849000,0.0063235500,0.9842325000,-0.6813040000,1.3990080000,-0.7144365000,0.0631924300,-0.1650849000,0.0063235500,0.9842325000,-0.6813040000,1.3990080000,-0.7144365000,0.0631924300,-0.1650849000,0.0063235500,0.9842325000,
272.7508000000,275223,-0.6792936000,1.3991700000,-0.7138095000,0.0629783100,-0.1537113000,0.0066735520,0.9860842000,-0.6792936000,1.3991700000,-0.7138095000,0.0629783100,-0.1537113000,0.0066735520,0.9860842000,-0.6792936000,1.3991700000,-0.7138095000,0.0629783100,-0.1537113000,0.0066735520,0.9860842000,
272.7620000000,275235,-0.6772072000,1.3992520000,-0.7131097000,0.0627781400,-0.1414831000,0.0072261150,0.9879217000,-0.6772072000,1.3992520000,-0.7131097000,0.0627781400,-0.1414831000,0.0072261150,0.9879217000,-0.6772072000,1.3992520000,-0.7131097000,0.0627781400,-0.1414831000,0.0072261150,0.9879217000,
272.7730000000,275246,-0.6749218000,1.3992850000,-0.7124746000,0.0628163400,-0.1292840000,0.0077583790,0.9895856000,-0.6749218000,1.3992850000,-0.7124746000,0.0628163400,-0.1292840000,0.0077583790,0.9895856000,-0.6749218000,1.3992850000,-0.7124746000,0.0628163400,-0.1292840000,0.0077583790,0.9895856000,
272.7841000000,275257,-0.6725588000,1.3991760000,-0.7118654000,0.0631910600,-0.1164092000,0.0087575590,0.9911504000,-0.6725588000,1.3991760000,-0.7118654000,0.0631910600,-0.1164092000,0.0087575590,0.9911504000,-0.6725588000,1.3991760000,-0.7118654000,0.0631910600,-0.1164092000,0.0087575590,0.9911504000,
272.7953000000,275268,-0.6701608000,1.3990590000,-0.7113864000,0.0637673500,-0.1034563000,0.0096391400,0.9925410000,-0.6701608000,1.3990590000,-0.7113864000,0.0637673500,-0.1034563000,0.0096391400,0.9925410000,-0.6701608000,1.3990590000,-0.7113864000,0.0637673500,-0.1034563000,0.0096391400,0.9925410000,
272.8065000000,275279,-0.6676912000,1.3987980000,-0.7108502000,0.0645671300,-0.0901882700,0.0106268500,0.9937727000,-0.6676912000,1.3987980000,-0.7108502000,0.0645671300,-0.0901882700,0.0106268500,0.9937727000,-0.6676912000,1.3987980000,-0.7108502000,0.0645671300,-0.0901882700,0.0106268500,0.9937727000,
272.8177000000,275290,-0.6651833000,1.3986340000,-0.7104261000,0.0653357100,-0.0767785500,0.0114237200,0.9948396000,-0.6651833000,1.3986340000,-0.7104261000,0.0653357100,-0.0767785500,0.0114237200,0.9948396000,-0.6651833000,1.3986340000,-0.7104261000,0.0653357100,-0.0767785500,0.0114237200,0.9948396000,
272.8294000000,275301,-0.6627016000,1.3984640000,-0.7100432000,0.0660902700,-0.0636243900,0.0120882600,0.9957098000,-0.6627016000,1.3984640000,-0.7100432000,0.0660902700,-0.0636243900,0.0120882600,0.9957098000,-0.6627016000,1.3984640000,-0.7100432000,0.0660902700,-0.0636243900,0.0120882600,0.9957098000,
272.8409000000,275314,-0.6601934000,1.3982340000,-0.7097654000,0.0670318800,-0.0503467100,0.0124866000,0.9964015000,-0.6601934000,1.3982340000,-0.7097654000,0.0670318800,-0.0503467100,0.0124866000,0.9964015000,-0.6601934000,1.3982340000,-0.7097654000,0.0670318800,-0.0503467100,0.0124866000,0.9964015000,
272.8512000000,275325,-0.6576900000,1.3980410000,-0.7095165000,0.0678136900,-0.0372833400,0.0127012600,0.9969202000,-0.6576900000,1.3980410000,-0.7095165000,0.0678136900,-0.0372833400,0.0127012600,0.9969202000,-0.6576900000,1.3980410000,-0.7095165000,0.0678136900,-0.0372833400,0.0127012600,0.9969202000,
272.8623000000,275335,-0.6553206000,1.3979430000,-0.7093475000,0.0685397800,-0.0244739700,0.0125672700,0.9972690000,-0.6553206000,1.3979430000,-0.7093475000,0.0685397800,-0.0244739700,0.0125672700,0.9972690000,-0.6553206000,1.3979430000,-0.7093475000,0.0685397800,-0.0244739700,0.0125672700,0.9972690000,
272.8732000000,275346,-0.6529503000,1.3977480000,-0.7092180000,0.0691783400,-0.0121294900,0.0122632100,0.9974552000,-0.6529503000,1.3977480000,-0.7092180000,0.0691783400,-0.0121294900,0.0122632100,0.9974552000,-0.6529503000,1.3977480000,-0.7092180000,0.0691783400,-0.0121294900,0.0122632100,0.9974552000,
272.8844000000,275357,-0.6506994000,1.3976310000,-0.7091379000,0.0697485100,-0.0005644106,0.0112959900,0.9975005000,-0.6506994000,1.3976310000,-0.7091379000,0.0697485100,-0.0005644106,0.0112959900,0.9975005000,-0.6506994000,1.3976310000,-0.7091379000,0.0697485100,-0.0005644106,0.0112959900,0.9975005000,
272.8955000000,275368,-0.6484690000,1.3975130000,-0.7090950000,0.0703389500,0.0107097600,0.0103163400,0.9974123000,-0.6484690000,1.3975130000,-0.7090950000,0.0703389500,0.0107097600,0.0103163400,0.9974123000,-0.6484690000,1.3975130000,-0.7090950000,0.0703389500,0.0107097600,0.0103163400,0.9974123000,
272.9063000000,275379,-0.6463733000,1.3974330000,-0.7089572000,0.0708372300,0.0215764300,0.0091219460,0.9972128000,-0.6463733000,1.3974330000,-0.7089572000,0.0708372300,0.0215764300,0.0091219460,0.9972128000,-0.6463733000,1.3974330000,-0.7089572000,0.0708372300,0.0215764300,0.0091219460,0.9972128000,
272.9174000000,275390,-0.6443527000,1.3972560000,-0.7090232000,0.0711561100,0.0315040500,0.0078720280,0.9969365000,-0.6443527000,1.3972560000,-0.7090232000,0.0711561100,0.0315040500,0.0078720280,0.9969365000,-0.6443527000,1.3972560000,-0.7090232000,0.0711561100,0.0315040500,0.0078720280,0.9969365000,
272.9286000000,275401,-0.6424451000,1.3971200000,-0.7091098000,0.0712010600,0.0408929000,0.0066647280,0.9966011000,-0.6424451000,1.3971200000,-0.7091098000,0.0712010600,0.0408929000,0.0066647280,0.9966011000,-0.6424451000,1.3971200000,-0.7091098000,0.0712010600,0.0408929000,0.0066647280,0.9966011000,
272.9396000000,275412,-0.6405296000,1.3970620000,-0.7090688000,0.0714279700,0.0502174500,0.0055768660,0.9961652000,-0.6405296000,1.3970620000,-0.7090688000,0.0714279700,0.0502174500,0.0055768660,0.9961652000,-0.6405296000,1.3970620000,-0.7090688000,0.0714279700,0.0502174500,0.0055768660,0.9961652000,
272.9507000000,275423,-0.6387119000,1.3969470000,-0.7091384000,0.0715018000,0.0589487100,0.0045154990,0.9956868000,-0.6387119000,1.3969470000,-0.7091384000,0.0715018000,0.0589487100,0.0045154990,0.9956868000,-0.6387119000,1.3969470000,-0.7091384000,0.0715018000,0.0589487100,0.0045154990,0.9956868000,
272.9617000000,275434,-0.6368406000,1.3968760000,-0.7091637000,0.0716800700,0.0673820500,0.0037123680,0.9951421000,-0.6368406000,1.3968760000,-0.7091637000,0.0716800700,0.0673820500,0.0037123680,0.9951421000,-0.6368406000,1.3968760000,-0.7091637000,0.0716800700,0.0673820500,0.0037123680,0.9951421000,
272.9731000000,275445,-0.6350832000,1.3968110000,-0.7093775000,0.0716755400,0.0757327100,0.0029105140,0.9945445000,-0.6350832000,1.3968110000,-0.7093775000,0.0716755400,0.0757327100,0.0029105140,0.9945445000,-0.6350832000,1.3968110000,-0.7093775000,0.0716755400,0.0757327100,0.0029105140,0.9945445000,
272.9842000000,275457,-0.6332724000,1.3966750000,-0.7095003000,0.0718711800,0.0838946600,0.0020646370,0.9938772000,-0.6332724000,1.3966750000,-0.7095003000,0.0718711800,0.0838946600,0.0020646370,0.9938772000,-0.6332724000,1.3966750000,-0.7095003000,0.0718711800,0.0838946600,0.0020646370,0.9938772000,
272.9955000000,275468,-0.6315789000,1.3965840000,-0.7096698000,0.0723063900,0.0920106500,0.0013049310,0.9931285000,-0.6315789000,1.3965840000,-0.7096698000,0.0723063900,0.0920106500,0.0013049310,0.9931285000,-0.6315789000,1.3965840000,-0.7096698000,0.0723063900,0.0920106500,0.0013049310,0.9931285000,
273.0063000000,275479,-0.6297793000,1.3964360000,-0.7098217000,0.0725410100,0.1001453000,0.0005134323,0.9923248000,-0.6297793000,1.3964360000,-0.7098217000,0.0725410100,0.1001453000,0.0005134323,0.9923248000,-0.6297793000,1.3964360000,-0.7098217000,0.0725410100,0.1001453000,0.0005134323,0.9923248000,
273.0177000000,275490,-0.6280055000,1.3962850000,-0.7100337000,0.0728880500,0.1081691000,-0.0002519684,0.9914569000,-0.6280055000,1.3962850000,-0.7100337000,0.0728880500,0.1081691000,-0.0002519684,0.9914569000,-0.6280055000,1.3962850000,-0.7100337000,0.0728880500,0.1081691000,-0.0002519684,0.9914569000,
273.0287000000,275501,-0.6262853000,1.3962030000,-0.7102470000,0.0734447300,0.1162615000,-0.0010165440,0.9904990000,-0.6262853000,1.3962030000,-0.7102470000,0.0734447300,0.1162615000,-0.0010165440,0.9904990000,-0.6262853000,1.3962030000,-0.7102470000,0.0734447300,0.1162615000,-0.0010165440,0.9904990000,
273.0399000000,275512,-0.6245313000,1.3960120000,-0.7105238000,0.0739424800,0.1241464000,-0.0018587120,0.9895033000,-0.6245313000,1.3960120000,-0.7105238000,0.0739424800,0.1241464000,-0.0018587120,0.9895033000,-0.6245313000,1.3960120000,-0.7105238000,0.0739424800,0.1241464000,-0.0018587120,0.9895033000,
273.0508000000,275523,-0.6227956000,1.3958490000,-0.7107112000,0.0741309200,0.1318324000,-0.0026292320,0.9884928000,-0.6227956000,1.3958490000,-0.7107112000,0.0741309200,0.1318324000,-0.0026292320,0.9884928000,-0.6227956000,1.3958490000,-0.7107112000,0.0741309200,0.1318324000,-0.0026292320,0.9884928000,
273.0619000000,275534,-0.6211102000,1.3957520000,-0.7108886000,0.0741950400,0.1396578000,-0.0033493210,0.9874105000,-0.6211102000,1.3957520000,-0.7108886000,0.0741950400,0.1396578000,-0.0033493210,0.9874105000,-0.6211102000,1.3957520000,-0.7108886000,0.0741950400,0.1396578000,-0.0033493210,0.9874105000,
273.0730000000,275546,-0.6193841000,1.3956910000,-0.7111390000,0.0741753200,0.1473311000,-0.0040699620,0.9862936000,-0.6193841000,1.3956910000,-0.7111390000,0.0741753200,0.1473311000,-0.0040699620,0.9862936000,-0.6193841000,1.3956910000,-0.7111390000,0.0741753200,0.1473311000,-0.0040699620,0.9862936000,
273.0844000000,275557,-0.6177356000,1.3956070000,-0.7113566000,0.0741664200,0.1551425000,-0.0048030610,0.9850924000,-0.6177356000,1.3956070000,-0.7113566000,0.0741664200,0.1551425000,-0.0048030610,0.9850924000,-0.6177356000,1.3956070000,-0.7113566000,0.0741664200,0.1551425000,-0.0048030610,0.9850924000,
273.0955000000,275568,-0.6160643000,1.3955710000,-0.7116075000,0.0740498000,0.1627940000,-0.0054748920,0.9838622000,-0.6160643000,1.3955710000,-0.7116075000,0.0740498000,0.1627940000,-0.0054748920,0.9838622000,-0.6160643000,1.3955710000,-0.7116075000,0.0740498000,0.1627940000,-0.0054748920,0.9838622000,
273.1064000000,275579,-0.6144903000,1.3953950000,-0.7119813000,0.0738316400,0.1702635000,-0.0060843330,0.9826099000,-0.6144903000,1.3953950000,-0.7119813000,0.0738316400,0.1702635000,-0.0060843330,0.9826099000,-0.6144903000,1.3953950000,-0.7119813000,0.0738316400,0.1702635000,-0.0060843330,0.9826099000,
273.1174000000,275590,-0.6128299000,1.3953480000,-0.7123377000,0.0736399500,0.1773224000,-0.0067171920,0.9813709000,-0.6128299000,1.3953480000,-0.7123377000,0.0736399500,0.1773224000,-0.0067171920,0.9813709000,-0.6128299000,1.3953480000,-0.7123377000,0.0736399500,0.1773224000,-0.0067171920,0.9813709000,
273.1286000000,275601,-0.6113434000,1.3954350000,-0.7128735000,0.0735331600,0.1843757000,-0.0074846410,0.9800727000,-0.6113434000,1.3954350000,-0.7128735000,0.0735331600,0.1843757000,-0.0074846410,0.9800727000,-0.6113434000,1.3954350000,-0.7128735000,0.0735331600,0.1843757000,-0.0074846410,0.9800727000,
273.1395000000,275612,-0.6096790000,1.3953560000,-0.7131782000,0.0732166800,0.1914971000,-0.0080609920,0.9787253000,-0.6096790000,1.3953560000,-0.7131782000,0.0732166800,0.1914971000,-0.0080609920,0.9787253000,-0.6096790000,1.3953560000,-0.7131782000,0.0732166800,0.1914971000,-0.0080609920,0.9787253000,
273.1512000000,275623,-0.6080542000,1.3954000000,-0.7136242000,0.0726753500,0.1986053000,-0.0087650570,0.9773420000,-0.6080542000,1.3954000000,-0.7136242000,0.0726753500,0.1986053000,-0.0087650570,0.9773420000,-0.6080542000,1.3954000000,-0.7136242000,0.0726753500,0.1986053000,-0.0087650570,0.9773420000,
273.1618000000,275635,-0.6063836000,1.3954120000,-0.7139957000,0.0721987600,0.2056762000,-0.0094487420,0.9759075000,-0.6063836000,1.3954120000,-0.7139957000,0.0721987600,0.2056762000,-0.0094487420,0.9759075000,-0.6063836000,1.3954120000,-0.7139957000,0.0721987600,0.2056762000,-0.0094487420,0.9759075000,
273.1730000000,275646,-0.6046872000,1.3954600000,-0.7143290000,0.0720475200,0.2129591000,-0.0102977300,0.9743468000,-0.6046872000,1.3954600000,-0.7143290000,0.0720475200,0.2129591000,-0.0102977300,0.9743468000,-0.6046872000,1.3954600000,-0.7143290000,0.0720475200,0.2129591000,-0.0102977300,0.9743468000,
273.1844000000,275657,-0.6029890000,1.3954500000,-0.7148397000,0.0716612900,0.2202231000,-0.0109244800,0.9727523000,-0.6029890000,1.3954500000,-0.7148397000,0.0716612900,0.2202231000,-0.0109244800,0.9727523000,-0.6029890000,1.3954500000,-0.7148397000,0.0716612900,0.2202231000,-0.0109244800,0.9727523000,
273.1953000000,275668,-0.6011958000,1.3954380000,-0.7152641000,0.0712827700,0.2277474000,-0.0116121800,0.9710382000,-0.6011958000,1.3954380000,-0.7152641000,0.0712827700,0.2277474000,-0.0116121800,0.9710382000,-0.6011958000,1.3954380000,-0.7152641000,0.0712827700,0.2277474000,-0.0116121800,0.9710382000,
273.2063000000,275679,-0.5993006000,1.3954240000,-0.7157211000,0.0708258100,0.2352844000,-0.0123675600,0.9692637000,-0.5993006000,1.3954240000,-0.7157211000,0.0708258100,0.2352844000,-0.0123675600,0.9692637000,-0.5993006000,1.3954240000,-0.7157211000,0.0708258100,0.2352844000,-0.0123675600,0.9692637000,
273.2174000000,275690,-0.5974755000,1.3953330000,-0.7161405000,0.0703469100,0.2428788000,-0.0130117500,0.9674151000,-0.5974755000,1.3953330000,-0.7161405000,0.0703469100,0.2428788000,-0.0130117500,0.9674151000,-0.5974755000,1.3953330000,-0.7161405000,0.0703469100,0.2428788000,-0.0130117500,0.9674151000,
273.2285000000,275701,-0.5955789000,1.3952380000,-0.7166879000,0.0700299700,0.2507476000,-0.0135929300,0.9654205000,-0.5955789000,1.3952380000,-0.7166879000,0.0700299700,0.2507476000,-0.0135929300,0.9654205000,-0.5955789000,1.3952380000,-0.7166879000,0.0700299700,0.2507476000,-0.0135929300,0.9654205000,
273.2396000000,275712,-0.5937014000,1.3951790000,-0.7172389000,0.0696455500,0.2586175000,-0.0140843800,0.9633630000,-0.5937014000,1.3951790000,-0.7172389000,0.0696455500,0.2586175000,-0.0140843800,0.9633630000,-0.5937014000,1.3951790000,-0.7172389000,0.0696455500,0.2586175000,-0.0140843800,0.9633630000,
273.2508000000,275723,-0.5918727000,1.3950850000,-0.7177763000,0.0693022400,0.2665114000,-0.0145531900,0.9612269000,-0.5918727000,1.3950850000,-0.7177763000,0.0693022400,0.2665114000,-0.0145531900,0.9612269000,-0.5918727000,1.3950850000,-0.7177763000,0.0693022400,0.2665114000,-0.0145531900,0.9612269000,
273.2618000000,275734,-0.5900121000,1.3949720000,-0.7183945000,0.0691401900,0.2743298000,-0.0150074600,0.9590295000,-0.5900121000,1.3949720000,-0.7183945000,0.0691401900,0.2743298000,-0.0150074600,0.9590295000,-0.5900121000,1.3949720000,-0.7183945000,0.0691401900,0.2743298000,-0.0150074600,0.9590295000,
273.2729000000,275746,-0.5882089000,1.3948620000,-0.7190032000,0.0690395500,0.2819088000,-0.0156111900,0.9568267000,-0.5882089000,1.3948620000,-0.7190032000,0.0690395500,0.2819088000,-0.0156111900,0.9568267000,-0.5882089000,1.3948620000,-0.7190032000,0.0690395500,0.2819088000,-0.0156111900,0.9568267000,
273.2841000000,275756,-0.5864499000,1.3947240000,-0.7196147000,0.0688736800,0.2892686000,-0.0164245100,0.9546258000,-0.5864499000,1.3947240000,-0.7196147000,0.0688736800,0.2892686000,-0.0164245100,0.9546258000,-0.5864499000,1.3947240000,-0.7196147000,0.0688736800,0.2892686000,-0.0164245100,0.9546258000,
273.2958000000,275768,-0.5847487000,1.3945670000,-0.7202306000,0.0687928300,0.2961684000,-0.0173776500,0.9524966000,-0.5847487000,1.3945670000,-0.7202306000,0.0687928300,0.2961684000,-0.0173776500,0.9524966000,-0.5847487000,1.3945670000,-0.7202306000,0.0687928300,0.2961684000,-0.0173776500,0.9524966000,
273.3075000000,275779,-0.5830483000,1.3943800000,-0.7208397000,0.0686286600,0.3027021000,-0.0183036800,0.9504349000,-0.5830483000,1.3943800000,-0.7208397000,0.0686286600,0.3027021000,-0.0183036800,0.9504349000,-0.5830483000,1.3943800000,-0.7208397000,0.0686286600,0.3027021000,-0.0183036800,0.9504349000,
273.3191000000,275791,-0.5814421000,1.3942400000,-0.7214189000,0.0684743900,0.3089465000,-0.0192637200,0.9484156000,-0.5814421000,1.3942400000,-0.7214189000,0.0684743900,0.3089465000,-0.0192637200,0.9484156000,-0.5814421000,1.3942400000,-0.7214189000,0.0684743900,0.3089465000,-0.0192637200,0.9484156000,
273.3309000000,275803,-0.5795398000,1.3943400000,-0.7217000000,0.0682674800,0.3150895000,-0.0202619500,0.9463866000,-0.5795398000,1.3943400000,-0.7217000000,0.0682674800,0.3150895000,-0.0202619500,0.9463866000,-0.5795398000,1.3943400000,-0.7217000000,0.0682674800,0.3150895000,-0.0202619500,0.9463866000,
273.3428000000,275815,-0.5778477000,1.3941820000,-0.7223058000,0.0680112100,0.3210681000,-0.0210817000,0.9443756000,-0.5778477000,1.3941820000,-0.7223058000,0.0680112100,0.3210681000,-0.0210817000,0.9443756000,-0.5778477000,1.3941820000,-0.7223058000,0.0680112100,0.3210681000,-0.0210817000,0.9443756000,
273.3557000000,275827,-0.5761852000,1.3940310000,-0.7228708000,0.0677834500,0.3268328000,-0.0221517000,0.9423879000,-0.5761852000,1.3940310000,-0.7228708000,0.0677834500,0.3268328000,-0.0221517000,0.9423879000,-0.5761852000,1.3940310000,-0.7228708000,0.0677834500,0.3268328000,-0.0221517000,0.9423879000,
273.3663000000,275840,-0.5743837000,1.3937580000,-0.7233269000,0.0677895600,0.3327118000,-0.0231294600,0.9403045000,-0.5743837000,1.3937580000,-0.7233269000,0.0677895600,0.3327118000,-0.0231294600,0.9403045000,-0.5743837000,1.3937580000,-0.7233269000,0.0677895600,0.3327118000,-0.0231294600,0.9403045000,
273.3777000000,275850,-0.5727477000,1.3934940000,-0.7239347000,0.0678923600,0.3383062000,-0.0242563700,0.9382704000,-0.5727477000,1.3934940000,-0.7239347000,0.0678923600,0.3383062000,-0.0242563700,0.9382704000,-0.5727477000,1.3934940000,-0.7239347000,0.0678923600,0.3383062000,-0.0242563700,0.9382704000,
273.3901000000,275862,-0.5710146000,1.3931960000,-0.7244611000,0.0680717500,0.3438195000,-0.0255293800,0.9362172000,-0.5710146000,1.3931960000,-0.7244611000,0.0680717500,0.3438195000,-0.0255293800,0.9362172000,-0.5710146000,1.3931960000,-0.7244611000,0.0680717500,0.3438195000,-0.0255293800,0.9362172000,
273.4010000000,275874,-0.5693989000,1.3929210000,-0.7250204000,0.0682565000,0.3491440000,-0.0268523400,0.9341940000,-0.5693989000,1.3929210000,-0.7250204000,0.0682565000,0.3491440000,-0.0268523400,0.9341940000,-0.5693989000,1.3929210000,-0.7250204000,0.0682565000,0.3491440000,-0.0268523400,0.9341940000,
273.4115000000,275885,-0.5677781000,1.3925740000,-0.7255840000,0.0685125100,0.3542551000,-0.0280177700,0.9322147000,-0.5677781000,1.3925740000,-0.7255840000,0.0685125100,0.3542551000,-0.0280177700,0.9322147000,-0.5677781000,1.3925740000,-0.7255840000,0.0685125100,0.3542551000,-0.0280177700,0.9322147000,
273.4231000000,275895,-0.5662665000,1.3922110000,-0.7262356000,0.0687388900,0.3593413000,-0.0292197600,0.9302124000,-0.5662665000,1.3922110000,-0.7262356000,0.0687388900,0.3593413000,-0.0292197600,0.9302124000,-0.5662665000,1.3922110000,-0.7262356000,0.0687388900,0.3593413000,-0.0292197600,0.9302124000,
273.4340000000,275907,-0.5647130000,1.3918840000,-0.7268429000,0.0691070000,0.3641879000,-0.0303760100,0.9282612000,-0.5647130000,1.3918840000,-0.7268429000,0.0691070000,0.3641879000,-0.0303760100,0.9282612000,-0.5647130000,1.3918840000,-0.7268429000,0.0691070000,0.3641879000,-0.0303760100,0.9282612000,
273.4446000000,275918,-0.5631912000,1.3915690000,-0.7274570000,0.0694861200,0.3690309000,-0.0316331200,0.9262760000,-0.5631912000,1.3915690000,-0.7274570000,0.0694861200,0.3690309000,-0.0316331200,0.9262760000,-0.5631912000,1.3915690000,-0.7274570000,0.0694861200,0.3690309000,-0.0316331200,0.9262760000,
273.4566000000,275928,-0.5616167000,1.3912640000,-0.7281353000,0.0697215700,0.3738030000,-0.0328029800,0.9243020000,-0.5616167000,1.3912640000,-0.7281353000,0.0697215700,0.3738030000,-0.0328029800,0.9243020000,-0.5616167000,1.3912640000,-0.7281353000,0.0697215700,0.3738030000,-0.0328029800,0.9243020000,
273.4672000000,275940,-0.5600932000,1.3909530000,-0.7287607000,0.0697741300,0.3785977000,-0.0341014600,0.9222974000,-0.5600932000,1.3909530000,-0.7287607000,0.0697741300,0.3785977000,-0.0341014600,0.9222974000,-0.5600932000,1.3909530000,-0.7287607000,0.0697741300,0.3785977000,-0.0341014600,0.9222974000,
273.4778000000,275952,-0.5586514000,1.3907180000,-0.7292838000,0.0697539400,0.3833471000,-0.0353944900,0.9202862000,-0.5586514000,1.3907180000,-0.7292838000,0.0697539400,0.3833471000,-0.0353944900,0.9202862000,-0.5586514000,1.3907180000,-0.7292838000,0.0697539400,0.3833471000,-0.0353944900,0.9202862000,
273.4884000000,275961,-0.5571883000,1.3904670000,-0.7298634000,0.0696646200,0.3880122000,-0.0366118300,0.9182881000,-0.5571883000,1.3904670000,-0.7298634000,0.0696646200,0.3880122000,-0.0366118300,0.9182881000,-0.5571883000,1.3904670000,-0.7298634000,0.0696646200,0.3880122000,-0.0366118300,0.9182881000,
273.4995000000,275972,-0.5557897000,1.3902270000,-0.7304285000,0.0696106600,0.3923630000,-0.0377358600,0.9163961000,-0.5557897000,1.3902270000,-0.7304285000,0.0696106600,0.3923630000,-0.0377358600,0.9163961000,-0.5557897000,1.3902270000,-0.7304285000,0.0696106600,0.3923630000,-0.0377358600,0.9163961000,
273.5103000000,275983,-0.5544724000,1.3899660000,-0.7309706000,0.0697559800,0.3965389000,-0.0387606600,0.9145429000,-0.5544724000,1.3899660000,-0.7309706000,0.0697559800,0.3965389000,-0.0387606600,0.9145429000,-0.5544724000,1.3899660000,-0.7309706000,0.0697559800,0.3965389000,-0.0387606600,0.9145429000,
273.5212000000,275994,-0.5531981000,1.3897040000,-0.7314925000,0.0700225300,0.4005308000,-0.0397337400,0.9127394000,-0.5531981000,1.3897040000,-0.7314925000,0.0700225300,0.4005308000,-0.0397337400,0.9127394000,-0.5531981000,1.3897040000,-0.7314925000,0.0700225300,0.4005308000,-0.0397337400,0.9127394000,
273.5327000000,276005,-0.5519698000,1.3894230000,-0.7320042000,0.0704991800,0.4040736000,-0.0405519800,0.9111037000,-0.5519698000,1.3894230000,-0.7320042000,0.0704991800,0.4040736000,-0.0405519800,0.9111037000,-0.5519698000,1.3894230000,-0.7320042000,0.0704991800,0.4040736000,-0.0405519800,0.9111037000,
273.5434000000,276016,-0.5507791000,1.3891610000,-0.7324984000,0.0709763800,0.4073465000,-0.0412980900,0.9095745000,-0.5507791000,1.3891610000,-0.7324984000,0.0709763800,0.4073465000,-0.0412980900,0.9095745000,-0.5507791000,1.3891610000,-0.7324984000,0.0709763800,0.4073465000,-0.0412980900,0.9095745000,
273.5545000000,276027,-0.5496235000,1.3888930000,-0.7329535000,0.0715235500,0.4104879000,-0.0420482200,0.9080837000,-0.5496235000,1.3888930000,-0.7329535000,0.0715235500,0.4104879000,-0.0420482200,0.9080837000,-0.5496235000,1.3888930000,-0.7329535000,0.0715235500,0.4104879000,-0.0420482200,0.9080837000,
273.5660000000,276038,-0.5483987000,1.3885960000,-0.7334690000,0.0720885500,0.4133796000,-0.0427835200,0.9066919000,-0.5483987000,1.3885960000,-0.7334690000,0.0720885500,0.4133796000,-0.0427835200,0.9066919000,-0.5483987000,1.3885960000,-0.7334690000,0.0720885500,0.4133796000,-0.0427835200,0.9066919000,
273.5770000000,276050,-0.5473776000,1.3883560000,-0.7338436000,0.0727552000,0.4158372000,-0.0436531500,0.9054726000,-0.5473776000,1.3883560000,-0.7338436000,0.0727552000,0.4158372000,-0.0436531500,0.9054726000,-0.5473776000,1.3883560000,-0.7338436000,0.0727552000,0.4158372000,-0.0436531500,0.9054726000,
273.5880000000,276061,-0.5463562000,1.3880910000,-0.7342033000,0.0732310300,0.4182046000,-0.0444249000,0.9043056000,-0.5463562000,1.3880910000,-0.7342033000,0.0732310300,0.4182046000,-0.0444249000,0.9043056000,-0.5463562000,1.3880910000,-0.7342033000,0.0732310300,0.4182046000,-0.0444249000,0.9043056000,
273.5996000000,276072,-0.5454195000,1.3878510000,-0.7345138000,0.0737132200,0.4201383000,-0.0452936700,0.9033265000,-0.5454195000,1.3878510000,-0.7345138000,0.0737132200,0.4201383000,-0.0452936700,0.9033265000,-0.5454195000,1.3878510000,-0.7345138000,0.0737132200,0.4201383000,-0.0452936700,0.9033265000,
273.6102000000,276083,-0.5445042000,1.3876170000,-0.7348049000,0.0741638200,0.4219474000,-0.0460172500,0.9024093000,-0.5445042000,1.3876170000,-0.7348049000,0.0741638200,0.4219474000,-0.0460172500,0.9024093000,-0.5445042000,1.3876170000,-0.7348049000,0.0741638200,0.4219474000,-0.0460172500,0.9024093000,
273.6218000000,276094,-0.5436428000,1.3873990000,-0.7350557000,0.0744194500,0.4233590000,-0.0468093300,0.9016861000,-0.5436428000,1.3873990000,-0.7350557000,0.0744194500,0.4233590000,-0.0468093300,0.9016861000,-0.5436428000,1.3873990000,-0.7350557000,0.0744194500,0.4233590000,-0.0468093300,0.9016861000,
273.6326000000,276106,-0.5427659000,1.3871690000,-0.7352898000,0.0747094100,0.4247198000,-0.0475847800,0.9009813000,-0.5427659000,1.3871690000,-0.7352898000,0.0747094100,0.4247198000,-0.0475847800,0.9009813000,-0.5427659000,1.3871690000,-0.7352898000,0.0747094100,0.4247198000,-0.0475847800,0.9009813000,
273.6432000000,276116,-0.5419564000,1.3869850000,-0.7355132000,0.0750745100,0.4259330000,-0.0483900600,0.9003351000,-0.5419564000,1.3869850000,-0.7355132000,0.0750745100,0.4259330000,-0.0483900600,0.9003351000,-0.5419564000,1.3869850000,-0.7355132000,0.0750745100,0.4259330000,-0.0483900600,0.9003351000,
273.6547000000,276127,-0.5412037000,1.3867830000,-0.7356935000,0.0753203900,0.4268899000,-0.0492018900,0.8998172000,-0.5412037000,1.3867830000,-0.7356935000,0.0753203900,0.4268899000,-0.0492018900,0.8998172000,-0.5412037000,1.3867830000,-0.7356935000,0.0753203900,0.4268899000,-0.0492018900,0.8998172000,
273.6663000000,276138,-0.5404096000,1.3865790000,-0.7359018000,0.0756841200,0.4277057000,-0.0500694000,0.8993514000,-0.5404096000,1.3865790000,-0.7359018000,0.0756841200,0.4277057000,-0.0500694000,0.8993514000,-0.5404096000,1.3865790000,-0.7359018000,0.0756841200,0.4277057000,-0.0500694000,0.8993514000,
273.6766000000,276150,-0.5397248000,1.3863570000,-0.7360861000,0.0760527700,0.4285331000,-0.0508944600,0.8988799000,-0.5397248000,1.3863570000,-0.7360861000,0.0760527700,0.4285331000,-0.0508944600,0.8988799000,-0.5397248000,1.3863570000,-0.7360861000,0.0760527700,0.4285331000,-0.0508944600,0.8988799000,
273.6877000000,276160,-0.5390630000,1.3860960000,-0.7362597000,0.0765104300,0.4291548000,-0.0517287500,0.8984967000,-0.5390630000,1.3860960000,-0.7362597000,0.0765104300,0.4291548000,-0.0517287500,0.8984967000,-0.5390630000,1.3860960000,-0.7362597000,0.0765104300,0.4291548000,-0.0517287500,0.8984967000,
273.6989000000,276172,-0.5384302000,1.3858690000,-0.7364309000,0.0769522900,0.4297390000,-0.0526668800,0.8981252000,-0.5384302000,1.3858690000,-0.7364309000,0.0769522900,0.4297390000,-0.0526668800,0.8981252000,-0.5384302000,1.3858690000,-0.7364309000,0.0769522900,0.4297390000,-0.0526668800,0.8981252000,
273.7101000000,276183,-0.5377474000,1.3856150000,-0.7366250000,0.0773941400,0.4302744000,-0.0535176400,0.8977806000,-0.5377474000,1.3856150000,-0.7366250000,0.0773941400,0.4302744000,-0.0535176400,0.8977806000,-0.5377474000,1.3856150000,-0.7366250000,0.0773941400,0.4302744000,-0.0535176400,0.8977806000,
273.7214000000,276195,-0.5371935000,1.3854210000,-0.7367582000,0.0778475000,0.4307220000,-0.0545018700,0.8974675000,-0.5371935000,1.3854210000,-0.7367582000,0.0778475000,0.4307220000,-0.0545018700,0.8974675000,-0.5371935000,1.3854210000,-0.7367582000,0.0778475000,0.4307220000,-0.0545018700,0.8974675000,
273.7321000000,276205,-0.5364420000,1.3852500000,-0.7366557000,0.0783246300,0.4310654000,-0.0554027900,0.8972059000,-0.5364420000,1.3852500000,-0.7366557000,0.0783246300,0.4310654000,-0.0554027900,0.8972059000,-0.5364420000,1.3852500000,-0.7366557000,0.0783246300,0.4310654000,-0.0554027900,0.8972059000,
273.7432000000,276216,-0.5359719000,1.3850350000,-0.7367451000,0.0788403500,0.4314834000,-0.0561834800,0.8969111000,-0.5359719000,1.3850350000,-0.7367451000,0.0788403500,0.4314834000,-0.0561834800,0.8969111000,-0.5359719000,1.3850350000,-0.7367451000,0.0788403500,0.4314834000,-0.0561834800,0.8969111000,
273.7545000000,276227,-0.5355911000,1.3848820000,-0.7367921000,0.0794035500,0.4317234000,-0.0569527200,0.8966975000,-0.5355911000,1.3848820000,-0.7367921000,0.0794035500,0.4317234000,-0.0569527200,0.8966975000,-0.5355911000,1.3848820000,-0.7367921000,0.0794035500,0.4317234000,-0.0569527200,0.8966975000,
273.7664000000,276238,-0.5352373000,1.3847300000,-0.7368305000,0.0798895600,0.4318056000,-0.0576134200,0.8965725000,-0.5352373000,1.3847300000,-0.7368305000,0.0798895600,0.4318056000,-0.0576134200,0.8965725000,-0.5352373000,1.3847300000,-0.7368305000,0.0798895600,0.4318056000,-0.0576134200,0.8965725000,
273.7767000000,276250,-0.5348830000,1.3845520000,-0.7368948000,0.0802913500,0.4319921000,-0.0583017400,0.8964023000,-0.5348830000,1.3845520000,-0.7368948000,0.0802913500,0.4319921000,-0.0583017400,0.8964023000,-0.5348830000,1.3845520000,-0.7368948000,0.0802913500,0.4319921000,-0.0583017400,0.8964023000,
273.7876000000,276260,-0.5342953000,1.3844390000,-0.7367086000,0.0807670100,0.4320866000,-0.0588321300,0.8962793000,-0.5342953000,1.3844390000,-0.7367086000,0.0807670100,0.4320866000,-0.0588321300,0.8962793000,-0.5342953000,1.3844390000,-0.7367086000,0.0807670100,0.4320866000,-0.0588321300,0.8962793000,
273.7989000000,276272,-0.5339808000,1.3843040000,-0.7367506000,0.0810438000,0.4323177000,-0.0593329700,0.8961099000,-0.5339808000,1.3843040000,-0.7367506000,0.0810438000,0.4323177000,-0.0593329700,0.8961099000,-0.5339808000,1.3843040000,-0.7367506000,0.0810438000,0.4323177000,-0.0593329700,0.8961099000,
273.8101000000,276283,-0.5336206000,1.3842290000,-0.7368207000,0.0811849900,0.4325773000,-0.0597728000,0.8959426000,-0.5336206000,1.3842290000,-0.7368207000,0.0811849900,0.4325773000,-0.0597728000,0.8959426000,-0.5336206000,1.3842290000,-0.7368207000,0.0811849900,0.4325773000,-0.0597728000,0.8959426000,
273.8212000000,276294,-0.5333571000,1.3841380000,-0.7368729000,0.0814944800,0.4329542000,-0.0601904300,0.8957044000,-0.5333571000,1.3841380000,-0.7368729000,0.0814944800,0.4329542000,-0.0601904300,0.8957044000,-0.5333571000,1.3841380000,-0.7368729000,0.0814944800,0.4329542000,-0.0601904300,0.8957044000,
273.8335000000,276305,-0.5331364000,1.3841590000,-0.7370458000,0.0817074700,0.4334298000,-0.0605305400,0.8954321000,-0.5331364000,1.3841590000,-0.7370458000,0.0817074700,0.4334298000,-0.0605305400,0.8954321000,-0.5331364000,1.3841590000,-0.7370458000,0.0817074700,0.4334298000,-0.0605305400,0.8954321000,
273.8433000000,276317,-0.5328848000,1.3840300000,-0.7371278000,0.0819430700,0.4338592000,-0.0609069500,0.8951770000,-0.5328848000,1.3840300000,-0.7371278000,0.0819430700,0.4338592000,-0.0609069500,0.8951770000,-0.5328848000,1.3840300000,-0.7371278000,0.0819430700,0.4338592000,-0.0609069500,0.8951770000,
273.8553000000,276328,-0.5326908000,1.3839320000,-0.7371943000,0.0820810300,0.4343030000,-0.0611788000,0.8949307000,-0.5326908000,1.3839320000,-0.7371943000,0.0820810300,0.4343030000,-0.0611788000,0.8949307000,-0.5326908000,1.3839320000,-0.7371943000,0.0820810300,0.4343030000,-0.0611788000,0.8949307000,
273.8664000000,276339,-0.5325058000,1.3838150000,-0.7372444000,0.0822839700,0.4347365000,-0.0614534100,0.8946826000,-0.5325058000,1.3838150000,-0.7372444000,0.0822839700,0.4347365000,-0.0614534100,0.8946826000,-0.5325058000,1.3838150000,-0.7372444000,0.0822839700,0.4347365000,-0.0614534100,0.8946826000,
273.8779000000,276350,-0.5323534000,1.3837270000,-0.7372901000,0.0824234900,0.4351346000,-0.0616466900,0.8944629000,-0.5323534000,1.3837270000,-0.7372901000,0.0824234900,0.4351346000,-0.0616466900,0.8944629000,-0.5323534000,1.3837270000,-0.7372901000,0.0824234900,0.4351346000,-0.0616466900,0.8944629000,
273.8896000000,276362,-0.5319960000,1.3835380000,-0.7372081000,0.0825993200,0.4354825000,-0.0618818400,0.8942612000,-0.5319960000,1.3835380000,-0.7372081000,0.0825993200,0.4354825000,-0.0618818400,0.8942612000,-0.5319960000,1.3835380000,-0.7372081000,0.0825993200,0.4354825000,-0.0618818400,0.8942612000,
273.9005000000,276373,-0.5318484000,1.3834670000,-0.7372437000,0.0827124800,0.4359891000,-0.0621942900,0.8939821000,-0.5318484000,1.3834670000,-0.7372437000,0.0827124800,0.4359891000,-0.0621942900,0.8939821000,-0.5318484000,1.3834670000,-0.7372437000,0.0827124800,0.4359891000,-0.0621942900,0.8939821000,
273.9115000000,276384,-0.5316877000,1.3834030000,-0.7373011000,0.0828494800,0.4364187000,-0.0625155200,0.8937374000,-0.5316877000,1.3834030000,-0.7373011000,0.0828494800,0.4364187000,-0.0625155200,0.8937374000,-0.5316877000,1.3834030000,-0.7373011000,0.0828494800,0.4364187000,-0.0625155200,0.8937374000,
273.9219000000,276395,-0.5315282000,1.3832690000,-0.7373862000,0.0829526100,0.4370428000,-0.0628846300,0.8933969000,-0.5315282000,1.3832690000,-0.7373862000,0.0829526100,0.4370428000,-0.0628846300,0.8933969000,-0.5315282000,1.3832690000,-0.7373862000,0.0829526100,0.4370428000,-0.0628846300,0.8933969000,
273.9337000000,276406,-0.5313127000,1.3831680000,-0.7375257000,0.0831082400,0.4375651000,-0.0633559200,0.8930934000,-0.5313127000,1.3831680000,-0.7375257000,0.0831082400,0.4375651000,-0.0633559200,0.8930934000,-0.5313127000,1.3831680000,-0.7375257000,0.0831082400,0.4375651000,-0.0633559200,0.8930934000,
273.9445000000,276417,-0.5312564000,1.3830570000,-0.7375789000,0.0834504600,0.4381617000,-0.0637992700,0.8927374000,-0.5312564000,1.3830570000,-0.7375789000,0.0834504600,0.4381617000,-0.0637992700,0.8927374000,-0.5312564000,1.3830570000,-0.7375789000,0.0834504600,0.4381617000,-0.0637992700,0.8927374000,
273.9596000000,276428,-0.5311916000,1.3829000000,-0.7376370000,0.0839520800,0.4385731000,-0.0641694700,0.8924618000,-0.5311916000,1.3829000000,-0.7376370000,0.0839520800,0.4385731000,-0.0641694700,0.8924618000,-0.5311916000,1.3829000000,-0.7376370000,0.0839520800,0.4385731000,-0.0641694700,0.8924618000,
273.9668000000,276443,-0.5311866000,1.3828210000,-0.7376423000,0.0843382400,0.4390346000,-0.0644690500,0.8921768000,-0.5311866000,1.3828210000,-0.7376423000,0.0843382400,0.4390346000,-0.0644690500,0.8921768000,-0.5311866000,1.3828210000,-0.7376423000,0.0843382400,0.4390346000,-0.0644690500,0.8921768000,
273.9736000000,276443,-0.5311277000,1.3826900000,-0.7376766000,0.0847805600,0.4394703000,-0.0648114800,0.8918955000,-0.5311277000,1.3826900000,-0.7376766000,0.0847805600,0.4394703000,-0.0648114800,0.8918955000,-0.5311277000,1.3826900000,-0.7376766000,0.0847805600,0.4394703000,-0.0648114800,0.8918955000,
273.9847000000,276457,-0.5311282000,1.3826180000,-0.7377198000,0.0852473800,0.4398010000,-0.0650889100,0.8916678000,-0.5311282000,1.3826180000,-0.7377198000,0.0852473800,0.4398010000,-0.0650889100,0.8916678000,-0.5311282000,1.3826180000,-0.7377198000,0.0852473800,0.4398010000,-0.0650889100,0.8916678000,
273.9957000000,276468,-0.5310974000,1.3824770000,-0.7377372000,0.0856392700,0.4401989000,-0.0652842400,0.8914196000,-0.5310974000,1.3824770000,-0.7377372000,0.0856392700,0.4401989000,-0.0652842400,0.8914196000,-0.5310974000,1.3824770000,-0.7377372000,0.0856392700,0.4401989000,-0.0652842400,0.8914196000,
274.0069000000,276479,-0.5310404000,1.3823180000,-0.7377398000,0.0860853800,0.4405104000,-0.0654505600,0.8912105000,-0.5310404000,1.3823180000,-0.7377398000,0.0860853800,0.4405104000,-0.0654505600,0.8912105000,-0.5310404000,1.3823180000,-0.7377398000,0.0860853800,0.4405104000,-0.0654505600,0.8912105000,
274.0179000000,276491,-0.5310407000,1.3821770000,-0.7377181000,0.0864028600,0.4409103000,-0.0656942600,0.8909640000,-0.5310407000,1.3821770000,-0.7377181000,0.0864028600,0.4409103000,-0.0656942600,0.8909640000,-0.5310407000,1.3821770000,-0.7377181000,0.0864028600,0.4409103000,-0.0656942600,0.8909640000,
274.0291000000,276501,-0.5309944000,1.3820180000,-0.7376945000,0.0868429600,0.4411437000,-0.0659473700,0.8907870000,-0.5309944000,1.3820180000,-0.7376945000,0.0868429600,0.4411437000,-0.0659473700,0.8907870000,-0.5309944000,1.3820180000,-0.7376945000,0.0868429600,0.4411437000,-0.0659473700,0.8907870000,
274.0401000000,276513,-0.5310042000,1.3818540000,-0.7376707000,0.0872150700,0.4414456000,-0.0662340100,0.8905798000,-0.5310042000,1.3818540000,-0.7376707000,0.0872150700,0.4414456000,-0.0662340100,0.8905798000,-0.5310042000,1.3818540000,-0.7376707000,0.0872150700,0.4414456000,-0.0662340100,0.8905798000,
274.0514000000,276524,-0.5309689000,1.3817150000,-0.7376730000,0.0876213200,0.4415312000,-0.0664983800,0.8904778000,-0.5309689000,1.3817150000,-0.7376730000,0.0876213200,0.4415312000,-0.0664983800,0.8904778000,-0.5309689000,1.3817150000,-0.7376730000,0.0876213200,0.4415312000,-0.0664983800,0.8904778000,
274.0626000000,276535,-0.5309656000,1.3815880000,-0.7376771000,0.0880923000,0.4418314000,-0.0667824900,0.8902611000,-0.5309656000,1.3815880000,-0.7376771000,0.0880923000,0.4418314000,-0.0667824900,0.8902611000,-0.5309656000,1.3815880000,-0.7376771000,0.0880923000,0.4418314000,-0.0667824900,0.8902611000,
274.0735000000,276546,-0.5308886000,1.3814780000,-0.7377427000,0.0885354400,0.4421721000,-0.0671091200,0.8900234000,-0.5308886000,1.3814780000,-0.7377427000,0.0885354400,0.4421721000,-0.0671091200,0.8900234000,-0.5308886000,1.3814780000,-0.7377427000,0.0885354400,0.4421721000,-0.0671091200,0.8900234000,
274.0847000000,276557,-0.5308042000,1.3813150000,-0.7378192000,0.0889642100,0.4427562000,-0.0673792400,0.8896698000,-0.5308042000,1.3813150000,-0.7378192000,0.0889642100,0.4427562000,-0.0673792400,0.8896698000,-0.5308042000,1.3813150000,-0.7378192000,0.0889642100,0.4427562000,-0.0673792400,0.8896698000,
274.0963000000,276568,-0.5307012000,1.3811370000,-0.7379239000,0.0895016300,0.4434949000,-0.0677182300,0.8892221000,-0.5307012000,1.3811370000,-0.7379239000,0.0895016300,0.4434949000,-0.0677182300,0.8892221000,-0.5307012000,1.3811370000,-0.7379239000,0.0895016300,0.4434949000,-0.0677182300,0.8892221000,
274.1067000000,276580,-0.5305679000,1.3809480000,-0.7380645000,0.0901062000,0.4443294000,-0.0680366000,0.8887200000,-0.5305679000,1.3809480000,-0.7380645000,0.0901062000,0.4443294000,-0.0680366000,0.8887200000,-0.5305679000,1.3809480000,-0.7380645000,0.0901062000,0.4443294000,-0.0680366000,0.8887200000,
274.1181000000,276590,-0.5304430000,1.3807210000,-0.7382269000,0.0908875200,0.4454301000,-0.0684863100,0.8880547000,-0.5304430000,1.3807210000,-0.7382269000,0.0908875200,0.4454301000,-0.0684863100,0.8880547000,-0.5304430000,1.3807210000,-0.7382269000,0.0908875200,0.4454301000,-0.0684863100,0.8880547000,
274.1290000000,276602,-0.5302556000,1.3803740000,-0.7383776000,0.0915887100,0.4465117000,-0.0689035700,0.8874069000,-0.5302556000,1.3803740000,-0.7383776000,0.0915887100,0.4465117000,-0.0689035700,0.8874069000,-0.5302556000,1.3803740000,-0.7383776000,0.0915887100,0.4465117000,-0.0689035700,0.8874069000,
274.1400000000,276613,-0.5300934000,1.3801240000,-0.7385540000,0.0925708000,0.4474674000,-0.0692971100,0.8867928000,-0.5300934000,1.3801240000,-0.7385540000,0.0925708000,0.4474674000,-0.0692971100,0.8867928000,-0.5300934000,1.3801240000,-0.7385540000,0.0925708000,0.4474674000,-0.0692971100,0.8867928000,
274.1512000000,276624,-0.5298896000,1.3798100000,-0.7387028000,0.0933310200,0.4483876000,-0.0697461000,0.8862129000,-0.5298896000,1.3798100000,-0.7387028000,0.0933310200,0.4483876000,-0.0697461000,0.8862129000,-0.5298896000,1.3798100000,-0.7387028000,0.0933310200,0.4483876000,-0.0697461000,0.8862129000,
274.1623000000,276635,-0.5296602000,1.3794960000,-0.7387745000,0.0940037000,0.4491313000,-0.0701282300,0.8857350000,-0.5296602000,1.3794960000,-0.7387745000,0.0940037000,0.4491313000,-0.0701282300,0.8857350000,-0.5296602000,1.3794960000,-0.7387745000,0.0940037000,0.4491313000,-0.0701282300,0.8857350000,
274.1734000000,276646,-0.5294642000,1.3793540000,-0.7388957000,0.0946553900,0.4496931000,-0.0703382900,0.8853638000,-0.5294642000,1.3793540000,-0.7388957000,0.0946553900,0.4496931000,-0.0703382900,0.8853638000,-0.5294642000,1.3793540000,-0.7388957000,0.0946553900,0.4496931000,-0.0703382900,0.8853638000,
274.1846000000,276657,-0.5292201000,1.3791970000,-0.7389042000,0.0950883600,0.4498472000,-0.0706261900,0.8852162000,-0.5292201000,1.3791970000,-0.7389042000,0.0950883600,0.4498472000,-0.0706261900,0.8852162000,-0.5292201000,1.3791970000,-0.7389042000,0.0950883600,0.4498472000,-0.0706261900,0.8852162000,
274.1957000000,276668,-0.5291152000,1.3791110000,-0.7388542000,0.0954541300,0.4497930000,-0.0707286200,0.8851962000,-0.5291152000,1.3791110000,-0.7388542000,0.0954541300,0.4497930000,-0.0707286200,0.8851962000,-0.5291152000,1.3791110000,-0.7388542000,0.0954541300,0.4497930000,-0.0707286200,0.8851962000,
274.2066000000,276679,-0.5289142000,1.3790600000,-0.7386947000,0.0957392200,0.4494927000,-0.0706552000,0.8853238000,-0.5289142000,1.3790600000,-0.7386947000,0.0957392200,0.4494927000,-0.0706552000,0.8853238000,-0.5289142000,1.3790600000,-0.7386947000,0.0957392200,0.4494927000,-0.0706552000,0.8853238000,
274.2178000000,276690,-0.5288482000,1.3790770000,-0.7385161000,0.0958787700,0.4487660000,-0.0705871300,0.8856827000,-0.5288482000,1.3790770000,-0.7385161000,0.0958787700,0.4487660000,-0.0705871300,0.8856827000,-0.5288482000,1.3790770000,-0.7385161000,0.0958787700,0.4487660000,-0.0705871300,0.8856827000,
274.2290000000,276701,-0.5287974000,1.3791260000,-0.7382946000,0.0960027900,0.4478179000,-0.0704500500,0.8861600000,-0.5287974000,1.3791260000,-0.7382946000,0.0960027900,0.4478179000,-0.0704500500,0.8861600000,-0.5287974000,1.3791260000,-0.7382946000,0.0960027900,0.4478179000,-0.0704500500,0.8861600000,
274.2401000000,276713,-0.5288339000,1.3792130000,-0.7380211000,0.0960510000,0.4463164000,-0.0702828500,0.8869252000,-0.5288339000,1.3792130000,-0.7380211000,0.0960510000,0.4463164000,-0.0702828500,0.8869252000,-0.5288339000,1.3792130000,-0.7380211000,0.0960510000,0.4463164000,-0.0702828500,0.8869252000,
274.2512000000,276724,-0.5288548000,1.3792790000,-0.7376950000,0.0961439700,0.4446408000,-0.0702668100,0.8877575000,-0.5288548000,1.3792790000,-0.7376950000,0.0961439700,0.4446408000,-0.0702668100,0.8877575000,-0.5288548000,1.3792790000,-0.7376950000,0.0961439700,0.4446408000,-0.0702668100,0.8877575000,
274.2625000000,276735,-0.5289497000,1.3793110000,-0.7373271000,0.0961280800,0.4424603000,-0.0702554100,0.8888490000,-0.5289497000,1.3793110000,-0.7373271000,0.0961280800,0.4424603000,-0.0702554100,0.8888490000,-0.5289497000,1.3793110000,-0.7373271000,0.0961280800,0.4424603000,-0.0702554100,0.8888490000,
274.2734000000,276746,-0.5290575000,1.3794390000,-0.7368515000,0.0960414000,0.4400876000,-0.0704506200,0.8900201000,-0.5290575000,1.3794390000,-0.7368515000,0.0960414000,0.4400876000,-0.0704506200,0.8900201000,-0.5290575000,1.3794390000,-0.7368515000,0.0960414000,0.4400876000,-0.0704506200,0.8900201000,
274.2845000000,276757,-0.5292675000,1.3795510000,-0.7362914000,0.0956297500,0.4370010000,-0.0706842100,0.8915654000,-0.5292675000,1.3795510000,-0.7362914000,0.0956297500,0.4370010000,-0.0706842100,0.8915654000,-0.5292675000,1.3795510000,-0.7362914000,0.0956297500,0.4370010000,-0.0706842100,0.8915654000,
274.2956000000,276768,-0.5295744000,1.3797790000,-0.7356606000,0.0949554400,0.4332040000,-0.0709916600,0.8934640000,-0.5295744000,1.3797790000,-0.7356606000,0.0949554400,0.4332040000,-0.0709916600,0.8934640000,-0.5295744000,1.3797790000,-0.7356606000,0.0949554400,0.4332040000,-0.0709916600,0.8934640000,
274.3065000000,276779,-0.5299959000,1.3800540000,-0.7349470000,0.0941003000,0.4290172000,-0.0714266900,0.8955376000,-0.5299959000,1.3800540000,-0.7349470000,0.0941003000,0.4290172000,-0.0714266900,0.8955376000,-0.5299959000,1.3800540000,-0.7349470000,0.0941003000,0.4290172000,-0.0714266900,0.8955376000,
274.3179000000,276790,-0.5305536000,1.3804520000,-0.7340999000,0.0930747800,0.4234033000,-0.0720643000,0.8982614000,-0.5305536000,1.3804520000,-0.7340999000,0.0930747800,0.4234033000,-0.0720643000,0.8982614000,-0.5305536000,1.3804520000,-0.7340999000,0.0930747800,0.4234033000,-0.0720643000,0.8982614000,
274.3294000000,276802,-0.5310624000,1.3808680000,-0.7330604000,0.0917047300,0.4172037000,-0.0726956200,0.9012473000,-0.5310624000,1.3808680000,-0.7330604000,0.0917047300,0.4172037000,-0.0726956200,0.9012473000,-0.5310624000,1.3808680000,-0.7330604000,0.0917047300,0.4172037000,-0.0726956200,0.9012473000,
274.3405000000,276813,-0.5318699000,1.3813360000,-0.7319243000,0.0900125400,0.4096200000,-0.0735008300,0.9048243000,-0.5318699000,1.3813360000,-0.7319243000,0.0900125400,0.4096200000,-0.0735008300,0.9048243000,-0.5318699000,1.3813360000,-0.7319243000,0.0900125400,0.4096200000,-0.0735008300,0.9048243000,
274.3518000000,276824,-0.5328007000,1.3818240000,-0.7306635000,0.0883308500,0.4012398000,-0.0741331500,0.9086850000,-0.5328007000,1.3818240000,-0.7306635000,0.0883308500,0.4012398000,-0.0741331500,0.9086850000,-0.5328007000,1.3818240000,-0.7306635000,0.0883308500,0.4012398000,-0.0741331500,0.9086850000,
274.3633000000,276835,-0.5337086000,1.3822930000,-0.7294130000,0.0867197300,0.3929408000,-0.0746869300,0.9124139000,-0.5337086000,1.3822930000,-0.7294130000,0.0867197300,0.3929408000,-0.0746869300,0.9124139000,-0.5337086000,1.3822930000,-0.7294130000,0.0867197300,0.3929408000,-0.0746869300,0.9124139000,
274.3746000000,276848,-0.5348113000,1.3827650000,-0.7282200000,0.0850227100,0.3842645000,-0.0750429600,0.9162317000,-0.5348113000,1.3827650000,-0.7282200000,0.0850227100,0.3842645000,-0.0750429600,0.9162317000,-0.5348113000,1.3827650000,-0.7282200000,0.0850227100,0.3842645000,-0.0750429600,0.9162317000,
274.3862000000,276858,-0.5360255000,1.3833630000,-0.7269869000,0.0834852500,0.3755223000,-0.0752168500,0.9199759000,-0.5360255000,1.3833630000,-0.7269869000,0.0834852500,0.3755223000,-0.0752168500,0.9199759000,-0.5360255000,1.3833630000,-0.7269869000,0.0834852500,0.3755223000,-0.0752168500,0.9199759000,
274.3975000000,276870,-0.5373061000,1.3838600000,-0.7258775000,0.0819746300,0.3670625000,-0.0752515300,0.9235164000,-0.5373061000,1.3838600000,-0.7258775000,0.0819746300,0.3670625000,-0.0752515300,0.9235164000,-0.5373061000,1.3838600000,-0.7258775000,0.0819746300,0.3670625000,-0.0752515300,0.9235164000,
274.4086000000,276881,-0.5385692000,1.3843620000,-0.7247319000,0.0806079400,0.3588301000,-0.0752616700,0.9268652000,-0.5385692000,1.3843620000,-0.7247319000,0.0806079400,0.3588301000,-0.0752616700,0.9268652000,-0.5385692000,1.3843620000,-0.7247319000,0.0806079400,0.3588301000,-0.0752616700,0.9268652000,
274.4202000000,276892,-0.5399199000,1.3849620000,-0.7236087000,0.0794509100,0.3506028000,-0.0752330400,0.9301103000,-0.5399199000,1.3849620000,-0.7236087000,0.0794509100,0.3506028000,-0.0752330400,0.9301103000,-0.5399199000,1.3849620000,-0.7236087000,0.0794509100,0.3506028000,-0.0752330400,0.9301103000,
274.4319000000,276904,-0.5413728000,1.3853890000,-0.7226210000,0.0781925700,0.3425066000,-0.0753468000,0.9332192000,-0.5413728000,1.3853890000,-0.7226210000,0.0781925700,0.3425066000,-0.0753468000,0.9332192000,-0.5413728000,1.3853890000,-0.7226210000,0.0781925700,0.3425066000,-0.0753468000,0.9332192000,
274.4424000000,276915,-0.5428877000,1.3858470000,-0.7217040000,0.0769316200,0.3344647000,-0.0753995000,0.9362317000,-0.5428877000,1.3858470000,-0.7217040000,0.0769316200,0.3344647000,-0.0753995000,0.9362317000,-0.5428877000,1.3858470000,-0.7217040000,0.0769316200,0.3344647000,-0.0753995000,0.9362317000,
274.4541000000,276926,-0.5444055000,1.3863040000,-0.7208381000,0.0755904800,0.3267043000,-0.0755542900,0.9390644000,-0.5444055000,1.3863040000,-0.7208381000,0.0755904800,0.3267043000,-0.0755542900,0.9390644000,-0.5444055000,1.3863040000,-0.7208381000,0.0755904800,0.3267043000,-0.0755542900,0.9390644000,
274.4660000000,276938,-0.5459282000,1.3868990000,-0.7201765000,0.0741671100,0.3192303000,-0.0756058200,0.9417405000,-0.5459282000,1.3868990000,-0.7201765000,0.0741671100,0.3192303000,-0.0756058200,0.9417405000,-0.5459282000,1.3868990000,-0.7201765000,0.0741671100,0.3192303000,-0.0756058200,0.9417405000,
274.4767000000,276950,-0.5474007000,1.3874350000,-0.7194409000,0.0724833800,0.3121919000,-0.0756380100,0.9442252000,-0.5474007000,1.3874350000,-0.7194409000,0.0724833800,0.3121919000,-0.0756380100,0.9442252000,-0.5474007000,1.3874350000,-0.7194409000,0.0724833800,0.3121919000,-0.0756380100,0.9442252000,
274.4878000000,276960,-0.5483074000,1.3881450000,-0.7179227000,0.0708634500,0.3055736000,-0.0755975800,0.9465137000,-0.5483074000,1.3881450000,-0.7179227000,0.0708634500,0.3055736000,-0.0755975800,0.9465137000,-0.5483074000,1.3881450000,-0.7179227000,0.0708634500,0.3055736000,-0.0755975800,0.9465137000,
274.4998000000,276972,-0.5497437000,1.3887450000,-0.7174256000,0.0691576700,0.2997193000,-0.0752429400,0.9485379000,-0.5497437000,1.3887450000,-0.7174256000,0.0691576700,0.2997193000,-0.0752429400,0.9485379000,-0.5497437000,1.3887450000,-0.7174256000,0.0691576700,0.2997193000,-0.0752429400,0.9485379000,
274.5056000000,276983,-0.5511734000,1.3893170000,-0.7167068000,0.0676811600,0.2933538000,-0.0749705700,0.9506536000,-0.5511734000,1.3893170000,-0.7167068000,0.0676811600,0.2933538000,-0.0749705700,0.9506536000,-0.5511734000,1.3893170000,-0.7167068000,0.0676811600,0.2933538000,-0.0749705700,0.9506536000,
274.5169000000,276983,-0.5526071000,1.3898080000,-0.7162819000,0.0663931100,0.2881660000,-0.0743499000,0.9523783000,-0.5526071000,1.3898080000,-0.7162819000,0.0663931100,0.2881660000,-0.0743499000,0.9523783000,-0.5526071000,1.3898080000,-0.7162819000,0.0663931100,0.2881660000,-0.0743499000,0.9523783000,
274.5277000000,277000,-0.5539589000,1.3901830000,-0.7159097000,0.0654215400,0.2829868000,-0.0736676800,0.9540501000,-0.5539589000,1.3901830000,-0.7159097000,0.0654215400,0.2829868000,-0.0736676800,0.9540501000,-0.5539589000,1.3901830000,-0.7159097000,0.0654215400,0.2829868000,-0.0736676800,0.9540501000,
274.5388000000,277011,-0.5553896000,1.3905900000,-0.7154441000,0.0644987500,0.2779908000,-0.0729351800,0.9556367000,-0.5553896000,1.3905900000,-0.7154441000,0.0644987500,0.2779908000,-0.0729351800,0.9556367000,-0.5553896000,1.3905900000,-0.7154441000,0.0644987500,0.2779908000,-0.0729351800,0.9556367000,
274.5504000000,277022,-0.5568798000,1.3909300000,-0.7152004000,0.0635808900,0.2729770000,-0.0720247500,0.9572113000,-0.5568798000,1.3909300000,-0.7152004000,0.0635808900,0.2729770000,-0.0720247500,0.9572113000,-0.5568798000,1.3909300000,-0.7152004000,0.0635808900,0.2729770000,-0.0720247500,0.9572113000,
274.5611000000,277034,-0.5583043000,1.3914300000,-0.7148271000,0.0624606200,0.2681736000,-0.0710974900,0.9587110000,-0.5583043000,1.3914300000,-0.7148271000,0.0624606200,0.2681736000,-0.0710974900,0.9587110000,-0.5583043000,1.3914300000,-0.7148271000,0.0624606200,0.2681736000,-0.0710974900,0.9587110000,
274.5738000000,277045,-0.5596981000,1.3919400000,-0.7145298000,0.0613866800,0.2635581000,-0.0698721900,0.9601493000,-0.5596981000,1.3919400000,-0.7145298000,0.0613866800,0.2635581000,-0.0698721900,0.9601493000,-0.5596981000,1.3919400000,-0.7145298000,0.0613866800,0.2635581000,-0.0698721900,0.9601493000,
274.5847000000,277057,-0.5611305000,1.3924600000,-0.7142797000,0.0602114200,0.2592056000,-0.0687302300,0.9614901000,-0.5611305000,1.3924600000,-0.7142797000,0.0602114200,0.2592056000,-0.0687302300,0.9614901000,-0.5611305000,1.3924600000,-0.7142797000,0.0602114200,0.2592056000,-0.0687302300,0.9614901000,
274.5944000000,277068,-0.5627909000,1.3929620000,-0.7139137000,0.0591591800,0.2540919000,-0.0675161600,0.9630052000,-0.5627909000,1.3929620000,-0.7139137000,0.0591591800,0.2540919000,-0.0675161600,0.9630052000,-0.5627909000,1.3929620000,-0.7139137000,0.0591591800,0.2540919000,-0.0675161600,0.9630052000,
274.6055000000,277078,-0.5640543000,1.3932570000,-0.7137980000,0.0586916200,0.2505711000,-0.0665592600,0.9640225000,-0.5640543000,1.3932570000,-0.7137980000,0.0586916200,0.2505711000,-0.0665592600,0.9640225000,-0.5640543000,1.3932570000,-0.7137980000,0.0586916200,0.2505711000,-0.0665592600,0.9640225000,
274.6167000000,277089,-0.5652950000,1.3934690000,-0.7134237000,0.0582235000,0.2464858000,-0.0654671900,0.9651781000,-0.5652950000,1.3934690000,-0.7134237000,0.0582235000,0.2464858000,-0.0654671900,0.9651781000,-0.5652950000,1.3934690000,-0.7134237000,0.0582235000,0.2464858000,-0.0654671900,0.9651781000,
274.6278000000,277100,-0.5668886000,1.3936420000,-0.7133987000,0.0577323000,0.2424565000,-0.0644663300,0.9662949000,-0.5668886000,1.3936420000,-0.7133987000,0.0577323000,0.2424565000,-0.0644663300,0.9662949000,-0.5668886000,1.3936420000,-0.7133987000,0.0577323000,0.2424565000,-0.0644663300,0.9662949000,
274.6389000000,277111,-0.5684426000,1.3940280000,-0.7133446000,0.0572333300,0.2383770000,-0.0634420400,0.9674068000,-0.5684426000,1.3940280000,-0.7133446000,0.0572333300,0.2383770000,-0.0634420400,0.9674068000,-0.5684426000,1.3940280000,-0.7133446000,0.0572333300,0.2383770000,-0.0634420400,0.9674068000,
274.6501000000,277122,-0.5698719000,1.3945140000,-0.7132051000,0.0565189300,0.2343817000,-0.0623616400,0.9684947000,-0.5698719000,1.3945140000,-0.7132051000,0.0565189300,0.2343817000,-0.0623616400,0.9684947000,-0.5698719000,1.3945140000,-0.7132051000,0.0565189300,0.2343817000,-0.0623616400,0.9684947000,
274.6610000000,277134,-0.5714252000,1.3949340000,-0.7130892000,0.0556385700,0.2304243000,-0.0611465300,0.9695721000,-0.5714252000,1.3949340000,-0.7130892000,0.0556385700,0.2304243000,-0.0611465300,0.9695721000,-0.5714252000,1.3949340000,-0.7130892000,0.0556385700,0.2304243000,-0.0611465300,0.9695721000,
274.6721000000,277145,-0.5729585000,1.3953060000,-0.7130463000,0.0546994700,0.2260439000,-0.0601930500,0.9707157000,-0.5729585000,1.3953060000,-0.7130463000,0.0546994700,0.2260439000,-0.0601930500,0.9707157000,-0.5729585000,1.3953060000,-0.7130463000,0.0546994700,0.2260439000,-0.0601930500,0.9707157000,
274.6834000000,277155,-0.5745547000,1.3957060000,-0.7129157000,0.0537924500,0.2215334000,-0.0591797800,0.9718679000,-0.5745547000,1.3957060000,-0.7129157000,0.0537924500,0.2215334000,-0.0591797800,0.9718679000,-0.5745547000,1.3957060000,-0.7129157000,0.0537924500,0.2215334000,-0.0591797800,0.9718679000,
274.6944000000,277167,-0.5762277000,1.3961310000,-0.7128448000,0.0528530400,0.2167331000,-0.0581271000,0.9730645000,-0.5762277000,1.3961310000,-0.7128448000,0.0528530400,0.2167331000,-0.0581271000,0.9730645000,-0.5762277000,1.3961310000,-0.7128448000,0.0528530400,0.2167331000,-0.0581271000,0.9730645000,
274.7056000000,277178,-0.5777349000,1.3966730000,-0.7126968000,0.0519851000,0.2117898000,-0.0571578300,0.9742565000,-0.5777349000,1.3966730000,-0.7126968000,0.0519851000,0.2117898000,-0.0571578300,0.9742565000,-0.5777349000,1.3966730000,-0.7126968000,0.0519851000,0.2117898000,-0.0571578300,0.9742565000,
274.7167000000,277189,-0.5794380000,1.3971120000,-0.7126865000,0.0510080700,0.2066831000,-0.0560610000,0.9754678000,-0.5794380000,1.3971120000,-0.7126865000,0.0510080700,0.2066831000,-0.0560610000,0.9754678000,-0.5794380000,1.3971120000,-0.7126865000,0.0510080700,0.2066831000,-0.0560610000,0.9754678000,
274.7276000000,277200,-0.5812652000,1.3973870000,-0.7127576000,0.0499748100,0.2017171000,-0.0548173100,0.9766309000,-0.5812652000,1.3973870000,-0.7127576000,0.0499748100,0.2017171000,-0.0548173100,0.9766309000,-0.5812652000,1.3973870000,-0.7127576000,0.0499748100,0.2017171000,-0.0548173100,0.9766309000,
274.7390000000,277211,-0.5829911000,1.3977720000,-0.7127461000,0.0490212300,0.1967830000,-0.0535955700,0.9777530000,-0.5829911000,1.3977720000,-0.7127461000,0.0490212300,0.1967830000,-0.0535955700,0.9777530000,-0.5829911000,1.3977720000,-0.7127461000,0.0490212300,0.1967830000,-0.0535955700,0.9777530000,
274.7503000000,277222,-0.5847135000,1.3981800000,-0.7127357000,0.0480932400,0.1919866000,-0.0523334600,0.9788204000,-0.5847135000,1.3981800000,-0.7127357000,0.0480932400,0.1919866000,-0.0523334600,0.9788204000,-0.5847135000,1.3981800000,-0.7127357000,0.0480932400,0.1919866000,-0.0523334600,0.9788204000,
274.7610000000,277234,-0.5864599000,1.3986370000,-0.7127588000,0.0469799200,0.1872713000,-0.0509170500,0.9798622000,-0.5864599000,1.3986370000,-0.7127588000,0.0469799200,0.1872713000,-0.0509170500,0.9798622000,-0.5864599000,1.3986370000,-0.7127588000,0.0469799200,0.1872713000,-0.0509170500,0.9798622000,
274.7723000000,277245,-0.5881262000,1.3990420000,-0.7128143000,0.0459231900,0.1823287000,-0.0493503600,0.9809240000,-0.5881262000,1.3990420000,-0.7128143000,0.0459231900,0.1823287000,-0.0493503600,0.9809240000,-0.5881262000,1.3990420000,-0.7128143000,0.0459231900,0.1823287000,-0.0493503600,0.9809240000,
274.7834000000,277256,-0.5898905000,1.3995280000,-0.7128553000,0.0446251600,0.1772930000,-0.0476442700,0.9819908000,-0.5898905000,1.3995280000,-0.7128553000,0.0446251600,0.1772930000,-0.0476442700,0.9819908000,-0.5898905000,1.3995280000,-0.7128553000,0.0446251600,0.1772930000,-0.0476442700,0.9819908000,
274.7944000000,277267,-0.5916104000,1.4000230000,-0.7128961000,0.0433175900,0.1720550000,-0.0458392800,0.9830664000,-0.5916104000,1.4000230000,-0.7128961000,0.0433175900,0.1720550000,-0.0458392800,0.9830664000,-0.5916104000,1.4000230000,-0.7128961000,0.0433175900,0.1720550000,-0.0458392800,0.9830664000,
274.8056000000,277278,-0.5933614000,1.4005240000,-0.7129321000,0.0419460500,0.1665249000,-0.0441148000,0.9841564000,-0.5933614000,1.4005240000,-0.7129321000,0.0419460500,0.1665249000,-0.0441148000,0.9841564000,-0.5933614000,1.4005240000,-0.7129321000,0.0419460500,0.1665249000,-0.0441148000,0.9841564000,
274.8167000000,277289,-0.5950949000,1.4010090000,-0.7129712000,0.0405999100,0.1610720000,-0.0424335300,0.9851938000,-0.5950949000,1.4010090000,-0.7129712000,0.0405999100,0.1610720000,-0.0424335300,0.9851938000,-0.5950949000,1.4010090000,-0.7129712000,0.0405999100,0.1610720000,-0.0424335300,0.9851938000,
274.8275000000,277300,-0.5968149000,1.4014860000,-0.7130389000,0.0391616100,0.1556934000,-0.0408752200,0.9861822000,-0.5968149000,1.4014860000,-0.7130389000,0.0391616100,0.1556934000,-0.0408752200,0.9861822000,-0.5968149000,1.4014860000,-0.7130389000,0.0391616100,0.1556934000,-0.0408752200,0.9861822000,
274.8389000000,277311,-0.5984974000,1.4019350000,-0.7131252000,0.0377229000,0.1504409000,-0.0396014300,0.9871050000,-0.5984974000,1.4019350000,-0.7131252000,0.0377229000,0.1504409000,-0.0396014300,0.9871050000,-0.5984974000,1.4019350000,-0.7131252000,0.0377229000,0.1504409000,-0.0396014300,0.9871050000,
274.8502000000,277322,-0.6003923000,1.4023270000,-0.7133508000,0.0364162400,0.1456305000,-0.0382764600,0.9879274000,-0.6003923000,1.4023270000,-0.7133508000,0.0364162400,0.1456305000,-0.0382764600,0.9879274000,-0.6003923000,1.4023270000,-0.7133508000,0.0364162400,0.1456305000,-0.0382764600,0.9879274000,
274.8619000000,277334,-0.6020947000,1.4027270000,-0.7134984000,0.0353145100,0.1409411000,-0.0371251500,0.9886912000,-0.6020947000,1.4027270000,-0.7134984000,0.0353145100,0.1409411000,-0.0371251500,0.9886912000,-0.6020947000,1.4027270000,-0.7134984000,0.0353145100,0.1409411000,-0.0371251500,0.9886912000,
274.8728000000,277346,-0.6035552000,1.4028950000,-0.7138033000,0.0342693500,0.1363323000,-0.0358894200,0.9894196000,-0.6035552000,1.4028950000,-0.7138033000,0.0342693500,0.1363323000,-0.0358894200,0.9894196000,-0.6035552000,1.4028950000,-0.7138033000,0.0342693500,0.1363323000,-0.0358894200,0.9894196000,
274.8840000000,277356,-0.6050630000,1.4032690000,-0.7139745000,0.0331022700,0.1320090000,-0.0347303600,0.9900867000,-0.6050630000,1.4032690000,-0.7139745000,0.0331022700,0.1320090000,-0.0347303600,0.9900867000,-0.6050630000,1.4032690000,-0.7139745000,0.0331022700,0.1320090000,-0.0347303600,0.9900867000,
274.8956000000,277368,-0.6064527000,1.4036390000,-0.7142193000,0.0320579800,0.1279380000,-0.0334734400,0.9906986000,-0.6064527000,1.4036390000,-0.7142193000,0.0320579800,0.1279380000,-0.0334734400,0.9906986000,-0.6064527000,1.4036390000,-0.7142193000,0.0320579800,0.1279380000,-0.0334734400,0.9906986000,
274.9070000000,277379,-0.6078160000,1.4040330000,-0.7144332000,0.0306958300,0.1240082000,-0.0320783300,0.9912874000,-0.6078160000,1.4040330000,-0.7144332000,0.0306958300,0.1240082000,-0.0320783300,0.9912874000,-0.6078160000,1.4040330000,-0.7144332000,0.0306958300,0.1240082000,-0.0320783300,0.9912874000,
274.9182000000,277391,-0.6091068000,1.4044160000,-0.7146561000,0.0293402200,0.1203999000,-0.0309437400,0.9918092000,-0.6091068000,1.4044160000,-0.7146561000,0.0293402200,0.1203999000,-0.0309437400,0.9918092000,-0.6091068000,1.4044160000,-0.7146561000,0.0293402200,0.1203999000,-0.0309437400,0.9918092000,
274.9297000000,277402,-0.6103549000,1.4048580000,-0.7148926000,0.0279257200,0.1170181000,-0.0296343900,0.9922947000,-0.6103549000,1.4048580000,-0.7148926000,0.0279257200,0.1170181000,-0.0296343900,0.9922947000,-0.6103549000,1.4048580000,-0.7148926000,0.0279257200,0.1170181000,-0.0296343900,0.9922947000,
274.9409000000,277414,-0.6114688000,1.4052310000,-0.7151117000,0.0263837900,0.1140644000,-0.0283463600,0.9927183000,-0.6114688000,1.4052310000,-0.7151117000,0.0263837900,0.1140644000,-0.0283463600,0.9927183000,-0.6114688000,1.4052310000,-0.7151117000,0.0263837900,0.1140644000,-0.0283463600,0.9927183000,
274.9522000000,277425,-0.6125021000,1.4056160000,-0.7154012000,0.0248382800,0.1114531000,-0.0270002000,0.9930923000,-0.6125021000,1.4056160000,-0.7154012000,0.0248382800,0.1114531000,-0.0270002000,0.9930923000,-0.6125021000,1.4056160000,-0.7154012000,0.0248382800,0.1114531000,-0.0270002000,0.9930923000,
274.9636000000,277436,-0.6134813000,1.4059400000,-0.7157495000,0.0232553700,0.1089630000,-0.0256702100,0.9934422000,-0.6134813000,1.4059400000,-0.7157495000,0.0232553700,0.1089630000,-0.0256702100,0.9934422000,-0.6134813000,1.4059400000,-0.7157495000,0.0232553700,0.1089630000,-0.0256702100,0.9934422000,
274.9750000000,277447,-0.6143510000,1.4062380000,-0.7160037000,0.0216916700,0.1070400000,-0.0240644400,0.9937267000,-0.6143510000,1.4062380000,-0.7160037000,0.0216916700,0.1070400000,-0.0240644400,0.9937267000,-0.6143510000,1.4062380000,-0.7160037000,0.0216916700,0.1070400000,-0.0240644400,0.9937267000,
274.9865000000,277459,-0.6151769000,1.4066670000,-0.7163091000,0.0200760100,0.1054286000,-0.0225059100,0.9939694000,-0.6151769000,1.4066670000,-0.7163091000,0.0200760100,0.1054286000,-0.0225059100,0.9939694000,-0.6151769000,1.4066670000,-0.7163091000,0.0200760100,0.1054286000,-0.0225059100,0.9939694000,
274.9980000000,277470,-0.6158991000,1.4070680000,-0.7166088000,0.0183060800,0.1040280000,-0.0208224800,0.9941879000,-0.6158991000,1.4070680000,-0.7166088000,0.0183060800,0.1040280000,-0.0208224800,0.9941879000,-0.6158991000,1.4070680000,-0.7166088000,0.0183060800,0.1040280000,-0.0208224800,0.9941879000,
275.0091000000,277482,-0.6165113000,1.4074300000,-0.7170413000,0.0164340600,0.1030622000,-0.0192047100,0.9943537000,-0.6165113000,1.4074300000,-0.7170413000,0.0164340600,0.1030622000,-0.0192047100,0.9943537000,-0.6165113000,1.4074300000,-0.7170413000,0.0164340600,0.1030622000,-0.0192047100,0.9943537000,
275.0204000000,277493,-0.6170516000,1.4078790000,-0.7174284000,0.0143764700,0.1025312000,-0.0175990200,0.9944702000,-0.6170516000,1.4078790000,-0.7174284000,0.0143764700,0.1025312000,-0.0175990200,0.9944702000,-0.6170516000,1.4078790000,-0.7174284000,0.0143764700,0.1025312000,-0.0175990200,0.9944702000,
275.0321000000,277504,-0.6174765000,1.4083160000,-0.7178860000,0.0121387100,0.1025639000,-0.0161825100,0.9945207000,-0.6174765000,1.4083160000,-0.7178860000,0.0121387100,0.1025639000,-0.0161825100,0.9945207000,-0.6174765000,1.4083160000,-0.7178860000,0.0121387100,0.1025639000,-0.0161825100,0.9945207000,
275.0432000000,277516,-0.6178751000,1.4087890000,-0.7182844000,0.0099188720,0.1027931000,-0.0149671700,0.9945408000,-0.6178751000,1.4087890000,-0.7182844000,0.0099188720,0.1027931000,-0.0149671700,0.9945408000,-0.6178751000,1.4087890000,-0.7182844000,0.0099188720,0.1027931000,-0.0149671700,0.9945408000,
275.0544000000,277527,-0.6182752000,1.4091960000,-0.7187278000,0.0076659920,0.1034112000,-0.0137996500,0.9945135000,-0.6182752000,1.4091960000,-0.7187278000,0.0076659920,0.1034112000,-0.0137996500,0.9945135000,-0.6182752000,1.4091960000,-0.7187278000,0.0076659920,0.1034112000,-0.0137996500,0.9945135000,
275.0665000000,277538,-0.6185753000,1.4096400000,-0.7191463000,0.0056766950,0.1043005000,-0.0128067200,0.9944472000,-0.6185753000,1.4096400000,-0.7191463000,0.0056766950,0.1043005000,-0.0128067200,0.9944472000,-0.6185753000,1.4096400000,-0.7191463000,0.0056766950,0.1043005000,-0.0128067200,0.9944472000,
275.0767000000,277550,-0.6188905000,1.4100610000,-0.7195809000,0.0037214970,0.1052028000,-0.0117048300,0.9943750000,-0.6188905000,1.4100610000,-0.7195809000,0.0037214970,0.1052028000,-0.0117048300,0.9943750000,-0.6188905000,1.4100610000,-0.7195809000,0.0037214970,0.1052028000,-0.0117048300,0.9943750000,
275.0882000000,277560,-0.6191289000,1.4104320000,-0.7200284000,0.0019256950,0.1063891000,-0.0108931200,0.9942631000,-0.6191289000,1.4104320000,-0.7200284000,0.0019256950,0.1063891000,-0.0108931200,0.9942631000,-0.6191289000,1.4104320000,-0.7200284000,0.0019256950,0.1063891000,-0.0108931200,0.9942631000,
275.0996000000,277572,-0.6193039000,1.4107370000,-0.7204657000,0.0001822897,0.1075868000,-0.0099664130,0.9941457000,-0.6193039000,1.4107370000,-0.7204657000,0.0001822897,0.1075868000,-0.0099664130,0.9941457000,-0.6193039000,1.4107370000,-0.7204657000,0.0001822897,0.1075868000,-0.0099664130,0.9941457000,
275.1107000000,277583,-0.6194863000,1.4110080000,-0.7208900000,-0.0013722020,0.1089872000,-0.0091084900,0.9940005000,-0.6194863000,1.4110080000,-0.7208900000,-0.0013722020,0.1089872000,-0.0091084900,0.9940005000,-0.6194863000,1.4110080000,-0.7208900000,-0.0013722020,0.1089872000,-0.0091084900,0.9940005000,
275.1213000000,277594,-0.6196444000,1.4112940000,-0.7213342000,-0.0029619310,0.1103097000,-0.0083695360,0.9938576000,-0.6196444000,1.4112940000,-0.7213342000,-0.0029619310,0.1103097000,-0.0083695360,0.9938576000,-0.6196444000,1.4112940000,-0.7213342000,-0.0029619310,0.1103097000,-0.0083695360,0.9938576000,
275.1331000000,277605,-0.6198361000,1.4116340000,-0.7217891000,-0.0042020420,0.1117147000,-0.0078398570,0.9937005000,-0.6198361000,1.4116340000,-0.7217891000,-0.0042020420,0.1117147000,-0.0078398570,0.9937005000,-0.6198361000,1.4116340000,-0.7217891000,-0.0042020420,0.1117147000,-0.0078398570,0.9937005000,
275.1433000000,277617,-0.6199477000,1.4118640000,-0.7222583000,-0.0055777440,0.1132073000,-0.0073226640,0.9935288000,-0.6199477000,1.4118640000,-0.7222583000,-0.0055777440,0.1132073000,-0.0073226640,0.9935288000,-0.6199477000,1.4118640000,-0.7222583000,-0.0055777440,0.1132073000,-0.0073226640,0.9935288000,
275.1541000000,277627,-0.6200666000,1.4119470000,-0.7226985000,-0.0067182690,0.1147798000,-0.0070966910,0.9933429000,-0.6200666000,1.4119470000,-0.7226985000,-0.0067182690,0.1147798000,-0.0070966910,0.9933429000,-0.6200666000,1.4119470000,-0.7226985000,-0.0067182690,0.1147798000,-0.0070966910,0.9933429000,
275.1660000000,277638,-0.6201844000,1.4121320000,-0.7231333000,-0.0077453480,0.1164807000,-0.0068889560,0.9931389000,-0.6201844000,1.4121320000,-0.7231333000,-0.0077453480,0.1164807000,-0.0068889560,0.9931389000,-0.6201844000,1.4121320000,-0.7231333000,-0.0077453480,0.1164807000,-0.0068889560,0.9931389000,
275.1767000000,277650,-0.6203477000,1.4122770000,-0.7236166000,-0.0086399040,0.1181373000,-0.0068277480,0.9929363000,-0.6203477000,1.4122770000,-0.7236166000,-0.0086399040,0.1181373000,-0.0068277480,0.9929363000,-0.6203477000,1.4122770000,-0.7236166000,-0.0086399040,0.1181373000,-0.0068277480,0.9929363000,
275.1878000000,277660,-0.6204953000,1.4123440000,-0.7239552000,-0.0093096320,0.1197408000,-0.0066650070,0.9927392000,-0.6204953000,1.4123440000,-0.7239552000,-0.0093096320,0.1197408000,-0.0066650070,0.9927392000,-0.6204953000,1.4123440000,-0.7239552000,-0.0093096320,0.1197408000,-0.0066650070,0.9927392000,
275.2014000000,277672,-0.6206551000,1.4124060000,-0.7243781000,-0.0098173390,0.1215207000,-0.0066639940,0.9925180000,-0.6206551000,1.4124060000,-0.7243781000,-0.0098173390,0.1215207000,-0.0066639940,0.9925180000,-0.6206551000,1.4124060000,-0.7243781000,-0.0098173390,0.1215207000,-0.0066639940,0.9925180000,
275.2101000000,277685,-0.6208427000,1.4124690000,-0.7245998000,-0.0100587600,0.1227630000,-0.0066870130,0.9923626000,-0.6208427000,1.4124690000,-0.7245998000,-0.0100587600,0.1227630000,-0.0066870130,0.9923626000,-0.6208427000,1.4124690000,-0.7245998000,-0.0100587600,0.1227630000,-0.0066870130,0.9923626000,
275.2207000000,277694,-0.6209791000,1.4125030000,-0.7249668000,-0.0106273100,0.1240095000,-0.0067362460,0.9922013000,-0.6209791000,1.4125030000,-0.7249668000,-0.0106273100,0.1240095000,-0.0067362460,0.9922013000,-0.6209791000,1.4125030000,-0.7249668000,-0.0106273100,0.1240095000,-0.0067362460,0.9922013000,
275.2326000000,277705,-0.6211922000,1.4124530000,-0.7251549000,-0.0108617200,0.1251353000,-0.0068879610,0.9920563000,-0.6211922000,1.4124530000,-0.7251549000,-0.0108617200,0.1251353000,-0.0068879610,0.9920563000,-0.6211922000,1.4124530000,-0.7251549000,-0.0108617200,0.1251353000,-0.0068879610,0.9920563000,
275.2469000000,277716,-0.6213777000,1.4124840000,-0.7254255000,-0.0109985600,0.1260885000,-0.0070922990,0.9919327000,-0.6213777000,1.4124840000,-0.7254255000,-0.0109985600,0.1260885000,-0.0070922990,0.9919327000,-0.6213777000,1.4124840000,-0.7254255000,-0.0109985600,0.1260885000,-0.0070922990,0.9919327000,
275.2546000000,277731,-0.6215594000,1.4125080000,-0.7257068000,-0.0111690500,0.1270908000,-0.0072570800,0.9918017000,-0.6215594000,1.4125080000,-0.7257068000,-0.0111690500,0.1270908000,-0.0072570800,0.9918017000,-0.6215594000,1.4125080000,-0.7257068000,-0.0111690500,0.1270908000,-0.0072570800,0.9918017000,
275.2628000000,277731,-0.6217632000,1.4124920000,-0.7258821000,-0.0110441100,0.1278722000,-0.0074088490,0.9917015000,-0.6217632000,1.4124920000,-0.7258821000,-0.0110441100,0.1278722000,-0.0074088490,0.9917015000,-0.6217632000,1.4124920000,-0.7258821000,-0.0110441100,0.1278722000,-0.0074088490,0.9917015000,
275.2739000000,277747,-0.6220315000,1.4124050000,-0.7261014000,-0.0107762400,0.1285051000,-0.0076627190,0.9916207000,-0.6220315000,1.4124050000,-0.7261014000,-0.0107762400,0.1285051000,-0.0076627190,0.9916207000,-0.6220315000,1.4124050000,-0.7261014000,-0.0107762400,0.1285051000,-0.0076627190,0.9916207000,
275.2851000000,277758,-0.6221948000,1.4123160000,-0.7263296000,-0.0103459700,0.1290752000,-0.0079137830,0.9915493000,-0.6221948000,1.4123160000,-0.7263296000,-0.0103459700,0.1290752000,-0.0079137830,0.9915493000,-0.6221948000,1.4123160000,-0.7263296000,-0.0103459700,0.1290752000,-0.0079137830,0.9915493000,
275.2965000000,277769,-0.6222970000,1.4122710000,-0.7268510000,-0.0098132100,0.1295279000,-0.0080228500,0.9914948000,-0.6222970000,1.4122710000,-0.7268510000,-0.0098132100,0.1295279000,-0.0080228500,0.9914948000,-0.6222970000,1.4122710000,-0.7268510000,-0.0098132100,0.1295279000,-0.0080228500,0.9914948000,
275.3075000000,277780,-0.6224937000,1.4121220000,-0.7269859000,-0.0092949920,0.1299114000,-0.0080741270,0.9914492000,-0.6224937000,1.4121220000,-0.7269859000,-0.0092949920,0.1299114000,-0.0080741270,0.9914492000,-0.6224937000,1.4121220000,-0.7269859000,-0.0092949920,0.1299114000,-0.0080741270,0.9914492000,
275.3185000000,277791,-0.6227307000,1.4119730000,-0.7270300000,-0.0085546570,0.1302521000,-0.0079469630,0.9914122000,-0.6227307000,1.4119730000,-0.7270300000,-0.0085546570,0.1302521000,-0.0079469630,0.9914122000,-0.6227307000,1.4119730000,-0.7270300000,-0.0085546570,0.1302521000,-0.0079469630,0.9914122000,
275.3295000000,277802,-0.6229072000,1.4117280000,-0.7271457000,-0.0077221100,0.1305030000,-0.0076632830,0.9913883000,-0.6229072000,1.4117280000,-0.7271457000,-0.0077221100,0.1305030000,-0.0076632830,0.9913883000,-0.6229072000,1.4117280000,-0.7271457000,-0.0077221100,0.1305030000,-0.0076632830,0.9913883000,
275.3408000000,277814,-0.6230576000,1.4115110000,-0.7271860000,-0.0067879380,0.1306253000,-0.0071463930,0.9913828000,-0.6230576000,1.4115110000,-0.7271860000,-0.0067879380,0.1306253000,-0.0071463930,0.9913828000,-0.6230576000,1.4115110000,-0.7271860000,-0.0067879380,0.1306253000,-0.0071463930,0.9913828000,
275.3516000000,277825,-0.6232524000,1.4112340000,-0.7272542000,-0.0059150490,0.1307179000,-0.0065993980,0.9913800000,-0.6232524000,1.4112340000,-0.7272542000,-0.0059150490,0.1307179000,-0.0065993980,0.9913800000,-0.6232524000,1.4112340000,-0.7272542000,-0.0059150490,0.1307179000,-0.0065993980,0.9913800000,
275.3628000000,277835,-0.6233792000,1.4109970000,-0.7272987000,-0.0048410520,0.1307775000,-0.0058681730,0.9913826000,-0.6233792000,1.4109970000,-0.7272987000,-0.0048410520,0.1307775000,-0.0058681730,0.9913826000,-0.6233792000,1.4109970000,-0.7272987000,-0.0048410520,0.1307775000,-0.0058681730,0.9913826000,
275.3806000000,277846,-0.6234088000,1.4107760000,-0.7272923000,-0.0035706700,0.1306050000,-0.0048936190,0.9914160000,-0.6234088000,1.4107760000,-0.7272923000,-0.0035706700,0.1306050000,-0.0048936190,0.9914160000,-0.6234088000,1.4107760000,-0.7272923000,-0.0035706700,0.1306050000,-0.0048936190,0.9914160000,
275.3860000000,277864,-0.6235094000,1.4105650000,-0.7273290000,-0.0025415580,0.1306228000,-0.0042474540,0.9914198000,-0.6235094000,1.4105650000,-0.7273290000,-0.0025415580,0.1306228000,-0.0042474540,0.9914198000,-0.6235094000,1.4105650000,-0.7273290000,-0.0025415580,0.1306228000,-0.0042474540,0.9914198000,
275.3965000000,277864,-0.6235433000,1.4103560000,-0.7273009000,-0.0012465390,0.1305601000,-0.0034317730,0.9914337000,-0.6235433000,1.4103560000,-0.7273009000,-0.0012465390,0.1305601000,-0.0034317730,0.9914337000,-0.6235433000,1.4103560000,-0.7273009000,-0.0012465390,0.1305601000,-0.0034317730,0.9914337000,
275.4072000000,277880,-0.6236095000,1.4101510000,-0.7272851000,-0.0000144694,0.1304985000,-0.0028355310,0.9914445000,-0.6236095000,1.4101510000,-0.7272851000,-0.0000144694,0.1304985000,-0.0028355310,0.9914445000,-0.6236095000,1.4101510000,-0.7272851000,-0.0000144694,0.1304985000,-0.0028355310,0.9914445000,
275.4185000000,277891,-0.6236005000,1.4099300000,-0.7272449000,0.0013840880,0.1303131000,-0.0024071630,0.9914690000,-0.6236005000,1.4099300000,-0.7272449000,0.0013840880,0.1303131000,-0.0024071630,0.9914690000,-0.6236005000,1.4099300000,-0.7272449000,0.0013840880,0.1303131000,-0.0024071630,0.9914690000,
275.4296000000,277902,-0.6236129000,1.4096530000,-0.7272658000,0.0027049160,0.1301238000,-0.0019190620,0.9914922000,-0.6236129000,1.4096530000,-0.7272658000,0.0027049160,0.1301238000,-0.0019190620,0.9914922000,-0.6236129000,1.4096530000,-0.7272658000,0.0027049160,0.1301238000,-0.0019190620,0.9914922000,
275.4406000000,277913,-0.6235995000,1.4093180000,-0.7272699000,0.0039331820,0.1299429000,-0.0016236890,0.9915124000,-0.6235995000,1.4093180000,-0.7272699000,0.0039331820,0.1299429000,-0.0016236890,0.9915124000,-0.6235995000,1.4093180000,-0.7272699000,0.0039331820,0.1299429000,-0.0016236890,0.9915124000,
275.4518000000,277924,-0.6236036000,1.4090220000,-0.7273080000,0.0051511890,0.1296587000,-0.0013440000,0.9915444000,-0.6236036000,1.4090220000,-0.7273080000,0.0051511890,0.1296587000,-0.0013440000,0.9915444000,-0.6236036000,1.4090220000,-0.7273080000,0.0051511890,0.1296587000,-0.0013440000,0.9915444000,
275.4744000000,277935,-0.6235821000,1.4087820000,-0.7271726000,0.0060361280,0.1293283000,-0.0012342330,0.9915827000,-0.6235821000,1.4087820000,-0.7271726000,0.0060361280,0.1293283000,-0.0012342330,0.9915827000,-0.6235821000,1.4087820000,-0.7271726000,0.0060361280,0.1293283000,-0.0012342330,0.9915827000,
275.4832000000,277958,-0.6235914000,1.4085580000,-0.7270739000,0.0069939500,0.1290230000,-0.0010583570,0.9916164000,-0.6235914000,1.4085580000,-0.7270739000,0.0069939500,0.1290230000,-0.0010583570,0.9916164000,-0.6235914000,1.4085580000,-0.7270739000,0.0069939500,0.1290230000,-0.0010583570,0.9916164000,
275.4891000000,277967,-0.6235719000,1.4082750000,-0.7270508000,0.0079483750,0.1286886000,-0.0009532824,0.9916527000,-0.6235719000,1.4082750000,-0.7270508000,0.0079483750,0.1286886000,-0.0009532824,0.9916527000,-0.6235719000,1.4082750000,-0.7270508000,0.0079483750,0.1286886000,-0.0009532824,0.9916527000,
275.5073000000,277967,-0.6235759000,1.4081650000,-0.7269242000,0.0088073080,0.1280843000,-0.0013860370,0.9917232000,-0.6235759000,1.4081650000,-0.7269242000,0.0088073080,0.1280843000,-0.0013860370,0.9917232000,-0.6235759000,1.4081650000,-0.7269242000,0.0088073080,0.1280843000,-0.0013860370,0.9917232000,
275.5167000000,277991,-0.6235042000,1.4075890000,-0.7266223000,0.0116223600,0.1269365000,-0.0018431230,0.9918411000,-0.6235042000,1.4075890000,-0.7266223000,0.0116223600,0.1269365000,-0.0018431230,0.9918411000,-0.6235042000,1.4075890000,-0.7266223000,0.0116223600,0.1269365000,-0.0018431230,0.9918411000,
275.5278000000,278000,-0.6235232000,1.4075520000,-0.7265859000,0.0116506700,0.1267132000,-0.0023748590,0.9918682000,-0.6235232000,1.4075520000,-0.7265859000,0.0116506700,0.1267132000,-0.0023748590,0.9918682000,-0.6235232000,1.4075520000,-0.7265859000,0.0116506700,0.1267132000,-0.0023748590,0.9918682000,
275.5390000000,278012,-0.6234803000,1.4073760000,-0.7264240000,0.0126918800,0.1261594000,-0.0029456270,0.9919245000,-0.6234803000,1.4073760000,-0.7264240000,0.0126918800,0.1261594000,-0.0029456270,0.9919245000,-0.6234803000,1.4073760000,-0.7264240000,0.0126918800,0.1261594000,-0.0029456270,0.9919245000,
275.5498000000,278023,-0.6234925000,1.4072610000,-0.7262375000,0.0139290400,0.1255880000,-0.0034036870,0.9919789000,-0.6234925000,1.4072610000,-0.7262375000,0.0139290400,0.1255880000,-0.0034036870,0.9919789000,-0.6234925000,1.4072610000,-0.7262375000,0.0139290400,0.1255880000,-0.0034036870,0.9919789000,
275.5609000000,278034,-0.6234558000,1.4071350000,-0.7260644000,0.0152382900,0.1248677000,-0.0036545380,0.9920496000,-0.6234558000,1.4071350000,-0.7260644000,0.0152382900,0.1248677000,-0.0036545380,0.9920496000,-0.6234558000,1.4071350000,-0.7260644000,0.0152382900,0.1248677000,-0.0036545380,0.9920496000,
275.5720000000,278045,-0.6235194000,1.4069530000,-0.7256985000,0.0168437800,0.1242732000,-0.0038282900,0.9920977000,-0.6235194000,1.4069530000,-0.7256985000,0.0168437800,0.1242732000,-0.0038282900,0.9920977000,-0.6235194000,1.4069530000,-0.7256985000,0.0168437800,0.1242732000,-0.0038282900,0.9920977000,
275.5833000000,278055,-0.6234498000,1.4067720000,-0.7254694000,0.0184753000,0.1235610000,-0.0038844170,0.9921574000,-0.6234498000,1.4067720000,-0.7254694000,0.0184753000,0.1235610000,-0.0038844170,0.9921574000,-0.6234498000,1.4067720000,-0.7254694000,0.0184753000,0.1235610000,-0.0038844170,0.9921574000,
275.5943000000,278067,-0.6234388000,1.4065310000,-0.7252619000,0.0199634400,0.1227658000,-0.0039177710,0.9922271000,-0.6234388000,1.4065310000,-0.7252619000,0.0199634400,0.1227658000,-0.0039177710,0.9922271000,-0.6234388000,1.4065310000,-0.7252619000,0.0199634400,0.1227658000,-0.0039177710,0.9922271000,
275.6054000000,278078,-0.6233382000,1.4062860000,-0.7249789000,0.0212613300,0.1220339000,-0.0037965160,0.9922909000,-0.6233382000,1.4062860000,-0.7249789000,0.0212613300,0.1220339000,-0.0037965160,0.9922909000,-0.6233382000,1.4062860000,-0.7249789000,0.0212613300,0.1220339000,-0.0037965160,0.9922909000,
275.6165000000,278089,-0.6232445000,1.4060380000,-0.7247529000,0.0223786700,0.1214399000,-0.0036740040,0.9923397000,-0.6232445000,1.4060380000,-0.7247529000,0.0223786700,0.1214399000,-0.0036740040,0.9923397000,-0.6232445000,1.4060380000,-0.7247529000,0.0223786700,0.1214399000,-0.0036740040,0.9923397000,
275.6276000000,278100,-0.6230967000,1.4058200000,-0.7245011000,0.0232219900,0.1209095000,-0.0035641470,0.9923855000,-0.6230967000,1.4058200000,-0.7245011000,0.0232219900,0.1209095000,-0.0035641470,0.9923855000,-0.6230967000,1.4058200000,-0.7245011000,0.0232219900,0.1209095000,-0.0035641470,0.9923855000,
275.6581000000,278111,-0.6228631000,1.4057250000,-0.7242839000,0.0235840900,0.1210842000,-0.0036331990,0.9923554000,-0.6228631000,1.4057250000,-0.7242839000,0.0235840900,0.1210842000,-0.0036331990,0.9923554000,-0.6228631000,1.4057250000,-0.7242839000,0.0235840900,0.1210842000,-0.0036331990,0.9923554000,
275.6635000000,278142,-0.6224279000,1.4051880000,-0.7236052000,0.0261065800,0.1202382000,-0.0037974410,0.9923945000,-0.6224279000,1.4051880000,-0.7236052000,0.0261065800,0.1202382000,-0.0037974410,0.9923945000,-0.6224279000,1.4051880000,-0.7236052000,0.0261065800,0.1202382000,-0.0037974410,0.9923945000,
275.6829000000,278142,-0.6222756000,1.4052000000,-0.7237525000,0.0257929400,0.1209804000,-0.0042783420,0.9923105000,-0.6222756000,1.4052000000,-0.7237525000,0.0257929400,0.1209804000,-0.0042783420,0.9923105000,-0.6222756000,1.4052000000,-0.7237525000,0.0257929400,0.1209804000,-0.0042783420,0.9923105000,
275.6894000000,278167,-0.6221087000,1.4050160000,-0.7235098000,0.0265176800,0.1211234000,-0.0045602820,0.9922727000,-0.6221087000,1.4050160000,-0.7235098000,0.0265176800,0.1211234000,-0.0045602820,0.9922727000,-0.6221087000,1.4050160000,-0.7235098000,0.0265176800,0.1211234000,-0.0045602820,0.9922727000,
275.6942000000,278167,-0.6219001000,1.4048260000,-0.7233176000,0.0273423300,0.1210956000,-0.0048103670,0.9922525000,-0.6219001000,1.4048260000,-0.7233176000,0.0273423300,0.1210956000,-0.0048103670,0.9922525000,-0.6219001000,1.4048260000,-0.7233176000,0.0273423300,0.1210956000,-0.0048103670,0.9922525000,
275.7051000000,278178,-0.6217086000,1.4045910000,-0.7231719000,0.0279911400,0.1216350000,-0.0052538670,0.9921662000,-0.6217086000,1.4045910000,-0.7231719000,0.0279911400,0.1216350000,-0.0052538670,0.9921662000,-0.6217086000,1.4045910000,-0.7231719000,0.0279911400,0.1216350000,-0.0052538670,0.9921662000,
275.7223000000,278189,-0.6215050000,1.4043760000,-0.7230284000,0.0288410800,0.1221945000,-0.0056382460,0.9920710000,-0.6215050000,1.4043760000,-0.7230284000,0.0288410800,0.1221945000,-0.0056382460,0.9920710000,-0.6215050000,1.4043760000,-0.7230284000,0.0288410800,0.1221945000,-0.0056382460,0.9920710000,
275.7276000000,278206,-0.6212721000,1.4042130000,-0.7228258000,0.0296927400,0.1226011000,-0.0060193300,0.9919935000,-0.6212721000,1.4042130000,-0.7228258000,0.0296927400,0.1226011000,-0.0060193300,0.9919935000,-0.6212721000,1.4042130000,-0.7228258000,0.0296927400,0.1226011000,-0.0060193300,0.9919935000,
275.7385000000,278206,-0.6210599000,1.4040330000,-0.7226620000,0.0306702400,0.1230588000,-0.0063142390,0.9919053000,-0.6210599000,1.4040330000,-0.7226620000,0.0306702400,0.1230588000,-0.0063142390,0.9919053000,-0.6210599000,1.4040330000,-0.7226620000,0.0306702400,0.1230588000,-0.0063142390,0.9919053000,
275.7497000000,278222,-0.6209233000,1.4038850000,-0.7224662000,0.0316692300,0.1236115000,-0.0065457440,0.9918036000,-0.6209233000,1.4038850000,-0.7224662000,0.0316692300,0.1236115000,-0.0065457440,0.9918036000,-0.6209233000,1.4038850000,-0.7224662000,0.0316692300,0.1236115000,-0.0065457440,0.9918036000,
275.7607000000,278233,-0.6207550000,1.4036820000,-0.7223136000,0.0327228900,0.1240053000,-0.0069183100,0.9917178000,-0.6207550000,1.4036820000,-0.7223136000,0.0327228900,0.1240053000,-0.0069183100,0.9917178000,-0.6207550000,1.4036820000,-0.7223136000,0.0327228900,0.1240053000,-0.0069183100,0.9917178000,
275.7720000000,278244,-0.6205919000,1.4034050000,-0.7221711000,0.0338284100,0.1243619000,-0.0070767040,0.9916349000,-0.6205919000,1.4034050000,-0.7221711000,0.0338284100,0.1243619000,-0.0070767040,0.9916349000,-0.6205919000,1.4034050000,-0.7221711000,0.0338284100,0.1243619000,-0.0070767040,0.9916349000,
275.7832000000,278255,-0.6204844000,1.4031760000,-0.7220006000,0.0349856100,0.1246208000,-0.0073341950,0.9915603000,-0.6204844000,1.4031760000,-0.7220006000,0.0349856100,0.1246208000,-0.0073341950,0.9915603000,-0.6204844000,1.4031760000,-0.7220006000,0.0349856100,0.1246208000,-0.0073341950,0.9915603000,
275.8039000000,278267,-0.6204705000,1.4028830000,-0.7218614000,0.0360136700,0.1246533000,-0.0075923810,0.9915175000,-0.6204705000,1.4028830000,-0.7218614000,0.0360136700,0.1246533000,-0.0075923810,0.9915175000,-0.6204705000,1.4028830000,-0.7218614000,0.0360136700,0.1246533000,-0.0075923810,0.9915175000,
275.8094000000,278288,-0.6204214000,1.4026780000,-0.7217307000,0.0371080400,0.1248719000,-0.0078106080,0.9914480000,-0.6204214000,1.4026780000,-0.7217307000,0.0371080400,0.1248719000,-0.0078106080,0.9914480000,-0.6204214000,1.4026780000,-0.7217307000,0.0371080400,0.1248719000,-0.0078106080,0.9914480000,
275.8166000000,278288,-0.6203558000,1.4024510000,-0.7215817000,0.0383011700,0.1250128000,-0.0080065700,0.9913833000,-0.6203558000,1.4024510000,-0.7215817000,0.0383011700,0.1250128000,-0.0080065700,0.9913833000,-0.6203558000,1.4024510000,-0.7215817000,0.0383011700,0.1250128000,-0.0080065700,0.9913833000,
275.8277000000,278300,-0.6203754000,1.4021980000,-0.7213981000,0.0395230100,0.1250200000,-0.0083843610,0.9913313000,-0.6203754000,1.4021980000,-0.7213981000,0.0395230100,0.1250200000,-0.0083843610,0.9913313000,-0.6203754000,1.4021980000,-0.7213981000,0.0395230100,0.1250200000,-0.0083843610,0.9913313000,
275.8385000000,278312,-0.6203809000,1.4019400000,-0.7212503000,0.0407670900,0.1249852000,-0.0085285700,0.9912841000,-0.6203809000,1.4019400000,-0.7212503000,0.0407670900,0.1249852000,-0.0085285700,0.9912841000,-0.6203809000,1.4019400000,-0.7212503000,0.0407670900,0.1249852000,-0.0085285700,0.9912841000,
275.8500000000,278322,-0.6204429000,1.4017070000,-0.7211225000,0.0420279300,0.1248352000,-0.0087225040,0.9912486000,-0.6204429000,1.4017070000,-0.7211225000,0.0420279300,0.1248352000,-0.0087225040,0.9912486000,-0.6204429000,1.4017070000,-0.7211225000,0.0420279300,0.1248352000,-0.0087225040,0.9912486000,
275.8608000000,278334,-0.6204374000,1.4014240000,-0.7210486000,0.0433734200,0.1245668000,-0.0087985190,0.9912238000,-0.6204374000,1.4014240000,-0.7210486000,0.0433734200,0.1245668000,-0.0087985190,0.9912238000,-0.6204374000,1.4014240000,-0.7210486000,0.0433734200,0.1245668000,-0.0087985190,0.9912238000,
275.8717000000,278345,-0.6205204000,1.4010770000,-0.7209215000,0.0446796100,0.1241714000,-0.0088350920,0.9912150000,-0.6205204000,1.4010770000,-0.7209215000,0.0446796100,0.1241714000,-0.0088350920,0.9912150000,-0.6205204000,1.4010770000,-0.7209215000,0.0446796100,0.1241714000,-0.0088350920,0.9912150000,
275.8829000000,278355,-0.6206186000,1.4007180000,-0.7207429000,0.0461546300,0.1238699000,-0.0088421450,0.9911851000,-0.6206186000,1.4007180000,-0.7207429000,0.0461546300,0.1238699000,-0.0088421450,0.9911851000,-0.6206186000,1.4007180000,-0.7207429000,0.0461546300,0.1238699000,-0.0088421450,0.9911851000,
275.8938000000,278367,-0.6207266000,1.4003710000,-0.7205901000,0.0477133700,0.1232042000,-0.0089288320,0.9911935000,-0.6207266000,1.4003710000,-0.7205901000,0.0477133700,0.1232042000,-0.0089288320,0.9911935000,-0.6207266000,1.4003710000,-0.7205901000,0.0477133700,0.1232042000,-0.0089288320,0.9911935000,
275.9051000000,278377,-0.6208918000,1.4000270000,-0.7203574000,0.0492769900,0.1226353000,-0.0089245370,0.9911875000,-0.6208918000,1.4000270000,-0.7203574000,0.0492769900,0.1226353000,-0.0089245370,0.9911875000,-0.6208918000,1.4000270000,-0.7203574000,0.0492769900,0.1226353000,-0.0089245370,0.9911875000,
275.9197000000,278389,-0.6210666000,1.3996900000,-0.7201304000,0.0507460000,0.1216717000,-0.0087523600,0.9912337000,-0.6210666000,1.3996900000,-0.7201304000,0.0507460000,0.1216717000,-0.0087523600,0.9912337000,-0.6210666000,1.3996900000,-0.7201304000,0.0507460000,0.1216717000,-0.0087523600,0.9912337000,
275.9273000000,278403,-0.6213064000,1.3994680000,-0.7200358000,0.0520236700,0.1209215000,-0.0085961840,0.9912606000,-0.6213064000,1.3994680000,-0.7200358000,0.0520236700,0.1209215000,-0.0085961840,0.9912606000,-0.6213064000,1.3994680000,-0.7200358000,0.0520236700,0.1209215000,-0.0085961840,0.9912606000,
275.9386000000,278403,-0.6215053000,1.3992730000,-0.7198656000,0.0531841400,0.1199401000,-0.0083880890,0.9913201000,-0.6215053000,1.3992730000,-0.7198656000,0.0531841400,0.1199401000,-0.0083880890,0.9913201000,-0.6215053000,1.3992730000,-0.7198656000,0.0531841400,0.1199401000,-0.0083880890,0.9913201000,
275.9497000000,278422,-0.6216943000,1.3992220000,-0.7197256000,0.0541533900,0.1190380000,-0.0081495500,0.9913784000,-0.6216943000,1.3992220000,-0.7197256000,0.0541533900,0.1190380000,-0.0081495500,0.9913784000,-0.6216943000,1.3992220000,-0.7197256000,0.0541533900,0.1190380000,-0.0081495500,0.9913784000,
275.9606000000,278433,-0.6219292000,1.3990710000,-0.7195120000,0.0551874000,0.1181623000,-0.0079426810,0.9914278000,-0.6219292000,1.3990710000,-0.7195120000,0.0551874000,0.1181623000,-0.0079426810,0.9914278000,-0.6219292000,1.3990710000,-0.7195120000,0.0551874000,0.1181623000,-0.0079426810,0.9914278000,
275.9717000000,278444,-0.6221044000,1.3989480000,-0.7193472000,0.0559639100,0.1172565000,-0.0078402070,0.9914926000,-0.6221044000,1.3989480000,-0.7193472000,0.0559639100,0.1172565000,-0.0078402070,0.9914926000,-0.6221044000,1.3989480000,-0.7193472000,0.0559639100,0.1172565000,-0.0078402070,0.9914926000,
275.9830000000,278455,-0.6222963000,1.3988280000,-0.7191772000,0.0565345200,0.1163814000,-0.0076899720,0.9915645000,-0.6222963000,1.3988280000,-0.7191772000,0.0565345200,0.1163814000,-0.0076899720,0.9915645000,-0.6222963000,1.3988280000,-0.7191772000,0.0565345200,0.1163814000,-0.0076899720,0.9915645000,
275.9938000000,278467,-0.6224766000,1.3986860000,-0.7190197000,0.0570523400,0.1156140000,-0.0075110030,0.9916260000,-0.6224766000,1.3986860000,-0.7190197000,0.0570523400,0.1156140000,-0.0075110030,0.9916260000,-0.6224766000,1.3986860000,-0.7190197000,0.0570523400,0.1156140000,-0.0075110030,0.9916260000,
276.0050000000,278477,-0.6226294000,1.3986300000,-0.7189167000,0.0573829300,0.1148516000,-0.0072931730,0.9916971000,-0.6226294000,1.3986300000,-0.7189167000,0.0573829300,0.1148516000,-0.0072931730,0.9916971000,-0.6226294000,1.3986300000,-0.7189167000,0.0573829300,0.1148516000,-0.0072931730,0.9916971000,
276.0165000000,278489,-0.6228092000,1.3986170000,-0.7187946000,0.0574262800,0.1142048000,-0.0070259440,0.9917712000,-0.6228092000,1.3986170000,-0.7187946000,0.0574262800,0.1142048000,-0.0070259440,0.9917712000,-0.6228092000,1.3986170000,-0.7187946000,0.0574262800,0.1142048000,-0.0070259440,0.9917712000,
276.0272000000,278500,-0.6229680000,1.3985930000,-0.7186522000,0.0576677700,0.1135862000,-0.0068313610,0.9918296000,-0.6229680000,1.3985930000,-0.7186522000,0.0576677700,0.1135862000,-0.0068313610,0.9918296000,-0.6229680000,1.3985930000,-0.7186522000,0.0576677700,0.1135862000,-0.0068313610,0.9918296000,
276.0386000000,278511,-0.6231346000,1.3985650000,-0.7184772000,0.0576373000,0.1130985000,-0.0066490020,0.9918883000,-0.6231346000,1.3985650000,-0.7184772000,0.0576373000,0.1130985000,-0.0066490020,0.9918883000,-0.6231346000,1.3985650000,-0.7184772000,0.0576373000,0.1130985000,-0.0066490020,0.9918883000,
276.0497000000,278522,-0.6232536000,1.3985720000,-0.7183733000,0.0578292000,0.1125599000,-0.0064118800,0.9919400000,-0.6232536000,1.3985720000,-0.7183733000,0.0578292000,0.1125599000,-0.0064118800,0.9919400000,-0.6232536000,1.3985720000,-0.7183733000,0.0578292000,0.1125599000,-0.0064118800,0.9919400000,
276.0606000000,278533,-0.6233513000,1.3985540000,-0.7183006000,0.0577985900,0.1121424000,-0.0062221380,0.9919903000,-0.6233513000,1.3985540000,-0.7183006000,0.0577985900,0.1121424000,-0.0062221380,0.9919903000,-0.6233513000,1.3985540000,-0.7183006000,0.0577985900,0.1121424000,-0.0062221380,0.9919903000,
276.0716000000,278544,-0.6234841000,1.3986160000,-0.7181783000,0.0577754500,0.1118681000,-0.0059640230,0.9920242000,-0.6234841000,1.3986160000,-0.7181783000,0.0577754500,0.1118681000,-0.0059640230,0.9920242000,-0.6234841000,1.3986160000,-0.7181783000,0.0577754500,0.1118681000,-0.0059640230,0.9920242000,
276.0829000000,278555,-0.6235857000,1.3985950000,-0.7180588000,0.0576382700,0.1115534000,-0.0056908270,0.9920692000,-0.6235857000,1.3985950000,-0.7180588000,0.0576382700,0.1115534000,-0.0056908270,0.9920692000,-0.6235857000,1.3985950000,-0.7180588000,0.0576382700,0.1115534000,-0.0056908270,0.9920692000,
276.0940000000,278567,-0.6236751000,1.3986770000,-0.7180045000,0.0576772100,0.1114166000,-0.0053814190,0.9920840000,-0.6236751000,1.3986770000,-0.7180045000,0.0576772100,0.1114166000,-0.0053814190,0.9920840000,-0.6236751000,1.3986770000,-0.7180045000,0.0576772100,0.1114166000,-0.0053814190,0.9920840000,
276.1051000000,278578,-0.6237679000,1.3986730000,-0.7178855000,0.0575029900,0.1112046000,-0.0051921490,0.9921190000,-0.6237679000,1.3986730000,-0.7178855000,0.0575029900,0.1112046000,-0.0051921490,0.9921190000,-0.6237679000,1.3986730000,-0.7178855000,0.0575029900,0.1112046000,-0.0051921490,0.9921190000,
276.1164000000,278589,-0.6238122000,1.3987020000,-0.7178316000,0.0574811300,0.1111174000,-0.0048319800,0.9921318000,-0.6238122000,1.3987020000,-0.7178316000,0.0574811300,0.1111174000,-0.0048319800,0.9921318000,-0.6238122000,1.3987020000,-0.7178316000,0.0574811300,0.1111174000,-0.0048319800,0.9921318000,
276.1272000000,278600,-0.6238532000,1.3987050000,-0.7177703000,0.0574243600,0.1110986000,-0.0046281630,0.9921381000,-0.6238532000,1.3987050000,-0.7177703000,0.0574243600,0.1110986000,-0.0046281630,0.9921381000,-0.6238532000,1.3987050000,-0.7177703000,0.0574243600,0.1110986000,-0.0046281630,0.9921381000,
276.1385000000,278611,-0.6238637000,1.3986570000,-0.7177660000,0.0571559700,0.1110569000,-0.0044184640,0.9921593000,-0.6238637000,1.3986570000,-0.7177660000,0.0571559700,0.1110569000,-0.0044184640,0.9921593000,-0.6238637000,1.3986570000,-0.7177660000,0.0571559700,0.1110569000,-0.0044184640,0.9921593000,
276.1495000000,278622,-0.6238830000,1.3986610000,-0.7177370000,0.0571529900,0.1110332000,-0.0041947130,0.9921631000,-0.6238830000,1.3986610000,-0.7177370000,0.0571529900,0.1110332000,-0.0041947130,0.9921631000,-0.6238830000,1.3986610000,-0.7177370000,0.0571529900,0.1110332000,-0.0041947130,0.9921631000,
276.1606000000,278633,-0.6238847000,1.3986910000,-0.7177026000,0.0571008400,0.1110607000,-0.0041092350,0.9921634000,-0.6238847000,1.3986910000,-0.7177026000,0.0571008400,0.1110607000,-0.0041092350,0.9921634000,-0.6238847000,1.3986910000,-0.7177026000,0.0571008400,0.1110607000,-0.0041092350,0.9921634000,
276.1715000000,278644,-0.6239378000,1.3987360000,-0.7176528000,0.0569884900,0.1111258000,-0.0039982140,0.9921630000,-0.6239378000,1.3987360000,-0.7176528000,0.0569884900,0.1111258000,-0.0039982140,0.9921630000,-0.6239378000,1.3987360000,-0.7176528000,0.0569884900,0.1111258000,-0.0039982140,0.9921630000,
276.1829000000,278655,-0.6239274000,1.3987310000,-0.7176194000,0.0569627800,0.1111971000,-0.0040499550,0.9921563000,-0.6239274000,1.3987310000,-0.7176194000,0.0569627800,0.1111971000,-0.0040499550,0.9921563000,-0.6239274000,1.3987310000,-0.7176194000,0.0569627800,0.1111971000,-0.0040499550,0.9921563000,
276.1938000000,278667,-0.6238894000,1.3987110000,-0.7175894000,0.0568332500,0.1113959000,-0.0040203660,0.9921415000,-0.6238894000,1.3987110000,-0.7175894000,0.0568332500,0.1113959000,-0.0040203660,0.9921415000,-0.6238894000,1.3987110000,-0.7175894000,0.0568332500,0.1113959000,-0.0040203660,0.9921415000,
276.2049000000,278677,-0.6238337000,1.3987090000,-0.7175851000,0.0568739600,0.1116169000,-0.0040999480,0.9921141000,-0.6238337000,1.3987090000,-0.7175851000,0.0568739600,0.1116169000,-0.0040999480,0.9921141000,-0.6238337000,1.3987090000,-0.7175851000,0.0568739600,0.1116169000,-0.0040999480,0.9921141000,
276.2162000000,278689,-0.6237578000,1.3986550000,-0.7175434000,0.0568119300,0.1119295000,-0.0041865760,0.9920820000,-0.6237578000,1.3986550000,-0.7175434000,0.0568119300,0.1119295000,-0.0041865760,0.9920820000,-0.6237578000,1.3986550000,-0.7175434000,0.0568119300,0.1119295000,-0.0041865760,0.9920820000,
276.2270000000,278700,-0.6236742000,1.3986820000,-0.7175481000,0.0567845800,0.1121835000,-0.0042214260,0.9920547000,-0.6236742000,1.3986820000,-0.7175481000,0.0567845800,0.1121835000,-0.0042214260,0.9920547000,-0.6236742000,1.3986820000,-0.7175481000,0.0567845800,0.1121835000,-0.0042214260,0.9920547000,
276.2382000000,278711,-0.6235523000,1.3986500000,-0.7175670000,0.0566971900,0.1124518000,-0.0044340510,0.9920284000,-0.6235523000,1.3986500000,-0.7175670000,0.0566971900,0.1124518000,-0.0044340510,0.9920284000,-0.6235523000,1.3986500000,-0.7175670000,0.0566971900,0.1124518000,-0.0044340510,0.9920284000,
276.2499000000,278722,-0.6235201000,1.3986830000,-0.7175665000,0.0565909500,0.1128042000,-0.0044004020,0.9919946000,-0.6235201000,1.3986830000,-0.7175665000,0.0565909500,0.1128042000,-0.0044004020,0.9919946000,-0.6235201000,1.3986830000,-0.7175665000,0.0565909500,0.1128042000,-0.0044004020,0.9919946000,
276.2605000000,278734,-0.6234546000,1.3987330000,-0.7175798000,0.0564869100,0.1131727000,-0.0045097200,0.9919581000,-0.6234546000,1.3987330000,-0.7175798000,0.0564869100,0.1131727000,-0.0045097200,0.9919581000,-0.6234546000,1.3987330000,-0.7175798000,0.0564869100,0.1131727000,-0.0045097200,0.9919581000,
276.2714000000,278744,-0.6233475000,1.3987310000,-0.7175937000,0.0564414300,0.1135423000,-0.0046327970,0.9919178000,-0.6233475000,1.3987310000,-0.7175937000,0.0564414300,0.1135423000,-0.0046327970,0.9919178000,-0.6233475000,1.3987310000,-0.7175937000,0.0564414300,0.1135423000,-0.0046327970,0.9919178000,
276.2828000000,278755,-0.6232729000,1.3987590000,-0.7176087000,0.0562569000,0.1138800000,-0.0047874970,0.9918889000,-0.6232729000,1.3987590000,-0.7176087000,0.0562569000,0.1138800000,-0.0047874970,0.9918889000,-0.6232729000,1.3987590000,-0.7176087000,0.0562569000,0.1138800000,-0.0047874970,0.9918889000,
276.2936000000,278766,-0.6231966000,1.3987460000,-0.7176607000,0.0561393300,0.1142925000,-0.0049482400,0.9918473000,-0.6231966000,1.3987460000,-0.7176607000,0.0561393300,0.1142925000,-0.0049482400,0.9918473000,-0.6231966000,1.3987460000,-0.7176607000,0.0561393300,0.1142925000,-0.0049482400,0.9918473000,
276.3050000000,278777,-0.6231019000,1.3986930000,-0.7177126000,0.0560129000,0.1147083000,-0.0050450550,0.9918060000,-0.6231019000,1.3986930000,-0.7177126000,0.0560129000,0.1147083000,-0.0050450550,0.9918060000,-0.6231019000,1.3986930000,-0.7177126000,0.0560129000,0.1147083000,-0.0050450550,0.9918060000,
276.3162000000,278789,-0.6230037000,1.3987160000,-0.7177498000,0.0558293900,0.1150961000,-0.0051281280,0.9917710000,-0.6230037000,1.3987160000,-0.7177498000,0.0558293900,0.1150961000,-0.0051281280,0.9917710000,-0.6230037000,1.3987160000,-0.7177498000,0.0558293900,0.1150961000,-0.0051281280,0.9917710000,
276.3271000000,278800,-0.6229157000,1.3987610000,-0.7177534000,0.0556200300,0.1154483000,-0.0053295370,0.9917408000,-0.6229157000,1.3987610000,-0.7177534000,0.0556200300,0.1154483000,-0.0053295370,0.9917408000,-0.6229157000,1.3987610000,-0.7177534000,0.0556200300,0.1154483000,-0.0053295370,0.9917408000,
276.3384000000,278811,-0.6228340000,1.3987950000,-0.7177787000,0.0555800100,0.1157689000,-0.0053619040,0.9917055000,-0.6228340000,1.3987950000,-0.7177787000,0.0555800100,0.1157689000,-0.0053619040,0.9917055000,-0.6228340000,1.3987950000,-0.7177787000,0.0555800100,0.1157689000,-0.0053619040,0.9917055000,
276.3497000000,278822,-0.6227331000,1.3987970000,-0.7178388000,0.0554210000,0.1160763000,-0.0054166620,0.9916781000,-0.6227331000,1.3987970000,-0.7178388000,0.0554210000,0.1160763000,-0.0054166620,0.9916781000,-0.6227331000,1.3987970000,-0.7178388000,0.0554210000,0.1160763000,-0.0054166620,0.9916781000,
276.3611000000,278833,-0.6226499000,1.3987850000,-0.7179053000,0.0552675200,0.1162977000,-0.0055221010,0.9916602000,-0.6226499000,1.3987850000,-0.7179053000,0.0552675200,0.1162977000,-0.0055221010,0.9916602000,-0.6226499000,1.3987850000,-0.7179053000,0.0552675200,0.1162977000,-0.0055221010,0.9916602000,
276.3724000000,278845,-0.6225731000,1.3988010000,-0.7179558000,0.0551434300,0.1165045000,-0.0055904200,0.9916424000,-0.6225731000,1.3988010000,-0.7179558000,0.0551434300,0.1165045000,-0.0055904200,0.9916424000,-0.6225731000,1.3988010000,-0.7179558000,0.0551434300,0.1165045000,-0.0055904200,0.9916424000,
276.3842000000,278856,-0.6225667000,1.3988600000,-0.7179596000,0.0549865300,0.1167479000,-0.0056957300,0.9916219000,-0.6225667000,1.3988600000,-0.7179596000,0.0549865300,0.1167479000,-0.0056957300,0.9916219000,-0.6225667000,1.3988600000,-0.7179596000,0.0549865300,0.1167479000,-0.0056957300,0.9916219000,
276.3960000000,278868,-0.6225109000,1.3988890000,-0.7179947000,0.0547277700,0.1169294000,-0.0057444230,0.9916146000,-0.6225109000,1.3988890000,-0.7179947000,0.0547277700,0.1169294000,-0.0057444230,0.9916146000,-0.6225109000,1.3988890000,-0.7179947000,0.0547277700,0.1169294000,-0.0057444230,0.9916146000,
276.4107000000,278880,-0.6224694000,1.3989520000,-0.7180426000,0.0545086700,0.1170142000,-0.0058457180,0.9916161000,-0.6224694000,1.3989520000,-0.7180426000,0.0545086700,0.1170142000,-0.0058457180,0.9916161000,-0.6224694000,1.3989520000,-0.7180426000,0.0545086700,0.1170142000,-0.0058457180,0.9916161000,
276.4184000000,278894,-0.6224127000,1.3989870000,-0.7180939000,0.0542919000,0.1170549000,-0.0059283520,0.9916226000,-0.6224127000,1.3989870000,-0.7180939000,0.0542919000,0.1170549000,-0.0059283520,0.9916226000,-0.6224127000,1.3989870000,-0.7180939000,0.0542919000,0.1170549000,-0.0059283520,0.9916226000,
276.4300000000,278894,-0.6224554000,1.3990980000,-0.7181830000,0.0541200700,0.1171640000,-0.0059797320,0.9916188000,-0.6224554000,1.3990980000,-0.7181830000,0.0541200700,0.1171640000,-0.0059797320,0.9916188000,-0.6224554000,1.3990980000,-0.7181830000,0.0541200700,0.1171640000,-0.0059797320,0.9916188000,
276.4410000000,278914,-0.6224599000,1.3991620000,-0.7182391000,0.0539174000,0.1170872000,-0.0060794340,0.9916384000,-0.6224599000,1.3991620000,-0.7182391000,0.0539174000,0.1170872000,-0.0060794340,0.9916384000,-0.6224599000,1.3991620000,-0.7182391000,0.0539174000,0.1170872000,-0.0060794340,0.9916384000,
276.4524000000,278925,-0.6224499000,1.3991970000,-0.7182555000,0.0536987900,0.1170409000,-0.0061298860,0.9916553000,-0.6224499000,1.3991970000,-0.7182555000,0.0536987900,0.1170409000,-0.0061298860,0.9916553000,-0.6224499000,1.3991970000,-0.7182555000,0.0536987900,0.1170409000,-0.0061298860,0.9916553000,
276.4634000000,278937,-0.6224873000,1.3993040000,-0.7182934000,0.0534865200,0.1168586000,-0.0061234510,0.9916884000,-0.6224873000,1.3993040000,-0.7182934000,0.0534865200,0.1168586000,-0.0061234510,0.9916884000,-0.6224873000,1.3993040000,-0.7182934000,0.0534865200,0.1168586000,-0.0061234510,0.9916884000,
276.4747000000,278950,-0.6224930000,1.3993460000,-0.7183275000,0.0530660500,0.1166048000,-0.0061205890,0.9917408000,-0.6224930000,1.3993460000,-0.7183275000,0.0530660500,0.1166048000,-0.0061205890,0.9917408000,-0.6224930000,1.3993460000,-0.7183275000,0.0530660500,0.1166048000,-0.0061205890,0.9917408000,
276.4857000000,278959,-0.6225381000,1.3993900000,-0.7183783000,0.0527106400,0.1165468000,-0.0061364250,0.9917665000,-0.6225381000,1.3993900000,-0.7183783000,0.0527106400,0.1165468000,-0.0061364250,0.9917665000,-0.6225381000,1.3993900000,-0.7183783000,0.0527106400,0.1165468000,-0.0061364250,0.9917665000,
276.4971000000,278969,-0.6225979000,1.3995160000,-0.7184074000,0.0522340400,0.1163316000,-0.0061628520,0.9918168000,-0.6225979000,1.3995160000,-0.7184074000,0.0522340400,0.1163316000,-0.0061628520,0.9918168000,-0.6225979000,1.3995160000,-0.7184074000,0.0522340400,0.1163316000,-0.0061628520,0.9918168000,
276.5078000000,278981,-0.6226368000,1.3996000000,-0.7184508000,0.0518964900,0.1161439000,-0.0062073370,0.9918563000,-0.6226368000,1.3996000000,-0.7184508000,0.0518964900,0.1161439000,-0.0062073370,0.9918563000,-0.6226368000,1.3996000000,-0.7184508000,0.0518964900,0.1161439000,-0.0062073370,0.9918563000,
276.5192000000,278992,-0.6226861000,1.3997640000,-0.7185004000,0.0515231800,0.1158720000,-0.0061077910,0.9919081000,-0.6226861000,1.3997640000,-0.7185004000,0.0515231800,0.1158720000,-0.0061077910,0.9919081000,-0.6226861000,1.3997640000,-0.7185004000,0.0515231800,0.1158720000,-0.0061077910,0.9919081000,
276.5300000000,279003,-0.6227388000,1.3998210000,-0.7185471000,0.0511577600,0.1157580000,-0.0060719300,0.9919406000,-0.6227388000,1.3998210000,-0.7185471000,0.0511577600,0.1157580000,-0.0060719300,0.9919406000,-0.6227388000,1.3998210000,-0.7185471000,0.0511577600,0.1157580000,-0.0060719300,0.9919406000,
276.5412000000,279014,-0.6228557000,1.3998740000,-0.7185531000,0.0507199200,0.1155503000,-0.0059124770,0.9919882000,-0.6228557000,1.3998740000,-0.7185531000,0.0507199200,0.1155503000,-0.0059124770,0.9919882000,-0.6228557000,1.3998740000,-0.7185531000,0.0507199200,0.1155503000,-0.0059124770,0.9919882000,
276.5522000000,279025,-0.6229167000,1.3999830000,-0.7186038000,0.0503394900,0.1155485000,-0.0057629230,0.9920087000,-0.6229167000,1.3999830000,-0.7186038000,0.0503394900,0.1155485000,-0.0057629230,0.9920087000,-0.6229167000,1.3999830000,-0.7186038000,0.0503394900,0.1155485000,-0.0057629230,0.9920087000,
276.5634000000,279036,-0.6229739000,1.4000340000,-0.7186880000,0.0499693500,0.1153461000,-0.0056371720,0.9920517000,-0.6229739000,1.4000340000,-0.7186880000,0.0499693500,0.1153461000,-0.0056371720,0.9920517000,-0.6229739000,1.4000340000,-0.7186880000,0.0499693500,0.1153461000,-0.0056371720,0.9920517000,
276.5744000000,279047,-0.6230419000,1.4000740000,-0.7186971000,0.0495809600,0.1152657000,-0.0054591350,0.9920815000,-0.6230419000,1.4000740000,-0.7186971000,0.0495809600,0.1152657000,-0.0054591350,0.9920815000,-0.6230419000,1.4000740000,-0.7186971000,0.0495809600,0.1152657000,-0.0054591350,0.9920815000,
276.5856000000,279058,-0.6230886000,1.4001570000,-0.7187924000,0.0494512800,0.1151942000,-0.0053299270,0.9920970000,-0.6230886000,1.4001570000,-0.7187924000,0.0494512800,0.1151942000,-0.0053299270,0.9920970000,-0.6230886000,1.4001570000,-0.7187924000,0.0494512800,0.1151942000,-0.0053299270,0.9920970000,
276.5967000000,279069,-0.6231422000,1.4001900000,-0.7188220000,0.0491678000,0.1151950000,-0.0052006540,0.9921117000,-0.6231422000,1.4001900000,-0.7188220000,0.0491678000,0.1151950000,-0.0052006540,0.9921117000,-0.6231422000,1.4001900000,-0.7188220000,0.0491678000,0.1151950000,-0.0052006540,0.9921117000,
276.6075000000,279081,-0.6231954000,1.4002900000,-0.7188833000,0.0489152900,0.1150192000,-0.0051158030,0.9921450000,-0.6231954000,1.4002900000,-0.7188833000,0.0489152900,0.1150192000,-0.0051158030,0.9921450000,-0.6231954000,1.4002900000,-0.7188833000,0.0489152900,0.1150192000,-0.0051158030,0.9921450000,
276.6191000000,279091,-0.6232164000,1.4003390000,-0.7188859000,0.0487418100,0.1149483000,-0.0049423250,0.9921626000,-0.6232164000,1.4003390000,-0.7188859000,0.0487418100,0.1149483000,-0.0049423250,0.9921626000,-0.6232164000,1.4003390000,-0.7188859000,0.0487418100,0.1149483000,-0.0049423250,0.9921626000,
276.6301000000,279103,-0.6232886000,1.4003700000,-0.7189391000,0.0485153800,0.1147649000,-0.0050502910,0.9921945000,-0.6232886000,1.4003700000,-0.7189391000,0.0485153800,0.1147649000,-0.0050502910,0.9921945000,-0.6232886000,1.4003700000,-0.7189391000,0.0485153800,0.1147649000,-0.0050502910,0.9921945000,
276.6413000000,279114,-0.6233368000,1.4004640000,-0.7190576000,0.0482515300,0.1145295000,-0.0051445980,0.9922340000,-0.6233368000,1.4004640000,-0.7190576000,0.0482515300,0.1145295000,-0.0051445980,0.9922340000,-0.6233368000,1.4004640000,-0.7190576000,0.0482515300,0.1145295000,-0.0051445980,0.9922340000,
276.6523000000,279125,-0.6233759000,1.4005040000,-0.7190955000,0.0480957100,0.1143580000,-0.0052310900,0.9922609000,-0.6233759000,1.4005040000,-0.7190955000,0.0480957100,0.1143580000,-0.0052310900,0.9922609000,-0.6233759000,1.4005040000,-0.7190955000,0.0480957100,0.1143580000,-0.0052310900,0.9922609000,
276.6632000000,279136,-0.6234093000,1.4005500000,-0.7191596000,0.0479375500,0.1143266000,-0.0054126000,0.9922712000,-0.6234093000,1.4005500000,-0.7191596000,0.0479375500,0.1143266000,-0.0054126000,0.9922712000,-0.6234093000,1.4005500000,-0.7191596000,0.0479375500,0.1143266000,-0.0054126000,0.9922712000,
276.6743000000,279147,-0.6234522000,1.4005780000,-0.7192259000,0.0476533500,0.1143195000,-0.0055223140,0.9922851000,-0.6234522000,1.4005780000,-0.7192259000,0.0476533500,0.1143195000,-0.0055223140,0.9922851000,-0.6234522000,1.4005780000,-0.7192259000,0.0476533500,0.1143195000,-0.0055223140,0.9922851000,
276.6858000000,279159,-0.6234357000,1.4005770000,-0.7193360000,0.0474190700,0.1142645000,-0.0056028490,0.9923022000,-0.6234357000,1.4005770000,-0.7193360000,0.0474190700,0.1142645000,-0.0056028490,0.9923022000,-0.6234357000,1.4005770000,-0.7193360000,0.0474190700,0.1142645000,-0.0056028490,0.9923022000,
276.6975000000,279169,-0.6234720000,1.4006560000,-0.7193978000,0.0471757600,0.1142570000,-0.0055200380,0.9923152000,-0.6234720000,1.4006560000,-0.7193978000,0.0471757600,0.1142570000,-0.0055200380,0.9923152000,-0.6234720000,1.4006560000,-0.7193978000,0.0471757600,0.1142570000,-0.0055200380,0.9923152000,
276.7078000000,279181,-0.6234872000,1.4007200000,-0.7194607000,0.0468712300,0.1141985000,-0.0054161410,0.9923369000,-0.6234872000,1.4007200000,-0.7194607000,0.0468712300,0.1141985000,-0.0054161410,0.9923369000,-0.6234872000,1.4007200000,-0.7194607000,0.0468712300,0.1141985000,-0.0054161410,0.9923369000,
276.7191000000,279192,-0.6235244000,1.4007160000,-0.7194717000,0.0466518000,0.1141081000,-0.0051921870,0.9923588000,-0.6235244000,1.4007160000,-0.7194717000,0.0466518000,0.1141081000,-0.0051921870,0.9923588000,-0.6235244000,1.4007160000,-0.7194717000,0.0466518000,0.1141081000,-0.0051921870,0.9923588000,
276.7301000000,279203,-0.6235483000,1.4007670000,-0.7195327000,0.0462618100,0.1139431000,-0.0050708180,0.9923967000,-0.6235483000,1.4007670000,-0.7195327000,0.0462618100,0.1139431000,-0.0050708180,0.9923967000,-0.6235483000,1.4007670000,-0.7195327000,0.0462618100,0.1139431000,-0.0050708180,0.9923967000,
276.7412000000,279214,-0.6238360000,1.4010870000,-0.7198522000,0.0459782900,0.1139132000,-0.0049198130,0.9924141000,-0.6238360000,1.4010870000,-0.7198522000,0.0459782900,0.1139132000,-0.0049198130,0.9924141000,-0.6238360000,1.4010870000,-0.7198522000,0.0459782900,0.1139132000,-0.0049198130,0.9924141000,
276.7527000000,279225,-0.6238699000,1.4011130000,-0.7199173000,0.0456769300,0.1137300000,-0.0048734460,0.9924492000,-0.6238699000,1.4011130000,-0.7199173000,0.0456769300,0.1137300000,-0.0048734460,0.9924492000,-0.6238699000,1.4011130000,-0.7199173000,0.0456769300,0.1137300000,-0.0048734460,0.9924492000,
276.7633000000,279237,-0.6239643000,1.4013160000,-0.7200549000,0.0454399700,0.1136458000,-0.0049489650,0.9924694000,-0.6239643000,1.4013160000,-0.7200549000,0.0454399700,0.1136458000,-0.0049489650,0.9924694000,-0.6239643000,1.4013160000,-0.7200549000,0.0454399700,0.1136458000,-0.0049489650,0.9924694000,
276.7755000000,279248,-0.6240282000,1.4013540000,-0.7200689000,0.0452065900,0.1135043000,-0.0050291350,0.9924958000,-0.6240282000,1.4013540000,-0.7200689000,0.0452065900,0.1135043000,-0.0050291350,0.9924958000,-0.6240282000,1.4013540000,-0.7200689000,0.0452065900,0.1135043000,-0.0050291350,0.9924958000,
276.7860000000,279259,-0.6240816000,1.4014380000,-0.7201891000,0.0450598200,0.1133050000,-0.0050868950,0.9925250000,-0.6240816000,1.4014380000,-0.7201891000,0.0450598200,0.1133050000,-0.0050868950,0.9925250000,-0.6240816000,1.4014380000,-0.7201891000,0.0450598200,0.1133050000,-0.0050868950,0.9925250000,
276.7974000000,279270,-0.6241477000,1.4014680000,-0.7202206000,0.0448648500,0.1131938000,-0.0051803090,0.9925460000,-0.6241477000,1.4014680000,-0.7202206000,0.0448648500,0.1131938000,-0.0051803090,0.9925460000,-0.6241477000,1.4014680000,-0.7202206000,0.0448648500,0.1131938000,-0.0051803090,0.9925460000,
276.8086000000,279281,-0.6241391000,1.4014940000,-0.7202721000,0.0448211600,0.1130609000,-0.0052467680,0.9925628000,-0.6241391000,1.4014940000,-0.7202721000,0.0448211600,0.1130609000,-0.0052467680,0.9925628000,-0.6241391000,1.4014940000,-0.7202721000,0.0448211600,0.1130609000,-0.0052467680,0.9925628000,
276.8197000000,279292,-0.6241655000,1.4014910000,-0.7203450000,0.0447310400,0.1129495000,-0.0053693000,0.9925789000,-0.6241655000,1.4014910000,-0.7203450000,0.0447310400,0.1129495000,-0.0053693000,0.9925789000,-0.6241655000,1.4014910000,-0.7203450000,0.0447310400,0.1129495000,-0.0053693000,0.9925789000,
276.8307000000,279304,-0.6241791000,1.4015150000,-0.7204304000,0.0447229100,0.1127954000,-0.0054048830,0.9925965000,-0.6241791000,1.4015150000,-0.7204304000,0.0447229100,0.1127954000,-0.0054048830,0.9925965000,-0.6241791000,1.4015150000,-0.7204304000,0.0447229100,0.1127954000,-0.0054048830,0.9925965000,
276.8426000000,279315,-0.6241601000,1.4014990000,-0.7205038000,0.0447527800,0.1127264000,-0.0054449880,0.9926028000,-0.6241601000,1.4014990000,-0.7205038000,0.0447527800,0.1127264000,-0.0054449880,0.9926028000,-0.6241601000,1.4014990000,-0.7205038000,0.0447527800,0.1127264000,-0.0054449880,0.9926028000,
276.8533000000,279326,-0.6241770000,1.4014960000,-0.7205498000,0.0445304600,0.1126033000,-0.0054882860,0.9926265000,-0.6241770000,1.4014960000,-0.7205498000,0.0445304600,0.1126033000,-0.0054882860,0.9926265000,-0.6241770000,1.4014960000,-0.7205498000,0.0445304600,0.1126033000,-0.0054882860,0.9926265000,
276.8649000000,279337,-0.6241608000,1.4014410000,-0.7206161000,0.0443647200,0.1124715000,-0.0055179190,0.9926487000,-0.6241608000,1.4014410000,-0.7206161000,0.0443647200,0.1124715000,-0.0055179190,0.9926487000,-0.6241608000,1.4014410000,-0.7206161000,0.0443647200,0.1124715000,-0.0055179190,0.9926487000,
276.8753000000,279349,-0.6241763000,1.4014790000,-0.7206774000,0.0441806100,0.1123740000,-0.0055975680,0.9926676000,-0.6241763000,1.4014790000,-0.7206774000,0.0441806100,0.1123740000,-0.0055975680,0.9926676000,-0.6241763000,1.4014790000,-0.7206774000,0.0441806100,0.1123740000,-0.0055975680,0.9926676000,
276.8864000000,279359,-0.6241901000,1.4014670000,-0.7207403000,0.0439164500,0.1123274000,-0.0057557890,0.9926836000,-0.6241901000,1.4014670000,-0.7207403000,0.0439164500,0.1123274000,-0.0057557890,0.9926836000,-0.6241901000,1.4014670000,-0.7207403000,0.0439164500,0.1123274000,-0.0057557890,0.9926836000,
276.8976000000,279370,-0.6242151000,1.4015690000,-0.7208326000,0.0436364900,0.1122650000,-0.0059631560,0.9927018000,-0.6242151000,1.4015690000,-0.7208326000,0.0436364900,0.1122650000,-0.0059631560,0.9927018000,-0.6242151000,1.4015690000,-0.7208326000,0.0436364900,0.1122650000,-0.0059631560,0.9927018000,
276.9085000000,279382,-0.6242259000,1.4016470000,-0.7208915000,0.0434287200,0.1123277000,-0.0061332360,0.9927028000,-0.6242259000,1.4016470000,-0.7208915000,0.0434287200,0.1123277000,-0.0061332360,0.9927028000,-0.6242259000,1.4016470000,-0.7208915000,0.0434287200,0.1123277000,-0.0061332360,0.9927028000,
276.9198000000,279392,-0.6242304000,1.4017480000,-0.7209702000,0.0432515300,0.1122618000,-0.0063572670,0.9927166000,-0.6242304000,1.4017480000,-0.7209702000,0.0432515300,0.1122618000,-0.0063572670,0.9927166000,-0.6242304000,1.4017480000,-0.7209702000,0.0432515300,0.1122618000,-0.0063572670,0.9927166000,
276.9309000000,279404,-0.6242616000,1.4017760000,-0.7210047000,0.0429169600,0.1122590000,-0.0063687790,0.9927314000,-0.6242616000,1.4017760000,-0.7210047000,0.0429169600,0.1122590000,-0.0063687790,0.9927314000,-0.6242616000,1.4017760000,-0.7210047000,0.0429169600,0.1122590000,-0.0063687790,0.9927314000,
276.9419000000,279415,-0.6242681000,1.4018160000,-0.7211096000,0.0427828800,0.1122336000,-0.0062515970,0.9927408000,-0.6242681000,1.4018160000,-0.7211096000,0.0427828800,0.1122336000,-0.0062515970,0.9927408000,-0.6242681000,1.4018160000,-0.7211096000,0.0427828800,0.1122336000,-0.0062515970,0.9927408000,
276.9531000000,279426,-0.6243212000,1.4018620000,-0.7211490000,0.0425323500,0.1122188000,-0.0061669960,0.9927537000,-0.6243212000,1.4018620000,-0.7211490000,0.0425323500,0.1122188000,-0.0061669960,0.9927537000,-0.6243212000,1.4018620000,-0.7211490000,0.0425323500,0.1122188000,-0.0061669960,0.9927537000,
276.9641000000,279437,-0.6242986000,1.4019140000,-0.7211964000,0.0423868000,0.1121578000,-0.0059727940,0.9927680000,-0.6242986000,1.4019140000,-0.7211964000,0.0423868000,0.1121578000,-0.0059727940,0.9927680000,-0.6242986000,1.4019140000,-0.7211964000,0.0423868000,0.1121578000,-0.0059727940,0.9927680000,
276.9752000000,279448,-0.6243181000,1.4020060000,-0.7212834000,0.0422726900,0.1120634000,-0.0058312890,0.9927844000,-0.6243181000,1.4020060000,-0.7212834000,0.0422726900,0.1120634000,-0.0058312890,0.9927844000,-0.6243181000,1.4020060000,-0.7212834000,0.0422726900,0.1120634000,-0.0058312890,0.9927844000,
276.9868000000,279459,-0.6243358000,1.4019820000,-0.7213209000,0.0421432000,0.1119612000,-0.0056896640,0.9928023000,-0.6243358000,1.4019820000,-0.7213209000,0.0421432000,0.1119612000,-0.0056896640,0.9928023000,-0.6243358000,1.4019820000,-0.7213209000,0.0421432000,0.1119612000,-0.0056896640,0.9928023000,
276.9979000000,279471,-0.6243782000,1.4019790000,-0.7213933000,0.0419694300,0.1118379000,-0.0055401690,0.9928243000,-0.6243782000,1.4019790000,-0.7213933000,0.0419694300,0.1118379000,-0.0055401690,0.9928243000,-0.6243782000,1.4019790000,-0.7213933000,0.0419694300,0.1118379000,-0.0055401690,0.9928243000,
277.0110000000,279482,-0.6244144000,1.4020000000,-0.7214093000,0.0417817900,0.1116845000,-0.0054762750,0.9928499000,-0.6244144000,1.4020000000,-0.7214093000,0.0417817900,0.1116845000,-0.0054762750,0.9928499000,-0.6244144000,1.4020000000,-0.7214093000,0.0417817900,0.1116845000,-0.0054762750,0.9928499000,
277.0195000000,279495,-0.6244621000,1.4019780000,-0.7214513000,0.0415939200,0.1115650000,-0.0053694820,0.9928718000,-0.6244621000,1.4019780000,-0.7214513000,0.0415939200,0.1115650000,-0.0053694820,0.9928718000,-0.6244621000,1.4019780000,-0.7214513000,0.0415939200,0.1115650000,-0.0053694820,0.9928718000,
277.0305000000,279504,-0.6244750000,1.4020370000,-0.7215352000,0.0413564200,0.1113546000,-0.0055074380,0.9929045000,-0.6244750000,1.4020370000,-0.7215352000,0.0413564200,0.1113546000,-0.0055074380,0.9929045000,-0.6244750000,1.4020370000,-0.7215352000,0.0413564200,0.1113546000,-0.0055074380,0.9929045000,
277.0419000000,279515,-0.6244974000,1.4020170000,-0.7215581000,0.0411599400,0.1111827000,-0.0055006230,0.9929320000,-0.6244974000,1.4020170000,-0.7215581000,0.0411599400,0.1111827000,-0.0055006230,0.9929320000,-0.6244974000,1.4020170000,-0.7215581000,0.0411599400,0.1111827000,-0.0055006230,0.9929320000,
277.0532000000,279526,-0.6245372000,1.4021180000,-0.7216377000,0.0409144900,0.1110508000,-0.0056158580,0.9929563000,-0.6245372000,1.4021180000,-0.7216377000,0.0409144900,0.1110508000,-0.0056158580,0.9929563000,-0.6245372000,1.4021180000,-0.7216377000,0.0409144900,0.1110508000,-0.0056158580,0.9929563000,
277.0631000000,279538,-0.6246037000,1.4021290000,-0.7216811000,0.0405616800,0.1108461000,-0.0056327800,0.9929935000,-0.6246037000,1.4021290000,-0.7216811000,0.0405616800,0.1108461000,-0.0056327800,0.9929935000,-0.6246037000,1.4021290000,-0.7216811000,0.0405616800,0.1108461000,-0.0056327800,0.9929935000,
277.0743000000,279547,-0.6246095000,1.4022260000,-0.7216730000,0.0401625100,0.1105738000,-0.0057630630,0.9930394000,-0.6246095000,1.4022260000,-0.7216730000,0.0401625100,0.1105738000,-0.0057630630,0.9930394000,-0.6246095000,1.4022260000,-0.7216730000,0.0401625100,0.1105738000,-0.0057630630,0.9930394000,
277.0856000000,279558,-0.6246886000,1.4022880000,-0.7217231000,0.0396056700,0.1103340000,-0.0058159510,0.9930881000,-0.6246886000,1.4022880000,-0.7217231000,0.0396056700,0.1103340000,-0.0058159510,0.9930881000,-0.6246886000,1.4022880000,-0.7217231000,0.0396056700,0.1103340000,-0.0058159510,0.9930881000,
277.0964000000,279570,-0.6248012000,1.4023500000,-0.7217708000,0.0391512000,0.1100000000,-0.0059207770,0.9931426000,-0.6248012000,1.4023500000,-0.7217708000,0.0391512000,0.1100000000,-0.0059207770,0.9931426000,-0.6248012000,1.4023500000,-0.7217708000,0.0391512000,0.1100000000,-0.0059207770,0.9931426000,
277.1077000000,279580,-0.6248989000,1.4024390000,-0.7217364000,0.0385782900,0.1095343000,-0.0059516960,0.9932163000,-0.6248989000,1.4024390000,-0.7217364000,0.0385782900,0.1095343000,-0.0059516960,0.9932163000,-0.6248989000,1.4024390000,-0.7217364000,0.0385782900,0.1095343000,-0.0059516960,0.9932163000,
277.1190000000,279591,-0.6250396000,1.4025720000,-0.7217584000,0.0380847400,0.1089883000,-0.0059604730,0.9932954000,-0.6250396000,1.4025720000,-0.7217584000,0.0380847400,0.1089883000,-0.0059604730,0.9932954000,-0.6250396000,1.4025720000,-0.7217584000,0.0380847400,0.1089883000,-0.0059604730,0.9932954000,
277.1300000000,279603,-0.6251428000,1.4026870000,-0.7218006000,0.0375545400,0.1084327000,-0.0060280230,0.9933759000,-0.6251428000,1.4026870000,-0.7218006000,0.0375545400,0.1084327000,-0.0060280230,0.9933759000,-0.6251428000,1.4026870000,-0.7218006000,0.0375545400,0.1084327000,-0.0060280230,0.9933759000,
277.1411000000,279614,-0.6252675000,1.4028360000,-0.7217989000,0.0371533700,0.1077214000,-0.0058833750,0.9934692000,-0.6252675000,1.4028360000,-0.7217989000,0.0371533700,0.1077214000,-0.0058833750,0.9934692000,-0.6252675000,1.4028360000,-0.7217989000,0.0371533700,0.1077214000,-0.0058833750,0.9934692000,
277.1520000000,279625,-0.6253440000,1.4029240000,-0.7218952000,0.0367965200,0.1070368000,-0.0058519570,0.9935567000,-0.6253440000,1.4029240000,-0.7218952000,0.0367965200,0.1070368000,-0.0058519570,0.9935567000,-0.6253440000,1.4029240000,-0.7218952000,0.0367965200,0.1070368000,-0.0058519570,0.9935567000,
277.1631000000,279636,-0.6254313000,1.4029420000,-0.7218990000,0.0365536400,0.1064363000,-0.0057110220,0.9936310000,-0.6254313000,1.4029420000,-0.7218990000,0.0365536400,0.1064363000,-0.0057110220,0.9936310000,-0.6254313000,1.4029420000,-0.7218990000,0.0365536400,0.1064363000,-0.0057110220,0.9936310000,
277.1743000000,279647,-0.6255360000,1.4030110000,-0.7219119000,0.0363764100,0.1058712000,-0.0056035160,0.9936985000,-0.6255360000,1.4030110000,-0.7219119000,0.0363764100,0.1058712000,-0.0056035160,0.9936985000,-0.6255360000,1.4030110000,-0.7219119000,0.0363764100,0.1058712000,-0.0056035160,0.9936985000,
277.1855000000,279658,-0.6256444000,1.4030380000,-0.7219756000,0.0362807100,0.1053707000,-0.0054949070,0.9937558000,-0.6256444000,1.4030380000,-0.7219756000,0.0362807100,0.1053707000,-0.0054949070,0.9937558000,-0.6256444000,1.4030380000,-0.7219756000,0.0362807100,0.1053707000,-0.0054949070,0.9937558000,
277.1967000000,279669,-0.6256979000,1.4030860000,-0.7219946000,0.0362081500,0.1048182000,-0.0053896850,0.9938174000,-0.6256979000,1.4030860000,-0.7219946000,0.0362081500,0.1048182000,-0.0053896850,0.9938174000,-0.6256979000,1.4030860000,-0.7219946000,0.0362081500,0.1048182000,-0.0053896850,0.9938174000,
277.2077000000,279680,-0.6257725000,1.4031610000,-0.7221034000,0.0360668900,0.1043107000,-0.0052545010,0.9938767000,-0.6257725000,1.4031610000,-0.7221034000,0.0360668900,0.1043107000,-0.0052545010,0.9938767000,-0.6257725000,1.4031610000,-0.7221034000,0.0360668900,0.1043107000,-0.0052545010,0.9938767000,
277.2187000000,279692,-0.6259024000,1.4032500000,-0.7221868000,0.0357872200,0.1038620000,-0.0051395430,0.9939344000,-0.6259024000,1.4032500000,-0.7221868000,0.0357872200,0.1038620000,-0.0051395430,0.9939344000,-0.6259024000,1.4032500000,-0.7221868000,0.0357872200,0.1038620000,-0.0051395430,0.9939344000,
277.2295000000,279702,-0.6259923000,1.4033170000,-0.7222474000,0.0354697900,0.1033010000,-0.0051314500,0.9940043000,-0.6259923000,1.4033170000,-0.7222474000,0.0354697900,0.1033010000,-0.0051314500,0.9940043000,-0.6259923000,1.4033170000,-0.7222474000,0.0354697900,0.1033010000,-0.0051314500,0.9940043000,
277.2411000000,279714,-0.6261094000,1.4033980000,-0.7222958000,0.0350276400,0.1029169000,-0.0051529510,0.9940597000,-0.6261094000,1.4033980000,-0.7222958000,0.0350276400,0.1029169000,-0.0051529510,0.9940597000,-0.6261094000,1.4033980000,-0.7222958000,0.0350276400,0.1029169000,-0.0051529510,0.9940597000,
277.2520000000,279725,-0.6262431000,1.4035020000,-0.7223105000,0.0345191100,0.1024579000,-0.0051435030,0.9941249000,-0.6262431000,1.4035020000,-0.7223105000,0.0345191100,0.1024579000,-0.0051435030,0.9941249000,-0.6262431000,1.4035020000,-0.7223105000,0.0345191100,0.1024579000,-0.0051435030,0.9941249000,
277.2630000000,279736,-0.6263516000,1.4036040000,-0.7223690000,0.0340533600,0.1019986000,-0.0052072270,0.9941879000,-0.6263516000,1.4036040000,-0.7223690000,0.0340533600,0.1019986000,-0.0052072270,0.9941879000,-0.6263516000,1.4036040000,-0.7223690000,0.0340533600,0.1019986000,-0.0052072270,0.9941879000,
277.2741000000,279748,-0.6265543000,1.4037540000,-0.7224157000,0.0335877700,0.1015560000,-0.0052140120,0.9942490000,-0.6265543000,1.4037540000,-0.7224157000,0.0335877700,0.1015560000,-0.0052140120,0.9942490000,-0.6265543000,1.4037540000,-0.7224157000,0.0335877700,0.1015560000,-0.0052140120,0.9942490000,
277.2853000000,279758,-0.6266837000,1.4038350000,-0.7224426000,0.0331481300,0.1011086000,-0.0051663880,0.9943096000,-0.6266837000,1.4038350000,-0.7224426000,0.0331481300,0.1011086000,-0.0051663880,0.9943096000,-0.6266837000,1.4038350000,-0.7224426000,0.0331481300,0.1011086000,-0.0051663880,0.9943096000,
277.2969000000,279769,-0.6268632000,1.4039530000,-0.7224739000,0.0328780700,0.1005353000,-0.0050488840,0.9943773000,-0.6268632000,1.4039530000,-0.7224739000,0.0328780700,0.1005353000,-0.0050488840,0.9943773000,-0.6268632000,1.4039530000,-0.7224739000,0.0328780700,0.1005353000,-0.0050488840,0.9943773000,
277.3075000000,279781,-0.6270039000,1.4039920000,-0.7224700000,0.0326710900,0.0999531100,-0.0049816590,0.9944432000,-0.6270039000,1.4039920000,-0.7224700000,0.0326710900,0.0999531100,-0.0049816590,0.9944432000,-0.6270039000,1.4039920000,-0.7224700000,0.0326710900,0.0999531100,-0.0049816590,0.9944432000,
277.3187000000,279791,-0.6271377000,1.4040410000,-0.7224798000,0.0323863400,0.0994140800,-0.0048856200,0.9945070000,-0.6271377000,1.4040410000,-0.7224798000,0.0323863400,0.0994140800,-0.0048856200,0.9945070000,-0.6271377000,1.4040410000,-0.7224798000,0.0323863400,0.0994140800,-0.0048856200,0.9945070000,
277.3300000000,279802,-0.6273010000,1.4041890000,-0.7224877000,0.0321383100,0.0987227600,-0.0047749280,0.9945844000,-0.6273010000,1.4041890000,-0.7224877000,0.0321383100,0.0987227600,-0.0047749280,0.9945844000,-0.6273010000,1.4041890000,-0.7224877000,0.0321383100,0.0987227600,-0.0047749280,0.9945844000,
277.3409000000,279814,-0.6274414000,1.4042940000,-0.7224820000,0.0318021300,0.0981002300,-0.0047055220,0.9946572000,-0.6274414000,1.4042940000,-0.7224820000,0.0318021300,0.0981002300,-0.0047055220,0.9946572000,-0.6274414000,1.4042940000,-0.7224820000,0.0318021300,0.0981002300,-0.0047055220,0.9946572000,
277.3521000000,279825,-0.6276202000,1.4043950000,-0.7224739000,0.0314730600,0.0974757400,-0.0046000670,0.9947295000,-0.6276202000,1.4043950000,-0.7224739000,0.0314730600,0.0974757400,-0.0046000670,0.9947295000,-0.6276202000,1.4043950000,-0.7224739000,0.0314730600,0.0974757400,-0.0046000670,0.9947295000,
277.3635000000,279836,-0.6277573000,1.4044720000,-0.7225199000,0.0311206300,0.0968428100,-0.0046371760,0.9948022000,-0.6277573000,1.4044720000,-0.7225199000,0.0311206300,0.0968428100,-0.0046371760,0.9948022000,-0.6277573000,1.4044720000,-0.7225199000,0.0311206300,0.0968428100,-0.0046371760,0.9948022000,
277.3744000000,279848,-0.6279497000,1.4045790000,-0.7225544000,0.0307313900,0.0961955300,-0.0045503580,0.9948775000,-0.6279497000,1.4045790000,-0.7225544000,0.0307313900,0.0961955300,-0.0045503580,0.9948775000,-0.6279497000,1.4045790000,-0.7225544000,0.0307313900,0.0961955300,-0.0045503580,0.9948775000,
277.3864000000,279858,-0.6281166000,1.4047250000,-0.7225935000,0.0302961700,0.0955408100,-0.0045333890,0.9949540000,-0.6281166000,1.4047250000,-0.7225935000,0.0302961700,0.0955408100,-0.0045333890,0.9949540000,-0.6281166000,1.4047250000,-0.7225935000,0.0302961700,0.0955408100,-0.0045333890,0.9949540000,
277.3973000000,279870,-0.6283143000,1.4048890000,-0.7226179000,0.0297945900,0.0947804900,-0.0043998950,0.9950426000,-0.6283143000,1.4048890000,-0.7226179000,0.0297945900,0.0947804900,-0.0043998950,0.9950426000,-0.6283143000,1.4048890000,-0.7226179000,0.0297945900,0.0947804900,-0.0043998950,0.9950426000,
277.4087000000,279882,-0.6285162000,1.4050690000,-0.7226295000,0.0291504500,0.0939891500,-0.0042412830,0.9951373000,-0.6285162000,1.4050690000,-0.7226295000,0.0291504500,0.0939891500,-0.0042412830,0.9951373000,-0.6285162000,1.4050690000,-0.7226295000,0.0291504500,0.0939891500,-0.0042412830,0.9951373000,
277.4198000000,279893,-0.6287396000,1.4052110000,-0.7226388000,0.0285317100,0.0931797000,-0.0039360400,0.9952326000,-0.6287396000,1.4052110000,-0.7226388000,0.0285317100,0.0931797000,-0.0039360400,0.9952326000,-0.6287396000,1.4052110000,-0.7226388000,0.0285317100,0.0931797000,-0.0039360400,0.9952326000,
277.4308000000,279904,-0.6289511000,1.4053280000,-0.7226486000,0.0278937100,0.0923302000,-0.0036503380,0.9953310000,-0.6289511000,1.4053280000,-0.7226486000,0.0278937100,0.0923302000,-0.0036503380,0.9953310000,-0.6289511000,1.4053280000,-0.7226486000,0.0278937100,0.0923302000,-0.0036503380,0.9953310000,
277.4420000000,279915,-0.6291707000,1.4054000000,-0.7226832000,0.0273251200,0.0913056100,-0.0032435550,0.9954427000,-0.6291707000,1.4054000000,-0.7226832000,0.0273251200,0.0913056100,-0.0032435550,0.9954427000,-0.6291707000,1.4054000000,-0.7226832000,0.0273251200,0.0913056100,-0.0032435550,0.9954427000,
277.4536000000,279926,-0.6294146000,1.4055040000,-0.7226579000,0.0269047800,0.0902054800,-0.0028537380,0.9955556000,-0.6294146000,1.4055040000,-0.7226579000,0.0269047800,0.0902054800,-0.0028537380,0.9955556000,-0.6294146000,1.4055040000,-0.7226579000,0.0269047800,0.0902054800,-0.0028537380,0.9955556000,
277.4650000000,279937,-0.6296699000,1.4055950000,-0.7226620000,0.0264115900,0.0891360300,-0.0025274320,0.9956660000,-0.6296699000,1.4055950000,-0.7226620000,0.0264115900,0.0891360300,-0.0025274320,0.9956660000,-0.6296699000,1.4055950000,-0.7226620000,0.0264115900,0.0891360300,-0.0025274320,0.9956660000,
277.4763000000,279949,-0.6300404000,1.4056770000,-0.7226915000,0.0260619300,0.0878219400,-0.0021217510,0.9957930000,-0.6300404000,1.4056770000,-0.7226915000,0.0260619300,0.0878219400,-0.0021217510,0.9957930000,-0.6300404000,1.4056770000,-0.7226915000,0.0260619300,0.0878219400,-0.0021217510,0.9957930000,
277.4866000000,279960,-0.6304166000,1.4058170000,-0.7226481000,0.0258130100,0.0862965800,-0.0018461980,0.9959334000,-0.6304166000,1.4058170000,-0.7226481000,0.0258130100,0.0862965800,-0.0018461980,0.9959334000,-0.6304166000,1.4058170000,-0.7226481000,0.0258130100,0.0862965800,-0.0018461980,0.9959334000,
277.5035000000,279971,-0.6309357000,1.4059000000,-0.7226396000,0.0257328300,0.0838308000,-0.0014473150,0.9961466000,-0.6309357000,1.4059000000,-0.7226396000,0.0257328300,0.0838308000,-0.0014473150,0.9961466000,-0.6309357000,1.4059000000,-0.7226396000,0.0257328300,0.0838308000,-0.0014473150,0.9961466000,
277.5102000000,279987,-0.6314092000,1.4059800000,-0.7226012000,0.0254988400,0.0817922300,-0.0011942420,0.9963225000,-0.6314092000,1.4059800000,-0.7226012000,0.0254988400,0.0817922300,-0.0011942420,0.9963225000,-0.6314092000,1.4059800000,-0.7226012000,0.0254988400,0.0817922300,-0.0011942420,0.9963225000,
277.5193000000,279987,-0.6319945000,1.4060090000,-0.7225347000,0.0254415000,0.0790976900,-0.0011248630,0.9965416000,-0.6319945000,1.4060090000,-0.7225347000,0.0254415000,0.0790976900,-0.0011248630,0.9965416000,-0.6319945000,1.4060090000,-0.7225347000,0.0254415000,0.0790976900,-0.0011248630,0.9965416000,
277.5302000000,280003,-0.6326683000,1.4059990000,-0.7224278000,0.0253472600,0.0758760900,-0.0011805850,0.9967943000,-0.6326683000,1.4059990000,-0.7224278000,0.0253472600,0.0758760900,-0.0011805850,0.9967943000,-0.6326683000,1.4059990000,-0.7224278000,0.0253472600,0.0758760900,-0.0011805850,0.9967943000,
277.5420000000,280014,-0.6335363000,1.4059380000,-0.7223518000,0.0253644900,0.0721050400,-0.0015275430,0.9970733000,-0.6335363000,1.4059380000,-0.7223518000,0.0253644900,0.0721050400,-0.0015275430,0.9970733000,-0.6335363000,1.4059380000,-0.7223518000,0.0253644900,0.0721050400,-0.0015275430,0.9970733000,
277.5522000000,280026,-0.6344442000,1.4058920000,-0.7222002000,0.0254696200,0.0680802500,-0.0019125830,0.9973529000,-0.6344442000,1.4058920000,-0.7222002000,0.0254696200,0.0680802500,-0.0019125830,0.9973529000,-0.6344442000,1.4058920000,-0.7222002000,0.0254696200,0.0680802500,-0.0019125830,0.9973529000,
277.5636000000,280036,-0.6354640000,1.4058680000,-0.7219920000,0.0256302000,0.0635917000,-0.0024245810,0.9976439000,-0.6354640000,1.4058680000,-0.7219920000,0.0256302000,0.0635917000,-0.0024245810,0.9976439000,-0.6354640000,1.4058680000,-0.7219920000,0.0256302000,0.0635917000,-0.0024245810,0.9976439000,
277.5747000000,280048,-0.6365762000,1.4057100000,-0.7217476000,0.0260439600,0.0587572100,-0.0029270060,0.9979282000,-0.6365762000,1.4057100000,-0.7217476000,0.0260439600,0.0587572100,-0.0029270060,0.9979282000,-0.6365762000,1.4057100000,-0.7217476000,0.0260439600,0.0587572100,-0.0029270060,0.9979282000,
277.5860000000,280058,-0.6377327000,1.4056040000,-0.7214572000,0.0267050500,0.0539166400,-0.0032864210,0.9981829000,-0.6377327000,1.4056040000,-0.7214572000,0.0267050500,0.0539166400,-0.0032864210,0.9981829000,-0.6377327000,1.4056040000,-0.7214572000,0.0267050500,0.0539166400,-0.0032864210,0.9981829000,
277.5974000000,280070,-0.6390319000,1.4054240000,-0.7212012000,0.0278004000,0.0487060200,-0.0033711610,0.9984205000,-0.6390319000,1.4054240000,-0.7212012000,0.0278004000,0.0487060200,-0.0033711610,0.9984205000,-0.6390319000,1.4054240000,-0.7212012000,0.0278004000,0.0487060200,-0.0033711610,0.9984205000,
277.6084000000,280081,-0.6403337000,1.4051460000,-0.7209189000,0.0292977200,0.0434375700,-0.0033764660,0.9986208000,-0.6403337000,1.4051460000,-0.7209189000,0.0292977200,0.0434375700,-0.0033764660,0.9986208000,-0.6403337000,1.4051460000,-0.7209189000,0.0292977200,0.0434375700,-0.0033764660,0.9986208000,
277.6194000000,280092,-0.6415899000,1.4049190000,-0.7206330000,0.0308086900,0.0382064200,-0.0032473700,0.9987895000,-0.6415899000,1.4049190000,-0.7206330000,0.0308086900,0.0382064200,-0.0032473700,0.9987895000,-0.6415899000,1.4049190000,-0.7206330000,0.0308086900,0.0382064200,-0.0032473700,0.9987895000,
277.6310000000,280103,-0.6429806000,1.4046510000,-0.7203662000,0.0327146900,0.0328771700,-0.0027020530,0.9989202000,-0.6429806000,1.4046510000,-0.7203662000,0.0327146900,0.0328771700,-0.0027020530,0.9989202000,-0.6429806000,1.4046510000,-0.7203662000,0.0327146900,0.0328771700,-0.0027020530,0.9989202000,
277.6417000000,280115,-0.6441674000,1.4043470000,-0.7201800000,0.0341661500,0.0281669000,-0.0020805360,0.9990171000,-0.6441674000,1.4043470000,-0.7201800000,0.0341661500,0.0281669000,-0.0020805360,0.9990171000,-0.6441674000,1.4043470000,-0.7201800000,0.0341661500,0.0281669000,-0.0020805360,0.9990171000,
277.6533000000,280126,-0.6453769000,1.4041010000,-0.7199748000,0.0357199500,0.0236260100,-0.0009882754,0.9990821000,-0.6453769000,1.4041010000,-0.7199748000,0.0357199500,0.0236260100,-0.0009882754,0.9990821000,-0.6453769000,1.4041010000,-0.7199748000,0.0357199500,0.0236260100,-0.0009882754,0.9990821000,
277.6635000000,280137,-0.6465261000,1.4038870000,-0.7198217000,0.0368694600,0.0195689700,0.0001501651,0.9991285000,-0.6465261000,1.4038870000,-0.7198217000,0.0368694600,0.0195689700,0.0001501651,0.9991285000,-0.6465261000,1.4038870000,-0.7198217000,0.0368694600,0.0195689700,0.0001501651,0.9991285000,
277.6743000000,280148,-0.6475871000,1.4036840000,-0.7196934000,0.0379107500,0.0159738700,0.0015020770,0.9991523000,-0.6475871000,1.4036840000,-0.7196934000,0.0379107500,0.0159738700,0.0015020770,0.9991523000,-0.6475871000,1.4036840000,-0.7196934000,0.0379107500,0.0159738700,0.0015020770,0.9991523000,
277.6858000000,280158,-0.6485682000,1.4035360000,-0.7196119000,0.0388468200,0.0129762700,0.0030418940,0.9991563000,-0.6485682000,1.4035360000,-0.7196119000,0.0388468200,0.0129762700,0.0030418940,0.9991563000,-0.6485682000,1.4035360000,-0.7196119000,0.0388468200,0.0129762700,0.0030418940,0.9991563000,
277.6966000000,280170,-0.6494265000,1.4034300000,-0.7194800000,0.0397350500,0.0105617200,0.0046681250,0.9991435000,-0.6494265000,1.4034300000,-0.7194800000,0.0397350500,0.0105617200,0.0046681250,0.9991435000,-0.6494265000,1.4034300000,-0.7194800000,0.0397350500,0.0105617200,0.0046681250,0.9991435000,
277.7079000000,280180,-0.6502633000,1.4032630000,-0.7194488000,0.0405765300,0.0083119090,0.0061751800,0.9991228000,-0.6502633000,1.4032630000,-0.7194488000,0.0405765300,0.0083119090,0.0061751800,0.9991228000,-0.6502633000,1.4032630000,-0.7194488000,0.0405765300,0.0083119090,0.0061751800,0.9991228000,
277.7190000000,280193,-0.6509900000,1.4030090000,-0.7193873000,0.0413665400,0.0065826290,0.0075416650,0.9990939000,-0.6509900000,1.4030090000,-0.7193873000,0.0413665400,0.0065826290,0.0075416650,0.9990939000,-0.6509900000,1.4030090000,-0.7193873000,0.0413665400,0.0065826290,0.0075416650,0.9990939000,
277.7298000000,280203,-0.6516645000,1.4028370000,-0.7193770000,0.0420485100,0.0049870740,0.0088348830,0.9990641000,-0.6516645000,1.4028370000,-0.7193770000,0.0420485100,0.0049870740,0.0088348830,0.9990641000,-0.6516645000,1.4028370000,-0.7193770000,0.0420485100,0.0049870740,0.0088348830,0.9990641000,
277.7411000000,280214,-0.6522741000,1.4026850000,-0.7193942000,0.0426895500,0.0036012080,0.0098901350,0.9990330000,-0.6522741000,1.4026850000,-0.7193942000,0.0426895500,0.0036012080,0.0098901350,0.9990330000,-0.6522741000,1.4026850000,-0.7193942000,0.0426895500,0.0036012080,0.0098901350,0.9990330000,
277.7521000000,280225,-0.6528201000,1.4025520000,-0.7193871000,0.0431543200,0.0027605920,0.0106400000,0.9990079000,-0.6528201000,1.4025520000,-0.7193871000,0.0431543200,0.0027605920,0.0106400000,0.9990079000,-0.6528201000,1.4025520000,-0.7193871000,0.0431543200,0.0027605920,0.0106400000,0.9990079000,
277.7631000000,280236,-0.6532362000,1.4024860000,-0.7194192000,0.0433007900,0.0021307010,0.0112099900,0.9989969000,-0.6532362000,1.4024860000,-0.7194192000,0.0433007900,0.0021307010,0.0112099900,0.9989969000,-0.6532362000,1.4024860000,-0.7194192000,0.0433007900,0.0021307010,0.0112099900,0.9989969000,
277.7743000000,280249,-0.6536059000,1.4024740000,-0.7194469000,0.0433978300,0.0017200970,0.0117376400,0.9989874000,-0.6536059000,1.4024740000,-0.7194469000,0.0433978300,0.0017200970,0.0117376400,0.9989874000,-0.6536059000,1.4024740000,-0.7194469000,0.0433978300,0.0017200970,0.0117376400,0.9989874000,
277.7866000000,280258,-0.6538885000,1.4024420000,-0.7194252000,0.0433120600,0.0017065840,0.0121891400,0.9989858000,-0.6538885000,1.4024420000,-0.7194252000,0.0433120600,0.0017065840,0.0121891400,0.9989858000,-0.6538885000,1.4024420000,-0.7194252000,0.0433120600,0.0017065840,0.0121891400,0.9989858000,
277.7968000000,280270,-0.6541121000,1.4025140000,-0.7194448000,0.0431087200,0.0021404540,0.0125859600,0.9989889000,-0.6541121000,1.4025140000,-0.7194448000,0.0431087200,0.0021404540,0.0125859600,0.9989889000,-0.6541121000,1.4025140000,-0.7194448000,0.0431087200,0.0021404540,0.0125859600,0.9989889000,
277.8087000000,280281,-0.6543014000,1.4025840000,-0.7194777000,0.0430383300,0.0026999430,0.0129521900,0.9989858000,-0.6543014000,1.4025840000,-0.7194777000,0.0430383300,0.0026999430,0.0129521900,0.9989858000,-0.6543014000,1.4025840000,-0.7194777000,0.0430383300,0.0026999430,0.0129521900,0.9989858000,
277.8191000000,280293,-0.6543911000,1.4025880000,-0.7195554000,0.0429082300,0.0033844550,0.0133586400,0.9989840000,-0.6543911000,1.4025880000,-0.7195554000,0.0429082300,0.0033844550,0.0133586400,0.9989840000,-0.6543911000,1.4025880000,-0.7195554000,0.0429082300,0.0033844550,0.0133586400,0.9989840000,
277.8300000000,280303,-0.6545742000,1.4026110000,-0.7196457000,0.0429688400,0.0040051820,0.0138829400,0.9989719000,-0.6545742000,1.4026110000,-0.7196457000,0.0429688400,0.0040051820,0.0138829400,0.9989719000,-0.6545742000,1.4026110000,-0.7196457000,0.0429688400,0.0040051820,0.0138829400,0.9989719000,
277.8412000000,280314,-0.6545825000,1.4026600000,-0.7197232000,0.0428428400,0.0048284080,0.0142784700,0.9989681000,-0.6545825000,1.4026600000,-0.7197232000,0.0428428400,0.0048284080,0.0142784700,0.9989681000,-0.6545825000,1.4026600000,-0.7197232000,0.0428428400,0.0048284080,0.0142784700,0.9989681000,
277.8523000000,280325,-0.6546531000,1.4028150000,-0.7197711000,0.0426299000,0.0055886230,0.0146613800,0.9989678000,-0.6546531000,1.4028150000,-0.7197711000,0.0426299000,0.0055886230,0.0146613800,0.9989678000,-0.6546531000,1.4028150000,-0.7197711000,0.0426299000,0.0055886230,0.0146613800,0.9989678000,
277.8633000000,280336,-0.6545861000,1.4028820000,-0.7198119000,0.0422888600,0.0064167730,0.0151344400,0.9989702000,-0.6545861000,1.4028820000,-0.7198119000,0.0422888600,0.0064167730,0.0151344400,0.9989702000,-0.6545861000,1.4028820000,-0.7198119000,0.0422888600,0.0064167730,0.0151344400,0.9989702000,
277.8745000000,280347,-0.6544726000,1.4029860000,-0.7198758000,0.0419092900,0.0072856270,0.0154825300,0.9989749000,-0.6544726000,1.4029860000,-0.7198758000,0.0419092900,0.0072856270,0.0154825300,0.9989749000,-0.6544726000,1.4029860000,-0.7198758000,0.0419092900,0.0072856270,0.0154825300,0.9989749000,
277.8857000000,280358,-0.6543181000,1.4030900000,-0.7199442000,0.0416046500,0.0081247440,0.0157891900,0.9989763000,-0.6543181000,1.4030900000,-0.7199442000,0.0416046500,0.0081247440,0.0157891900,0.9989763000,-0.6543181000,1.4030900000,-0.7199442000,0.0416046500,0.0081247440,0.0157891900,0.9989763000,
277.8971000000,280370,-0.6541109000,1.4031670000,-0.7199788000,0.0410655700,0.0091733000,0.0161307500,0.9989842000,-0.6541109000,1.4031670000,-0.7199788000,0.0410655700,0.0091733000,0.0161307500,0.9989842000,-0.6541109000,1.4031670000,-0.7199788000,0.0410655700,0.0091733000,0.0161307500,0.9989842000,
277.9120000000,280381,-0.6537952000,1.4032870000,-0.7200110000,0.0405336400,0.0103479100,0.0164188000,0.9989897000,-0.6537952000,1.4032870000,-0.7200110000,0.0405336400,0.0103479100,0.0164188000,0.9989897000,-0.6537952000,1.4032870000,-0.7200110000,0.0405336400,0.0103479100,0.0164188000,0.9989897000,
277.9192000000,280396,-0.6535730000,1.4033610000,-0.7200196000,0.0400556300,0.0113752000,0.0166559600,0.9989939000,-0.6535730000,1.4033610000,-0.7200196000,0.0400556300,0.0113752000,0.0166559600,0.9989939000,-0.6535730000,1.4033610000,-0.7200196000,0.0400556300,0.0113752000,0.0166559600,0.9989939000,
277.9283000000,280396,-0.6532769000,1.4034540000,-0.7200434000,0.0395709400,0.0124139600,0.0169365800,0.9989961000,-0.6532769000,1.4034540000,-0.7200434000,0.0395709400,0.0124139600,0.0169365800,0.9989961000,-0.6532769000,1.4034540000,-0.7200434000,0.0395709400,0.0124139600,0.0169365800,0.9989961000,
277.9393000000,280412,-0.6529279000,1.4035270000,-0.7200935000,0.0390536100,0.0135218700,0.0170199700,0.9990007000,-0.6529279000,1.4035270000,-0.7200935000,0.0390536100,0.0135218700,0.0170199700,0.9990007000,-0.6529279000,1.4035270000,-0.7200935000,0.0390536100,0.0135218700,0.0170199700,0.9990007000,
277.9510000000,280423,-0.6525586000,1.4035630000,-0.7201545000,0.0384709000,0.0146624200,0.0170997000,0.9990059000,-0.6525586000,1.4035630000,-0.7201545000,0.0384709000,0.0146624200,0.0170997000,0.9990059000,-0.6525586000,1.4035630000,-0.7201545000,0.0384709000,0.0146624200,0.0170997000,0.9990059000,
277.9615000000,280435,-0.6521661000,1.4036840000,-0.7201464000,0.0379348900,0.0157574600,0.0170903200,0.9990098000,-0.6521661000,1.4036840000,-0.7201464000,0.0379348900,0.0157574600,0.0170903200,0.9990098000,-0.6521661000,1.4036840000,-0.7201464000,0.0379348900,0.0157574600,0.0170903200,0.9990098000,
277.9728000000,280445,-0.6517293000,1.4037320000,-0.7201781000,0.0373074600,0.0168532400,0.0170782400,0.9990157000,-0.6517293000,1.4037320000,-0.7201781000,0.0373074600,0.0168532400,0.0170782400,0.9990157000,-0.6517293000,1.4037320000,-0.7201781000,0.0373074600,0.0168532400,0.0170782400,0.9990157000,
277.9840000000,280456,-0.6513073000,1.4038290000,-0.7201440000,0.0368379500,0.0179791000,0.0169559000,0.9990156000,-0.6513073000,1.4038290000,-0.7201440000,0.0368379500,0.0179791000,0.0169559000,0.9990156000,-0.6513073000,1.4038290000,-0.7201440000,0.0368379500,0.0179791000,0.0169559000,0.9990156000,
277.9949000000,280468,-0.6508734000,1.4039040000,-0.7201471000,0.0363382600,0.0190328800,0.0167659400,0.9990176000,-0.6508734000,1.4039040000,-0.7201471000,0.0363382600,0.0190328800,0.0167659400,0.9990176000,-0.6508734000,1.4039040000,-0.7201471000,0.0363382600,0.0190328800,0.0167659400,0.9990176000,
278.0062000000,280478,-0.6504660000,1.4039610000,-0.7201245000,0.0359909100,0.0200976400,0.0165828800,0.9990124000,-0.6504660000,1.4039610000,-0.7201245000,0.0359909100,0.0200976400,0.0165828800,0.9990124000,-0.6504660000,1.4039610000,-0.7201245000,0.0359909100,0.0200976400,0.0165828800,0.9990124000,
278.0170000000,280490,-0.6499989000,1.4040060000,-0.7200835000,0.0358888100,0.0210281500,0.0162108700,0.9990030000,-0.6499989000,1.4040060000,-0.7200835000,0.0358888100,0.0210281500,0.0162108700,0.9990030000,-0.6499989000,1.4040060000,-0.7200835000,0.0358888100,0.0210281500,0.0162108700,0.9990030000,
278.0282000000,280501,-0.6495407000,1.4040720000,-0.7200403000,0.0359006500,0.0219092800,0.0158982000,0.9989887000,-0.6495407000,1.4040720000,-0.7200403000,0.0359006500,0.0219092800,0.0158982000,0.9989887000,-0.6495407000,1.4040720000,-0.7200403000,0.0359006500,0.0219092800,0.0158982000,0.9989887000,
278.0393000000,280512,-0.6492043000,1.4040950000,-0.7200470000,0.0358680100,0.0228228700,0.0154030500,0.9989772000,-0.6492043000,1.4040950000,-0.7200470000,0.0358680100,0.0228228700,0.0154030500,0.9989772000,-0.6492043000,1.4040950000,-0.7200470000,0.0358680100,0.0228228700,0.0154030500,0.9989772000,
278.0506000000,280523,-0.6488395000,1.4041840000,-0.7200205000,0.0359424100,0.0237746200,0.0147310500,0.9989625000,-0.6488395000,1.4041840000,-0.7200205000,0.0359424100,0.0237746200,0.0147310500,0.9989625000,-0.6488395000,1.4041840000,-0.7200205000,0.0359424100,0.0237746200,0.0147310500,0.9989625000,
278.0616000000,280534,-0.6484566000,1.4042970000,-0.7198749000,0.0359872200,0.0245628700,0.0139508900,0.9989530000,-0.6484566000,1.4042970000,-0.7198749000,0.0359872200,0.0245628700,0.0139508900,0.9989530000,-0.6484566000,1.4042970000,-0.7198749000,0.0359872200,0.0245628700,0.0139508900,0.9989530000,
278.0726000000,280545,-0.6480796000,1.4043370000,-0.7198622000,0.0360310700,0.0255985700,0.0131119200,0.9989367000,-0.6480796000,1.4043370000,-0.7198622000,0.0360310700,0.0255985700,0.0131119200,0.9989367000,-0.6480796000,1.4043370000,-0.7198622000,0.0360310700,0.0255985700,0.0131119200,0.9989367000,
278.0839000000,280556,-0.6477184000,1.4043480000,-0.7198777000,0.0360048400,0.0266227500,0.0122534500,0.9989218000,-0.6477184000,1.4043480000,-0.7198777000,0.0360048400,0.0266227500,0.0122534500,0.9989218000,-0.6477184000,1.4043480000,-0.7198777000,0.0360048400,0.0266227500,0.0122534500,0.9989218000,
278.0949000000,280568,-0.6473384000,1.4043940000,-0.7198420000,0.0359684200,0.0276987500,0.0113576400,0.9989045000,-0.6473384000,1.4043940000,-0.7198420000,0.0359684200,0.0276987500,0.0113576400,0.9989045000,-0.6473384000,1.4043940000,-0.7198420000,0.0359684200,0.0276987500,0.0113576400,0.9989045000,
278.1060000000,280578,-0.6469302000,1.4043950000,-0.7198176000,0.0358708800,0.0287857600,0.0106989400,0.9988845000,-0.6469302000,1.4043950000,-0.7198176000,0.0358708800,0.0287857600,0.0106989400,0.9988845000,-0.6469302000,1.4043950000,-0.7198176000,0.0358708800,0.0287857600,0.0106989400,0.9988845000,
278.1172000000,280590,-0.6465697000,1.4044230000,-0.7197444000,0.0358705000,0.0299308600,0.0101833600,0.9988562000,-0.6465697000,1.4044230000,-0.7197444000,0.0358705000,0.0299308600,0.0101833600,0.9988562000,-0.6465697000,1.4044230000,-0.7197444000,0.0358705000,0.0299308600,0.0101833600,0.9988562000,
278.1282000000,280601,-0.6461513000,1.4044000000,-0.7197044000,0.0358895200,0.0310049500,0.0097689950,0.9988269000,-0.6461513000,1.4044000000,-0.7197044000,0.0358895200,0.0310049500,0.0097689950,0.9988269000,-0.6461513000,1.4044000000,-0.7197044000,0.0358895200,0.0310049500,0.0097689950,0.9988269000,
278.1393000000,280612,-0.6458030000,1.4043700000,-0.7196159000,0.0358116900,0.0321486100,0.0094998050,0.9987962000,-0.6458030000,1.4043700000,-0.7196159000,0.0358116900,0.0321486100,0.0094998050,0.9987962000,-0.6458030000,1.4043700000,-0.7196159000,0.0358116900,0.0321486100,0.0094998050,0.9987962000,
278.1504000000,280623,-0.6454225000,1.4043360000,-0.7196009000,0.0358402900,0.0331771600,0.0093855850,0.9987625000,-0.6454225000,1.4043360000,-0.7196009000,0.0358402900,0.0331771600,0.0093855850,0.9987625000,-0.6454225000,1.4043360000,-0.7196009000,0.0358402900,0.0331771600,0.0093855850,0.9987625000,
278.1615000000,280634,-0.6450682000,1.4042830000,-0.7195537000,0.0359701700,0.0342485000,0.0091126240,0.9987243000,-0.6450682000,1.4042830000,-0.7195537000,0.0359701700,0.0342485000,0.0091126240,0.9987243000,-0.6450682000,1.4042830000,-0.7195537000,0.0359701700,0.0342485000,0.0091126240,0.9987243000,
278.1726000000,280645,-0.6446857000,1.4042090000,-0.7194989000,0.0361425200,0.0351334300,0.0088655260,0.9986895000,-0.6446857000,1.4042090000,-0.7194989000,0.0361425200,0.0351334300,0.0088655260,0.9986895000,-0.6446857000,1.4042090000,-0.7194989000,0.0361425200,0.0351334300,0.0088655260,0.9986895000,
278.1838000000,280656,-0.6443667000,1.4041280000,-0.7194710000,0.0364038500,0.0362464000,0.0086032680,0.9986426000,-0.6443667000,1.4041280000,-0.7194710000,0.0364038500,0.0362464000,0.0086032680,0.9986426000,-0.6443667000,1.4041280000,-0.7194710000,0.0364038500,0.0362464000,0.0086032680,0.9986426000,
278.1949000000,280668,-0.6439910000,1.4039930000,-0.7194703000,0.0368012200,0.0371192200,0.0083596400,0.9985980000,-0.6439910000,1.4039930000,-0.7194703000,0.0368012200,0.0371192200,0.0083596400,0.9985980000,-0.6439910000,1.4039930000,-0.7194703000,0.0368012200,0.0371192200,0.0083596400,0.9985980000,
278.2060000000,280678,-0.6436684000,1.4038900000,-0.7194595000,0.0371870800,0.0380205100,0.0080036960,0.9985527000,-0.6436684000,1.4038900000,-0.7194595000,0.0371870800,0.0380205100,0.0080036960,0.9985527000,-0.6436684000,1.4038900000,-0.7194595000,0.0371870800,0.0380205100,0.0080036960,0.9985527000,
278.2191000000,280690,-0.6433737000,1.4037750000,-0.7194595000,0.0376832800,0.0389191000,0.0077738990,0.9985013000,-0.6433737000,1.4037750000,-0.7194595000,0.0376832800,0.0389191000,0.0077738990,0.9985013000,-0.6433737000,1.4037750000,-0.7194595000,0.0376832800,0.0389191000,0.0077738990,0.9985013000,
278.2281000000,280703,-0.6430652000,1.4036640000,-0.7194781000,0.0381541500,0.0396848200,0.0074474540,0.9984558000,-0.6430652000,1.4036640000,-0.7194781000,0.0381541500,0.0396848200,0.0074474540,0.9984558000,-0.6430652000,1.4036640000,-0.7194781000,0.0381541500,0.0396848200,0.0074474540,0.9984558000,
278.2393000000,280712,-0.6428392000,1.4035000000,-0.7194493000,0.0385929400,0.0403634900,0.0071290730,0.9984140000,-0.6428392000,1.4035000000,-0.7194493000,0.0385929400,0.0403634900,0.0071290730,0.9984140000,-0.6428392000,1.4035000000,-0.7194493000,0.0385929400,0.0403634900,0.0071290730,0.9984140000,
278.2507000000,280723,-0.6425700000,1.4034240000,-0.7194293000,0.0390070500,0.0410960800,0.0068204630,0.9983702000,-0.6425700000,1.4034240000,-0.7194293000,0.0390070500,0.0410960800,0.0068204630,0.9983702000,-0.6425700000,1.4034240000,-0.7194293000,0.0390070500,0.0410960800,0.0068204630,0.9983702000,
278.2616000000,280735,-0.6424053000,1.4033270000,-0.7193804000,0.0392793500,0.0417169600,0.0065871220,0.9983354000,-0.6424053000,1.4033270000,-0.7193804000,0.0392793500,0.0417169600,0.0065871220,0.9983354000,-0.6424053000,1.4033270000,-0.7193804000,0.0392793500,0.0417169600,0.0065871220,0.9983354000,
278.2732000000,280746,-0.6421933000,1.4032660000,-0.7193875000,0.0394244300,0.0421991600,0.0062456510,0.9983115000,-0.6421933000,1.4032660000,-0.7193875000,0.0394244300,0.0421991600,0.0062456510,0.9983115000,-0.6421933000,1.4032660000,-0.7193875000,0.0394244300,0.0421991600,0.0062456510,0.9983115000,
278.2845000000,280757,-0.6420195000,1.4032020000,-0.7193923000,0.0396249100,0.0427169900,0.0059356430,0.9982835000,-0.6420195000,1.4032020000,-0.7193923000,0.0396249100,0.0427169900,0.0059356430,0.9982835000,-0.6420195000,1.4032020000,-0.7193923000,0.0396249100,0.0427169900,0.0059356430,0.9982835000,
278.2955000000,280768,-0.6418664000,1.4031870000,-0.7193918000,0.0396881700,0.0431975600,0.0055910610,0.9982623000,-0.6418664000,1.4031870000,-0.7193918000,0.0396881700,0.0431975600,0.0055910610,0.9982623000,-0.6418664000,1.4031870000,-0.7193918000,0.0396881700,0.0431975600,0.0055910610,0.9982623000,
278.3068000000,280779,-0.6417043000,1.4031810000,-0.7193778000,0.0397104400,0.0436581800,0.0052280600,0.9982433000,-0.6417043000,1.4031810000,-0.7193778000,0.0397104400,0.0436581800,0.0052280600,0.9982433000,-0.6417043000,1.4031810000,-0.7193778000,0.0397104400,0.0436581800,0.0052280600,0.9982433000,
278.3181000000,280791,-0.6415808000,1.4031530000,-0.7193675000,0.0395828600,0.0441129000,0.0048602940,0.9982303000,-0.6415808000,1.4031530000,-0.7193675000,0.0395828600,0.0441129000,0.0048602940,0.9982303000,-0.6415808000,1.4031530000,-0.7193675000,0.0395828600,0.0441129000,0.0048602940,0.9982303000,
278.3301000000,280802,-0.6414917000,1.4031030000,-0.7193997000,0.0395316700,0.0445290000,0.0045575600,0.9982153000,-0.6414917000,1.4031030000,-0.7193997000,0.0395316700,0.0445290000,0.0045575600,0.9982153000,-0.6414917000,1.4031030000,-0.7193997000,0.0395316700,0.0445290000,0.0045575600,0.9982153000,
278.3405000000,280814,-0.6413972000,1.4031320000,-0.7193828000,0.0393593100,0.0449751100,0.0042584650,0.9982034000,-0.6413972000,1.4031320000,-0.7193828000,0.0393593100,0.0449751100,0.0042584650,0.9982034000,-0.6413972000,1.4031320000,-0.7193828000,0.0393593100,0.0449751100,0.0042584650,0.9982034000,
278.3592000000,280837,-0.6413457000,1.4032240000,-0.7194059000,0.0391658800,0.0451233800,0.0042051780,0.9982045000,-0.6413457000,1.4032240000,-0.7194059000,0.0391658800,0.0451233800,0.0042051780,0.9982045000,-0.6413457000,1.4032240000,-0.7194059000,0.0391658800,0.0451233800,0.0042051780,0.9982045000,
278.3647000000,280843,-0.6412585000,1.4032470000,-0.7194116000,0.0390423700,0.0455240300,0.0040767030,0.9981917000,-0.6412585000,1.4032470000,-0.7194116000,0.0390423700,0.0455240300,0.0040767030,0.9981917000,-0.6412585000,1.4032470000,-0.7194116000,0.0390423700,0.0455240300,0.0040767030,0.9981917000,
278.3730000000,280843,-0.6411624000,1.4032990000,-0.7194271000,0.0389192600,0.0457999400,0.0040389690,0.9981840000,-0.6411624000,1.4032990000,-0.7194271000,0.0389192600,0.0457999400,0.0040389690,0.9981840000,-0.6411624000,1.4032990000,-0.7194271000,0.0389192600,0.0457999400,0.0040389690,0.9981840000,
278.3820000000,280857,-0.6410995000,1.4033630000,-0.7194376000,0.0388073700,0.0460835400,0.0041009210,0.9981751000,-0.6410995000,1.4033630000,-0.7194376000,0.0388073700,0.0460835400,0.0041009210,0.9981751000,-0.6410995000,1.4033630000,-0.7194376000,0.0388073700,0.0460835400,0.0041009210,0.9981751000,
278.3931000000,280866,-0.6410730000,1.4034100000,-0.7194290000,0.0384302400,0.0463657900,0.0042666970,0.9981759000,-0.6410730000,1.4034100000,-0.7194290000,0.0384302400,0.0463657900,0.0042666970,0.9981759000,-0.6410730000,1.4034100000,-0.7194290000,0.0384302400,0.0463657900,0.0042666970,0.9981759000,
278.4043000000,280877,-0.6410396000,1.4034750000,-0.7194495000,0.0381017100,0.0466346700,0.0043881470,0.9981754000,-0.6410396000,1.4034750000,-0.7194495000,0.0381017100,0.0466346700,0.0043881470,0.9981754000,-0.6410396000,1.4034750000,-0.7194495000,0.0381017100,0.0466346700,0.0043881470,0.9981754000,
278.4160000000,280888,-0.6410346000,1.4035800000,-0.7194471000,0.0377057200,0.0468263600,0.0045983480,0.9981806000,-0.6410346000,1.4035800000,-0.7194471000,0.0377057200,0.0468263600,0.0045983480,0.9981806000,-0.6410346000,1.4035800000,-0.7194471000,0.0377057200,0.0468263600,0.0045983480,0.9981806000,
278.4262000000,280900,-0.6410325000,1.4036650000,-0.7194605000,0.0372465600,0.0469700700,0.0046942890,0.9981906000,-0.6410325000,1.4036650000,-0.7194605000,0.0372465600,0.0469700700,0.0046942890,0.9981906000,-0.6410325000,1.4036650000,-0.7194605000,0.0372465600,0.0469700700,0.0046942890,0.9981906000,
278.4376000000,280910,-0.6411049000,1.4037850000,-0.7194262000,0.0368124700,0.0470781800,0.0048565260,0.9982008000,-0.6411049000,1.4037850000,-0.7194262000,0.0368124700,0.0470781800,0.0048565260,0.9982008000,-0.6411049000,1.4037850000,-0.7194262000,0.0368124700,0.0470781800,0.0048565260,0.9982008000,
278.4488000000,280921,-0.6411655000,1.4038910000,-0.7194660000,0.0364432300,0.0471635800,0.0049621920,0.9982098000,-0.6411655000,1.4038910000,-0.7194660000,0.0364432300,0.0471635800,0.0049621920,0.9982098000,-0.6411655000,1.4038910000,-0.7194660000,0.0364432300,0.0471635800,0.0049621920,0.9982098000,
278.4597000000,280933,-0.6411521000,1.4039710000,-0.7194555000,0.0361269000,0.0471777600,0.0051286370,0.9982198000,-0.6411521000,1.4039710000,-0.7194555000,0.0361269000,0.0471777600,0.0051286370,0.9982198000,-0.6411521000,1.4039710000,-0.7194555000,0.0361269000,0.0471777600,0.0051286370,0.9982198000,
278.4708000000,280943,-0.6411705000,1.4040260000,-0.7194767000,0.0359289000,0.0472895600,0.0052738110,0.9982209000,-0.6411705000,1.4040260000,-0.7194767000,0.0359289000,0.0472895600,0.0052738110,0.9982209000,-0.6411705000,1.4040260000,-0.7194767000,0.0359289000,0.0472895600,0.0052738110,0.9982209000,
278.5164000000,280955,-0.6412032000,1.4040560000,-0.7194412000,0.0357550200,0.0474782600,0.0053952910,0.9982176000,-0.6412032000,1.4040560000,-0.7194412000,0.0357550200,0.0474782600,0.0053952910,0.9982176000,-0.6412032000,1.4040560000,-0.7194412000,0.0357550200,0.0474782600,0.0053952910,0.9982176000,
278.5229000000,281001,-0.6412230000,1.4041070000,-0.7194555000,0.0355546400,0.0476366500,0.0055071310,0.9982166000,-0.6412230000,1.4041070000,-0.7194555000,0.0355546400,0.0476366500,0.0055071310,0.9982166000,-0.6412230000,1.4041070000,-0.7194555000,0.0355546400,0.0476366500,0.0055071310,0.9982166000,
278.5428000000,281001,-0.6412981000,1.4043250000,-0.7195485000,0.0345820200,0.0483044000,0.0059912390,0.9982159000,-0.6412981000,1.4043250000,-0.7195485000,0.0345820200,0.0483044000,0.0059912390,0.9982159000,-0.6412981000,1.4043250000,-0.7195485000,0.0345820200,0.0483044000,0.0059912390,0.9982159000,
278.5491000000,281026,-0.6413786000,1.4043610000,-0.7195888000,0.0343957800,0.0484089300,0.0060529910,0.9982169000,-0.6413786000,1.4043610000,-0.7195888000,0.0343957800,0.0484089300,0.0060529910,0.9982169000,-0.6413786000,1.4043610000,-0.7195888000,0.0343957800,0.0484089300,0.0060529910,0.9982169000,
278.5602000000,281026,-0.6413751000,1.4043570000,-0.7196119000,0.0344717800,0.0483893300,0.0060802620,0.9982150000,-0.6413751000,1.4043570000,-0.7196119000,0.0344717800,0.0483893300,0.0060802620,0.9982150000,-0.6413751000,1.4043570000,-0.7196119000,0.0344717800,0.0483893300,0.0060802620,0.9982150000,
278.5711000000,281044,-0.6414707000,1.4044030000,-0.7196071000,0.0344475200,0.0485019800,0.0063327330,0.9982088000,-0.6414707000,1.4044030000,-0.7196071000,0.0344475200,0.0485019800,0.0063327330,0.9982088000,-0.6414707000,1.4044030000,-0.7196071000,0.0344475200,0.0485019800,0.0063327330,0.9982088000,
278.5819000000,281055,-0.6415069000,1.4044090000,-0.7196405000,0.0342154700,0.0486272200,0.0064273580,0.9982101000,-0.6415069000,1.4044090000,-0.7196405000,0.0342154700,0.0486272200,0.0064273580,0.9982101000,-0.6415069000,1.4044090000,-0.7196405000,0.0342154700,0.0486272200,0.0064273580,0.9982101000,
278.5933000000,281066,-0.6415498000,1.4044300000,-0.7196622000,0.0340766900,0.0486991200,0.0065886800,0.9982103000,-0.6415498000,1.4044300000,-0.7196622000,0.0340766900,0.0486991200,0.0065886800,0.9982103000,-0.6415498000,1.4044300000,-0.7196622000,0.0340766900,0.0486991200,0.0065886800,0.9982103000,
278.6041000000,281077,-0.6415761000,1.4044570000,-0.7197237000,0.0339040400,0.0487878700,0.0067970090,0.9982104000,-0.6415761000,1.4044570000,-0.7197237000,0.0339040400,0.0487878700,0.0067970090,0.9982104000,-0.6415761000,1.4044570000,-0.7197237000,0.0339040400,0.0487878700,0.0067970090,0.9982104000,
278.6160000000,281088,-0.6416237000,1.4044790000,-0.7197430000,0.0335932200,0.0488814000,0.0068359990,0.9982162000,-0.6416237000,1.4044790000,-0.7197430000,0.0335932200,0.0488814000,0.0068359990,0.9982162000,-0.6416237000,1.4044790000,-0.7197430000,0.0335932200,0.0488814000,0.0068359990,0.9982162000,
278.6263000000,281100,-0.6416426000,1.4045320000,-0.7197850000,0.0334672300,0.0490271000,0.0069327960,0.9982125000,-0.6416426000,1.4045320000,-0.7197850000,0.0334672300,0.0490271000,0.0069327960,0.9982125000,-0.6416426000,1.4045320000,-0.7197850000,0.0334672300,0.0490271000,0.0069327960,0.9982125000,
278.6377000000,281110,-0.6416469000,1.4045730000,-0.7198122000,0.0331582700,0.0491795800,0.0070159240,0.9982148000,-0.6416469000,1.4045730000,-0.7198122000,0.0331582700,0.0491795800,0.0070159240,0.9982148000,-0.6416469000,1.4045730000,-0.7198122000,0.0331582700,0.0491795800,0.0070159240,0.9982148000,
278.6487000000,281126,-0.6416476000,1.4046300000,-0.7198584000,0.0328865700,0.0492734200,0.0070796240,0.9982187000,-0.6416476000,1.4046300000,-0.7198584000,0.0328865700,0.0492734200,0.0070796240,0.9982187000,-0.6416476000,1.4046300000,-0.7198584000,0.0328865700,0.0492734200,0.0070796240,0.9982187000,
278.6600000000,281132,-0.6416082000,1.4046850000,-0.7199202000,0.0325633700,0.0493933300,0.0071260160,0.9982230000,-0.6416082000,1.4046850000,-0.7199202000,0.0325633700,0.0493933300,0.0071260160,0.9982230000,-0.6416082000,1.4046850000,-0.7199202000,0.0325633700,0.0493933300,0.0071260160,0.9982230000,
278.6706000000,281144,-0.6415889000,1.4047190000,-0.7199864000,0.0323035900,0.0495425600,0.0071764110,0.9982237000,-0.6415889000,1.4047190000,-0.7199864000,0.0323035900,0.0495425600,0.0071764110,0.9982237000,-0.6415889000,1.4047190000,-0.7199864000,0.0323035900,0.0495425600,0.0071764110,0.9982237000,
278.6819000000,281154,-0.6415749000,1.4047760000,-0.7200456000,0.0319738400,0.0497123900,0.0072727050,0.9982252000,-0.6415749000,1.4047760000,-0.7200456000,0.0319738400,0.0497123900,0.0072727050,0.9982252000,-0.6415749000,1.4047760000,-0.7200456000,0.0319738400,0.0497123900,0.0072727050,0.9982252000,
278.6931000000,281166,-0.6415298000,1.4048350000,-0.7200215000,0.0317092100,0.0498482800,0.0073792270,0.9982260000,-0.6415298000,1.4048350000,-0.7200215000,0.0317092100,0.0498482800,0.0073792270,0.9982260000,-0.6415298000,1.4048350000,-0.7200215000,0.0317092100,0.0498482800,0.0073792270,0.9982260000,
278.7040000000,281177,-0.6415212000,1.4048960000,-0.7200775000,0.0314094200,0.0500497500,0.0075790990,0.9982240000,-0.6415212000,1.4048960000,-0.7200775000,0.0314094200,0.0500497500,0.0075790990,0.9982240000,-0.6415212000,1.4048960000,-0.7200775000,0.0314094200,0.0500497500,0.0075790990,0.9982240000,
278.7155000000,281188,-0.6415145000,1.4048900000,-0.7200859000,0.0310739100,0.0500899600,0.0076493110,0.9982319000,-0.6415145000,1.4048900000,-0.7200859000,0.0310739100,0.0500899600,0.0076493110,0.9982319000,-0.6415145000,1.4048900000,-0.7200859000,0.0310739100,0.0500899600,0.0076493110,0.9982319000,
278.7261000000,281199,-0.6414831000,1.4049010000,-0.7201040000,0.0307358400,0.0502351100,0.0077047860,0.9982347000,-0.6414831000,1.4049010000,-0.7201040000,0.0307358400,0.0502351100,0.0077047860,0.9982347000,-0.6414831000,1.4049010000,-0.7201040000,0.0307358400,0.0502351100,0.0077047860,0.9982347000,
278.7676000000,281230,-0.6414957000,1.4049650000,-0.7200618000,0.0304839000,0.0503859500,0.0078685030,0.9982335000,-0.6414957000,1.4049650000,-0.7200618000,0.0304839000,0.0503859500,0.0078685030,0.9982335000,-0.6414957000,1.4049650000,-0.7200618000,0.0304839000,0.0503859500,0.0078685030,0.9982335000,
278.7736000000,281252,-0.6414502000,1.4052380000,-0.7201118000,0.0294670800,0.0508379700,0.0081439630,0.9982389000,-0.6414502000,1.4052380000,-0.7201118000,0.0294670800,0.0508379700,0.0081439630,0.9982389000,-0.6414502000,1.4052380000,-0.7201118000,0.0294670800,0.0508379700,0.0081439630,0.9982389000,
278.7817000000,281252,-0.6413751000,1.4054210000,-0.7201371000,0.0287391600,0.0511785000,0.0081012180,0.9982430000,-0.6413751000,1.4054210000,-0.7201371000,0.0287391600,0.0511785000,0.0081012180,0.9982430000,-0.6413751000,1.4054210000,-0.7201371000,0.0287391600,0.0511785000,0.0081012180,0.9982430000,
278.7928000000,281265,-0.6413901000,1.4054140000,-0.7201457000,0.0287006600,0.0512018400,0.0079201860,0.9982445000,-0.6413901000,1.4054140000,-0.7201457000,0.0287006600,0.0512018400,0.0079201860,0.9982445000,-0.6413901000,1.4054140000,-0.7201457000,0.0287006600,0.0512018400,0.0079201860,0.9982445000,
278.8040000000,281276,-0.6413670000,1.4055530000,-0.7201602000,0.0281735700,0.0515333300,0.0077328340,0.9982439000,-0.6413670000,1.4055530000,-0.7201602000,0.0281735700,0.0515333300,0.0077328340,0.9982439000,-0.6413670000,1.4055530000,-0.7201602000,0.0281735700,0.0515333300,0.0077328340,0.9982439000,
278.8151000000,281288,-0.6413295000,1.4057510000,-0.7201169000,0.0275099900,0.0519278800,0.0076105930,0.9982429000,-0.6413295000,1.4057510000,-0.7201169000,0.0275099900,0.0519278800,0.0076105930,0.9982429000,-0.6413295000,1.4057510000,-0.7201169000,0.0275099900,0.0519278800,0.0076105930,0.9982429000,
278.8261000000,281299,-0.6413169000,1.4059970000,-0.7201097000,0.0264743800,0.0523913700,0.0076477570,0.9982464000,-0.6413169000,1.4059970000,-0.7201097000,0.0264743800,0.0523913700,0.0076477570,0.9982464000,-0.6413169000,1.4059970000,-0.7201097000,0.0264743800,0.0523913700,0.0076477570,0.9982464000,
278.8375000000,281310,-0.6411912000,1.4063310000,-0.7201395000,0.0253599700,0.0530878000,0.0078080780,0.9982373000,-0.6411912000,1.4063310000,-0.7201395000,0.0253599700,0.0530878000,0.0078080780,0.9982373000,-0.6411912000,1.4063310000,-0.7201395000,0.0253599700,0.0530878000,0.0078080780,0.9982373000,
278.8487000000,281321,-0.6410298000,1.4066060000,-0.7201748000,0.0242531900,0.0538769100,0.0080928640,0.9982202000,-0.6410298000,1.4066060000,-0.7201748000,0.0242531900,0.0538769100,0.0080928640,0.9982202000,-0.6410298000,1.4066060000,-0.7201748000,0.0242531900,0.0538769100,0.0080928640,0.9982202000,
278.8594000000,281332,-0.6409113000,1.4068450000,-0.7202077000,0.0231443100,0.0545969400,0.0083839280,0.9982050000,-0.6409113000,1.4068450000,-0.7202077000,0.0231443100,0.0545969400,0.0083839280,0.9982050000,-0.6409113000,1.4068450000,-0.7202077000,0.0231443100,0.0545969400,0.0083839280,0.9982050000,
278.8709000000,281343,-0.6408143000,1.4070660000,-0.7202761000,0.0223419500,0.0553984600,0.0087112910,0.9981763000,-0.6408143000,1.4070660000,-0.7202761000,0.0223419500,0.0553984600,0.0087112910,0.9981763000,-0.6408143000,1.4070660000,-0.7202761000,0.0223419500,0.0553984600,0.0087112910,0.9981763000,
278.8818000000,281355,-0.6406865000,1.4072080000,-0.7203391000,0.0215382000,0.0562317600,0.0090080140,0.9981447000,-0.6406865000,1.4072080000,-0.7203391000,0.0215382000,0.0562317600,0.0090080140,0.9981447000,-0.6406865000,1.4072080000,-0.7203391000,0.0215382000,0.0562317600,0.0090080140,0.9981447000,
278.8928000000,281366,-0.6405678000,1.4072420000,-0.7204428000,0.0210959700,0.0570619500,0.0091065480,0.9981062000,-0.6405678000,1.4072420000,-0.7204428000,0.0210959700,0.0570619500,0.0091065480,0.9981062000,-0.6405678000,1.4072420000,-0.7204428000,0.0210959700,0.0570619500,0.0091065480,0.9981062000,
278.9040000000,281376,-0.6403866000,1.4072870000,-0.7204752000,0.0206516600,0.0578566900,0.0091065730,0.9980698000,-0.6403866000,1.4072870000,-0.7204752000,0.0206516600,0.0578566900,0.0091065730,0.9980698000,-0.6403866000,1.4072870000,-0.7204752000,0.0206516600,0.0578566900,0.0091065730,0.9980698000,
278.9157000000,281390,-0.6402271000,1.4073400000,-0.7205403000,0.0203272900,0.0586935100,0.0090415140,0.9980282000,-0.6402271000,1.4073400000,-0.7205403000,0.0203272900,0.0586935100,0.0090415140,0.9980282000,-0.6402271000,1.4073400000,-0.7205403000,0.0203272900,0.0586935100,0.0090415140,0.9980282000,
278.9268000000,281399,-0.6400907000,1.4073890000,-0.7206254000,0.0199370300,0.0594237800,0.0089225970,0.9979938000,-0.6400907000,1.4073890000,-0.7206254000,0.0199370300,0.0594237800,0.0089225970,0.9979938000,-0.6400907000,1.4073890000,-0.7206254000,0.0199370300,0.0594237800,0.0089225970,0.9979938000,
278.9372000000,281411,-0.6399281000,1.4074310000,-0.7206895000,0.0196179600,0.0601517100,0.0087306510,0.9979583000,-0.6399281000,1.4074310000,-0.7206895000,0.0196179600,0.0601517100,0.0087306510,0.9979583000,-0.6399281000,1.4074310000,-0.7206895000,0.0196179600,0.0601517100,0.0087306510,0.9979583000,
278.9484000000,281421,-0.6397536000,1.4075120000,-0.7207441000,0.0193468600,0.0608342500,0.0086984480,0.9979225000,-0.6397536000,1.4075120000,-0.7207441000,0.0193468600,0.0608342500,0.0086984480,0.9979225000,-0.6397536000,1.4075120000,-0.7207441000,0.0193468600,0.0608342500,0.0086984480,0.9979225000,
278.9594000000,281432,-0.6395674000,1.4075660000,-0.7207911000,0.0191295300,0.0615890200,0.0085094560,0.9978820000,-0.6395674000,1.4075660000,-0.7207911000,0.0191295300,0.0615890200,0.0085094560,0.9978820000,-0.6395674000,1.4075660000,-0.7207911000,0.0191295300,0.0615890200,0.0085094560,0.9978820000,
278.9705000000,281443,-0.6393440000,1.4075980000,-0.7207899000,0.0189739300,0.0624267900,0.0084111710,0.9978337000,-0.6393440000,1.4075980000,-0.7207899000,0.0189739300,0.0624267900,0.0084111710,0.9978337000,-0.6393440000,1.4075980000,-0.7207899000,0.0189739300,0.0624267900,0.0084111710,0.9978337000,
278.9817000000,281454,-0.6391220000,1.4076130000,-0.7208099000,0.0189982500,0.0633104000,0.0082163630,0.9977793000,-0.6391220000,1.4076130000,-0.7208099000,0.0189982500,0.0633104000,0.0082163630,0.9977793000,-0.6391220000,1.4076130000,-0.7208099000,0.0189982500,0.0633104000,0.0082163630,0.9977793000,
278.9927000000,281466,-0.6388810000,1.4076380000,-0.7208309000,0.0190337800,0.0641941100,0.0080552050,0.9977234000,-0.6388810000,1.4076380000,-0.7208309000,0.0190337800,0.0641941100,0.0080552050,0.9977234000,-0.6388810000,1.4076380000,-0.7208309000,0.0190337800,0.0641941100,0.0080552050,0.9977234000,
279.0041000000,281476,-0.6385853000,1.4076060000,-0.7208519000,0.0190743100,0.0652389100,0.0078174130,0.9976568000,-0.6385853000,1.4076060000,-0.7208519000,0.0190743100,0.0652389100,0.0078174130,0.9976568000,-0.6385853000,1.4076060000,-0.7208519000,0.0190743100,0.0652389100,0.0078174130,0.9976568000,
279.0156000000,281488,-0.6382887000,1.4075240000,-0.7208619000,0.0191108000,0.0663661400,0.0074899380,0.9975842000,-0.6382887000,1.4075240000,-0.7208619000,0.0191108000,0.0663661400,0.0074899380,0.9975842000,-0.6382887000,1.4075240000,-0.7208619000,0.0191108000,0.0663661400,0.0074899380,0.9975842000,
279.0268000000,281499,-0.6379931000,1.4074980000,-0.7208693000,0.0193832500,0.0675632800,0.0070797540,0.9975016000,-0.6379931000,1.4074980000,-0.7208693000,0.0193832500,0.0675632800,0.0070797540,0.9975016000,-0.6379931000,1.4074980000,-0.7208693000,0.0193832500,0.0675632800,0.0070797540,0.9975016000,
279.0385000000,281511,-0.6376557000,1.4073620000,-0.7208626000,0.0196644100,0.0690676300,0.0063334610,0.9973980000,-0.6376557000,1.4073620000,-0.7208626000,0.0196644100,0.0690676300,0.0063334610,0.9973980000,-0.6376557000,1.4073620000,-0.7208626000,0.0196644100,0.0690676300,0.0063334610,0.9973980000,
279.0500000000,281522,-0.6372306000,1.4072630000,-0.7208965000,0.0201105900,0.0708277300,0.0056143700,0.9972700000,-0.6372306000,1.4072630000,-0.7208965000,0.0201105900,0.0708277300,0.0056143700,0.9972700000,-0.6372306000,1.4072630000,-0.7208965000,0.0201105900,0.0708277300,0.0056143700,0.9972700000,
279.0615000000,281534,-0.6367526000,1.4071380000,-0.7208793000,0.0206013700,0.0728092000,0.0047894260,0.9971216000,-0.6367526000,1.4071380000,-0.7208793000,0.0206013700,0.0728092000,0.0047894260,0.9971216000,-0.6367526000,1.4071380000,-0.7208793000,0.0206013700,0.0728092000,0.0047894260,0.9971216000,
279.0741000000,281545,-0.6361225000,1.4069830000,-0.7208021000,0.0213578800,0.0754101900,0.0037560460,0.9969168000,-0.6361225000,1.4069830000,-0.7208021000,0.0213578800,0.0754101900,0.0037560460,0.9969168000,-0.6361225000,1.4069830000,-0.7208021000,0.0213578800,0.0754101900,0.0037560460,0.9969168000,
279.0843000000,281558,-0.6354632000,1.4068080000,-0.7207317000,0.0220939500,0.0782065100,0.0029030630,0.9966881000,-0.6354632000,1.4068080000,-0.7207317000,0.0220939500,0.0782065100,0.0029030630,0.9966881000,-0.6354632000,1.4068080000,-0.7207317000,0.0220939500,0.0782065100,0.0029030630,0.9966881000,
279.0949000000,281569,-0.6347461000,1.4066040000,-0.7206748000,0.0230282500,0.0815391900,0.0020165250,0.9964020000,-0.6347461000,1.4066040000,-0.7206748000,0.0230282500,0.0815391900,0.0020165250,0.9964020000,-0.6347461000,1.4066040000,-0.7206748000,0.0230282500,0.0815391900,0.0020165250,0.9964020000,
279.1060000000,281579,-0.6338642000,1.4063240000,-0.7205632000,0.0239772300,0.0853464600,0.0010854890,0.9960622000,-0.6338642000,1.4063240000,-0.7205632000,0.0239772300,0.0853464600,0.0010854890,0.9960622000,-0.6338642000,1.4063240000,-0.7205632000,0.0239772300,0.0853464600,0.0010854890,0.9960622000,
279.1173000000,281591,-0.6328597000,1.4060240000,-0.7204912000,0.0253170000,0.0900860700,0.0001877758,0.9956121000,-0.6328597000,1.4060240000,-0.7204912000,0.0253170000,0.0900860700,0.0001877758,0.9956121000,-0.6328597000,1.4060240000,-0.7204912000,0.0253170000,0.0900860700,0.0001877758,0.9956121000,
279.1281000000,281602,-0.6317756000,1.4056610000,-0.7203629000,0.0271333400,0.0950652000,-0.0005706158,0.9951010000,-0.6317756000,1.4056610000,-0.7203629000,0.0271333400,0.0950652000,-0.0005706158,0.9951010000,-0.6317756000,1.4056610000,-0.7203629000,0.0271333400,0.0950652000,-0.0005706158,0.9951010000,
279.1396000000,281612,-0.6306162000,1.4051780000,-0.7203126000,0.0291764100,0.1009313000,-0.0013787730,0.9944646000,-0.6306162000,1.4051780000,-0.7203126000,0.0291764100,0.1009313000,-0.0013787730,0.9944646000,-0.6306162000,1.4051780000,-0.7203126000,0.0291764100,0.1009313000,-0.0013787730,0.9944646000,
279.1514000000,281623,-0.6293697000,1.4046250000,-0.7202280000,0.0315478600,0.1069995000,-0.0020432880,0.9937564000,-0.6293697000,1.4046250000,-0.7202280000,0.0315478600,0.1069995000,-0.0020432880,0.9937564000,-0.6293697000,1.4046250000,-0.7202280000,0.0315478600,0.1069995000,-0.0020432880,0.9937564000,
279.1624000000,281635,-0.6281123000,1.4039820000,-0.7200634000,0.0341935800,0.1129610000,-0.0028992120,0.9930066000,-0.6281123000,1.4039820000,-0.7200634000,0.0341935800,0.1129610000,-0.0028992120,0.9930066000,-0.6281123000,1.4039820000,-0.7200634000,0.0341935800,0.1129610000,-0.0028992120,0.9930066000,
279.1737000000,281647,-0.6267998000,1.4033400000,-0.7200012000,0.0370272100,0.1191184000,-0.0036492400,0.9921827000,-0.6267998000,1.4033400000,-0.7200012000,0.0370272100,0.1191184000,-0.0036492400,0.9921827000,-0.6267998000,1.4033400000,-0.7200012000,0.0370272100,0.1191184000,-0.0036492400,0.9921827000,
279.1849000000,281657,-0.6254587000,1.4027160000,-0.7199438000,0.0399200900,0.1252439000,-0.0045548050,0.9913121000,-0.6254587000,1.4027160000,-0.7199438000,0.0399200900,0.1252439000,-0.0045548050,0.9913121000,-0.6254587000,1.4027160000,-0.7199438000,0.0399200900,0.1252439000,-0.0045548050,0.9913121000,
279.1959000000,281669,-0.6241090000,1.4020940000,-0.7198865000,0.0426018200,0.1312839000,-0.0055842420,0.9904133000,-0.6241090000,1.4020940000,-0.7198865000,0.0426018200,0.1312839000,-0.0055842420,0.9904133000,-0.6241090000,1.4020940000,-0.7198865000,0.0426018200,0.1312839000,-0.0055842420,0.9904133000,
279.2078000000,281680,-0.6227598000,1.4014360000,-0.7198133000,0.0455288900,0.1373056000,-0.0066242790,0.9894597000,-0.6227598000,1.4014360000,-0.7198133000,0.0455288900,0.1373056000,-0.0066242790,0.9894597000,-0.6227598000,1.4014360000,-0.7198133000,0.0455288900,0.1373056000,-0.0066242790,0.9894597000,
279.2191000000,281692,-0.6214802000,1.4008380000,-0.7197452000,0.0483631200,0.1432287000,-0.0077759940,0.9884766000,-0.6214802000,1.4008380000,-0.7197452000,0.0483631200,0.1432287000,-0.0077759940,0.9884766000,-0.6214802000,1.4008380000,-0.7197452000,0.0483631200,0.1432287000,-0.0077759940,0.9884766000,
279.2303000000,281703,-0.6201029000,1.4001940000,-0.7197368000,0.0511937500,0.1490847000,-0.0089828360,0.9874575000,-0.6201029000,1.4001940000,-0.7197368000,0.0511937500,0.1490847000,-0.0089828360,0.9874575000,-0.6201029000,1.4001940000,-0.7197368000,0.0511937500,0.1490847000,-0.0089828360,0.9874575000,
279.2418000000,281715,-0.6187475000,1.3995500000,-0.7196481000,0.0540239100,0.1547954000,-0.0102640200,0.9864150000,-0.6187475000,1.3995500000,-0.7196481000,0.0540239100,0.1547954000,-0.0102640200,0.9864150000,-0.6187475000,1.3995500000,-0.7196481000,0.0540239100,0.1547954000,-0.0102640200,0.9864150000,
279.2523000000,281726,-0.6174362000,1.3988990000,-0.7195895000,0.0566186900,0.1604856000,-0.0115070200,0.9853458000,-0.6174362000,1.3988990000,-0.7195895000,0.0566186900,0.1604856000,-0.0115070200,0.9853458000,-0.6174362000,1.3988990000,-0.7195895000,0.0566186900,0.1604856000,-0.0115070200,0.9853458000,
279.2632000000,281736,-0.6161561000,1.3983260000,-0.7195315000,0.0592816400,0.1659055000,-0.0127937500,0.9842750000,-0.6161561000,1.3983260000,-0.7195315000,0.0592816400,0.1659055000,-0.0127937500,0.9842750000,-0.6161561000,1.3983260000,-0.7195315000,0.0592816400,0.1659055000,-0.0127937500,0.9842750000,
279.2746000000,281748,-0.6148140000,1.3977390000,-0.7194886000,0.0618578600,0.1711139000,-0.0140194700,0.9832076000,-0.6148140000,1.3977390000,-0.7194886000,0.0618578600,0.1711139000,-0.0140194700,0.9832076000,-0.6148140000,1.3977390000,-0.7194886000,0.0618578600,0.1711139000,-0.0140194700,0.9832076000,
279.2854000000,281758,-0.6136744000,1.3972460000,-0.7194421000,0.0642483900,0.1761424000,-0.0150826300,0.9821500000,-0.6136744000,1.3972460000,-0.7194421000,0.0642483900,0.1761424000,-0.0150826300,0.9821500000,-0.6136744000,1.3972460000,-0.7194421000,0.0642483900,0.1761424000,-0.0150826300,0.9821500000,
279.2964000000,281770,-0.6124065000,1.3967370000,-0.7193451000,0.0664250700,0.1808611000,-0.0161664800,0.9811298000,-0.6124065000,1.3967370000,-0.7193451000,0.0664250700,0.1808611000,-0.0161664800,0.9811298000,-0.6124065000,1.3967370000,-0.7193451000,0.0664250700,0.1808611000,-0.0161664800,0.9811298000,
279.3076000000,281781,-0.6111941000,1.3962360000,-0.7192407000,0.0684710200,0.1853913000,-0.0171720300,0.9801260000,-0.6111941000,1.3962360000,-0.7192407000,0.0684710200,0.1853913000,-0.0171720300,0.9801260000,-0.6111941000,1.3962360000,-0.7192407000,0.0684710200,0.1853913000,-0.0171720300,0.9801260000,
279.3186000000,281792,-0.6099658000,1.3957540000,-0.7190661000,0.0704639000,0.1896373000,-0.0180801500,0.9791556000,-0.6099658000,1.3957540000,-0.7190661000,0.0704639000,0.1896373000,-0.0180801500,0.9791556000,-0.6099658000,1.3957540000,-0.7190661000,0.0704639000,0.1896373000,-0.0180801500,0.9791556000,
279.3299000000,281802,-0.6087375000,1.3954550000,-0.7188108000,0.0722469600,0.1935483000,-0.0187834000,0.9782467000,-0.6087375000,1.3954550000,-0.7188108000,0.0722469600,0.1935483000,-0.0187834000,0.9782467000,-0.6087375000,1.3954550000,-0.7188108000,0.0722469600,0.1935483000,-0.0187834000,0.9782467000,
279.3409000000,281815,-0.6075957000,1.3950500000,-0.7186546000,0.0740497000,0.1974486000,-0.0194807900,0.9773184000,-0.6075957000,1.3950500000,-0.7186546000,0.0740497000,0.1974486000,-0.0194807900,0.9773184000,-0.6075957000,1.3950500000,-0.7186546000,0.0740497000,0.1974486000,-0.0194807900,0.9773184000,
279.3523000000,281825,-0.6064520000,1.3946470000,-0.7184405000,0.0757448000,0.2010372000,-0.0200311900,0.9764454000,-0.6064520000,1.3946470000,-0.7184405000,0.0757448000,0.2010372000,-0.0200311900,0.9764454000,-0.6064520000,1.3946470000,-0.7184405000,0.0757448000,0.2010372000,-0.0200311900,0.9764454000,
279.3631000000,281836,-0.6053627000,1.3942750000,-0.7182529000,0.0773082700,0.2046522000,-0.0205241700,0.9755613000,-0.6053627000,1.3942750000,-0.7182529000,0.0773082700,0.2046522000,-0.0205241700,0.9755613000,-0.6053627000,1.3942750000,-0.7182529000,0.0773082700,0.2046522000,-0.0205241700,0.9755613000,
279.3745000000,281847,-0.6042497000,1.3938880000,-0.7180314000,0.0788580300,0.2078208000,-0.0207856600,0.9747615000,-0.6042497000,1.3938880000,-0.7180314000,0.0788580300,0.2078208000,-0.0207856600,0.9747615000,-0.6042497000,1.3938880000,-0.7180314000,0.0788580300,0.2078208000,-0.0207856600,0.9747615000,
279.3853000000,281858,-0.6032422000,1.3935100000,-0.7177987000,0.0804635000,0.2109222000,-0.0210921100,0.9739572000,-0.6032422000,1.3935100000,-0.7177987000,0.0804635000,0.2109222000,-0.0210921100,0.9739572000,-0.6032422000,1.3935100000,-0.7177987000,0.0804635000,0.2109222000,-0.0210921100,0.9739572000,
279.3965000000,281870,-0.6022339000,1.3931120000,-0.7175996000,0.0821088900,0.2137567000,-0.0214694700,0.9731933000,-0.6022339000,1.3931120000,-0.7175996000,0.0821088900,0.2137567000,-0.0214694700,0.9731933000,-0.6022339000,1.3931120000,-0.7175996000,0.0821088900,0.2137567000,-0.0214694700,0.9731933000,
279.4073000000,281880,-0.6012475000,1.3926720000,-0.7173674000,0.0837185700,0.2165457000,-0.0219794900,0.9724280000,-0.6012475000,1.3926720000,-0.7173674000,0.0837185700,0.2165457000,-0.0219794900,0.9724280000,-0.6012475000,1.3926720000,-0.7173674000,0.0837185700,0.2165457000,-0.0219794900,0.9724280000,
279.4186000000,281892,-0.6002905000,1.3922330000,-0.7171488000,0.0853708700,0.2189391000,-0.0224827000,0.9717366000,-0.6002905000,1.3922330000,-0.7171488000,0.0853708700,0.2189391000,-0.0224827000,0.9717366000,-0.6002905000,1.3922330000,-0.7171488000,0.0853708700,0.2189391000,-0.0224827000,0.9717366000,
279.4295000000,281902,-0.5994370000,1.3917910000,-0.7168789000,0.0870484700,0.2210971000,-0.0231864200,0.9710824000,-0.5994370000,1.3917910000,-0.7168789000,0.0870484700,0.2210971000,-0.0231864200,0.9710824000,-0.5994370000,1.3917910000,-0.7168789000,0.0870484700,0.2210971000,-0.0231864200,0.9710824000,
279.4403000000,281914,-0.5985308000,1.3913490000,-0.7166121000,0.0888062200,0.2231805000,-0.0238372300,0.9704307000,-0.5985308000,1.3913490000,-0.7166121000,0.0888062200,0.2231805000,-0.0238372300,0.9704307000,-0.5985308000,1.3913490000,-0.7166121000,0.0888062200,0.2231805000,-0.0238372300,0.9704307000,
279.4518000000,281925,-0.5975647000,1.3907510000,-0.7163534000,0.0903792600,0.2249046000,-0.0245360900,0.9698699000,-0.5975647000,1.3907510000,-0.7163534000,0.0903792600,0.2249046000,-0.0245360900,0.9698699000,-0.5975647000,1.3907510000,-0.7163534000,0.0903792600,0.2249046000,-0.0245360900,0.9698699000,
279.4629000000,281935,-0.5967081000,1.3903220000,-0.7160854000,0.0919774900,0.2263972000,-0.0252495000,0.9693539000,-0.5967081000,1.3903220000,-0.7160854000,0.0919774900,0.2263972000,-0.0252495000,0.9693539000,-0.5967081000,1.3903220000,-0.7160854000,0.0919774900,0.2263972000,-0.0252495000,0.9693539000,
279.4742000000,281947,-0.5958738000,1.3899090000,-0.7158077000,0.0934637600,0.2277169000,-0.0258700500,0.9688861000,-0.5958738000,1.3899090000,-0.7158077000,0.0934637600,0.2277169000,-0.0258700500,0.9688861000,-0.5958738000,1.3899090000,-0.7158077000,0.0934637600,0.2277169000,-0.0258700500,0.9688861000,
279.4888000000,281958,-0.5951023000,1.3895450000,-0.7156258000,0.0951080900,0.2288706000,-0.0263523800,0.9684412000,-0.5951023000,1.3895450000,-0.7156258000,0.0951080900,0.2288706000,-0.0263523800,0.9684412000,-0.5951023000,1.3895450000,-0.7156258000,0.0951080900,0.2288706000,-0.0263523800,0.9684412000,
279.4965000000,281973,-0.5943089000,1.3891080000,-0.7153609000,0.0965830500,0.2301988000,-0.0268799900,0.9679658000,-0.5943089000,1.3891080000,-0.7153609000,0.0965830500,0.2301988000,-0.0268799900,0.9679658000,-0.5943089000,1.3891080000,-0.7153609000,0.0965830500,0.2301988000,-0.0268799900,0.9679658000,
279.5076000000,281973,-0.5934806000,1.3886250000,-0.7151372000,0.0981906100,0.2312926000,-0.0275049800,0.9675257000,-0.5934806000,1.3886250000,-0.7151372000,0.0981906100,0.2312926000,-0.0275049800,0.9675257000,-0.5934806000,1.3886250000,-0.7151372000,0.0981906100,0.2312926000,-0.0275049800,0.9675257000,
279.5193000000,281992,-0.5927358000,1.3882360000,-0.7149034000,0.0997148500,0.2323813000,-0.0279915800,0.9670948000,-0.5927358000,1.3882360000,-0.7149034000,0.0997148500,0.2323813000,-0.0279915800,0.9670948000,-0.5927358000,1.3882360000,-0.7149034000,0.0997148500,0.2323813000,-0.0279915800,0.9670948000,
279.5298000000,282003,-0.5919139000,1.3879240000,-0.7146137000,0.1011314000,0.2333206000,-0.0284866900,0.9667071000,-0.5919139000,1.3879240000,-0.7146137000,0.1011314000,0.2333206000,-0.0284866900,0.9667071000,-0.5919139000,1.3879240000,-0.7146137000,0.1011314000,0.2333206000,-0.0284866900,0.9667071000,
279.5411000000,282014,-0.5912273000,1.3875540000,-0.7143605000,0.1024676000,0.2342867000,-0.0291434800,0.9663130000,-0.5912273000,1.3875540000,-0.7143605000,0.1024676000,0.2342867000,-0.0291434800,0.9663130000,-0.5912273000,1.3875540000,-0.7143605000,0.1024676000,0.2342867000,-0.0291434800,0.9663130000,
279.5528000000,282025,-0.5905473000,1.3871990000,-0.7141426000,0.1038125000,0.2350723000,-0.0298496800,0.9659570000,-0.5905473000,1.3871990000,-0.7141426000,0.1038125000,0.2350723000,-0.0298496800,0.9659570000,-0.5905473000,1.3871990000,-0.7141426000,0.1038125000,0.2350723000,-0.0298496800,0.9659570000,
279.5628000000,282037,-0.5898597000,1.3868240000,-0.7139208000,0.1050886000,0.2358797000,-0.0306563300,0.9655969000,-0.5898597000,1.3868240000,-0.7139208000,0.1050886000,0.2358797000,-0.0306563300,0.9655969000,-0.5898597000,1.3868240000,-0.7139208000,0.1050886000,0.2358797000,-0.0306563300,0.9655969000,
279.5738000000,282048,-0.5892785000,1.3865550000,-0.7136152000,0.1064262000,0.2365077000,-0.0316871500,0.9652634000,-0.5892785000,1.3865550000,-0.7136152000,0.1064262000,0.2365077000,-0.0316871500,0.9652634000,-0.5892785000,1.3865550000,-0.7136152000,0.1064262000,0.2365077000,-0.0316871500,0.9652634000,
279.5848000000,282058,-0.5886917000,1.3861850000,-0.7134397000,0.1077740000,0.2372039000,-0.0325927700,0.9649129000,-0.5886917000,1.3861850000,-0.7134397000,0.1077740000,0.2372039000,-0.0325927700,0.9649129000,-0.5886917000,1.3861850000,-0.7134397000,0.1077740000,0.2372039000,-0.0325927700,0.9649129000,
279.5961000000,282070,-0.5881422000,1.3858410000,-0.7132280000,0.1090870000,0.2377404000,-0.0335616300,0.9646000000,-0.5881422000,1.3858410000,-0.7132280000,0.1090870000,0.2377404000,-0.0335616300,0.9646000000,-0.5881422000,1.3858410000,-0.7132280000,0.1090870000,0.2377404000,-0.0335616300,0.9646000000,
279.6070000000,282080,-0.5876265000,1.3853950000,-0.7129993000,0.1103730000,0.2382590000,-0.0343740200,0.9642971000,-0.5876265000,1.3853950000,-0.7129993000,0.1103730000,0.2382590000,-0.0343740200,0.9642971000,-0.5876265000,1.3853950000,-0.7129993000,0.1103730000,0.2382590000,-0.0343740200,0.9642971000,
279.6182000000,282091,-0.5871241000,1.3849630000,-0.7128429000,0.1116783000,0.2386300000,-0.0350613400,0.9640303000,-0.5871241000,1.3849630000,-0.7128429000,0.1116783000,0.2386300000,-0.0350613400,0.9640303000,-0.5871241000,1.3849630000,-0.7128429000,0.1116783000,0.2386300000,-0.0350613400,0.9640303000,
279.6293000000,282102,-0.5865991000,1.3845440000,-0.7127013000,0.1129931000,0.2387906000,-0.0357639200,0.9638115000,-0.5865991000,1.3845440000,-0.7127013000,0.1129931000,0.2387906000,-0.0357639200,0.9638115000,-0.5865991000,1.3845440000,-0.7127013000,0.1129931000,0.2387906000,-0.0357639200,0.9638115000,
279.6410000000,282114,-0.5861542000,1.3842010000,-0.7125232000,0.1142312000,0.2390009000,-0.0362483600,0.9635953000,-0.5861542000,1.3842010000,-0.7125232000,0.1142312000,0.2390009000,-0.0362483600,0.9635953000,-0.5861542000,1.3842010000,-0.7125232000,0.1142312000,0.2390009000,-0.0362483600,0.9635953000,
279.6519000000,282125,-0.5856867000,1.3838660000,-0.7123675000,0.1153503000,0.2390517000,-0.0367992600,0.9634285000,-0.5856867000,1.3838660000,-0.7123675000,0.1153503000,0.2390517000,-0.0367992600,0.9634285000,-0.5856867000,1.3838660000,-0.7123675000,0.1153503000,0.2390517000,-0.0367992600,0.9634285000,
279.6631000000,282136,-0.5852728000,1.3835330000,-0.7122347000,0.1162939000,0.2391582000,-0.0373417900,0.9632677000,-0.5852728000,1.3835330000,-0.7122347000,0.1162939000,0.2391582000,-0.0373417900,0.9632677000,-0.5852728000,1.3835330000,-0.7122347000,0.1162939000,0.2391582000,-0.0373417900,0.9632677000,
279.6740000000,282148,-0.5848670000,1.3832330000,-0.7120826000,0.1172074000,0.2391339000,-0.0378612700,0.9631428000,-0.5848670000,1.3832330000,-0.7120826000,0.1172074000,0.2391339000,-0.0378612700,0.9631428000,-0.5848670000,1.3832330000,-0.7120826000,0.1172074000,0.2391339000,-0.0378612700,0.9631428000,
279.6852000000,282158,-0.5844853000,1.3829900000,-0.7119789000,0.1181328000,0.2392021000,-0.0386183100,0.9629827000,-0.5844853000,1.3829900000,-0.7119789000,0.1181328000,0.2392021000,-0.0386183100,0.9629827000,-0.5844853000,1.3829900000,-0.7119789000,0.1181328000,0.2392021000,-0.0386183100,0.9629827000,
279.6961000000,282170,-0.5841625000,1.3827380000,-0.7118602000,0.1187460000,0.2393251000,-0.0392745400,0.9628502000,-0.5841625000,1.3827380000,-0.7118602000,0.1187460000,0.2393251000,-0.0392745400,0.9628502000,-0.5841625000,1.3827380000,-0.7118602000,0.1187460000,0.2393251000,-0.0392745400,0.9628502000,
279.7089000000,282180,-0.5839376000,1.3825540000,-0.7115564000,0.1194316000,0.2393552000,-0.0399832700,0.9627287000,-0.5839376000,1.3825540000,-0.7115564000,0.1194316000,0.2393552000,-0.0399832700,0.9627287000,-0.5839376000,1.3825540000,-0.7115564000,0.1194316000,0.2393552000,-0.0399832700,0.9627287000,
279.7185000000,282193,-0.5836630000,1.3823440000,-0.7114480000,0.1201207000,0.2395648000,-0.0406333300,0.9625636000,-0.5836630000,1.3823440000,-0.7114480000,0.1201207000,0.2395648000,-0.0406333300,0.9625636000,-0.5836630000,1.3823440000,-0.7114480000,0.1201207000,0.2395648000,-0.0406333300,0.9625636000,
279.7296000000,282202,-0.5831082000,1.3821190000,-0.7112536000,0.1206957000,0.2397288000,-0.0414124400,0.9624177000,-0.5831082000,1.3821190000,-0.7112536000,0.1206957000,0.2397288000,-0.0414124400,0.9624177000,-0.5831082000,1.3821190000,-0.7112536000,0.1206957000,0.2397288000,-0.0414124400,0.9624177000,
279.7406000000,282214,-0.5828738000,1.3820040000,-0.7111053000,0.1213509000,0.2399100000,-0.0420162400,0.9622639000,-0.5828738000,1.3820040000,-0.7111053000,0.1213509000,0.2399100000,-0.0420162400,0.9622639000,-0.5828738000,1.3820040000,-0.7111053000,0.1213509000,0.2399100000,-0.0420162400,0.9622639000,
279.7519000000,282224,-0.5826278000,1.3817870000,-0.7109931000,0.1218432000,0.2400081000,-0.0425540100,0.9621536000,-0.5826278000,1.3817870000,-0.7109931000,0.1218432000,0.2400081000,-0.0425540100,0.9621536000,-0.5826278000,1.3817870000,-0.7109931000,0.1218432000,0.2400081000,-0.0425540100,0.9621536000,
279.7627000000,282235,-0.5824103000,1.3816430000,-0.7107806000,0.1224523000,0.2401308000,-0.0430488900,0.9620236000,-0.5824103000,1.3816430000,-0.7107806000,0.1224523000,0.2401308000,-0.0430488900,0.9620236000,-0.5824103000,1.3816430000,-0.7107806000,0.1224523000,0.2401308000,-0.0430488900,0.9620236000,
279.7739000000,282248,-0.5822299000,1.3815540000,-0.7106676000,0.1228214000,0.2402199000,-0.0433927700,0.9619389000,-0.5822299000,1.3815540000,-0.7106676000,0.1228214000,0.2402199000,-0.0433927700,0.9619389000,-0.5822299000,1.3815540000,-0.7106676000,0.1228214000,0.2402199000,-0.0433927700,0.9619389000,
279.7853000000,282258,-0.5820620000,1.3813760000,-0.7105651000,0.1232330000,0.2402515000,-0.0437623100,0.9618616000,-0.5820620000,1.3813760000,-0.7105651000,0.1232330000,0.2402515000,-0.0437623100,0.9618616000,-0.5820620000,1.3813760000,-0.7105651000,0.1232330000,0.2402515000,-0.0437623100,0.9618616000,
279.7961000000,282269,-0.5819864000,1.3812120000,-0.7104921000,0.1236715000,0.2401103000,-0.0441839300,0.9618213000,-0.5819864000,1.3812120000,-0.7104921000,0.1236715000,0.2401103000,-0.0441839300,0.9618213000,-0.5819864000,1.3812120000,-0.7104921000,0.1236715000,0.2401103000,-0.0441839300,0.9618213000,
279.8077000000,282280,-0.5818739000,1.3810750000,-0.7103825000,0.1241317000,0.2399929000,-0.0445093900,0.9617763000,-0.5818739000,1.3810750000,-0.7103825000,0.1241317000,0.2399929000,-0.0445093900,0.9617763000,-0.5818739000,1.3810750000,-0.7103825000,0.1241317000,0.2399929000,-0.0445093900,0.9617763000,
279.8185000000,282292,-0.5819023000,1.3810460000,-0.7102513000,0.1245215000,0.2397501000,-0.0448522500,0.9617705000,-0.5819023000,1.3810460000,-0.7102513000,0.1245215000,0.2397501000,-0.0448522500,0.9617705000,-0.5819023000,1.3810460000,-0.7102513000,0.1245215000,0.2397501000,-0.0448522500,0.9617705000,
279.8299000000,282302,-0.5818524000,1.3809970000,-0.7101226000,0.1247708000,0.2395885000,-0.0450627200,0.9617687000,-0.5818524000,1.3809970000,-0.7101226000,0.1247708000,0.2395885000,-0.0450627200,0.9617687000,-0.5818524000,1.3809970000,-0.7101226000,0.1247708000,0.2395885000,-0.0450627200,0.9617687000,
279.8410000000,282314,-0.5819592000,1.3810100000,-0.7100868000,0.1247696000,0.2391751000,-0.0450835900,0.9618708000,-0.5819592000,1.3810100000,-0.7100868000,0.1247696000,0.2391751000,-0.0450835900,0.9618708000,-0.5819592000,1.3810100000,-0.7100868000,0.1247696000,0.2391751000,-0.0450835900,0.9618708000,
279.8521000000,282325,-0.5820296000,1.3810580000,-0.7099459000,0.1246660000,0.2387717000,-0.0450077200,0.9619879000,-0.5820296000,1.3810580000,-0.7099459000,0.1246660000,0.2387717000,-0.0450077200,0.9619879000,-0.5820296000,1.3810580000,-0.7099459000,0.1246660000,0.2387717000,-0.0450077200,0.9619879000,
279.8636000000,282336,-0.5822246000,1.3811050000,-0.7098882000,0.1244223000,0.2381324000,-0.0448637000,0.9621847000,-0.5822246000,1.3811050000,-0.7098882000,0.1244223000,0.2381324000,-0.0448637000,0.9621847000,-0.5822246000,1.3811050000,-0.7098882000,0.1244223000,0.2381324000,-0.0448637000,0.9621847000,
279.8761000000,282349,-0.5824256000,1.3812470000,-0.7096815000,0.1242065000,0.2372953000,-0.0446774600,0.9624280000,-0.5824256000,1.3812470000,-0.7096815000,0.1242065000,0.2372953000,-0.0446774600,0.9624280000,-0.5824256000,1.3812470000,-0.7096815000,0.1242065000,0.2372953000,-0.0446774600,0.9624280000,
279.8861000000,282360,-0.5826924000,1.3813100000,-0.7095501000,0.1238660000,0.2362561000,-0.0444750300,0.9627368000,-0.5826924000,1.3813100000,-0.7095501000,0.1238660000,0.2362561000,-0.0444750300,0.9627368000,-0.5826924000,1.3813100000,-0.7095501000,0.1238660000,0.2362561000,-0.0444750300,0.9627368000,
279.8971000000,282370,-0.5829947000,1.3814090000,-0.7093842000,0.1236122000,0.2352410000,-0.0442659300,0.9630277000,-0.5829947000,1.3814090000,-0.7093842000,0.1236122000,0.2352410000,-0.0442659300,0.9630277000,-0.5829947000,1.3814090000,-0.7093842000,0.1236122000,0.2352410000,-0.0442659300,0.9630277000,
279.9082000000,282381,-0.5834098000,1.3814530000,-0.7092867000,0.1232498000,0.2340543000,-0.0439820600,0.9633762000,-0.5834098000,1.3814530000,-0.7092867000,0.1232498000,0.2340543000,-0.0439820600,0.9633762000,-0.5834098000,1.3814530000,-0.7092867000,0.1232498000,0.2340543000,-0.0439820600,0.9633762000,
279.9192000000,282392,-0.5837698000,1.3815260000,-0.7091401000,0.1230396000,0.2328308000,-0.0438002400,0.9637077000,-0.5837698000,1.3815260000,-0.7091401000,0.1230396000,0.2328308000,-0.0438002400,0.9637077000,-0.5837698000,1.3815260000,-0.7091401000,0.1230396000,0.2328308000,-0.0438002400,0.9637077000,
279.9306000000,282403,-0.5842261000,1.3816160000,-0.7090292000,0.1227439000,0.2315924000,-0.0434261100,0.9640608000,-0.5842261000,1.3816160000,-0.7090292000,0.1227439000,0.2315924000,-0.0434261100,0.9640608000,-0.5842261000,1.3816160000,-0.7090292000,0.1227439000,0.2315924000,-0.0434261100,0.9640608000,
279.9420000000,282415,-0.5845921000,1.3817000000,-0.7087338000,0.1224790000,0.2301606000,-0.0430442500,0.9644544000,-0.5845921000,1.3817000000,-0.7087338000,0.1224790000,0.2301606000,-0.0430442500,0.9644544000,-0.5845921000,1.3817000000,-0.7087338000,0.1224790000,0.2301606000,-0.0430442500,0.9644544000,
279.9528000000,282426,-0.5850313000,1.3818890000,-0.7085431000,0.1221035000,0.2286174000,-0.0426536400,0.9648862000,-0.5850313000,1.3818890000,-0.7085431000,0.1221035000,0.2286174000,-0.0426536400,0.9648862000,-0.5850313000,1.3818890000,-0.7085431000,0.1221035000,0.2286174000,-0.0426536400,0.9648862000,
279.9655000000,282436,-0.5854983000,1.3821100000,-0.7083457000,0.1217254000,0.2266435000,-0.0419831900,0.9654289000,-0.5854983000,1.3821100000,-0.7083457000,0.1217254000,0.2266435000,-0.0419831900,0.9654289000,-0.5854983000,1.3821100000,-0.7083457000,0.1217254000,0.2266435000,-0.0419831900,0.9654289000,
279.9753000000,282449,-0.5861471000,1.3822630000,-0.7081571000,0.1212120000,0.2244548000,-0.0413798500,0.9660308000,-0.5861471000,1.3822630000,-0.7081571000,0.1212120000,0.2244548000,-0.0413798500,0.9660308000,-0.5861471000,1.3822630000,-0.7081571000,0.1212120000,0.2244548000,-0.0413798500,0.9660308000,
279.9865000000,282459,-0.5869436000,1.3824610000,-0.7079401000,0.1206594000,0.2217645000,-0.0406369700,0.9667526000,-0.5869436000,1.3824610000,-0.7079401000,0.1206594000,0.2217645000,-0.0406369700,0.9667526000,-0.5869436000,1.3824610000,-0.7079401000,0.1206594000,0.2217645000,-0.0406369700,0.9667526000,
279.9978000000,282470,-0.5878060000,1.3826770000,-0.7076695000,0.1200859000,0.2184428000,-0.0398458700,0.9676127000,-0.5878060000,1.3826770000,-0.7076695000,0.1200859000,0.2184428000,-0.0398458700,0.9676127000,-0.5878060000,1.3826770000,-0.7076695000,0.1200859000,0.2184428000,-0.0398458700,0.9676127000,
280.0086000000,282482,-0.5887396000,1.3829110000,-0.7073689000,0.1195010000,0.2148635000,-0.0390022100,0.9685206000,-0.5887396000,1.3829110000,-0.7073689000,0.1195010000,0.2148635000,-0.0390022100,0.9685206000,-0.5887396000,1.3829110000,-0.7073689000,0.1195010000,0.2148635000,-0.0390022100,0.9685206000,
280.0199000000,282493,-0.5898447000,1.3832580000,-0.7069883000,0.1188030000,0.2103532000,-0.0381020400,0.9696317000,-0.5898447000,1.3832580000,-0.7069883000,0.1188030000,0.2103532000,-0.0381020400,0.9696317000,-0.5898447000,1.3832580000,-0.7069883000,0.1188030000,0.2103532000,-0.0381020400,0.9696317000,
280.0321000000,282504,-0.5910118000,1.3836330000,-0.7066028000,0.1178694000,0.2052237000,-0.0369852100,0.9708873000,-0.5910118000,1.3836330000,-0.7066028000,0.1178694000,0.2052237000,-0.0369852100,0.9708873000,-0.5910118000,1.3836330000,-0.7066028000,0.1178694000,0.2052237000,-0.0369852100,0.9708873000,
280.0445000000,282516,-0.5923507000,1.3839990000,-0.7061870000,0.1167899000,0.1996918000,-0.0358084700,0.9722145000,-0.5923507000,1.3839990000,-0.7061870000,0.1167899000,0.1996918000,-0.0358084700,0.9722145000,-0.5923507000,1.3839990000,-0.7061870000,0.1167899000,0.1996918000,-0.0358084700,0.9722145000,
280.0527000000,282528,-0.5937641000,1.3844570000,-0.7055502000,0.1157352000,0.1935964000,-0.0346417500,0.9736148000,-0.5937641000,1.3844570000,-0.7055502000,0.1157352000,0.1935964000,-0.0346417500,0.9736148000,-0.5937641000,1.3844570000,-0.7055502000,0.1157352000,0.1935964000,-0.0346417500,0.9736148000,
280.0638000000,282536,-0.5956197000,1.3849790000,-0.7050247000,0.1141976000,0.1861496000,-0.0333930200,0.9752908000,-0.5956197000,1.3849790000,-0.7050247000,0.1141976000,0.1861496000,-0.0333930200,0.9752908000,-0.5956197000,1.3849790000,-0.7050247000,0.1141976000,0.1861496000,-0.0333930200,0.9752908000,
280.0749000000,282548,-0.5974586000,1.3854240000,-0.7045538000,0.1125713000,0.1779018000,-0.0324198400,0.9770505000,-0.5974586000,1.3854240000,-0.7045538000,0.1125713000,0.1779018000,-0.0324198400,0.9770505000,-0.5974586000,1.3854240000,-0.7045538000,0.1125713000,0.1779018000,-0.0324198400,0.9770505000,
280.0860000000,282558,-0.5996816000,1.3859620000,-0.7039387000,0.1107551000,0.1684508000,-0.0316522200,0.9789565000,-0.5996816000,1.3859620000,-0.7039387000,0.1107551000,0.1684508000,-0.0316522200,0.9789565000,-0.5996816000,1.3859620000,-0.7039387000,0.1107551000,0.1684508000,-0.0316522200,0.9789565000,
280.0968000000,282570,-0.6020324000,1.3865950000,-0.7033265000,0.1088020000,0.1577978000,-0.0311527000,0.9809646000,-0.6020324000,1.3865950000,-0.7033265000,0.1088020000,0.1577978000,-0.0311527000,0.9809646000,-0.6020324000,1.3865950000,-0.7033265000,0.1088020000,0.1577978000,-0.0311527000,0.9809646000,
280.1080000000,282580,-0.6044345000,1.3871410000,-0.7026885000,0.1066734000,0.1466072000,-0.0308836300,0.9829412000,-0.6044345000,1.3871410000,-0.7026885000,0.1066734000,0.1466072000,-0.0308836300,0.9829412000,-0.6044345000,1.3871410000,-0.7026885000,0.1066734000,0.1466072000,-0.0308836300,0.9829412000,
280.1192000000,282592,-0.6072109000,1.3876630000,-0.7022462000,0.1043487000,0.1341266000,-0.0308891200,0.9849707000,-0.6072109000,1.3876630000,-0.7022462000,0.1043487000,0.1341266000,-0.0308891200,0.9849707000,-0.6072109000,1.3876630000,-0.7022462000,0.1043487000,0.1341266000,-0.0308891200,0.9849707000,
280.1303000000,282603,-0.6100345000,1.3882190000,-0.7017076000,0.1021501000,0.1211150000,-0.0311278800,0.9868777000,-0.6100345000,1.3882190000,-0.7017076000,0.1021501000,0.1211150000,-0.0311278800,0.9868777000,-0.6100345000,1.3882190000,-0.7017076000,0.1021501000,0.1211150000,-0.0311278800,0.9868777000,
280.1418000000,282614,-0.6129220000,1.3887320000,-0.7012007000,0.1000950000,0.1075582000,-0.0314993300,0.9886456000,-0.6129220000,1.3887320000,-0.7012007000,0.1000950000,0.1075582000,-0.0314993300,0.9886456000,-0.6129220000,1.3887320000,-0.7012007000,0.1000950000,0.1075582000,-0.0314993300,0.9886456000,
280.1529000000,282626,-0.6158116000,1.3892450000,-0.7008896000,0.0980123000,0.0942999200,-0.0317966300,0.9901970000,-0.6158116000,1.3892450000,-0.7008896000,0.0980123000,0.0942999200,-0.0317966300,0.9901970000,-0.6158116000,1.3892450000,-0.7008896000,0.0980123000,0.0942999200,-0.0317966300,0.9901970000,
280.1641000000,282637,-0.6180196000,1.3899590000,-0.6998723000,0.0962379900,0.0806232200,-0.0321153100,0.9915679000,-0.6180196000,1.3899590000,-0.6998723000,0.0962379900,0.0806232200,-0.0321153100,0.9915679000,-0.6180196000,1.3899590000,-0.6998723000,0.0962379900,0.0806232200,-0.0321153100,0.9915679000,
280.1762000000,282648,-0.6209459000,1.3904410000,-0.6996336000,0.0944760400,0.0672228300,-0.0322438200,0.9927315000,-0.6209459000,1.3904410000,-0.6996336000,0.0944760400,0.0672228300,-0.0322438200,0.9927315000,-0.6209459000,1.3904410000,-0.6996336000,0.0944760400,0.0672228300,-0.0322438200,0.9927315000,
280.1857000000,282660,-0.6238956000,1.3908710000,-0.6994054000,0.0927662300,0.0541529200,-0.0323118600,0.9936890000,-0.6238956000,1.3908710000,-0.6994054000,0.0927662300,0.0541529200,-0.0323118600,0.9936890000,-0.6238956000,1.3908710000,-0.6994054000,0.0927662300,0.0541529200,-0.0323118600,0.9936890000,
280.1968000000,282670,-0.6268318000,1.3913430000,-0.6993794000,0.0911660800,0.0412882000,-0.0322840800,0.9944555000,-0.6268318000,1.3913430000,-0.6993794000,0.0911660800,0.0412882000,-0.0322840800,0.9944555000,-0.6268318000,1.3913430000,-0.6993794000,0.0911660800,0.0412882000,-0.0322840800,0.9944555000,
280.2078000000,282681,-0.6294415000,1.3920460000,-0.6989961000,0.0896051200,0.0285629100,-0.0321768000,0.9950476000,-0.6294415000,1.3920460000,-0.6989961000,0.0896051200,0.0285629100,-0.0321768000,0.9950476000,-0.6294415000,1.3920460000,-0.6989961000,0.0896051200,0.0285629100,-0.0321768000,0.9950476000,
280.2187000000,282692,-0.6323187000,1.3924880000,-0.6989582000,0.0879880000,0.0159514400,-0.0319396500,0.9954816000,-0.6323187000,1.3924880000,-0.6989582000,0.0879880000,0.0159514400,-0.0319396500,0.9954816000,-0.6323187000,1.3924880000,-0.6989582000,0.0879880000,0.0159514400,-0.0319396500,0.9954816000,
280.2303000000,282702,-0.6351523000,1.3929080000,-0.6990783000,0.0866138600,0.0034344050,-0.0316182900,0.9957342000,-0.6351523000,1.3929080000,-0.6990783000,0.0866138600,0.0034344050,-0.0316182900,0.9957342000,-0.6351523000,1.3929080000,-0.6990783000,0.0866138600,0.0034344050,-0.0316182900,0.9957342000,
280.2417000000,282714,-0.6379523000,1.3932710000,-0.6992204000,0.0853324000,-0.0086456970,-0.0312108300,0.9958261000,-0.6379523000,1.3932710000,-0.6992204000,0.0853324000,-0.0086456970,-0.0312108300,0.9958261000,-0.6379523000,1.3932710000,-0.6992204000,0.0853324000,-0.0086456970,-0.0312108300,0.9958261000,
280.2530000000,282726,-0.6406643000,1.3935890000,-0.6994596000,0.0842362600,-0.0205131200,-0.0305836600,0.9957651000,-0.6406643000,1.3935890000,-0.6994596000,0.0842362600,-0.0205131200,-0.0305836600,0.9957651000,-0.6406643000,1.3935890000,-0.6994596000,0.0842362600,-0.0205131200,-0.0305836600,0.9957651000,
280.2637000000,282737,-0.6433113000,1.3939090000,-0.6996355000,0.0832144200,-0.0318652100,-0.0298197000,0.9955756000,-0.6433113000,1.3939090000,-0.6996355000,0.0832144200,-0.0318652100,-0.0298197000,0.9955756000,-0.6433113000,1.3939090000,-0.6996355000,0.0832144200,-0.0318652100,-0.0298197000,0.9955756000,
280.2747000000,282747,-0.6459212000,1.3942730000,-0.6999729000,0.0820347100,-0.0426100300,-0.0289963100,0.9952959000,-0.6459212000,1.3942730000,-0.6999729000,0.0820347100,-0.0426100300,-0.0289963100,0.9952959000,-0.6459212000,1.3942730000,-0.6999729000,0.0820347100,-0.0426100300,-0.0289963100,0.9952959000,
280.2856000000,282758,-0.6483347000,1.3946170000,-0.7002833000,0.0809172800,-0.0526478800,-0.0281194200,0.9949321000,-0.6483347000,1.3946170000,-0.7002833000,0.0809172800,-0.0526478800,-0.0281194200,0.9949321000,-0.6483347000,1.3946170000,-0.7002833000,0.0809172800,-0.0526478800,-0.0281194200,0.9949321000,
280.2967000000,282769,-0.6506014000,1.3949200000,-0.7006807000,0.0797102500,-0.0621435000,-0.0271176200,0.9945095000,-0.6506014000,1.3949200000,-0.7006807000,0.0797102500,-0.0621435000,-0.0271176200,0.9945095000,-0.6506014000,1.3949200000,-0.7006807000,0.0797102500,-0.0621435000,-0.0271176200,0.9945095000,
280.3078000000,282780,-0.6529515000,1.3952560000,-0.7010098000,0.0784433600,-0.0713256000,-0.0261414300,0.9940201000,-0.6529515000,1.3952560000,-0.7010098000,0.0784433600,-0.0713256000,-0.0261414300,0.9940201000,-0.6529515000,1.3952560000,-0.7010098000,0.0784433600,-0.0713256000,-0.0261414300,0.9940201000,
280.3194000000,282792,-0.6552215000,1.3957290000,-0.7015748000,0.0771247100,-0.0799475600,-0.0251255200,0.9934933000,-0.6552215000,1.3957290000,-0.7015748000,0.0771247100,-0.0799475600,-0.0251255200,0.9934933000,-0.6552215000,1.3957290000,-0.7015748000,0.0771247100,-0.0799475600,-0.0251255200,0.9934933000,
280.3304000000,282803,-0.6574073000,1.3961290000,-0.7019937000,0.0757223200,-0.0887677300,-0.0241296900,0.9928768000,-0.6574073000,1.3961290000,-0.7019937000,0.0757223200,-0.0887677300,-0.0241296900,0.9928768000,-0.6574073000,1.3961290000,-0.7019937000,0.0757223200,-0.0887677300,-0.0241296900,0.9928768000,
280.3409000000,282814,-0.6595581000,1.3965340000,-0.7024279000,0.0743198100,-0.0971825000,-0.0231780200,0.9922172000,-0.6595581000,1.3965340000,-0.7024279000,0.0743198100,-0.0971825000,-0.0231780200,0.9922172000,-0.6595581000,1.3965340000,-0.7024279000,0.0743198100,-0.0971825000,-0.0231780200,0.9922172000,
280.3521000000,282825,-0.6617157000,1.3968480000,-0.7028100000,0.0728043600,-0.1054697000,-0.0222011800,0.9915053000,-0.6617157000,1.3968480000,-0.7028100000,0.0728043600,-0.1054697000,-0.0222011800,0.9915053000,-0.6617157000,1.3968480000,-0.7028100000,0.0728043600,-0.1054697000,-0.0222011800,0.9915053000,
280.3634000000,282836,-0.6636460000,1.3972490000,-0.7031384000,0.0713618500,-0.1139334000,-0.0214025200,0.9906910000,-0.6636460000,1.3972490000,-0.7031384000,0.0713618500,-0.1139334000,-0.0214025200,0.9906910000,-0.6636460000,1.3972490000,-0.7031384000,0.0713618500,-0.1139334000,-0.0214025200,0.9906910000,
280.3743000000,282847,-0.6656947000,1.3975970000,-0.7037172000,0.0698977100,-0.1221609000,-0.0204785100,0.9898342000,-0.6656947000,1.3975970000,-0.7037172000,0.0698977100,-0.1221609000,-0.0204785100,0.9898342000,-0.6656947000,1.3975970000,-0.7037172000,0.0698977100,-0.1221609000,-0.0204785100,0.9898342000,
280.3855000000,282858,-0.6677585000,1.3979120000,-0.7042334000,0.0684651100,-0.1303879000,-0.0195360600,0.9889034000,-0.6677585000,1.3979120000,-0.7042334000,0.0684651100,-0.1303879000,-0.0195360600,0.9889034000,-0.6677585000,1.3979120000,-0.7042334000,0.0684651100,-0.1303879000,-0.0195360600,0.9889034000,
280.3967000000,282869,-0.6697309000,1.3981350000,-0.7048483000,0.0671685600,-0.1385015000,-0.0185670000,0.9879074000,-0.6697309000,1.3981350000,-0.7048483000,0.0671685600,-0.1385015000,-0.0185670000,0.9879074000,-0.6697309000,1.3981350000,-0.7048483000,0.0671685600,-0.1385015000,-0.0185670000,0.9879074000,
280.4080000000,282880,-0.6717224000,1.3983970000,-0.7054842000,0.0660258100,-0.1465736000,-0.0176591300,0.9868358000,-0.6717224000,1.3983970000,-0.7054842000,0.0660258100,-0.1465736000,-0.0176591300,0.9868358000,-0.6717224000,1.3983970000,-0.7054842000,0.0660258100,-0.1465736000,-0.0176591300,0.9868358000,
280.4193000000,282892,-0.6736326000,1.3985940000,-0.7060995000,0.0651779600,-0.1544159000,-0.0168346500,0.9857100000,-0.6736326000,1.3985940000,-0.7060995000,0.0651779600,-0.1544159000,-0.0168346500,0.9857100000,-0.6736326000,1.3985940000,-0.7060995000,0.0651779600,-0.1544159000,-0.0168346500,0.9857100000,
280.4301000000,282903,-0.6754558000,1.3987340000,-0.7068348000,0.0646303400,-0.1619250000,-0.0159445600,0.9845552000,-0.6754558000,1.3987340000,-0.7068348000,0.0646303400,-0.1619250000,-0.0159445600,0.9845552000,-0.6754558000,1.3987340000,-0.7068348000,0.0646303400,-0.1619250000,-0.0159445600,0.9845552000,
280.4413000000,282914,-0.6772895000,1.3987940000,-0.7074904000,0.0643094100,-0.1691810000,-0.0150267000,0.9833699000,-0.6772895000,1.3987940000,-0.7074904000,0.0643094100,-0.1691810000,-0.0150267000,0.9833699000,-0.6772895000,1.3987940000,-0.7074904000,0.0643094100,-0.1691810000,-0.0150267000,0.9833699000,
280.4524000000,282925,-0.6789896000,1.3988460000,-0.7082508000,0.0643929300,-0.1759637000,-0.0140446800,0.9821879000,-0.6789896000,1.3988460000,-0.7082508000,0.0643929300,-0.1759637000,-0.0140446800,0.9821879000,-0.6789896000,1.3988460000,-0.7082508000,0.0643929300,-0.1759637000,-0.0140446800,0.9821879000,
280.4636000000,282936,-0.6806843000,1.3987870000,-0.7089431000,0.0646425000,-0.1824135000,-0.0130366800,0.9810081000,-0.6806843000,1.3987870000,-0.7089431000,0.0646425000,-0.1824135000,-0.0130366800,0.9810081000,-0.6806843000,1.3987870000,-0.7089431000,0.0646425000,-0.1824135000,-0.0130366800,0.9810081000,
280.4746000000,282948,-0.6822560000,1.3986440000,-0.7096770000,0.0650680200,-0.1884832000,-0.0118606800,0.9798467000,-0.6822560000,1.3986440000,-0.7096770000,0.0650680200,-0.1884832000,-0.0118606800,0.9798467000,-0.6822560000,1.3986440000,-0.7096770000,0.0650680200,-0.1884832000,-0.0118606800,0.9798467000,
280.4858000000,282958,-0.6838837000,1.3985110000,-0.7103417000,0.0655174400,-0.1942444000,-0.0106820400,0.9787045000,-0.6838837000,1.3985110000,-0.7103417000,0.0655174400,-0.1942444000,-0.0106820400,0.9787045000,-0.6838837000,1.3985110000,-0.7103417000,0.0655174400,-0.1942444000,-0.0106820400,0.9787045000,
280.4970000000,282970,-0.6853497000,1.3982770000,-0.7109945000,0.0664009800,-0.1995734000,-0.0091476650,0.9775877000,-0.6853497000,1.3982770000,-0.7109945000,0.0664009800,-0.1995734000,-0.0091476650,0.9775877000,-0.6853497000,1.3982770000,-0.7109945000,0.0664009800,-0.1995734000,-0.0091476650,0.9775877000,
280.5137000000,282981,-0.6864014000,1.3980140000,-0.7113566000,0.0677648300,-0.2039635000,-0.0071711410,0.9766040000,-0.6864014000,1.3980140000,-0.7113566000,0.0677648300,-0.2039635000,-0.0071711410,0.9766040000,-0.6864014000,1.3980140000,-0.7113566000,0.0677648300,-0.2039635000,-0.0071711410,0.9766040000,
280.5196000000,282998,-0.6878643000,1.3977820000,-0.7119346000,0.0687164700,-0.2090282000,-0.0053772920,0.9754775000,-0.6878643000,1.3977820000,-0.7119346000,0.0687164700,-0.2090282000,-0.0053772920,0.9754775000,-0.6878643000,1.3977820000,-0.7119346000,0.0687164700,-0.2090282000,-0.0053772920,0.9754775000,
280.5304000000,282998,-0.6892247000,1.3973440000,-0.7125506000,0.0701600600,-0.2134582000,-0.0031912490,0.9744244000,-0.6892247000,1.3973440000,-0.7125506000,0.0701600600,-0.2134582000,-0.0031912490,0.9744244000,-0.6892247000,1.3973440000,-0.7125506000,0.0701600600,-0.2134582000,-0.0031912490,0.9744244000,
280.5412000000,283015,-0.6905477000,1.3969450000,-0.7130947000,0.0718703900,-0.2174108000,-0.0008444199,0.9734303000,-0.6905477000,1.3969450000,-0.7130947000,0.0718703900,-0.2174108000,-0.0008444199,0.9734303000,-0.6905477000,1.3969450000,-0.7130947000,0.0718703900,-0.2174108000,-0.0008444199,0.9734303000,
280.5526000000,283025,-0.6918750000,1.3963690000,-0.7136323000,0.0738179000,-0.2207385000,0.0016897940,0.9725341000,-0.6918750000,1.3963690000,-0.7136323000,0.0738179000,-0.2207385000,0.0016897940,0.9725341000,-0.6918750000,1.3963690000,-0.7136323000,0.0738179000,-0.2207385000,0.0016897940,0.9725341000,
280.5638000000,283036,-0.6930633000,1.3958560000,-0.7140846000,0.0757630200,-0.2238964000,0.0039783030,0.9716555000,-0.6930633000,1.3958560000,-0.7140846000,0.0757630200,-0.2238964000,0.0039783030,0.9716555000,-0.6930633000,1.3958560000,-0.7140846000,0.0757630200,-0.2238964000,0.0039783030,0.9716555000,
280.5751000000,283048,-0.6942747000,1.3953000000,-0.7145505000,0.0775871100,-0.2267916000,0.0062513350,0.9708279000,-0.6942747000,1.3953000000,-0.7145505000,0.0775871100,-0.2267916000,0.0062513350,0.9708279000,-0.6942747000,1.3953000000,-0.7145505000,0.0775871100,-0.2267916000,0.0062513350,0.9708279000,
280.5864000000,283059,-0.6953862000,1.3947850000,-0.7149041000,0.0795312600,-0.2294915000,0.0081781490,0.9700214000,-0.6953862000,1.3947850000,-0.7149041000,0.0795312600,-0.2294915000,0.0081781490,0.9700214000,-0.6953862000,1.3947850000,-0.7149041000,0.0795312600,-0.2294915000,0.0081781490,0.9700214000,
280.5970000000,283070,-0.6964784000,1.3942320000,-0.7153304000,0.0815135800,-0.2321568000,0.0101679600,0.9692035000,-0.6964784000,1.3942320000,-0.7153304000,0.0815135800,-0.2321568000,0.0101679600,0.9692035000,-0.6964784000,1.3942320000,-0.7153304000,0.0815135800,-0.2321568000,0.0101679600,0.9692035000,
280.6088000000,283081,-0.6975584000,1.3937600000,-0.7157030000,0.0838332300,-0.2344365000,0.0121651000,0.9684336000,-0.6975584000,1.3937600000,-0.7157030000,0.0838332300,-0.2344365000,0.0121651000,0.9684336000,-0.6975584000,1.3937600000,-0.7157030000,0.0838332300,-0.2344365000,0.0121651000,0.9684336000,
280.6190000000,283093,-0.6985528000,1.3931750000,-0.7160246000,0.0861995700,-0.2366621000,0.0142601300,0.9676556000,-0.6985528000,1.3931750000,-0.7160246000,0.0861995700,-0.2366621000,0.0142601300,0.9676556000,-0.6985528000,1.3931750000,-0.7160246000,0.0861995700,-0.2366621000,0.0142601300,0.9676556000,
280.6314000000,283103,-0.6994283000,1.3924600000,-0.7162395000,0.0888093500,-0.2386377000,0.0166665800,0.9668956000,-0.6994283000,1.3924600000,-0.7162395000,0.0888093500,-0.2386377000,0.0166665800,0.9668956000,-0.6994283000,1.3924600000,-0.7162395000,0.0888093500,-0.2386377000,0.0166665800,0.9668956000,
280.6414000000,283115,-0.7003114000,1.3918030000,-0.7165012000,0.0914187000,-0.2405335000,0.0189708800,0.9661399000,-0.7003114000,1.3918030000,-0.7165012000,0.0914187000,-0.2405335000,0.0189708800,0.9661399000,-0.7003114000,1.3918030000,-0.7165012000,0.0914187000,-0.2405335000,0.0189708800,0.9661399000,
280.6525000000,283125,-0.7009318000,1.3911200000,-0.7166688000,0.0941760400,-0.2421172000,0.0212763600,0.9654313000,-0.7009318000,1.3911200000,-0.7166688000,0.0941760400,-0.2421172000,0.0212763600,0.9654313000,-0.7009318000,1.3911200000,-0.7166688000,0.0941760400,-0.2421172000,0.0212763600,0.9654313000,
280.6649000000,283136,-0.7017701000,1.3903470000,-0.7168629000,0.0969918800,-0.2437170000,0.0237938000,0.9646909000,-0.7017701000,1.3903470000,-0.7168629000,0.0969918800,-0.2437170000,0.0237938000,0.9646909000,-0.7017701000,1.3903470000,-0.7168629000,0.0969918800,-0.2437170000,0.0237938000,0.9646909000,
280.6744000000,283149,-0.7023671000,1.3897970000,-0.7170894000,0.0993215400,-0.2449236000,0.0255857700,0.9641022000,-0.7023671000,1.3897970000,-0.7170894000,0.0993215400,-0.2449236000,0.0255857700,0.9641022000,-0.7023671000,1.3897970000,-0.7170894000,0.0993215400,-0.2449236000,0.0255857700,0.9641022000,
280.6858000000,283158,-0.7030354000,1.3891560000,-0.7171280000,0.1018306000,-0.2460130000,0.0276037600,0.9635072000,-0.7030354000,1.3891560000,-0.7171280000,0.1018306000,-0.2460130000,0.0276037600,0.9635072000,-0.7030354000,1.3891560000,-0.7171280000,0.1018306000,-0.2460130000,0.0276037600,0.9635072000,
280.6971000000,283170,-0.7036896000,1.3885490000,-0.7172112000,0.1041773000,-0.2471492000,0.0295461700,0.9629078000,-0.7036896000,1.3885490000,-0.7172112000,0.1041773000,-0.2471492000,0.0295461700,0.9629078000,-0.7036896000,1.3885490000,-0.7172112000,0.1041773000,-0.2471492000,0.0295461700,0.9629078000,
280.7085000000,283181,-0.7043409000,1.3880050000,-0.7172151000,0.1063706000,-0.2482539000,0.0314245200,0.9623242000,-0.7043409000,1.3880050000,-0.7172151000,0.1063706000,-0.2482539000,0.0314245200,0.9623242000,-0.7043409000,1.3880050000,-0.7172151000,0.1063706000,-0.2482539000,0.0314245200,0.9623242000,
280.7201000000,283193,-0.7049677000,1.3874620000,-0.7171950000,0.1083803000,-0.2491778000,0.0329947700,0.9618085000,-0.7049677000,1.3874620000,-0.7171950000,0.1083803000,-0.2491778000,0.0329947700,0.9618085000,-0.7049677000,1.3874620000,-0.7171950000,0.1083803000,-0.2491778000,0.0329947700,0.9618085000,
280.7295000000,283204,-0.7056437000,1.3869540000,-0.7171059000,0.1104769000,-0.2501759000,0.0346553600,0.9612523000,-0.7056437000,1.3869540000,-0.7171059000,0.1104769000,-0.2501759000,0.0346553600,0.9612523000,-0.7056437000,1.3869540000,-0.7171059000,0.1104769000,-0.2501759000,0.0346553600,0.9612523000,
280.7402000000,283214,-0.7062418000,1.3864680000,-0.7170045000,0.1122836000,-0.2511964000,0.0360540700,0.9607252000,-0.7062418000,1.3864680000,-0.7170045000,0.1122836000,-0.2511964000,0.0360540700,0.9607252000,-0.7062418000,1.3864680000,-0.7170045000,0.1122836000,-0.2511964000,0.0360540700,0.9607252000,
280.7513000000,283224,-0.7069247000,1.3860540000,-0.7168868000,0.1141893000,-0.2522375000,0.0374493500,0.9601743000,-0.7069247000,1.3860540000,-0.7168868000,0.1141893000,-0.2522375000,0.0374493500,0.9601743000,-0.7069247000,1.3860540000,-0.7168868000,0.1141893000,-0.2522375000,0.0374493500,0.9601743000,
280.7627000000,283235,-0.7074606000,1.3856250000,-0.7167153000,0.1159012000,-0.2532783000,0.0386811200,0.9596462000,-0.7074606000,1.3856250000,-0.7167153000,0.1159012000,-0.2532783000,0.0386811200,0.9596462000,-0.7074606000,1.3856250000,-0.7167153000,0.1159012000,-0.2532783000,0.0386811200,0.9596462000,
280.7735000000,283247,-0.7080243000,1.3851700000,-0.7165582000,0.1176138000,-0.2543456000,0.0398579800,0.9591072000,-0.7080243000,1.3851700000,-0.7165582000,0.1176138000,-0.2543456000,0.0398579800,0.9591072000,-0.7080243000,1.3851700000,-0.7165582000,0.1176138000,-0.2543456000,0.0398579800,0.9591072000,
280.7845000000,283257,-0.7085886000,1.3847100000,-0.7162666000,0.1193902000,-0.2554344000,0.0410618100,0.9585475000,-0.7085886000,1.3847100000,-0.7162666000,0.1193902000,-0.2554344000,0.0410618100,0.9585475000,-0.7085886000,1.3847100000,-0.7162666000,0.1193902000,-0.2554344000,0.0410618100,0.9585475000,
280.7958000000,283269,-0.7091768000,1.3842340000,-0.7160764000,0.1210858000,-0.2565332000,0.0422962300,0.9579874000,-0.7091768000,1.3842340000,-0.7160764000,0.1210858000,-0.2565332000,0.0422962300,0.9579874000,-0.7091768000,1.3842340000,-0.7160764000,0.1210858000,-0.2565332000,0.0422962300,0.9579874000,
280.8071000000,283280,-0.7097974000,1.3838110000,-0.7158766000,0.1228416000,-0.2576077000,0.0434205500,0.9574252000,-0.7097974000,1.3838110000,-0.7158766000,0.1228416000,-0.2576077000,0.0434205500,0.9574252000,-0.7097974000,1.3838110000,-0.7158766000,0.1228416000,-0.2576077000,0.0434205500,0.9574252000,
280.8179000000,283291,-0.7102883000,1.3833490000,-0.7156446000,0.1245497000,-0.2586836000,0.0446538600,0.9568575000,-0.7102883000,1.3833490000,-0.7156446000,0.1245497000,-0.2586836000,0.0446538600,0.9568575000,-0.7102883000,1.3833490000,-0.7156446000,0.1245497000,-0.2586836000,0.0446538600,0.9568575000,
280.8294000000,283301,-0.7108345000,1.3828260000,-0.7153690000,0.1264116000,-0.2598053000,0.0457034900,0.9562597000,-0.7108345000,1.3828260000,-0.7153690000,0.1264116000,-0.2598053000,0.0457034900,0.9562597000,-0.7108345000,1.3828260000,-0.7153690000,0.1264116000,-0.2598053000,0.0457034900,0.9562597000,
280.8401000000,283314,-0.7112837000,1.3823530000,-0.7151065000,0.1281884000,-0.2608326000,0.0466919500,0.9556956000,-0.7112837000,1.3823530000,-0.7151065000,0.1281884000,-0.2608326000,0.0466919500,0.9556956000,-0.7112837000,1.3823530000,-0.7151065000,0.1281884000,-0.2608326000,0.0466919500,0.9556956000,
280.8514000000,283324,-0.7118504000,1.3817990000,-0.7148197000,0.1300261000,-0.2618760000,0.0475519400,0.9551194000,-0.7118504000,1.3817990000,-0.7148197000,0.1300261000,-0.2618760000,0.0475519400,0.9551194000,-0.7118504000,1.3817990000,-0.7148197000,0.1300261000,-0.2618760000,0.0475519400,0.9551194000,
280.8624000000,283335,-0.7123175000,1.3813800000,-0.7145419000,0.1317329000,-0.2628013000,0.0482379900,0.9545968000,-0.7123175000,1.3813800000,-0.7145419000,0.1317329000,-0.2628013000,0.0482379900,0.9545968000,-0.7123175000,1.3813800000,-0.7145419000,0.1317329000,-0.2628013000,0.0482379900,0.9545968000,
280.8737000000,283346,-0.7127266000,1.3809020000,-0.7142627000,0.1335183000,-0.2637641000,0.0487675800,0.9540561000,-0.7127266000,1.3809020000,-0.7142627000,0.1335183000,-0.2637641000,0.0487675800,0.9540561000,-0.7127266000,1.3809020000,-0.7142627000,0.1335183000,-0.2637641000,0.0487675800,0.9540561000,
280.8850000000,283357,-0.7130823000,1.3804600000,-0.7139130000,0.1352211000,-0.2643997000,0.0492623800,0.9536149000,-0.7130823000,1.3804600000,-0.7139130000,0.1352211000,-0.2643997000,0.0492623800,0.9536149000,-0.7130823000,1.3804600000,-0.7139130000,0.1352211000,-0.2643997000,0.0492623800,0.9536149000,
280.8959000000,283369,-0.7134879000,1.3800350000,-0.7136300000,0.1368666000,-0.2650217000,0.0496300500,0.9531883000,-0.7134879000,1.3800350000,-0.7136300000,0.1368666000,-0.2650217000,0.0496300500,0.9531883000,-0.7134879000,1.3800350000,-0.7136300000,0.1368666000,-0.2650217000,0.0496300500,0.9531883000,
280.9075000000,283379,-0.7138011000,1.3796270000,-0.7133267000,0.1385485000,-0.2655740000,0.0498847800,0.9527782000,-0.7138011000,1.3796270000,-0.7133267000,0.1385485000,-0.2655740000,0.0498847800,0.9527782000,-0.7138011000,1.3796270000,-0.7133267000,0.1385485000,-0.2655740000,0.0498847800,0.9527782000,
280.9181000000,283391,-0.7140555000,1.3792230000,-0.7129972000,0.1401320000,-0.2660737000,0.0500888200,0.9523965000,-0.7140555000,1.3792230000,-0.7129972000,0.1401320000,-0.2660737000,0.0500888200,0.9523965000,-0.7140555000,1.3792230000,-0.7129972000,0.1401320000,-0.2660737000,0.0500888200,0.9523965000,
280.9294000000,283402,-0.7142797000,1.3788940000,-0.7126904000,0.1416672000,-0.2663920000,0.0502650800,0.9520710000,-0.7142797000,1.3788940000,-0.7126904000,0.1416672000,-0.2663920000,0.0502650800,0.9520710000,-0.7142797000,1.3788940000,-0.7126904000,0.1416672000,-0.2663920000,0.0502650800,0.9520710000,
280.9403000000,283414,-0.7145038000,1.3785050000,-0.7123713000,0.1431335000,-0.2666871000,0.0504193400,0.9517608000,-0.7145038000,1.3785050000,-0.7123713000,0.1431335000,-0.2666871000,0.0504193400,0.9517608000,-0.7145038000,1.3785050000,-0.7123713000,0.1431335000,-0.2666871000,0.0504193400,0.9517608000,
280.9519000000,283424,-0.7145977000,1.3782190000,-0.7119169000,0.1445939000,-0.2669736000,0.0506602600,0.9514470000,-0.7145977000,1.3782190000,-0.7119169000,0.1445939000,-0.2669736000,0.0506602600,0.9514470000,-0.7145977000,1.3782190000,-0.7119169000,0.1445939000,-0.2669736000,0.0506602600,0.9514470000,
280.9631000000,283436,-0.7147617000,1.3778980000,-0.7115958000,0.1461021000,-0.2671529000,0.0509244400,0.9511521000,-0.7147617000,1.3778980000,-0.7115958000,0.1461021000,-0.2671529000,0.0509244400,0.9511521000,-0.7147617000,1.3778980000,-0.7115958000,0.1461021000,-0.2671529000,0.0509244400,0.9511521000,
280.9736000000,283447,-0.7148540000,1.3775350000,-0.7112055000,0.1473906000,-0.2674384000,0.0511643900,0.9508601000,-0.7148540000,1.3775350000,-0.7112055000,0.1473906000,-0.2674384000,0.0511643900,0.9508601000,-0.7148540000,1.3775350000,-0.7112055000,0.1473906000,-0.2674384000,0.0511643900,0.9508601000,
280.9845000000,283457,-0.7149539000,1.3771220000,-0.7107632000,0.1489217000,-0.2676544000,0.0515196200,0.9505416000,-0.7149539000,1.3771220000,-0.7107632000,0.1489217000,-0.2676544000,0.0515196200,0.9505416000,-0.7149539000,1.3771220000,-0.7107632000,0.1489217000,-0.2676544000,0.0515196200,0.9505416000,
280.9957000000,283469,-0.7149651000,1.3768140000,-0.7103586000,0.1503609000,-0.2678695000,0.0518806100,0.9502347000,-0.7149651000,1.3768140000,-0.7103586000,0.1503609000,-0.2678695000,0.0518806100,0.9502347000,-0.7149651000,1.3768140000,-0.7103586000,0.1503609000,-0.2678695000,0.0518806100,0.9502347000,
281.0067000000,283480,-0.7149775000,1.3764500000,-0.7100127000,0.1518540000,-0.2681163000,0.0522449500,0.9499076000,-0.7149775000,1.3764500000,-0.7100127000,0.1518540000,-0.2681163000,0.0522449500,0.9499076000,-0.7149775000,1.3764500000,-0.7100127000,0.1518540000,-0.2681163000,0.0522449500,0.9499076000,
281.0178000000,283491,-0.7150314000,1.3761020000,-0.7097342000,0.1532146000,-0.2681666000,0.0525021500,0.9496607000,-0.7150314000,1.3761020000,-0.7097342000,0.1532146000,-0.2681666000,0.0525021500,0.9496607000,-0.7150314000,1.3761020000,-0.7097342000,0.1532146000,-0.2681666000,0.0525021500,0.9496607000,
281.0290000000,283501,-0.7151318000,1.3757210000,-0.7095039000,0.1545317000,-0.2682177000,0.0527072200,0.9494215000,-0.7151318000,1.3757210000,-0.7095039000,0.1545317000,-0.2682177000,0.0527072200,0.9494215000,-0.7151318000,1.3757210000,-0.7095039000,0.1545317000,-0.2682177000,0.0527072200,0.9494215000,
281.0399000000,283513,-0.7152255000,1.3755040000,-0.7093301000,0.1559215000,-0.2682510000,0.0527678300,0.9491814000,-0.7152255000,1.3755040000,-0.7093301000,0.1559215000,-0.2682510000,0.0527678300,0.9491814000,-0.7152255000,1.3755040000,-0.7093301000,0.1559215000,-0.2682510000,0.0527678300,0.9491814000,
281.0531000000,283524,-0.7152822000,1.3752260000,-0.7091002000,0.1569261000,-0.2680747000,0.0526362300,0.9490731000,-0.7152822000,1.3752260000,-0.7091002000,0.1569261000,-0.2680747000,0.0526362300,0.9490731000,-0.7152822000,1.3752260000,-0.7091002000,0.1569261000,-0.2680747000,0.0526362300,0.9490731000,
281.0620000000,283537,-0.7152610000,1.3749810000,-0.7087853000,0.1580256000,-0.2678916000,0.0525434200,0.9489474000,-0.7152610000,1.3749810000,-0.7087853000,0.1580256000,-0.2678916000,0.0525434200,0.9489474000,-0.7152610000,1.3749810000,-0.7087853000,0.1580256000,-0.2678916000,0.0525434200,0.9489474000,
281.0736000000,283546,-0.7153215000,1.3747360000,-0.7085700000,0.1589045000,-0.2676820000,0.0524668300,0.9488640000,-0.7153215000,1.3747360000,-0.7085700000,0.1589045000,-0.2676820000,0.0524668300,0.9488640000,-0.7153215000,1.3747360000,-0.7085700000,0.1589045000,-0.2676820000,0.0524668300,0.9488640000,
281.0849000000,283557,-0.7151701000,1.3746180000,-0.7081199000,0.1597623000,-0.2675080000,0.0523807100,0.9487738000,-0.7151701000,1.3746180000,-0.7081199000,0.1597623000,-0.2675080000,0.0523807100,0.9487738000,-0.7151701000,1.3746180000,-0.7081199000,0.1597623000,-0.2675080000,0.0523807100,0.9487738000,
281.0963000000,283569,-0.7151372000,1.3744250000,-0.7078803000,0.1604668000,-0.2672303000,0.0524165600,0.9487312000,-0.7151372000,1.3744250000,-0.7078803000,0.1604668000,-0.2672303000,0.0524165600,0.9487312000,-0.7151372000,1.3744250000,-0.7078803000,0.1604668000,-0.2672303000,0.0524165600,0.9487312000,
281.1077000000,283580,-0.7150757000,1.3742860000,-0.7075405000,0.1612604000,-0.2670113000,0.0525292300,0.9486521000,-0.7150757000,1.3742860000,-0.7075405000,0.1612604000,-0.2670113000,0.0525292300,0.9486521000,-0.7150757000,1.3742860000,-0.7075405000,0.1612604000,-0.2670113000,0.0525292300,0.9486521000,
281.1185000000,283592,-0.7150056000,1.3741140000,-0.7072694000,0.1619368000,-0.2668561000,0.0526128000,0.9485759000,-0.7150056000,1.3741140000,-0.7072694000,0.1619368000,-0.2668561000,0.0526128000,0.9485759000,-0.7150056000,1.3741140000,-0.7072694000,0.1619368000,-0.2668561000,0.0526128000,0.9485759000,
281.1294000000,283603,-0.7150519000,1.3738820000,-0.7071068000,0.1624832000,-0.2667166000,0.0527172500,0.9485159000,-0.7150519000,1.3738820000,-0.7071068000,0.1624832000,-0.2667166000,0.0527172500,0.9485159000,-0.7150519000,1.3738820000,-0.7071068000,0.1624832000,-0.2667166000,0.0527172500,0.9485159000,
281.1405000000,283614,-0.7150824000,1.3736620000,-0.7069623000,0.1630726000,-0.2666489000,0.0529139600,0.9484228000,-0.7150824000,1.3736620000,-0.7069623000,0.1630726000,-0.2666489000,0.0529139600,0.9484228000,-0.7150824000,1.3736620000,-0.7069623000,0.1630726000,-0.2666489000,0.0529139600,0.9484228000,
281.1516000000,283625,-0.7151179000,1.3734610000,-0.7068326000,0.1636590000,-0.2665617000,0.0531142900,0.9483351000,-0.7151179000,1.3734610000,-0.7068326000,0.1636590000,-0.2665617000,0.0531142900,0.9483351000,-0.7151179000,1.3734610000,-0.7068326000,0.1636590000,-0.2665617000,0.0531142900,0.9483351000,
281.1627000000,283636,-0.7150691000,1.3733300000,-0.7066760000,0.1642626000,-0.2666334000,0.0531335600,0.9482095000,-0.7150691000,1.3733300000,-0.7066760000,0.1642626000,-0.2666334000,0.0531335600,0.9482095000,-0.7150691000,1.3733300000,-0.7066760000,0.1642626000,-0.2666334000,0.0531335600,0.9482095000,
281.1739000000,283647,-0.7151647000,1.3731120000,-0.7066147000,0.1648187000,-0.2666317000,0.0530576900,0.9481178000,-0.7151647000,1.3731120000,-0.7066147000,0.1648187000,-0.2666317000,0.0530576900,0.9481178000,-0.7151647000,1.3731120000,-0.7066147000,0.1648187000,-0.2666317000,0.0530576900,0.9481178000,
281.1849000000,283658,-0.7151065000,1.3730410000,-0.7063875000,0.1654725000,-0.2667090000,0.0531114300,0.9479791000,-0.7151065000,1.3730410000,-0.7063875000,0.1654725000,-0.2667090000,0.0531114300,0.9479791000,-0.7151065000,1.3730410000,-0.7063875000,0.1654725000,-0.2667090000,0.0531114300,0.9479791000,
281.1960000000,283669,-0.7151074000,1.3728730000,-0.7062593000,0.1660005000,-0.2669193000,0.0530819400,0.9478292000,-0.7151074000,1.3728730000,-0.7062593000,0.1660005000,-0.2669193000,0.0530819400,0.9478292000,-0.7151074000,1.3728730000,-0.7062593000,0.1660005000,-0.2669193000,0.0530819400,0.9478292000,
281.2073000000,283680,-0.7152646000,1.3727610000,-0.7063174000,0.1665807000,-0.2671322000,0.0530988300,0.9476665000,-0.7152646000,1.3727610000,-0.7063174000,0.1665807000,-0.2671322000,0.0530988300,0.9476665000,-0.7152646000,1.3727610000,-0.7063174000,0.1665807000,-0.2671322000,0.0530988300,0.9476665000,
281.2186000000,283691,-0.7152627000,1.3725940000,-0.7061954000,0.1671289000,-0.2672904000,0.0531453500,0.9475228000,-0.7152627000,1.3725940000,-0.7061954000,0.1671289000,-0.2672904000,0.0531453500,0.9475228000,-0.7152627000,1.3725940000,-0.7061954000,0.1671289000,-0.2672904000,0.0531453500,0.9475228000,
281.2299000000,283702,-0.7153394000,1.3724920000,-0.7060270000,0.1677098000,-0.2676525000,0.0533151900,0.9473083000,-0.7153394000,1.3724920000,-0.7060270000,0.1677098000,-0.2676525000,0.0533151900,0.9473083000,-0.7153394000,1.3724920000,-0.7060270000,0.1677098000,-0.2676525000,0.0533151900,0.9473083000,
281.2418000000,283714,-0.7154379000,1.3723710000,-0.7060304000,0.1682526000,-0.2680144000,0.0534775900,0.9471006000,-0.7154379000,1.3723710000,-0.7060304000,0.1682526000,-0.2680144000,0.0534775900,0.9471006000,-0.7154379000,1.3723710000,-0.7060304000,0.1682526000,-0.2680144000,0.0534775900,0.9471006000,
281.2521000000,283726,-0.7155583000,1.3720990000,-0.7060862000,0.1686989000,-0.2684616000,0.0537423200,0.9468795000,-0.7155583000,1.3720990000,-0.7060862000,0.1686989000,-0.2684616000,0.0537423200,0.9468795000,-0.7155583000,1.3720990000,-0.7060862000,0.1686989000,-0.2684616000,0.0537423200,0.9468795000,
281.2632000000,283736,-0.7158010000,1.3718420000,-0.7062397000,0.1692589000,-0.2689491000,0.0539251800,0.9466308000,-0.7158010000,1.3718420000,-0.7062397000,0.1692589000,-0.2689491000,0.0539251800,0.9466308000,-0.7158010000,1.3718420000,-0.7062397000,0.1692589000,-0.2689491000,0.0539251800,0.9466308000,
281.2743000000,283748,-0.7159007000,1.3716680000,-0.7062256000,0.1697165000,-0.2695740000,0.0540887500,0.9463618000,-0.7159007000,1.3716680000,-0.7062256000,0.1697165000,-0.2695740000,0.0540887500,0.9463618000,-0.7159007000,1.3716680000,-0.7062256000,0.1697165000,-0.2695740000,0.0540887500,0.9463618000,
281.2862000000,283759,-0.7159667000,1.3716740000,-0.7061064000,0.1702508000,-0.2702393000,0.0541959600,0.9460699000,-0.7159667000,1.3716740000,-0.7061064000,0.1702508000,-0.2702393000,0.0541959600,0.9460699000,-0.7159667000,1.3716740000,-0.7061064000,0.1702508000,-0.2702393000,0.0541959600,0.9460699000,
281.2971000000,283770,-0.7161009000,1.3715050000,-0.7061024000,0.1708479000,-0.2708161000,0.0542400800,0.9457948000,-0.7161009000,1.3715050000,-0.7061024000,0.1708479000,-0.2708161000,0.0542400800,0.9457948000,-0.7161009000,1.3715050000,-0.7061024000,0.1708479000,-0.2708161000,0.0542400800,0.9457948000,
281.3111000000,283781,-0.7158585000,1.3715110000,-0.7057390000,0.1715207000,-0.2714933000,0.0542634400,0.9454774000,-0.7158585000,1.3715110000,-0.7057390000,0.1715207000,-0.2714933000,0.0542634400,0.9454774000,-0.7158585000,1.3715110000,-0.7057390000,0.1715207000,-0.2714933000,0.0542634400,0.9454774000,
281.3251000000,283796,-0.7157884000,1.3714840000,-0.7055581000,0.1720107000,-0.2721833000,0.0545134800,0.9451755000,-0.7157884000,1.3714840000,-0.7055581000,0.1720107000,-0.2721833000,0.0545134800,0.9451755000,-0.7157884000,1.3714840000,-0.7055581000,0.1720107000,-0.2721833000,0.0545134800,0.9451755000,
281.3311000000,283809,-0.7159276000,1.3713210000,-0.7055366000,0.1724937000,-0.2728125000,0.0545856200,0.9449019000,-0.7159276000,1.3713210000,-0.7055366000,0.1724937000,-0.2728125000,0.0545856200,0.9449019000,-0.7159276000,1.3713210000,-0.7055366000,0.1724937000,-0.2728125000,0.0545856200,0.9449019000,
281.3373000000,283809,-0.7160332000,1.3712020000,-0.7054648000,0.1730714000,-0.2735548000,0.0548110800,0.9445686000,-0.7160332000,1.3712020000,-0.7054648000,0.1730714000,-0.2735548000,0.0548110800,0.9445686000,-0.7160332000,1.3712020000,-0.7054648000,0.1730714000,-0.2735548000,0.0548110800,0.9445686000,
281.3475000000,283821,-0.7163355000,1.3710170000,-0.7055409000,0.1735480000,-0.2743385000,0.0550487300,0.9442400000,-0.7163355000,1.3710170000,-0.7055409000,0.1735480000,-0.2743385000,0.0550487300,0.9442400000,-0.7163355000,1.3710170000,-0.7055409000,0.1735480000,-0.2743385000,0.0550487300,0.9442400000,
281.3586000000,283831,-0.7165554000,1.3708480000,-0.7055769000,0.1741138000,-0.2752823000,0.0554661300,0.9438366000,-0.7165554000,1.3708480000,-0.7055769000,0.1741138000,-0.2752823000,0.0554661300,0.9438366000,-0.7165554000,1.3708480000,-0.7055769000,0.1741138000,-0.2752823000,0.0554661300,0.9438366000,
281.3698000000,283842,-0.7167013000,1.3707110000,-0.7055111000,0.1745663000,-0.2764444000,0.0559413000,0.9433852000,-0.7167013000,1.3707110000,-0.7055111000,0.1745663000,-0.2764444000,0.0559413000,0.9433852000,-0.7167013000,1.3707110000,-0.7055111000,0.1745663000,-0.2764444000,0.0559413000,0.9433852000,
281.3810000000,283854,-0.7169719000,1.3705370000,-0.7056155000,0.1750886000,-0.2776398000,0.0563489700,0.9429130000,-0.7169719000,1.3705370000,-0.7056155000,0.1750886000,-0.2776398000,0.0563489700,0.9429130000,-0.7169719000,1.3705370000,-0.7056155000,0.1750886000,-0.2776398000,0.0563489700,0.9429130000,
281.3918000000,283865,-0.7172441000,1.3703900000,-0.7056077000,0.1757663000,-0.2788235000,0.0568367600,0.9424083000,-0.7172441000,1.3703900000,-0.7056077000,0.1757663000,-0.2788235000,0.0568367600,0.9424083000,-0.7172441000,1.3703900000,-0.7056077000,0.1757663000,-0.2788235000,0.0568367600,0.9424083000,
281.4031000000,283875,-0.7178051000,1.3700710000,-0.7058861000,0.1763763000,-0.2800584000,0.0572580800,0.9419025000,-0.7178051000,1.3700710000,-0.7058861000,0.1763763000,-0.2800584000,0.0572580800,0.9419025000,-0.7178051000,1.3700710000,-0.7058861000,0.1763763000,-0.2800584000,0.0572580800,0.9419025000,
281.4146000000,283887,-0.7181389000,1.3698520000,-0.7059500000,0.1769585000,-0.2813745000,0.0577612700,0.9413701000,-0.7181389000,1.3698520000,-0.7059500000,0.1769585000,-0.2813745000,0.0577612700,0.9413701000,-0.7181389000,1.3698520000,-0.7059500000,0.1769585000,-0.2813745000,0.0577612700,0.9413701000,
281.4254000000,283898,-0.7186823000,1.3696130000,-0.7060947000,0.1775775000,-0.2827443000,0.0582583600,0.9408123000,-0.7186823000,1.3696130000,-0.7060947000,0.1775775000,-0.2827443000,0.0582583600,0.9408123000,-0.7186823000,1.3696130000,-0.7060947000,0.1775775000,-0.2827443000,0.0582583600,0.9408123000,
281.4366000000,283909,-0.7190444000,1.3694010000,-0.7061644000,0.1781360000,-0.2843308000,0.0587645500,0.9401969000,-0.7190444000,1.3694010000,-0.7061644000,0.1781360000,-0.2843308000,0.0587645500,0.9401969000,-0.7190444000,1.3694010000,-0.7061644000,0.1781360000,-0.2843308000,0.0587645500,0.9401969000,
281.4478000000,283920,-0.7193713000,1.3692200000,-0.7061403000,0.1787271000,-0.2860518000,0.0596240800,0.9395084000,-0.7193713000,1.3692200000,-0.7061403000,0.1787271000,-0.2860518000,0.0596240800,0.9395084000,-0.7193713000,1.3692200000,-0.7061403000,0.1787271000,-0.2860518000,0.0596240800,0.9395084000,
281.4585000000,283932,-0.7197945000,1.3690270000,-0.7062681000,0.1794087000,-0.2878978000,0.0604529000,0.9387613000,-0.7197945000,1.3690270000,-0.7062681000,0.1794087000,-0.2878978000,0.0604529000,0.9387613000,-0.7197945000,1.3690270000,-0.7062681000,0.1794087000,-0.2878978000,0.0604529000,0.9387613000,
281.4697000000,283942,-0.7204609000,1.3686250000,-0.7065601000,0.1801044000,-0.2900402000,0.0613581900,0.9379095000,-0.7204609000,1.3686250000,-0.7065601000,0.1801044000,-0.2900402000,0.0613581900,0.9379095000,-0.7204609000,1.3686250000,-0.7065601000,0.1801044000,-0.2900402000,0.0613581900,0.9379095000,
281.4807000000,283954,-0.7209053000,1.3685550000,-0.7065458000,0.1809590000,-0.2922085000,0.0623427000,0.9370067000,-0.7209053000,1.3685550000,-0.7065458000,0.1809590000,-0.2922085000,0.0623427000,0.9370067000,-0.7209053000,1.3685550000,-0.7065458000,0.1809590000,-0.2922085000,0.0623427000,0.9370067000,
281.4991000000,283965,-0.7214799000,1.3682150000,-0.7066758000,0.1819563000,-0.2946396000,0.0634785000,0.9359754000,-0.7214799000,1.3682150000,-0.7066758000,0.1819563000,-0.2946396000,0.0634785000,0.9359754000,-0.7214799000,1.3682150000,-0.7066758000,0.1819563000,-0.2946396000,0.0634785000,0.9359754000,
281.5061000000,283983,-0.7218993000,1.3679850000,-0.7066586000,0.1828264000,-0.2969776000,0.0644444100,0.9350004000,-0.7218993000,1.3679850000,-0.7066586000,0.1828264000,-0.2969776000,0.0644444100,0.9350004000,-0.7218993000,1.3679850000,-0.7066586000,0.1828264000,-0.2969776000,0.0644444100,0.9350004000,
281.5141000000,283983,-0.7224514000,1.3676450000,-0.7068219000,0.1839372000,-0.2991096000,0.0652841800,0.9340442000,-0.7224514000,1.3676450000,-0.7068219000,0.1839372000,-0.2991096000,0.0652841800,0.9340442000,-0.7224514000,1.3676450000,-0.7068219000,0.1839372000,-0.2991096000,0.0652841800,0.9340442000,
281.5265000000,283998,-0.7228153000,1.3673290000,-0.7068284000,0.1850171000,-0.3014038000,0.0663108000,0.9330205000,-0.7228153000,1.3673290000,-0.7068284000,0.1850171000,-0.3014038000,0.0663108000,0.9330205000,-0.7228153000,1.3673290000,-0.7068284000,0.1850171000,-0.3014038000,0.0663108000,0.9330205000,
281.5363000000,284011,-0.7233541000,1.3669320000,-0.7070484000,0.1862183000,-0.3037026000,0.0673227700,0.9319631000,-0.7233541000,1.3669320000,-0.7070484000,0.1862183000,-0.3037026000,0.0673227700,0.9319631000,-0.7233541000,1.3669320000,-0.7070484000,0.1862183000,-0.3037026000,0.0673227700,0.9319631000,
281.5479000000,284020,-0.7241204000,1.3662700000,-0.7074742000,0.1874640000,-0.3059131000,0.0683469200,0.9309152000,-0.7241204000,1.3662700000,-0.7074742000,0.1874640000,-0.3059131000,0.0683469200,0.9309152000,-0.7241204000,1.3662700000,-0.7074742000,0.1874640000,-0.3059131000,0.0683469200,0.9309152000,
281.5583000000,284032,-0.7246907000,1.3657880000,-0.7077243000,0.1885762000,-0.3081987000,0.0694065800,0.9298577000,-0.7246907000,1.3657880000,-0.7077243000,0.1885762000,-0.3081987000,0.0694065800,0.9298577000,-0.7246907000,1.3657880000,-0.7077243000,0.1885762000,-0.3081987000,0.0694065800,0.9298577000,
281.5696000000,284042,-0.7257116000,1.3651190000,-0.7082832000,0.1896335000,-0.3103895000,0.0707428800,0.9288127000,-0.7257116000,1.3651190000,-0.7082832000,0.1896335000,-0.3103895000,0.0707428800,0.9288127000,-0.7257116000,1.3651190000,-0.7082832000,0.1896335000,-0.3103895000,0.0707428800,0.9288127000,
281.5804000000,284053,-0.7266421000,1.3645350000,-0.7088909000,0.1903753000,-0.3125344000,0.0720455600,0.9278410000,-0.7266421000,1.3645350000,-0.7088909000,0.1903753000,-0.3125344000,0.0720455600,0.9278410000,-0.7266421000,1.3645350000,-0.7088909000,0.1903753000,-0.3125344000,0.0720455600,0.9278410000,
281.5917000000,284064,-0.7274351000,1.3639110000,-0.7092054000,0.1908043000,-0.3148497000,0.0731279300,0.9268849000,-0.7274351000,1.3639110000,-0.7092054000,0.1908043000,-0.3148497000,0.0731279300,0.9268849000,-0.7274351000,1.3639110000,-0.7092054000,0.1908043000,-0.3148497000,0.0731279300,0.9268849000,
281.6029000000,284076,-0.7283747000,1.3632160000,-0.7095788000,0.1910668000,-0.3168935000,0.0742716300,0.9260431000,-0.7283747000,1.3632160000,-0.7095788000,0.1910668000,-0.3168935000,0.0742716300,0.9260431000,-0.7283747000,1.3632160000,-0.7095788000,0.1910668000,-0.3168935000,0.0742716300,0.9260431000,
281.6139000000,284087,-0.7291267000,1.3626350000,-0.7098255000,0.1913750000,-0.3187683000,0.0753271200,0.9252504000,-0.7291267000,1.3626350000,-0.7098255000,0.1913750000,-0.3187683000,0.0753271200,0.9252504000,-0.7291267000,1.3626350000,-0.7098255000,0.1913750000,-0.3187683000,0.0753271200,0.9252504000,
281.6249000000,284098,-0.7300973000,1.3619470000,-0.7103198000,0.1921006000,-0.3203271000,0.0763761600,0.9244753000,-0.7300973000,1.3619470000,-0.7103198000,0.1921006000,-0.3203271000,0.0763761600,0.9244753000,-0.7300973000,1.3619470000,-0.7103198000,0.1921006000,-0.3203271000,0.0763761600,0.9244753000,
281.6359000000,284109,-0.7308249000,1.3613760000,-0.7106516000,0.1930749000,-0.3219692000,0.0774169800,0.9236149000,-0.7308249000,1.3613760000,-0.7106516000,0.1930749000,-0.3219692000,0.0774169800,0.9236149000,-0.7308249000,1.3613760000,-0.7106516000,0.1930749000,-0.3219692000,0.0774169800,0.9236149000,
281.6471000000,284119,-0.7316890000,1.3607710000,-0.7110710000,0.1944040000,-0.3234112000,0.0786072400,0.9227314000,-0.7316890000,1.3607710000,-0.7110710000,0.1944040000,-0.3234112000,0.0786072400,0.9227314000,-0.7316890000,1.3607710000,-0.7110710000,0.1944040000,-0.3234112000,0.0786072400,0.9227314000,
281.6581000000,284131,-0.7324283000,1.3602150000,-0.7114780000,0.1955350000,-0.3247596000,0.0796193600,0.9219317000,-0.7324283000,1.3602150000,-0.7114780000,0.1955350000,-0.3247596000,0.0796193600,0.9219317000,-0.7324283000,1.3602150000,-0.7114780000,0.1955350000,-0.3247596000,0.0796193600,0.9219317000,
281.6693000000,284142,-0.7333355000,1.3595210000,-0.7119741000,0.1963252000,-0.3260118000,0.0805702800,0.9212390000,-0.7333355000,1.3595210000,-0.7119741000,0.1963252000,-0.3260118000,0.0805702800,0.9212390000,-0.7333355000,1.3595210000,-0.7119741000,0.1963252000,-0.3260118000,0.0805702800,0.9212390000,
281.6806000000,284153,-0.7339661000,1.3591940000,-0.7121575000,0.1972854000,-0.3271399000,0.0815012500,0.9205518000,-0.7339661000,1.3591940000,-0.7121575000,0.1972854000,-0.3271399000,0.0815012500,0.9205518000,-0.7339661000,1.3591940000,-0.7121575000,0.1972854000,-0.3271399000,0.0815012500,0.9205518000,
281.6917000000,284165,-0.7347374000,1.3587490000,-0.7124810000,0.1984292000,-0.3280890000,0.0826362700,0.9198667000,-0.7347374000,1.3587490000,-0.7124810000,0.1984292000,-0.3280890000,0.0826362700,0.9198667000,-0.7347374000,1.3587490000,-0.7124810000,0.1984292000,-0.3280890000,0.0826362700,0.9198667000,
281.7026000000,284175,-0.7355382000,1.3583150000,-0.7129447000,0.1996038000,-0.3287910000,0.0835281400,0.9192812000,-0.7355382000,1.3583150000,-0.7129447000,0.1996038000,-0.3287910000,0.0835281400,0.9192812000,-0.7355382000,1.3583150000,-0.7129447000,0.1996038000,-0.3287910000,0.0835281400,0.9192812000,
281.7138000000,284186,-0.7362385000,1.3579290000,-0.7132154000,0.2008159000,-0.3294393000,0.0846364700,0.9186835000,-0.7362385000,1.3579290000,-0.7132154000,0.2008159000,-0.3294393000,0.0846364700,0.9186835000,-0.7362385000,1.3579290000,-0.7132154000,0.2008159000,-0.3294393000,0.0846364700,0.9186835000,
281.7252000000,284198,-0.7371731000,1.3574790000,-0.7137597000,0.2020750000,-0.3295959000,0.0859508100,0.9182291000,-0.7371731000,1.3574790000,-0.7137597000,0.2020750000,-0.3295959000,0.0859508100,0.9182291000,-0.7371731000,1.3574790000,-0.7137597000,0.2020750000,-0.3295959000,0.0859508100,0.9182291000,
281.7473000000,284225,-0.7378902000,1.3570860000,-0.7141290000,0.2032380000,-0.3302774000,0.0870827200,0.9176207000,-0.7378902000,1.3570860000,-0.7141290000,0.2032380000,-0.3302774000,0.0870827200,0.9176207000,-0.7378902000,1.3570860000,-0.7141290000,0.2032380000,-0.3302774000,0.0870827200,0.9176207000,
281.7578000000,284231,-0.7399764000,1.3559530000,-0.7152805000,0.2065021000,-0.3321780000,0.0903505700,0.9158884000,-0.7399764000,1.3559530000,-0.7152805000,0.2065021000,-0.3321780000,0.0903505700,0.9158884000,-0.7399764000,1.3559530000,-0.7152805000,0.2065021000,-0.3321780000,0.0903505700,0.9158884000,
281.7690000000,284241,-0.7395606000,1.3561360000,-0.7150385000,0.2063982000,-0.3320135000,0.0904293700,0.9159636000,-0.7395606000,1.3561360000,-0.7150385000,0.2063982000,-0.3320135000,0.0904293700,0.9159636000,-0.7395606000,1.3561360000,-0.7150385000,0.2063982000,-0.3320135000,0.0904293700,0.9159636000,
281.7803000000,284253,-0.7402294000,1.3558310000,-0.7155495000,0.2070280000,-0.3324581000,0.0915024800,0.9155536000,-0.7402294000,1.3558310000,-0.7155495000,0.2070280000,-0.3324581000,0.0915024800,0.9155536000,-0.7402294000,1.3558310000,-0.7155495000,0.2070280000,-0.3324581000,0.0915024800,0.9155536000,
281.7910000000,284264,-0.7407951000,1.3555550000,-0.7158859000,0.2075118000,-0.3328775000,0.0927453100,0.9151665000,-0.7407951000,1.3555550000,-0.7158859000,0.2075118000,-0.3328775000,0.0927453100,0.9151665000,-0.7407951000,1.3555550000,-0.7158859000,0.2075118000,-0.3328775000,0.0927453100,0.9151665000,
281.8026000000,284274,-0.7412529000,1.3552330000,-0.7162693000,0.2076585000,-0.3334066000,0.0940943400,0.9148028000,-0.7412529000,1.3552330000,-0.7162693000,0.2076585000,-0.3334066000,0.0940943400,0.9148028000,-0.7412529000,1.3552330000,-0.7162693000,0.2076585000,-0.3334066000,0.0940943400,0.9148028000,
281.8136000000,284287,-0.7417722000,1.3549010000,-0.7165730000,0.2078138000,-0.3339864000,0.0956989600,0.9143896000,-0.7417722000,1.3549010000,-0.7165730000,0.2078138000,-0.3339864000,0.0956989600,0.9143896000,-0.7417722000,1.3549010000,-0.7165730000,0.2078138000,-0.3339864000,0.0956989600,0.9143896000,
