unity_timestamp,eye_timestamp,left_validata,left_eye_openness,left_eye_pupil_diameter,left_eye_origin.x,left_eye_origin.y,left_eye_origin.z,left_eye_gaze.x,left_eye_gaze.y,left_eye_gaze.z,right_validata,right_eye_openness,right_eye_pupil_diameter,right_eye_origin.x,right_eye_origin.y,right_eye_origin.z,right_eye_gaze.x,right_eye_gaze.y,right_eye_gaze.z,combined_eye_origin.x,combined_eye_origin.y,combined_eye_origin.z,combined_eye_gaze.x,combined_eye_gaze.y,combined_eye_gaze.z,gaze_distance,
8.62539,4293835,True,1.0000000000,4.2166750000,-0.0324861800,0.0008571473,-0.0322565000,0.1816881000,-0.1213543000,0.9758394000,True,1.0000000000,4.4392400000,0.0340182000,0.0005206452,-0.0331113000,0.0290836000,-0.0864573300,0.9958310000,-0.0299728600,0.0008444367,-0.0322888000,0.1759981000,-0.1200889000,0.9770380000,0.0000000000,
8.62539,4293843,True,1.0000000000,4.2308040000,-0.0326093800,0.0011650090,-0.0326418900,0.1291212000,-0.0683905700,0.9892676000,True,1.0000000000,4.4187470000,0.0338486700,0.0007249756,-0.0330784200,-0.0047455100,-0.0227052000,0.9997309000,-0.0319827100,0.0011608730,-0.0326460000,0.1278691000,-0.0679628900,0.9894597000,0.0000000000,
8.62539,4293868,True,1.0000000000,4.2811580000,-0.0329205000,0.0014949190,-0.0320827000,0.0977639300,0.0449222700,0.9941952000,True,1.0000000000,4.4860380000,0.0334184300,0.0014378810,-0.0335078600,-0.0937208300,0.1009994000,0.9904623000,-0.0327489000,0.0014947660,-0.0320863800,0.0972601300,0.0450594900,0.9942384000,0.0000000000,
8.62539,4293885,True,1.0000000000,4.2653350000,-0.0329794000,0.0015953220,-0.0324146300,0.1004500000,0.0446325700,0.9939405000,True,1.0000000000,4.4166870000,0.0334138900,0.0017791750,-0.0344023100,-0.0944216700,0.0776979800,0.9924957000,-0.0326897900,0.0015961300,-0.0324233000,0.0996108600,0.0447852100,0.9940181000,0.0000000000,
8.643058,4293918,True,1.0000000000,4.2852020000,-0.0330593100,0.0013897550,-0.0320416900,0.1018984000,0.0372467900,0.9940973000,True,1.0000000000,4.3792880000,0.0334730600,0.0013280640,-0.0332896200,-0.0959323600,0.1003727000,0.9903142000,-0.0330044700,0.0013897100,-0.0320427300,0.1017457000,0.0373077600,0.9941106000,0.0000000000,
8.643058,4293943,True,1.0000000000,4.2741240000,-0.0330581700,0.0013368680,-0.0318879600,0.1024643000,0.0401312300,0.9939268000,True,1.0000000000,4.4029850000,0.0335314800,0.0014132540,-0.0336121400,-0.0879986500,0.0914777100,0.9919113000,-0.0329543900,0.0013369900,-0.0318906400,0.1021740000,0.0402226000,0.9939530000,0.0000000000,
8.643058,4293960,True,1.0000000000,4.2835080000,-0.0330450200,0.0013557740,-0.0318942100,0.1066134000,0.0378876600,0.9935784000,True,1.0000000000,4.3359830000,0.0335953400,0.0014957890,-0.0338516600,-0.0948803100,0.0834360700,0.9919859000,-0.0328318000,0.0013562160,-0.0319004700,0.1059728000,0.0380250800,0.9936417000,0.0000000000,
8.675607,4293968,True,1.0000000000,4.2214810000,-0.0330380100,0.0013695070,-0.0319184600,0.1012424000,0.0381776300,0.9941290000,True,1.0000000000,4.3849640000,0.0336142300,0.0014603420,-0.0337720200,-0.1021432000,0.0845039300,0.9911740000,-0.0324932700,0.0013702390,-0.0319336100,0.0996095000,0.0385590100,0.9942792000,0.0000000000,
8.684264,4293976,True,1.0000000000,4.2551730000,-0.0330305700,0.0013600160,-0.0318939700,0.1090105000,0.0394903600,0.9932559000,True,1.0000000000,4.4030300000,0.0336309500,0.0012592930,-0.0332380500,-0.0932630000,0.0987104600,0.9907362000,-0.0322847800,0.0013588870,-0.0319090200,0.1067661000,0.0401612700,0.9934728000,0.0000000000,
8.695119,4294001,True,1.0000000000,4.2214510000,-0.0330182400,0.0013572080,-0.0319038300,0.1032414000,0.0452577700,0.9936262000,True,1.0000000000,4.3407440000,0.0336647000,0.0015068970,-0.0339868900,-0.1041578000,0.0776071500,0.9915283000,-0.0320981300,0.0013592680,-0.0319325600,0.1004043000,0.0457160100,0.9938958000,0.0000000000,
8.706161,4294010,True,1.0000000000,4.2702030000,-0.0330184800,0.0013437040,-0.0318620300,0.1050115000,0.0390779500,0.9937029000,True,1.0000000000,4.3260650000,0.0336699200,0.0015277560,-0.0340412800,-0.0988478400,0.0761271900,0.9921864000,-0.0322043000,0.0013459470,-0.0318886400,0.1025407000,0.0395361500,0.9939428000,0.0000000000,
8.706161,4294018,True,1.0000000000,4.2229460000,-0.0330205700,0.0013365170,-0.0318370700,0.1044467000,0.0398560700,0.9937316000,True,1.0000000000,4.3905030000,0.0336727500,0.0015102690,-0.0339688600,-0.1008922000,0.0782326500,0.9918168000,-0.0326115400,0.0013375860,-0.0318501400,0.1031954000,0.0400849400,0.9938531000,0.0000000000,
8.718098,4294026,True,1.0000000000,4.2338100000,-0.0330226600,0.0013293910,-0.0318135500,0.1059119000,0.0389406700,0.9936127000,True,1.0000000000,4.3364560000,0.0336552000,0.0013277280,-0.0334802600,-0.0874033000,0.0888986800,0.9921984000,-0.0327585200,0.0013293910,-0.0318201400,0.1051487000,0.0391389200,0.9936860000,0.0000000000,
8.728786,4294035,True,1.0000000000,4.2038120000,-0.0330238800,0.0013293610,-0.0318128200,0.1062326000,0.0375827400,0.9936308000,True,1.0000000000,4.3364870000,0.0336659400,0.0014133910,-0.0337175800,-0.0942397900,0.0819257500,0.9921729000,-0.0327634100,0.0013296810,-0.0318202700,0.1054544000,0.0377658300,0.9937068000,0.0000000000,
8.728786,4294043,True,1.0000000000,4.2079770000,-0.0330251000,0.0013293150,-0.0318121100,0.1067509000,0.0386659100,0.9935337000,True,1.0000000000,4.4040990000,0.0336616700,0.0013516540,-0.0335609100,-0.0880893900,0.0807651400,0.9928329000,-0.0324159900,0.0013295290,-0.0318280600,0.1049814000,0.0390476000,0.9937073000,0.0000000000,
8.739837,4294051,True,1.0000000000,4.2153630000,-0.0330268000,0.0013236540,-0.0317925900,0.1071029000,0.0382085400,0.9935135000,True,1.0000000000,4.3679810000,0.0336709600,0.0013392640,-0.0335301100,-0.0880441800,0.0840463300,0.9925646000,-0.0325275100,0.0013237760,-0.0318055900,0.1056522000,0.0385590800,0.9936553000,0.0000000000,
8.739837,4294060,True,1.0000000000,4.2227940000,-0.0330251000,0.0013179930,-0.0317730700,0.1068737000,0.0377506300,0.9935557000,True,1.0000000000,4.3077240000,0.0336806700,0.0013368530,-0.0335564000,-0.0849307800,0.0860446700,0.9926646000,-0.0325438400,0.0013181310,-0.0317859400,0.1054999000,0.0381014300,0.9936891000,0.0000000000,
8.751819,4294068,True,1.0000000000,4.2059480000,-0.0330183400,0.0012750700,-0.0316812500,0.1101087000,0.0380558600,0.9931908000,True,1.0000000000,4.3891450000,0.0337170000,0.0014473270,-0.0339097300,-0.1025858000,0.0789496900,0.9915861000,-0.0326907100,0.0012759090,-0.0316921800,0.1090711000,0.0382542300,0.9932976000,0.0000000000,
8.761634,4294076,True,1.0000000000,4.2434080000,-0.0330109000,0.0012549440,-0.0316521200,0.1033938000,0.0421753800,0.9937459000,True,1.0000000000,4.3998260000,0.0337237600,0.0014311070,-0.0339011100,-0.1045847000,0.0726172700,0.9918613000,-0.0319697000,0.0012576900,-0.0316872100,0.1001745000,0.0426638200,0.9940547000,0.0000000000,
8.761634,4294085,True,1.0000000000,4.2111820000,-0.0330170000,0.0011846470,-0.0314527300,0.1105502000,0.0397492600,0.9930754000,True,1.0000000000,4.3770600000,0.0337269600,0.0014351810,-0.0339130900,-0.1038821000,0.0692598500,0.9921752000,-0.0297708000,0.0011968380,-0.0315723900,0.1002213000,0.0412299000,0.9941105000,0.0000000000,
8.772775,4294093,True,1.0000000000,4.2723080000,-0.0330118900,0.0011697390,-0.0314305400,0.1090245000,0.0397340600,0.9932446000,True,1.0000000000,4.3878330000,0.0337176100,0.0012802890,-0.0335250300,-0.0899671200,0.0735636800,0.9932241000,-0.0227032500,0.0011868130,-0.0317541100,0.0784923400,0.0450903700,0.9958945000,0.0000000000,
8.772775,4294101,True,1.0000000000,4.2352290000,-0.0330040600,0.0011846920,-0.0315052200,0.1033641000,0.0402073300,0.9938306000,True,1.0000000000,4.4071960000,0.0337207400,0.0013087160,-0.0336279500,-0.0838479300,0.0814522700,0.9931440000,-0.0099548490,0.0012275390,-0.0322384800,0.0388491000,0.0546878200,0.9977475000,0.0000000000,
8.784112,4294110,True,1.0000000000,4.2630460000,-0.0330096900,0.0011397860,-0.0313927800,0.1081255000,0.0418555100,0.9932557000,True,1.0000000000,4.4025270000,0.0337202800,0.0013097540,-0.0336631600,-0.0920424800,0.0726177400,0.9931036000,0.0066504210,0.0012407990,-0.0327421600,-0.0108948200,0.0604403400,0.9981124000,0.0000000000,
8.794907,4294118,True,1.0000000000,4.2018890000,-0.0330120500,0.0011267240,-0.0313855700,0.1130383000,0.0340579800,0.9930068000,True,1.0000000000,4.3880160000,0.0337197000,0.0013164670,-0.0337061500,-0.0900881300,0.0695497400,0.9935024000,0.0103896000,0.0012501220,-0.0328948500,-0.0191652800,0.0574195400,0.9981662000,0.0000000000,
8.806021,4294126,True,1.0000000000,4.1819150000,-0.0330112500,0.0011320040,-0.0314366600,0.1049970000,0.0365299700,0.9938014000,True,1.0000000000,4.3551640000,0.0337180300,0.0013227690,-0.0337336400,-0.0920261600,0.0687258900,0.9933821000,0.0071508180,0.0012468110,-0.0328191400,-0.0136414400,0.0561831900,0.9983273000,0.0000000000,
8.806021,4294135,True,1.0000000000,4.1913450000,-0.0330174000,0.0011219790,-0.0314408700,0.1051649000,0.0422216000,0.9935581000,True,1.0000000000,4.3616330000,0.0337212700,0.0013214420,-0.0337404300,-0.0845034500,0.0662233600,0.9942201000,-0.0005404205,0.0012190400,-0.0325599100,0.0129090100,0.0541537400,0.9984491000,0.0000000000,
8.81765,4294143,True,1.0000000000,4.2153630000,-0.0330233600,0.0010907750,-0.0313683600,0.1070568000,0.0466161000,0.9931595000,True,1.0000000000,4.3374180000,0.0337272100,0.0013236850,-0.0337676900,-0.0956587000,0.0691385500,0.9930102000,-0.0071507110,0.0011810460,-0.0322983400,0.0286257800,0.0556188400,0.9980416000,0.0000000000,
8.828565,4294151,True,1.0000000000,4.1645510000,-0.0330188600,0.0011105500,-0.0314492700,0.1021582000,0.0446627400,0.9937650000,True,1.0000000000,4.3281400000,0.0337327900,0.0013317410,-0.0338143300,-0.0939028000,0.0712434500,0.9930291000,-0.0139306800,0.0011737980,-0.0321255800,0.0462801800,0.0524752800,0.9975492000,0.0000000000,
8.839393,4294168,True,1.0000000000,4.1728360000,-0.0330201600,0.0010595550,-0.0312978400,0.1123206000,0.0356447400,0.9930325000,True,1.0000000000,4.2474060000,0.0337472400,0.0013786320,-0.0339074400,-0.1068578000,0.0551912900,0.9927413000,-0.0082786720,0.0011777950,-0.0322648500,0.0312809700,0.0431219600,0.9985800000,0.0000000000,
8.850842,4294176,True,1.0000000000,4.1679380000,-0.0330119400,0.0010804290,-0.0313656300,0.1114672000,0.0371709900,0.9930727000,True,1.0000000000,4.2912600000,0.0337498800,0.0013550260,-0.0338428400,-0.1007397000,0.0541998700,0.9934354000,-0.0038681180,0.0012003020,-0.0324470100,0.0189362300,0.0448610100,0.9988137000,0.0000000000,
8.861744,4294185,True,1.0000000000,4.1180730000,-0.0330081500,0.0010926210,-0.0314055600,0.1100172000,0.0341190700,0.9933439000,True,1.0000000000,4.2359770000,0.0337509300,0.0013338170,-0.0337835000,-0.1052095000,0.0528717900,0.9930436000,-0.0036939390,0.0011985320,-0.0324497200,0.0155946100,0.0426028800,0.9989704000,0.0000000000,
8.872701,4294193,True,1.0000000000,4.1250610000,-0.0330043800,0.0011047210,-0.0314427100,0.1091022000,0.0342565600,0.9934401000,True,1.0000000000,4.2068330000,0.0337520200,0.0013269040,-0.0337703400,-0.1031356000,0.0544136000,0.9931778000,0.0007762604,0.0012171480,-0.0326205600,0.0017089940,0.0447085100,0.9989986000,0.0000000000,
8.883863,4294201,True,1.0000000000,4.1720580000,-0.0330008400,0.0010881350,-0.0313334800,0.1057593000,0.0369875100,0.9937036000,True,1.0000000000,4.2533420000,0.0337511600,0.0013492740,-0.0338079900,-0.0979924900,0.0529025200,0.9937800000,0.0035999450,0.0012313080,-0.0326902800,-0.0059815020,0.0459446500,0.9989261000,0.0000000000,
8.883863,4294210,True,1.0000000000,4.0996400000,-0.0330059700,0.0013647770,-0.0318045500,0.0828565400,0.0479438700,0.9954076000,True,1.0000000000,4.1658630000,0.0337044400,0.0015159910,-0.0340428500,-0.1010595000,0.0668033100,0.9926350000,0.0111755100,0.0014649200,-0.0332869600,-0.0390930700,0.0606690300,0.9973921000,0.0000000000,
8.895146,4294218,True,1.0000000000,4.1199950000,-0.0329905100,0.0016685490,-0.0320942800,0.0702522000,0.1068889000,0.9917860000,True,1.0000000000,4.2074740000,0.0336150800,0.0013980870,-0.0330212400,-0.1016698000,0.1536263000,0.9828846000,0.0184698500,0.0014595800,-0.0328104700,-0.0627443000,0.1434025000,0.9876735000,0.0000000000,
8.906068,4294226,True,1.0000000000,4.0755770000,-0.0329828200,0.0019116670,-0.0319219200,0.0618290400,0.1770337000,0.9822608000,True,1.0000000000,4.1175840000,0.0334681900,0.0018342740,-0.0334689500,-0.1010911000,0.2055849000,0.9734040000,0.0219642200,0.0018476720,-0.0332011300,-0.0730289800,0.2010357000,0.9768580000,0.0000000000,
8.906068,4294235,True,1.0000000000,3.9214020000,-0.0329773400,0.0021779480,-0.0318357200,0.0683602300,0.2388793000,0.9686400000,True,1.0000000000,4.1861110000,0.0333600600,0.0022352910,-0.0338788500,-0.0970013000,0.2454253000,0.9645503000,0.0277114400,0.0022304080,-0.0337048800,-0.0830083100,0.2451187000,0.9659330000,0.0000000000,
8.906068,4294243,True,1.0000000000,3.9991610000,-0.0330006100,0.0023714600,-0.0318532400,0.0658734100,0.2843528000,0.9564539000,True,1.0000000000,4.1628570000,0.0333442400,0.0024431310,-0.0339458800,-0.1067063000,0.2956283000,0.9493248000,0.0260967900,0.0024353030,-0.0337172900,-0.0879837100,0.2948202000,0.9514936000,0.0000000000,
8.906068,4294251,True,1.0000000000,3.9146880000,-0.0329874900,0.0024662170,-0.0318997100,0.0431067000,0.3090865000,0.9500565000,True,1.0000000000,4.0419010000,0.0333314200,0.0025449070,-0.0339668800,-0.1142130000,0.3039272000,0.9458243000,0.0202442200,0.0025293730,-0.0335589500,-0.0833289300,0.3055445000,0.9485246000,0.0000000000,
8.906068,4294259,True,1.0000000000,3.9138030000,-0.0330313100,0.0024158940,-0.0318735100,0.0487830900,0.2933089000,0.9547722000,True,1.0000000000,4.0677030000,0.0333568300,0.0025198210,-0.0339640500,-0.1151138000,0.3036232000,0.9458128000,0.0020391690,0.0024707950,-0.0329778800,-0.0379184300,0.2997768000,0.9532555000,0.0000000000,
8.906068,4294268,True,1.0000000000,3.9797520000,-0.0330792000,0.0023458560,-0.0318503400,0.0600592100,0.2786741000,0.9585059000,True,1.0000000000,4.0199130000,0.0333852400,0.0024566960,-0.0339395000,-0.1045847000,0.2917203000,0.9507688000,-0.0232580000,0.0023622440,-0.0321590600,0.0357976700,0.2810865000,0.9590145000,0.0000000000,
8.963248,4294276,True,1.0000000000,3.9915620000,-0.0330876200,0.0022918850,-0.0318464700,0.0579534100,0.2832820000,0.9572841000,True,1.0000000000,4.0503850000,0.0333880900,0.0024066010,-0.0339423400,-0.1164254000,0.2958547000,0.9481114000,-0.0313753700,0.0022948460,-0.0319004500,0.0534823500,0.2837082000,0.9574180000,0.0000000000,
8.963248,4294284,True,1.0000000000,3.8784480000,-0.0330857400,0.0022901760,-0.0318523000,0.0611270500,0.2791916000,0.9582878000,True,1.0000000000,4.0437620000,0.0333878800,0.0023820500,-0.0339449300,-0.1163800000,0.2980531000,0.9474282000,-0.0327060400,0.0022907110,-0.0318642400,0.0601204500,0.2793312000,0.9583108000,0.0000000000,
8.973184,4294293,True,1.0000000000,3.9773100000,-0.0331106300,0.0022220460,-0.0318458600,0.0633553600,0.2870828000,0.9558083000,True,1.0000000000,3.9527590000,0.0333916800,0.0023589630,-0.0339338900,-0.1147473000,0.2894776000,0.9502819000,-0.0326967800,0.0022229010,-0.0318588400,0.0622565500,0.2871278000,0.9558670000,0.0000000000,
8.984367,4294301,True,1.0000000000,3.9314120000,-0.0331081000,0.0022002870,-0.0318310700,0.0601354000,0.2709374000,0.9607167000,True,1.0000000000,3.9831090000,0.0333902900,0.0023273930,-0.0339264800,-0.1110698000,0.2861355000,0.9517300000,-0.0198677800,0.0022256010,-0.0322482800,0.0261078800,0.2746134000,0.9612002000,0.0000000000,
8.995106,4294309,True,1.0000000000,3.8997040000,-0.0331164300,0.0021742710,-0.0318241500,0.0586550600,0.2655347000,0.9623154000,True,1.0000000000,3.9703060000,0.0333999400,0.0022958680,-0.0339168900,-0.1132831000,0.2820175000,0.9526978000,0.0009626313,0.0022365720,-0.0328963300,-0.0295411400,0.2750103000,0.9609873000,0.0000000000,
9.00608,4294318,True,1.0000000000,3.8321530000,-0.0331383800,0.0021427920,-0.0318238100,0.0585946600,0.2671092000,0.9618832000,True,1.0000000000,3.9075160000,0.0334057600,0.0022614900,-0.0339194500,-0.1166701000,0.2863345000,0.9509998000,0.0013874970,0.0022043760,-0.0329111000,-0.0324556900,0.2781698000,0.9599834000,0.0000000000,
9.017655,4294326,True,1.0000000000,3.7665410000,-0.0331473200,0.0021242680,-0.0318187600,0.0645297200,0.2614301000,0.9630629000,True,1.0000000000,3.8868100000,0.0334098700,0.0022440340,-0.0339206100,-0.1100481000,0.2887313000,0.9510645000,0.0011755680,0.0021860200,-0.0329026500,-0.0255893100,0.2765996000,0.9606445000,0.0000000000,
9.017655,4294334,True,1.0000000000,3.8591000000,-0.0331554900,0.0021174780,-0.0318183200,0.0592504800,0.2623775000,0.9631445000,True,1.0000000000,3.9235690000,0.0334095800,0.0022369840,-0.0339197400,-0.1150523000,0.2884089000,0.9505700000,0.0010758060,0.0021789250,-0.0328989900,-0.0305027000,0.2768437000,0.9604307000,0.0000000000,
9.02837,4294343,True,1.0000000000,3.8475040000,-0.0331583700,0.0021155550,-0.0318171100,0.0575109600,0.2599514000,0.9639075000,True,1.0000000000,3.8919680000,0.0334098100,0.0022348630,-0.0339199200,-0.1135577000,0.2884262000,0.9507445000,0.0011649480,0.0021770780,-0.0329013400,-0.0308079800,0.2756849000,0.9607543000,0.0000000000,
9.02837,4294351,True,1.0000000000,3.8631440000,-0.0331677900,0.0021062930,-0.0318121500,0.0555881000,0.2578293000,0.9645901000,True,1.0000000000,3.9109950000,0.0334095800,0.0022327270,-0.0339200900,-0.1149609000,0.2889434000,0.9504187000,0.0011198730,0.0021714170,-0.0328977500,-0.0323641900,0.2748896000,0.9609309000,0.0000000000,
9.039678,4294359,True,1.0000000000,3.8436580000,-0.0331722900,0.0020982820,-0.0318102600,0.0453498100,0.2575723000,0.9651942000,True,1.0000000000,3.9737240000,0.0334122900,0.0022071380,-0.0339044400,-0.1244370000,0.2758672000,0.9531069000,0.0010715940,0.0021542660,-0.0328872700,-0.0421148800,0.2679636000,0.9625081000,0.0000000000,
9.050892,4294368,True,1.0000000000,3.8537140000,-0.0331800500,0.0020784150,-0.0318041300,0.0534061100,0.2546709000,0.9655519000,True,1.0000000000,3.9336090000,0.0334101300,0.0021904600,-0.0339026000,-0.1227737000,0.2728000000,0.9542048000,0.0007657166,0.0021355290,-0.0328738700,-0.0365450200,0.2649553000,0.9635679000,0.0000000000,
9.062091,4294376,True,1.0000000000,3.8293760000,-0.0331902500,0.0020379340,-0.0318020500,0.0579380400,0.2570209000,0.9646676000,True,1.0000000000,3.8585660000,0.0334062100,0.0021710970,-0.0338967000,-0.1278395000,0.2687406000,0.9546914000,-0.0000389252,0.0021042330,-0.0328447600,-0.0346837100,0.2640112000,0.9638958000,0.0000000000,
9.062091,4294384,True,1.0000000000,3.8110660000,-0.0332004900,0.0019968870,-0.0317835500,0.0510869400,0.2493464000,0.9670659000,True,1.0000000000,3.8809200000,0.0334029900,0.0021435850,-0.0338821700,-0.1324940000,0.2603187000,0.9563888000,-0.0002621002,0.0020694430,-0.0328214100,-0.0398563700,0.2558620000,0.9658914000,0.0000000000,
9.072971,4294393,True,1.0000000000,3.7875980000,-0.0332161900,0.0019538730,-0.0317761900,0.0567783000,0.2602402000,0.9638730000,True,1.0000000000,3.7446290000,0.0334046800,0.0021131130,-0.0338968200,-0.1282965000,0.2718824000,0.9537399000,-0.0003223419,0.0020325010,-0.0328232400,-0.0347447800,0.2671549000,0.9630271000,0.0000000000,
9.084587,4294401,True,1.0000000000,3.7701570000,-0.0332254500,0.0019118200,-0.0317654000,0.0524599400,0.2609264000,0.9639322000,True,1.0000000000,3.7439730000,0.0334013100,0.0020721740,-0.0338907700,-0.1329052000,0.2697014000,0.9537281000,0.0008184662,0.0019937590,-0.0328513800,-0.0424349100,0.2665724000,0.9628803000,0.0000000000,
9.095302,4294409,True,1.0000000000,3.6850430000,-0.0332307000,0.0018778690,-0.0317391400,0.0561525600,0.2514658000,0.9662359000,True,1.0000000000,3.8713530000,0.0334009300,0.0020440060,-0.0338822900,-0.1357437000,0.2648344000,0.9546918000,0.0021035310,0.0019659730,-0.0328756400,-0.0458070800,0.2597515000,0.9645884000,0.0000000000,
9.106345,4294418,True,1.0000000000,3.6785890000,-0.0332384200,0.0018617710,-0.0317470900,0.0555117800,0.2572188000,0.9647574000,True,1.0000000000,3.7441100000,0.0334009300,0.0020359340,-0.0338891900,-0.1364919000,0.2673380000,0.9538869000,0.0027962190,0.0019559480,-0.0329054100,-0.0485234500,0.2639035000,0.9633278000,0.0000000000,
9.120996,4294426,True,1.0000000000,3.8346250000,-0.0332194200,0.0019122930,-0.0317603000,0.0556799600,0.2593261000,0.9641834000,True,1.0000000000,3.7891390000,0.0334040600,0.0020809940,-0.0338872200,-0.1336977000,0.2673801000,0.9542708000,0.0028754430,0.0020036930,-0.0329126200,-0.0471196200,0.2648801000,0.9631295000,0.0000000000,
9.128963,4294434,True,1.0000000000,3.8570250000,-0.0331965800,0.0020417940,-0.0318434900,0.0527657100,0.2973068000,0.9533228000,True,1.0000000000,3.8745570000,0.0333581700,0.0021943670,-0.0339460300,-0.1152193000,0.3079076000,0.9444138000,0.0030537110,0.0021248930,-0.0329886800,-0.0388642100,0.3041540000,0.9518298000,0.0000000000,
9.139599,4294451,True,1.0000000000,3.7495730000,-0.0331884500,0.0023287970,-0.0319212200,0.0431064000,0.3378626000,0.9402078000,True,1.0000000000,3.7120970000,0.0332942500,0.0024551390,-0.0340251300,-0.1477370000,0.3467135000,0.9262632000,0.0024717100,0.0023965610,-0.0330497300,-0.0595256200,0.3441835000,0.9370136000,0.0000000000,
9.172967,4294459,True,1.0000000000,3.7190090000,-0.0331906600,0.0023698270,-0.0319216000,0.0537880700,0.3351950000,0.9406121000,True,1.0000000000,3.7914120000,0.0332814900,0.0025014040,-0.0340301700,-0.1437547000,0.3488657000,0.9260817000,0.0024774630,0.0024404300,-0.0330530300,-0.0524603400,0.3442271000,0.9374196000,0.0000000000,
9.18546,4294468,True,1.0000000000,3.8309020000,-0.0332009200,0.0023578490,-0.0319145200,0.0532536300,0.3331937000,0.9413533000,True,1.0000000000,3.7281490000,0.0333033300,0.0024840700,-0.0340313100,-0.1425342000,0.3503311000,0.9257171000,0.0034544070,0.0024274140,-0.0330812400,-0.0549169900,0.3443031000,0.9372510000,0.0000000000,
9.195016,4294501,True,1.0000000000,3.8004300000,-0.0332586200,0.0022424160,-0.0318904400,0.0503394800,0.3202409000,0.9459978000,True,1.0000000000,3.6664730000,0.0333047000,0.0023681640,-0.0339992500,-0.1548169000,0.3329800000,0.9301376000,0.0045547180,0.0023138580,-0.0330884100,-0.0665439100,0.3291947000,0.9419144000,0.0000000000,
9.212238,4294509,True,1.0000000000,3.7360690000,-0.0332814300,0.0021960140,-0.0318997500,0.0488438300,0.3289215000,0.9430933000,True,1.0000000000,3.6304320000,0.0333018200,0.0023232270,-0.0339862700,-0.1459983000,0.3260241000,0.9340197000,0.0048200840,0.0022688140,-0.0330937400,-0.0629430900,0.3287994000,0.9422999000,0.0000000000,
9.217758,4294518,True,1.0000000000,3.7110290000,-0.0333053000,0.0021281130,-0.0318726800,0.0565652000,0.3127032000,0.9481652000,True,1.0000000000,3.6641390000,0.0332974100,0.0022737730,-0.0339741500,-0.1482243000,0.3216104000,0.9351985000,0.0043460080,0.0022104650,-0.0330606700,-0.0595098900,0.3194003000,0.9457495000,0.0000000000,
9.228541,4294534,True,1.0000000000,3.7384490000,-0.0333339700,0.0020307920,-0.0318562600,0.0536653000,0.3069924000,0.9501978000,True,1.0000000000,3.7742920000,0.0332835400,0.0022181850,-0.0339536600,-0.1325694000,0.3118615000,0.9408335000,0.0020263370,0.0021302640,-0.0329695600,-0.0453800100,0.3109309000,0.9493485000,0.0000000000,
9.228541,4294543,True,1.0000000000,3.7377010000,-0.0333501800,0.0020053860,-0.0318625200,0.0453956800,0.3109489000,0.9493418000,True,1.0000000000,3.7095790000,0.0332717300,0.0022098540,-0.0339564200,-0.1325551000,0.3123063000,0.9406880000,0.0001927033,0.0021083220,-0.0329167700,-0.0443729500,0.3128842000,0.9487541000,0.0000000000,
9.239779,4294551,True,1.0000000000,3.6822810000,-0.0333638900,0.0019784850,-0.0318500200,0.0452125900,0.3022209000,0.9521651000,True,1.0000000000,3.7390900000,0.0332583800,0.0022043150,-0.0339567900,-0.1358199000,0.3112367000,0.9405768000,0.0009251710,0.0020947110,-0.0329343300,-0.0481569100,0.3081371000,0.9501224000,0.0000000000,
9.25082,4294559,True,1.0000000000,3.7084200000,-0.0333856500,0.0019565890,-0.0318523400,0.0479896400,0.3056230000,0.9509425000,True,1.0000000000,3.7786250000,0.0332446600,0.0021988680,-0.0339517700,-0.1338068000,0.3087063000,0.9416986000,0.0019371950,0.0020850220,-0.0329653200,-0.0485842500,0.3085344000,0.9499716000,0.0000000000,
9.25082,4294568,True,1.0000000000,3.6640010000,-0.0334116500,0.0019349370,-0.0318474000,0.0479740300,0.3011957000,0.9523547000,True,1.0000000000,3.7088170000,0.0332298900,0.0021949770,-0.0339456600,-0.1256260000,0.3051310000,0.9439879000,0.0023146820,0.0020743410,-0.0329722800,-0.0452579200,0.3044457000,0.9514539000,0.0000000000,
9.261606,4294576,True,1.0000000000,3.7146000000,-0.0334441300,0.0019192350,-0.0318488300,0.0569158600,0.3015625000,0.9517461000,True,1.0000000000,3.7183070000,0.0332065600,0.0021922460,-0.0339459100,-0.1321418000,0.3059098000,0.9428455000,0.0024800420,0.0020663910,-0.0329791400,-0.0451815800,0.3052694000,0.9511936000,0.0000000000,
9.261606,4294584,True,1.0000000000,3.6190190000,-0.0335469700,0.0018329320,-0.0318322900,0.0473793300,0.2916919000,0.9553382000,True,1.0000000000,3.7462920000,0.0330986300,0.0021557310,-0.0339359000,-0.1464559000,0.2971233000,0.9435404000,0.0019830930,0.0020050200,-0.0329537700,-0.0562141200,0.2959939000,0.9535343000,0.0000000000,
9.272872,4294593,True,1.0000000000,3.6587070000,-0.0337772900,0.0016500240,-0.0318252900,-0.0302585400,0.2550384000,0.9664574000,True,1.0000000000,3.7850950000,0.0327702800,0.0020174260,-0.0339126100,-0.1996801000,0.2615557000,0.9443074000,0.0009058991,0.0018415070,-0.0329131600,-0.1189894000,0.2593871000,0.9584153000,0.0000000000,
9.28463,4294601,True,1.0000000000,3.6278990000,-0.0341338400,0.0014507290,-0.0318498700,-0.0818644800,0.2215453000,0.9717078000,True,1.0000000000,3.7377320000,0.0323203100,0.0019057770,-0.0339484000,-0.2602271000,0.2384067000,0.9356517000,-0.0012443540,0.0016759490,-0.0328884800,-0.1708553000,0.2308538000,0.9578700000,0.0000000000,
9.294994,4294609,True,1.0000000000,3.6676480000,-0.0344915000,0.0013226470,-0.0319021800,-0.1668119000,0.1867554000,0.9681406000,True,1.0000000000,3.7722780000,0.0318424100,0.0018212740,-0.0340175300,-0.3434808000,0.1961091000,0.9184564000,-0.0065036320,0.0015330350,-0.0327947000,-0.2423572000,0.1914840000,0.9511030000,0.0000000000,
9.321667,4294618,True,1.0000000000,3.7232210000,-0.0347910900,0.0012137150,-0.0320042100,-0.2500024000,0.1811388000,0.9511506000,True,1.0000000000,3.8550570000,0.0314439100,0.0017698980,-0.0341144100,-0.3987796000,0.1796599000,0.8992759000,-0.0105207400,0.0014175110,-0.0327774500,-0.3054072000,0.1811233000,0.9348373000,0.0000000000,
9.338437,4294626,True,1.0000000000,3.8204190000,-0.0351471100,0.0011309970,-0.0320887200,-0.2887616000,0.1518577000,0.9452808000,True,1.0000000000,3.8549350000,0.0310853300,0.0016710210,-0.0342205800,-0.4538320000,0.1539934000,0.8776802000,-0.0151639100,0.0012939300,-0.0327319200,-0.3397087000,0.1530162000,0.9280000000,0.0000000000,
9.338437,4294651,True,1.0000000000,3.8457790000,-0.0359509300,0.0009883423,-0.0324063600,-0.4169189000,0.0653386000,0.9065922000,True,1.0000000000,3.8373110000,0.0303373700,0.0015515900,-0.0345165700,-0.5641235000,0.0787819700,0.8219234000,-0.0169539500,0.0011497650,-0.0330111100,-0.4604696000,0.0693977500,0.8849586000,0.0000000000,
9.395001,4294676,True,1.0000000000,3.8833310000,-0.0360579900,0.0010325620,-0.0324062500,-0.3950072000,0.0596470500,0.9167396000,True,1.0000000000,3.8652950000,0.0304326000,0.0016406710,-0.0344688900,-0.5451385000,0.0990148300,0.8324783000,-0.0150635500,0.0012245790,-0.0330575300,-0.4439109000,0.0723270300,0.8931472000,0.0000000000,
9.43049,4294693,True,1.0000000000,3.8544160000,-0.0360303200,0.0011071320,-0.0323882100,-0.3741329000,0.0843664500,0.9235296000,True,1.0000000000,3.8372040000,0.0304979300,0.0017196960,-0.0344033200,-0.5236873000,0.0923777100,0.8468872000,-0.0095221560,0.0013512120,-0.0331911300,-0.4352012000,0.0878459100,0.8960374000,0.0000000000,
9.450723,4294726,True,1.0000000000,3.8297730000,-0.0357663900,0.0011613770,-0.0322448600,-0.3372228000,0.0777138300,0.9382118000,True,1.0000000000,3.8190310000,0.0307939900,0.0017109380,-0.0342729800,-0.4778052000,0.1059585000,0.8720522000,0.0067723700,0.0015126040,-0.0335410300,-0.4283010000,0.0960392700,0.8985181000,0.0000000000,
9.503067,4294759,True,1.0000000000,3.7716060000,-0.0352848100,0.0011689000,-0.0320778400,-0.2809166000,0.1003121000,0.9544755000,True,1.0000000000,3.7316130000,0.0312629000,0.0016222230,-0.0341147800,-0.4319654000,0.1060039000,0.8956389000,0.0063560940,0.0014525610,-0.0333524200,-0.3765930000,0.1041887000,0.9205012000,0.0000000000,
9.561401,4294809,True,1.0000000000,3.6633910000,-0.0345412000,0.0013284610,-0.0318500700,-0.1665064000,0.1142442000,0.9793997000,True,1.0000000000,3.8089750000,0.0320092000,0.0016550450,-0.0339337900,-0.3609190000,0.1201334000,0.9248273000,0.0071648260,0.0015331270,-0.0331559100,-0.2897215000,0.1185009000,0.9497468000,0.0000000000,
9.594936,4294868,True,1.0000000000,3.5949860000,-0.0337221800,0.0013619540,-0.0314461800,-0.0856329600,0.1276102000,0.9881208000,True,1.0000000000,3.6917270000,0.0327828200,0.0018432160,-0.0341027700,-0.2594631000,0.1437393000,0.9549963000,0.0254095800,0.0017898560,-0.0338082300,-0.2405568000,0.1421673000,0.9601672000,0.0000000000,
9.727832,4294876,True,1.0000000000,3.6874240000,-0.0336150100,0.0012385250,-0.0310611000,-0.0776074500,0.1284200000,0.9886786000,True,1.0000000000,3.6492610000,0.0328567800,0.0019524840,-0.0344381700,-0.2565958000,0.1370261000,0.9567562000,0.0325214300,0.0019488830,-0.0344211300,-0.2557101000,0.1369952000,0.9569978000,0.0000000000,
9.777224,25,True,1.0000000000,3.7888030000,-0.0332488900,0.0014556580,-0.0310279700,0.0006713921,0.1596387000,0.9871753000,True,1.0000000000,3.8428040000,0.0332869300,0.0020273440,-0.0339704000,-0.1777201000,0.1647653000,0.9701896000,0.0332738300,0.0020272220,-0.0339698200,-0.1776762000,0.1647518000,0.9702000000,0.0000000000,
9.852327,109,True,1.0000000000,3.8627620000,-0.0333666700,0.0018134160,-0.0316348700,0.0230562000,0.1644147000,0.9861218000,True,1.0000000000,4.0170140000,0.0332333600,0.0021101990,-0.0338543900,-0.1648114000,0.1750654000,0.9706643000,0.0332004200,0.0021100620,-0.0338532900,-0.1647199000,0.1750654000,0.9706799000,0.0000000000,
9.894811,150,True,1.0000000000,3.9421840000,-0.0333279000,0.0018371580,-0.0316780200,0.0265351800,0.1677103000,0.9854792000,True,1.0000000000,4.0034480000,0.0332835200,0.0021105960,-0.0338621400,-0.1597155000,0.1816732000,0.9703019000,0.0332002300,0.0021102600,-0.0338594100,-0.1594858000,0.1816570000,0.9703428000,0.0000000000,
9.961501,234,True,1.0000000000,3.9274750000,-0.0334016800,0.0017563170,-0.0316115700,0.0229799600,0.1770036000,0.9839419000,True,1.0000000000,4.0545350000,0.0332313600,0.0021484530,-0.0338744100,-0.1559006000,0.1933308000,0.9686683000,0.0329107400,0.0021465610,-0.0338635100,-0.1550461000,0.1932545000,0.9688206000,0.0000000000,
9.961501,284,True,1.0000000000,3.8995360000,-0.0333663800,0.0018621670,-0.0316592600,0.0257570000,0.1842053000,0.9825503000,True,1.0000000000,4.0271150000,0.0332560300,0.0021847990,-0.0338862500,-0.1536424000,0.1931478000,0.9690655000,0.0314885300,0.0021762390,-0.0338271700,-0.1489428000,0.1929954000,0.9698293000,0.0000000000,
9.961501,334,True,1.0000000000,3.9749760000,-0.0333917300,0.0018707280,-0.0316550600,0.0241092000,0.1937433000,0.9807560000,True,1.0000000000,3.9963680000,0.0332411400,0.0022513280,-0.0338889200,-0.1595616000,0.2066351000,0.9653196000,0.0305064100,0.0022357030,-0.0337972300,-0.1521160000,0.2062393000,0.9666054000,0.0000000000,
9.961501,350,True,1.0000000000,3.9341430000,-0.0334014300,0.0018775030,-0.0316589800,0.0355378800,0.1897439000,0.9811903000,True,1.0000000000,3.9938810000,0.0332381500,0.0022671660,-0.0338926200,-0.1665962000,0.2096719000,0.9634746000,0.0295080300,0.0022453460,-0.0337676000,-0.1554434000,0.2087888000,0.9655281000,0.0000000000,
9.961501,359,True,1.0000000000,3.8788300000,-0.0333980400,0.0018830720,-0.0316589200,0.0337222200,0.1923235000,0.9807520000,True,1.0000000000,4.0076600000,0.0332392800,0.0022691500,-0.0338918600,-0.1640328000,0.2104961000,0.9637347000,0.0276111300,0.0022365420,-0.0337032600,-0.1475543000,0.2092922000,0.9666563000,0.0000000000,
9.961501,384,True,1.0000000000,3.9221650000,-0.0333738400,0.0019066010,-0.0316656500,0.0303805300,0.1957263000,0.9801879000,True,1.0000000000,3.9871830000,0.0332535300,0.0022669530,-0.0338699000,-0.1557951000,0.1983527000,0.9676694000,0.0294339900,0.0022462920,-0.0337435500,-0.1452656000,0.1983974000,0.9692968000,0.0000000000,
9.961501,392,True,1.0000000000,3.9242710000,-0.0333724100,0.0019065100,-0.0316591000,0.0266114100,0.1888433000,0.9816466000,True,1.0000000000,4.0384980000,0.0332541400,0.0022682500,-0.0338786000,-0.1601113000,0.2056284000,0.9654436000,0.0264660500,0.0022314000,-0.0336524700,-0.1413125000,0.2042554000,0.9686643000,0.0000000000,
9.961501,400,True,1.0000000000,3.9187160000,-0.0333725400,0.0019072880,-0.0316594100,0.0294343900,0.1931164000,0.9807342000,True,1.0000000000,4.0107420000,0.0332542300,0.0022679750,-0.0338781600,-0.1580525000,0.2066829000,0.9655577000,-0.0015479130,0.0020795750,-0.0327192100,-0.0603793400,0.2004863000,0.9778341000,0.0000000000,
9.961501,409,True,1.0000000000,3.9074250000,-0.0333726700,0.0019065550,-0.0316591000,0.0295108900,0.1886774000,0.9815956000,True,1.0000000000,3.9818270000,0.0332541400,0.0022677000,-0.0338777300,-0.1596381000,0.2051400000,0.9656259000,-0.0010291750,0.0020818790,-0.0327361200,-0.0625916500,0.1975711000,0.9782882000,0.0000000000,
9.961501,417,True,1.0000000000,3.8957370000,-0.0333760700,0.0019067230,-0.0316594100,0.0307164100,0.1894255000,0.9814145000,True,1.0000000000,3.9800720000,0.0332530200,0.0022675020,-0.0338757200,-0.1593491000,0.2048360000,0.9657381000,-0.0004394989,0.0020850680,-0.0327549900,-0.0635234000,0.1979556000,0.9781505000,0.0000000000,
10.09505,425,True,1.0000000000,3.9138790000,-0.0334059100,0.0019032900,-0.0316706300,0.0369265000,0.1875622000,0.9815584000,True,1.0000000000,3.9780120000,0.0332519100,0.0022677000,-0.0338737000,-0.1590444000,0.2044094000,0.9658787000,-0.0007070923,0.0020820470,-0.0327513300,-0.0594942400,0.1967781000,0.9786413000,0.0000000000,
10.12453,434,True,1.0000000000,3.8698880000,-0.0334265800,0.0019088440,-0.0316780900,0.0377966200,0.1916076000,0.9807436000,True,1.0000000000,3.9721220000,0.0332489800,0.0022679750,-0.0338733800,-0.1585250000,0.2044697000,0.9659513000,-0.0002973633,0.0020872960,-0.0327688800,-0.0600289600,0.1989775000,0.9781638000,0.0000000000,
10.15033,459,True,1.0000000000,4.0261690000,-0.0335745800,0.0024385680,-0.0318503800,-0.0184326800,0.3072520000,0.9514496000,True,1.0000000000,4.0106510000,0.0328662300,0.0028224950,-0.0340663900,-0.1950543000,0.3035450000,0.9326383000,-0.0011088720,0.0026261750,-0.0329332100,-0.1051494000,0.3066590000,0.9459936000,0.0000000000,
10.16113,484,True,1.0000000000,4.0111080000,-0.0336132800,0.0027384340,-0.0319360700,-0.0203248700,0.3428067000,0.9391861000,True,1.0000000000,3.9748230000,0.0327792400,0.0031103670,-0.0341513500,-0.2000300000,0.3369183000,0.9200402000,-0.0027085720,0.0029115600,-0.0329672500,-0.1044019000,0.3414653000,0.9340780000,0.0000000000,
10.17221,509,True,1.0000000000,4.0402070000,-0.0336715900,0.0025932920,-0.0319285100,-0.0198672200,0.3482867000,0.9371775000,True,1.0000000000,4.0539860000,0.0328251500,0.0029887240,-0.0341401100,-0.2035542000,0.3409914000,0.9177639000,-0.0038151250,0.0027708280,-0.0329215100,-0.1027837000,0.3464831000,0.9324082000,0.0000000000,
10.18364,517,True,1.0000000000,4.0726780000,-0.0336694000,0.0025791170,-0.0319375200,-0.0171510700,0.3560984000,0.9342910000,True,1.0000000000,4.0980070000,0.0328304000,0.0029625400,-0.0341378500,-0.2091842000,0.3409143000,0.9165257000,-0.0036172030,0.0027523960,-0.0329318700,-0.1044174000,0.3508657000,0.9305860000,0.0000000000,
10.19441,525,True,1.0000000000,3.8975370000,-0.0336632500,0.0025361630,-0.0319190100,-0.0203859200,0.3438446000,0.9388053000,True,1.0000000000,4.0553280000,0.0328408700,0.0029221340,-0.0341293400,-0.2026856000,0.3391471000,0.9186391000,-0.0035970000,0.0027106630,-0.0329182900,-0.1032268000,0.3431584000,0.9335880000,0.0000000000,
10.20628,550,True,1.0000000000,4.0068210000,-0.0336663200,0.0024067080,-0.0318850700,-0.0125733700,0.3332399000,0.9427583000,True,1.0000000000,4.0648500000,0.0328833500,0.0028468630,-0.0341144000,-0.2008376000,0.3354059000,0.9204168000,-0.0034851990,0.0026063230,-0.0328960900,-0.0983895800,0.3357270000,0.9368067000,0.0000000000,
10.21718,559,True,1.0000000000,3.9877470000,-0.0336643400,0.0023938900,-0.0318892500,-0.0164949200,0.3360325000,0.9417059000,True,1.0000000000,3.9755710000,0.0328942700,0.0028343510,-0.0341098800,-0.1987630000,0.3325993000,0.9218845000,-0.0029504240,0.0025971380,-0.0329139700,-0.1010290000,0.3358477000,0.9364825000,0.0000000000,
10.21718,567,True,1.0000000000,4.0454710000,-0.0336634100,0.0023775330,-0.0318777900,-0.0192414100,0.3289350000,0.9441565000,True,1.0000000000,3.9624180000,0.0328974800,0.0028243560,-0.0341082000,-0.2070350000,0.3301451000,0.9209455000,-0.0025843960,0.0025861670,-0.0329192400,-0.1074072000,0.3309802000,0.9375051000,0.0000000000,
10.22779,575,True,1.0000000000,3.9625400000,-0.0336659700,0.0023672790,-0.0318741000,-0.0141602500,0.3271658000,0.9448608000,True,1.0000000000,3.9782260000,0.0329013800,0.0028186340,-0.0341054700,-0.2044697000,0.3271515000,0.9225855000,-0.0015603330,0.0025849760,-0.0329503000,-0.1064312000,0.3286780000,0.9384260000,0.0000000000,
10.23903,584,True,1.0000000000,3.9728550000,-0.0336674400,0.0023632510,-0.0318706400,-0.0150605500,0.3219631000,0.9466324000,True,1.0000000000,4.0102690000,0.0329112400,0.0028050390,-0.0340915800,-0.1986573000,0.3230184000,0.9253077000,0.0013713380,0.0025957490,-0.0330394600,-0.1121686000,0.3239019000,0.9394178000,0.0000000000,
10.25026,592,True,1.0000000000,3.9560240000,-0.0336688900,0.0023592230,-0.0318671700,-0.0161135100,0.3194167000,0.9474773000,True,1.0000000000,3.9874570000,0.0329134400,0.0027943570,-0.0340792400,-0.1974972000,0.3152814000,0.9282201000,0.0012624510,0.0025875090,-0.0330277000,-0.1117406000,0.3185745000,0.9412887000,0.0000000000,
10.25026,600,True,1.0000000000,3.9708250000,-0.0336712500,0.0023561100,-0.0318660300,-0.0155182500,0.3195203000,0.9474524000,True,1.0000000000,3.9860840000,0.0329139400,0.0027870790,-0.0340835900,-0.1993109000,0.3182841000,0.9268066000,0.0008885651,0.0025798040,-0.0330170200,-0.1113903000,0.3202548000,0.9407598000,0.0000000000,
10.26114,609,True,1.0000000000,3.9569700000,-0.0336736100,0.0023529820,-0.0318652500,-0.0148165200,0.3191579000,0.9475857000,True,1.0000000000,4.0251770000,0.0329152500,0.0027669530,-0.0340791300,-0.1987325000,0.3166230000,0.9274995000,0.0001315308,0.0025631410,-0.0329891700,-0.1086585000,0.3192310000,0.9414271000,0.0000000000,
10.2724,617,True,1.0000000000,3.9563290000,-0.0336727500,0.0023502810,-0.0318662000,-0.0136719700,0.3193687000,0.9475319000,True,1.0000000000,3.9557340000,0.0329183500,0.0027519990,-0.0340834500,-0.1994039000,0.3199344000,0.9262182000,-0.0010074160,0.0025473330,-0.0329538400,-0.1052420000,0.3210513000,0.9411961000,0.0000000000,
10.2724,625,True,1.0000000000,3.9569700000,-0.0336718800,0.0023475800,-0.0318670800,-0.0125276200,0.3194924000,0.9475060000,True,1.0000000000,3.9920500000,0.0329234000,0.0027330020,-0.0340691800,-0.1972393000,0.3120794000,0.9293563000,-0.0016148990,0.0025331120,-0.0329271100,-0.1018843000,0.3172955000,0.9428378000,0.0000000000,
10.28362,634,True,1.0000000000,3.9552150000,-0.0336710700,0.0023445440,-0.0318661700,-0.0123292100,0.3182401000,0.9479300000,True,1.0000000000,3.9880070000,0.0329252200,0.0027303930,-0.0340708000,-0.1967345000,0.3139085000,0.9288471000,-0.0016252750,0.0025302130,-0.0329270300,-0.1015023000,0.3175227000,0.9428025000,0.0000000000,
10.29466,642,True,1.0000000000,3.9548800000,-0.0336702700,0.0023414920,-0.0318652500,-0.0121462100,0.3169917000,0.9483505000,True,1.0000000000,3.9836270000,0.0329270200,0.0027277830,-0.0340724400,-0.1962307000,0.3151288000,0.9285405000,-0.0015948030,0.0025275420,-0.0329283000,-0.1012432000,0.3174625000,0.9428507000,0.0000000000,
10.29466,650,True,1.0000000000,4.0081790000,-0.0336583100,0.0023415830,-0.0318413400,-0.0129547600,0.3056348000,0.9520607000,True,1.0000000000,3.9844360000,0.0329292300,0.0027286380,-0.0340712700,-0.1938653000,0.3140298000,0.9294092000,-0.0009811707,0.0025315250,-0.0329356600,-0.1021592000,0.3110554000,0.9448852000,0.0000000000,
10.30573,659,True,1.0000000000,3.8418580000,-0.0336542700,0.0023587500,-0.0318508900,-0.0192721600,0.3082477000,0.9511109000,True,1.0000000000,3.9876250000,0.0329314400,0.0027294920,-0.0340701200,-0.1973429000,0.3145463000,0.9285022000,-0.0007902680,0.0025417330,-0.0329462000,-0.1076062000,0.3126103000,0.9437667000,0.0000000000,
10.32934,667,True,1.0000000000,3.8068080000,-0.0336510200,0.0023641210,-0.0318421500,-0.0120240200,0.3025078000,0.9530711000,True,1.0000000000,3.9904170000,0.0329343800,0.0027312470,-0.0340696400,-0.1951617000,0.3143645000,0.9290247000,0.0002987824,0.0025513150,-0.0329778800,-0.1058514000,0.3098790000,0.9448653000,0.0000000000,
10.32934,675,True,1.0000000000,3.9182280000,-0.0336519300,0.0023726350,-0.0318513500,-0.0149843700,0.3092853000,0.9508513000,True,1.0000000000,3.9865880000,0.0329372900,0.0027330020,-0.0340691800,-0.1929336000,0.3141199000,0.9295726000,0.0004190521,0.0025570220,-0.0329861300,-0.1064611000,0.3130203000,0.9437607000,0.0000000000,
10.33966,684,True,1.0000000000,3.9129330000,-0.0336517400,0.0023734130,-0.0318515900,-0.0138245500,0.3096944000,0.9507357000,True,1.0000000000,3.9841610000,0.0329405400,0.0027369390,-0.0340684500,-0.1947964000,0.3133131000,0.9294564000,0.0006121216,0.0025604550,-0.0329922400,-0.1073925000,0.3128696000,0.9437052000,0.0000000000,
10.35059,692,True,1.0000000000,3.9066310000,-0.0336519300,0.0023726350,-0.0318518400,-0.0150300500,0.3091612000,0.9508908000,True,1.0000000000,3.9811100000,0.0329437900,0.0027408600,-0.0340677200,-0.1944904000,0.3124725000,0.9298034000,0.0006406861,0.0025622560,-0.0329928800,-0.1078807000,0.3121520000,0.9438871000,0.0000000000,
10.36117,700,True,1.0000000000,3.9116670000,-0.0336533400,0.0023710790,-0.0318520100,-0.0138550200,0.3086251000,0.9510829000,True,1.0000000000,3.9834590000,0.0329476000,0.0027466890,-0.0340667300,-0.1965358000,0.3120005000,0.9295318000,0.0006268006,0.0025644070,-0.0329919500,-0.1083381000,0.3116781000,0.9439913000,0.0000000000,
10.36117,709,True,1.0000000000,3.9971310000,-0.0336642600,0.0023424380,-0.0318330600,-0.0129700300,0.2983107000,0.9543806000,True,1.0000000000,3.9819950000,0.0329514200,0.0027408750,-0.0340677200,-0.1985504000,0.3125354000,0.9289237000,0.0005507508,0.0025470730,-0.0329808200,-0.1087664000,0.3069812000,0.9454800000,0.0000000000,
10.37249,717,True,1.0000000000,3.9249110000,-0.0336728200,0.0023376470,-0.0318414300,-0.0165254400,0.3031037000,0.9528143000,True,1.0000000000,3.9800570000,0.0329496900,0.0027408600,-0.0340678900,-0.1988247000,0.3122754000,0.9289526000,0.0005246277,0.0025446170,-0.0329842700,-0.1105659000,0.3091298000,0.9445708000,0.0000000000,
10.38388,725,True,1.0000000000,3.9194340000,-0.0336763500,0.0023352820,-0.0318434300,-0.0126343900,0.3056820000,0.9520499000,True,1.0000000000,3.9784850000,0.0329479800,0.0027408600,-0.0340680700,-0.1990981000,0.3120291000,0.9289768000,0.0003574982,0.0025424650,-0.0329798500,-0.1083693000,0.3103067000,0.9444394000,0.0000000000,
10.39452,734,True,1.0000000000,3.9273380000,-0.0336782400,0.0023365020,-0.0318424600,-0.0122987400,0.3041115000,0.9525571000,True,1.0000000000,3.9799500000,0.0329473400,0.0027388000,-0.0340686200,-0.1982443000,0.3123354000,0.9290564000,0.0003842316,0.0025421750,-0.0329805900,-0.1078344000,0.3096786000,0.9447067000,0.0000000000,
10.39452,742,True,1.0000000000,3.9164280000,-0.0336801300,0.0023377380,-0.0318414900,-0.0120545000,0.3023697000,0.9531145000,True,1.0000000000,3.9809420000,0.0329479800,0.0027402650,-0.0340680700,-0.1984133000,0.3116202000,0.9292604000,0.0003729706,0.0025434720,-0.0329794800,-0.1077743000,0.3084607000,0.9451120000,0.0000000000,
10.40593,750,True,1.0000000000,3.9262700000,-0.0336807700,0.0023410650,-0.0318393600,-0.0129395100,0.3027204000,0.9529916000,True,1.0000000000,3.9810030000,0.0329507000,0.0027408600,-0.0340677200,-0.1990690000,0.3114821000,0.9291666000,0.0004340668,0.0025457610,-0.0329802600,-0.1087198000,0.3085658000,0.9449694000,0.0000000000,
10.40593,759,True,1.0000000000,3.8200990000,-0.0336746400,0.0023679960,-0.0318469600,-0.0142214600,0.3047239000,0.9523346000,True,1.0000000000,3.9775700000,0.0329514200,0.0027408750,-0.0340674300,-0.1992194000,0.3112345000,0.9292173000,0.0003622284,0.0025584870,-0.0329813100,-0.1092086000,0.3094065000,0.9446381000,0.0000000000,
10.41733,767,True,1.0000000000,3.8989870000,-0.0336660300,0.0023703770,-0.0318348400,-0.0181886100,0.2954276000,0.9551920000,True,1.0000000000,3.9762270000,0.0329517100,0.0027415160,-0.0340666200,-0.1992956000,0.3095407000,0.9297665000,0.0003091583,0.0025596620,-0.0329730500,-0.1110242000,0.3039128000,0.9462085000,0.0000000000,
10.41733,775,True,1.0000000000,3.8827820000,-0.0336553200,0.0023759770,-0.0318398400,-0.0176239900,0.2987534000,0.9541676000,True,1.0000000000,3.9001460000,0.0329992400,0.0027322850,-0.0340535200,-0.2010224000,0.3030443000,0.9315332000,-0.0001319428,0.0025551760,-0.0329531900,-0.1103378000,0.3022044000,0.9468358000,0.0000000000,
10.41733,784,True,1.0000000000,3.8297730000,-0.0336434000,0.0023755490,-0.0318461500,-0.0233461600,0.3020810000,0.9529964000,True,1.0000000000,3.9711300000,0.0330222500,0.0027183080,-0.0340414600,-0.2025631000,0.2962686000,0.9333773000,-0.0008361512,0.0025442200,-0.0329265000,-0.1120007000,0.3004487000,0.9471993000,0.0000000000,
10.41733,792,True,1.0000000000,3.9226990000,-0.0336317600,0.0023660740,-0.0318355100,-0.0155792800,0.2977001000,0.9545323000,True,1.0000000000,3.8541260000,0.0330438100,0.0027160950,-0.0340563800,-0.2048653000,0.3057873000,0.9297979000,-0.0010019530,0.0025373690,-0.0329223600,-0.1087048000,0.3030427000,0.9467568000,0.0000000000,
10.45803,800,True,1.0000000000,3.8639370000,-0.0336180300,0.0023525700,-0.0318287400,-0.0111694700,0.2956401000,0.9552341000,True,1.0000000000,3.9310300000,0.0330631100,0.0026979370,-0.0340395000,-0.2056462000,0.2954304000,0.9329687000,-0.0012086490,0.0025204320,-0.0329032500,-0.1062016000,0.2969678000,0.9489633000,0.0000000000,
10.4836,809,True,1.0000000000,3.9223790000,-0.0336045100,0.0023427740,-0.0318373100,-0.0177918800,0.3027519000,0.9529033000,True,1.0000000000,3.8699950000,0.0330783900,0.0026920930,-0.0340452600,-0.2047583000,0.2996224000,0.9318264000,-0.0013212280,0.0025119020,-0.0329062500,-0.1087816000,0.3025712000,0.9468988000,0.0000000000,
10.4836,817,True,1.0000000000,3.8751220000,-0.0335228600,0.0023282620,-0.0318298700,-0.0170746100,0.2993321000,0.9539962000,True,1.0000000000,3.9245910000,0.0331716800,0.0026642150,-0.0340353900,-0.1988700000,0.3009982000,0.9326580000,-0.0012958220,0.0024905850,-0.0328955900,-0.1053634000,0.3013957000,0.9476599000,0.0000000000,
10.51776,834,True,1.0000000000,3.9407200000,-0.0328035800,0.0023419500,-0.0318148400,0.1094071000,0.3025863000,0.9468219000,True,1.0000000000,4.0270840000,0.0338039400,0.0026305700,-0.0340433700,-0.0798802900,0.3133261000,0.9462801000,-0.0002235413,0.0024831240,-0.0329048900,0.0168918000,0.3092252000,0.9508388000,0.0000000000,
10.55094,859,True,1.0000000000,4.0182500000,-0.0313073600,0.0025114750,-0.0321143700,0.3363240000,0.3061111000,0.8906078000,True,1.0000000000,4.2339020000,0.0351028400,0.0026523290,-0.0343204200,0.1586322000,0.3263741000,0.9318346000,0.0028970640,0.0025840150,-0.0332506000,0.2458363000,0.3178889000,0.9157026000,0.0000000000,
10.57898,900,True,1.0000000000,4.0155180000,-0.0304584100,0.0026249240,-0.0324317000,0.4368649000,0.2979013000,0.8487661000,True,1.0000000000,4.3778530000,0.0361655900,0.0027721710,-0.0347446900,0.2868856000,0.3286039000,0.8998423000,-0.0045580600,0.0026821600,-0.0333308900,0.3797373000,0.3107968000,0.8713236000,0.0000000000,
10.57898,917,True,1.0000000000,4.0545200000,-0.0305403800,0.0025868990,-0.0324055700,0.4297210000,0.3077109000,0.8489133000,True,1.0000000000,4.3623200000,0.0361151300,0.0027876740,-0.0346994700,0.2710906000,0.3224675000,0.9069314000,-0.0097771760,0.0026494450,-0.0331201200,0.3814885000,0.3132811000,0.8696675000,0.0000000000,
10.61445,934,True,1.0000000000,4.0160220000,-0.0307050800,0.0025699010,-0.0323131300,0.3985787000,0.3025542000,0.8657921000,True,1.0000000000,4.3074340000,0.0359711500,0.0027746130,-0.0346352700,0.2534983000,0.3244985000,0.9112845000,-0.0141668700,0.0026206820,-0.0328891200,0.3633944000,0.3086754000,0.8790131000,0.0000000000,
10.66175,959,True,1.0000000000,4.1558230000,-0.0309960800,0.0024984740,-0.0322320000,0.3933006000,0.3075756000,0.8664364000,True,1.0000000000,4.2970580000,0.0357266000,0.0026927490,-0.0345124100,0.2031285000,0.3282223000,0.9225014000,-0.0179421700,0.0025364840,-0.0326781300,0.3572151000,0.3125976000,0.8801591000,0.0000000000,
10.69211,975,True,1.0000000000,4.1522370000,-0.0311935900,0.0024237820,-0.0321465800,0.3586460000,0.3042021000,0.8825158000,True,1.0000000000,4.2405400000,0.0355489400,0.0026362920,-0.0344416700,0.1886154000,0.3231075000,0.9273757000,-0.0177861300,0.0024664610,-0.0326076200,0.3253043000,0.3087789000,0.8937744000,0.0000000000,
10.70561,1034,True,1.0000000000,3.9919130000,-0.0318476000,0.0023110810,-0.0319592100,0.2726493000,0.2958432000,0.9154994000,True,1.0000000000,4.1991120000,0.0348925300,0.0025380560,-0.0342192500,0.1013962000,0.3088884000,0.9456779000,-0.0158926500,0.0023653410,-0.0324995000,0.2323636000,0.2997930000,0.9252736000,0.0000000000,
10.70561,1050,True,1.0000000000,3.9443360000,-0.0320349600,0.0023084560,-0.0319381300,0.2562129000,0.3039734000,0.9175811000,True,1.0000000000,4.2387700000,0.0347099500,0.0025362700,-0.0341848500,0.0813456100,0.3127938000,0.9463313000,-0.0131353800,0.0023729550,-0.0325743100,0.2073697000,0.3074534000,0.9286928000,0.0000000000,
10.70561,1059,True,1.0000000000,3.9564510000,-0.0321254400,0.0022886960,-0.0319069700,0.2352628000,0.2928807000,0.9267536000,True,1.0000000000,4.1675720000,0.0346010600,0.0025386960,-0.0341530200,0.0637057500,0.3057723000,0.9499710000,-0.0119425700,0.0023643040,-0.0325863400,0.1839462000,0.2977320000,0.9367601000,0.0000000000,
10.70561,1067,True,1.0000000000,4.0233920000,-0.0322174400,0.0022581330,-0.0318979800,0.2403885000,0.2950458000,0.9247494000,True,1.0000000000,4.2223660000,0.0345225400,0.0025327000,-0.0341439700,0.0612032900,0.3051925000,0.9503219000,-0.0113955400,0.0023437960,-0.0325987000,0.1851376000,0.2992750000,0.9360334000,0.0000000000,
10.73476,1075,True,1.0000000000,3.9556580000,-0.0322995500,0.0022284550,-0.0318707500,0.2183094000,0.2851282000,0.9332968000,True,1.0000000000,4.2217250000,0.0343942100,0.0025455320,-0.0341152500,0.0501260700,0.2989711000,0.9529447000,-0.0118660000,0.0023256070,-0.0325584100,0.1672846000,0.2902570000,0.9422138000,0.0000000000,
10.73476,1084,True,1.0000000000,3.8815460000,-0.0324021900,0.0022106020,-0.0318599000,0.2010075000,0.2869617000,0.9366157000,True,1.0000000000,4.1110530000,0.0343147700,0.0025452120,-0.0341094700,0.0278933800,0.3028904000,0.9526171000,-0.0117381400,0.0023142400,-0.0325566600,0.1478750000,0.2928507000,0.9446541000,0.0000000000,
10.75033,1092,True,1.0000000000,3.8844600000,-0.0324727000,0.0021827090,-0.0318411900,0.1885259000,0.2793479000,0.9415003000,True,1.0000000000,4.1988680000,0.0342278600,0.0025409700,-0.0340904000,0.0201723700,0.2978859000,0.9543883000,-0.0088211670,0.0023097540,-0.0326387400,0.1292581000,0.2868672000,0.9492099000,0.0000000000,
10.75033,1100,True,1.0000000000,3.8917240000,-0.0324187900,0.0021722110,-0.0318531400,0.1995554000,0.2842116000,0.9377640000,True,1.0000000000,4.1543120000,0.0342604700,0.0025254970,-0.0340966400,0.0195924800,0.3019592000,0.9531195000,-0.0055475770,0.0023145910,-0.0327572500,0.1275338000,0.2925282000,0.9477143000,0.0000000000,
10.75033,1108,True,1.0000000000,3.9136050000,-0.0322704000,0.0021543270,-0.0318781800,0.2606979000,0.2791917000,0.9241692000,True,1.0000000000,4.2112730000,0.0344055800,0.0024950410,-0.0341244500,0.0843510400,0.2963578000,0.9513448000,-0.0024110720,0.0023069000,-0.0328841200,0.1824525000,0.2880299000,0.9400797000,0.0000000000,
10.77269,1117,True,1.0000000000,3.9816130000,-0.0321536900,0.0021438910,-0.0319020600,0.2692146000,0.2876780000,0.9191109000,True,1.0000000000,4.1809390000,0.0345078400,0.0024997710,-0.0341351200,0.0956729100,0.2948313000,0.9507477000,0.0006936035,0.0023192600,-0.0330024000,0.1844192000,0.2923456000,0.9383622000,0.0000000000,
10.77269,1125,True,1.0000000000,3.9183200000,-0.0321173300,0.0021403200,-0.0318910600,0.2544129000,0.2795597000,0.9258080000,True,1.0000000000,4.2004390000,0.0345350400,0.0024908300,-0.0341419200,0.1017461000,0.2953505000,0.9499557000,0.0014541780,0.0023168640,-0.0330247800,0.1780557000,0.2883773000,0.9408160000,0.0000000000,
10.77269,1133,True,1.0000000000,3.8624880000,-0.0321891600,0.0021398780,-0.0318814600,0.2481562000,0.2831450000,0.9264164000,True,1.0000000000,4.1694790000,0.0344809300,0.0024909060,-0.0341340300,0.0849004300,0.3011036000,0.9498045000,0.0010130310,0.0023146970,-0.0330032700,0.1674363000,0.2930936000,0.9413083000,0.0000000000,
10.79483,1142,True,1.0000000000,4.0217440000,-0.0322574200,0.0021234130,-0.0318625200,0.2482610000,0.2755285000,0.9286821000,True,1.0000000000,4.1207580000,0.0343927900,0.0025092320,-0.0340979000,0.0748300900,0.2792853000,0.9572880000,0.0009284210,0.0023155210,-0.0329755400,0.1625385000,0.2784761000,0.9465898000,0.0000000000,
10.79483,1150,True,1.0000000000,3.9870760000,-0.0323052200,0.0021089780,-0.0318646400,0.2482771000,0.2805954000,0.9271595000,True,1.0000000000,4.1448060000,0.0343831300,0.0024482730,-0.0340888100,0.0463414200,0.2847929000,0.9574683000,0.0005142670,0.0022759550,-0.0329592300,0.1496740000,0.2841502000,0.9470250000,0.0000000000,
10.79483,1158,True,1.0000000000,3.9499820000,-0.0323537900,0.0020913390,-0.0318415100,0.2318895000,0.2723256000,0.9338447000,True,1.0000000000,4.2471770000,0.0343116900,0.0024777830,-0.0340809000,0.0473482700,0.2870956000,0.9567310000,-0.0001223145,0.0022781680,-0.0329242100,0.1432963000,0.2806873000,0.9490420000,0.0000000000,
10.81755,1167,True,1.0000000000,3.9462890000,-0.0324032600,0.0021004330,-0.0318399800,0.2281833000,0.2719767000,0.9348589000,True,1.0000000000,4.2228550000,0.0342592500,0.0024812010,-0.0340710900,0.0405278700,0.2843360000,0.9578677000,-0.0010002900,0.0022798010,-0.0328910100,0.1404119000,0.2790537000,0.9499545000,0.0000000000,
10.84636,1175,True,1.0000000000,3.8813020000,-0.0324232400,0.0020849000,-0.0318178100,0.2127416000,0.2593427000,0.9420629000,True,1.0000000000,4.2395320000,0.0342154400,0.0024755400,-0.0340632100,0.0260011700,0.2841513000,0.9584268000,-0.0019247440,0.0022636870,-0.0328454600,0.1278396000,0.2719148000,0.9537921000,0.0000000000,
10.84636,1183,True,1.0000000000,3.9155880000,-0.0324889800,0.0020834200,-0.0318146400,0.2045605000,0.2628341000,0.9429069000,True,1.0000000000,4.2733920000,0.0341864800,0.0024811250,-0.0340582000,0.0166933500,0.2849313000,0.9584026000,-0.0020983580,0.0022646940,-0.0328372500,0.1194618000,0.2741259000,0.9542452000,0.0000000000,
10.86323,1200,True,1.0000000000,3.9479980000,-0.0325723100,0.0020751500,-0.0318062200,0.1891511000,0.2636457000,0.9458926000,True,1.0000000000,4.1206210000,0.0341013200,0.0024872280,-0.0340352800,0.0113220900,0.2730425000,0.9619353000,-0.0016746060,0.0022661130,-0.0328392100,0.1071793000,0.2690773000,0.9571364000,0.0000000000,
10.86323,1208,True,1.0000000000,3.9010470000,-0.0325938100,0.0020793920,-0.0318062500,0.1810786000,0.2652626000,0.9470197000,True,1.0000000000,4.2319640000,0.0340750600,0.0025017850,-0.0340445900,0.0033874640,0.2832195000,0.9590491000,-0.0011179960,0.0022788090,-0.0328630200,0.0975811400,0.2748446000,0.9565241000,0.0000000000,
10.86323,1217,True,1.0000000000,4.0128170000,-0.0326024500,0.0020659640,-0.0318109100,0.1760106000,0.2790687000,0.9440026000,True,1.0000000000,4.2564540000,0.0340567800,0.0025070800,-0.0340389600,-0.0035095350,0.2814036000,0.9595830000,0.0002093353,0.0022830960,-0.0329076200,0.0879981700,0.2813592000,0.9555592000,0.0000000000,
10.88402,1225,True,1.0000000000,3.8910680000,-0.0326392400,0.0020853120,-0.0317925100,0.1786979000,0.2585633000,0.9493219000,True,1.0000000000,4.2066350000,0.0340330700,0.0025113370,-0.0340440700,-0.0135347400,0.2861216000,0.9580977000,0.0013860320,0.0023027340,-0.0329415600,0.0809638100,0.2739280000,0.9583362000,0.0000000000,
10.88402,1233,True,1.0000000000,4.0744630000,-0.0326785700,0.0020914760,-0.0318091300,0.1724268000,0.2751962000,0.9457992000,True,1.0000000000,4.2290190000,0.0339991300,0.0024955750,-0.0340315700,-0.0222627400,0.2792227000,0.9599683000,0.0010116270,0.0022956540,-0.0329320700,0.0744026900,0.2785676000,0.9575303000,0.0000000000,
10.88402,1242,True,1.0000000000,3.9199070000,-0.0326961400,0.0020539860,-0.0317859500,0.1622019000,0.2634141000,0.9509488000,True,1.0000000000,4.0896450000,0.0339773700,0.0024727480,-0.0340254400,-0.0194551600,0.2749815000,0.9612526000,0.0001577149,0.0022603300,-0.0328894800,0.0729992300,0.2702375000,0.9600223000,0.0000000000,
10.90617,1250,True,1.0000000000,4.0047150000,-0.0327157800,0.0020413060,-0.0317819200,0.1544350000,0.2643904000,0.9519703000,True,1.0000000000,4.1223910000,0.0339487000,0.0024532780,-0.0340162500,-0.0319062600,0.2734081000,0.9613688000,0.0001618347,0.0022444760,-0.0328838500,0.0628054300,0.2700206000,0.9608040000,0.0000000000,
10.90617,1258,True,1.0000000000,4.0139160000,-0.0327394700,0.0020313110,-0.0317840900,0.1449747000,0.2686633000,0.9522617000,True,1.0000000000,4.0459900000,0.0339222600,0.0024413610,-0.0340178800,-0.0321965100,0.2773325000,0.9602343000,-0.0001620178,0.0022317050,-0.0328757500,0.0586092700,0.2739728000,0.9599499000,0.0000000000,
10.90617,1267,True,1.0000000000,4.0344540000,-0.0327561500,0.0020289610,-0.0317782300,0.1412523000,0.2657960000,0.9536248000,True,1.0000000000,4.0984950000,0.0339121600,0.0024264530,-0.0340030100,-0.0490571400,0.2758491000,0.9599482000,-0.0003134613,0.0022223970,-0.0328608700,0.0488587400,0.2719274000,0.9610767000,0.0000000000,
10.92771,1275,True,1.0000000000,3.9854890000,-0.0327679000,0.0020429840,-0.0317697300,0.1287405000,0.2604565000,0.9568638000,True,1.0000000000,3.9830020000,0.0338981900,0.0024457090,-0.0340117400,-0.0412904900,0.2745070000,0.9606982000,0.0002599640,0.0022425080,-0.0328804600,0.0446629200,0.2683895000,0.9622746000,0.0000000000,
10.92771,1283,True,1.0000000000,4.0633540000,-0.0327618600,0.0020684200,-0.0317736700,0.1346455000,0.2632331000,0.9552900000,True,1.0000000000,3.9850010000,0.0339050300,0.0024369970,-0.0340024600,-0.0524140700,0.2753913000,0.9599023000,0.0002695313,0.0022510380,-0.0328779600,0.0421449700,0.2704480000,0.9618117000,0.0000000000,
10.92771,1292,True,1.0000000000,3.9650730000,-0.0327509900,0.0021189580,-0.0317632300,0.1263445000,0.2440982000,0.9614848000,True,1.0000000000,4.0605010000,0.0339386200,0.0024434360,-0.0340167400,-0.0582127200,0.2833883000,0.9572368000,0.0006683350,0.0022815550,-0.0328925000,0.0340119500,0.2649697000,0.9636567000,0.0000000000,
10.95025,1300,True,1.0000000000,4.0722960000,-0.0325394200,0.0020877990,-0.0317816600,0.1474172000,0.2601355000,0.9542524000,True,1.0000000000,4.1177220000,0.0341209700,0.0024087830,-0.0340311300,-0.0407566100,0.2794369000,0.9592987000,0.0004817963,0.0022468110,-0.0328959700,0.0544284500,0.2709063000,0.9610657000,0.0000000000,
10.95025,1308,True,1.0000000000,3.8533020000,-0.0321147600,0.0020838470,-0.0318304200,0.2084846000,0.2477614000,0.9461229000,True,1.0000000000,4.3897250000,0.0344787800,0.0023253020,-0.0340720700,0.0499428200,0.2734572000,0.9605867000,0.0006029968,0.0022024690,-0.0329317500,0.1310288000,0.2612337000,0.9563411000,0.0000000000,
10.95025,1317,True,1.0000000000,4.0152890000,-0.0315867900,0.0020664220,-0.0319512500,0.3044916000,0.2493306000,0.9193036000,True,1.0000000000,4.2839660000,0.0349030000,0.0022868350,-0.0341737800,0.1263136000,0.2677793000,0.9551644000,0.0022289730,0.0021785130,-0.0330816100,0.2147696000,0.2597988000,0.9414768000,0.0000000000,
10.97229,1325,True,1.0000000000,4.0022580000,-0.0310730800,0.0020804750,-0.0320969600,0.3846801000,0.2384376000,0.8917224000,True,1.0000000000,4.2450870000,0.0353436100,0.0022480770,-0.0342996500,0.1994349000,0.2619815000,0.9442412000,0.0050170590,0.0021715390,-0.0332938800,0.2853436000,0.2524146000,0.9245896000,0.0000000000,
10.97229,1333,True,1.0000000000,4.0752870000,-0.0306591500,0.0020816500,-0.0322484600,0.4413805000,0.2345301000,0.8661287000,True,1.0000000000,4.2735900000,0.0357117800,0.0022201230,-0.0344496600,0.2627725000,0.2650003000,0.9277529000,0.0089115600,0.0021642000,-0.0335608400,0.3363852000,0.2538186000,0.9068744000,0.0000000000,
10.97229,1342,True,1.0000000000,4.2082980000,-0.0302679600,0.0020629270,-0.0324183100,0.4823560000,0.2365468000,0.8434324000,True,1.0000000000,4.3917390000,0.0360686500,0.0021758880,-0.0345900400,0.3128995000,0.2504295000,0.9161763000,0.0128167700,0.0021362920,-0.0338288100,0.3737554000,0.2465254000,0.8941656000,0.0000000000,
11.00142,1350,True,1.0000000000,4.3526150000,-0.0300101000,0.0020395510,-0.0325596800,0.5425343000,0.2126801000,0.8126646000,True,1.0000000000,4.4049840000,0.0363479000,0.0021705320,-0.0347240900,0.3552721000,0.2408459000,0.9032026000,0.0163123800,0.0021309820,-0.0340705900,0.4137295000,0.2334305000,0.8799648000,0.0000000000,
11.00142,1358,True,1.0000000000,4.2649840000,-0.0299240400,0.0020391240,-0.0325918000,0.5433404000,0.2089712000,0.8130881000,True,1.0000000000,4.4822690000,0.0365234700,0.0021771390,-0.0348190300,0.3802222000,0.2354149000,0.8944333000,0.0136458600,0.0021296230,-0.0340522000,0.4380701000,0.2271757000,0.8697619000,0.0000000000,
11.01847,1367,True,1.0000000000,4.3679960000,-0.0299979000,0.0020125890,-0.0325229800,0.5213221000,0.2086967000,0.8274472000,True,1.0000000000,4.5638580000,0.0365312200,0.0021669620,-0.0347942100,0.3645034000,0.2319803000,0.9018438000,0.0102909100,0.0021060790,-0.0338983900,0.4279235000,0.2236207000,0.8757142000,0.0000000000,
11.01847,1375,True,1.0000000000,4.1545560000,-0.0300836000,0.0019915320,-0.0324906300,0.5051213000,0.2228283000,0.8337865000,True,1.0000000000,4.4253230000,0.0364454500,0.0021454770,-0.0347442500,0.3525304000,0.2330061000,0.9063280000,-0.0023747100,0.0020556490,-0.0334292500,0.4431043000,0.2278617000,0.8670281000,0.0000000000,
11.01847,1383,True,1.0000000000,4.2239690000,-0.0301933800,0.0019728700,-0.0324448400,0.5020990000,0.2233772000,0.8354635000,True,1.0000000000,4.4776000000,0.0363666700,0.0021488500,-0.0346979800,0.3337131000,0.2375970000,0.9122407000,-0.0062419280,0.0020361940,-0.0332556300,0.4432706000,0.2294021000,0.8665367000,0.0000000000,
11.03874,1392,True,1.0000000000,4.1440580000,-0.0302834900,0.0019561160,-0.0323715700,0.4679019000,0.2234986000,0.8550533000,True,1.0000000000,4.4230190000,0.0362684700,0.0021616520,-0.0346722800,0.3343704000,0.2426943000,0.9106569000,-0.0081631930,0.0020244290,-0.0331362600,0.4245202000,0.2304259000,0.8756064000,0.0000000000,
11.03874,1400,True,1.0000000000,4.2163240000,-0.0303927600,0.0019455410,-0.0323359100,0.4701602000,0.2213165000,0.8543819000,True,1.0000000000,4.4143220000,0.0361775700,0.0021453710,-0.0346166400,0.3105950000,0.2447986000,0.9184793000,-0.0045114440,0.0020232240,-0.0332226100,0.4095931000,0.2312783000,0.8824646000,0.0000000000,
11.03874,1408,True,1.0000000000,4.3046260000,-0.0305118400,0.0019332730,-0.0322867900,0.4590030000,0.2214677000,0.8603885000,True,1.0000000000,4.3584750000,0.0360921500,0.0021417390,-0.0345625900,0.2869137000,0.2440819000,0.9263393000,0.0051377870,0.0020448460,-0.0335049000,0.3684716000,0.2345749000,0.8995572000,0.0000000000,
11.0613,1417,True,1.0000000000,4.3380580000,-0.0306368400,0.0019238890,-0.0322427400,0.4564884000,0.2161896000,0.8630646000,True,1.0000000000,4.4637600000,0.0359690900,0.0021555180,-0.0344989600,0.2627119000,0.2440809000,0.9334918000,0.0079572600,0.0020581060,-0.0335500800,0.3460310000,0.2335865000,0.9086803000,0.0000000000,
11.0613,1425,True,1.0000000000,4.2853550000,-0.0307658900,0.0019113010,-0.0321688700,0.4364645000,0.1954355000,0.8782390000,True,1.0000000000,4.4532170000,0.0358443500,0.0021606140,-0.0344475400,0.2594642000,0.2334933000,0.9371015000,0.0118598000,0.0020708470,-0.0336270500,0.3245590000,0.2207215000,0.9197518000,0.0000000000,
11.0613,1433,True,1.0000000000,4.1550600000,-0.0308855800,0.0018977510,-0.0321568200,0.4235094000,0.2176065000,0.8793675000,True,1.0000000000,4.3663330000,0.0357188900,0.0021680150,-0.0344074900,0.2420085000,0.2390940000,0.9403542000,-0.0013600460,0.0020175480,-0.0331545300,0.3446395000,0.2281829000,0.9105801000,0.0000000000,
11.1087,1442,True,1.0000000000,4.2123260000,-0.0310236200,0.0018893590,-0.0321200700,0.4088312000,0.2272810000,0.8838554000,True,1.0000000000,4.4082490000,0.0355767800,0.0021745150,-0.0343638900,0.2258783000,0.2411220000,0.9438428000,-0.0038423310,0.0020057380,-0.0330358300,0.3356812000,0.2339804000,0.9124535000,0.0000000000,
11.1087,1450,True,1.0000000000,4.1676640000,-0.0311711900,0.0018702240,-0.0320620600,0.3925843000,0.2157932000,0.8940418000,True,1.0000000000,4.4331670000,0.0354438100,0.0021948850,-0.0343212200,0.2104202000,0.2384050000,0.9480962000,-0.0043879400,0.0020007630,-0.0329703700,0.3207609000,0.2258800000,0.9198319000,0.0000000000,
11.1087,1458,True,1.0000000000,4.1347810000,-0.0313207200,0.0018667760,-0.0320217800,0.3740408000,0.2180341000,0.9014181000,True,1.0000000000,4.3571320000,0.0353097700,0.0022304080,-0.0342749200,0.1828184000,0.2406806000,0.9532315000,-0.0033174590,0.0020196080,-0.0329687200,0.2951086000,0.2286558000,0.9277001000,0.0000000000,
11.12755,1467,True,1.0000000000,4.1792300000,-0.0314861600,0.0018660130,-0.0319835100,0.3637913000,0.2188912000,0.9053963000,True,1.0000000000,4.4103240000,0.0351733100,0.0022705690,-0.0342459900,0.1760116000,0.2396108000,0.9547809000,-0.0039612280,0.0020330660,-0.0329177300,0.2875863000,0.2285035000,0.9300969000,0.0000000000,
11.12755,1475,True,1.0000000000,4.0933530000,-0.0316192700,0.0018623660,-0.0319712700,0.3386136000,0.2387126000,0.9101413000,True,1.0000000000,4.4337460000,0.0350197500,0.0022981720,-0.0342000300,0.1615926000,0.2332792000,0.9588893000,-0.0029342040,0.0020499730,-0.0329306500,0.2635053000,0.2373516000,0.9350022000,0.0000000000,
11.12755,1483,True,1.0000000000,4.0801850000,-0.0317486000,0.0018942570,-0.0319430900,0.3192800000,0.2370796000,0.9175258000,True,1.0000000000,4.3461910000,0.0348810900,0.0023459170,-0.0341829500,0.1465619000,0.2421743000,0.9590992000,-0.0014236450,0.0020998230,-0.0329625100,0.2416254000,0.2403436000,0.9401341000,0.0000000000,
11.15017,1492,True,1.0000000000,4.1238860000,-0.0318781300,0.0019116970,-0.0319240000,0.3126851000,0.2360855000,0.9200498000,True,1.0000000000,4.4102020000,0.0347660900,0.0023755800,-0.0341455700,0.1284963000,0.2323950000,0.9640961000,-0.0024560240,0.0021164860,-0.0329047900,0.2323956000,0.2354932000,0.9436818000,0.0000000000,
11.15017,1500,True,1.0000000000,4.1570130000,-0.0319931400,0.0019250490,-0.0318999500,0.3064005000,0.2310821000,0.9234282000,True,1.0000000000,4.3327180000,0.0346586200,0.0024008790,-0.0341339600,0.1132204000,0.2413638000,0.9638073000,-0.0028512420,0.0021331030,-0.0328767100,0.2230088000,0.2367113000,0.9456398000,0.0000000000,
11.15017,1508,True,1.0000000000,4.1522830000,-0.0321073600,0.0019600370,-0.0318872200,0.2883029000,0.2362851000,0.9279282000,True,1.0000000000,4.2732700000,0.0345512900,0.0024355620,-0.0341121600,0.0837710800,0.2390146000,0.9673957000,-0.0028731690,0.0021685790,-0.0328630100,0.1996780000,0.2387713000,0.9503247000,0.0000000000,
11.19429,1517,True,1.0000000000,4.1213380000,-0.0322263900,0.0019669800,-0.0318582300,0.2726173000,0.2294191000,0.9343697000,True,1.0000000000,4.1918030000,0.0344241200,0.0024702150,-0.0340927800,0.0915998400,0.2316623000,0.9684741000,-0.0033388370,0.0021850890,-0.0328267200,0.1949780000,0.2313552000,0.9531308000,0.0000000000,
11.2275,1533,True,1.0000000000,4.0869290000,-0.0324291300,0.0020038610,-0.0318389800,0.2535416000,0.2301344000,0.9395503000,True,1.0000000000,4.3078920000,0.0342000100,0.0024974210,-0.0340579900,0.0618140100,0.2450435000,0.9675395000,-0.0034049840,0.0022188570,-0.0328056000,0.1708246000,0.2377354000,0.9561908000,0.0000000000,
11.26756,1567,True,1.0000000000,4.0169830000,-0.0328194800,0.0020028690,-0.0318153200,0.2121135000,0.2334606000,0.9489489000,True,1.0000000000,4.3843840000,0.0338098900,0.0025413970,-0.0340302400,0.0162659100,0.2525183000,0.9674554000,-0.0049119420,0.0022284240,-0.0327430400,0.1307078000,0.2426013000,0.9612804000,0.0000000000,
11.28336,1600,True,1.0000000000,3.9663390000,-0.0330475900,0.0019355770,-0.0317906500,0.1721072000,0.2356156000,0.9564855000,True,1.0000000000,4.1557460000,0.0335788900,0.0025840760,-0.0339944200,-0.0168306400,0.2299832000,0.9730491000,-0.0048852540,0.0022096860,-0.0327221500,0.0926517200,0.2342691000,0.9677467000,0.0000000000,
11.31889,1625,True,1.0000000000,4.0550990000,-0.0330642300,0.0019503020,-0.0317835200,0.1552440000,0.2275559000,0.9613104000,True,1.0000000000,4.2578430000,0.0335676400,0.0025995790,-0.0339968900,-0.0315097800,0.2327451000,0.9720272000,-0.0057214050,0.0022167360,-0.0326917900,0.0789343100,0.2306688000,0.9698254000,0.0000000000,
11.3387,1667,True,1.0000000000,4.0608060000,-0.0329574900,0.0019370730,-0.0317669300,0.1395430000,0.2334464000,0.9623048000,True,1.0000000000,4.2519230000,0.0336681200,0.0025345310,-0.0339986100,-0.0438848000,0.2334165000,0.9713860000,-0.0047745520,0.0021898040,-0.0327109400,0.0621955800,0.2343931000,0.9701503000,0.0000000000,
11.3387,1675,True,1.0000000000,4.0819850000,-0.0329444100,0.0019447780,-0.0317726300,0.1414656000,0.2343009000,0.9618163000,True,1.0000000000,4.2216030000,0.0336794600,0.0025275730,-0.0339974500,-0.0428166800,0.2340574000,0.9712795000,-0.0038844760,0.0021989900,-0.0327430600,0.0613412700,0.2351721000,0.9700161000,0.0000000000,
11.34998,1692,True,1.0000000000,4.0299840000,-0.0329231400,0.0019722900,-0.0317792500,0.1340952000,0.2353837000,0.9626074000,True,1.0000000000,4.2439420000,0.0337015100,0.0025162050,-0.0339945900,-0.0570681400,0.2433178000,0.9682663000,-0.0032025760,0.0022149200,-0.0327674900,0.0490265300,0.2400209000,0.9695290000,0.0000000000,
11.36106,1700,True,1.0000000000,3.9704130000,-0.0329081000,0.0019806670,-0.0317769200,0.1301889000,0.2328812000,0.9637516000,True,1.0000000000,4.1925350000,0.0337208000,0.0025098880,-0.0339870500,-0.0588538800,0.2393065000,0.9691587000,-0.0023900450,0.0022230680,-0.0327892300,0.0437927900,0.2368778000,0.9705520000,0.0000000000,
11.36106,1708,True,1.0000000000,4.0588380000,-0.0328939700,0.0019849090,-0.0317743100,0.1297155000,0.2306833000,0.9643439000,True,1.0000000000,4.2121430000,0.0337407000,0.0025057980,-0.0339928200,-0.0624247200,0.2439004000,0.9677891000,-0.0015892180,0.0022296300,-0.0328165400,0.0396276500,0.2379948000,0.9704577000,0.0000000000,
11.37231,1717,True,1.0000000000,4.0406650000,-0.0328807700,0.0019806520,-0.0317693700,0.1301429000,0.2312023000,0.9641620000,True,1.0000000000,4.2485500000,0.0337609100,0.0024938200,-0.0339863600,-0.0672002100,0.2417468000,0.9680096000,-0.0000198517,0.0022336880,-0.0328625700,0.0329900400,0.2375680000,0.9708105000,0.0000000000,
11.39426,1725,True,1.0000000000,4.0971220000,-0.0328697500,0.0019721220,-0.0317629400,0.1218721000,0.2319034000,0.9650741000,True,1.0000000000,4.1570590000,0.0337785800,0.0024742130,-0.0339858700,-0.0695653900,0.2422963000,0.9677051000,0.0009787141,0.0022271120,-0.0328918900,0.0247500800,0.2382691000,0.9708838000,0.0000000000,
11.40527,1742,True,1.0000000000,4.0803220000,-0.0328480900,0.0019583890,-0.0317565600,0.1259940000,0.2291758000,0.9651964000,True,1.0000000000,4.1409450000,0.0337999900,0.0024332120,-0.0339768700,-0.0699620500,0.2368181000,0.9690317000,0.0008153229,0.0021982120,-0.0328780200,0.0271458300,0.2341652000,0.9718177000,0.0000000000,
11.40527,1750,True,1.0000000000,4.1335300000,-0.0327647600,0.0019271550,-0.0317490400,0.1253213000,0.2270066000,0.9657964000,True,1.0000000000,4.3082730000,0.0338499000,0.0023949430,-0.0339768400,-0.0717472100,0.2413648000,0.9677786000,0.0008024140,0.0021628720,-0.0328716300,0.0261384400,0.2353986000,0.9715474000,0.0000000000,
11.4173,1758,True,1.0000000000,4.0707240000,-0.0326802500,0.0019201810,-0.0317355800,0.1591057000,0.1976041000,0.9672838000,True,1.0000000000,4.2332760000,0.0339164000,0.0023527830,-0.0339974200,-0.0259094600,0.2401737000,0.9703841000,0.0013106840,0.0021409910,-0.0328900100,0.0649573400,0.2203240000,0.9732615000,0.0000000000,
11.42763,1767,True,1.0000000000,4.1146090000,-0.0326572100,0.0018836370,-0.0317138100,0.1414804000,0.2023176000,0.9690464000,True,1.0000000000,4.2964170000,0.0339276300,0.0023374180,-0.0339846200,-0.0406191800,0.2321183000,0.9718391000,0.0025504300,0.0021235810,-0.0329145200,0.0453801600,0.2190119000,0.9746663000,0.0000000000,
11.42763,1775,True,1.0000000000,4.0664830000,-0.0326753900,0.0018950810,-0.0317355400,0.1428089000,0.2183714000,0.9653598000,True,1.0000000000,4.2760620000,0.0339204400,0.0023288270,-0.0339769900,-0.0566563200,0.2327136000,0.9708936000,0.0028586270,0.0021265110,-0.0329315200,0.0365604800,0.2271602000,0.9731709000,0.0000000000,
11.45024,1783,True,1.0000000000,4.1337280000,-0.0327154100,0.0019181370,-0.0317568500,0.1415120000,0.2091552000,0.9675890000,True,1.0000000000,4.2923740000,0.0339024100,0.0023326110,-0.0339662000,-0.0575262200,0.2290215000,0.9717200000,0.0022172240,0.0021354680,-0.0329153800,0.0373233200,0.2206745000,0.9746331000,0.0000000000,
11.46169,1800,True,1.0000000000,4.0496670000,-0.0327368300,0.0019062960,-0.0317307300,0.1344163000,0.2128933000,0.9677854000,True,1.0000000000,4.2354890000,0.0338697700,0.0023531650,-0.0339665400,-0.0602420200,0.2263196000,0.9721884000,0.0019627230,0.0021390990,-0.0328955100,0.0331575300,0.2209485000,0.9747217000,0.0000000000,
11.47225,1808,True,1.0000000000,4.1143040000,-0.0327578600,0.0019073330,-0.0317262000,0.1262371000,0.2147846000,0.9684687000,True,1.0000000000,4.2838590000,0.0338492800,0.0023634030,-0.0339771000,-0.0583196200,0.2307607000,0.9712612000,0.0020608670,0.0021457520,-0.0329028500,0.0298771800,0.2241094000,0.9741059000,0.0000000000,
11.47225,1817,True,1.0000000000,4.1614230000,-0.0327794200,0.0019147190,-0.0317344900,0.1315014000,0.2208881000,0.9663932000,True,1.0000000000,4.2695310000,0.0338260700,0.0023705750,-0.0339758000,-0.0610509500,0.2272664000,0.9719171000,0.0016966400,0.0021506810,-0.0328946200,0.0319674600,0.2252371000,0.9737794000,0.0000000000,
11.4835,1825,True,1.0000000000,4.0290680000,-0.0328098300,0.0019038850,-0.0317092500,0.1266332000,0.2140207000,0.9685862000,True,1.0000000000,4.2242280000,0.0338001000,0.0023739620,-0.0339724500,-0.0614327100,0.2239868000,0.9726541000,0.0016296840,0.0021469270,-0.0328794000,0.0295108600,0.2201565000,0.9750181000,0.0000000000,
11.49441,1833,True,1.0000000000,4.0882420000,-0.0328436300,0.0018965150,-0.0316896800,0.1279773000,0.2126190000,0.9687182000,True,1.0000000000,4.2293550000,0.0337811700,0.0023671880,-0.0339487600,-0.0683752500,0.2314016000,0.9704525000,0.0016262210,0.0021400300,-0.0328584800,0.0265048300,0.2234218000,0.9743614000,0.0000000000,
11.49441,1842,True,1.0000000000,4.0633700000,-0.0328771800,0.0019054720,-0.0316976900,0.1222235000,0.2149211000,0.9689532000,True,1.0000000000,4.2424770000,0.0337509500,0.0023752290,-0.0339388900,-0.0709086300,0.2308078000,0.9704121000,0.0012394710,0.0021460110,-0.0328452900,0.0234224600,0.2241079000,0.9742828000,0.0000000000,
11.5056,1850,True,1.0000000000,4.1056370000,-0.0329142900,0.0019196470,-0.0317154700,0.1190047000,0.2218806000,0.9677845000,True,1.0000000000,4.2922820000,0.0337132400,0.0023948820,-0.0339357000,-0.0681006200,0.2298758000,0.9708344000,0.0007805481,0.0021599890,-0.0328382900,0.0244904700,0.2269145000,0.9736067000,0.0000000000,
11.51666,1858,True,1.0000000000,4.0850370000,-0.0329620700,0.0019329070,-0.0317234500,0.1249861000,0.2248255000,0.9663498000,True,1.0000000000,4.2964630000,0.0336782900,0.0024204870,-0.0339337300,-0.0660251800,0.2239699000,0.9723570000,0.0008636170,0.0021803900,-0.0328453700,0.0281527100,0.2254200000,0.9738548000,0.0000000000,
11.51666,1867,True,1.0000000000,4.0260310000,-0.0330085600,0.0019375000,-0.0317232400,0.1228644000,0.2269298000,0.9661300000,True,1.0000000000,4.1974640000,0.0336383800,0.0024422000,-0.0339282400,-0.0656746100,0.2209804000,0.9730645000,-0.0003323517,0.0021849370,-0.0328043200,0.0305485900,0.2250098000,0.9738775000,0.0000000000,
11.52807,1875,True,1.0000000000,4.0561070000,-0.0330424300,0.0019623720,-0.0317207900,0.1204995000,0.2198196000,0.9680699000,True,1.0000000000,4.1653750000,0.0335918600,0.0024711000,-0.0339318600,-0.0596927200,0.2250837000,0.9725091000,-0.0010135350,0.0022069090,-0.0327835900,0.0340123600,0.2232548000,0.9741665000,0.0000000000,
11.53861,1883,True,1.0000000000,4.0414280000,-0.0330804500,0.0019792330,-0.0317314600,0.1261759000,0.2239093000,0.9664079000,True,1.0000000000,4.1457370000,0.0335409900,0.0024915010,-0.0339410600,-0.0548102700,0.2289000000,0.9719056000,-0.0007262421,0.0022280120,-0.0328045400,0.0384220100,0.2272514000,0.9730779000,0.0000000000,
11.54972,1892,True,1.0000000000,4.0311430000,-0.0331228300,0.0019889680,-0.0317378100,0.1221927000,0.2280127000,0.9659602000,True,1.0000000000,4.0546420000,0.0335059100,0.0025178530,-0.0339538000,-0.0559846400,0.2354895000,0.9702631000,0.0007818909,0.0022580870,-0.0328654300,0.0316469700,0.2327441000,0.9720230000,0.0000000000,
11.56074,1900,True,1.0000000000,4.0998840000,-0.0331632400,0.0019939420,-0.0317265200,0.1242537000,0.2213313000,0.9672505000,True,1.0000000000,4.0738370000,0.0334735600,0.0025478820,-0.0339662000,-0.0517733500,0.2421888000,0.9688468000,0.0003134308,0.0022722170,-0.0328516800,0.0359502200,0.2327304000,0.9718766000,0.0000000000,
11.57168,1908,True,1.0000000000,4.0783390000,-0.0332051000,0.0020070500,-0.0317342500,0.1254748000,0.2242769000,0.9664140000,True,1.0000000000,4.1541440000,0.0334404500,0.0025759580,-0.0339557800,-0.0551607200,0.2372445000,0.9698826000,0.0003546753,0.0022935180,-0.0328529200,0.0346528900,0.2317517000,0.9721576000,0.0000000000,
11.58305,1925,True,1.0000000000,4.1446690000,-0.0334630100,0.0019835210,-0.0317527300,0.1009071000,0.2377488000,0.9660710000,True,1.0000000000,4.0845790000,0.0331867400,0.0026571660,-0.0339665400,-0.0850377400,0.2398543000,0.9670773000,-0.0011092220,0.0023105320,-0.0328273800,0.0106812900,0.2398101000,0.9707611000,0.0000000000,
11.58305,1933,True,1.0000000000,4.1484530000,-0.0337951700,0.0020019230,-0.0318085000,0.0007476918,0.2511787000,0.9679404000,True,1.0000000000,4.2370300000,0.0327897500,0.0027382660,-0.0340053300,-0.1509722000,0.2487210000,0.9567368000,-0.0021542050,0.0023518370,-0.0328524300,-0.0715495400,0.2507362000,0.9654077000,0.0000000000,
11.59402,1942,True,1.0000000000,4.2604680000,-0.0342446800,0.0020429690,-0.0319074900,-0.0612644300,0.2834186000,0.9570374000,True,1.0000000000,4.2040250000,0.0323225400,0.0028513190,-0.0340865500,-0.2433795000,0.2512074000,0.9368358000,-0.0049217380,0.0023990480,-0.0328673700,-0.1420919000,0.2703896000,0.9522077000,0.0000000000,
11.60523,1950,True,1.0000000000,4.2677000000,-0.0346620000,0.0021125030,-0.0320149800,-0.1287851000,0.2859670000,0.9495459000,True,1.0000000000,4.1679080000,0.0318227100,0.0029556280,-0.0342108600,-0.3057902000,0.2622106000,0.9152803000,-0.0087465220,0.0024411470,-0.0328709300,-0.1985650000,0.2778049000,0.9398917000,0.0000000000,
11.6165,1958,True,1.0000000000,4.3552250000,-0.0350694000,0.0021322020,-0.0321267500,-0.1817493000,0.2813902000,0.9422244000,True,1.0000000000,4.3863980000,0.0313787100,0.0030341340,-0.0343548300,-0.3545434000,0.2781872000,0.8926986000,-0.0121810200,0.0024428710,-0.0328942300,-0.2421465000,0.2813165000,0.9285613000,0.0000000000,
11.62778,1967,True,1.0000000000,4.3417970000,-0.0354101900,0.0021410980,-0.0322759300,-0.2397023000,0.2944971000,0.9251024000,True,1.0000000000,4.3211060000,0.0310364800,0.0030840150,-0.0344749800,-0.3995405000,0.2744323000,0.8746738000,-0.0157943900,0.0024194640,-0.0329251100,-0.2877379000,0.2894316000,0.9129273000,0.0000000000,
11.66049,1983,True,1.0000000000,4.3625950000,-0.0358303100,0.0021507270,-0.0324511400,-0.2840441000,0.3007526000,0.9104213000,True,1.0000000000,4.2495270000,0.0307065300,0.0031233830,-0.0345926500,-0.4322563000,0.2682528000,0.8609267000,-0.0155249800,0.0024475560,-0.0331046800,-0.3301733000,0.2916139000,0.8977454000,0.0000000000,
11.67164,2000,True,1.0000000000,4.3914640000,-0.0357843200,0.0021305390,-0.0323921800,-0.2487971000,0.2984039000,0.9214419000,True,1.0000000000,4.3372650000,0.0308521300,0.0031149140,-0.0345312500,-0.4131534000,0.2719464000,0.8691084000,-0.0132039000,0.0024640960,-0.0331170200,-0.3055429000,0.2904367000,0.9068021000,0.0000000000,
11.68303,2025,True,1.0000000000,4.2390900000,-0.0353557000,0.0021817930,-0.0322512500,-0.2320258000,0.2854317000,0.9298886000,True,1.0000000000,4.2550050000,0.0312394400,0.0030915220,-0.0344242700,-0.3768513000,0.2847480000,0.8814203000,-0.0100306400,0.0025277560,-0.0330776100,-0.2878931000,0.2859552000,0.9139733000,0.0000000000,
11.69401,2033,True,1.0000000000,4.2954100000,-0.0351747000,0.0021866150,-0.0321867700,-0.2172104000,0.2814504000,0.9346685000,True,1.0000000000,4.2496190000,0.0314538300,0.0030605930,-0.0343688800,-0.3761629000,0.2784600000,0.8837203000,0.0030015410,0.0026873780,-0.0334370600,-0.3093454000,0.2806890000,0.9085809000,0.0000000000,
11.69401,2042,True,1.0000000000,4.2430110000,-0.0349714100,0.0022171940,-0.0321355900,-0.1994045000,0.2809485000,0.9387788000,True,1.0000000000,4.2955170000,0.0316610400,0.0030211790,-0.0343253800,-0.3700587000,0.2826863000,0.8849548000,0.0045435340,0.0026939850,-0.0334342000,-0.3017781000,0.2830705000,0.9103851000,0.0000000000,
11.71878,2050,True,1.0000000000,4.2849880000,-0.0347543100,0.0022153470,-0.0320984800,-0.1977858000,0.2862415000,0.9375215000,True,1.0000000000,4.3314820000,0.0318664600,0.0029864350,-0.0342931400,-0.3647346000,0.2884856000,0.8852935000,0.0061186220,0.0026884160,-0.0334449300,-0.3013048000,0.2886703000,0.9087821000,0.0000000000,
11.73971,2058,True,1.0000000000,4.2114870000,-0.0345558300,0.0022183840,-0.0320543400,-0.1853498000,0.2802753000,0.9418552000,True,1.0000000000,4.2661130000,0.0320754700,0.0029478760,-0.0342399900,-0.3537628000,0.2786126000,0.8928757000,0.0063697210,0.0026664430,-0.0333967900,-0.2898452000,0.2802778000,0.9151143000,0.0000000000,
11.73971,2075,True,1.0000000000,4.2090910000,-0.0342229000,0.0022041780,-0.0319878600,-0.1616544000,0.2769975000,0.9471749000,True,1.0000000000,4.2717590000,0.0324341100,0.0028602450,-0.0341933600,-0.3405943000,0.2843804000,0.8961715000,0.0071094670,0.0026109930,-0.0333554400,-0.2737317000,0.2827345000,0.9193107000,0.0000000000,
11.75011,2092,True,1.0000000000,4.2149510000,-0.0339448400,0.0021817170,-0.0319314500,-0.1335302000,0.2825634000,0.9499093000,True,1.0000000000,4.3399350000,0.0326622800,0.0027911230,-0.0341699400,-0.3270285000,0.2910328000,0.8990842000,0.0082632450,0.0025679020,-0.0333499500,-0.2573417000,0.2892786000,0.9220050000,0.0000000000,
11.77247,2100,True,1.0000000000,4.1722110000,-0.0338555500,0.0021731570,-0.0319153000,-0.1115883000,0.2858906000,0.9517429000,True,1.0000000000,4.2958370000,0.0327652100,0.0027612310,-0.0341511100,-0.3180882000,0.2863343000,0.9037879000,0.0111013500,0.0025699920,-0.0334240600,-0.2521865000,0.2876028000,0.9239516000,0.0000000000,
11.78309,2125,True,1.0000000000,4.1817170000,-0.0336998100,0.0021716460,-0.0318881700,-0.1065389000,0.2764792000,0.9550962000,True,1.0000000000,4.3191220000,0.0329313500,0.0027222290,-0.0341399700,-0.3042928000,0.2931080000,0.9063628000,0.0110851900,0.0025417020,-0.0334016800,-0.2405720000,0.2889885000,0.9266125000,0.0000000000,
11.79415,2133,True,1.0000000000,4.1353300000,-0.0336557500,0.0021708220,-0.0318881100,-0.1087967000,0.2776681000,0.9544966000,True,1.0000000000,4.1378480000,0.0329630000,0.0027179110,-0.0341322000,-0.2819563000,0.2931564000,0.9135426000,0.0108495300,0.0025363010,-0.0333873000,-0.2252694000,0.2890370000,0.9304361000,0.0000000000,
11.79415,2142,True,1.0000000000,4.1056370000,-0.0336347700,0.0021756750,-0.0318766800,-0.0918893200,0.2728756000,0.9576509000,True,1.0000000000,4.2891690000,0.0329895200,0.0027100830,-0.0341289800,-0.2909127000,0.2913399000,0.9113127000,0.0102275100,0.0025275120,-0.0333594800,-0.2239846000,0.2863780000,0.9315678000,0.0000000000,
11.81675,2150,True,1.0000000000,4.1390840000,-0.0336238900,0.0021808320,-0.0318739800,-0.0938877400,0.2709210000,0.9580120000,True,1.0000000000,4.1040800000,0.0330162700,0.0027096870,-0.0341211100,-0.2755901000,0.2879040000,0.9171485000,0.0096418160,0.0025241850,-0.0333329200,-0.2127085000,0.2830671000,0.9352155000,0.0000000000,
11.81675,2158,True,1.0000000000,4.0561370000,-0.0336228600,0.0021933900,-0.0318750900,-0.0799565100,0.2735917000,0.9585168000,True,1.0000000000,4.2113490000,0.0330206900,0.0027108770,-0.0341071500,-0.2744781000,0.2787201000,0.9203134000,0.0067952890,0.0025072330,-0.0332287900,-0.1988700000,0.2780029000,0.9397687000,0.0000000000,
11.82958,2167,True,1.0000000000,4.1219790000,-0.0336350300,0.0022113800,-0.0318801600,-0.0925148400,0.2732567000,0.9574820000,True,1.0000000000,4.1433870000,0.0330128000,0.0027276460,-0.0341185500,-0.2683120000,0.2870346000,0.9195759000,0.0037798160,0.0025012060,-0.0331367500,-0.1919736000,0.2821390000,0.9399701000,0.0000000000,
11.83906,2183,True,1.0000000000,4.2286990000,-0.0337135500,0.0022612460,-0.0318824000,-0.0865641600,0.2705263000,0.9588129000,True,1.0000000000,4.1443940000,0.0329512000,0.0027613220,-0.0341211000,-0.2664505000,0.2843033000,0.9209646000,-0.0022298740,0.0024974210,-0.0329396700,-0.1722443000,0.2782184000,0.9449478000,0.0000000000,
11.84992,2192,True,1.0000000000,4.1878810000,-0.0337614600,0.0022795410,-0.0318902800,-0.0789808000,0.2740524000,0.9584661000,True,1.0000000000,4.1399540000,0.0329115800,0.0027920380,-0.0341252000,-0.2646498000,0.2848983000,0.9212999000,-0.0023581090,0.0025209350,-0.0329429300,-0.1671777000,0.2804300000,0.9452040000,0.0000000000,
11.86142,2200,True,1.0000000000,4.1502380000,-0.0338339500,0.0022945560,-0.0319086300,-0.0780801200,0.2798646000,0.9568591000,True,1.0000000000,4.1852870000,0.0328417400,0.0028214570,-0.0341225200,-0.2564885000,0.2800331000,0.9250920000,-0.0009023590,0.0025547950,-0.0330020900,-0.1668860000,0.2810985000,0.9450569000,0.0000000000,
11.8713,2208,True,1.0000000000,4.1895750000,-0.0339073800,0.0022824560,-0.0319146600,-0.0735330600,0.2826422000,0.9564028000,True,1.0000000000,4.2441560000,0.0327663100,0.0028060000,-0.0341245800,-0.2606678000,0.2818777000,0.9233619000,0.0001558685,0.0025499270,-0.0330436900,-0.1699070000,0.2835394000,0.9437886000,0.0000000000,
11.88293,2217,True,1.0000000000,4.1538700000,-0.0339696800,0.0022734530,-0.0319153800,-0.0711977700,0.2791148000,0.9576146000,True,1.0000000000,4.1786190000,0.0327215500,0.0028480530,-0.0341338700,-0.2692729000,0.2773601000,0.9222600000,0.0008268281,0.0025732580,-0.0330728800,-0.1754318000,0.2796197000,0.9439473000,0.0000000000,
11.88293,2225,True,1.0000000000,4.2101440000,-0.0340448500,0.0022513280,-0.0319165400,-0.0601359500,0.2795765000,0.9582384000,True,1.0000000000,4.2198790000,0.0326420900,0.0028125460,-0.0341321900,-0.2548256000,0.2824444000,0.9248184000,0.0013435210,0.0025491490,-0.0330923000,-0.1642474000,0.2824738000,0.9451092000,0.0000000000,
11.89396,2233,True,1.0000000000,4.0873110000,-0.0340940700,0.0022364960,-0.0319285100,-0.0651408400,0.2809647000,0.9575048000,True,1.0000000000,4.2168730000,0.0325990300,0.0028234250,-0.0341303600,-0.2619370000,0.2741595000,0.9253246000,0.0016660770,0.0025511930,-0.0331091200,-0.1715101000,0.2787039000,0.9449383000,0.0000000000,
11.90495,2242,True,1.0000000000,4.0749210000,-0.0341392200,0.0022262420,-0.0319388100,-0.0624851300,0.2854632000,0.9563505000,True,1.0000000000,4.1630550000,0.0325487400,0.0028288420,-0.0341365800,-0.2523520000,0.2783532000,0.9267352000,0.0015325620,0.0025485690,-0.0331144100,-0.1648119000,0.2829620000,0.9448648000,0.0000000000,
11.90495,2250,True,1.0000000000,4.1834870000,-0.0341726700,0.0022171940,-0.0319321600,-0.0627292300,0.2789932000,0.9582421000,True,1.0000000000,4.1715850000,0.0325099300,0.0028367010,-0.0341368600,-0.2447083000,0.2784002000,0.9287686000,0.0011487270,0.0025453490,-0.0330999800,-0.1598063000,0.2798632000,0.9466459000,0.0000000000,
11.92732,2258,True,1.0000000000,4.1689300000,-0.0341882600,0.0022203680,-0.0319470700,-0.0667422500,0.2874616000,0.9554639000,True,1.0000000000,4.1829990000,0.0325054800,0.0028738710,-0.0341306900,-0.2439315000,0.2694904000,0.9315967000,0.0011009520,0.0025661470,-0.0331024800,-0.1611494000,0.2790856000,0.9466479000,0.0000000000,
11.93852,2267,True,1.0000000000,4.0311580000,-0.0341773900,0.0022214510,-0.0319313200,-0.0579838300,0.2776510000,0.9589306000,True,1.0000000000,4.1990360000,0.0325098900,0.0028855900,-0.0341342800,-0.2446921000,0.2729211000,0.9303977000,0.0008130646,0.0025699160,-0.0330872100,-0.1566482000,0.2764003000,0.9481900000,0.0000000000,
11.95208,2283,True,1.0000000000,4.0151520000,-0.0341223100,0.0022212530,-0.0319183500,-0.0477759200,0.2744941000,0.9604012000,True,1.0000000000,4.1214140000,0.0325766800,0.0029188690,-0.0341308200,-0.2437768000,0.2722805000,0.9308256000,0.0004280854,0.0025826110,-0.0330644200,-0.1500421000,0.2746932000,0.9497531000,0.0000000000,
11.96057,2292,True,1.0000000000,4.1431580000,-0.0340757100,0.0022137000,-0.0319141900,-0.0505379600,0.2768601000,0.9595804000,True,1.0000000000,4.1902010000,0.0326102800,0.0029198150,-0.0341175600,-0.2346224000,0.2664984000,0.9348427000,0.0002840576,0.0025775150,-0.0330494600,-0.1460134000,0.2726937000,0.9509565000,0.0000000000,
11.96057,2300,True,1.0000000000,4.0429840000,-0.0340303700,0.0022156370,-0.0319017400,-0.0460359700,0.2721417000,0.9611554000,True,1.0000000000,4.1500400000,0.0326449300,0.0029080200,-0.0341235100,-0.2315563000,0.2744496000,0.9333055000,0.0005429230,0.0025746610,-0.0330538000,-0.1428684000,0.2745520000,0.9508995000,0.0000000000,
11.98321,2317,True,1.0000000000,4.2135010000,-0.0340483600,0.0022461700,-0.0319341500,-0.0743567000,0.2870508000,0.9550251000,True,1.0000000000,4.1627200000,0.0325938900,0.0028959500,-0.0341478900,-0.2564583000,0.2843060000,0.9237961000,0.0002256165,0.0025803530,-0.0330726800,-0.1687343000,0.2868696000,0.9429923000,0.0000000000,
11.99505,2325,True,1.0000000000,4.1884460000,-0.0340470900,0.0022958220,-0.0319492000,-0.0831610800,0.2927423000,0.9525682000,True,1.0000000000,4.1205440000,0.0325683900,0.0029087530,-0.0341557500,-0.2628965000,0.2854187000,0.9216407000,-0.0001553955,0.0026076660,-0.0330718200,-0.1753394000,0.2902386000,0.9407538000,0.0000000000,
12.0052,2342,True,1.0000000000,4.1318210000,-0.0339809700,0.0023589480,-0.0319323800,-0.0702983200,0.2812848000,0.9570460000,True,1.0000000000,4.0893860000,0.0326224400,0.0029002990,-0.0341570500,-0.2481862000,0.2914300000,0.9238356000,-0.0002239990,0.0026333160,-0.0330599100,-0.1611184000,0.2876144000,0.9440968000,0.0000000000,
12.01735,2358,True,1.0000000000,4.1154170000,-0.0339188200,0.0023513790,-0.0319312600,-0.0650493400,0.2866413000,0.9558271000,True,1.0000000000,4.1543120000,0.0327051200,0.0028560790,-0.0341346700,-0.2424950000,0.2860897000,0.9270107000,0.0003442078,0.0026109470,-0.0330644200,-0.1569374000,0.2875227000,0.9448287000,0.0000000000,
12.02733,2367,True,1.0000000000,3.9954990000,-0.0339061600,0.0023132940,-0.0319415100,-0.0556645100,0.3025232000,0.9515152000,True,1.0000000000,4.1591190000,0.0327398700,0.0028575900,-0.0341285100,-0.2419458000,0.2819701000,0.9284154000,0.0007256012,0.0025961310,-0.0330779700,-0.1531389000,0.2931550000,0.9437206000,0.0000000000,
12.03838,2375,True,1.0000000000,4.0850520000,-0.0338893200,0.0023140720,-0.0319351800,-0.0488897200,0.3011357000,0.9523272000,True,1.0000000000,4.1611330000,0.0327436700,0.0028349000,-0.0341333900,-0.2296178000,0.2927597000,0.9282066000,0.0008132783,0.0025853120,-0.0330800200,-0.1436177000,0.2980235000,0.9436927000,0.0000000000,
12.04979,2383,True,1.0000000000,4.0098880000,-0.0338640100,0.0023144230,-0.0319110900,-0.0321810000,0.2873096000,0.9572970000,True,1.0000000000,4.1408690000,0.0327646200,0.0028375860,-0.0341314000,-0.2247471000,0.2927556000,0.9293992000,0.0011257320,0.0025891570,-0.0330770700,-0.1339421000,0.2915506000,0.9471313000,0.0000000000,
12.04979,2392,True,1.0000000000,4.0752410000,-0.0338313800,0.0023343510,-0.0319287100,-0.0381471600,0.2989822000,0.9534959000,True,1.0000000000,3.9537050000,0.0327911100,0.0028309480,-0.0341190700,-0.2156706000,0.2861214000,0.9336063000,0.0011654210,0.0025952150,-0.0330793000,-0.1319282000,0.2933976000,0.9468436000,0.0000000000,
12.0608,2400,True,1.0000000000,4.0609130000,-0.0337930600,0.0023409270,-0.0319221400,-0.0381322900,0.2946364000,0.9548483000,True,1.0000000000,4.1348880000,0.0328241400,0.0028303530,-0.0341200100,-0.2151502000,0.2904833000,0.9323786000,0.0004496460,0.0025924990,-0.0330519000,-0.1296396000,0.2936729000,0.9470744000,0.0000000000,
12.07197,2408,True,1.0000000000,3.9600070000,-0.0337616800,0.0023384400,-0.0319077000,-0.0291294600,0.2881666000,0.9571371000,True,1.0000000000,4.0670010000,0.0328649800,0.0028281560,-0.0341131600,-0.2096439000,0.2882432000,0.9343261000,-0.0008706513,0.0025802000,-0.0329964500,-0.1187307000,0.2894032000,0.9498151000,0.0000000000,
12.07197,2417,True,1.0000000000,4.0435330000,-0.0337394700,0.0023363650,-0.0319028300,-0.0201265400,0.2893552000,0.9570101000,True,1.0000000000,4.0877080000,0.0329001800,0.0028289640,-0.0341012600,-0.2074144000,0.2814811000,0.9368819000,-0.0005778961,0.0025814970,-0.0329968300,-0.1138319000,0.2867160000,0.9512288000,0.0000000000,
12.09407,2425,True,1.0000000000,3.9970860000,-0.0337167100,0.0023281250,-0.0318967400,-0.0189363200,0.2860894000,0.9580158000,True,1.0000000000,3.9662630000,0.0329264600,0.0028278960,-0.0341028200,-0.1988706000,0.2831003000,0.9382455000,-0.0007343445,0.0025754700,-0.0329885600,-0.1084297000,0.2857839000,0.9521400000,0.0000000000,
12.10499,2433,True,1.0000000000,3.9365840000,-0.0336901700,0.0023316190,-0.0319024100,-0.0204317300,0.2887757000,0.9571787000,True,1.0000000000,4.0116270000,0.0329500900,0.0028311770,-0.0341052600,-0.2001665000,0.2863794000,0.9369740000,0.0002353516,0.0025859380,-0.0330238500,-0.1123980000,0.2887312000,0.9507896000,0.0000000000,
12.10499,2450,True,1.0000000000,4.0451970000,-0.0336177500,0.0023423920,-0.0318935300,-0.0088960030,0.2873729000,0.9577775000,True,1.0000000000,4.0358730000,0.0330001700,0.0028374790,-0.0341082800,-0.1934371000,0.2923912000,0.9365306000,0.0004615326,0.0025956570,-0.0330265200,-0.1037462000,0.2912033000,0.9510191000,0.0000000000,
12.13072,2458,True,1.0000000000,3.9505160000,-0.0335936000,0.0023370210,-0.0318838800,-0.0064545260,0.2825801000,0.9592220000,True,1.0000000000,4.0360260000,0.0330321500,0.0028395690,-0.0340926400,-0.1878079000,0.2820933000,0.9408249000,0.0001027069,0.0025911870,-0.0330009800,-0.0985885400,0.2835126000,0.9538872000,0.0000000000,
12.13852,2475,True,1.0000000000,4.0440830000,-0.0335644900,0.0023405150,-0.0318834600,0.0052032730,0.2882552000,0.9575395000,True,1.0000000000,3.9827730000,0.0330789100,0.0028516390,-0.0340923500,-0.1737391000,0.2839702000,0.9429611000,-0.0009058686,0.0025909880,-0.0329659300,-0.0828104800,0.2873113000,0.9542508000,0.0000000000,
12.1499,2483,True,1.0000000000,4.0211790000,-0.0335333300,0.0023519900,-0.0318850300,0.0129396300,0.2882882000,0.9574562000,True,1.0000000000,4.0302890000,0.0331041700,0.0028535610,-0.0340998200,-0.1800415000,0.2905323000,0.9397745000,0.0005910492,0.0026088410,-0.0330192000,-0.0862735900,0.2908033000,0.9528852000,0.0000000000,
12.18571,2492,True,1.0000000000,3.9527130000,-0.0334924500,0.0023529510,-0.0318729700,0.0123139000,0.2774823000,0.9606518000,True,1.0000000000,3.9944760000,0.0331381200,0.0028500980,-0.0340996400,-0.1868000000,0.2916595000,0.9381047000,0.0006814270,0.0026079260,-0.0330150000,-0.0902564500,0.2861961000,0.9539106000,0.0000000000,
12.18571,2525,True,1.0000000000,4.0146940000,-0.0334093600,0.0023311620,-0.0318683800,0.0212405000,0.2895697000,0.9569212000,True,1.0000000000,3.9917600000,0.0332321900,0.0028498540,-0.0340931700,-0.1721521000,0.2905315000,0.9412519000,0.0009085846,0.0025982670,-0.0330140700,-0.0787056600,0.2914307000,0.9533486000,0.0000000000,
12.20517,2542,True,1.0000000000,3.9369350000,-0.0333791200,0.0023429720,-0.0318682700,0.0182038300,0.2872177000,0.9576923000,True,1.0000000000,3.9359740000,0.0332613400,0.0028596190,-0.0340978400,-0.1667797000,0.2949392000,0.9408482000,0.0010306240,0.0026097410,-0.0330195200,-0.0776374300,0.2924679000,0.9531186000,0.0000000000,
12.21613,2550,True,1.0000000000,3.9465180000,-0.0333729400,0.0023502050,-0.0318688200,0.0243686300,0.2870372000,0.9576095000,True,1.0000000000,3.8690490000,0.0332769800,0.0028648230,-0.0340885800,-0.1623705000,0.2887450000,0.9435370000,0.0008400727,0.0026143650,-0.0330082700,-0.0717938500,0.2891896000,0.9545758000,0.0000000000,
12.22742,2567,True,1.0000000000,3.9822850000,-0.0333597600,0.0023588110,-0.0318691700,0.0395819700,0.2888385000,0.9565592000,True,1.0000000000,3.9131160000,0.0333038500,0.0028778840,-0.0340918200,-0.1530308000,0.2931375000,0.9437436000,0.0008203125,0.0026249540,-0.0330087800,-0.0594487000,0.2924064000,0.9544445000,0.0000000000,
12.2387,2575,True,1.0000000000,3.9298710000,-0.0333526800,0.0023576360,-0.0318672700,0.0444337300,0.2866525000,0.9570037000,True,1.0000000000,3.9319920000,0.0333149300,0.0028770450,-0.0340901500,-0.1519178000,0.2933069000,0.9438708000,0.0005874634,0.0026220550,-0.0329989200,-0.0557869200,0.2914622000,0.9549542000,0.0000000000,
12.2387,2583,True,1.0000000000,3.9157710000,-0.0333491100,0.0023577430,-0.0318676600,0.0428927800,0.2866690000,0.9570690000,True,1.0000000000,3.9988710000,0.0333270400,0.0028746640,-0.0340875100,-0.1456771000,0.2933227000,0.9448492000,-0.0007241211,0.0026106720,-0.0329538400,-0.0495919600,0.2912193000,0.9553701000,0.0000000000,
12.27335,2592,True,1.0000000000,3.9299320000,-0.0333455400,0.0023576360,-0.0318680400,0.0425264900,0.2867295000,0.9570673000,True,1.0000000000,3.8868260000,0.0333392200,0.0028692780,-0.0340820800,-0.1453711000,0.2877821000,0.9465985000,-0.0009303589,0.0026063390,-0.0329442800,-0.0490270800,0.2885167000,0.9562188000,0.0000000000,
12.28304,2625,True,1.0000000000,4.0119780000,-0.0333028900,0.0023664250,-0.0318705500,0.0502021100,0.2909281000,0.9554269000,True,1.0000000000,4.0208130000,0.0333796900,0.0028622290,-0.0340953400,-0.1509877000,0.2972299000,0.9427922000,-0.0008531190,0.0026076970,-0.0329532000,-0.0479436300,0.2954896000,0.9541422000,0.0000000000,
12.28304,2633,True,1.0000000000,4.0211180000,-0.0333006300,0.0023699190,-0.0318705900,0.0462346100,0.2907440000,0.9556831000,True,1.0000000000,3.9072880000,0.0333866600,0.0028539280,-0.0340832100,-0.1453728000,0.2881973000,0.9464719000,-0.0007835999,0.0026059270,-0.0329494800,-0.0474098300,0.2908373000,0.9555972000,0.0000000000,
12.29417,2642,True,1.0000000000,4.0010990000,-0.0333010300,0.0023728490,-0.0318704200,0.0474403000,0.2903334000,0.9557489000,True,1.0000000000,3.9021610000,0.0333882200,0.0028538060,-0.0340847000,-0.1463187000,0.2903181000,0.9456776000,-0.0004607086,0.0026096960,-0.0329608200,-0.0482033100,0.2917071000,0.9552923000,0.0000000000,
12.30509,2650,True,1.0000000000,3.9806820000,-0.0333014200,0.0023757940,-0.0318702700,0.0486451500,0.2898720000,0.9558284000,True,1.0000000000,3.8968350000,0.0333897700,0.0028536990,-0.0340862000,-0.1472031000,0.2925598000,0.9448492000,-0.0004165955,0.0026114500,-0.0329629200,-0.0481569100,0.2926036000,0.9550204000,0.0000000000,
12.3413,2658,True,1.0000000000,3.9759980000,-0.0333031900,0.0023771060,-0.0318704200,0.0496371300,0.2922991000,0.9550380000,True,1.0000000000,3.8869020000,0.0333885700,0.0028538060,-0.0340878300,-0.1468673000,0.2938109000,0.9445132000,-0.0002469482,0.0026133880,-0.0329695000,-0.0479895800,0.2944836000,0.9544508000,0.0000000000,
12.37199,2667,True,1.0000000000,3.9248350000,-0.0333264800,0.0023822170,-0.0318715500,0.0471962500,0.2891590000,0.9561169000,True,1.0000000000,3.8775330000,0.0333873600,0.0028539280,-0.0340894600,-0.1464712000,0.2951702000,0.9441508000,-0.0002555084,0.0026160590,-0.0329710100,-0.0490271500,0.2935220000,0.9546943000,0.0000000000,
12.42841,2708,True,1.0000000000,3.9508670000,-0.0334766500,0.0022915960,-0.0318758400,0.0521244100,0.2947410000,0.9541545000,True,1.0000000000,4.0019380000,0.0332450000,0.0028829350,-0.0340959700,-0.1391915000,0.2986469000,0.9441587000,0.0002392426,0.0025904090,-0.0329977100,-0.0447546700,0.2980847000,0.9534897000,0.0000000000,
12.44968,2758,True,1.0000000000,3.9621890000,-0.0341555800,0.0020250700,-0.0319079200,0.0761874600,0.3070844000,0.9486277000,True,1.0000000000,3.9450680000,0.0326375300,0.0029773100,-0.0341049100,-0.1196917000,0.2914623000,0.9490646000,0.0011710210,0.0025287020,-0.0330698900,-0.0275424700,0.3002663000,0.9534577000,0.0000000000,
12.50518,2800,True,1.0000000000,4.2092290000,-0.0363407300,0.0012582860,-0.0324448300,-0.2218180000,0.2183695000,0.9503218000,True,1.0000000000,4.1594090000,0.0303123200,0.0028282320,-0.0345368100,-0.3712516000,0.1741968000,0.9120459000,0.0069995730,0.0022791140,-0.0338051200,-0.3199193000,0.1902029000,0.9281566000,0.0000000000,
12.61602,2850,True,1.0000000000,4.2966610000,-0.0369589300,0.0004386444,-0.0326579400,-0.2769187000,0.0702672900,0.9583207000,True,1.0000000000,3.9325560000,0.0293919400,0.0021146550,-0.0348960100,-0.5359694000,-0.0495762200,0.8427805000,0.0074476320,0.0015603330,-0.0341558100,-0.4550838000,-0.0100404100,0.8903920000,0.0000000000,
12.74139,2875,True,1.0000000000,4.0670930000,-0.0362125700,0.0004113770,-0.0324616100,-0.4169647000,-0.1232003000,0.9005344000,True,1.0000000000,4.1352840000,0.0300570500,0.0016282960,-0.0346559500,-0.5534602000,-0.1058366000,0.8261237000,0.0074931490,0.0012139590,-0.0339088000,-0.5083808000,-0.1120461000,0.8538118000,0.0000000000,
12.77146,3050,True,0.5625619000,-1.0000000000,-0.0362125700,0.0004113770,-0.0324616100,0.0000000000,0.0000000000,0.0000000000,True,0.5625619000,4.0018310000,0.0332374900,0.0015248110,-0.0346390400,-0.2808398000,-0.0664829600,0.9574493000,0.0332374900,0.0015248110,-0.0346390400,-0.2808398000,-0.0664829600,0.9574493000,0.0000000000,
12.82704,3125,True,0.5822696000,3.9965520000,-0.0330880400,0.0013829960,-0.0310940000,-0.0585178500,-0.0200959600,0.9980841000,True,0.5822696000,3.9931640000,0.0333611900,0.0016223760,-0.0344587300,-0.2473468000,-0.0164338400,0.9687876000,0.0290986500,0.0016070250,-0.0342428900,-0.2354908000,-0.0166932500,0.9717332000,0.0000000000,
12.8605,3158,True,1.0000000000,3.9402770000,-0.0332226600,0.0014320370,-0.0314426300,-0.0329898900,-0.0170747900,0.9993098000,True,1.0000000000,3.9939420000,0.0332979600,0.0015909880,-0.0341426200,-0.2381312000,-0.0055390000,0.9712172000,0.0279988300,0.0015783390,-0.0339275400,-0.2221381000,-0.0064697460,0.9749938000,0.0000000000,
12.94904,3191,True,1.0000000000,3.9010470000,-0.0333665900,0.0012846530,-0.0312846700,-0.0288851900,-0.0165407000,0.9994459000,True,1.0000000000,4.0188450000,0.0331800200,0.0017254640,-0.0343191100,-0.2272823000,-0.0250552200,0.9735066000,0.0323872100,0.0017202000,-0.0342829600,-0.2249789000,-0.0249637500,0.9740438000,0.0000000000,
13.03763,3233,True,1.0000000000,4.0490110000,-0.0334980900,0.0013595280,-0.0318281400,-0.0179139100,-0.0228730400,0.9995779000,True,1.0000000000,4.1256100000,0.0331071000,0.0017501530,-0.0341811900,-0.2209791000,-0.0246888600,0.9749660000,0.0325738400,0.0017470250,-0.0341623500,-0.2193937000,-0.0246890400,0.9753240000,0.0000000000,
13.15965,3383,True,1.0000000000,4.0884090000,-0.0334576100,0.0012886660,-0.0311789600,-0.0052948440,0.0217744700,0.9997489000,True,1.0000000000,4.1262820000,0.0332117600,0.0017867590,-0.0340265800,-0.2108158000,0.0004730234,0.9775257000,0.0331383500,0.0017862090,-0.0340234500,-0.2105877000,0.0004882839,0.9775748000,0.0000000000,
13.27095,3425,True,1.0000000000,4.0932310000,-0.0334923600,0.0014729310,-0.0316546600,0.0092163280,0.0124512000,0.9998800000,True,1.0000000000,4.1062160000,0.0331979800,0.0017725370,-0.0339248700,-0.1912090000,-0.0035858370,0.9815428000,0.0331046300,0.0017721250,-0.0339216900,-0.1909358000,-0.0035706050,0.9815961000,0.0000000000,
13.31624,3566,True,1.0000000000,4.1925200000,-0.0346374500,0.0017917790,-0.0318522300,-0.1593181000,0.1468211000,0.9762486000,True,1.0000000000,4.0511470000,0.0320968200,0.0024224240,-0.0341870600,-0.3394800000,0.1350413000,0.9308691000,0.0319978700,0.0024214940,-0.0341836000,-0.3392208000,0.1350566000,0.9309613000,0.0000000000,
13.43969,3666,True,1.0000000000,4.0150600000,-0.0341304400,0.0017972570,-0.0317821100,-0.0936132500,0.1471719000,0.9846710000,True,1.0000000000,3.9472810000,0.0326023100,0.0023309480,-0.0341510000,-0.2623475000,0.1168990000,0.9578666000,0.0324634400,0.0023298340,-0.0341460700,-0.2620095000,0.1169743000,0.9579499000,0.0000000000,
13.45989,3758,True,1.0000000000,4.0265810000,-0.0337546200,0.0017013860,-0.0314688700,-0.0411989200,0.1321265000,0.9903763000,True,1.0000000000,3.8757170000,0.0329586000,0.0023171240,-0.0344534200,-0.2280435000,0.1097874000,0.9674414000,0.0325254100,0.0023131260,-0.0344340400,-0.2268536000,0.1099554000,0.9677020000,0.0000000000,
13.50468,3800,True,1.0000000000,3.9329830000,-0.0337178500,0.0016129910,-0.0312252200,-0.0297244500,0.1158307000,0.9928241000,True,1.0000000000,3.8229680000,0.0330045800,0.0023386390,-0.0345668000,-0.2080415000,0.1043870000,0.9725338000,0.0268503700,0.0022716980,-0.0342585900,-0.1918499000,0.1055762000,0.9757291000,0.0000000000,
13.50468,3825,True,1.0000000000,3.9763030000,-0.0336647000,0.0017455440,-0.0316365700,-0.0254214300,0.1114057000,0.9934498000,True,1.0000000000,3.8201750000,0.0330489200,0.0022992710,-0.0345205100,-0.2026847000,0.0912180400,0.9749862000,0.0188943000,0.0021817930,-0.0339086200,-0.1655288000,0.0957497700,0.9815458000,0.0000000000,
13.55985,3866,True,1.0000000000,3.9062810000,-0.0335715500,0.0016314240,-0.0312897700,-0.0323490200,0.1121840000,0.9931608000,True,1.0000000000,3.8826600000,0.0331336100,0.0021257940,-0.0340356900,-0.1903093000,0.0977486600,0.9768457000,0.0212475800,0.0020377040,-0.0335464000,-0.1624628000,0.1005111000,0.9815820000,0.0000000000,
13.57084,3891,True,1.0000000000,3.8836670000,-0.0335717800,0.0016492310,-0.0313421300,-0.0189364200,0.1084152000,0.9939253000,True,1.0000000000,3.8497160000,0.0331395000,0.0021184690,-0.0339354300,-0.1901428000,0.1027543000,0.9763643000,0.0169470700,0.0020045780,-0.0333059700,-0.1490023000,0.1044161000,0.9833085000,0.0000000000,
13.59289,3916,True,1.0000000000,3.9422300000,-0.0335900400,0.0017024080,-0.0314973100,-0.0237887100,0.1037456000,0.9943193000,True,1.0000000000,3.8269960000,0.0331322200,0.0020984500,-0.0338416900,-0.1907224000,0.1114671000,0.9752949000,-0.0116176900,0.0018328250,-0.0322693300,-0.0790103900,0.1066289000,0.9911547000,0.0000000000,
13.6041,3933,True,1.0000000000,3.9152530000,-0.0335904400,0.0017167660,-0.0315136700,-0.0173647700,0.1152972000,0.9931793000,True,1.0000000000,3.9141850000,0.0331361300,0.0021116180,-0.0338860600,-0.1915444000,0.1048741000,0.9758648000,-0.0253003200,0.0017658230,-0.0318084100,-0.0390630500,0.1141984000,0.9926897000,0.0000000000,
13.6041,3950,True,1.0000000000,3.8448330000,-0.0335877400,0.0017139440,-0.0314663100,-0.0226138800,0.1208210000,0.9924167000,True,1.0000000000,3.8819120000,0.0331418900,0.0021256560,-0.0339278000,-0.1902635000,0.1051797000,0.9760825000,-0.0278130800,0.0017495730,-0.0316793200,-0.0371709700,0.1196002000,0.9921260000,0.0000000000,
13.62646,3958,True,1.0000000000,3.9071660000,-0.0335839200,0.0017023470,-0.0314099300,-0.0255741300,0.1234608000,0.9920199000,True,1.0000000000,3.8873750000,0.0331476400,0.0021396940,-0.0339695400,-0.1941086000,0.1033791000,0.9755176000,-0.0320098300,0.0017126620,-0.0314703100,-0.0295564400,0.1230171000,0.9919643000,0.0000000000,
13.67077,3966,True,1.0000000000,3.8993680000,-0.0335846300,0.0017090910,-0.0314255400,-0.0198672300,0.1229266000,0.9922169000,True,1.0000000000,3.8664550000,0.0331488100,0.0021511990,-0.0340013000,-0.1919253000,0.1020357000,0.9760908000,-0.0329753800,0.0017131350,-0.0314490500,-0.0214386900,0.1227422000,0.9922070000,0.0000000000,
13.68209,4016,True,1.0000000000,3.8501130000,-0.0335919000,0.0016979980,-0.0314508200,-0.0317081400,0.1211868000,0.9921231000,True,1.0000000000,3.8418270000,0.0331428700,0.0021324620,-0.0339157000,-0.1918201000,0.0997934700,0.9763433000,-0.0311152400,0.0017141270,-0.0315423000,-0.0376592700,0.1204547000,0.9920043000,0.0000000000,
13.68209,4025,True,1.0000000000,3.8977510000,-0.0335889200,0.0016789550,-0.0313681700,-0.0297244600,0.1276412000,0.9913749000,True,1.0000000000,3.7569430000,0.0331468800,0.0021533660,-0.0339632300,-0.1949489000,0.1125656000,0.9743325000,-0.0167397200,0.0017987370,-0.0320233500,-0.0716250300,0.1241612000,0.9896736000,0.0000000000,
13.69831,4033,True,1.0000000000,3.8689580000,-0.0335862200,0.0016578370,-0.0312814300,-0.0294495700,0.1245274000,0.9917791000,True,1.0000000000,3.7659760000,0.0331306300,0.0023195500,-0.0344622400,-0.1930714000,0.1024180000,0.9758248000,-0.0154467500,0.0018377530,-0.0321462600,-0.0741435100,0.1188371000,0.9901417000,0.0000000000,
13.70404,4041,True,1.0000000000,3.8753050000,-0.0335843500,0.0016405340,-0.0311950500,-0.0300296700,0.1250473000,0.9916962000,True,1.0000000000,3.7179720000,0.0331149500,0.0024857480,-0.0349612500,-0.1907813000,0.0970309700,0.9768252000,-0.0332518000,0.0016447450,-0.0312138200,-0.0308381000,0.1249241000,0.9916869000,0.0000000000,
13.71547,4058,True,1.0000000000,3.8130800000,-0.0336031400,0.0017052310,-0.0313886600,-0.0234072400,0.1293044000,0.9913286000,True,1.0000000000,3.7349550000,0.0331012600,0.0024605410,-0.0348478300,-0.1950860000,0.0971386200,0.9759639000,-0.0335903800,0.0017053830,-0.0313893300,-0.0234377400,0.1293043000,0.9913279000,0.0000000000,
13.72644,4066,True,1.0000000000,3.8600460000,-0.0336633600,0.0017697760,-0.0315848400,-0.0222169000,0.1262518000,0.9917494000,True,1.0000000000,3.7552640000,0.0330747600,0.0023856970,-0.0345716100,-0.1974367000,0.1027544000,0.9749155000,-0.0336553800,0.0017698370,-0.0315852100,-0.0222321500,0.1262517000,0.9917490000,0.0000000000,
13.72644,4075,True,1.0000000000,3.8155520000,-0.0338992000,0.0020064090,-0.0323539600,-0.0345309400,0.1074075000,0.9936152000,True,1.0000000000,3.8412170000,0.0329014900,0.0023713680,-0.0343742400,-0.2330495000,0.1143198000,0.9657220000,-0.0334035500,0.0020091100,-0.0323689600,-0.0360111300,0.1074688000,0.9935561000,0.0000000000,
13.73728,4083,True,1.0000000000,3.8896030000,-0.0342215200,0.0018665470,-0.0317081300,-0.1577321000,0.1541920000,0.9753694000,True,1.0000000000,3.7303920000,0.0324788700,0.0024647370,-0.0343321200,-0.2838633000,0.1615471000,0.9451582000,-0.0299815700,0.0019045720,-0.0318749200,-0.1658350000,0.1547417000,0.9739372000,0.0000000000,
13.74862,4091,True,1.0000000000,4.0046080000,-0.0346680200,0.0020637970,-0.0318798400,-0.2446300000,0.1946420000,0.9498793000,True,1.0000000000,3.9821780000,0.0319486400,0.0027219240,-0.0344712400,-0.3923205000,0.1667335000,0.9045908000,-0.0108459000,0.0022991490,-0.0328065200,-0.2982838000,0.1851837000,0.9363406000,0.0000000000,
13.75945,4100,True,1.0000000000,4.0052950000,-0.0350921900,0.0024148100,-0.0321025600,-0.3297921000,0.2380246000,0.9135543000,True,1.0000000000,3.8523250000,0.0313539300,0.0031057280,-0.0347182000,-0.4525624000,0.2108621000,0.8664436000,0.0206154200,0.0029940640,-0.0342954700,-0.4332461000,0.2155168000,0.8751287000,0.0000000000,
13.77052,4108,True,1.0000000000,4.0301210000,-0.0356568600,0.0027282560,-0.0324262100,-0.3619751000,0.2889911000,0.8862608000,True,1.0000000000,3.9504850000,0.0308132300,0.0034919430,-0.0349954100,-0.4989052000,0.2411365000,0.8324343000,0.0294257200,0.0034759980,-0.0349417700,-0.4961731000,0.2421890000,0.8337606000,0.0000000000,
13.78186,4116,True,1.0000000000,4.1819610000,-0.0361171000,0.0030173800,-0.0327458800,-0.4051272000,0.3149769000,0.8582899000,True,1.0000000000,4.0682370000,0.0302965100,0.0038526000,-0.0353239800,-0.5386298000,0.2638750000,0.8001549000,0.0300228700,0.0038491520,-0.0353133600,-0.5380930000,0.2641026000,0.8004409000,0.0000000000,
13.78186,4125,True,1.0000000000,4.2204740000,-0.0366354400,0.0032583010,-0.0330835100,-0.4376105000,0.3060786000,0.8454661000,True,1.0000000000,3.9446110000,0.0298155700,0.0041596990,-0.0356461400,-0.5494299000,0.2791019000,0.7875462000,0.0294383700,0.0041545720,-0.0356315800,-0.5488194000,0.2792697000,0.7879122000,0.0000000000,
13.80406,4133,True,1.0000000000,4.2269440000,-0.0370668800,0.0033807220,-0.0333691100,-0.4402373000,0.3100170000,0.8426628000,True,1.0000000000,4.1115720000,0.0294524700,0.0043558350,-0.0359051400,-0.5674490000,0.2790553000,0.7746805000,0.0257855100,0.0043020940,-0.0357653300,-0.5607492000,0.2809163000,0.7788751000,0.0000000000,
13.80406,4150,True,1.0000000000,4.3021700000,-0.0374391300,0.0031556550,-0.0334989300,-0.4232519000,0.3081539000,0.8519971000,True,1.0000000000,4.0929570000,0.0292669100,0.0042257230,-0.0358598900,-0.5411463000,0.2588695000,0.8000920000,0.0084250190,0.0038913880,-0.0351222200,-0.5053440000,0.2748279000,0.8179835000,0.0000000000,
13.81557,4158,True,1.0000000000,4.3582150000,-0.0375110000,0.0029533390,-0.0334639400,-0.4164018000,0.3026615000,0.8573247000,True,1.0000000000,4.0861820000,0.0291990100,0.0040677040,-0.0358556100,-0.5427294000,0.2527640000,0.8009714000,-0.0111026500,0.0033944860,-0.0344107400,-0.4676128000,0.2836500000,0.8371863000,0.0000000000,
13.82626,4166,True,1.0000000000,4.0834350000,-0.0375085500,0.0027693180,-0.0334337900,-0.4260880000,0.3001415000,0.8534425000,True,1.0000000000,3.9592290000,0.0291958500,0.0038964540,-0.0358205000,-0.5345836000,0.2567478000,0.8051714000,0.0216594400,0.0037691040,-0.0355508400,-0.5227433000,0.2618600000,0.8112760000,0.0000000000,
13.82626,4175,True,1.0000000000,4.1988220000,-0.0374801500,0.0025572660,-0.0333714400,-0.4220031000,0.3005872000,0.8553132000,True,1.0000000000,3.9003600000,0.0292329100,0.0037434540,-0.0357950900,-0.5350992000,0.2654744000,0.8019927000,0.0220692000,0.0036160740,-0.0355348400,-0.5233699000,0.2694594000,0.8083783000,0.0000000000,
13.84849,4183,True,1.0000000000,4.1952510000,-0.0373767100,0.0024062960,-0.0332906800,-0.4193915000,0.3049191000,0.8550643000,True,1.0000000000,3.9277040000,0.0293528300,0.0035659330,-0.0356587700,-0.5309219000,0.2490118000,0.8100092000,0.0211987000,0.0034242400,-0.0353693900,-0.5177846000,0.2560923000,0.8162817000,0.0000000000,
13.84849,4191,True,1.0000000000,4.2412870000,-0.0372438800,0.0022635800,-0.0331862600,-0.4117323000,0.3031649000,0.8593996000,True,1.0000000000,3.9293210000,0.0295052500,0.0034294740,-0.0355797300,-0.5377599000,0.2485854000,0.8056175000,0.0195800600,0.0032561040,-0.0352238300,-0.5197362000,0.2570528000,0.8147381000,0.0000000000,
13.85958,4200,True,1.0000000000,4.2068180000,-0.0370564100,0.0021598060,-0.0330732300,-0.4204293000,0.2861202000,0.8610310000,True,1.0000000000,4.0232540000,0.0296758900,0.0033013760,-0.0355138000,-0.5344749000,0.2697323000,0.8009875000,0.0119478300,0.0029981080,-0.0348654400,-0.5050144000,0.2745413000,0.8182833000,0.0000000000,
13.87431,4208,True,1.0000000000,4.1274110000,-0.0368458900,0.0020528870,-0.0329784000,-0.4210405000,0.2916750000,0.8588659000,True,1.0000000000,3.9486240000,0.0298880200,0.0031976780,-0.0353803400,-0.5285266000,0.2492866000,0.8114898000,0.0050507970,0.0027716070,-0.0344863800,-0.4894171000,0.2655371000,0.8306389000,0.0000000000,
13.89334,4216,True,1.0000000000,4.1961520000,-0.0366577000,0.0019532320,-0.0328452800,-0.3934559000,0.2846127000,0.8741785000,True,1.0000000000,3.9226070000,0.0300999000,0.0030965730,-0.0352852300,-0.5219364000,0.2484176000,0.8160092000,0.0012515410,0.0026024930,-0.0342308400,-0.4676366000,0.2647555000,0.8433389000,0.0000000000,
13.89334,4241,True,1.0000000000,4.0406490000,-0.0360098700,0.0017192690,-0.0325486500,-0.3568023000,0.2684066000,0.8947905000,True,1.0000000000,3.9284970000,0.0307365100,0.0027957000,-0.0350498200,-0.5033948000,0.2435491000,0.8290220000,0.0098550110,0.0024589390,-0.0342673400,-0.4588337000,0.2520457000,0.8520238000,0.0000000000,
13.90392,4250,True,1.0000000000,3.9787750000,-0.0358231700,0.0016547390,-0.0324819200,-0.3389198000,0.2734125000,0.9002105000,True,1.0000000000,3.8900150000,0.0309164900,0.0027104950,-0.0349897800,-0.4902118000,0.2440835000,0.8367292000,0.0123364400,0.0024165800,-0.0342916000,-0.4493476000,0.2529640000,0.8567940000,0.0000000000,
13.91505,4258,True,1.0000000000,3.9799500000,-0.0356201900,0.0016312560,-0.0324117300,-0.3246032000,0.2733332000,0.9054953000,True,1.0000000000,3.9253540000,0.0311034200,0.0026392980,-0.0349386600,-0.4770243000,0.2513907000,0.8421702000,0.0165076900,0.0024187930,-0.0343859000,-0.4447367000,0.2568078000,0.8580554000,0.0000000000,
13.92605,4266,True,1.0000000000,3.9970860000,-0.0354525100,0.0016482240,-0.0323570700,-0.3194936000,0.2657513000,0.9095604000,True,1.0000000000,3.8443760000,0.0312857900,0.0026024630,-0.0348808800,-0.4713371000,0.2383465000,0.8491362000,0.0192114600,0.0024298100,-0.0344242600,-0.4447671000,0.2438070000,0.8618239000,0.0000000000,
13.92605,4275,True,1.0000000000,3.9507140000,-0.0352786000,0.0016685330,-0.0322972100,-0.3072100000,0.2616618000,0.9149618000,True,1.0000000000,3.8888090000,0.0314578900,0.0025873720,-0.0348415600,-0.4652767000,0.2419158000,0.8514661000,0.0219255200,0.0024561310,-0.0344781400,-0.4435019000,0.2451811000,0.8620860000,0.0000000000,
13.93728,4283,True,1.0000000000,3.8897090000,-0.0351360200,0.0017203520,-0.0322565600,-0.2988922000,0.2572658000,0.9189547000,True,1.0000000000,3.8241270000,0.0316002800,0.0025850070,-0.0348010900,-0.4460628000,0.2453780000,0.8607076000,0.0206142400,0.0024426730,-0.0343822200,-0.4225806000,0.2477591000,0.8718033000,0.0000000000,
13.93728,4291,True,1.0000000000,3.9275510000,-0.0350104100,0.0017918090,-0.0322272500,-0.2805340000,0.2621776000,0.9233437000,True,1.0000000000,3.9132390000,0.0317162000,0.0026110080,-0.0347657800,-0.4464788000,0.2370030000,0.8628362000,0.0174790400,0.0024362180,-0.0342241500,-0.4121771000,0.2430154000,0.8780966000,0.0000000000,
13.9706,4299,True,1.0000000000,3.9381260000,-0.0349334400,0.0018236090,-0.0321978300,-0.2715804000,0.2557568000,0.9278106000,True,1.0000000000,3.9156650000,0.0318320200,0.0026576230,-0.0347413800,-0.4439453000,0.2342409000,0.8648952000,0.0155498200,0.0024542240,-0.0341210800,-0.4031748000,0.2402386000,0.8830264000,0.0000000000,
13.9706,4308,True,1.0000000000,3.8457030000,-0.0348498300,0.0018432470,-0.0321863400,-0.2738984000,0.2554045000,0.9272261000,True,1.0000000000,3.9841770000,0.0319658800,0.0026633150,-0.0347056000,-0.4296024000,0.2339360000,0.8721902000,0.0086425020,0.0023770450,-0.0338262000,-0.3764399000,0.2421911000,0.8942240000,0.0000000000,
13.9817,4324,True,1.0000000000,3.8611300000,-0.0347443300,0.0018801120,-0.0321349200,-0.2456559000,0.2436569000,0.9382348000,True,1.0000000000,3.9505160000,0.0320017300,0.0026595920,-0.0346868700,-0.4153520000,0.2328077000,0.8793653000,0.0044163360,0.0023374480,-0.0336321700,-0.3465769000,0.2382230000,0.9072675000,0.0000000000,
13.99287,4333,True,1.0000000000,3.9269260000,-0.0346877900,0.0018662720,-0.0321142700,-0.2379176000,0.2400386000,0.9411570000,True,1.0000000000,3.9630130000,0.0320538400,0.0026434480,-0.0346750100,-0.4132440000,0.2312653000,0.8807642000,0.0025780950,0.0023002170,-0.0335440900,-0.3372547000,0.2361485000,0.9113140000,0.0000000000,
14.00412,4341,True,1.0000000000,3.9147490000,-0.0346561300,0.0018532260,-0.0321084100,-0.2308998000,0.2444956000,0.9417575000,True,1.0000000000,3.9308930000,0.0321053900,0.0026151740,-0.0346512800,-0.4074135000,0.2179128000,0.8868643000,0.0004042664,0.0022533720,-0.0334438200,-0.3250159000,0.2315395000,0.9169264000,0.0000000000,
14.00412,4358,True,1.0000000000,3.8452910000,-0.0345574100,0.0018110500,-0.0320963900,-0.2173024000,0.2532983000,0.9426662000,True,1.0000000000,3.9053650000,0.0322052800,0.0025321810,-0.0346377900,-0.3933949000,0.2276658000,0.8907349000,-0.0002891388,0.0021811980,-0.0334008500,-0.3090112000,0.2411847000,0.9199685000,0.0000000000,
14.04164,4366,True,1.0000000000,3.8392940000,-0.0345141300,0.0017901760,-0.0320705000,-0.1987785000,0.2483548000,0.9480543000,True,1.0000000000,3.9238280000,0.0322654100,0.0025068060,-0.0346359900,-0.3926923000,0.2325330000,0.8897871000,0.0010210110,0.0021715090,-0.0334356700,-0.3035306000,0.2411826000,0.9217918000,0.0000000000,
14.0596,4383,True,1.0000000000,3.9427800000,-0.0344055200,0.0017637790,-0.0320559100,-0.2010527000,0.2467992000,0.9479811000,True,1.0000000000,3.8568880000,0.0323846600,0.0024193570,-0.0346105500,-0.3819937000,0.2298004000,0.8951383000,0.0018469540,0.0021196140,-0.0334425200,-0.3006021000,0.2386353000,0.9234130000,0.0000000000,
14.0596,4399,True,1.0000000000,3.8043820000,-0.0340312800,0.0016905210,-0.0319598500,-0.1586472000,0.2136709000,0.9639376000,True,1.0000000000,3.6301570000,0.0327332200,0.0022527010,-0.0345560900,-0.3054243000,0.2243990000,0.9253978000,0.0025237730,0.0019983370,-0.0333813500,-0.2397028000,0.2201714000,0.9455512000,0.0000000000,
14.07051,4408,True,1.0000000000,3.6817170000,-0.0335118100,0.0016659850,-0.0318478900,-0.0778355800,0.1708690000,0.9822145000,True,1.0000000000,3.6109160000,0.0330411700,0.0022726750,-0.0348815800,-0.2426473000,0.1648726000,0.9560018000,0.0056163030,0.0020226750,-0.0336314700,-0.1753251000,0.1679092000,0.9700863000,0.0000000000,
14.08189,4416,True,1.0000000000,3.6602940000,-0.0330324200,0.0016154480,-0.0319479400,0.0053558600,0.1690071000,0.9856003000,True,1.0000000000,3.8061980000,0.0337424300,0.0017543950,-0.0339526500,-0.1179218000,0.1153735000,0.9862978000,-0.0226938000,0.0016369480,-0.0322583200,-0.0137331100,0.1608910000,0.9868767000,0.0000000000,
14.08189,4424,True,1.0000000000,3.7536930000,-0.0325550700,0.0014033200,-0.0314323300,0.0619511700,0.1109780000,0.9918901000,True,1.0000000000,3.7836150000,0.0340434100,0.0015656890,-0.0336684600,-0.0646364500,0.0830233600,0.9944493000,-0.0315109700,0.0014058690,-0.0314673900,0.0599675100,0.1105661000,0.9920580000,0.0000000000,
14.0926,4433,True,1.0000000000,3.7209170000,-0.0321602300,0.0014717100,-0.0317824600,0.1147775000,0.0740972800,0.9906239000,True,1.0000000000,3.7119600000,0.0343602900,0.0018258360,-0.0347334800,-0.0148164600,0.0639198200,0.9978451000,-0.0308810000,0.0014785310,-0.0318392000,0.1123064000,0.0739146900,0.9909207000,0.0000000000,
14.10393,4441,True,1.0000000000,3.5709840000,-0.0318386000,0.0014335630,-0.0318272600,0.1874113000,0.0665293300,0.9800259000,True,1.0000000000,3.8368840000,0.0346268600,0.0016393430,-0.0342766800,0.0311131400,0.0538948500,0.9980618000,-0.0311777300,0.0014356080,-0.0318516100,0.1858841000,0.0664220500,0.9803240000,0.0000000000,
14.11499,4458,True,1.0000000000,3.7793430000,-0.0314148900,0.0014221500,-0.0318650400,0.2578288000,0.0307160700,0.9657022000,True,1.0000000000,3.7899320000,0.0348349200,0.0016565860,-0.0344500900,0.0455631400,0.0466312700,0.9978725000,-0.0308031000,0.0014243160,-0.0318889200,0.2559212000,0.0308686200,0.9662046000,0.0000000000,
14.12585,4466,True,1.0000000000,3.7733920000,-0.0313647800,0.0014584810,-0.0318755200,0.2560310000,0.0382696100,0.9659108000,True,1.0000000000,3.7147520000,0.0349207300,0.0016732030,-0.0344698200,0.0585182900,0.0464179000,0.9972066000,-0.0309335300,0.0014598850,-0.0318924000,0.2547779000,0.0383303700,0.9662396000,0.0000000000,
14.12585,4474,True,1.0000000000,3.6947630000,-0.0314384600,0.0014841920,-0.0318699800,0.2411680000,0.0559698900,0.9688681000,True,1.0000000000,3.8018040000,0.0349215900,0.0017043150,-0.0344639000,0.0373078900,0.0594790000,0.9975321000,-0.0310638300,0.0014854280,-0.0318846300,0.2400541000,0.0560004200,0.9691429000,0.0000000000,
14.13738,4483,True,1.0000000000,3.7464900000,-0.0315342300,0.0014982450,-0.0318360000,0.2367594000,0.0437629500,0.9705822000,True,1.0000000000,3.7843930000,0.0348712200,0.0017407380,-0.0344618400,0.0369721000,0.0523987600,0.9979416000,-0.0311850100,0.0014995270,-0.0318498100,0.2357341000,0.0438081800,0.9708297000,0.0000000000,
14.14834,4491,True,1.0000000000,3.6580960000,-0.0316297800,0.0015289000,-0.0318250000,0.2203833000,0.0596162600,0.9735898000,True,1.0000000000,3.8813930000,0.0347930000,0.0017869870,-0.0343893300,0.0352480700,0.0537418700,0.9979326000,-0.0312147800,0.0015305180,-0.0318410200,0.2192569000,0.0595864700,0.9738459000,0.0000000000,
14.15947,4499,True,1.0000000000,3.6473240000,-0.0317416900,0.0015781860,-0.0317823800,0.2145561000,0.0562139700,0.9750926000,True,1.0000000000,3.8125920000,0.0346845900,0.0017907560,-0.0340686700,0.0300905800,0.0540318200,0.9980857000,-0.0312504400,0.0015797580,-0.0317992900,0.2132144000,0.0561990100,0.9753878000,0.0000000000,
14.17059,4516,True,1.0000000000,3.7123410000,-0.0320010900,0.0020737920,-0.0329490800,0.1915438000,0.0307007200,0.9810038000,True,1.0000000000,3.8787690000,0.0344361900,0.0016345980,-0.0330201300,0.0076599700,0.0652318100,0.9978408000,-0.0316023300,0.0020711520,-0.0329495100,0.1904616000,0.0308992700,0.9812083000,0.0000000000,
14.18202,4524,True,1.0000000000,3.7598880000,-0.0322038600,0.0018265990,-0.0321083100,0.1903241000,0.0433199900,0.9807650000,True,1.0000000000,3.8067780000,0.0343033000,0.0016849060,-0.0329985200,0.0055847850,0.0605323600,0.9981506000,-0.0321729400,0.0018265380,-0.0321087200,0.1902330000,0.0433200900,0.9807827000,0.0000000000,
14.20582,4533,True,1.0000000000,3.7115780000,-0.0323329600,0.0021635280,-0.0331497400,0.1631180000,0.0266726200,0.9862460000,True,1.0000000000,3.8400570000,0.0341472200,0.0018588560,-0.0333124400,-0.0176852200,0.0534523900,0.9984138000,-0.0318274700,0.0021612090,-0.0331509700,0.1617607000,0.0268711100,0.9864641000,0.0000000000,
14.21536,4549,True,1.0000000000,3.7539060000,-0.0326860500,0.0019481810,-0.0325599700,0.1634846000,0.0460668200,0.9854698000,True,1.0000000000,3.7967680000,0.0338153800,0.0021484680,-0.0340238200,-0.0280154900,0.0640114200,0.9975558000,-0.0292359000,0.0019585730,-0.0326359300,0.1536888000,0.0470435400,0.9869989000,0.0000000000,
14.21536,4558,True,1.0000000000,3.7356870000,-0.0328467100,0.0019424900,-0.0325934300,0.1508198000,0.0401769100,0.9877445000,True,1.0000000000,3.8199160000,0.0337088200,0.0021338650,-0.0339324800,-0.0453339800,0.0603181500,0.9971492000,-0.0167665000,0.0019887240,-0.0329169500,0.1037913000,0.0452122500,0.9935709000,0.0000000000,
14.22596,4566,True,1.0000000000,3.8089600000,-0.0329887400,0.0017281490,-0.0319072400,0.1416338000,0.0528570900,0.9885070000,True,1.0000000000,3.7679750000,0.0335784900,0.0021798250,-0.0339932400,-0.0550846400,0.0621800300,0.9965437000,-0.0048247990,0.0019192510,-0.0327898100,0.0586701500,0.0570679800,0.9966449000,0.0000000000,
14.23717,4574,True,1.0000000000,3.7989500000,-0.0331210900,0.0017681890,-0.0319737600,0.1236432000,0.0493474300,0.9910989000,True,1.0000000000,3.8042140000,0.0334593400,0.0021170810,-0.0336530000,-0.0619363700,0.0646067000,0.9959869000,0.0023982850,0.0019543150,-0.0328696000,0.0247347200,0.0577397700,0.9980252000,0.0000000000,
14.24842,4583,True,1.0000000000,3.8448330000,-0.0332568100,0.0017750090,-0.0318593900,0.1214456000,0.0465091200,0.9915079000,True,1.0000000000,3.8529360000,0.0333297400,0.0021212460,-0.0335187500,-0.0661473800,0.0611577100,0.9959338000,0.0200088100,0.0020519720,-0.0331868000,-0.0287018300,0.0583954900,0.9978808000,0.0000000000,
14.25937,4591,True,1.0000000000,3.7939760000,-0.0333979200,0.0018226470,-0.0320114600,0.1153731000,0.0565497600,0.9917112000,True,1.0000000000,3.7574770000,0.0332207300,0.0023158420,-0.0340154300,-0.0733499200,0.0694436300,0.9948856000,0.0259859600,0.0022622830,-0.0337977900,-0.0529483600,0.0681614700,0.9962683000,0.0000000000,
14.25937,4599,True,1.0000000000,3.8456120000,-0.0334932300,0.0018517150,-0.0321368000,0.1072854000,0.0654301800,0.9920729000,True,1.0000000000,3.7764890000,0.0331500600,0.0022230380,-0.0335627600,-0.0925910500,0.0709691800,0.9931718000,0.0267330200,0.0021872710,-0.0334254600,-0.0734711900,0.0705567500,0.9947984000,0.0000000000,
14.28185,4616,True,1.0000000000,3.8116460000,-0.0336689300,0.0019219210,-0.0323644000,0.0921797500,0.0640116000,0.9936827000,True,1.0000000000,3.9232790000,0.0329832000,0.0022649230,-0.0336451300,-0.0986794300,0.0592198600,0.9933556000,0.0244095600,0.0022207950,-0.0334803800,-0.0742806300,0.0599524600,0.9954336000,0.0000000000,
14.28185,4624,True,1.0000000000,3.8696900000,-0.0337411400,0.0018384550,-0.0321628500,0.0804598000,0.0626985200,0.9947840000,True,1.0000000000,3.8566130000,0.0329294900,0.0022705080,-0.0336987500,-0.1076065000,0.0596932200,0.9923999000,0.0310912300,0.0022585910,-0.0336564000,-0.1024630000,0.0597993500,0.9929377000,0.0000000000,
14.29288,4633,True,1.0000000000,3.7584690000,-0.0337759900,0.0017432400,-0.0320212900,0.0679940000,0.0649116800,0.9955719000,True,1.0000000000,3.8856510000,0.0328775800,0.0021674810,-0.0334308600,-0.1161200000,0.0575411900,0.9915670000,0.0067765050,0.0020013580,-0.0328788800,-0.0441895500,0.0606690800,0.9971793000,0.0000000000,
14.30379,4641,True,1.0000000000,3.6781920000,-0.0338454300,0.0015650940,-0.0316344000,0.0593117600,0.0716410400,0.9956654000,True,1.0000000000,3.8661650000,0.0328245900,0.0021681980,-0.0335108500,-0.1286015000,0.0656587800,0.9895204000,0.0130637800,0.0019894410,-0.0329546800,-0.0731666000,0.0676886400,0.9950200000,0.0000000000,
14.32606,4649,True,1.0000000000,3.7591860000,-0.0338892200,0.0014680630,-0.0314633400,0.0592652100,0.0855561300,0.9945691000,True,1.0000000000,3.7928770000,0.0327835400,0.0022335820,-0.0337772900,-0.1273662000,0.0591588100,0.9900900000,0.0171732500,0.0020543520,-0.0332355100,-0.0839390200,0.0655368300,0.9943134000,0.0000000000,
14.32606,4658,True,1.0000000000,3.7995610000,-0.0339089500,0.0014729010,-0.0316006700,0.0433660400,0.0765543400,0.9961219000,True,1.0000000000,3.7969510000,0.0327585800,0.0022383730,-0.0338393100,-0.1279616000,0.0585943900,0.9900467000,0.0293911800,0.0021997070,-0.0337262500,-0.1194001000,0.0595398500,0.9910594000,0.0000000000,
14.34827,4683,True,1.0000000000,3.7887420000,-0.0339144500,0.0017110600,-0.0324334900,0.0474553400,0.0674598400,0.9965928000,True,1.0000000000,3.7544860000,0.0327694600,0.0022766420,-0.0339468400,-0.1378348000,0.0574960100,0.9887850000,0.0303219000,0.0022558900,-0.0338913000,-0.1311194000,0.0578921400,0.9896748000,0.0000000000,
14.35927,4699,True,1.0000000000,3.8631440000,-0.0338975100,0.0016578830,-0.0321942500,0.0341034500,0.0710603000,0.9968889000,True,1.0000000000,3.8947910000,0.0327519000,0.0021914060,-0.0336425500,-0.1368428000,0.0719615100,0.9879755000,0.0308863200,0.0021764680,-0.0336020100,-0.1321109000,0.0719606300,0.9886194000,0.0000000000,
14.37036,4708,True,1.0000000000,3.8520510000,-0.0340356800,0.0015731350,-0.0318000400,0.0129243900,0.0943770300,0.9954526000,True,1.0000000000,3.9339900000,0.0326136900,0.0024129790,-0.0342207000,-0.1681688000,0.0812843800,0.9824012000,0.0307041900,0.0023889160,-0.0341513500,-0.1630427000,0.0816968400,0.9832308000,0.0000000000,
14.37036,4716,True,1.0000000000,3.8942720000,-0.0340828100,0.0016427610,-0.0318766900,0.0037842160,0.0982217800,0.9951574000,True,1.0000000000,3.8997650000,0.0325264400,0.0026251680,-0.0347392700,-0.1759205000,0.0810860800,0.9810592000,0.0023226780,0.0021797030,-0.0334412400,-0.0948184000,0.0892184100,0.9914886000,0.0000000000,
14.38136,4724,True,1.0000000000,3.8645940000,-0.0340872500,0.0016443640,-0.0318193400,0.0082092580,0.1000065000,0.9949529000,True,1.0000000000,3.8458710000,0.0325202600,0.0026533820,-0.0347157800,-0.1680479000,0.0805220200,0.9824846000,-0.0327676400,0.0016643520,-0.0318767100,0.0047149760,0.0996400900,0.9950124000,0.0000000000,
14.40618,4733,True,1.0000000000,3.9194950000,-0.0340764300,0.0016048890,-0.0316962600,0.0095977810,0.1020203000,0.9947360000,True,1.0000000000,3.9193120000,0.0325483900,0.0026326910,-0.0346585000,-0.1716020000,0.0827644700,0.9816837000,-0.0339859800,0.0016062780,-0.0317002900,0.0093384340,0.1019903000,0.9947415000,0.0000000000,
14.40618,4741,True,1.0000000000,3.8916780000,-0.0340589600,0.0015571440,-0.0315543500,0.0145875300,0.0961159500,0.9952632000,True,1.0000000000,3.9196170000,0.0325985300,0.0025038450,-0.0343318500,-0.1755225000,0.0871585200,0.9806097000,-0.0338205300,0.0015605320,-0.0315642900,0.0139160800,0.0961002900,0.9952744000,0.0000000000,
14.41506,4758,True,1.0000000000,3.9325710000,-0.0339986600,0.0015725860,-0.0315377200,0.0127259700,0.1043713000,0.9944570000,True,1.0000000000,3.8970030000,0.0326781300,0.0023823400,-0.0340178800,-0.1759956000,0.0895999600,0.9803048000,-0.0324587100,0.0015912780,-0.0315950000,0.0083771840,0.1040663000,0.9945351000,0.0000000000,
14.42638,4766,True,1.0000000000,3.9182430000,-0.0339561300,0.0016143040,-0.0316189500,0.0098573070,0.1078048000,0.9941232000,True,1.0000000000,3.9761200000,0.0327281200,0.0023114170,-0.0337894000,-0.1759055000,0.0869761800,0.9805572000,-0.0328891000,0.0016254580,-0.0316536700,0.0068817850,0.1074993000,0.9941813000,0.0000000000,
14.42638,4774,True,1.0000000000,3.9650270000,-0.0339180600,0.0015578310,-0.0314003000,0.0049133660,0.1040504000,0.9945599000,True,1.0000000000,3.9307400000,0.0327612800,0.0023544920,-0.0339404300,-0.1743953000,0.0955824900,0.9800256000,-0.0314037800,0.0015878750,-0.0314960800,-0.0018310810,0.1037918000,0.9945974000,0.0000000000,
14.43756,4783,True,1.0000000000,3.9272610000,-0.0338860900,0.0015355070,-0.0312738000,0.0111390400,0.1097882000,0.9938926000,True,1.0000000000,3.9609830000,0.0328022600,0.0022713620,-0.0336706300,-0.1770944000,0.0954136700,0.9795579000,-0.0334929800,0.0015398410,-0.0312879300,0.0100404500,0.1097125000,0.9939126000,0.0000000000,
14.44948,4791,True,1.0000000000,3.8723300000,-0.0338390100,0.0016134490,-0.0314538000,0.0036011250,0.1025710000,0.9947192000,True,1.0000000000,3.9587250000,0.0328583400,0.0022165680,-0.0334788200,-0.1736456000,0.0942385900,0.9802889000,-0.0337752800,0.0016140290,-0.0314557400,0.0034332310,0.1025544000,0.9947215000,0.0000000000,
14.44948,4799,True,1.0000000000,3.9423680000,-0.0338093300,0.0016702420,-0.0315937500,0.0100098200,0.0951542900,0.9954122000,True,1.0000000000,3.9645540000,0.0328934300,0.0022530370,-0.0335696300,-0.1790489000,0.0882884600,0.9798707000,-0.0337997900,0.0016703190,-0.0315940400,0.0099793020,0.0951543200,0.9954125000,0.0000000000,
14.45997,4808,True,1.0000000000,3.9556270000,-0.0337894900,0.0016802830,-0.0316182900,0.0108795200,0.1003876000,0.9948889000,True,1.0000000000,3.9241790000,0.0329069100,0.0023194580,-0.0337598300,-0.1756762000,0.0814369800,0.9810739000,-0.0337537900,0.0016806180,-0.0316194300,0.0107727400,0.1003726000,0.9948916000,0.0000000000,
14.47081,4816,True,1.0000000000,3.9373780000,-0.0337819800,0.0016773380,-0.0316042800,0.0066375980,0.1008762000,0.9948769000,True,1.0000000000,3.9631350000,0.0329143400,0.0023556670,-0.0338687400,-0.1717243000,0.0876016700,0.9812425000,-0.0334304700,0.0016809240,-0.0316162100,0.0056916180,0.1008164000,0.9948888000,0.0000000000,
14.48247,4824,True,1.0000000000,3.8980710000,-0.0337814200,0.0016775670,-0.0316115100,0.0090179780,0.0984043000,0.9951057000,True,1.0000000000,3.9603880000,0.0329182400,0.0023596800,-0.0338779500,-0.1732662000,0.0949721400,0.9802852000,-0.0293374200,0.0017230230,-0.0317625100,-0.0031128120,0.0982824500,0.9951537000,0.0000000000,
14.48247,4833,True,1.0000000000,3.9347840000,-0.0337819800,0.0016773380,-0.0316120300,0.0066986350,0.0964054200,0.9953196000,True,1.0000000000,3.9549260000,0.0329177000,0.0023548130,-0.0338649700,-0.1730208000,0.0940711700,0.9804154000,-0.0172895700,0.0018448640,-0.0321691000,-0.0378420400,0.0961157300,0.9946505000,0.0000000000,
14.51535,4841,True,1.0000000000,3.9122470000,-0.0337839500,0.0016721040,-0.0316081600,0.0069275200,0.0997929100,0.9949841000,True,1.0000000000,3.9492030000,0.0329171600,0.0023499600,-0.0338520100,-0.1727604000,0.0931703900,0.9805474000,-0.0099616100,0.0019142000,-0.0324095500,-0.0574494300,0.0977937400,0.9935471000,0.0000000000,
14.52592,4866,True,1.0000000000,3.9718780000,-0.0338170300,0.0015785830,-0.0314246200,0.0060120090,0.0981300300,0.9951554000,True,1.0000000000,3.9552460000,0.0329075500,0.0022556920,-0.0336738500,-0.1788813000,0.0806590900,0.9805588000,-0.0103803000,0.0018164220,-0.0322146500,-0.0591588600,0.0923622800,0.9939665000,0.0000000000,
14.53719,4874,True,1.0000000000,3.8635250000,-0.0338303200,0.0015691530,-0.0314194500,0.0088349590,0.0995497000,0.9949934000,True,1.0000000000,3.9886630000,0.0329048800,0.0022361150,-0.0336562400,-0.1813516000,0.0842594300,0.9798020000,-0.0073968200,0.0018333280,-0.0323054200,-0.0667729800,0.0939033200,0.9933396000,0.0000000000,
14.53719,4883,True,1.0000000000,3.8801570000,-0.0338369300,0.0015373990,-0.0313341400,-0.0005950956,0.0974125600,0.9952439000,True,1.0000000000,3.9359740000,0.0329031400,0.0022257540,-0.0336526300,-0.1817947000,0.0922858900,0.9789964000,-0.0114728500,0.0017680670,-0.0321110600,-0.0615389600,0.0960392300,0.9934735000,0.0000000000,
14.54808,4891,True,1.0000000000,3.9175570000,-0.0338403000,0.0015342870,-0.0313301200,0.0041961790,0.0970309100,0.9952725000,True,1.0000000000,3.9522400000,0.0329018300,0.0022227480,-0.0336578200,-0.1833978000,0.0935833800,0.9785742000,0.0041658480,0.0019263310,-0.0326556300,-0.1030746000,0.0954756200,0.9900808000,0.0000000000,
14.55944,4899,True,1.0000000000,3.8806300000,-0.0338436900,0.0015311740,-0.0313261000,0.0012207120,0.0983130800,0.9951547000,True,1.0000000000,3.9566040000,0.0329009300,0.0022197570,-0.0336526300,-0.1813984000,0.0939951200,0.9789073000,0.0129542900,0.0020139620,-0.0329573500,-0.1272742000,0.0956120400,0.9872485000,0.0000000000,
14.55944,4908,True,1.0000000000,3.9162290000,-0.0338459500,0.0015311890,-0.0313244200,0.0045776590,0.0973057600,0.9952440000,True,1.0000000000,3.9510650000,0.0329007700,0.0022199250,-0.0336578200,-0.1831373000,0.0907599300,0.9788888000,0.0091615300,0.0019749600,-0.0328279100,-0.1168520000,0.0934754900,0.9887406000,0.0000000000,
14.58385,4916,True,1.0000000000,3.8804470000,-0.0338482100,0.0015311740,-0.0313227400,0.0027008370,0.0980846200,0.9951744000,True,1.0000000000,3.9532320000,0.0329006400,0.0022197570,-0.0336526300,-0.1813360000,0.0869296000,0.9795716000,0.0090347300,0.0019735570,-0.0328195800,-0.1159825000,0.0912784500,0.9890482000,0.0000000000,
14.59272,4924,True,1.0000000000,3.8785250000,-0.0338497900,0.0015311890,-0.0313244200,0.0030060090,0.0980996500,0.9951720000,True,1.0000000000,3.9584200000,0.0329005800,0.0022136080,-0.0336444400,-0.1829242000,0.0867928600,0.9792884000,0.0104612600,0.0019842070,-0.0328645200,-0.1208967000,0.0909433700,0.9884904000,0.0000000000,
14.59272,4933,True,1.0000000000,3.8804630000,-0.0338513800,0.0015311740,-0.0313227400,0.0033111890,0.0980844400,0.9951726000,True,1.0000000000,3.9617770000,0.0329005300,0.0022074740,-0.0336362300,-0.1845099000,0.0866091700,0.9790071000,0.0099052740,0.0019745030,-0.0328392600,-0.1202863000,0.0909280800,0.9885663000,0.0000000000,
14.60406,4949,True,1.0000000000,3.9526820000,-0.0338946100,0.0015136570,-0.0312799600,-0.0016021760,0.1021426000,0.9947685000,True,1.0000000000,3.9330290000,0.0328602800,0.0022038420,-0.0335804100,-0.1803754000,0.0805669800,0.9802927000,0.0035269010,0.0019005590,-0.0325695500,-0.1022351000,0.0904094400,0.9906433000,0.0000000000,
14.63717,4958,True,1.0000000000,3.9241790000,-0.0339041200,0.0015224460,-0.0313245500,0.0018157970,0.0985260400,0.9951328000,True,1.0000000000,3.9608760000,0.0328422700,0.0021943510,-0.0335419500,-0.1785450000,0.0927744100,0.9795482000,-0.0030359190,0.0018331760,-0.0323500400,-0.0819249200,0.0962530000,0.9919797000,0.0000000000,
14.69248,4966,True,1.0000000000,3.9189300000,-0.0339111500,0.0015265960,-0.0313437400,-0.0005493168,0.0934754100,0.9956214000,True,1.0000000000,3.8901370000,0.0328202700,0.0022124020,-0.0335894600,-0.1788050000,0.0808269500,0.9805589000,-0.0061803440,0.0018115850,-0.0322769600,-0.0749213000,0.0885627800,0.9932489000,0.0000000000,
14.69248,5024,True,1.0000000000,4.0202030000,-0.0341824700,0.0016019440,-0.0314386200,0.0128021400,0.0895844900,0.9958969000,True,1.0000000000,3.9043270000,0.0325968600,0.0024370120,-0.0338815200,-0.1789429000,0.0695049900,0.9814013000,-0.0089290470,0.0019177400,-0.0323624300,-0.0599670900,0.0823517500,0.9947975000,0.0000000000,
14.70383,5049,True,1.0000000000,3.9025570000,-0.0344733600,0.0023011320,-0.0338217000,0.0360111900,0.0593726800,0.9975861000,True,1.0000000000,3.9341580000,0.0323648700,0.0024217230,-0.0336856200,-0.1694363000,0.0588846100,0.9837804000,0.0323645500,0.0024217230,-0.0336856200,-0.1694363000,0.0588846100,0.9837804000,0.0000000000,
14.71505,5058,True,1.0000000000,3.9268650000,-0.0346593000,0.0017694550,-0.0320208700,-0.0060272800,0.0763252100,0.9970648000,True,1.0000000000,3.8963470000,0.0321470900,0.0026282350,-0.0342264100,-0.1836717000,0.0548863600,0.9814541000,0.0321465900,0.0026282350,-0.0342264000,-0.1836717000,0.0548863600,0.9814541000,0.0000000000,
14.71505,5066,True,1.0000000000,3.9512180000,-0.0349872300,0.0017521360,-0.0318461800,-0.0843360100,0.1114816000,0.9901814000,True,1.0000000000,3.8344570000,0.0318160700,0.0026209110,-0.0339005100,-0.2338877000,0.0937656500,0.9677317000,0.0318152500,0.0026208960,-0.0339004800,-0.2338877000,0.0937656500,0.9677317000,0.0000000000,
14.726,5074,True,1.0000000000,4.0306400000,-0.0353817300,0.0019311680,-0.0319914100,-0.1522077000,0.1469434000,0.9773641000,True,1.0000000000,3.8374020000,0.0314099500,0.0027846680,-0.0339975300,-0.2841377000,0.1170517000,0.9516116000,0.0314083200,0.0027846530,-0.0339974800,-0.2841377000,0.1170517000,0.9516116000,0.0000000000,
14.73729,5083,True,1.0000000000,4.0608670000,-0.0357232700,0.0020924230,-0.0321002000,-0.2016625000,0.1497667000,0.9679371000,True,1.0000000000,4.0751040000,0.0310542600,0.0029861760,-0.0341290200,-0.3485006000,0.1389333000,0.9269546000,0.0310493500,0.0029861150,-0.0341288600,-0.3484823000,0.1389321000,0.9269617000,0.0000000000,
14.73729,5091,True,1.0000000000,3.9918370000,-0.0360025900,0.0022540590,-0.0322395200,-0.2482191000,0.1749451000,0.9527757000,True,1.0000000000,4.0873570000,0.0307465500,0.0031805570,-0.0342439600,-0.3985773000,0.1443338000,0.9057063000,0.0307352600,0.0031804050,-0.0342436200,-0.3985507000,0.1443505000,0.9057153000,0.0000000000,
14.74838,5099,True,1.0000000000,4.4882810000,-0.0362665600,0.0024680630,-0.0324409800,-0.3259932000,0.2098112000,0.9217959000,True,1.0000000000,4.1692810000,0.0304045900,0.0033432920,-0.0344512400,-0.4419459000,0.2005336000,0.8743398000,0.0303716600,0.0033428500,-0.0344502400,-0.4418960000,0.2005469000,0.8743620000,0.0000000000,
14.76031,5108,True,1.0000000000,4.0897060000,-0.0365048200,0.0025592650,-0.0325518700,-0.3671629000,0.1845428000,0.9116663000,True,1.0000000000,4.1571040000,0.0300776100,0.0034926150,-0.0346519900,-0.4859526000,0.2252988000,0.8444469000,0.0299886200,0.0034913790,-0.0346491900,-0.4857988000,0.2252372000,0.8445517000,0.0000000000,
14.77055,5116,True,0.8282294000,3.8279880000,-0.0368107900,0.0027033690,-0.0327033000,-0.4178530000,0.1438926000,0.8970473000,True,0.8282294000,4.1235500000,0.0298424100,0.0035355530,-0.0347793600,-0.5226678000,0.2164037000,0.8246137000,0.0296421500,0.0035330510,-0.0347731200,-0.5223760000,0.2161893000,0.8248549000,0.0000000000,
14.77055,5124,True,0.8282294000,4.2889860000,-0.0369661400,0.0025866090,-0.0329336900,-0.4344976000,0.2515585000,0.8648295000,True,0.8282294000,4.2530060000,0.0296370300,0.0035076300,-0.0349459200,-0.5387832000,0.2623038000,0.8005682000,0.0274256200,0.0034770510,-0.0348791100,-0.5354519000,0.2620115000,0.8028955000,0.0000000000,
14.79368,5133,True,0.7561954000,4.2758480000,-0.0370148500,0.0025299380,-0.0330385000,-0.4731510000,0.2662695000,0.8397790000,True,0.7561954000,4.1671600000,0.0295410000,0.0034177250,-0.0350032800,-0.5608233000,0.2519997000,0.7886529000,-0.0089875030,0.0029037930,-0.0338658900,-0.5107194000,0.2605935000,0.8193026000,0.0000000000,
14.80362,5141,True,0.7561954000,4.3804780000,-0.0369967200,0.0023722230,-0.0331500200,-0.4929245000,0.3305237000,0.8048475000,True,0.7561954000,-1.0000000000,0.0294603400,0.0033165590,-0.0351438300,0.0000000000,0.0000000000,0.0000000000,-0.0369967200,0.0023722230,-0.0331500200,-0.4929245000,0.3305237000,0.8048475000,0.0000000000,
14.81513,5149,True,0.7939624000,4.5294040000,-0.0369970300,0.0021926420,-0.0331429900,-0.4874961000,0.3417112000,0.8034806000,True,0.7939624000,-1.0000000000,0.0294385400,0.0031980900,-0.0351939100,0.0000000000,0.0000000000,0.0000000000,-0.0369970300,0.0021926420,-0.0331429900,-0.4874961000,0.3417112000,0.8034806000,0.0000000000,
14.81513,5158,True,0.7939624000,4.3290860000,-0.0369395900,0.0020107730,-0.0331246000,-0.5277460000,0.3097719000,0.7909018000,True,0.7939624000,-1.0000000000,0.0294810500,0.0030384370,-0.0352145100,0.0000000000,0.0000000000,0.0000000000,-0.0369395900,0.0020107730,-0.0331246000,-0.5277460000,0.3097719000,0.7909018000,0.0000000000,
14.82782,5166,True,1.0000000000,4.3220670000,-0.0368381800,0.0018194730,-0.0330924200,-0.5210959000,0.3388115000,0.7833682000,True,1.0000000000,-1.0000000000,0.0295627300,0.0028504640,-0.0351758700,0.0000000000,0.0000000000,0.0000000000,-0.0368381800,0.0018194730,-0.0330924200,-0.5210959000,0.3388115000,0.7833682000,0.0000000000,
14.83696,5174,True,1.0000000000,4.3907930000,-0.0366778700,0.0016329650,-0.0330298600,-0.5347059000,0.3384447000,0.7743028000,True,1.0000000000,-1.0000000000,0.0297198600,0.0026266630,-0.0351100500,0.0000000000,0.0000000000,0.0000000000,-0.0366778700,0.0016329650,-0.0330298600,-0.5347059000,0.3384447000,0.7743028000,0.0000000000,
14.85934,5191,True,1.0000000000,4.3969270000,-0.0361778400,0.0012204290,-0.0327310500,-0.5065700000,0.3077140000,0.8054185000,True,1.0000000000,-1.0000000000,0.0303318200,0.0021260380,-0.0348324900,0.0000000000,0.0000000000,0.0000000000,-0.0361778400,0.0012204290,-0.0327310500,-0.5065700000,0.3077140000,0.8054185000,0.0000000000,
14.87,5216,True,1.0000000000,4.2522280000,-0.0354381700,0.0006922608,-0.0323946800,-0.4422843000,0.2946070000,0.8471076000,True,1.0000000000,3.7794800000,0.0307747200,0.0026554570,-0.0342371100,-0.5201771000,-0.0385440700,0.8531882000,-0.0104726000,0.0014324800,-0.0330893700,-0.4782795000,0.1713591000,0.8613274000,0.0000000000,
14.88139,5224,True,1.0000000000,4.1215670000,-0.0352142200,0.0005711518,-0.0323169100,-0.4252826000,0.2776216000,0.8614296000,True,1.0000000000,3.9940340000,0.0314119000,0.0013327480,-0.0345238700,-0.5759315000,0.2729815000,0.7705739000,0.0054083560,0.0010355070,-0.0336625100,-0.5190504000,0.2758218000,0.8090173000,0.0000000000,
14.88139,5233,True,1.0000000000,4.1544340000,-0.0350172400,0.0004673462,-0.0322834800,-0.4178520000,0.2869452000,0.8620105000,True,1.0000000000,3.7965240000,0.0312075700,0.0022873080,-0.0341270000,-0.4710001000,-0.0504463200,0.8806896000,-0.0142679300,0.0010375670,-0.0328610800,-0.4400854000,0.1835508000,0.8789960000,0.0000000000,
14.89223,5241,True,1.0000000000,4.0932310000,-0.0347875100,0.0003500824,-0.0322245800,-0.3931330000,0.2941783000,0.8711518000,True,1.0000000000,3.7526700000,0.0314444900,0.0021140750,-0.0341071900,-0.4691372000,-0.0541235900,0.8814653000,-0.0264154700,0.0005730591,-0.0324625600,-0.4055956000,0.2519237000,0.8786505000,0.0000000000,
14.9035,5249,True,1.0000000000,4.0690000000,-0.0346052600,0.0002267151,-0.0321849700,-0.3811533000,0.2822753000,0.8803651000,True,1.0000000000,3.8434750000,0.0316316600,0.0019071500,-0.0340953500,-0.4612642000,-0.0628060300,0.8850371000,-0.0309502400,0.0003194428,-0.0322903900,-0.3868424000,0.2641002000,0.8835180000,0.0000000000,
14.9035,5258,True,1.0000000000,4.0042720000,-0.0344493600,0.0001277466,-0.0321518400,-0.3644002000,0.2707862000,0.8910035000,True,1.0000000000,3.7899020000,0.0317980500,0.0017193760,-0.0340892800,-0.4384666000,-0.0532843300,0.8971666000,-0.0309828400,0.0002110443,-0.0322532200,-0.3692841000,0.2545208000,0.8937832000,0.0000000000,
14.91483,5266,True,1.0000000000,4.0329280000,-0.0343055600,0.0000271454,-0.0321342900,-0.3555332000,0.2734707000,0.8937617000,True,1.0000000000,3.7508090000,0.0319532500,0.0015621800,-0.0340948500,-0.4305613000,-0.0523839100,0.9010399000,-0.0319655300,0.0000813446,-0.0322035400,-0.3588739000,0.2624530000,0.8957276000,0.0000000000,
14.92575,5274,True,1.0000000000,3.9137420000,-0.0342277100,-0.0000275116,-0.0321156000,-0.3422265000,0.2685871000,0.9004121000,True,1.0000000000,3.6745610000,0.0316638800,0.0011682590,-0.0341867200,-0.3313636000,0.0139161700,0.9434005000,-0.0298823700,0.0000513306,-0.0322521900,-0.3422109000,0.2523208000,0.9051110000,0.0000000000,
14.93695,5283,True,1.0000000000,3.9237520000,-0.0341794500,-0.0000485077,-0.0320985100,-0.3428542000,0.2681767000,0.9002956000,True,1.0000000000,3.7251430000,0.0321251700,0.0013784180,-0.0341148100,-0.4235421000,-0.0495762600,0.9045188000,-0.0228245300,0.0001958466,-0.0324438200,-0.3594255000,0.2154112000,0.9079710000,0.0000000000,
14.94775,5291,True,1.0000000000,3.9598690000,-0.0341789400,-0.0000248718,-0.0320896000,-0.3370234000,0.2660848000,0.9031136000,True,1.0000000000,3.7549740000,0.0321303900,0.0013644870,-0.0341124600,-0.4229034000,-0.0581063000,0.9043099000,-0.0153267100,0.0003701172,-0.0326647100,-0.3656477000,0.1759345000,0.9139742000,0.0000000000,
14.94775,5299,True,1.0000000000,3.9345860000,-0.0342293100,0.0000228729,-0.0320737900,-0.3274550000,0.2612773000,0.9080238000,True,1.0000000000,3.7910460000,0.0317856300,0.0012545470,-0.0340725700,-0.3349199000,-0.0383611400,0.9414654000,-0.0145552800,0.0003899384,-0.0326694800,-0.3328570000,0.1736307000,0.9268542000,0.0000000000,
14.95887,5308,True,1.0000000000,3.9365690000,-0.0343078000,0.0001204224,-0.0320707400,-0.3366570000,0.2624835000,0.9043033000,True,1.0000000000,3.6424410000,0.0316366300,0.0011944580,-0.0341819600,-0.3098936000,0.0095826090,0.9507229000,-0.0112844100,0.0004954071,-0.0328078500,-0.3298376000,0.1755238000,0.9275767000,0.0000000000,
14.97014,5316,True,1.0000000000,4.0005040000,-0.0345142100,0.0002252808,-0.0320987600,-0.3493091000,0.2630195000,0.8993353000,True,1.0000000000,3.6581570000,0.0314155900,0.0013311310,-0.0341789700,-0.3256118000,0.0127717800,0.9454172000,-0.0079683070,0.0006705475,-0.0329363300,-0.3424730000,0.1635460000,0.9251838000,0.0000000000,
14.98114,5324,True,1.0000000000,4.0635990000,-0.0347839500,0.0003920136,-0.0322225200,-0.4179284000,0.2896613000,0.8610646000,True,1.0000000000,3.7550810000,0.0310923600,0.0015041050,-0.0342584300,-0.3809547000,0.0278933400,0.9241729000,-0.0071435400,0.0008586274,-0.0330767400,-0.4060857000,0.1814591000,0.8956378000,0.0000000000,
14.98114,5333,True,1.0000000000,4.1125340000,-0.0350689000,0.0005652314,-0.0323193200,-0.4383559000,0.2980814000,0.8479337000,True,1.0000000000,3.7644040000,0.0312334800,0.0020093230,-0.0342099000,-0.5219191000,-0.0314793300,0.8524140000,-0.0075174570,0.0011653140,-0.0331049400,-0.4798665000,0.1634396000,0.8619835000,0.0000000000,
14.99245,5341,True,1.0000000000,4.0927280000,-0.0352422500,0.0007471619,-0.0323778500,-0.4559681000,0.3003267000,0.8377929000,True,1.0000000000,-1.0000000000,0.0314064700,0.0011334690,-0.0345698600,0.0000000000,0.0000000000,0.0000000000,-0.0352422500,0.0007471619,-0.0323778500,-0.4559681000,0.3003267000,0.8377929000,0.0000000000,
14.99245,5349,True,1.0000000000,4.1141200000,-0.0353570600,0.0008450623,-0.0323729300,-0.4456816000,0.2791308000,0.8505610000,True,1.0000000000,3.7097170000,0.0305464800,0.0019660490,-0.0343282600,-0.4039811000,0.0400547800,0.9138899000,0.0019926760,0.0014803620,-0.0334810800,-0.4253427000,0.1447615000,0.8933799000,0.0000000000,
15.00357,5358,True,1.0000000000,4.1235810000,-0.0354363900,0.0009075013,-0.0324001200,-0.4417464000,0.2846709000,0.8507777000,True,1.0000000000,3.7798920000,0.0309643000,0.0023264920,-0.0342137900,-0.5119215000,-0.0386661000,0.8581616000,0.0077687840,0.0018308110,-0.0335802300,-0.4935955000,0.0752264800,0.8664320000,0.0000000000,
15.01466,5366,True,1.0000000000,4.0970000000,-0.0355070700,0.0009638825,-0.0323969800,-0.4298453000,0.2754092000,0.8598737000,True,1.0000000000,3.7202150000,0.0309407800,0.0023884740,-0.0342054800,-0.5099084000,-0.0464787700,0.8589722000,0.0121557800,0.0019857330,-0.0336942000,-0.4928004000,0.0450136600,0.8689773000,0.0000000000,
15.0257,5374,True,1.0000000000,4.1509550000,-0.0355550200,0.0010221560,-0.0323992000,-0.4314939000,0.2643011000,0.8625300000,True,1.0000000000,3.9368290000,0.0312841800,0.0013228300,-0.0345569900,-0.5779645000,0.2794225000,0.7667334000,-0.0048712320,0.0011601870,-0.0333897700,-0.5006580000,0.2722941000,0.8217040000,0.0000000000,
15.03679,5383,True,1.0000000000,4.0483090000,-0.0355968000,0.0010713810,-0.0324424300,-0.4354733000,0.2830065000,0.8545586000,True,1.0000000000,3.8771210000,0.0312395000,0.0013700410,-0.0345550700,-0.5748058000,0.2730137000,0.7714025000,-0.0179628200,0.0011501770,-0.0329998300,-0.4734520000,0.2810835000,0.8347666000,0.0000000000,
15.03679,5391,True,1.0000000000,4.0541690000,-0.0356310500,0.0010928500,-0.0324280600,-0.4309142000,0.2669257000,0.8620114000,True,1.0000000000,3.9016110000,0.0312163600,0.0014099580,-0.0345530000,-0.5729094000,0.2736067000,0.7726022000,-0.0295474700,0.0011217040,-0.0326214500,-0.4443583000,0.2678418000,0.8548722000,0.0000000000,
15.04937,5399,True,1.0000000000,4.1602480000,-0.0356415600,0.0011017610,-0.0324140300,-0.4265065000,0.2596637000,0.8664104000,True,1.0000000000,3.8816070000,0.0312117000,0.0014267580,-0.0345422200,-0.5665810000,0.2710604000,0.7781467000,-0.0328202800,0.0011154790,-0.0325038500,-0.4326530000,0.2602876000,0.8631696000,0.0000000000,
15.05913,5408,True,1.0000000000,4.1683040000,-0.0356464600,0.0010802160,-0.0324035800,-0.4171932000,0.2598741000,0.8708704000,True,1.0000000000,3.9426730000,0.0312194100,0.0014243010,-0.0345382100,-0.5680926000,0.2664069000,0.7786515000,-0.0332236200,0.0010926820,-0.0324809300,-0.4228866000,0.2602567000,0.8680055000,0.0000000000,
15.07009,5416,True,1.0000000000,4.0646210000,-0.0356289100,0.0010430450,-0.0323788400,-0.4105404000,0.2519853000,0.8763332000,True,1.0000000000,3.8628690000,0.0312344700,0.0014019010,-0.0345303400,-0.5596226000,0.2649872000,0.7852416000,-0.0310894500,0.0010674130,-0.0325249200,-0.4210702000,0.2531152000,0.8709952000,0.0000000000,
15.08111,5424,True,1.0000000000,4.1707460000,-0.0356008100,0.0010176850,-0.0323891500,-0.4155762000,0.2639637000,0.8704135000,True,1.0000000000,3.9285580000,0.0312590200,0.0013735510,-0.0345172000,-0.5553623000,0.2553574000,0.7914325000,-0.0306879000,0.0010438230,-0.0325455200,-0.4262291000,0.2635684000,0.8653673000,0.0000000000,
15.08111,5433,True,1.0000000000,4.1452330000,-0.0355727300,0.0009638825,-0.0323397100,-0.4010352000,0.2470573000,0.8821188000,True,1.0000000000,3.7298430000,0.0308858700,0.0024982000,-0.0341630700,-0.4709383000,-0.0613259000,0.8800319000,-0.0335506200,0.0010105590,-0.0323951900,-0.4037669000,0.2380242000,0.8833554000,0.0000000000,
15.09247,5441,True,1.0000000000,3.9962920000,-0.0355425900,0.0009559785,-0.0323406100,-0.4044361000,0.2507488000,0.8795207000,True,1.0000000000,3.8594670000,0.0313204800,0.0013538970,-0.0345032500,-0.5452482000,0.2695037000,0.7937708000,-0.0282795000,0.0009992066,-0.0325755300,-0.4202955000,0.2531173000,0.8713686000,0.0000000000,
15.10341,5449,True,1.0000000000,4.0412450000,-0.0355057400,0.0009705658,-0.0323335600,-0.4039489000,0.2557544000,0.8783023000,True,1.0000000000,3.8999940000,0.0313527100,0.0013599090,-0.0344803200,-0.5393713000,0.2593401000,0.8011376000,-0.0146213700,0.0010921780,-0.0330041300,-0.4474206000,0.2575545000,0.8564347000,0.0000000000,
15.11621,5458,True,1.0000000000,4.0634610000,-0.0354824800,0.0009939423,-0.0323154100,-0.3938361000,0.2563673000,0.8827055000,True,1.0000000000,3.9367980000,0.0313771500,0.0013947910,-0.0344763800,-0.5411447000,0.2639652000,0.7984264000,-0.0126190500,0.0011310270,-0.0330543900,-0.4456552000,0.2598155000,0.8566723000,0.0000000000,
15.12553,5466,True,1.0000000000,4.0772400000,-0.0354790500,0.0010146790,-0.0323038400,-0.3842489000,0.2574171000,0.8866167000,True,1.0000000000,3.7646030000,0.0313953400,0.0014463040,-0.0344574700,-0.5348556000,0.2532980000,0.8060828000,-0.0118558700,0.0011671450,-0.0330646100,-0.4389099000,0.2568090000,0.8610501000,0.0000000000,
15.12553,5474,True,1.0000000000,4.1348570000,-0.0354742600,0.0010568240,-0.0323104700,-0.3800853000,0.2670775000,0.8855534000,True,1.0000000000,3.8501890000,0.0314072100,0.0014958650,-0.0344619000,-0.5387951000,0.2639653000,0.8000138000,-0.0117643700,0.0012124630,-0.0330731700,-0.4379804000,0.2669723000,0.8584282000,0.0000000000,
15.14035,5483,True,1.0000000000,4.0492400000,-0.0354588300,0.0010910190,-0.0322951100,-0.3759160000,0.2607120000,0.8892224000,True,1.0000000000,3.9902190000,0.0314131900,0.0015181890,-0.0344560900,-0.5357883000,0.2675661000,0.8008366000,-0.0116021100,0.0012434080,-0.0330660400,-0.4346205000,0.2641628000,0.8610011000,0.0000000000,
15.1481,5491,True,1.0000000000,4.0434880000,-0.0354481800,0.0010957490,-0.0323013200,-0.3818406000,0.2611116000,0.8865769000,True,1.0000000000,3.9038240000,0.0314257500,0.0015291750,-0.0344425200,-0.5324612000,0.2591428000,0.8058102000,-0.0121036500,0.0012470550,-0.0330487700,-0.4358712000,0.2612939000,0.8612443000,0.0000000000,
15.2034,5499,True,1.0000000000,4.1181640000,-0.0354370600,0.0010602260,-0.0322760000,-0.3670208000,0.2580270000,0.8937101000,True,1.0000000000,3.9218440000,0.0314420500,0.0015170290,-0.0344330000,-0.5293631000,0.2551447000,0.8091205000,-0.0117146000,0.0012222600,-0.0330410900,-0.4262410000,0.2579968000,0.8670388000,0.0000000000,
15.2034,5508,True,1.0000000000,4.1159060000,-0.0354247300,0.0010257420,-0.0322748400,-0.3680787000,0.2605329000,0.8925473000,True,1.0000000000,3.9444890000,0.0314634600,0.0014711920,-0.0344299500,-0.5260504000,0.2626666000,0.8088741000,-0.0118540000,0.0011827090,-0.0330342900,-0.4253006000,0.2622423000,0.8662266000,0.0000000000,
15.21439,5549,True,1.0000000000,4.0490880000,-0.0354351500,0.0008417664,-0.0322466900,-0.3600352000,0.2483091000,0.8992870000,True,1.0000000000,4.0244140000,0.0314613500,0.0013774870,-0.0344267500,-0.5153603000,0.2635854000,0.8154302000,-0.0012661590,0.0011154020,-0.0333602000,-0.4411036000,0.2571121000,0.8598377000,0.0000000000,
15.21439,5558,True,1.0000000000,4.1062320000,-0.0354485700,0.0008273316,-0.0322432600,-0.3605402000,0.2428016000,0.9005876000,True,1.0000000000,4.0135800000,0.0314548900,0.0013886410,-0.0344188800,-0.5114813000,0.2599674000,0.8190262000,-0.0006731263,0.0011190950,-0.0333741200,-0.4406310000,0.2526720000,0.8613949000,0.0000000000,
15.22574,5566,True,1.0000000000,4.2493440000,-0.0354552600,0.0008146363,-0.0322351100,-0.3565566000,0.2394897000,0.9030570000,True,1.0000000000,3.9893950000,0.0314520400,0.0014050600,-0.0344088200,-0.5117410000,0.2573735000,0.8196829000,0.0001955109,0.0011292420,-0.0333933400,-0.4409672000,0.2499867000,0.8620062000,0.0000000000,
15.22574,5574,True,1.0000000000,4.2022860000,-0.0354579000,0.0008126221,-0.0322355100,-0.3555641000,0.2397639000,0.9033756000,True,1.0000000000,3.9928130000,0.0314497500,0.0014176180,-0.0343980400,-0.5087207000,0.2552682000,0.8222174000,0.0011787570,0.0011439060,-0.0334196500,-0.4410890000,0.2491931000,0.8621736000,0.0000000000,
15.23855,5583,True,1.0000000000,4.1838230000,-0.0354605600,0.0008120880,-0.0322359000,-0.3552277000,0.2400381000,0.9034351000,True,1.0000000000,4.0192870000,0.0314488500,0.0014376070,-0.0343903700,-0.5110641000,0.2522742000,0.8216881000,0.0018169250,0.0011605840,-0.0334362200,-0.4437616000,0.2478058000,0.8612015000,0.0000000000,
15.2478,5591,True,1.0000000000,4.2108310000,-0.0354623700,0.0008127899,-0.0322362500,-0.3543417000,0.2407241000,0.9036005000,True,1.0000000000,3.9930270000,0.0314551700,0.0014600070,-0.0343677400,-0.5082753000,0.2426019000,0.8263174000,0.0017729490,0.0011729130,-0.0334222900,-0.4416251000,0.2426481000,0.8637645000,0.0000000000,
15.25896,5599,True,1.0000000000,4.1836700000,-0.0354642000,0.0008134766,-0.0322366100,-0.3542539000,0.2408182000,0.9036099000,True,1.0000000000,3.9931030000,0.0314543300,0.0014547730,-0.0343682600,-0.5075601000,0.2443424000,0.8262443000,-0.0006192932,0.0011474000,-0.0333465700,-0.4356874000,0.2435473000,0.8665225000,0.0000000000,
15.25896,5608,True,1.0000000000,4.1691440000,-0.0354646500,0.0008140564,-0.0322363300,-0.3542656000,0.2404343000,0.9037076000,True,1.0000000000,3.9910430000,0.0314541600,0.0014561000,-0.0343677400,-0.5070868000,0.2435182000,0.8267779000,-0.0060414740,0.0010963590,-0.0331734800,-0.4229789000,0.2426635000,0.8730425000,0.0000000000,
15.27044,5616,True,1.0000000000,4.1567080000,-0.0354642000,0.0008146363,-0.0322360500,-0.3543130000,0.2401760000,0.9037576000,True,1.0000000000,3.9924010000,0.0314546700,0.0014580540,-0.0343648100,-0.5075439000,0.2432433000,0.8265784000,-0.0067555090,0.0010906680,-0.0331492900,-0.4215737000,0.2423728000,0.8738026000,0.0000000000,
15.28135,5624,True,1.0000000000,4.1562810000,-0.0354629700,0.0008149109,-0.0322359800,-0.3542994000,0.2404671000,0.9036855000,True,1.0000000000,3.9912110000,0.0314551700,0.0014600070,-0.0343618700,-0.5073635000,0.2428783000,0.8267965000,-0.0073347780,0.0010860750,-0.0331295700,-0.4201439000,0.2423449000,0.8744987000,0.0000000000,
15.28135,5633,True,1.0000000000,4.1557160000,-0.0354617300,0.0008151856,-0.0322359000,-0.3542698000,0.2407881000,0.9036116000,True,1.0000000000,3.9935760000,0.0314554200,0.0014609680,-0.0343594800,-0.5069592000,0.2449499000,0.8264332000,-0.0052245330,0.0011069950,-0.0331954700,-0.4248074000,0.2435471000,0.8719079000,0.0000000000,
15.29222,5641,True,1.0000000000,4.1554410000,-0.0354611400,0.0008171998,-0.0322355100,-0.3524676000,0.2407565000,0.9043245000,True,1.0000000000,4.0627590000,0.0314589300,0.0014707800,-0.0343381800,-0.4968658000,0.2401472000,0.8339387000,-0.0047721250,0.0011169280,-0.0331997700,-0.4200314000,0.2412583000,0.8748531000,0.0000000000,
15.30332,5649,True,1.0000000000,4.1532900000,-0.0354605600,0.0008192139,-0.0322351100,-0.3506507000,0.2407252000,0.9050389000,True,1.0000000000,4.1113130000,0.0314717300,0.0014743650,-0.0343360500,-0.4932146000,0.2444787000,0.8348470000,-0.0042109990,0.0011250920,-0.0332160000,-0.4185233000,0.2432434000,0.8750262000,0.0000000000,
15.33683,5658,True,1.0000000000,4.1527100000,-0.0354599600,0.0008226929,-0.0322343300,-0.3495354000,0.2400071000,0.9056609000,True,1.0000000000,4.0769500000,0.0314970400,0.0014705660,-0.0343335600,-0.4962943000,0.2450267000,0.8328589000,-0.0042841950,0.0011243440,-0.0332117500,-0.4192722000,0.2431525000,0.8746929000,0.0000000000,
15.37014,5674,True,1.0000000000,4.1906130000,-0.0354040700,0.0008284607,-0.0322134400,-0.3331625000,0.2509324000,0.9088650000,True,1.0000000000,4.1225890000,0.0315364400,0.0014687200,-0.0343280800,-0.4960989000,0.2517879000,0.8309565000,-0.0039190980,0.0011296080,-0.0332080400,-0.4114722000,0.2523674000,0.8757861000,0.0000000000,
15.45032,5691,True,1.0000000000,4.0941310000,-0.0353791800,0.0008190155,-0.0321981800,-0.3228182000,0.2529170000,0.9120424000,True,1.0000000000,4.1491390000,0.0315812200,0.0014672240,-0.0343033100,-0.4972724000,0.2425555000,0.8329988000,-0.0036473700,0.0011261900,-0.0331957900,-0.4073668000,0.2491473000,0.8786227000,0.0000000000,
15.47002,5766,True,1.0000000000,4.2180630000,-0.0352510100,0.0010780490,-0.0321683800,-0.3282515000,0.2453036000,0.9121826000,True,1.0000000000,4.0964050000,0.0317014300,0.0016626740,-0.0342836800,-0.4898589000,0.2572358000,0.8329874000,-0.0024388280,0.0013645630,-0.0332050500,-0.4091199000,0.2521828000,0.8769406000,0.0000000000,
15.5147,5808,True,1.0000000000,4.2298430000,-0.0354516800,0.0010720670,-0.0322469200,-0.3339294000,0.2569780000,0.9068922000,True,1.0000000000,4.0486760000,0.0315006300,0.0017446140,-0.0343364400,-0.4976687000,0.2583177000,0.8280084000,-0.0024946290,0.0014031220,-0.0332754700,-0.4162487000,0.2587154000,0.8716670000,0.0000000000,
15.54799,5833,True,1.0000000000,4.1787110000,-0.0355683200,0.0010626070,-0.0323003700,-0.3463506000,0.2597401000,0.9014301000,True,1.0000000000,4.1053160000,0.0313899600,0.0017592010,-0.0343624000,-0.5051618000,0.2517417000,0.8254924000,-0.0010693510,0.0014215240,-0.0333627800,-0.4298427000,0.2566239000,0.8656670000,0.0000000000,
15.70331,5883,True,1.0000000000,4.3063510000,-0.0356462400,0.0010145420,-0.0323050200,-0.3488792000,0.2451646000,0.9045317000,True,1.0000000000,4.0946350000,0.0313047700,0.0017160190,-0.0343892100,-0.5129121000,0.2513443000,0.8208211000,-0.0002674256,0.0013852230,-0.0334063700,-0.4374109000,0.2494979000,0.8639575000,0.0000000000,
15.78098,5966,True,1.0000000000,4.0742950000,-0.0344331500,0.0007737732,-0.0317952000,-0.1748831000,0.1947045000,0.9651456000,True,1.0000000000,4.0811770000,0.0322486100,0.0013699190,-0.0340186800,-0.3506793000,0.1964732000,0.9156541000,0.0087235570,0.0011595920,-0.0332342400,-0.2897681000,0.1965967000,0.9366879000,0.0000000000,
15.83673,6058,True,1.0000000000,3.9646760000,-0.0336866000,0.0009670106,-0.0315705700,-0.0575870300,0.1363229000,0.9889893000,True,1.0000000000,3.9848790000,0.0330126800,0.0015159760,-0.0337659800,-0.2409836000,0.1415567000,0.9601503000,0.0168358300,0.0013828430,-0.0332335200,-0.1971301000,0.1407331000,0.9702236000,0.0000000000,
15.88288,6191,True,1.0000000000,3.7778630000,-0.0334616600,0.0018063970,-0.0315518200,-0.0856945100,0.0649880500,0.9941997000,True,1.0000000000,4.1013640000,0.0334281600,0.0023899230,-0.0356288900,-0.2488728000,0.1687178000,0.9537278000,0.0050774850,0.0021425930,-0.0339008600,-0.1805754000,0.1253529000,0.9755404000,0.0000000000,
15.96964,6216,True,1.0000000000,-1.0000000000,-0.0334616600,0.0018063970,-0.0315518200,0.0000000000,0.0000000000,0.0000000000,True,1.0000000000,4.3963930000,0.0348538200,-0.0004035187,-0.0342714300,0.0534825700,-0.0733039400,0.9958745000,0.0348538200,-0.0004035187,-0.0342714300,0.0534825700,-0.0733039400,0.9958745000,0.0000000000,
16.09189,6274,True,0.9168320000,-1.0000000000,-0.0334616600,0.0018063970,-0.0315518200,0.0000000000,0.0000000000,0.0000000000,True,0.9168320000,4.4005130000,0.0351106400,0.0000534210,-0.0342665900,0.2021971000,0.0291447000,0.9789111000,0.0351106400,0.0000534210,-0.0342665900,0.2021971000,0.0291447000,0.9789111000,0.0000000000,
16.22529,6349,True,0.3047778000,4.6214450000,-0.0365202100,-0.0007472229,-0.0327829300,-0.5539472000,-0.0685739100,0.8297229000,True,0.3047778000,4.4760590000,0.0361382900,0.0023164220,-0.0346822100,0.3952218000,0.1677110000,0.9031460000,-0.0325774800,-0.0005809784,-0.0328859900,-0.5153267000,-0.0571907000,0.8550834000,0.0000000000,
16.33195,6516,True,0.2185947000,3.1450500000,-0.0337979800,0.0013630370,-0.0315740400,0.1160294000,0.0993513500,0.9882644000,True,0.2185947000,4.0512240000,0.0327700200,0.0022299960,-0.0339484100,-0.1543755000,0.1114671000,0.9817042000,-0.0238326900,0.0014928280,-0.0319294700,0.0758979000,0.1016397000,0.9919218000,0.0000000000,
16.38084,6649,True,0.9554098000,-1.0000000000,-0.0337979800,0.0013630370,-0.0315740400,0.0000000000,0.0000000000,0.0000000000,True,0.9554098000,4.3522640000,0.0347677900,0.0018328860,-0.0341160900,0.1059129000,0.2038758000,0.9732508000,0.0347677900,0.0018328860,-0.0341160900,0.1059129000,0.2038758000,0.9732508000,0.0000000000,
16.44825,6732,True,1.0000000000,-1.0000000000,-0.0337979800,0.0013630370,-0.0315740400,0.0000000000,0.0000000000,0.0000000000,True,1.0000000000,4.3047180000,0.0345936000,0.0004826508,-0.0340873900,0.0689396300,0.1945050000,0.9784759000,0.0345936000,0.0004826508,-0.0340873900,0.0689396300,0.1945050000,0.9784759000,0.0000000000,
16.51429,6774,True,1.0000000000,4.0783230000,-0.0308582000,0.0007826233,-0.0320361000,0.4690601000,0.1435409000,0.8714233000,True,1.0000000000,4.3151400000,0.0354830700,0.0002300263,-0.0344887700,0.3119230000,0.1601272000,0.9365166000,0.0352258800,0.0002321625,-0.0344792500,0.3125479000,0.1600810000,0.9363161000,0.0000000000,
16.58087,6832,True,1.0000000000,3.9281770000,-0.0320952000,0.0007292175,-0.0316835500,0.3683817000,0.1214918000,0.9217021000,True,1.0000000000,4.1533510000,0.0344650100,0.0010938260,-0.0340897100,0.2029448000,0.1400014000,0.9691300000,0.0344597300,0.0010937960,-0.0340895200,0.2029594000,0.1400010000,0.9691270000,0.0000000000,
16.59188,6891,True,1.0000000000,3.9700160000,-0.0329199700,0.0008937683,-0.0314678700,0.2611118000,0.1213242000,0.9576539000,True,1.0000000000,4.1281130000,0.0336829200,0.0015139470,-0.0332392900,0.0915840600,0.1427472000,0.9855129000,0.0336821600,0.0015139470,-0.0332392600,0.0915840600,0.1427472000,0.9855129000,0.0000000000,
16.65309,6941,True,1.0000000000,3.8859710000,-0.0333770500,0.0011354220,-0.0314980200,0.1947031000,0.1462409000,0.9698991000,True,1.0000000000,3.9849090000,0.0332610500,0.0016689000,-0.0331549200,0.0183107100,0.1474470000,0.9889004000,0.0332606100,0.0016688840,-0.0331549100,0.0183259600,0.1474470000,0.9889001000,0.0000000000,
16.69165,6974,True,1.0000000000,3.9013060000,-0.0334289000,0.0011276250,-0.0314352900,0.1659399000,0.1415410000,0.9759253000,True,1.0000000000,3.9550020000,0.0332064700,0.0017707220,-0.0337243000,-0.0113831200,0.1378181000,0.9903921000,0.0332063100,0.0017707060,-0.0337243000,-0.0113831200,0.1378181000,0.9903921000,0.0000000000,
16.73601,7007,True,1.0000000000,3.9441530000,-0.0332186900,0.0009010315,-0.0310642100,0.1601422000,0.1353159000,0.9777750000,True,1.0000000000,4.0504460000,0.0334218400,0.0013860780,-0.0330082000,-0.0208283800,0.1526651000,0.9880585000,0.0334184900,0.0013860630,-0.0330081000,-0.0208131200,0.1526652000,0.9880588000,0.0000000000,
16.75416,7082,True,1.0000000000,3.8317720000,-0.0328855600,0.0013644260,-0.0315331400,0.2101143000,0.1284947000,0.9691961000,True,1.0000000000,3.9382020000,0.0337583800,0.0020310210,-0.0337890900,0.0209351900,0.1594096000,0.9869906000,0.0337219600,0.0020306700,-0.0337878600,0.0210420100,0.1593944000,0.9869907000,0.0000000000,
16.76919,7099,True,1.0000000000,3.9120030000,-0.0329064200,0.0014111480,-0.0315213000,0.2056754000,0.1265120000,0.9704084000,True,1.0000000000,3.9236150000,0.0337569200,0.0020816650,-0.0337786900,0.0200961100,0.1523154000,0.9881276000,0.0337383600,0.0020814820,-0.0337780600,0.0201418700,0.1523153000,0.9881267000,0.0000000000,
16.78085,7107,True,1.0000000000,3.8722380000,-0.0329127200,0.0014044340,-0.0315215300,0.2059961000,0.1296860000,0.9699212000,True,1.0000000000,3.9235230000,0.0337517100,0.0020784610,-0.0337687500,0.0152284900,0.1503928000,0.9885090000,-0.0328262000,0.0014053190,-0.0315244500,0.2057670000,0.1297164000,0.9699658000,0.0000000000,
16.79192,7124,True,1.0000000000,3.9714970000,-0.0329383700,0.0013625030,-0.0315217000,0.1953297000,0.1286024000,0.9722694000,True,1.0000000000,3.9293520000,0.0337273900,0.0020643010,-0.0337482900,0.0055084520,0.1417396000,0.9898887000,-0.0327965500,0.0013639990,-0.0315264300,0.1949329000,0.1286328000,0.9723450000,0.0000000000,
16.79192,7132,True,1.0000000000,3.9411010000,-0.0329489700,0.0013422550,-0.0315137700,0.1950560000,0.1247730000,0.9728231000,True,1.0000000000,3.9903110000,0.0337162800,0.0020664520,-0.0337551800,0.0171815100,0.1417551000,0.9897527000,-0.0327801800,0.0013440860,-0.0315194400,0.1946114000,0.1248327000,0.9729045000,0.0000000000,
16.80291,7141,True,1.0000000000,3.8119960000,-0.0329587600,0.0013273930,-0.0314996100,0.1915156000,0.1244371000,0.9735693000,True,1.0000000000,3.9254760000,0.0337031000,0.0020695040,-0.0337369000,0.0076294970,0.1395435000,0.9901866000,-0.0326999500,0.0013302770,-0.0315082900,0.1908123000,0.1244972000,0.9736997000,0.0000000000,
16.80291,7149,True,1.0000000000,3.8694760000,-0.0329529100,0.0013404850,-0.0315480700,0.1893644000,0.1230487000,0.9741663000,True,1.0000000000,3.8459010000,0.0337008700,0.0020811460,-0.0337357500,0.0065308120,0.1417858000,0.9898759000,-0.0317287300,0.0013540960,-0.0315882400,0.1860670000,0.1234292000,0.9747534000,0.0000000000,
16.814,7157,True,1.0000000000,3.8789520000,-0.0329508200,0.0013466190,-0.0315537300,0.1861740000,0.1227732000,0.9748158000,True,1.0000000000,3.9005130000,0.0337094600,0.0021050110,-0.0337301900,-0.0034942720,0.1399997000,0.9901454000,-0.0191353300,0.0015037990,-0.0320048100,0.1473102000,0.1267258000,0.9809385000,0.0000000000,
16.82518,7166,True,1.0000000000,3.8474580000,-0.0329337900,0.0013671260,-0.0315668100,0.1889507000,0.1262520000,0.9738368000,True,1.0000000000,3.9734650000,0.0337311000,0.0021286160,-0.0337249300,0.0028228990,0.1394359000,0.9902271000,-0.0204415100,0.0015098110,-0.0319712200,0.1544811000,0.1290598000,0.9795300000,0.0000000000,
16.83619,7174,True,1.0000000000,3.8113860000,-0.0329060500,0.0013878630,-0.0315504500,0.1820703000,0.1201340000,0.9759192000,True,1.0000000000,3.9474950000,0.0337646000,0.0021482240,-0.0337107400,0.0010223530,0.1387654000,0.9903248000,-0.0001670685,0.0017612460,-0.0326112700,0.0935523600,0.1298228000,0.9871140000,0.0000000000,
16.85872,7191,True,1.0000000000,3.9248500000,-0.0328176300,0.0014057770,-0.0314978800,0.1898681000,0.1201801000,0.9744264000,True,1.0000000000,3.9564970000,0.0338591000,0.0021692510,-0.0337350800,-0.0043487900,0.1306621000,0.9914174000,0.0013891600,0.0017974550,-0.0326456200,0.0906529400,0.1261603000,0.9878591000,0.0000000000,
16.86957,7199,True,1.0000000000,3.8604890000,-0.0327724600,0.0014148710,-0.0314835000,0.1820078000,0.1172797000,0.9762779000,True,1.0000000000,4.0078280000,0.0339189900,0.0021481480,-0.0337406600,-0.0084686410,0.1436312000,0.9895951000,0.0030498350,0.0018087310,-0.0326959100,0.0800639100,0.1320513000,0.9880041000,0.0000000000,
16.88059,7216,True,1.0000000000,3.9312440000,-0.0326707300,0.0014137120,-0.0314931800,0.1797049000,0.1234145000,0.9759483000,True,1.0000000000,3.9159550000,0.0340175300,0.0020791470,-0.0337013400,-0.0261688800,0.1373599000,0.9901755000,0.0036160590,0.0017757870,-0.0326947000,0.0680399300,0.1317005000,0.9889517000,0.0000000000,
16.88059,7224,True,1.0000000000,3.9342350000,-0.0326354700,0.0014008030,-0.0314675900,0.1780417000,0.1201034000,0.9766659000,True,1.0000000000,3.8706360000,0.0340519700,0.0020392150,-0.0336389600,-0.0234070200,0.1356509000,0.9904802000,0.0025746000,0.0017378690,-0.0326140400,0.0720378300,0.1289692000,0.9890286000,0.0000000000,
16.892,7232,True,1.0000000000,3.8696900000,-0.0325951400,0.0014054870,-0.0314685500,0.1672384000,0.1252152000,0.9779328000,True,1.0000000000,3.9194640000,0.0340771000,0.0020290680,-0.0336509700,-0.0182955000,0.1374680000,0.9903372000,0.0021935430,0.0017308660,-0.0326073000,0.0707249900,0.1321726000,0.9887004000,0.0000000000,
16.90269,7241,True,1.0000000000,3.8370510000,-0.0325604900,0.0014063870,-0.0314484700,0.1637133000,0.1181195000,0.9794109000,True,1.0000000000,3.8497310000,0.0341197700,0.0019967040,-0.0336070900,-0.0281526200,0.1316535000,0.9908959000,0.0003002167,0.0016973120,-0.0325122700,0.0694736300,0.1253669000,0.9896750000,0.0000000000,
16.90269,7249,True,1.0000000000,3.8583220000,-0.0325399900,0.0014010470,-0.0313899900,0.1541458000,0.1182110000,0.9809512000,True,1.0000000000,3.9684750000,0.0341584000,0.0019956510,-0.0336687200,-0.0209809900,0.1409160000,0.9897993000,0.0002126465,0.0016930390,-0.0325089700,0.0684053300,0.1298679000,0.9891689000,0.0000000000,
16.91409,7257,True,1.0000000000,3.8242650000,-0.0324329700,0.0014201970,-0.0314853800,0.1661403000,0.1181049000,0.9790039000,True,1.0000000000,3.9776460000,0.0342748900,0.0019759520,-0.0338072400,-0.0130464000,0.1370863000,0.9904732000,-0.0027992100,0.0016670690,-0.0325168300,0.0868849900,0.1270468000,0.9880841000,0.0000000000,
16.92509,7266,True,1.0000000000,3.6470340000,-0.0320889600,0.0012939910,-0.0315259100,0.2167682000,0.0969399100,0.9713981000,True,1.0000000000,3.8398130000,0.0344897800,0.0018165280,-0.0338035700,0.0301819900,0.1131291000,0.9931218000,-0.0059342960,0.0014992680,-0.0324206700,0.1440903000,0.1037457000,0.9841112000,0.0000000000,
16.93609,7274,True,1.0000000000,3.9494480000,-0.0316299800,0.0011972350,-0.0316305200,0.3243746000,0.0485692100,0.9446810000,True,1.0000000000,4.0422670000,0.0347403700,0.0016820830,-0.0338509800,0.1278241000,0.0755317400,0.9889165000,-0.0083958750,0.0013669740,-0.0324078400,0.2567763000,0.0582888800,0.9647115000,0.0000000000,
16.93609,7282,True,1.0000000000,3.8279110000,-0.0312410100,0.0010837860,-0.0317145000,0.3653907000,0.0237429200,0.9305514000,True,1.0000000000,4.1419220000,0.0350172100,0.0015843200,-0.0339283900,0.1867842000,0.0522617300,0.9810099000,-0.0060305030,0.0012742310,-0.0325568500,0.2986761000,0.0347443300,0.9537219000,0.0000000000,
16.93609,7291,True,1.0000000000,3.8890380000,-0.0309199200,0.0010058440,-0.0318302200,0.4093212000,0.0196077400,0.9121796000,True,1.0000000000,4.0571750000,0.0352900300,0.0014783940,-0.0340234700,0.2359803000,0.0408483100,0.9708989000,0.0119998500,0.0013121640,-0.0332519700,0.2981136000,0.0335086000,0.9539421000,0.0000000000,
16.97032,7299,True,1.0000000000,3.8481290000,-0.0306492600,0.0009154816,-0.0319397400,0.4518642000,-0.0013275310,0.8920857000,True,1.0000000000,4.1685030000,0.0355334800,0.0013752440,-0.0341131500,0.2852060000,0.0079499410,0.9584333000,0.0140952800,0.0012263180,-0.0334091400,0.3403957000,0.0049591450,0.9402692000,0.0000000000,
16.98074,7324,True,1.0000000000,3.8542630000,-0.0304831200,0.0008200837,-0.0320093300,0.4644983000,-0.0027771330,0.8855696000,True,1.0000000000,4.1480100000,0.0358784200,0.0012858890,-0.0342570800,0.3173234000,0.0127411500,0.9482318000,0.0122494700,0.0011200410,-0.0334567400,0.3708231000,0.0072327450,0.9286754000,0.0000000000,
16.98074,7332,True,1.0000000000,3.8045960000,-0.0305609300,0.0008086853,-0.0319833400,0.4604397000,-0.0000457769,0.8876910000,True,1.0000000000,4.2797390000,0.0358182100,0.0012918400,-0.0342251900,0.3066135000,0.0103760900,0.9517775000,0.0122170700,0.0011200560,-0.0334281000,0.3624624000,0.0066987040,0.9319744000,0.0000000000,
16.99195,7341,True,1.0000000000,3.9257660000,-0.0306330900,0.0008121796,-0.0319614100,0.4642096000,-0.0011749440,0.8857245000,True,1.0000000000,4.0709080000,0.0357700800,0.0013088070,-0.0341939700,0.2901955000,0.0093385030,0.9569218000,0.0139017000,0.0011452640,-0.0334587300,0.3488639000,0.0058899290,0.9371549000,0.0000000000,
17.00324,7349,True,1.0000000000,3.8999790000,-0.0307211600,0.0008164673,-0.0319250500,0.4490992000,0.0049591340,0.8934681000,True,1.0000000000,4.1546330000,0.0357039600,0.0013621980,-0.0341688400,0.2859678000,0.0175630400,0.9580783000,0.0100594500,0.0011515050,-0.0333025800,0.3502236000,0.0127412300,0.9365795000,0.0000000000,
17.01401,7357,True,1.0000000000,3.9110110000,-0.0308131700,0.0008641358,-0.0318834400,0.4390770000,-0.0012359770,0.8984485000,True,1.0000000000,4.1761320000,0.0356484500,0.0014099270,-0.0341287900,0.2693509000,0.0173799400,0.9628853000,-0.0065117650,0.0010637060,-0.0327044400,0.3784826000,0.0055847690,0.9255916000,0.0000000000,
17.03806,7366,True,1.0000000000,3.8551030000,-0.0309182400,0.0009110260,-0.0318578700,0.4308230000,0.0175631300,0.9022655000,True,1.0000000000,4.0648190000,0.0355549500,0.0014766850,-0.0340994000,0.2702494000,0.0224762800,0.9625280000,-0.0077204290,0.0011084290,-0.0326401100,0.3760415000,0.0193330900,0.9264011000,0.0000000000,
17.0474,7382,True,1.0000000000,3.8311160000,-0.0311365400,0.0009999238,-0.0317829100,0.4074109000,0.0243225900,0.9129210000,True,1.0000000000,4.1497650000,0.0353759500,0.0015971530,-0.0340332800,0.2370478000,0.0446934700,0.9704694000,-0.0030357510,0.0012522430,-0.0327336800,0.3367799000,0.0330508500,0.9410031000,0.0000000000,
17.05837,7399,True,1.0000000000,3.8153840000,-0.0313353100,0.0010660860,-0.0317076700,0.3696474000,0.0393680300,0.9283377000,True,1.0000000000,4.1015320000,0.0351948900,0.0016975860,-0.0339886200,0.2253440000,0.0603796200,0.9724064000,0.0036702270,0.0013983460,-0.0329078200,0.2945727000,0.0505679200,0.9542903000,0.0000000000,
17.06963,7407,True,1.0000000000,3.8182980000,-0.0314264200,0.0010864260,-0.0316912700,0.3575796000,0.0500800600,0.9325389000,True,1.0000000000,4.1637730000,0.0351001000,0.0017481840,-0.0339647100,0.2047448000,0.0813455400,0.9754294000,0.0080734100,0.0014793400,-0.0330411100,0.2676884000,0.0688638100,0.9610415000,0.0000000000,
17.08059,7416,True,1.0000000000,3.7808530000,-0.0315342600,0.0011063080,-0.0316725300,0.3491078000,0.0598300500,0.9351707000,True,1.0000000000,4.1211090000,0.0350109700,0.0017891850,-0.0339231100,0.1841613000,0.0730297300,0.9801793000,0.0067364960,0.0014990390,-0.0329668600,0.2551587000,0.0676730600,0.9645281000,0.0000000000,
17.08059,7424,True,1.0000000000,3.7769620000,-0.0316428800,0.0011494140,-0.0316571800,0.3386886000,0.0672921600,0.9384891000,True,1.0000000000,4.0414280000,0.0349179200,0.0018726200,-0.0339252500,0.1810324000,0.0967113700,0.9787105000,0.0073392190,0.0015729680,-0.0329855000,0.2471798000,0.0848092700,0.9652510000,0.0000000000,
17.10327,7432,True,1.0000000000,3.7986910000,-0.0317650600,0.0011926120,-0.0316370400,0.3221768000,0.0794837000,0.9433368000,True,1.0000000000,3.9789580000,0.0348001400,0.0019393010,-0.0338898200,0.1541455000,0.1059274000,0.9823536000,0.0068494270,0.0016257630,-0.0329438800,0.2255436000,0.0951705100,0.9695734000,0.0000000000,
17.11412,7449,True,1.0000000000,3.7537990000,-0.0318442500,0.0011717070,-0.0316072300,0.3233372000,0.0588385200,0.9444528000,True,1.0000000000,4.1347500000,0.0345926100,0.0020192870,-0.0338369600,0.1621404000,0.0991977200,0.9817690000,-0.0036165470,0.0015318300,-0.0325546000,0.2557562000,0.0762645200,0.9637284000,0.0000000000,
17.11412,7457,True,1.0000000000,3.8221130000,-0.0317242600,0.0010177160,-0.0316439800,0.3816732000,0.0158693500,0.9241611000,True,1.0000000000,4.0988620000,0.0345830200,0.0019455720,-0.0338242500,0.2019690000,0.0379798100,0.9786553000,-0.0068417510,0.0013659060,-0.0324621600,0.3155715000,0.0242770700,0.9485912000,0.0000000000,
17.12505,7466,True,1.0000000000,3.7718810000,-0.0316497700,0.0009037934,-0.0316247600,0.3675904000,-0.0326848800,0.9294133000,True,1.0000000000,4.0432430000,0.0345192900,0.0018857880,-0.0337799400,0.2079640000,-0.0102997800,0.9780823000,-0.0059766850,0.0012848050,-0.0324609500,0.3066904000,-0.0240786800,0.9515047000,0.0000000000,
17.12505,7474,True,1.0000000000,3.7536770000,-0.0316364300,0.0008273926,-0.0316495200,0.3756731000,-0.0288087300,0.9263043000,True,1.0000000000,4.1290890000,0.0344472200,0.0018362120,-0.0337627900,0.2124196000,-0.0260622500,0.9768309000,-0.0114225200,0.0011359710,-0.0322959300,0.3267539000,-0.0280458400,0.9446933000,0.0000000000,
17.13607,7482,True,1.0000000000,3.7560880000,-0.0316774600,0.0007783204,-0.0316350000,0.3889970000,-0.0626075800,0.9191091000,True,1.0000000000,4.0603790000,0.0343788800,0.0018059850,-0.0337462000,0.2250557000,-0.0451667900,0.9732984000,-0.0143479900,0.0010479280,-0.0321888600,0.3470025000,-0.0581974200,0.9360568000,0.0000000000,
17.14725,7491,True,1.0000000000,3.7817380000,-0.0318077100,0.0007964783,-0.0316168100,0.3727471000,-0.0439154300,0.9268932000,True,1.0000000000,4.1739650000,0.0343071600,0.0018702090,-0.0337168000,0.2125414000,-0.0426791800,0.9762196000,-0.0141924600,0.0010825650,-0.0321763200,0.3309644000,-0.0437013500,0.9426307000,0.0000000000,
17.16417,7499,True,1.0000000000,3.8301700000,-0.0319680600,0.0008358613,-0.0315941900,0.3558243000,-0.0337986500,0.9339415000,True,1.0000000000,4.0196690000,0.0342351900,0.0019565740,-0.0337113100,0.1772943000,-0.0153963300,0.9840374000,-0.0135837900,0.0011470800,-0.0321821200,0.3073168000,-0.0287937900,0.9511715000,0.0000000000,
17.17268,7507,True,1.0000000000,3.8286130000,-0.0321178600,0.0008591919,-0.0315943300,0.3587710000,-0.0286870300,0.9329847000,True,1.0000000000,4.0786590000,0.0341350400,0.0020328220,-0.0336934500,0.1755228000,-0.0147248100,0.9843653000,-0.0124097600,0.0012083130,-0.0322187500,0.3054229000,-0.0246279200,0.9518983000,0.0000000000,
17.18082,7516,True,1.0000000000,3.8653870000,-0.0322657900,0.0009166565,-0.0315922200,0.3503319000,-0.0271305400,0.9362326000,True,1.0000000000,4.0488130000,0.0340335700,0.0021352540,-0.0336676100,0.1803147000,-0.0227358000,0.9833462000,-0.0097289280,0.0013308870,-0.0322977000,0.2935671000,-0.0257266000,0.9555922000,0.0000000000,
17.19143,7524,True,1.0000000000,3.8385010000,-0.0323791500,0.0009962616,-0.0316686600,0.3481798000,-0.0098878310,0.9373756000,True,1.0000000000,4.0148770000,0.0339117600,0.0022427980,-0.0336406300,0.1604482000,-0.0017242650,0.9870427000,-0.0079302680,0.0014559940,-0.0323959400,0.2801697000,-0.0069123070,0.9599257000,0.0000000000,
17.19143,7532,True,1.0000000000,3.6914520000,-0.0324689300,0.0011894380,-0.0321497700,0.3239920000,-0.0040283470,0.9460512000,True,1.0000000000,4.0393830000,0.0338560800,0.0023204500,-0.0336592700,0.1539919000,0.0125122300,0.9879929000,0.0184412900,0.0020575870,-0.0333084400,0.1940483000,0.0086823550,0.9809535000,0.0000000000,
17.20261,7541,True,1.0000000000,3.7198180000,-0.0325409700,0.0014629210,-0.0329143400,0.3086278000,-0.0054474490,0.9511673000,True,1.0000000000,3.9812160000,0.0337767600,0.0024057770,-0.0336830500,0.1563582000,0.0138551000,0.9876032000,0.0337416600,0.0024052730,-0.0336826300,0.1564350000,0.0138551400,0.9875911000,0.0000000000,
17.214,7549,True,1.0000000000,3.7680510000,-0.0326232200,0.0014343420,-0.0327057200,0.3034089000,-0.0076752490,0.9528295000,True,1.0000000000,3.8816530000,0.0336911500,0.0024830630,-0.0336658200,0.1425645000,0.0172578800,0.9896351000,0.0336903600,0.0024830480,-0.0336658200,0.1425645000,0.0172578800,0.9896351000,0.0000000000,
17.214,7557,True,1.0000000000,3.8934170000,-0.0326769600,0.0014753570,-0.0327473300,0.3007082000,0.0013885650,0.9537152000,True,1.0000000000,3.9933930000,0.0336362600,0.0025491640,-0.0337714900,0.1286934000,0.0299531800,0.9912320000,0.0336362000,0.0025491640,-0.0337714900,0.1286934000,0.0299531800,0.9912320000,0.0000000000,
17.22504,7566,True,1.0000000000,3.9425350000,-0.0327362400,0.0013884890,-0.0323600300,0.3055319000,0.0095369050,0.9521341000,True,1.0000000000,4.0202480000,0.0336383700,0.0025578770,-0.0337986900,0.1178592000,0.0412140900,0.9921747000,0.0336382900,0.0025578770,-0.0337986900,0.1178592000,0.0412140900,0.9921747000,0.0000000000,
17.2363,7574,True,1.0000000000,3.9296720000,-0.0327730300,0.0013494420,-0.0321654200,0.3017763000,0.0131684800,0.9532878000,True,1.0000000000,3.9818270000,0.0336263300,0.0025968630,-0.0339084300,0.1063692000,0.0437317800,0.9933646000,0.0336256000,0.0025968480,-0.0339084200,0.1063859000,0.0437323700,0.9933627000,0.0000000000,
17.2363,7582,True,1.0000000000,3.9783020000,-0.0327782400,0.0014017030,-0.0322981600,0.2919952000,0.0173189000,0.9562629000,True,1.0000000000,3.9676360000,0.0336248700,0.0026132810,-0.0339778100,0.0991069900,0.0372013600,0.9943811000,0.0336182000,0.0026131590,-0.0339776500,0.0991221100,0.0372013100,0.9943796000,0.0000000000,
17.25556,7591,True,1.0000000000,3.9252930000,-0.0327710000,0.0014642490,-0.0324551400,0.2846238000,0.0223237300,0.9583793000,True,1.0000000000,3.9503330000,0.0336336400,0.0025590820,-0.0338657500,0.0985113200,0.0572055400,0.9934903000,0.0335873900,0.0025583190,-0.0338647800,0.0986337900,0.0571905100,0.9934791000,0.0000000000,
17.26142,7599,True,1.0000000000,3.9095610000,-0.0327568500,0.0015561830,-0.0326662800,0.2811442000,0.0288392200,0.9592321000,True,1.0000000000,3.9750670000,0.0336478100,0.0025663300,-0.0339123400,0.0911107400,0.0486910600,0.9946497000,0.0334228400,0.0025628970,-0.0339081300,0.0917672100,0.0486302100,0.9945923000,0.0000000000,
17.28164,7607,True,1.0000000000,3.8976900000,-0.0327439300,0.0015839840,-0.0326244000,0.2756507000,0.0241242100,0.9609551000,True,1.0000000000,4.0180510000,0.0336598400,0.0025565950,-0.0338747400,0.0863201800,0.0482031900,0.9951006000,0.0324031200,0.0025381780,-0.0338510900,0.0899357500,0.0477602500,0.9948018000,0.0000000000,
17.28164,7624,True,1.0000000000,3.7152560000,-0.0326739400,0.0018612370,-0.0333861100,0.2394754000,0.0388647800,0.9701242000,True,1.0000000000,4.0161130000,0.0337011100,0.0025315710,-0.0337204300,0.0887150000,0.0538027300,0.9946029000,0.0332734400,0.0025272520,-0.0337182800,0.0896923600,0.0537116600,0.9945202000,0.0000000000,
17.2915,7632,True,1.0000000000,3.7252960000,-0.0327425400,0.0013769070,-0.0316957100,0.2526888000,0.0615394900,0.9655886000,True,1.0000000000,3.9543760000,0.0337235600,0.0025373230,-0.0337207100,0.0826276500,0.0644846600,0.9944921000,0.0336732600,0.0025364530,-0.0337191600,0.0827488900,0.0644840200,0.9944820000,0.0000000000,
17.2915,7641,True,1.0000000000,3.7681430000,-0.0327622400,0.0013742220,-0.0315407400,0.2520470000,0.0536656500,0.9662258000,True,1.0000000000,3.9728700000,0.0337416600,0.0025448460,-0.0337174500,0.0770122900,0.0660105300,0.9948426000,0.0337364200,0.0025447540,-0.0337172900,0.0770122900,0.0660105300,0.9948426000,0.0000000000,
17.30273,7649,True,1.0000000000,3.7587130000,-0.0327678000,0.0013854220,-0.0315024000,0.2516059000,0.0550697800,0.9662618000,True,1.0000000000,4.0374300000,0.0337509200,0.0025503850,-0.0337138400,0.0774387700,0.0670322300,0.9947411000,0.0337497900,0.0025503690,-0.0337138100,0.0774387700,0.0670322300,0.9947411000,0.0000000000,
17.3147,7657,True,1.0000000000,3.8193210000,-0.0327649900,0.0013985900,-0.0315427700,0.2602854000,0.0566103200,0.9638708000,True,1.0000000000,3.9849240000,0.0337514700,0.0025489660,-0.0337141300,0.0736094700,0.0678110400,0.9949791000,0.0337512700,0.0025489660,-0.0337141300,0.0736094700,0.0678110400,0.9949791000,0.0000000000,
17.32489,7666,True,1.0000000000,3.7892000000,-0.0327639200,0.0014012760,-0.0315583300,0.2587303000,0.0604100700,0.9640588000,True,1.0000000000,4.0379790000,0.0337515600,0.0025475470,-0.0337138400,0.0745703100,0.0695196100,0.9947895000,0.0337515400,0.0025475470,-0.0337138400,0.0745703100,0.0695196100,0.9947895000,0.0000000000,
17.33617,7674,True,1.0000000000,3.7591250000,-0.0327628300,0.0014039760,-0.0315739000,0.2571744000,0.0642249300,0.9642285000,True,1.0000000000,4.0413970000,0.0337512400,0.0025473330,-0.0337141300,0.0759431900,0.0724184000,0.9944789000,0.0337512200,0.0025473330,-0.0337141300,0.0759431900,0.0724184000,0.9944789000,0.0000000000,
17.33617,7682,True,1.0000000000,3.7877810000,-0.0327585200,0.0014117130,-0.0316268000,0.2533885000,0.0646975300,0.9651987000,True,1.0000000000,4.0404970000,0.0337509200,0.0025471190,-0.0337138400,0.0746775900,0.0751963900,0.9943686000,0.0337509000,0.0025471190,-0.0337138400,0.0746775900,0.0751963900,0.9943686000,0.0000000000,
17.347,7691,True,1.0000000000,3.8166960000,-0.0327544700,0.0014194640,-0.0316797200,0.2496823000,0.0655677200,0.9661054000,True,1.0000000000,4.0392460000,0.0337506600,0.0025473330,-0.0337141300,0.0732278400,0.0758371300,0.9944277000,0.0337504900,0.0025473330,-0.0337141300,0.0732278400,0.0758371300,0.9944277000,0.0000000000,
17.35825,7699,True,1.0000000000,3.7946780000,-0.0327558000,0.0014327390,-0.0317301200,0.2485521000,0.0667576600,0.9663153000,True,1.0000000000,4.0378570000,0.0337509200,0.0025475470,-0.0337144200,0.0716555600,0.0764468400,0.9944956000,0.0337423000,0.0025473940,-0.0337141600,0.0716859200,0.0764466700,0.9944934000,0.0000000000,
17.3697,7707,True,1.0000000000,3.8165590000,-0.0327622100,0.0014985510,-0.0318774300,0.2439140000,0.0612798700,0.9678589000,True,1.0000000000,4.0351410000,0.0337507200,0.0025481720,-0.0337146600,0.0707707900,0.0770269300,0.9945141000,0.0237211300,0.0023898930,-0.0334376200,0.0970779000,0.0747997200,0.9924620000,0.0000000000,
17.3809,7716,True,1.0000000000,3.8462370000,-0.0327692900,0.0015103000,-0.0318527200,0.2467366000,0.0629887800,0.9670334000,True,1.0000000000,4.0522920000,0.0337464200,0.0025740050,-0.0337265700,0.0688936000,0.0856020100,0.9939446000,0.0274815800,0.0024738160,-0.0335500700,0.0857700400,0.0835880300,0.9928023000,0.0000000000,
17.3809,7724,True,1.0000000000,3.7772520000,-0.0327833000,0.0015113370,-0.0318093600,0.2442491000,0.0769963800,0.9666509000,True,1.0000000000,4.0983890000,0.0337344800,0.0025866390,-0.0337267300,0.0670786100,0.0786449500,0.9946434000,0.0282414100,0.0024978490,-0.0335683900,0.0818035300,0.0785991400,0.9935443000,0.0000000000,
17.3809,7732,True,1.0000000000,3.8845210000,-0.0327989000,0.0015221410,-0.0318297100,0.2468587000,0.0629735400,0.9670031000,True,1.0000000000,4.0460970000,0.0337215900,0.0025979620,-0.0337439700,0.0652468200,0.0791628900,0.9947242000,0.0275994400,0.0024989620,-0.0335678000,0.0820778000,0.0777900400,0.9935854000,0.0000000000,
17.41847,7741,True,1.0000000000,3.8686680000,-0.0328121000,0.0015113980,-0.0317949100,0.2462796000,0.0619056000,0.9672198000,True,1.0000000000,4.0691070000,0.0337160800,0.0025986640,-0.0337437300,0.0673833700,0.0807501800,0.9944540000,0.0250799300,0.0024575200,-0.0334907500,0.0907753000,0.0784613600,0.9927757000,0.0000000000,
17.43585,7757,True,1.0000000000,3.8837740000,-0.0328056200,0.0014733120,-0.0317339600,0.2375211000,0.0641029300,0.9692649000,True,1.0000000000,4.1367030000,0.0337195600,0.0025640720,-0.0337115000,0.0694280300,0.0774542200,0.9945756000,0.0206602500,0.0023499600,-0.0333232900,0.1026614000,0.0749971600,0.9918851000,0.0000000000,
17.43585,7774,True,1.0000000000,3.8959200000,-0.0327680500,0.0014262390,-0.0317236500,0.2371250000,0.0694590100,0.9689928000,True,1.0000000000,4.0881960000,0.0337603000,0.0025124210,-0.0337535400,0.0663307500,0.0841379600,0.9942440000,0.0158381500,0.0022198180,-0.0332067000,0.1126728000,0.0804151400,0.9903728000,0.0000000000,
17.44742,7791,True,1.0000000000,3.8399200000,-0.0327803300,0.0011793370,-0.0310285800,0.2428751000,0.0726321100,0.9673346000,True,1.0000000000,4.1119230000,0.0337853700,0.0024999700,-0.0338475100,0.0522463200,0.0887912900,0.9946791000,0.0304463200,0.0024337310,-0.0337061000,0.0618595200,0.0880590200,0.9941926000,0.0000000000,
17.45897,7799,True,1.0000000000,3.9085540000,-0.0327774400,0.0011619110,-0.0310119700,0.2498178000,0.0762026700,0.9652897000,True,1.0000000000,4.0954590000,0.0337895400,0.0024940190,-0.0338645900,0.0523075400,0.0819556000,0.9952624000,0.0336387800,0.0024910130,-0.0338581200,0.0527657100,0.0819409600,0.9952394000,0.0000000000,
17.46937,7807,True,1.0000000000,3.9198610000,-0.0327595700,0.0012751010,-0.0313879300,0.2409087000,0.0709237100,0.9679530000,True,1.0000000000,4.1172640000,0.0337903800,0.0025027620,-0.0339358700,0.0462647000,0.0735627000,0.9962169000,0.0336952100,0.0025010070,-0.0339322400,0.0465394700,0.0735628800,0.9962041000,0.0000000000,
17.46937,7816,True,1.0000000000,3.8722990000,-0.0327500900,0.0013787230,-0.0317518300,0.2349890000,0.0661936500,0.9697415000,True,1.0000000000,4.0440980000,0.0337825900,0.0025207060,-0.0340284100,0.0383153700,0.0782176900,0.9961997000,0.0335501700,0.0025167240,-0.0340204600,0.0390169200,0.0781864200,0.9961750000,0.0000000000,
17.48044,7824,True,1.0000000000,3.9368130000,-0.0327705600,0.0013640900,-0.0317292200,0.2344535000,0.0723578700,0.9694307000,True,1.0000000000,4.1148830000,0.0337618400,0.0024733730,-0.0338768000,0.0521549500,0.0881202000,0.9947435000,0.0334779800,0.0024686280,-0.0338676300,0.0529328800,0.0880587100,0.9947079000,0.0000000000,
17.49136,7832,True,1.0000000000,3.9584200000,-0.0328127800,0.0013427430,-0.0316919900,0.2408477000,0.0739755300,0.9677396000,True,1.0000000000,4.0686040000,0.0337335100,0.0025193330,-0.0340178700,0.0419006700,0.0716095500,0.9965523000,0.0333259000,0.0025121310,-0.0340036200,0.0431217100,0.0716253700,0.9964990000,0.0000000000,
17.49136,7840,True,1.0000000000,3.9187620000,-0.0328864600,0.0010820470,-0.0308786800,0.2449681000,0.0773021300,0.9664445000,True,1.0000000000,4.0700840000,0.0336956300,0.0025600890,-0.0341231400,0.0523231400,0.0760966800,0.9957266000,0.0336043100,0.0025580600,-0.0341187000,0.0525978500,0.0760967400,0.9957122000,0.0000000000,
17.50319,7849,True,1.0000000000,3.9273830000,-0.0329058500,0.0010831910,-0.0308711200,0.2442514000,0.0665904300,0.9674228000,True,1.0000000000,4.1195830000,0.0336778600,0.0026665040,-0.0344542300,0.0473024000,0.0790713100,0.9957461000,0.0335279700,0.0026629330,-0.0344461500,0.0477454700,0.0790417100,0.9957272000,0.0000000000,
17.51383,7857,True,1.0000000000,4.0626370000,-0.0329252500,0.0010835110,-0.0308432600,0.2557862000,0.0651558300,0.9645352000,True,1.0000000000,4.0918730000,0.0336624500,0.0027021490,-0.0345384700,0.0505378100,0.0702982200,0.9962450000,0.0333578700,0.0026947480,-0.0345215600,0.0514837900,0.0702828500,0.9961976000,0.0000000000,
17.5248,7865,True,1.0000000000,4.1171260000,-0.0329408600,0.0010813900,-0.0308076800,0.2601937000,0.0672151700,0.9632141000,True,1.0000000000,4.0781400000,0.0336498600,0.0026514440,-0.0343373900,0.0515444600,0.0707706300,0.9961600000,0.0329757300,0.0026355590,-0.0343016500,0.0536660400,0.0707561600,0.9960490000,0.0000000000,
17.5248,7874,True,1.0000000000,3.9716800000,-0.0329488900,0.0010774230,-0.0307796200,0.2397474000,0.0611423100,0.9689080000,True,1.0000000000,4.1671300000,0.0336423100,0.0026337280,-0.0342566600,0.0537572300,0.0837563000,0.9950352000,0.0333465400,0.0026268160,-0.0342412100,0.0545960600,0.0836641200,0.9949973000,0.0000000000,
17.53589,7882,True,1.0000000000,3.9740600000,-0.0329514000,0.0010801240,-0.0307813900,0.2450140000,0.0630502500,0.9674672000,True,1.0000000000,4.1215360000,0.0336382800,0.0026082610,-0.0341617000,0.0486606800,0.0795294600,0.9956441000,0.0335610800,0.0026064910,-0.0341577800,0.0488898800,0.0794994500,0.9956353000,0.0000000000,
17.54694,7890,True,1.0000000000,4.1396790000,-0.0329665500,0.0010731510,-0.0307456500,0.2647901000,0.0678722000,0.9619145000,True,1.0000000000,4.0789790000,0.0336342600,0.0025828100,-0.0340667300,0.0435337900,0.0752876600,0.9962111000,0.0335613000,0.0025811620,-0.0340631000,0.0437781800,0.0752728300,0.9962015000,0.0000000000,
17.55834,7899,True,1.0000000000,3.9849550000,-0.0329801800,0.0010890660,-0.0308191100,0.2467996000,0.0558938400,0.9674532000,True,1.0000000000,4.1441190000,0.0336129200,0.0025401770,-0.0338851300,0.0587465100,0.0798494700,0.9950743000,0.0314579300,0.0024932250,-0.0337859200,0.0648661300,0.0791333200,0.9947514000,0.0000000000,
17.56915,7907,True,1.0000000000,4.1056370000,-0.0330027500,0.0011206670,-0.0309606300,0.2649552000,0.0592502400,0.9624386000,True,1.0000000000,4.1397710000,0.0335898900,0.0025097810,-0.0337611800,0.0549931200,0.0764929200,0.9955524000,-0.0127352600,0.0015434420,-0.0318129700,0.2020293000,0.0648050400,0.9772331000,0.0000000000,
17.58049,7924,True,1.0000000000,4.1091160000,-0.0330613900,0.0010838930,-0.0309265800,0.2689061000,0.0514069400,0.9617935000,True,1.0000000000,4.0962520000,0.0335306400,0.0026664120,-0.0342520000,0.0609444000,0.0724039000,0.9955117000,-0.0315665600,0.0011194150,-0.0310012200,0.2643622000,0.0518958700,0.9630262000,0.0000000000,
17.59469,7932,True,1.0000000000,4.1670380000,-0.0330943500,0.0010805660,-0.0309827300,0.2794077000,0.0449377900,0.9591204000,True,1.0000000000,4.0800480000,0.0334985100,0.0026990360,-0.0343468000,0.0579682900,0.0701295700,0.9958522000,-0.0314498200,0.0011205290,-0.0310658000,0.2741130000,0.0455939400,0.9606161000,0.0000000000,
17.60303,7940,True,1.0000000000,4.1156310000,-0.0330773600,0.0015298610,-0.0324312300,0.2612486000,0.0238650100,0.9649765000,True,1.0000000000,4.1335140000,0.0334512800,0.0027343900,-0.0343804000,0.0620882100,0.0711367000,0.9955323000,0.0308855900,0.0026879430,-0.0343052400,0.0698250700,0.0693673000,0.9951445000,0.0000000000,
17.63891,7957,True,1.0000000000,4.0846710000,-0.0332627000,0.0012547300,-0.0316543600,0.2684640000,0.0511171100,0.9619325000,True,1.0000000000,4.1745300000,0.0332761900,0.0024070280,-0.0330457300,0.0910495700,0.0868228700,0.9920543000,0.0297755300,0.0023464050,-0.0329725400,0.1004653000,0.0850231600,0.9913011000,0.0000000000,
17.66907,7982,True,1.0000000000,4.1937870000,-0.0335945300,0.0009342805,-0.0309409200,0.2953068000,0.0609443200,0.9534567000,True,1.0000000000,4.2275090000,0.0330239300,0.0022222600,-0.0322135300,0.1133897000,0.0902875400,0.9894397000,-0.0322727500,0.0009598237,-0.0309661600,0.2917981000,0.0615548600,0.9544972000,0.0000000000,
17.69261,8007,True,1.0000000000,3.8685300000,-0.0343143600,0.0014201200,-0.0329690900,0.2028527000,0.0307773400,0.9787255000,True,1.0000000000,4.1760100000,0.0324885100,0.0027107550,-0.0334869800,0.0251314400,0.0381625500,0.9989555000,0.0306540500,0.0026753080,-0.0334727700,0.0300293800,0.0379639700,0.9988278000,0.0000000000,
17.70244,8040,True,1.0000000000,-1.0000000000,-0.0343143600,0.0014201200,-0.0329690900,0.0000000000,0.0000000000,0.0000000000,True,1.0000000000,-1.0000000000,0.0324885100,0.0027107550,-0.0334869800,0.0000000000,0.0000000000,0.0000000000,0.0010000000,-0.0010000000,-0.0010000000,0.5773503000,-0.5773503000,-0.5773503000,0.0000000000,
17.71343,8057,True,0.9698552000,3.7697450000,-0.0353292900,-0.0004252167,-0.0317960100,-0.1761191000,-0.2456389000,0.9532280000,True,0.9698552000,-1.0000000000,0.0327404300,0.0020125430,-0.0337315800,0.0000000000,0.0000000000,0.0000000000,-0.0353292900,-0.0004252167,-0.0317960100,-0.1761191000,-0.2456389000,0.9532280000,0.0000000000,
17.71343,8065,True,0.3508774000,4.0582120000,-0.0352076700,-0.0008439179,-0.0318999000,-0.1515831000,-0.3185320000,0.9357136000,True,0.3508774000,-1.0000000000,0.0310789500,0.0024647680,-0.0341006500,0.0000000000,0.0000000000,0.0000000000,-0.0352076700,-0.0008439179,-0.0318999000,-0.1515831000,-0.3185320000,0.9357136000,0.0000000000,
17.73651,8074,True,0.3972958000,2.8377690000,-0.0358294500,0.0015610660,-0.0314737900,-0.0719911000,-0.1380160000,0.9878101000,True,0.3972958000,-1.0000000000,0.0307182800,0.0034786840,-0.0339404200,0.0000000000,0.0000000000,0.0000000000,-0.0358294500,0.0015610660,-0.0314737900,-0.0719911000,-0.1380160000,0.9878101000,0.0000000000,
17.74728,8082,True,0.3972958000,3.7195890000,-0.0358902800,0.0017805020,-0.0317956500,-0.2698249000,0.1011824000,0.9575785000,True,0.3972958000,-1.0000000000,0.0305820500,0.0034526060,-0.0340406000,0.0000000000,0.0000000000,0.0000000000,-0.0358902800,0.0017805020,-0.0317956500,-0.2698249000,0.1011824000,0.9575785000,0.0000000000,
17.74728,8090,True,0.6571487000,3.9794010000,-0.0361048400,0.0017716370,-0.0319133200,-0.2441286000,0.1895777000,0.9510318000,True,0.6571487000,-1.0000000000,0.0304304100,0.0033889930,-0.0342208400,0.0000000000,0.0000000000,0.0000000000,-0.0361048400,0.0017716370,-0.0319133200,-0.2441286000,0.1895777000,0.9510318000,0.0000000000,
17.75822,8099,True,0.6571487000,4.1419980000,-0.0361615200,0.0017695160,-0.0319731800,-0.2735627000,0.2095666000,0.9387466000,True,0.6571487000,-1.0000000000,0.0303141200,0.0033483740,-0.0343010000,0.0000000000,0.0000000000,0.0000000000,-0.0361615200,0.0017695160,-0.0319731800,-0.2735627000,0.2095666000,0.9387466000,0.0000000000,
17.75822,8107,True,0.8579123000,4.5821990000,-0.0362338000,0.0017316290,-0.0321161200,-0.3060647000,0.2804296000,0.9097712000,True,0.8579123000,-1.0000000000,0.0302432400,0.0032720340,-0.0343282500,0.0000000000,0.0000000000,0.0000000000,-0.0362338000,0.0017316290,-0.0321161200,-0.3060647000,0.2804296000,0.9097712000,0.0000000000,
17.78195,8115,True,0.8579123000,4.4605100000,-0.0363188800,0.0016581420,-0.0321445900,-0.3254131000,0.2637363000,0.9080470000,True,0.8579123000,-1.0000000000,0.0301861900,0.0032302700,-0.0343450900,0.0000000000,0.0000000000,0.0000000000,-0.0363188800,0.0016581420,-0.0321445900,-0.3254131000,0.2637363000,0.9080470000,0.0000000000,
17.80245,8124,True,1.0000000000,4.4257970000,-0.0363521000,0.0016135250,-0.0321367800,-0.3295485000,0.2412600000,0.9127932000,True,1.0000000000,4.3603670000,0.0301701500,0.0031927800,-0.0343839100,-0.4681104000,0.2426459000,0.8497033000,0.0269543800,0.0031164400,-0.0342752900,-0.4616608000,0.2427095000,0.8532065000,0.0000000000,
17.80245,8140,True,1.0000000000,4.4110410000,-0.0360048500,0.0015094910,-0.0320027000,-0.2865475000,0.2614008000,0.9217159000,True,1.0000000000,4.3219450000,0.0304687100,0.0030476530,-0.0342432900,-0.3989899000,0.2483540000,0.8826820000,0.0292333500,0.0030190740,-0.0342016500,-0.3969469000,0.2486297000,0.8835250000,0.0000000000,
17.82537,8157,True,1.0000000000,4.3179320000,-0.0356786500,0.0013970950,-0.0318688700,-0.2275104000,0.2467519000,0.9419939000,True,1.0000000000,4.3684540000,0.0308487300,0.0029658810,-0.0341057300,-0.3566946000,0.2309451000,0.9052256000,0.0296468700,0.0029375310,-0.0340653200,-0.3544217000,0.2312660000,0.9060360000,0.0000000000,
17.83583,8174,True,1.0000000000,4.2020420000,-0.0353174300,0.0013527380,-0.0317492900,-0.1738156000,0.2316168000,0.9571530000,True,1.0000000000,4.2390900000,0.0312156500,0.0029193120,-0.0340139900,-0.3205920000,0.2218051000,0.9208818000,0.0096483010,0.0024114840,-0.0332798800,-0.2737000000,0.2255580000,0.9349930000,0.0000000000,
17.85287,8182,True,1.0000000000,4.2147060000,-0.0351210900,0.0013276830,-0.0317009400,-0.1483927000,0.2302414000,0.9617528000,True,1.0000000000,4.2252200000,0.0313868600,0.0029030150,-0.0339904700,-0.2910040000,0.2350646000,0.9273949000,0.0016179050,0.0021979070,-0.0329656700,-0.2277716000,0.2335242000,0.9452971000,0.0000000000,
17.86021,8190,True,1.0000000000,4.2015840000,-0.0349249900,0.0013204040,-0.0316668600,-0.1136639000,0.2331109000,0.9657845000,True,1.0000000000,4.2692720000,0.0315640300,0.0028780520,-0.0339619300,-0.2594502000,0.2414902000,0.9350765000,0.0035913090,0.0022227330,-0.0329963700,-0.1986573000,0.2386207000,0.9505764000,0.0000000000,
17.869,8207,True,1.0000000000,4.1540830000,-0.0345472000,0.0014427030,-0.0320280000,-0.0610206100,0.2085748000,0.9761009000,True,1.0000000000,4.2627560000,0.0319428100,0.0028924410,-0.0339729300,-0.2149375000,0.2265344000,0.9499916000,-0.0022706610,0.0021464540,-0.0329721400,-0.1361710000,0.2179591000,0.9664115000,0.0000000000,
17.869,8215,True,1.0000000000,4.0304110000,-0.0343397900,0.0012421420,-0.0313239800,-0.0337220700,0.2214060000,0.9745985000,True,1.0000000000,4.2372440000,0.0321207500,0.0029956210,-0.0342453000,-0.1918804000,0.2155774000,0.9574488000,0.0238980300,0.0027786710,-0.0338838700,-0.1725489000,0.2166017000,0.9608905000,0.0000000000,
17.89543,8224,True,1.0000000000,4.0656740000,-0.0341658600,0.0013422700,-0.0314968600,-0.0038452690,0.2230867000,0.9747910000,True,1.0000000000,4.1455540000,0.0323032400,0.0029066320,-0.0339157900,-0.1651309000,0.2133335000,0.9629229000,0.0266830300,0.0027743690,-0.0337112600,-0.1516425000,0.2143717000,0.9649090000,0.0000000000,
17.90229,8232,True,1.0000000000,4.2081760000,-0.0341417700,0.0014203800,-0.0316255400,0.0143128000,0.2168129000,0.9761083000,True,1.0000000000,4.2154690000,0.0323266500,0.0030113530,-0.0340933500,-0.1595004000,0.2227787000,0.9617324000,0.0269823900,0.0028834380,-0.0338949300,-0.1456760000,0.2225499000,0.9639762000,0.0000000000,
17.91338,8257,True,1.0000000000,4.2294620000,-0.0347925100,0.0017598570,-0.0317292000,-0.2083776000,0.2557570000,0.9440165000,True,1.0000000000,4.3602600000,0.0315598600,0.0031750030,-0.0340641500,-0.3576686000,0.2529162000,0.8989475000,0.0237485100,0.0030084080,-0.0337892800,-0.3405216000,0.2535754000,0.9053975000,0.0000000000,
17.91338,8265,True,1.0000000000,4.2702640000,-0.0350116900,0.0018177340,-0.0318224200,-0.2445241000,0.2786277000,0.9287489000,True,1.0000000000,4.3195340000,0.0313373900,0.0032265320,-0.0341210200,-0.3812907000,0.2587461000,0.8875065000,0.0217785200,0.0030235750,-0.0337898600,-0.3620655000,0.2619512000,0.8945894000,0.0000000000,
17.93731,8274,True,1.0000000000,4.3013000000,-0.0351454800,0.0018855290,-0.0318521300,-0.2740786000,0.2641146000,0.9247293000,True,1.0000000000,4.3181920000,0.0311878400,0.0032266850,-0.0341670000,-0.4056889000,0.2614616000,0.8758163000,0.0198143300,0.0029967190,-0.0337700800,-0.3836556000,0.2622860000,0.8854460000,0.0000000000,
17.93731,8282,True,1.0000000000,4.3328700000,-0.0352635000,0.0019264980,-0.0319010300,-0.2978687000,0.2669389000,0.9165249000,True,1.0000000000,4.3548740000,0.0310600300,0.0031899260,-0.0342334300,-0.4416122000,0.2751054000,0.8539881000,0.0208853600,0.0029960940,-0.0338756300,-0.4202308000,0.2742944000,0.8649674000,0.0000000000,
17.94695,8290,True,1.0000000000,4.3991090000,-0.0353216400,0.0019294130,-0.0319134700,-0.3226031000,0.2540297000,0.9118093000,True,1.0000000000,4.3104100000,0.0310422100,0.0031160130,-0.0342263400,-0.4549444000,0.2596914000,0.8518133000,0.0238875900,0.0029880830,-0.0339769900,-0.4411348000,0.2593403000,0.8591523000,0.0000000000,
17.95804,8299,True,1.0000000000,4.4148250000,-0.0352456400,0.0019254910,-0.0318791700,-0.2991981000,0.2523836000,0.9202082000,True,1.0000000000,4.3096010000,0.0311950700,0.0030236820,-0.0341802100,-0.4383458000,0.2611581000,0.8600287000,0.0261361200,0.0029400640,-0.0340050000,-0.4281072000,0.2607005000,0.8653089000,0.0000000000,
17.98075,8307,True,1.0000000000,4.3128970000,-0.0350914200,0.0019112400,-0.0318278700,-0.2541087000,0.2658124000,0.9299315000,True,1.0000000000,4.2828060000,0.0313934900,0.0029396520,-0.0341187000,-0.3985007000,0.2647262000,0.8781328000,0.0257674700,0.0028526310,-0.0339248500,-0.3866301000,0.2650624000,0.8833227000,0.0000000000,
17.98075,8315,True,1.0000000000,4.2128600000,-0.0349081400,0.0018911590,-0.0317795700,-0.2528401000,0.2524281000,0.9339978000,True,1.0000000000,4.2100830000,0.0315683400,0.0028702700,-0.0340872700,-0.3988374000,0.2613546000,0.8789895000,0.0128983000,0.0025952910,-0.0334391500,-0.3587238000,0.2594945000,0.8966492000,0.0000000000,
17.99158,8332,True,1.0000000000,4.2460480000,-0.0346369300,0.0018899540,-0.0316942600,-0.2119766000,0.2445239000,0.9461892000,True,1.0000000000,4.2429050000,0.0318543200,0.0028111730,-0.0340295400,-0.3610559000,0.2613848000,0.8951629000,0.0067250670,0.0024630130,-0.0331469600,-0.3056222000,0.2557711000,0.9171566000,0.0000000000,
18.00229,8340,True,1.0000000000,4.2644960000,-0.0345225200,0.0018925780,-0.0316747300,-0.1900958000,0.2472252000,0.9501280000,True,1.0000000000,4.2866520000,0.0319767800,0.0028132940,-0.0340103200,-0.3520868000,0.2624400000,0.8984209000,-0.0073746950,0.0022684630,-0.0326282000,-0.2571289000,0.2543365000,0.9323077000,0.0000000000,
18.02422,8349,True,1.0000000000,4.3046570000,-0.0344290600,0.0019061130,-0.0316624600,-0.1727762000,0.2516340000,0.9522756000,True,1.0000000000,4.2561040000,0.0320701500,0.0028127140,-0.0339830500,-0.3336379000,0.2537418000,0.9079101000,-0.0088377080,0.0022550050,-0.0325555100,-0.2354600000,0.2532824000,0.9382999000,0.0000000000,
18.0355,8374,True,1.0000000000,4.2412720000,-0.0341358800,0.0019458160,-0.0315792400,-0.1447468000,0.2318299000,0.9619269000,True,1.0000000000,4.2653810000,0.0323333400,0.0028732760,-0.0339503300,-0.2974904000,0.2523846000,0.9207614000,-0.0067422190,0.0023280490,-0.0325564300,-0.2083458000,0.2410458000,0.9478865000,0.0000000000,
18.0355,8382,True,1.0000000000,4.1445310000,-0.0340342400,0.0019951630,-0.0315628500,-0.1131302000,0.2320894000,0.9660932000,True,1.0000000000,4.1281890000,0.0324401400,0.0028957980,-0.0339171500,-0.2654919000,0.2358131000,0.9348295000,0.0073903810,0.0025564120,-0.0330299700,-0.2086678000,0.2350813000,0.9493126000,0.0000000000,
18.0355,8390,True,1.0000000000,4.1439060000,-0.0339495400,0.0020248720,-0.0315547000,-0.0898901400,0.2368943000,0.9673680000,True,1.0000000000,4.2522130000,0.0325183900,0.0029430700,-0.0339257100,-0.2518939000,0.2473926000,0.9355994000,0.0092670750,0.0026218720,-0.0330963000,-0.1958337000,0.2444794000,0.9496731000,0.0000000000,
18.04643,8399,True,1.0000000000,4.1091610000,-0.0338693000,0.0020087130,-0.0315481600,-0.0764019000,0.2444647000,0.9666436000,True,1.0000000000,4.2398070000,0.0326218300,0.0029571380,-0.0339113200,-0.2453624000,0.2372752000,0.9399456000,0.0086521770,0.0026152350,-0.0330594000,-0.1850752000,0.2406787000,0.9527964000,0.0000000000,
18.0584,8407,True,1.0000000000,4.1390840000,-0.0337679300,0.0020353390,-0.0315309800,-0.0640262400,0.2368177000,0.9694421000,True,1.0000000000,4.1848300000,0.0327376400,0.0029611820,-0.0339187000,-0.2250713000,0.2456863000,0.9428580000,0.0098802340,0.0026429750,-0.0330980700,-0.1702439000,0.2433800000,0.9548734000,0.0000000000,
18.07998,8415,True,1.0000000000,4.1569670000,-0.0336671000,0.0020572970,-0.0315098700,-0.0478522800,0.2227817000,0.9736932000,True,1.0000000000,4.2102050000,0.0328506300,0.0029543760,-0.0339238500,-0.2139452000,0.2377491000,0.9474718000,0.0090746000,0.0026337280,-0.0330609900,-0.1550922000,0.2331724000,0.9599881000,0.0000000000,
18.09111,8424,True,1.0000000000,4.1956180000,-0.0335477800,0.0020660100,-0.0314904500,-0.0186006900,0.2176845000,0.9758419000,True,1.0000000000,4.1016540000,0.0329650900,0.0028924560,-0.0338909200,-0.1994643000,0.2422655000,0.9494848000,0.0064180000,0.0025625920,-0.0329328300,-0.1277943000,0.2334172000,0.9639425000,0.0000000000,
18.09111,8432,True,1.0000000000,4.1220090000,-0.0334159100,0.0020906980,-0.0315074000,-0.0232546800,0.2299375000,0.9729275000,True,1.0000000000,4.0979460000,0.0330987300,0.0028476410,-0.0338968800,-0.1852149000,0.2501118000,0.9503365000,0.0049110870,0.0025268560,-0.0328842600,-0.1169741000,0.2423711000,0.9631061000,0.0000000000,
18.10242,8440,True,1.0000000000,4.0511780000,-0.0332949700,0.0021274870,-0.0315053300,-0.0004272494,0.2217424000,0.9751052000,True,1.0000000000,4.1238250000,0.0332242900,0.0027918400,-0.0338784300,-0.1786357000,0.2390151000,0.9544429000,0.0039664920,0.0024996340,-0.0328346400,-0.1006474000,0.2323466000,0.9674116000,0.0000000000,
18.11339,8457,True,1.0000000000,4.1783140000,-0.0335674800,0.0021136930,-0.0315481400,-0.1134351000,0.2467678000,0.9624127000,True,1.0000000000,4.2180480000,0.0329235900,0.0028267670,-0.0339528500,-0.2624534000,0.2539389000,0.9309314000,0.0013110960,0.0024877470,-0.0328095600,-0.1921572000,0.2512555000,0.9486549000,0.0000000000,
18.12432,8465,True,1.0000000000,4.1450650000,-0.0337506400,0.0022058110,-0.0315714400,-0.1387503000,0.2410620000,0.9605402000,True,1.0000000000,4.2399140000,0.0326816300,0.0028392940,-0.0339543600,-0.3079268000,0.2593726000,0.9153726000,0.0008392792,0.0025356450,-0.0328121800,-0.2277240000,0.2515736000,0.9406660000,0.0000000000,
18.14661,8474,True,1.0000000000,4.2444610000,-0.0340015600,0.0021796270,-0.0316292900,-0.1683978000,0.2473782000,0.9541731000,True,1.0000000000,4.2520450000,0.0324980000,0.0028871920,-0.0339729600,-0.3393572000,0.2563642000,0.9050492000,-0.0028691100,0.0025108800,-0.0327265000,-0.2494239000,0.2525825000,0.9348742000,0.0000000000,
18.15763,8482,True,1.0000000000,4.2683560000,-0.0340582800,0.0022024690,-0.0316394000,-0.1608452000,0.2536657000,0.9538252000,True,1.0000000000,4.2999420000,0.0324553500,0.0029148100,-0.0339684300,-0.3333627000,0.2514220000,0.9086563000,0.0022936400,0.0025917820,-0.0329123000,-0.2561369000,0.2534360000,0.9328259000,0.0000000000,
18.16874,8499,True,1.0000000000,4.2025450000,-0.0340547200,0.0021649930,-0.0316314100,-0.1368258000,0.2576603000,0.9564987000,True,1.0000000000,4.2438510000,0.0325121900,0.0029061430,-0.0339510700,-0.3087665000,0.2523997000,0.9170374000,0.0052893520,0.0026030430,-0.0330024300,-0.2393503000,0.2555095000,0.9367104000,0.0000000000,
18.16874,8515,True,1.0000000000,4.2032320000,-0.0340665600,0.0021324010,-0.0316189800,-0.1209114000,0.2535416000,0.9597380000,True,1.0000000000,4.1757810000,0.0325286400,0.0028767240,-0.0339302500,-0.2952749000,0.2409838000,0.9245213000,0.0068392190,0.0025896000,-0.0330386700,-0.2288844000,0.2467526000,0.9416608000,0.0000000000,
18.19112,8524,True,1.0000000000,4.1281130000,-0.0340616200,0.0021172790,-0.0316050100,-0.1147015000,0.2442653000,0.9629008000,True,1.0000000000,4.2036900000,0.0325428600,0.0028643490,-0.0339293700,-0.2914453000,0.2435780000,0.9250565000,0.0060380860,0.0025670620,-0.0330044100,-0.2219879000,0.2448154000,0.9438150000,0.0000000000,
18.2397,8532,True,1.0000000000,4.1769870000,-0.0340434300,0.0021166990,-0.0315940600,-0.1076974000,0.2414265000,0.9644244000,True,1.0000000000,4.1889040000,0.0325658400,0.0028494570,-0.0339281200,-0.2907427000,0.2434402000,0.9253138000,0.0041942140,0.0025373380,-0.0329339500,-0.2136849000,0.2436381000,0.9460334000,0.0000000000,
18.24654,8582,True,1.0000000000,4.1009220000,-0.0339149300,0.0021243590,-0.0315571200,-0.0914929700,0.2379946000,0.9669476000,True,1.0000000000,4.1652530000,0.0327124800,0.0028135380,-0.0339057500,-0.2475473000,0.2448617000,0.9374236000,0.0027619940,0.0025037390,-0.0328499900,-0.1779493000,0.2425403000,0.9536814000,0.0000000000,
18.25883,8599,True,1.0000000000,4.0623020000,-0.0339321000,0.0021144260,-0.0315535400,-0.0754397700,0.2375193000,0.9684490000,True,1.0000000000,4.1446080000,0.0327163000,0.0028248900,-0.0339025000,-0.2481708000,0.2411364000,0.9382241000,0.0017516020,0.0024948120,-0.0328111700,-0.1685663000,0.2403753000,0.9559315000,0.0000000000,
18.26886,8607,True,1.0000000000,4.1137390000,-0.0339483700,0.0020994110,-0.0315531600,-0.0728006900,0.2380557000,0.9685193000,True,1.0000000000,4.1032410000,0.0327103300,0.0028282470,-0.0339024200,-0.2383457000,0.2436406000,0.9401227000,-0.0029255980,0.0024386140,-0.0326465000,-0.1503775000,0.2415042000,0.9586774000,0.0000000000,
18.26886,8615,True,1.0000000000,4.0590210000,-0.0339594000,0.0020803380,-0.0315352000,-0.0701302400,0.2241543000,0.9720271000,True,1.0000000000,4.1615600000,0.0327012700,0.0028278810,-0.0338951300,-0.2369868000,0.2404811000,0.9412789000,-0.0051878970,0.0024029850,-0.0325537700,-0.1426570000,0.2320293000,0.9621909000,0.0000000000,
18.27979,8624,True,1.0000000000,4.0480800000,-0.0339737300,0.0020712590,-0.0315423100,-0.0766298700,0.2277229000,0.9707060000,True,1.0000000000,4.0873410000,0.0326953900,0.0028330080,-0.0338878200,-0.2303630000,0.2347881000,0.9443556000,-0.0052547760,0.0023993990,-0.0325526900,-0.1432822000,0.2314642000,0.9622341000,0.0000000000,
18.2909,8632,True,1.0000000000,4.0648500000,-0.0339840700,0.0020586700,-0.0315379200,-0.0632179800,0.2288695000,0.9714022000,True,1.0000000000,4.0738680000,0.0326925800,0.0028461300,-0.0338852400,-0.2219874000,0.2340420000,0.9465442000,-0.0044309080,0.0024077000,-0.0325783300,-0.1340194000,0.2318903000,0.9634655000,0.0000000000,
18.30212,8640,True,1.0000000000,4.0119630000,-0.0339846200,0.0020486600,-0.0315312400,-0.0560155500,0.2248252000,0.9727877000,True,1.0000000000,4.0261840000,0.0326923400,0.0028648530,-0.0338737700,-0.2146030000,0.2240636000,0.9506530000,-0.0035070800,0.0024217380,-0.0326019900,-0.1289220000,0.2251901000,0.9657477000,0.0000000000,
18.30212,8649,True,1.0000000000,4.0626070000,-0.0339832500,0.0020486600,-0.0315312800,-0.0532078900,0.2264273000,0.9725737000,True,1.0000000000,4.0720370000,0.0326963700,0.0028877410,-0.0338700100,-0.2152566000,0.2206735000,0.9512979000,-0.0022880860,0.0024475100,-0.0326429600,-0.1306767000,0.2244422000,0.9656859000,0.0000000000,
18.31334,8657,True,1.0000000000,4.0485990000,-0.0339688600,0.0020518800,-0.0315267700,-0.0438996800,0.2270057000,0.9729035000,True,1.0000000000,4.0304410000,0.0327085100,0.0029109040,-0.0338672500,-0.2134260000,0.2191481000,0.9520627000,-0.0010184020,0.0024763950,-0.0326833800,-0.1281454000,0.2239416000,0.9661413000,0.0000000000,
18.32462,8665,True,1.0000000000,4.0592190000,-0.0339499200,0.0020552980,-0.0315196100,-0.0315403000,0.2258786000,0.9736447000,True,1.0000000000,4.1575320000,0.0327325300,0.0029233100,-0.0338581200,-0.2121285000,0.2115944000,0.9540594000,-0.0013460080,0.0024797060,-0.0326630100,-0.1203327000,0.2198063000,0.9680936000,0.0000000000,
18.36177,8674,True,1.0000000000,4.0415800000,-0.0339239700,0.0020532840,-0.0315207200,-0.0422365700,0.2243513000,0.9735926000,True,1.0000000000,4.0917660000,0.0327571400,0.0029281620,-0.0338599100,-0.2102822000,0.2117165000,0.9544410000,-0.0015686190,0.0024777990,-0.0326557600,-0.1242229000,0.2190114000,0.9677823000,0.0000000000,
18.4309,8690,True,1.0000000000,3.9986270000,-0.0338905500,0.0020300750,-0.0315140100,-0.0253755300,0.2245040000,0.9741427000,True,1.0000000000,4.0710300000,0.0328016400,0.0028849490,-0.0338323800,-0.1876542000,0.2201862000,0.9572377000,-0.0018766480,0.0024404300,-0.0326268800,-0.1036241000,0.2231787000,0.9692540000,0.0000000000,
18.46887,8732,True,1.0000000000,4.0459440000,-0.0336866300,0.0020288700,-0.0314797400,-0.0201571200,0.2024867000,0.9790775000,True,1.0000000000,4.0853880000,0.0329560000,0.0028222960,-0.0337950300,-0.1757520000,0.2072158000,0.9623787000,-0.0021708530,0.0024040830,-0.0325746600,-0.0940255200,0.2053547000,0.9741605000,0.0000000000,
18.50319,8799,True,1.0000000000,4.0057220000,-0.0330032400,0.0026283880,-0.0316055500,0.0714723900,0.3002634000,0.9511748000,True,1.0000000000,4.0583040000,0.0335047900,0.0033066100,-0.0339513900,-0.0837720600,0.3005723000,0.9500729000,-0.0013326420,0.0029513550,-0.0327226100,-0.0024567000,0.3013196000,0.9535201000,0.0000000000,
18.5591,8832,True,1.0000000000,3.9256740000,-0.0329148700,0.0025385590,-0.0315790600,0.0749667900,0.2899336000,0.9541061000,True,1.0000000000,4.0916600000,0.0336540900,0.0031435400,-0.0339406000,-0.0848556300,0.2989555000,0.9504868000,0.0038238980,0.0028724370,-0.0328823700,-0.0132751700,0.2958533000,0.9551411000,0.0000000000,
18.66325,8890,True,1.0000000000,3.9375920000,-0.0329168900,0.0024253540,-0.0315544500,0.1035923000,0.2796336000,0.9545018000,True,1.0000000000,3.9886320000,0.0337605900,0.0029751430,-0.0338950700,-0.0722206200,0.2676878000,0.9607952000,0.0046783150,0.0027353520,-0.0328741800,0.0044708470,0.2739424000,0.9617357000,0.0000000000,
18.7604,8932,True,1.0000000000,3.8453980000,-0.0329397600,0.0023777160,-0.0315421400,0.1024036000,0.2718860000,0.9568654000,True,1.0000000000,4.0390780000,0.0337628800,0.0029327090,-0.0338519300,-0.0775614800,0.2447085000,0.9664895000,0.0044655460,0.0026889350,-0.0328374200,0.0014801100,0.2577070000,0.9662220000,0.0000000000,
18.80162,9032,True,1.0000000000,3.9253390000,-0.0327110900,0.0025373230,-0.0315957200,0.1320813000,0.2944973000,0.9464808000,True,1.0000000000,4.0919190000,0.0338674300,0.0031089630,-0.0339587700,-0.0279693800,0.2976839000,0.9542547000,0.0043087470,0.0028551790,-0.0329096500,0.0432131600,0.2972126000,0.9538329000,0.0000000000,
18.87946,9132,True,1.0000000000,3.8709720000,-0.0328899100,0.0023915250,-0.0315597500,0.1291362000,0.2851435000,0.9497458000,True,1.0000000000,3.9824070000,0.0338293500,0.0029954990,-0.0339192200,-0.0434114900,0.2783676000,0.9594930000,-0.0040738680,0.0026523900,-0.0325788000,0.0548104100,0.2832685000,0.9574731000,0.0000000000,
18.97959,9182,True,1.0000000000,3.8603210000,-0.0329682000,0.0023183290,-0.0315507800,0.1238267000,0.2804755000,0.9518405000,True,1.0000000000,3.9706730000,0.0337707200,0.0029957890,-0.0339038600,-0.0468601900,0.2729518000,0.9608858000,-0.0042909090,0.0026094360,-0.0325618900,0.0506596900,0.2782316000,0.9591771000,0.0000000000,
19.06835,9257,True,1.0000000000,3.7751310000,-0.0330526000,0.0022758640,-0.0315310400,0.1041274000,0.2702215000,0.9571509000,True,1.0000000000,3.9346160000,0.0337130100,0.0029630740,-0.0338895100,-0.0713657500,0.2733475000,0.9592643000,-0.0035331270,0.0025797120,-0.0325738100,0.0266422300,0.2726480000,0.9617449000,0.0000000000,
19.14616,9332,True,1.0000000000,3.8254700000,-0.0331442400,0.0022194220,-0.0315118300,0.0973674700,0.2610046000,0.9604146000,True,1.0000000000,3.8504940000,0.0336389500,0.0029201810,-0.0338505100,-0.0801397600,0.2534351000,0.9640270000,-0.0029259190,0.0025365140,-0.0325700400,0.0171053500,0.2585945000,0.9658346000,0.0000000000,
19.29065,9473,True,1.0000000000,3.8543850000,-0.0332856600,0.0021412350,-0.0314852800,0.0846260900,0.2494989000,0.9646702000,True,1.0000000000,3.8997040000,0.0335007300,0.0028814090,-0.0338158600,-0.0918594300,0.2440836000,0.9653937000,-0.0025835570,0.0024815060,-0.0325566700,0.0034943010,0.2479733000,0.9687606000,0.0000000000,
19.31285,9557,True,1.0000000000,3.8686520000,-0.0332959300,0.0021225440,-0.0314707200,0.0799565500,0.2410446000,0.9672148000,True,1.0000000000,3.9835970000,0.0335118300,0.0028824920,-0.0338299300,-0.0920415400,0.2521224000,0.9633082000,0.0031758420,0.0025374150,-0.0327586500,-0.0139772600,0.2480049000,0.9686580000,0.0000000000,
19.33525,9657,True,1.0000000000,3.9125210000,-0.0332977200,0.0021482850,-0.0314987000,0.0819868300,0.2589001000,0.9624183000,True,1.0000000000,3.8834530000,0.0335035400,0.0029190980,-0.0338271800,-0.1075604000,0.2482022000,0.9627182000,0.0038020020,0.0025763700,-0.0327918900,-0.0233766900,0.2540918000,0.9668976000,0.0000000000,
19.3793,9698,True,1.0000000000,3.8333130000,-0.0332869400,0.0021604160,-0.0314918500,0.0807958800,0.2542133000,0.9637675000,True,1.0000000000,3.9388430000,0.0335034800,0.0029324040,-0.0338293000,-0.1001745000,0.2501234000,0.9630179000,0.0034493260,0.0025850220,-0.0327775000,-0.0188143800,0.2529946000,0.9672847000,0.0000000000,
19.40163,9715,True,1.0000000000,3.8900760000,-0.0332867800,0.0021553650,-0.0314891100,0.0873265400,0.2536788000,0.9633386000,True,1.0000000000,3.7902530000,0.0335020900,0.0029300230,-0.0338252000,-0.0932315800,0.2472697000,0.9644510000,-0.0027698060,0.0025093230,-0.0325565000,0.0048371150,0.2517741000,0.9677739000,0.0000000000,
19.42626,9757,True,1.0000000000,3.8785710000,-0.0332677000,0.0021404880,-0.0314898900,0.0869603500,0.2573105000,0.9624080000,True,1.0000000000,3.8620300000,0.0335048500,0.0029241490,-0.0338264200,-0.0944825900,0.2500005000,0.9636248000,-0.0011596370,0.0025173190,-0.0326134300,-0.0002746593,0.2548380000,0.9669837000,0.0000000000,
19.44614,9773,True,1.0000000000,3.8827360000,-0.0332631200,0.0021402440,-0.0314882500,0.0838023100,0.2565644000,0.9628872000,True,1.0000000000,3.8460240000,0.0335072200,0.0029248960,-0.0338258100,-0.0943911200,0.2504432000,0.9635188000,-0.0003913727,0.0025265350,-0.0326390600,-0.0039367960,0.2545642000,0.9670479000,0.0000000000,
19.44614,9790,True,1.0000000000,3.8967290000,-0.0333395400,0.0021193240,-0.0314883400,0.0842141700,0.2574643000,0.9626111000,True,1.0000000000,3.8729250000,0.0334470800,0.0029268190,-0.0338338200,-0.0987862000,0.2581655000,0.9610369000,-0.0002607117,0.0025192720,-0.0326500300,-0.0064392240,0.2588965000,0.9658836000,0.0000000000,
19.44614,9798,True,1.0000000000,3.7962340000,-0.0335511800,0.0020719300,-0.0314957000,0.0289005700,0.2597084000,0.9652545000,True,1.0000000000,3.8893280000,0.0332004200,0.0029446870,-0.0338293200,-0.1512009000,0.2446772000,0.9577429000,-0.0008669281,0.0024992680,-0.0326383200,-0.0595254900,0.2533915000,0.9655307000,0.0000000000,
19.46835,9807,True,1.0000000000,3.9324650000,-0.0338147000,0.0020723880,-0.0315444200,-0.0303957700,0.2670464000,0.9632042000,True,1.0000000000,4.0341800000,0.0329005300,0.0029504240,-0.0338590300,-0.1955884000,0.2512375000,0.9479582000,-0.0019123990,0.0024922490,-0.0326512300,-0.1097732000,0.2603948000,0.9592416000,0.0000000000,
19.46835,9815,True,1.0000000000,3.7934420000,-0.0340629000,0.0020764920,-0.0315704500,-0.0733653500,0.2541237000,0.9643852000,True,1.0000000000,3.8544160000,0.0326127000,0.0030113220,-0.0339043600,-0.2399028000,0.2492718000,0.9382485000,-0.0040070500,0.0024978940,-0.0326225300,-0.1489583000,0.2528263000,0.9559761000,0.0000000000,
19.46835,9823,True,1.0000000000,3.9576110000,-0.0342442500,0.0020760040,-0.0316075600,-0.0876315000,0.2639626000,0.9605438000,True,1.0000000000,3.8882750000,0.0324491700,0.0030361030,-0.0339363100,-0.2694427000,0.2524747000,0.9293316000,-0.0064448240,0.0024761970,-0.0325782300,-0.1640957000,0.2602582000,0.9514927000,0.0000000000,
19.49045,9832,True,1.0000000000,3.9114070000,-0.0343095500,0.0020837860,-0.0316310200,-0.1035022000,0.2610367000,0.9597641000,True,1.0000000000,3.8528140000,0.0323859300,0.0030292050,-0.0339390900,-0.2705120000,0.2505226000,0.9295492000,-0.0070755470,0.0024698330,-0.0325734700,-0.1723036000,0.2576467000,0.9507521000,0.0000000000,
19.49045,9840,True,1.0000000000,3.8397830000,-0.0342974900,0.0020717770,-0.0316157400,-0.0901807500,0.2672615000,0.9593949000,True,1.0000000000,3.9993440000,0.0324054000,0.0030213470,-0.0339391900,-0.2652607000,0.2563801000,0.9294654000,-0.0075081640,0.0024531560,-0.0325488900,-0.1611041000,0.2639038000,0.9509996000,0.0000000000,
19.49045,9848,True,1.0000000000,3.9347080000,-0.0342955300,0.0020708010,-0.0316160300,-0.0904860500,0.2681927000,0.9591063000,True,1.0000000000,3.9011230000,0.0324243000,0.0029945380,-0.0339169700,-0.2637644000,0.2402353000,0.9341924000,-0.0072908020,0.0024446720,-0.0325473400,-0.1612415000,0.2578613000,0.9526325000,0.0000000000,
19.51256,9857,True,1.0000000000,3.9749760000,-0.0342974900,0.0020698090,-0.0316163300,-0.0899969900,0.2684956000,0.9590676000,True,1.0000000000,3.9692690000,0.0324248400,0.0029915930,-0.0339330800,-0.2777898000,0.2481568000,0.9280362000,-0.0071862190,0.0024443510,-0.0325577000,-0.1670410000,0.2613878000,0.9506702000,0.0000000000,
19.51256,9865,True,1.0000000000,3.9637910000,-0.0342986000,0.0020675660,-0.0316165800,-0.0946209400,0.2667728000,0.9591033000,True,1.0000000000,3.9510500000,0.0324231700,0.0029918210,-0.0339313700,-0.2745706000,0.2466466000,0.9293957000,-0.0049131620,0.0024746250,-0.0326360500,-0.1745942000,0.2589921000,0.9499684000,0.0000000000,
19.51256,9873,True,1.0000000000,3.9529720000,-0.0342997200,0.0020653380,-0.0316168400,-0.0992288800,0.2650478000,0.9591159000,True,1.0000000000,3.9330750000,0.0324215300,0.0029915930,-0.0339296600,-0.2713634000,0.2454539000,0.9306526000,-0.0026640320,0.0025045170,-0.0327134600,-0.1815508000,0.2567468000,0.9492736000,0.0000000000,
19.51256,9882,True,1.0000000000,3.9577640000,-0.0343053300,0.0020623930,-0.0316174600,-0.1001743000,0.2639933000,0.9593084000,True,1.0000000000,3.9494480000,0.0324220300,0.0029916690,-0.0339286400,-0.2698390000,0.2453789000,0.9311155000,-0.0016230160,0.0025175480,-0.0327494500,-0.1839611000,0.2558305000,0.9490570000,0.0000000000,
19.51256,9890,True,1.0000000000,3.9529570000,-0.0343109400,0.0020594330,-0.0316180900,-0.1011357000,0.2647870000,0.9589888000,True,1.0000000000,3.9323730000,0.0324225500,0.0029917600,-0.0339276200,-0.2680076000,0.2450735000,0.9317247000,-0.0005781403,0.0025307160,-0.0327855200,-0.1861591000,0.2557552000,0.9486485000,0.0000000000,
19.51256,9898,True,1.0000000000,3.9580540000,-0.0343120900,0.0020578160,-0.0316174600,-0.1004347000,0.2641942000,0.9592259000,True,1.0000000000,3.9351500000,0.0324236900,0.0029918980,-0.0339269700,-0.2674285000,0.2450588000,0.9318950000,-0.0012618870,0.0025204160,-0.0327612300,-0.1838090000,0.2556480000,0.9491355000,0.0000000000,
19.51256,9907,True,1.0000000000,3.9637910000,-0.0343109400,0.0020594330,-0.0316168400,-0.1003580000,0.2645136000,0.9591459000,True,1.0000000000,3.9379430000,0.0324248400,0.0029920500,-0.0339263500,-0.2668630000,0.2448749000,0.9321054000,-0.0012764890,0.0025210880,-0.0327600400,-0.1834443000,0.2557111000,0.9491891000,0.0000000000,
19.51256,9915,True,1.0000000000,3.9571080000,-0.0343097600,0.0020597840,-0.0316167900,-0.0986036700,0.2638281000,0.9595166000,True,1.0000000000,3.9466250000,0.0324251600,0.0029927670,-0.0339255200,-0.2658717000,0.2447838000,0.9324125000,-0.0014600830,0.0025190280,-0.0327532400,-0.1815958000,0.2553724000,0.9496357000,0.0000000000,
19.51256,9923,True,1.0000000000,3.9513550000,-0.0343085600,0.0020601350,-0.0316167500,-0.0968334300,0.2641023000,0.9596214000,True,1.0000000000,3.9249270000,0.0324564700,0.0029903260,-0.0339065900,-0.2635053000,0.2362682000,0.9352766000,-0.0017083280,0.0025143280,-0.0327348300,-0.1788644000,0.2514203000,0.9512073000,0.0000000000,
19.51256,9932,True,1.0000000000,3.9388120000,-0.0343066900,0.0020619360,-0.0316165300,-0.0959026600,0.2635530000,0.9598659000,True,1.0000000000,3.9792180000,0.0324666600,0.0029858860,-0.0339114100,-0.2647758000,0.2410785000,0.9336889000,-0.0018571170,0.0025109410,-0.0327317700,-0.1786366000,0.2535733000,0.9506785000,0.0000000000,
19.51256,9940,True,1.0000000000,3.9258730000,-0.0343048300,0.0020637210,-0.0316163300,-0.0949723000,0.2627608000,0.9601755000,True,1.0000000000,4.0352780000,0.0324744600,0.0029839020,-0.0339149100,-0.2605151000,0.2458971000,0.9336308000,-0.0020023500,0.0025088350,-0.0327282000,-0.1756767000,0.2555117000,0.9507110000,0.0000000000,
19.51256,9948,True,1.0000000000,3.9479060000,-0.0342658900,0.0020712590,-0.0316158000,-0.0870367100,0.2721728000,0.9583040000,True,1.0000000000,3.9839480000,0.0324855100,0.0029739380,-0.0339003200,-0.2512692000,0.2371699000,0.9384105000,-0.0023291780,0.0025031430,-0.0327088200,-0.1662010000,0.2563359000,0.9521918000,0.0000000000,
19.51256,9957,True,1.0000000000,3.8596650000,-0.0342489000,0.0020550540,-0.0315931700,-0.0842601300,0.2564120000,0.9628879000,True,1.0000000000,3.9497990000,0.0324939900,0.0029666900,-0.0339020600,-0.2502171000,0.2398257000,0.9380166000,-0.0018678280,0.0024973450,-0.0327133500,-0.1653608000,0.2492543000,0.9542159000,0.0000000000,
19.51256,9965,True,1.0000000000,3.8965150000,-0.0342392300,0.0020476990,-0.0315893900,-0.0753334600,0.2576475000,0.9632978000,True,1.0000000000,3.9427340000,0.0325081900,0.0029612890,-0.0339051800,-0.2503677000,0.2455917000,0.9364832000,-0.0011190340,0.0025010230,-0.0327385000,-0.1628276000,0.2526566000,0.9537567000,0.0000000000,
19.51256,9973,True,1.0000000000,3.8721920000,-0.0342346800,0.0020476990,-0.0315900000,-0.0764935200,0.2578013000,0.9631652000,True,1.0000000000,3.9345550000,0.0325203300,0.0029586950,-0.0339025700,-0.2480190000,0.2454555000,0.9371436000,-0.0005199585,0.0025077970,-0.0327579700,-0.1637434000,0.2525197000,0.9536362000,0.0000000000,
19.64668,9982,True,1.0000000000,3.8975520000,-0.0342301500,0.0020476990,-0.0315906100,-0.0774547200,0.2584876000,0.9629044000,True,1.0000000000,3.9318850000,0.0325309300,0.0029634100,-0.0338984200,-0.2434392000,0.2447057000,0.9385396000,-0.0000757294,0.0025161740,-0.0327712700,-0.1629501000,0.2523369000,0.9538204000,0.0000000000,
19.66797,9990,True,1.0000000000,3.7962650000,-0.0342111700,0.0020566410,-0.0315911900,-0.0755624600,0.2602419000,0.9625822000,True,1.0000000000,3.9705050000,0.0325388300,0.0029807740,-0.0339065900,-0.2458839000,0.2509041000,0.9362630000,0.0004068604,0.0025359190,-0.0327920100,-0.1645072000,0.2563511000,0.9524817000,0.0000000000,
19.69036,10007,True,1.0000000000,3.7537990000,-0.0341747000,0.0020779730,-0.0315951000,-0.0687870000,0.2686630000,0.9607750000,True,1.0000000000,3.9832610000,0.0325584600,0.0030112310,-0.0339087700,-0.2426789000,0.2530550000,0.9365202000,0.0005900269,0.0025641480,-0.0328004200,-0.1600047000,0.2615527000,0.9518344000,0.0000000000,
19.71261,10023,True,1.0000000000,3.8423460000,-0.0341404500,0.0020731050,-0.0315712600,-0.0628519300,0.2568094000,0.9644162000,True,1.0000000000,3.9751280000,0.0325876300,0.0030247800,-0.0339005100,-0.2327745000,0.2504291000,0.9397347000,0.0005072632,0.0025672460,-0.0327807000,-0.1516421000,0.2544407000,0.9551255000,0.0000000000,
19.71261,10057,True,1.0000000000,3.8286440000,-0.0341053500,0.0020551910,-0.0315826700,-0.0604863600,0.2704796000,0.9608237000,True,1.0000000000,3.9284520000,0.0326275600,0.0030203400,-0.0338971100,-0.2218970000,0.2527508000,0.9417424000,0.0001455078,0.0025505530,-0.0327705700,-0.1438161000,0.2622564000,0.9542214000,0.0000000000,
19.71261,10065,True,1.0000000000,3.8542940000,-0.0341084300,0.0020473480,-0.0315803100,-0.0551918800,0.2704509000,0.9611505000,True,1.0000000000,3.8216550000,0.0326262400,0.0030166170,-0.0338957400,-0.2072460000,0.2602248000,0.9430441000,-0.0014191440,0.0025221410,-0.0327144900,-0.1300532000,0.2662253000,0.9550970000,0.0000000000,
19.73512,10073,True,1.0000000000,3.8345640000,-0.0341246100,0.0020214080,-0.0315798700,-0.0486303700,0.2717167000,0.9611478000,True,1.0000000000,3.8706970000,0.0326228800,0.0030183560,-0.0338981300,-0.2111090000,0.2636307000,0.9412395000,-0.0018156130,0.0025039670,-0.0327020100,-0.1277017000,0.2687092000,0.9547186000,0.0000000000,
19.73512,10082,True,1.0000000000,3.8010410000,-0.0341564200,0.0019931490,-0.0316006000,-0.0421604900,0.2876313000,0.9568128000,True,1.0000000000,3.9023130000,0.0326075900,0.0030151830,-0.0339003000,-0.2093361000,0.2636729000,0.9416236000,-0.0020823210,0.0024841460,-0.0327054000,-0.1229115000,0.2771192000,0.9529417000,0.0000000000,
19.73512,10090,True,1.0000000000,3.9041750000,-0.0341878400,0.0019720610,-0.0315981600,-0.0392920300,0.2864428000,0.9572913000,True,1.0000000000,3.9853360000,0.0326007200,0.0030170600,-0.0339103600,-0.2049737000,0.2742647000,0.9395556000,-0.0023794560,0.0024697420,-0.0326993600,-0.1186239000,0.2816211000,0.9521649000,0.0000000000,
19.75708,10098,True,1.0000000000,3.8986820000,-0.0342235300,0.0019304810,-0.0315990900,-0.0307316200,0.2861214000,0.9577004000,True,1.0000000000,3.8626560000,0.0326055900,0.0030051420,-0.0339153400,-0.1944916000,0.2797896000,0.9401547000,-0.0026517790,0.0024381720,-0.0326933600,-0.1084602000,0.2840901000,0.9526433000,0.0000000000,
19.75708,10107,True,1.0000000000,3.9869690000,-0.0342581200,0.0019077450,-0.0316120500,-0.0351717400,0.2950306000,0.9548402000,True,1.0000000000,3.9165190000,0.0326317500,0.0029823760,-0.0339087700,-0.1967192000,0.2770427000,0.9405046000,-0.0023886570,0.0024197390,-0.0327063200,-0.1125202000,0.2874194000,0.9511726000,0.0000000000,
19.75708,10115,True,1.0000000000,3.9344180000,-0.0343165400,0.0018768310,-0.0316131900,-0.0233614100,0.2925287000,0.9559714000,True,1.0000000000,3.9309690000,0.0326510300,0.0029741210,-0.0339133900,-0.1994797000,0.2769034000,0.9399640000,0.0001257019,0.0024411770,-0.0327962200,-0.1143818000,0.2856188000,0.9514928000,0.0000000000,
19.77921,10123,True,1.0000000000,3.9550170000,-0.0344453900,0.0019035040,-0.0316026000,-0.0491036000,0.2593884000,0.9645240000,True,1.0000000000,3.9610600000,0.0325048200,0.0030200650,-0.0338963500,-0.1955739000,0.2405115000,0.9507392000,0.0000678558,0.0024790950,-0.0327850500,-0.1249548000,0.2503522000,0.9600573000,0.0000000000,
19.77921,10132,True,1.0000000000,-1.0000000000,-0.0345259000,0.0017155760,-0.0313140600,0.0000000000,0.0000000000,0.0000000000,True,1.0000000000,-1.0000000000,0.0322253300,0.0030041500,-0.0337887400,0.0000000000,0.0000000000,0.0000000000,0.0010000000,-0.0010000000,-0.0010000000,0.5773503000,-0.5773503000,-0.5773503000,0.0000000000,
19.77921,10140,True,1.0000000000,-1.0000000000,-0.0342099900,-0.0001826325,-0.0314713600,0.0000000000,0.0000000000,0.0000000000,True,1.0000000000,-1.0000000000,0.0323612200,0.0025328370,-0.0341558400,0.0000000000,0.0000000000,0.0000000000,0.0010000000,-0.0010000000,-0.0010000000,0.5773503000,-0.5773503000,-0.5773503000,0.0000000000,
19.77921,10148,True,1.0000000000,-1.0000000000,-0.0341212300,-0.0006488343,-0.0315503000,0.0000000000,0.0000000000,0.0000000000,True,1.0000000000,-1.0000000000,0.0323612200,0.0025328370,-0.0341558400,0.0000000000,0.0000000000,0.0000000000,0.0010000000,-0.0010000000,-0.0010000000,0.5773503000,-0.5773503000,-0.5773503000,0.0000000000,
19.80145,10157,True,0.4633193000,-1.0000000000,-0.0341212300,-0.0006488343,-0.0315503000,0.0000000000,0.0000000000,0.0000000000,True,0.4633193000,-1.0000000000,0.0323612200,0.0025328370,-0.0341558400,0.0000000000,0.0000000000,0.0000000000,0.0010000000,-0.0010000000,-0.0010000000,0.5773503000,-0.5773503000,-0.5773503000,0.0000000000,
19.80145,10165,True,0.4633193000,-1.0000000000,-0.0341212300,-0.0006488343,-0.0315503000,0.0000000000,0.0000000000,0.0000000000,True,0.4633193000,-1.0000000000,0.0323612200,0.0025328370,-0.0341558400,0.0000000000,0.0000000000,0.0000000000,0.0010000000,-0.0010000000,-0.0010000000,0.5773503000,-0.5773503000,-0.5773503000,0.0000000000,
19.80145,10173,True,0.2736382000,-1.0000000000,-0.0341212300,-0.0006488343,-0.0315503000,0.0000000000,0.0000000000,0.0000000000,True,0.2736382000,-1.0000000000,0.0323612200,0.0025328370,-0.0341558400,0.0000000000,0.0000000000,0.0000000000,0.0010000000,-0.0010000000,-0.0010000000,0.5773503000,-0.5773503000,-0.5773503000,0.0000000000,
19.82985,10182,True,0.2736382000,-1.0000000000,-0.0341212300,-0.0006488343,-0.0315503000,0.0000000000,0.0000000000,0.0000000000,True,0.2736382000,-1.0000000000,0.0323612200,0.0025328370,-0.0341558400,0.0000000000,0.0000000000,0.0000000000,0.0010000000,-0.0010000000,-0.0010000000,0.5773503000,-0.5773503000,-0.5773503000,0.0000000000,
19.82985,10190,True,0.2537301000,-1.0000000000,-0.0341212300,-0.0006488343,-0.0315503000,0.0000000000,0.0000000000,0.0000000000,True,0.2537301000,-1.0000000000,0.0323612200,0.0025328370,-0.0341558400,0.0000000000,0.0000000000,0.0000000000,0.0010000000,-0.0010000000,-0.0010000000,0.5773503000,-0.5773503000,-0.5773503000,0.0000000000,
19.84603,10198,True,0.2537301000,-1.0000000000,-0.0349305800,-0.0013678740,-0.0319651500,0.0000000000,0.0000000000,0.0000000000,True,0.2537301000,-1.0000000000,0.0319713200,0.0005731964,-0.0339736000,0.0000000000,0.0000000000,0.0000000000,0.0010000000,-0.0010000000,-0.0010000000,0.5773503000,-0.5773503000,-0.5773503000,0.0000000000,
19.84603,10207,True,0.2424642000,-1.0000000000,-0.0344198000,-0.0009057312,-0.0316705000,0.0000000000,0.0000000000,0.0000000000,True,0.2424642000,-1.0000000000,0.0319713200,0.0005731964,-0.0339736000,0.0000000000,0.0000000000,0.0000000000,0.0010000000,-0.0010000000,-0.0010000000,0.5773503000,-0.5773503000,-0.5773503000,0.0000000000,
19.87592,10215,True,0.2424642000,-1.0000000000,-0.0344528500,-0.0009629975,-0.0316947000,0.0000000000,0.0000000000,0.0000000000,True,0.2424642000,-1.0000000000,0.0311577300,0.0019748230,-0.0339694700,0.0000000000,0.0000000000,0.0000000000,0.0010000000,-0.0010000000,-0.0010000000,0.5773503000,-0.5773503000,-0.5773503000,0.0000000000,
19.8926,10223,True,0.3894024000,-1.0000000000,-0.0344015800,-0.0002816925,-0.0315882600,0.0000000000,0.0000000000,0.0000000000,True,0.3894024000,-1.0000000000,0.0311173900,0.0017827760,-0.0339900400,0.0000000000,0.0000000000,0.0000000000,0.0010000000,-0.0010000000,-0.0010000000,0.5773503000,-0.5773503000,-0.5773503000,0.0000000000,
19.8926,10232,True,0.3894024000,-1.0000000000,-0.0351250200,0.0000252686,-0.0316664800,0.0000000000,0.0000000000,0.0000000000,True,0.3894024000,-1.0000000000,0.0310911000,0.0016433560,-0.0340274200,0.0000000000,0.0000000000,0.0000000000,0.0010000000,-0.0010000000,-0.0010000000,0.5773503000,-0.5773503000,-0.5773503000,0.0000000000,
19.90354,10248,True,0.5729945000,-1.0000000000,-0.0353439800,0.0001100006,-0.0317360400,0.0000000000,0.0000000000,0.0000000000,True,0.5729945000,-1.0000000000,0.0310439500,0.0014954830,-0.0340867500,0.0000000000,0.0000000000,0.0000000000,0.0010000000,-0.0010000000,-0.0010000000,0.5773503000,-0.5773503000,-0.5773503000,0.0000000000,
19.92365,10257,True,0.5729945000,-1.0000000000,-0.0348166700,0.0007762910,-0.0315122100,0.0000000000,0.0000000000,0.0000000000,True,0.5729945000,-1.0000000000,0.0310714900,0.0014320370,-0.0340921400,0.0000000000,0.0000000000,0.0000000000,0.0010000000,-0.0010000000,-0.0010000000,0.5773503000,-0.5773503000,-0.5773503000,0.0000000000,
19.93529,10265,True,0.6177344000,-1.0000000000,-0.0349263600,0.0006292877,-0.0315822000,0.0000000000,0.0000000000,0.0000000000,True,0.6177344000,-1.0000000000,0.0310880000,0.0014243470,-0.0340696300,0.0000000000,0.0000000000,0.0000000000,0.0010000000,-0.0010000000,-0.0010000000,0.5773503000,-0.5773503000,-0.5773503000,0.0000000000,
19.93529,10282,True,0.6177344000,-1.0000000000,-0.0347245500,0.0008566285,-0.0314810600,0.0000000000,0.0000000000,0.0000000000,True,0.6177344000,-1.0000000000,0.0313438100,0.0014836430,-0.0339832900,0.0000000000,0.0000000000,0.0000000000,0.0010000000,-0.0010000000,-0.0010000000,0.5773503000,-0.5773503000,-0.5773503000,0.0000000000,
19.95738,10290,True,0.6516050000,-1.0000000000,-0.0345660000,0.0008958893,-0.0314148900,0.0000000000,0.0000000000,0.0000000000,True,0.6516050000,-1.0000000000,0.0315083800,0.0014990240,-0.0339364300,0.0000000000,0.0000000000,0.0000000000,0.0010000000,-0.0010000000,-0.0010000000,0.5773503000,-0.5773503000,-0.5773503000,0.0000000000,
19.96822,10307,True,0.6508896000,3.9852600000,-0.0344311900,0.0009607239,-0.0313700000,-0.3067642000,-0.1868600000,0.9332626000,True,0.6508896000,3.9094090000,0.0317078900,0.0015177920,-0.0338981600,-0.4198951000,-0.1638351000,0.8926624000,0.0303130500,0.0015060580,-0.0338448400,-0.4175758000,-0.1643539000,0.8936544000,0.0000000000,
19.96822,10315,True,0.6508896000,3.8533480000,-0.0343177700,0.0009816132,-0.0313117500,-0.2858475000,-0.2146336000,0.9339291000,True,0.6508896000,3.8964840000,0.0318398900,0.0015386200,-0.0338687900,-0.4121930000,-0.1607389000,0.8968054000,0.0262530200,0.0014915770,-0.0336528600,-0.4018447000,-0.1654071000,0.9006449000,0.0000000000,
19.97927,10323,True,0.7365294000,3.8345180000,-0.0341734200,0.0010052340,-0.0312523500,-0.2767211000,-0.2235741000,0.9345801000,True,0.7365294000,3.8849790000,0.0319605600,0.0015526890,-0.0338416100,-0.4015713000,-0.1623711000,0.9013191000,0.0205782800,0.0014584660,-0.0333959700,-0.3806366000,-0.1731443000,0.9083704000,0.0000000000,
19.98997,10332,True,0.7365294000,3.8445740000,-0.0341763000,0.0010195620,-0.0313344100,-0.2393502000,-0.1710211000,0.9557527000,True,0.7365294000,3.9597630000,0.0320877100,0.0015742490,-0.0338125000,-0.3921092000,-0.1661242000,0.9047945000,0.0190905500,0.0014654540,-0.0333264500,-0.3628893000,-0.1674217000,0.9166687000,0.0000000000,
20.00132,10340,True,0.7806014000,3.9301760000,-0.0339725400,0.0009976960,-0.0310597700,-0.2474529000,-0.1761787000,0.9527477000,True,0.7806014000,3.8181760000,0.0322018300,0.0015466770,-0.0337990300,-0.3732011000,-0.1455390000,0.9162638000,0.0195918600,0.0014420620,-0.0332770400,-0.3497327000,-0.1515966000,0.9245028000,0.0000000000,
20.00132,10348,True,0.7806014000,3.8987430000,-0.0338160400,0.0008765869,-0.0305481600,-0.2500329000,-0.1733110000,0.9526000000,True,0.7806014000,3.9764100000,0.0323136300,0.0015613710,-0.0337798000,-0.3614379000,-0.1467908000,0.9207687000,0.0301613800,0.0015390930,-0.0336746200,-0.3578985000,-0.1476913000,0.9220065000,0.0000000000,
20.0125,10357,True,0.8049699000,3.9561770000,-0.0337620300,0.0006948395,-0.0298922300,-0.2254820000,-0.1603261000,0.9609649000,True,0.8049699000,3.9594880000,0.0324173200,0.0015631720,-0.0337867700,-0.3479174000,-0.1473244000,0.9258775000,0.0324116700,0.0015630950,-0.0337864500,-0.3479040000,-0.1473251000,0.9258823000,0.0000000000,
20.02371,10365,True,0.8049699000,3.9340820000,-0.0337021900,0.0006151123,-0.0295452600,-0.2117496000,-0.1603419000,0.9640812000,True,0.8049699000,4.0138090000,0.0325030200,0.0015629730,-0.0337793500,-0.3484851000,-0.1448537000,0.9260537000,0.0325030100,0.0015629730,-0.0337793300,-0.3484851000,-0.1448537000,0.9260537000,0.0000000000,
20.02371,10373,True,0.8238238000,3.9977110000,-0.0336579800,0.0004943237,-0.0290715000,-0.1950713000,-0.1569237000,0.9681540000,True,0.8238238000,3.9988860000,0.0325740200,0.0015811010,-0.0338139500,-0.3348444000,-0.1323112000,0.9329378000,0.0325740200,0.0015811010,-0.0338139500,-0.3348444000,-0.1323112000,0.9329378000,0.0000000000,
20.04587,10382,True,0.8238238000,3.9418790000,-0.0337012600,0.0011607510,-0.0315839100,-0.1472797000,-0.1409472000,0.9790008000,True,0.8238238000,3.9754640000,0.0326323100,0.0015871580,-0.0338437500,-0.3257627000,-0.1223002000,0.9375080000,0.0326323100,0.0015871580,-0.0338437500,-0.3257627000,-0.1223002000,0.9375080000,0.0000000000,
20.05718,10390,True,1.0000000000,3.8337400000,-0.0336591700,0.0011912540,-0.0316486400,-0.1302512000,-0.1399560000,0.9815534000,True,1.0000000000,3.9184110000,0.0326811100,0.0016553650,-0.0340271800,-0.3051634000,-0.1174328000,0.9450316000,0.0326811100,0.0016553650,-0.0340271800,-0.3051634000,-0.1174328000,0.9450316000,0.0000000000,
20.05718,10398,True,1.0000000000,3.8229220000,-0.0336321900,0.0011203610,-0.0314361600,-0.1168996000,-0.1338218000,0.9840865000,True,1.0000000000,3.8970640000,0.0327165200,0.0017572480,-0.0343204100,-0.2991342000,-0.1090854000,0.9479552000,0.0327165200,0.0017572480,-0.0343204100,-0.2991342000,-0.1090854000,0.9479552000,0.0000000000,
20.06816,10407,True,1.0000000000,3.8148960000,-0.0336116800,0.0011352690,-0.0314724400,-0.1107790000,-0.1093599000,0.9878100000,True,1.0000000000,3.9562230000,0.0327249500,0.0020101320,-0.0351375300,-0.2745868000,-0.1104146000,0.9552019000,0.0327249500,0.0020101320,-0.0351375300,-0.2745868000,-0.1104146000,0.9552019000,0.0000000000,
20.07909,10415,True,1.0000000000,3.8227690000,-0.0335872700,0.0011556860,-0.0315577900,-0.1104599000,-0.1049361000,0.9883254000,True,1.0000000000,3.9943540000,0.0327449400,0.0020702820,-0.0352864100,-0.2716112000,-0.1154195000,0.9554610000,0.0327442700,0.0020702820,-0.0352863800,-0.2716112000,-0.1154195000,0.9554610000,0.0000000000,
20.09027,10423,True,1.0000000000,3.8712160000,-0.0335602700,0.0011822510,-0.0316868300,-0.0963295800,-0.0938576300,0.9909144000,True,1.0000000000,3.9354100000,0.0327668200,0.0021568450,-0.0355119600,-0.2481702000,-0.1270606000,0.9603474000,0.0327565200,0.0021566930,-0.0355113700,-0.2481421000,-0.1270466000,0.9603565000,0.0000000000,
20.09027,10432,True,1.0000000000,3.8825680000,-0.0335422500,0.0012014470,-0.0317561700,-0.0883032800,-0.1055458000,0.9904861000,True,1.0000000000,4.0353700000,0.0328086700,0.0020792080,-0.0351788200,-0.2574944000,-0.1085063000,0.9601682000,0.0327653800,0.0020786440,-0.0351765900,-0.2573872000,-0.1085061000,0.9601970000,0.0000000000,
20.10157,10440,True,1.0000000000,3.8506160000,-0.0335674100,0.0012876740,-0.0321627200,-0.0599982000,-0.0967875300,0.9934950000,True,1.0000000000,3.9707340000,0.0328485700,0.0020854040,-0.0351243000,-0.2490403000,-0.1096046000,0.9622712000,0.0308208200,0.0020610510,-0.0350338900,-0.2433949000,-0.1092690000,0.9637527000,0.0000000000,
20.11248,10448,True,1.0000000000,3.8039700000,-0.0335539900,0.0012743070,-0.0321297600,-0.0499732900,-0.0807202200,0.9954833000,True,1.0000000000,3.8682400000,0.0328788500,0.0020554350,-0.0349677400,-0.2311725000,-0.1239176000,0.9649889000,-0.0307187800,0.0013076480,-0.0322508800,-0.0577546400,-0.0826265100,0.9949057000,0.0000000000,
20.12359,10457,True,1.0000000000,3.8367460000,-0.0335405600,0.0012787170,-0.0321456000,-0.0370942500,-0.0902560600,0.9952276000,True,1.0000000000,3.9600070000,0.0329023500,0.0021025240,-0.0350550600,-0.2297073000,-0.1018378000,0.9679171000,-0.0335057500,0.0012791600,-0.0321471300,-0.0372014300,-0.0902722000,0.9952221000,0.0000000000,
20.13491,10465,True,1.0000000000,3.8542330000,-0.0335609600,0.0012103430,-0.0320775300,-0.0590982400,-0.0851454100,0.9946144000,True,1.0000000000,3.9923400000,0.0328545500,0.0020991060,-0.0351195700,-0.2373995000,-0.1052260000,0.9656961000,-0.0258475700,0.0013135680,-0.0324308400,-0.0799412000,-0.0876316700,0.9929401000,0.0000000000,
20.13491,10473,True,1.0000000000,3.9556270000,-0.0336588000,0.0009640351,-0.0315141800,-0.1060337000,-0.1295324000,0.9858896000,True,1.0000000000,3.9895630000,0.0327097600,0.0018082430,-0.0344276400,-0.2777588000,-0.1167310000,0.9535323000,0.0013175200,0.0014089360,-0.0330495800,-0.1972990000,-0.1232623000,0.9725634000,0.0000000000,
20.14576,10490,True,1.0000000000,3.9807430000,-0.0337472900,0.0009064027,-0.0313848900,-0.1280998000,-0.1389337000,0.9819816000,True,1.0000000000,3.9961240000,0.0325682100,0.0017200010,-0.0342991400,-0.2921163000,-0.1335459000,0.9470130000,0.0017942050,0.0013424530,-0.0329467700,-0.2167699000,-0.1365226000,0.9666294000,0.0000000000,
20.15678,10498,True,1.0000000000,3.9417880000,-0.0337612500,0.0009131928,-0.0313925500,-0.1097274000,-0.1343096000,0.9848456000,True,1.0000000000,3.9439090000,0.0325911700,0.0017293240,-0.0343003700,-0.2769665000,-0.1273212000,0.9524069000,-0.0277961600,0.0009865724,-0.0316539600,-0.1249091000,-0.1338507000,0.9830980000,0.0000000000,
20.15678,10507,True,1.0000000000,3.9068300000,-0.0337710900,0.0009208985,-0.0313935400,-0.1082768000,-0.1407629000,0.9841046000,True,1.0000000000,4.0733640000,0.0326079600,0.0017431030,-0.0343110700,-0.2837082000,-0.1197363000,0.9514058000,-0.0314997700,0.0009490357,-0.0314933800,-0.1143350000,-0.1401073000,0.9835128000,0.0000000000,
20.18399,10515,True,1.0000000000,3.9585570000,-0.0337948000,0.0009250641,-0.0314176600,-0.0955063600,-0.1292594000,0.9870008000,True,1.0000000000,3.9221190000,0.0326091600,0.0017596590,-0.0343081100,-0.2894912000,-0.1195837000,0.9496813000,-0.0259939000,0.0010231170,-0.0317572200,-0.1185466000,-0.1283887000,0.9846132000,0.0000000000,
20.18399,10523,True,1.0000000000,3.9663700000,-0.0338120900,0.0009545594,-0.0314241500,-0.0949717200,-0.1225294000,0.9879104000,True,1.0000000000,4.0010070000,0.0326024000,0.0017879790,-0.0343243300,-0.2691851000,-0.1160451000,0.9560716000,-0.0082397930,0.0012754670,-0.0325408400,-0.1626595000,-0.1204840000,0.9792985000,0.0000000000,
20.20239,10540,True,1.0000000000,3.9393310000,-0.0338359100,0.0010036470,-0.0314539700,-0.0863046300,-0.1119854000,0.9899549000,True,1.0000000000,4.0104370000,0.0325998900,0.0018412320,-0.0343559900,-0.2636114000,-0.1103213000,0.9582997000,-0.0057746280,0.0013574220,-0.0326797400,-0.1618354000,-0.1117253000,0.9804727000,0.0000000000,
20.21234,10557,True,1.0000000000,3.9683840000,-0.0338229400,0.0010561680,-0.0314738000,-0.0786897600,-0.1195682000,0.9897027000,True,1.0000000000,4.0050810000,0.0326283000,0.0019209290,-0.0345616000,-0.2487837000,-0.1053180000,0.9628161000,-0.0136362600,0.0013188630,-0.0324118200,-0.1307699000,-0.1156024000,0.9846498000,0.0000000000,
20.22333,10565,True,1.0000000000,3.9428860000,-0.0338163000,0.0011284790,-0.0316456100,-0.0700383000,-0.0994421700,0.9925753000,True,1.0000000000,4.0035250000,0.0326519300,0.0019427190,-0.0345999400,-0.2473474000,-0.1151440000,0.9620609000,-0.0198969600,0.0012989960,-0.0322642800,-0.1074689000,-0.1030133000,0.9888573000,0.0000000000,
20.22333,10573,True,1.0000000000,3.9287260000,-0.0337957800,0.0011578060,-0.0317417600,-0.0678406800,-0.0952912800,0.9931350000,True,1.0000000000,4.0213010000,0.0326767000,0.0019887540,-0.0347254600,-0.2458367000,-0.1144267000,0.9625335000,-0.0167109200,0.0013713840,-0.0325086400,-0.1139543000,-0.1005263000,0.9883870000,0.0000000000,
20.23472,10582,True,1.0000000000,4.0061490000,-0.0337692000,0.0012185520,-0.0319585400,-0.0567173100,-0.0868536300,0.9946052000,True,1.0000000000,4.0472560000,0.0326948700,0.0021047970,-0.0351005700,-0.2473332000,-0.0999770000,0.9637587000,-0.0237650500,0.0013519440,-0.0324314800,-0.0856171000,-0.0890503400,0.9923406000,0.0000000000,
20.24692,10590,True,1.0000000000,3.9030000000,-0.0337480900,0.0012585140,-0.0321056700,-0.0589295200,-0.0799256300,0.9950574000,True,1.0000000000,4.0433650000,0.0327092600,0.0021641240,-0.0353057400,-0.2361467000,-0.0986487800,0.9666970000,-0.0263820300,0.0013588870,-0.0324603600,-0.0787056100,-0.0821236100,0.9935095000,0.0000000000,
20.24692,10598,True,1.0000000000,3.9172820000,-0.0337382700,0.0012758940,-0.0321844500,-0.0460056100,-0.0784307900,0.9958574000,True,1.0000000000,3.9701840000,0.0327339200,0.0021469730,-0.0351994800,-0.2348338000,-0.0953220700,0.9673504000,-0.0270975000,0.0013629150,-0.0324856600,-0.0649726500,-0.0802468600,0.9946552000,0.0000000000,
20.26787,10607,True,1.0000000000,3.9595490000,-0.0337347400,0.0013095700,-0.0322903900,-0.0376896400,-0.0735634600,0.9965781000,True,1.0000000000,3.9375920000,0.0327530500,0.0021558080,-0.0351711300,-0.2300891000,-0.1045540000,0.9675368000,-0.0228785400,0.0014477390,-0.0327607600,-0.0692912900,-0.0788281900,0.9944772000,0.0000000000,
20.26787,10615,True,1.0000000000,3.9420320000,-0.0337289300,0.0013039700,-0.0322697200,-0.0374608900,-0.0738383800,0.9965664000,True,1.0000000000,4.0560910000,0.0327672300,0.0021524810,-0.0351131400,-0.2313259000,-0.0945292900,0.9682730000,-0.0132613200,0.0015651400,-0.0331449300,-0.0975351200,-0.0805366600,0.9919682000,0.0000000000,
20.27928,10623,True,1.0000000000,3.9640200000,-0.0337223400,0.0012428440,-0.0320728300,-0.0413669900,-0.0715796900,0.9965767000,True,1.0000000000,3.9939420000,0.0327825200,0.0020944670,-0.0348543900,-0.2236662000,-0.0911419100,0.9703951000,-0.0039454810,0.0016241460,-0.0333182400,-0.1235065000,-0.0806744300,0.9890590000,0.0000000000,
20.27928,10632,True,1.0000000000,3.8887330000,-0.0337195900,0.0012436370,-0.0320710200,-0.0466008700,-0.0682685900,0.9965780000,True,1.0000000000,4.0254970000,0.0327876900,0.0020748750,-0.0347585600,-0.2299386000,-0.0930038800,0.9687510000,-0.0097002560,0.0015438390,-0.0330416300,-0.1132824000,-0.0775154500,0.9905344000,0.0000000000,
20.29021,10640,True,1.0000000000,3.9238890000,-0.0337185800,0.0012237240,-0.0320035000,-0.0427403800,-0.0709542200,0.9965634000,True,1.0000000000,4.0442960000,0.0327928600,0.0020752570,-0.0346956200,-0.2264716000,-0.0971072300,0.9691650000,-0.0268513400,0.0013116460,-0.0322814500,-0.0618141200,-0.0737619000,0.9953583000,0.0000000000,
20.30121,10648,True,1.0000000000,3.9370880000,-0.0337207400,0.0012193600,-0.0319814000,-0.0382082400,-0.0746006700,0.9964812000,True,1.0000000000,4.0484310000,0.0327936900,0.0020848540,-0.0347271700,-0.2262277000,-0.0945896000,0.9694709000,-0.0305728300,0.0012603300,-0.0321113500,-0.0471346600,-0.0756077200,0.9960230000,0.0000000000,
20.31229,10657,True,1.0000000000,3.9946900000,-0.0337167100,0.0012196960,-0.0319947100,-0.0271301500,-0.0742188200,0.9968729000,True,1.0000000000,4.0528260000,0.0327945100,0.0020944670,-0.0347587300,-0.2259705000,-0.0921033000,0.9697703000,-0.0318379200,0.0012444000,-0.0320727900,-0.0327607600,-0.0747683900,0.9966627000,0.0000000000,
20.31229,10665,True,1.0000000000,3.9728850000,-0.0337162200,0.0012258000,-0.0320230300,-0.0345919700,-0.0632329500,0.9973992000,True,1.0000000000,4.0349270000,0.0328118800,0.0021288150,-0.0348457400,-0.2077514000,-0.0882123200,0.9741961000,-0.0317493900,0.0012525030,-0.0321064800,-0.0397191400,-0.0639961800,0.9971594000,0.0000000000,
20.32334,10673,True,1.0000000000,3.9131160000,-0.0337054800,0.0012320710,-0.0320093700,-0.0255586400,-0.0568851500,0.9980536000,True,1.0000000000,4.1209260000,0.0328264900,0.0021394200,-0.0348855800,-0.2087427000,-0.0890971100,0.9739036000,-0.0247487800,0.0013542330,-0.0323965800,-0.0503237400,-0.0613559000,0.9968466000,0.0000000000,
20.33485,10682,True,1.0000000000,4.0255430000,-0.0336849700,0.0012898260,-0.0321618100,-0.0267183900,-0.0650793500,0.9975224000,True,1.0000000000,4.0822600000,0.0329082600,0.0018157500,-0.0337727700,-0.2257708000,-0.0713353900,0.9715651000,-0.0322906200,0.0013008420,-0.0321955400,-0.0308995200,-0.0652475700,0.9973906000,0.0000000000,
20.33485,10690,True,1.0000000000,4.0221710000,-0.0336663700,0.0013307950,-0.0322358100,-0.0280458400,-0.0664219600,0.9973974000,True,1.0000000000,4.1813350000,0.0329276400,0.0017825010,-0.0336649200,-0.2221392000,-0.0745550300,0.9721603000,-0.0336531400,0.0013308720,-0.0322361000,-0.0280915800,-0.0664218700,0.9973961000,0.0000000000,
20.35764,10698,True,1.0000000000,3.9314580000,-0.0336536400,0.0013556370,-0.0323479300,-0.0159455400,-0.0698856900,0.9974276000,True,1.0000000000,4.1641240000,0.0329500400,0.0017571410,-0.0335880300,-0.2164033000,-0.0700998900,0.9737842000,-0.0336531500,0.0013556370,-0.0323479500,-0.0159455400,-0.0698856900,0.9974276000,0.0000000000,
20.36779,10706,True,1.0000000000,4.0135500000,-0.0336352400,0.0013754880,-0.0324226200,-0.0138397800,-0.0593264300,0.9981427000,True,1.0000000000,4.1342320000,0.0329616400,0.0017754980,-0.0336317300,-0.2170271000,-0.0651401700,0.9739897000,-0.0336350600,0.0013754880,-0.0324226200,-0.0138397800,-0.0593264300,0.9981427000,0.0000000000,
20.37891,10715,True,1.0000000000,4.0373540000,-0.0336208500,0.0013482060,-0.0322771100,-0.0035858360,-0.0491488400,0.9987850000,True,1.0000000000,4.1247710000,0.0329709400,0.0017865300,-0.0336255500,-0.2117170000,-0.0652622500,0.9751496000,-0.0336207600,0.0013482060,-0.0322771100,-0.0035858360,-0.0491488400,0.9987850000,0.0000000000,
20.37891,10723,True,1.0000000000,3.9608610000,-0.0336077100,0.0013633420,-0.0322499700,-0.0037994800,-0.0604407200,0.9981646000,True,1.0000000000,4.2028960000,0.0329758900,0.0018189700,-0.0336786400,-0.2124808000,-0.0692145700,0.9747109000,-0.0336075900,0.0013633420,-0.0322499700,-0.0037994800,-0.0604407200,0.9981646000,0.0000000000,
20.393,10731,True,1.0000000000,4.0202940000,-0.0336030800,0.0013580020,-0.0322128200,-0.0091095910,-0.0542760700,0.9984844000,True,1.0000000000,4.1749270000,0.0329793900,0.0018282620,-0.0336751300,-0.1959702000,-0.0532230900,0.9791644000,-0.0336026200,0.0013580020,-0.0322128200,-0.0091095910,-0.0542760700,0.9984844000,0.0000000000,
20.393,10740,True,1.0000000000,4.0162510000,-0.0335983600,0.0013840180,-0.0322770700,-0.0097504750,-0.0607764300,0.9981038000,True,1.0000000000,4.1745910000,0.0329789700,0.0018448180,-0.0337025600,-0.1977855000,-0.0546725500,0.9787195000,-0.0335908100,0.0013840640,-0.0322772400,-0.0097657330,-0.0607764300,0.9981037000,0.0000000000,
20.40131,10748,True,1.0000000000,4.0351560000,-0.0335593300,0.0012924960,-0.0318489700,-0.0220185300,-0.0633853000,0.9977462000,True,1.0000000000,4.2207640000,0.0329828000,0.0018483120,-0.0336950500,-0.2026525000,-0.0557252500,0.9776639000,-0.0308243000,0.0013153380,-0.0319248500,-0.0294651000,-0.0631111600,0.9975714000,0.0000000000,
20.41217,10756,True,1.0000000000,4.0783230000,-0.0335677300,0.0014310150,-0.0323825100,-0.0275574300,-0.0552064100,0.9980946000,True,1.0000000000,4.1992800000,0.0329825900,0.0018544620,-0.0337047300,-0.1995881000,-0.0536660200,0.9784092000,0.0215240500,0.0017815550,-0.0334770700,-0.1703366000,-0.0540475000,0.9839026000,0.0000000000,
20.41217,10765,True,1.0000000000,3.9465480000,-0.0335615500,0.0014450380,-0.0323859100,-0.0173340900,-0.0583652400,0.9981448000,True,1.0000000000,4.2089540000,0.0329889400,0.0018836820,-0.0337526300,-0.1985197000,-0.0551308100,0.9785451000,0.0218772000,0.0018104400,-0.0335244300,-0.1686569000,-0.0558019000,0.9840940000,0.0000000000,
20.42387,10773,True,1.0000000000,4.0366820000,-0.0335949200,0.0015204160,-0.0326483600,-0.0017089870,-0.0508576200,0.9987044000,True,1.0000000000,4.1553650000,0.0330165900,0.0018430020,-0.0335909400,-0.1861911000,-0.0611583100,0.9806082000,0.0272541200,0.0018150940,-0.0335094000,-0.1704725000,-0.0603489700,0.9835126000,0.0000000000,
20.43482,10781,True,1.0000000000,3.9198610000,-0.0335802800,0.0014716340,-0.0324204600,0.0030975450,-0.0668184600,0.9977604000,True,1.0000000000,4.2584840000,0.0330359000,0.0018428040,-0.0335690800,-0.2004731000,-0.0617227800,0.9777529000,0.0281491100,0.0018155670,-0.0334848200,-0.1858083000,-0.0621802300,0.9806166000,0.0000000000,
20.44618,10790,True,1.0000000000,4.0316930000,-0.0335307600,0.0013714140,-0.0318991400,-0.0176698700,-0.0691841000,0.9974474000,True,1.0000000000,4.1923370000,0.0330619200,0.0018709260,-0.0336447900,-0.1952831000,-0.0601199600,0.9789025000,0.0309159100,0.0018548280,-0.0335885300,-0.1896679000,-0.0604404200,0.9799863000,0.0000000000,
20.45697,10798,True,1.0000000000,3.9279020000,-0.0335435500,0.0015040590,-0.0323767100,0.0075226630,-0.0637824200,0.9979355000,True,1.0000000000,4.1211090000,0.0330784200,0.0019189000,-0.0337995600,-0.1800715000,-0.0596932200,0.9818406000,0.0312398100,0.0019074400,-0.0337603000,-0.1749745000,-0.0598303900,0.9827534000,0.0000000000,
20.46832,10806,True,1.0000000000,3.9600680000,-0.0334681100,0.0012567600,-0.0314583600,-0.0133211100,-0.0518806100,0.9985645000,True,1.0000000000,4.1530910000,0.0330943900,0.0019211120,-0.0338262800,-0.1819321000,-0.0578770800,0.9816063000,0.0329922000,0.0019200900,-0.0338226500,-0.1816731000,-0.0578772100,0.9816543000,0.0000000000,
20.4792,10823,True,1.0000000000,4.0039830000,-0.0334006400,0.0012590790,-0.0313590400,-0.0062408850,-0.0459750300,0.9989231000,True,1.0000000000,4.1751400000,0.0331359600,0.0019169920,-0.0338531800,-0.1773241000,-0.0483250500,0.9829654000,0.0331296700,0.0019169310,-0.0338529400,-0.1773093000,-0.0483251800,0.9829680000,0.0000000000,
20.49033,10831,True,1.0000000000,4.0768590000,-0.0333814500,0.0012624970,-0.0313548300,-0.0096130860,-0.0411989400,0.9991047000,True,1.0000000000,4.1542360000,0.0331642900,0.0019100190,-0.0338616500,-0.1720449000,-0.0522925000,0.9837002000,0.0331628600,0.0019100040,-0.0338616000,-0.1720449000,-0.0522925000,0.9837002000,0.0000000000,
20.49033,10840,True,1.0000000000,3.9995270000,-0.0333602900,0.0012489320,-0.0312265000,-0.0049286370,-0.0422672600,0.9990942000,True,1.0000000000,4.1711880000,0.0331840700,0.0019404450,-0.0339388900,-0.1703508000,-0.0460209500,0.9843082000,0.0331837800,0.0019404300,-0.0339388700,-0.1703508000,-0.0460209500,0.9843082000,0.0000000000,
20.50176,10848,True,1.0000000000,4.0108340000,-0.0333430500,0.0012363740,-0.0311221500,-0.0106813100,-0.0435949900,0.9989922000,True,1.0000000000,4.1909480000,0.0332040900,0.0019453580,-0.0339107400,-0.1605401000,-0.0368047500,0.9863429000,0.0332039700,0.0019453580,-0.0339107400,-0.1605401000,-0.0368047500,0.9863429000,0.0000000000,
20.51237,10856,True,1.0000000000,4.0214840000,-0.0333323400,0.0012370760,-0.0310903900,-0.0045318800,-0.0406038100,0.9991651000,True,1.0000000000,4.1759190000,0.0332114300,0.0019528660,-0.0338812700,-0.1660472000,-0.0383150700,0.9853731000,0.0332112400,0.0019528660,-0.0338812700,-0.1660472000,-0.0383150700,0.9853731000,0.0000000000,
20.51237,10865,True,1.0000000000,3.9307560000,-0.0333459000,0.0012623440,-0.0312135300,0.0049744330,-0.0332798700,0.9994337000,True,1.0000000000,4.1654050000,0.0332133800,0.0019710850,-0.0338772600,-0.1586769000,-0.0397188200,0.9865313000,0.0332107100,0.0019710540,-0.0338771500,-0.1586621000,-0.0397189200,0.9865337000,0.0000000000,
20.52591,10873,True,1.0000000000,3.9343870000,-0.0333456400,0.0012338100,-0.0311008200,0.0103302900,-0.0326388400,0.9994138000,True,1.0000000000,4.1469120000,0.0332092500,0.0020106810,-0.0339520900,-0.1659859000,-0.0460817500,0.9850509000,0.0331602700,0.0020101170,-0.0339500000,-0.1658647000,-0.0460819900,0.9850713000,0.0000000000,
20.53463,10881,True,1.0000000000,4.0114900000,-0.0333458900,0.0012311100,-0.0310941200,0.0111390500,-0.0303348300,0.9994777000,True,1.0000000000,4.2173460000,0.0332057800,0.0020486600,-0.0340371100,-0.1651167000,-0.0424655500,0.9853594000,0.0329450100,0.0020454560,-0.0340255900,-0.1644292000,-0.0424195500,0.9854763000,0.0000000000,
20.54617,10890,True,1.0000000000,3.9409790000,-0.0333525900,0.0014129030,-0.0316644300,0.0175020600,-0.0420995500,0.9989601000,True,1.0000000000,4.1324770000,0.0332013100,0.0020791780,-0.0341098600,-0.1658958000,-0.0528876800,0.9847241000,0.0280294500,0.0020274050,-0.0339198300,-0.1518254000,-0.0521089100,0.9870328000,0.0000000000,
20.55744,10898,True,1.0000000000,3.9487460000,-0.0333557000,0.0012644200,-0.0312146800,0.0146944100,-0.0322269900,0.9993725000,True,1.0000000000,4.1408690000,0.0332004100,0.0020840300,-0.0341180900,-0.1647960000,-0.0489199900,0.9851137000,0.0202049900,0.0019239960,-0.0335511800,-0.1300829000,-0.0457769700,0.9904458000,0.0000000000,
20.55744,10906,True,1.0000000000,3.9696810000,-0.0333548400,0.0012557530,-0.0311960900,0.0179291700,-0.0336458100,0.9992730000,True,1.0000000000,4.1341550000,0.0332013100,0.0020846710,-0.0341098600,-0.1640020000,-0.0476381000,0.9853091000,0.0099952090,0.0017956540,-0.0330939300,-0.1009529000,-0.0429232900,0.9939649000,0.0000000000,
20.5689,10915,True,1.0000000000,3.9844820000,-0.0333491700,0.0012306820,-0.0311424900,0.0202179600,-0.0309449200,0.9993166000,True,1.0000000000,4.1302340000,0.0332014300,0.0020819250,-0.0341075100,-0.1585707000,-0.0463260800,0.9862602000,0.0029462130,0.0016949310,-0.0327595500,-0.0775911200,-0.0394898400,0.9962029000,0.0000000000,
20.58027,10923,True,1.0000000000,4.0327910000,-0.0333440700,0.0012431640,-0.0311890400,0.0192719500,-0.0289613300,0.9993947000,True,1.0000000000,4.1336060000,0.0332015400,0.0020791780,-0.0341051700,-0.1573794000,-0.0466309400,0.9864367000,0.0020129700,0.0016873630,-0.0327384500,-0.0748752400,-0.0384981100,0.9964495000,0.0000000000,
20.58027,10931,True,1.0000000000,3.9639280000,-0.0333383900,0.0012629700,-0.0312648600,0.0228424500,-0.0361176200,0.9990864000,True,1.0000000000,4.1451570000,0.0332224600,0.0020275570,-0.0339926600,-0.1566176000,-0.0390628600,0.9868865000,0.0074544380,0.0017315520,-0.0329366300,-0.0874787300,-0.0380707200,0.9954386000,0.0000000000,
20.59156,10940,True,1.0000000000,3.9589840000,-0.0333310800,0.0012758180,-0.0313041800,0.0273591800,-0.0336153300,0.9990603000,True,1.0000000000,4.1475830000,0.0332283000,0.0020090790,-0.0339583600,-0.1563122000,-0.0403140200,0.9868846000,0.0131082000,0.0017874150,-0.0331560400,-0.1011509000,-0.0384217700,0.9941289000,0.0000000000,
20.60367,10948,True,1.0000000000,3.9570010000,-0.0333288900,0.0012763980,-0.0313066600,0.0264893300,-0.0325928600,0.9991176000,True,1.0000000000,4.1127930000,0.0332364200,0.0019789280,-0.0338684500,-0.1559770000,-0.0339359000,0.9871776000,0.0152277800,0.0017888640,-0.0331753900,-0.1069651000,-0.0336764700,0.9936923000,0.0000000000,
20.61448,10956,True,1.0000000000,3.9549710000,-0.0333266900,0.0012769620,-0.0313091300,0.0256196200,-0.0318147200,0.9991654000,True,1.0000000000,4.1084440000,0.0332383900,0.0019760740,-0.0338619200,-0.1521783000,-0.0354467300,0.9877172000,0.0077081000,0.0017079470,-0.0328828300,-0.0842900000,-0.0341798700,0.9958549000,0.0000000000,
20.61448,10965,True,1.0000000000,3.9447170000,-0.0333270900,0.0012787320,-0.0313189400,0.0259402800,-0.0322422500,0.9991434000,True,1.0000000000,4.1127320000,0.0332403600,0.0019732210,-0.0338553800,-0.1523759000,-0.0347293800,0.9877123000,-0.0055641480,0.0015683750,-0.0323768000,-0.0486151700,-0.0334019500,0.9982589000,0.0000000000,
20.63701,10973,True,1.0000000000,3.9411770000,-0.0333290000,0.0012865300,-0.0313746500,0.0321047300,-0.0397189200,0.9986950000,True,1.0000000000,4.1231990000,0.0332397900,0.0019760740,-0.0338619200,-0.1522540000,-0.0360874600,0.9876824000,-0.0168078900,0.0014576570,-0.0319919400,-0.0136719100,-0.0389405300,0.9991480000,0.0000000000,
20.67159,10981,True,1.0000000000,3.9356230000,-0.0333339200,0.0012651830,-0.0313106800,0.0369264000,-0.0366517500,0.9986456000,True,1.0000000000,4.0904080000,0.0332330000,0.0020102840,-0.0339334600,-0.1488346000,-0.0324555200,0.9883294000,-0.0129505200,0.0014933320,-0.0321138000,-0.0200196900,-0.0355074900,0.9991689000,0.0000000000,
20.69339,11023,True,1.0000000000,3.8953700000,-0.0335073900,0.0012214810,-0.0314190800,0.0167847700,-0.0363771700,0.9991972000,True,1.0000000000,4.0617370000,0.0330387300,0.0021218870,-0.0342522700,-0.1627976000,-0.0529180100,0.9852394000,-0.0196025100,0.0014096220,-0.0320110800,-0.0207826400,-0.0399478300,0.9989856000,0.0000000000,
20.70496,11031,True,1.0000000000,3.9667050000,-0.0335143300,0.0012180180,-0.0314113500,0.0156861500,-0.0403750600,0.9990615000,True,1.0000000000,4.0532530000,0.0330324100,0.0021413580,-0.0342891400,-0.1549381000,-0.0516206100,0.9865746000,-0.0249569700,0.0013367460,-0.0317814100,-0.0062561230,-0.0418855100,0.9991028000,0.0000000000,
20.70496,11048,True,1.0000000000,3.8908540000,-0.0335377700,0.0012326200,-0.0314058100,0.0244906300,-0.0404362400,0.9988819000,True,1.0000000000,4.0049290000,0.0330044300,0.0021472470,-0.0342498300,-0.1436924000,-0.0442048200,0.9886346000,-0.0302682400,0.0012775730,-0.0315455500,0.0162354100,-0.0406343000,0.9990422000,0.0000000000,
20.72787,11056,True,1.0000000000,3.8727720000,-0.0335521100,0.0012427220,-0.0314442000,0.0251162700,-0.0404057600,0.9988676000,True,1.0000000000,4.0242460000,0.0329863600,0.0021414950,-0.0341993300,-0.1427919000,-0.0467377200,0.9886486000,-0.0314701400,0.0012708440,-0.0315304100,0.0198672400,-0.0406195000,0.9989772000,0.0000000000,
20.72787,11065,True,1.0000000000,3.8320770000,-0.0335662600,0.0012344360,-0.0314489500,0.0286255100,-0.0386963100,0.9988409000,True,1.0000000000,4.0052340000,0.0329740600,0.0021207120,-0.0341310400,-0.1384738000,-0.0451508600,0.9893364000,-0.0309423400,0.0012693940,-0.0315547000,0.0220490400,-0.0389711100,0.9989970000,0.0000000000,
20.73829,11081,True,1.0000000000,3.8918610000,-0.0335995700,0.0012473450,-0.0316200600,0.0333406300,-0.0402834100,0.9986319000,True,1.0000000000,3.9958650000,0.0329573500,0.0020528260,-0.0339385100,-0.1325844000,-0.0400545500,0.9903620000,-0.0293712600,0.0012985230,-0.0317673500,0.0228273800,-0.0402988800,0.9989269000,0.0000000000,
20.73829,11090,True,1.0000000000,3.8761750000,-0.0336072700,0.0012200620,-0.0315699900,0.0312808500,-0.0452733100,0.9984848000,True,1.0000000000,3.9648900000,0.0329777100,0.0019009400,-0.0334893500,-0.1348286000,-0.0471808500,0.9897451000,-0.0318770900,0.0012377630,-0.0316198700,0.0269778300,-0.0453496100,0.9986069000,0.0000000000,
20.75975,11098,True,1.0000000000,3.8459780000,-0.0336171000,0.0012148900,-0.0315818000,0.0335543100,-0.0437014700,0.9984810000,True,1.0000000000,4.0215000000,0.0329706100,0.0018976750,-0.0334771800,-0.1394204000,-0.0451662800,0.9892027000,-0.0329167000,0.0012220760,-0.0316017500,0.0317384300,-0.0437166300,0.9985397000,0.0000000000,
20.75975,11106,True,1.0000000000,3.8602140000,-0.0336363700,0.0011804050,-0.0315138100,0.0436250500,-0.0414430300,0.9981880000,True,1.0000000000,4.0189510000,0.0329573500,0.0019417570,-0.0336524500,-0.1345222000,-0.0439760600,0.9899343000,-0.0334069700,0.0011830290,-0.0315211600,0.0430151700,-0.0414434900,0.9982145000,0.0000000000,
20.77144,11115,True,1.0000000000,3.8436890000,-0.0336593200,0.0011132050,-0.0313643100,0.0493320100,-0.0393221800,0.9980081000,True,1.0000000000,4.0213780000,0.0329362600,0.0019731750,-0.0337754400,-0.1252761000,-0.0396580400,0.9913290000,-0.0335393200,0.0011147610,-0.0313686500,0.0490116000,-0.0393221900,0.9980239000,0.0000000000,
20.77144,11123,True,1.0000000000,3.8340760000,-0.0336938200,0.0012174840,-0.0316642200,0.0633399000,-0.0504766100,0.9967147000,True,1.0000000000,4.0476230000,0.0329185800,0.0020252530,-0.0339288300,-0.1215518000,-0.0368805700,0.9918997000,-0.0332917900,0.0012223660,-0.0316778900,0.0622258600,-0.0504002000,0.9967887000,0.0000000000,
20.79348,11131,True,1.0000000000,3.7851100000,-0.0337040900,0.0012184750,-0.0317212100,0.0645449600,-0.0493624000,0.9966932000,True,1.0000000000,4.0168910000,0.0328878400,0.0021008150,-0.0341184000,-0.1088267000,-0.0437626100,0.9930969000,-0.0328733400,0.0012294920,-0.0317511100,0.0623936300,-0.0493014900,0.9968332000,0.0000000000,
20.79348,11140,True,1.0000000000,3.8765260000,-0.0337290100,0.0012576600,-0.0318738900,0.0740359400,-0.0564730100,0.9956553000,True,1.0000000000,4.0005340000,0.0328471300,0.0021465150,-0.0342193800,-0.0997927300,-0.0479279800,0.9938533000,-0.0323872400,0.0012755740,-0.0319211600,0.0705570600,-0.0563205200,0.9959165000,0.0000000000,
20.80564,11148,True,1.0000000000,3.9255830000,-0.0337677500,0.0012618870,-0.0319405500,0.0774387900,-0.0569918900,0.9953669000,True,1.0000000000,4.0193630000,0.0328489100,0.0019978790,-0.0336493700,-0.1024640000,-0.0517584100,0.9933892000,-0.0304548200,0.0012984930,-0.0320255300,0.0685434200,-0.0567787300,0.9960311000,0.0000000000,
20.80564,11156,True,1.0000000000,3.9278110000,-0.0338371100,0.0011506810,-0.0317069700,0.0897981500,-0.0572968700,0.9943105000,True,1.0000000000,4.0613400000,0.0327578000,0.0021065220,-0.0340008900,-0.0845348900,-0.0491492600,0.9952076000,-0.0302094100,0.0012027590,-0.0318319300,0.0803686400,-0.0569004500,0.9951398000,0.0000000000,
20.85654,11165,True,1.0000000000,3.8872990000,-0.0340850400,0.0014274140,-0.0328700600,0.0484928700,-0.0547185200,0.9973236000,True,1.0000000000,3.9813080000,0.0325408500,0.0022095190,-0.0342359300,-0.1185617000,-0.0548252400,0.9914320000,0.0107322400,0.0019535220,-0.0337888300,-0.0640717300,-0.0549622300,0.9964306000,0.0000000000,
20.85654,11198,True,1.0000000000,4.1880040000,-0.0356048900,0.0011152190,-0.0321302700,-0.2569745000,0.0320741200,0.9658858000,True,1.0000000000,4.0383910000,0.0308441000,0.0024373630,-0.0343652400,-0.3984865000,0.0305941200,0.9166638000,0.0190456100,0.0022026060,-0.0339684000,-0.3739818000,0.0309146500,0.9269207000,0.0000000000,
20.86805,11206,True,1.0000000000,4.1411590000,-0.0358984400,0.0011359710,-0.0322807300,-0.3186986000,0.0430150100,0.9468796000,True,1.0000000000,4.0809170000,0.0304976400,0.0025123900,-0.0345276700,-0.4591388000,0.0529787300,0.8867834000,0.0246510300,0.0023911900,-0.0343298100,-0.4471908000,0.0521547100,0.8929167000,0.0000000000,
20.89394,11223,True,1.0000000000,4.1555480000,-0.0364349200,0.0011680760,-0.0326219800,-0.4245039000,0.0646368900,0.9031160000,True,1.0000000000,4.2372440000,0.0299279200,0.0025992740,-0.0348604300,-0.5613135000,0.0607761600,0.8253686000,0.0270340300,0.0025368650,-0.0347628200,-0.5556379000,0.0609898600,0.8291844000,0.0000000000,
20.90143,11231,True,1.0000000000,4.1745300000,-0.0365827600,0.0011893620,-0.0327303800,-0.4569112000,0.0672457800,0.8869668000,True,1.0000000000,4.1629180000,0.0297349600,0.0026067510,-0.0349960800,-0.5986556000,0.0541541200,0.7991738000,0.0211846800,0.0024240110,-0.0347039700,-0.5812880000,0.0559238900,0.8117738000,0.0000000000,
20.91274,11256,True,1.0000000000,4.2229160000,-0.0363849800,0.0011628110,-0.0326669500,-0.4723704000,0.0610967200,0.8792800000,True,1.0000000000,4.2035680000,0.0300600000,0.0024089050,-0.0348759800,-0.5951760000,0.0496984600,0.8020571000,0.0139633200,0.0021070250,-0.0343408400,-0.5665211000,0.0525672700,0.8223689000,0.0000000000,
20.92353,11265,True,1.0000000000,4.1448360000,-0.0361367500,0.0011450650,-0.0325441600,-0.4508587000,0.0688335000,0.8899373000,True,1.0000000000,4.1469570000,0.0303514100,0.0022915960,-0.0347758200,-0.5822384000,0.0616006600,0.8106811000,-0.0175315300,0.0014658970,-0.0331686400,-0.4887860000,0.0669709900,0.8698294000,0.0000000000,
20.92353,11273,True,1.0000000000,4.2194060000,-0.0358723500,0.0011207580,-0.0324076100,-0.4281025000,0.0474245200,0.9024850000,True,1.0000000000,4.1565090000,0.0306244500,0.0021910400,-0.0346871900,-0.5722094000,0.0596013300,0.8179390000,-0.0239112600,0.0013132780,-0.0328176400,-0.4549604000,0.0497136100,0.8891229000,0.0000000000,
20.93484,11281,True,1.0000000000,4.1723330000,-0.0356437600,0.0011329500,-0.0323214600,-0.4137325000,0.0589149900,0.9084902000,True,1.0000000000,4.1147610000,0.0308847500,0.0020971680,-0.0346072200,-0.5676672000,0.0491188900,0.8217915000,-0.0151133100,0.0014305120,-0.0330268400,-0.4627865000,0.0560763700,0.8846944000,0.0000000000,
20.97887,11290,True,1.0000000000,4.0815120000,-0.0353904700,0.0011441040,-0.0322277200,-0.4020414000,0.0508884200,0.9142063000,True,1.0000000000,4.1431880000,0.0311201500,0.0020162810,-0.0345512100,-0.5610608000,0.0512399600,0.8261872000,-0.0139872000,0.0014247590,-0.0329754200,-0.4548545000,0.0511785600,0.8890941000,0.0000000000,
20.99002,11323,True,1.0000000000,4.0202790000,-0.0346668500,0.0012509160,-0.0319855500,-0.3310429000,0.0595251500,0.9417364000,True,1.0000000000,3.9785160000,0.0318604400,0.0018766330,-0.0343429600,-0.4952459000,0.0514228000,0.8672296000,0.0099780590,0.0016708070,-0.0335675500,-0.4428334000,0.0542765000,0.8949596000,0.0000000000,
20.99002,11331,True,1.0000000000,3.9441680000,-0.0345898600,0.0012779540,-0.0319384800,-0.3036981000,0.0485538500,0.9515304000,True,1.0000000000,3.8935390000,0.0319549900,0.0018887940,-0.0343137800,-0.4811466000,0.0546424600,0.8749355000,0.0160911900,0.0017431640,-0.0337475300,-0.4403396000,0.0533754300,0.8962433000,0.0000000000,
21.01274,11340,True,1.0000000000,3.9340360000,-0.0345212700,0.0013192290,-0.0319240100,-0.2895674000,0.0584261900,0.9553727000,True,1.0000000000,3.9842830000,0.0320623600,0.0019607700,-0.0342748700,-0.4664686000,0.0594644500,0.8825367000,0.0198808400,0.0018433990,-0.0338447900,-0.4352922000,0.0594336400,0.8983253000,0.0000000000,
21.01274,11348,True,1.0000000000,4.0470730000,-0.0345041700,0.0013339080,-0.0319034000,-0.2702832000,0.0535897100,0.9612883000,True,1.0000000000,4.0136410000,0.0321063500,0.0020038450,-0.0342543600,-0.4669710000,0.0469977100,0.8830228000,0.0204853100,0.0018869630,-0.0338442100,-0.4340554000,0.0483097600,0.8995900000,0.0000000000,
21.02376,11365,True,1.0000000000,3.8566440000,-0.0343692000,0.0013758850,-0.0318682100,-0.2801691000,0.0664220900,0.9576499000,True,1.0000000000,3.9734500000,0.0321313000,0.0020333560,-0.0342347900,-0.4496057000,0.0518805100,0.8917192000,0.0200636800,0.0019140470,-0.0338053300,-0.4198962000,0.0546576200,0.9059248000,0.0000000000,
21.03484,11373,True,1.0000000000,3.8316500000,-0.0343459500,0.0014060360,-0.0318446000,-0.2650778000,0.0601506300,0.9623491000,True,1.0000000000,4.0125270000,0.0321512100,0.0020583040,-0.0342169200,-0.4418075000,0.0457158100,0.8959443000,0.0174117000,0.0019137270,-0.0336910900,-0.4038886000,0.0490727200,0.9134911000,0.0000000000,
21.03484,11381,True,1.0000000000,3.8928070000,-0.0343242700,0.0014316100,-0.0318355900,-0.2602876000,0.0628669900,0.9634823000,True,1.0000000000,3.8873900000,0.0321651300,0.0020740970,-0.0342103000,-0.4303026000,0.0523840000,0.9011635000,0.0129024700,0.0018879550,-0.0335223300,-0.3823447000,0.0556037800,0.9223452000,0.0000000000,
21.05284,11390,True,1.0000000000,3.8116610000,-0.0343126700,0.0014533690,-0.0318321800,-0.2624704000,0.0599984600,0.9630730000,True,1.0000000000,3.9342960000,0.0321808800,0.0020819400,-0.0341991900,-0.4242761000,0.0476538200,0.9042781000,0.0077933810,0.0018513950,-0.0333310600,-0.3662016000,0.0523537500,0.9290617000,0.0000000000,
21.07251,11406,True,1.0000000000,3.8068390000,-0.0343210900,0.0014969640,-0.0318202100,-0.2306526000,0.0666353300,0.9707519000,True,1.0000000000,3.9243160000,0.0322318600,0.0020836950,-0.0341790500,-0.4089418000,0.0461890500,0.9113908000,0.0014948270,0.0018127140,-0.0330896300,-0.3280529000,0.0558784000,0.9430053000,0.0000000000,
21.07879,11415,True,1.0000000000,3.8103030000,-0.0343025700,0.0015068210,-0.0318075600,-0.2167384000,0.0666817100,0.9739497000,True,1.0000000000,3.9162140000,0.0322675600,0.0020876920,-0.0341697000,-0.4016955000,0.0481271700,0.9145078000,0.0003314209,0.0018090360,-0.0330364900,-0.3144580000,0.0573129000,0.9475396000,0.0000000000,
21.08978,11431,True,1.0000000000,3.8212740000,-0.0342810400,0.0015322570,-0.0317942100,-0.1947339000,0.0649265600,0.9787049000,True,1.0000000000,3.9171600000,0.0323239300,0.0021011350,-0.0341551100,-0.3973890000,0.0434575000,0.9166207000,-0.0002280426,0.0018231050,-0.0330012700,-0.3000494000,0.0542603600,0.9523792000,0.0000000000,
21.10123,11440,True,1.0000000000,3.8559270000,-0.0342566400,0.0015563510,-0.0317914200,-0.1828638000,0.0692605700,0.9806956000,True,1.0000000000,3.8829650000,0.0323432900,0.0021051030,-0.0341488700,-0.3890710000,0.0510867300,0.9197901000,-0.0001279755,0.0018375550,-0.0329994700,-0.2902249000,0.0603033000,0.9550565000,0.0000000000,
21.10123,11448,True,1.0000000000,3.7432860000,-0.0342455500,0.0015682830,-0.0317814600,-0.1774618000,0.0595099900,0.9823267000,True,1.0000000000,3.8768620000,0.0323578000,0.0021142120,-0.0341396000,-0.3797204000,0.0511024100,0.9236888000,-0.0018619840,0.0018337250,-0.0329280400,-0.2773479000,0.0557411900,0.9591513000,0.0000000000,
21.11203,11456,True,1.0000000000,3.7792360000,-0.0342384200,0.0015781400,-0.0317775800,-0.1671776000,0.0612496200,0.9840224000,True,1.0000000000,3.7709960000,0.0323724100,0.0021307530,-0.0341413000,-0.3886018000,0.0475013600,0.9201806000,0.0003011627,0.0018646850,-0.0330032400,-0.2838902000,0.0544892200,0.9573073000,0.0000000000,
21.13455,11465,True,1.0000000000,3.7816770000,-0.0342403000,0.0015900730,-0.0317709400,-0.1520257000,0.0631265800,0.9863585000,True,1.0000000000,3.7606660000,0.0323803000,0.0021366430,-0.0341190200,-0.3712061000,0.0385900500,0.9277483000,0.0007329865,0.0018770140,-0.0330035900,-0.2688452000,0.0505677300,0.9618551000,0.0000000000,
21.13455,11473,True,1.0000000000,3.7890930000,-0.0342512500,0.0015977630,-0.0317779400,-0.1507882000,0.0695041500,0.9861197000,True,1.0000000000,3.7514340000,0.0323795500,0.0021423340,-0.0341189700,-0.3659694000,0.0470889600,0.9294348000,0.0004891663,0.0018816990,-0.0329985200,-0.2646350000,0.0581821500,0.9625919000,0.0000000000,
21.14559,11490,True,1.0000000000,3.7549740000,-0.0342903300,0.0015849610,-0.0317679600,-0.1372702000,0.0639963400,0.9884641000,True,1.0000000000,3.6347350000,0.0323579300,0.0021688690,-0.0341111900,-0.3412218000,0.0573738400,0.9382302000,-0.0020944220,0.0018670350,-0.0328999000,-0.2371098000,0.0611276100,0.9695578000,0.0000000000,
21.1566,11498,True,1.0000000000,3.6664120000,-0.0343141600,0.0015666660,-0.0317646200,-0.1406875000,0.0531316600,0.9886274000,True,1.0000000000,3.6757350000,0.0323451400,0.0021829680,-0.0341214500,-0.3488043000,0.0608069000,0.9352209000,-0.0018243870,0.0018670500,-0.0329133300,-0.2435312000,0.0572054300,0.9682046000,0.0000000000,
21.16784,11506,True,1.0000000000,3.7280270000,-0.0343249400,0.0015545350,-0.0317706800,-0.1355765000,0.0647593400,0.9886482000,True,1.0000000000,3.7609860000,0.0323358900,0.0021939090,-0.0341220700,-0.3482083000,0.0637211900,0.9352490000,-0.0023283540,0.0018614350,-0.0328993200,-0.2390759000,0.0646517900,0.9688462000,0.0000000000,
21.17871,11515,True,1.0000000000,3.6144710000,-0.0343329600,0.0015448460,-0.0317695000,-0.1360636000,0.0621952600,0.9887459000,True,1.0000000000,3.6466670000,0.0323283700,0.0021999510,-0.0341088000,-0.3268147000,0.0618900200,0.9430598000,-0.0033484500,0.0018493500,-0.0328568100,-0.2258015000,0.0623479400,0.9721761000,0.0000000000,
21.17871,11523,True,1.0000000000,3.6949620000,-0.0343332400,0.0015371400,-0.0317712100,-0.1373457000,0.0655523800,0.9883517000,True,1.0000000000,3.6611180000,0.0323264500,0.0022139590,-0.0341186500,-0.3367802000,0.0640570600,0.9394018000,-0.0034986420,0.0018502200,-0.0328570600,-0.2308086000,0.0652019800,0.9708121000,0.0000000000,
21.22435,11531,True,1.0000000000,3.7120970000,-0.0343330200,0.0015360570,-0.0317726000,-0.1365372000,0.0687416500,0.9882470000,True,1.0000000000,3.6617280000,0.0323295000,0.0022160340,-0.0341160000,-0.3308268000,0.0647127200,0.9414701000,-0.0035279850,0.0018502810,-0.0328554800,-0.2274513000,0.0672160800,0.9714669000,0.0000000000,
21.24673,11540,True,1.0000000000,3.7486880000,-0.0343273000,0.0015441130,-0.0317729500,-0.1376507000,0.0674291700,0.9881830000,True,1.0000000000,3.6360930000,0.0323452300,0.0022189790,-0.0341068600,-0.3261423000,0.0660402300,0.9430110000,-0.0033584290,0.0018575750,-0.0328570300,-0.2262603000,0.0670937700,0.9717534000,0.0000000000,
21.24673,11581,True,1.0000000000,3.6655880000,-0.0342100400,0.0015924380,-0.0317677300,-0.1133885000,0.0615542000,0.9916421000,True,1.0000000000,3.6899410000,0.0324789100,0.0021817470,-0.0340845400,-0.3137228000,0.0697178800,0.9469516000,-0.0026044010,0.0018717190,-0.0328657400,-0.2094433000,0.0657657500,0.9756067000,0.0000000000,
21.2565,11598,True,1.0000000000,3.6862790000,-0.0341818300,0.0016004490,-0.0317617500,-0.1177680000,0.0616611100,0.9911249000,True,1.0000000000,3.6695560000,0.0325144400,0.0021673890,-0.0340424100,-0.3028301000,0.0728769700,0.9502541000,-0.0032776340,0.0018631440,-0.0328185100,-0.2044392000,0.0671698500,0.9765720000,0.0000000000,
21.26759,11606,True,1.0000000000,3.6325070000,-0.0341770900,0.0016061100,-0.0317621000,-0.1217505000,0.0629886200,0.9905601000,True,1.0000000000,3.6419980000,0.0325212100,0.0021802370,-0.0340453200,-0.3031950000,0.0682837200,0.9504789000,-0.0049757540,0.0018574830,-0.0327617200,-0.2020428000,0.0655826500,0.9771784000,0.0000000000,
21.26759,11615,True,1.0000000000,3.6763310000,-0.0341783000,0.0016116490,-0.0317621800,-0.1184251000,0.0648507400,0.9908430000,True,1.0000000000,3.6435090000,0.0325201300,0.0022114110,-0.0340800000,-0.3116347000,0.0677652400,0.9477826000,-0.0051321720,0.0018728330,-0.0327715600,-0.2035554000,0.0664378000,0.9768066000,0.0000000000,
21.27847,11623,True,1.0000000000,3.7695160000,-0.0341870400,0.0016391300,-0.0317715900,-0.1234598000,0.0766149800,0.9893876000,True,1.0000000000,3.6755220000,0.0325153200,0.0022380830,-0.0340795800,-0.3015178000,0.0707254500,0.9508339000,-0.0048661050,0.0019024200,-0.0327861300,-0.2025613000,0.0743259000,0.9764448000,0.0000000000,
21.28974,11631,True,1.0000000000,3.7380370000,-0.0341770100,0.0016790930,-0.0317777400,-0.1210798000,0.0644232900,0.9905500000,True,1.0000000000,3.6706390000,0.0325035000,0.0022682500,-0.0340393100,-0.2917648000,0.0620883400,0.9544728000,-0.0049599150,0.0019372410,-0.0327686800,-0.1966105000,0.0636447400,0.9784138000,0.0000000000,
21.30091,11640,True,1.0000000000,3.7177730000,-0.0341808300,0.0016933140,-0.0317853400,-0.1151896000,0.0730292300,0.9906554000,True,1.0000000000,3.6662750000,0.0324907700,0.0023051910,-0.0340418900,-0.2970019000,0.0673381300,0.9524996000,-0.0051910250,0.0019593660,-0.0327665100,-0.1950714000,0.0708629300,0.9782257000,0.0000000000,
21.30091,11648,True,1.0000000000,3.7485350000,-0.0342069900,0.0016816560,-0.0317802400,-0.1097119000,0.0721138300,0.9913440000,True,1.0000000000,3.6501920000,0.0324824700,0.0023206480,-0.0340432300,-0.2937061000,0.0683910300,0.9534461000,-0.0048193970,0.0019632420,-0.0327774500,-0.1916229000,0.0707866500,0.9789126000,0.0000000000,
21.33461,11656,True,1.0000000000,3.7667850000,-0.0342119000,0.0016996460,-0.0317804700,-0.1054549000,0.0766154000,0.9914683000,True,1.0000000000,3.7511290000,0.0324774500,0.0023333280,-0.0340566600,-0.3018653000,0.0751954800,0.9503804000,-0.0035527800,0.0019909670,-0.0328269000,-0.1967321000,0.0763399400,0.9774808000,0.0000000000,
21.34549,11681,True,1.0000000000,3.7043150000,-0.0342076800,0.0017401890,-0.0317781400,-0.1105818000,0.0812998000,0.9905362000,True,1.0000000000,3.7119750000,0.0324850900,0.0023230440,-0.0340225800,-0.2907129000,0.0699926500,0.9542469000,-0.0027339940,0.0020152590,-0.0328373300,-0.1964277000,0.0762944500,0.9775456000,0.0000000000,
21.37854,11690,True,1.0000000000,3.6836240000,-0.0342023900,0.0017485660,-0.0317640400,-0.1037458000,0.0761881200,0.9916815000,True,1.0000000000,3.6784970000,0.0324930000,0.0023175660,-0.0340134900,-0.2904698000,0.0751351700,0.9539298000,-0.0022582400,0.0020210880,-0.0328414300,-0.1940634000,0.0760353600,0.9780378000,0.0000000000,
21.40282,11706,True,1.0000000000,3.8221130000,-0.0341670600,0.0018582760,-0.0317871900,-0.1058666000,0.1077893000,0.9885210000,True,1.0000000000,3.8327180000,0.0325170900,0.0024234310,-0.0340291400,-0.2865778000,0.0922401800,0.9536062000,-0.0024162600,0.0021273650,-0.0328546600,-0.1927365000,0.1008163000,0.9760577000,0.0000000000,
21.43425,11731,True,1.0000000000,3.8275150000,-0.0339779200,0.0025260770,-0.0318716300,-0.0988166600,0.2453784000,0.9643779000,True,1.0000000000,3.9560390000,0.0324460000,0.0031423800,-0.0341816300,-0.2834961000,0.2314325000,0.9306283000,-0.0045721130,0.0027989200,-0.0328942700,-0.1813693000,0.2402541000,0.9536158000,0.0000000000,
21.45659,11756,True,1.0000000000,4.0239720000,-0.0340442200,0.0028376310,-0.0319997600,-0.1053022000,0.3242991000,0.9400753000,True,1.0000000000,3.9553680000,0.0323862000,0.0035333710,-0.0342980700,-0.2747832000,0.3056521000,0.9116309000,-0.0057587280,0.0031338660,-0.0329783600,-0.1781170000,0.3175222000,0.9313720000,0.0000000000,
21.4785,11798,True,1.0000000000,3.9186100000,-0.0340676800,0.0026162110,-0.0319518700,-0.1003425000,0.2988914000,0.9489970000,True,1.0000000000,4.0274350000,0.0325118300,0.0032976840,-0.0342527000,-0.2799084000,0.2940077000,0.9138987000,-0.0092009280,0.0028707430,-0.0328112200,-0.1680612000,0.2982347000,0.9395804000,0.0000000000,
21.55118,11823,True,1.0000000000,3.9379880000,-0.0340524900,0.0025381780,-0.0319380500,-0.0938882300,0.2996244000,0.9494262000,True,1.0000000000,3.9937900000,0.0325665100,0.0032019040,-0.0342256700,-0.2707853000,0.2853271000,0.9193823000,-0.0101736600,0.0027760930,-0.0327580100,-0.1578839000,0.2955955000,0.9421762000,0.0000000000,
21.57847,11890,True,1.0000000000,3.8837890000,-0.0341583900,0.0025305940,-0.0319581100,-0.0953077100,0.3046764000,0.9476754000,True,1.0000000000,3.9365540000,0.0325319400,0.0032173920,-0.0342383800,-0.2724772000,0.2924358000,0.9166447000,-0.0100613900,0.0027787480,-0.0327820300,-0.1599141000,0.3013800000,0.9399987000,0.0000000000,
21.61204,11923,True,1.0000000000,3.9402920000,-0.0341961100,0.0025155490,-0.0319534000,-0.0940714300,0.2992738000,0.9495187000,True,1.0000000000,3.9725800000,0.0325008300,0.0031926730,-0.0342371700,-0.2803049000,0.2863626000,0.9162017000,-0.0091147310,0.0027701720,-0.0328122100,-0.1647957000,0.2956710000,0.9409682000,0.0000000000,
21.65658,11940,True,1.0000000000,3.9236760000,-0.0342201700,0.0024652560,-0.0319373800,-0.0925309600,0.2869619000,0.9534625000,True,1.0000000000,3.9813840000,0.0324824500,0.0031643370,-0.0342369400,-0.2758084000,0.2874511000,0.9172249000,-0.0080254820,0.0027397920,-0.0328404400,-0.1651922000,0.2883616000,0.9431644000,0.0000000000,
21.70304,11981,True,1.0000000000,3.8446660000,-0.0342483700,0.0023870240,-0.0319368000,-0.0994426600,0.2827638000,0.9540209000,True,1.0000000000,3.9001010000,0.0324727500,0.0031239020,-0.0342261700,-0.2763390000,0.2794061000,0.9195482000,-0.0055735470,0.0027037050,-0.0329207000,-0.1761789000,0.2824416000,0.9429675000,0.0000000000,
21.8007,12023,True,1.0000000000,3.9155270000,-0.0341843000,0.0023709110,-0.0319108900,-0.0902415300,0.2756532000,0.9570119000,True,1.0000000000,3.9134980000,0.0325302000,0.0030549620,-0.0342132300,-0.2806440000,0.2738842000,0.9199056000,-0.0020624390,0.0027002720,-0.0330194300,-0.1827733000,0.2760978000,0.9435910000,0.0000000000,
21.88931,12081,True,1.0000000000,3.8122410000,-0.0341553200,0.0023751990,-0.0319101900,-0.0957649400,0.2749656000,0.9566728000,True,1.0000000000,3.8987880000,0.0325696700,0.0030290380,-0.0341985900,-0.2806418000,0.2638723000,0.9228281000,0.0001192169,0.0027110600,-0.0330856800,-0.1915900000,0.2704782000,0.9434696000,0.0000000000,
21.96044,12239,True,1.0000000000,4.0228420000,-0.0342769200,0.0022670290,-0.0319076900,-0.1074385000,0.2441285000,0.9637729000,True,1.0000000000,4.0360870000,0.0324892100,0.0028922270,-0.0341924500,-0.2958553000,0.2533287000,0.9210289000,-0.0007821656,0.0025806730,-0.0330539000,-0.2029128000,0.2499102000,0.9467689000,0.0000000000,
22.00063,12298,True,1.0000000000,4.1138310000,-0.0343187000,0.0022977600,-0.0319105500,-0.1203473000,0.2368646000,0.9640600000,True,1.0000000000,4.1029970000,0.0324659600,0.0029003760,-0.0341931000,-0.3133717000,0.2420516000,0.9182643000,-0.0013796690,0.0025949860,-0.0330363300,-0.2166155000,0.2406025000,0.9461439000,0.0000000000,
22.04503,12323,True,1.0000000000,4.0785520000,-0.0343243400,0.0022665100,-0.0319181100,-0.1192485000,0.2425100000,0.9627922000,True,1.0000000000,4.0899810000,0.0324663900,0.0028801730,-0.0341908900,-0.3126698000,0.2394119000,0.9191951000,-0.0021631010,0.0025619970,-0.0330125000,-0.2134431000,0.2422063000,0.9464556000,0.0000000000,
22.06751,12364,True,1.0000000000,4.0341490000,-0.0341645100,0.0022890930,-0.0318742100,-0.0977634100,0.2324380000,0.9676853000,True,1.0000000000,4.1383210000,0.0325884900,0.0028991090,-0.0341740000,-0.2960851000,0.2437011000,0.9235494000,-0.0019281460,0.0025836790,-0.0329848200,-0.1945360000,0.2391226000,0.9513023000,0.0000000000,
22.11148,12398,True,1.0000000000,4.0189670000,-0.0341585900,0.0023216400,-0.0318757200,-0.1021893000,0.2317074000,0.9674032000,True,1.0000000000,4.1185000000,0.0326114800,0.0028849180,-0.0341704400,-0.2995954000,0.2421147000,0.9228343000,-0.0020168300,0.0025927890,-0.0329803500,-0.1982304000,0.2379344000,0.9508375000,0.0000000000,
22.16016,12423,True,1.0000000000,4.1098330000,-0.0341312300,0.0023317410,-0.0318725000,-0.1024187000,0.2305641000,0.9676521000,True,1.0000000000,4.1247860000,0.0326445300,0.0028697660,-0.0341732400,-0.3015299000,0.2483834000,0.9205353000,0.0001443787,0.0026079100,-0.0330534700,-0.2057054000,0.2409840000,0.9484788000,0.0000000000,
22.21219,12498,True,1.0000000000,3.9955600000,-0.0326662900,0.0014339910,-0.0306604800,0.0978089800,0.1132509000,0.9887404000,True,1.0000000000,4.1971280000,0.0337972400,0.0018955840,-0.0328128700,-0.0891884800,0.1247723000,0.9881687000,-0.0119781000,0.0015776670,-0.0313304600,0.0397495000,0.1172801000,0.9923031000,0.0000000000,
22.25787,12531,True,1.0000000000,4.0122220000,-0.0327275500,0.0016722410,-0.0313489400,0.0608523700,0.1006170000,0.9930625000,True,1.0000000000,4.2057650000,0.0338516600,0.0019309240,-0.0330783200,-0.1216129000,0.1230014000,0.9849269000,-0.0308943500,0.0016793670,-0.0313965500,0.0558625000,0.1012880000,0.9932876000,0.0000000000,
22.26909,12589,True,1.0000000000,4.1182710000,-0.0331273700,0.0014581300,-0.0306534000,-0.0086365650,0.1168378000,0.9931135000,True,1.0000000000,4.1446080000,0.0334984000,0.0020002140,-0.0332635300,-0.1925231000,0.1263142000,0.9731287000,-0.0226741300,0.0015431820,-0.0310629100,-0.0375829100,0.1185929000,0.9922314000,0.0000000000,
22.27848,12623,True,1.0000000000,4.0183870000,-0.0332289300,0.0017808840,-0.0312808100,-0.0751657200,0.0869303900,0.9933747000,True,1.0000000000,4.0475770000,0.0334607100,0.0020672610,-0.0335602600,-0.2374745000,0.1296702000,0.9627001000,-0.0208673600,0.0018339540,-0.0317033200,-0.1054855000,0.0950635700,0.9898666000,0.0000000000,
22.28949,12631,True,1.0000000000,3.9299620000,-0.0332332900,0.0019764860,-0.0318643200,-0.1059271000,0.0600436800,0.9925594000,True,1.0000000000,3.9625850000,0.0334879000,0.0022819980,-0.0343465000,-0.2539847000,0.1129160000,0.9605945000,-0.0251801000,0.0020133670,-0.0321639100,-0.1239629000,0.0665133200,0.9900551000,0.0000000000,
22.28949,12639,True,1.0000000000,-1.0000000000,-0.0330731800,0.0021166690,-0.0320726900,0.0000000000,0.0000000000,0.0000000000,True,1.0000000000,3.8668520000,0.0337112000,0.0022822880,-0.0345391700,-0.2327448000,0.0999613900,0.9673870000,0.0337112000,0.0022822880,-0.0345391700,-0.2327448000,0.0999613900,0.9673870000,0.0000000000,
22.32613,12648,True,1.0000000000,-1.0000000000,-0.0328771500,0.0008278962,-0.0315301700,0.0000000000,0.0000000000,0.0000000000,True,1.0000000000,-1.0000000000,0.0340967000,0.0026014410,-0.0356335200,0.0000000000,0.0000000000,0.0000000000,0.0010000000,-0.0010000000,-0.0010000000,0.5773503000,-0.5773503000,-0.5773503000,0.0000000000,
22.33397,12656,True,0.7641886000,-1.0000000000,-0.0328771500,0.0008278962,-0.0315301700,0.0000000000,0.0000000000,0.0000000000,True,0.7641886000,-1.0000000000,0.0345557300,0.0026353000,-0.0357675300,0.0000000000,0.0000000000,0.0000000000,0.0010000000,-0.0010000000,-0.0010000000,0.5773503000,-0.5773503000,-0.5773503000,0.0000000000,
22.33397,12673,True,0.7641886000,-1.0000000000,-0.0328771500,0.0008278962,-0.0315301700,0.0000000000,0.0000000000,0.0000000000,True,0.7641886000,-1.0000000000,0.0345557300,0.0026353000,-0.0357675300,0.0000000000,0.0000000000,0.0000000000,0.0010000000,-0.0010000000,-0.0010000000,0.5773503000,-0.5773503000,-0.5773503000,0.0000000000,
22.35828,12681,True,0.2705424000,-1.0000000000,-0.0328771500,0.0008278962,-0.0315301700,0.0000000000,0.0000000000,0.0000000000,True,0.2705424000,-1.0000000000,0.0345557300,0.0026353000,-0.0357675300,0.0000000000,0.0000000000,0.0000000000,0.0010000000,-0.0010000000,-0.0010000000,0.5773503000,-0.5773503000,-0.5773503000,0.0000000000,
22.36748,12689,True,0.1669859000,-1.0000000000,-0.0328771500,0.0008278962,-0.0315301700,0.0000000000,0.0000000000,0.0000000000,True,0.1669859000,-1.0000000000,0.0345557300,0.0026353000,-0.0357675300,0.0000000000,0.0000000000,0.0000000000,0.0010000000,-0.0010000000,-0.0010000000,0.5773503000,-0.5773503000,-0.5773503000,0.0000000000,
22.36748,12706,True,0.1669859000,-1.0000000000,-0.0328771500,0.0008278962,-0.0315301700,0.0000000000,0.0000000000,0.0000000000,True,0.1669859000,-1.0000000000,0.0345557300,0.0026353000,-0.0357675300,0.0000000000,0.0000000000,0.0000000000,0.0010000000,-0.0010000000,-0.0010000000,0.5773503000,-0.5773503000,-0.5773503000,0.0000000000,
22.37822,12723,True,0.1377971000,-1.0000000000,-0.0303672000,0.0022557530,-0.0320573200,0.0000000000,0.0000000000,0.0000000000,True,0.1377971000,-1.0000000000,0.0345557300,0.0026353000,-0.0357675300,0.0000000000,0.0000000000,0.0000000000,0.0010000000,-0.0010000000,-0.0010000000,0.5773503000,-0.5773503000,-0.5773503000,0.0000000000,
22.37822,12731,True,0.1964893000,-1.0000000000,-0.0303329600,0.0022267000,-0.0321337600,0.0000000000,0.0000000000,0.0000000000,True,0.1964893000,-1.0000000000,0.0359920100,0.0025663760,-0.0344561200,0.0000000000,0.0000000000,0.0000000000,0.0010000000,-0.0010000000,-0.0010000000,0.5773503000,-0.5773503000,-0.5773503000,0.0000000000,
22.41162,12739,True,0.4915079000,-1.0000000000,-0.0303315100,0.0022170110,-0.0322426900,0.0000000000,0.0000000000,0.0000000000,True,0.4915079000,-1.0000000000,0.0360154400,0.0025581820,-0.0345320000,0.0000000000,0.0000000000,0.0000000000,0.0010000000,-0.0010000000,-0.0010000000,0.5773503000,-0.5773503000,-0.5773503000,0.0000000000,
22.4229,12764,True,0.4915079000,-1.0000000000,-0.0303558800,0.0021926420,-0.0323170000,0.0000000000,0.0000000000,0.0000000000,True,0.4915079000,-1.0000000000,0.0359776200,0.0026225890,-0.0345828100,0.0000000000,0.0000000000,0.0000000000,0.0010000000,-0.0010000000,-0.0010000000,0.5773503000,-0.5773503000,-0.5773503000,0.0000000000,
22.44596,12773,True,0.6484424000,-1.0000000000,-0.0305428900,0.0021985930,-0.0322326500,0.0000000000,0.0000000000,0.0000000000,True,0.6484424000,-1.0000000000,0.0358619700,0.0026512450,-0.0345298900,0.0000000000,0.0000000000,0.0000000000,0.0010000000,-0.0010000000,-0.0010000000,0.5773503000,-0.5773503000,-0.5773503000,0.0000000000,
22.44596,12781,True,0.8699192000,-1.0000000000,-0.0307605200,0.0021596990,-0.0320958700,0.0000000000,0.0000000000,0.0000000000,True,0.8699192000,-1.0000000000,0.0356688200,0.0026096650,-0.0344153000,0.0000000000,0.0000000000,0.0000000000,0.0010000000,-0.0010000000,-0.0010000000,0.5773503000,-0.5773503000,-0.5773503000,0.0000000000,
22.4565,12798,True,0.8699192000,-1.0000000000,-0.0311319600,0.0020998840,-0.0319674700,0.0000000000,0.0000000000,0.0000000000,True,0.8699192000,-1.0000000000,0.0352633500,0.0025481260,-0.0342583200,0.0000000000,0.0000000000,0.0000000000,0.0010000000,-0.0010000000,-0.0010000000,0.5773503000,-0.5773503000,-0.5773503000,0.0000000000,
22.46802,12806,True,1.0000000000,-1.0000000000,-0.0312732400,0.0020490720,-0.0318925800,0.0000000000,0.0000000000,0.0000000000,True,1.0000000000,-1.0000000000,0.0352093400,0.0025260620,-0.0342374000,0.0000000000,0.0000000000,0.0000000000,0.0010000000,-0.0010000000,-0.0010000000,0.5773503000,-0.5773503000,-0.5773503000,0.0000000000,
22.48602,12823,True,1.0000000000,4.0212710000,-0.0315994900,0.0019750830,-0.0318166500,0.3685971000,0.1910583000,0.9097433000,True,1.0000000000,4.1852110000,0.0348979500,0.0024544830,-0.0341303100,0.1935746000,0.1838394000,0.9637074000,-0.0315653900,0.0019753270,-0.0318178400,0.3685026000,0.1910568000,0.9097819000,0.0000000000,
22.51152,12831,True,1.0000000000,3.9535220000,-0.0317793700,0.0019459840,-0.0317506900,0.3273492000,0.1777662000,0.9280311000,True,1.0000000000,4.1905670000,0.0347283800,0.0024356840,-0.0340876500,0.1623543000,0.1851968000,0.9691972000,-0.0306577500,0.0019542390,-0.0317900900,0.3246349000,0.1779350000,0.9289517000,0.0000000000,
22.51152,12839,True,1.0000000000,3.9599150000,-0.0319451800,0.0018911440,-0.0317171300,0.2991191000,0.1821754000,0.9366642000,True,1.0000000000,4.2015990000,0.0345512300,0.0024251400,-0.0340510600,0.1459214000,0.1797200000,0.9728349000,0.0078695070,0.0022108770,-0.0331145600,0.2080092000,0.1812451000,0.9611880000,0.0000000000,
22.53404,12864,True,1.0000000000,4.0156250000,-0.0323251500,0.0004152222,-0.0276136600,0.1862193000,0.2502303000,0.9501090000,True,1.0000000000,4.1017150000,0.0339544100,0.0019126280,-0.0325342600,0.0784915500,0.1978463000,0.9770854000,0.0339543600,0.0019126130,-0.0325342600,0.0784915500,0.1978463000,0.9770854000,0.0000000000,
22.545,12873,True,1.0000000000,3.8807830000,-0.0327204500,0.0017257840,-0.0316078500,0.2166753000,0.1661991000,0.9619926000,True,1.0000000000,4.1029210000,0.0337758000,0.0018609930,-0.0324264700,0.0430758400,0.2031416000,0.9782014000,0.0336637600,0.0018607640,-0.0324250800,0.0433657500,0.2030805000,0.9782013000,0.0000000000,
22.55592,12898,True,1.0000000000,3.9011990000,-0.0331895000,0.0015754700,-0.0315528000,0.1590743000,0.1777207000,0.9711389000,True,1.0000000000,4.0282140000,0.0333181600,0.0019094090,-0.0326167300,-0.0291139100,0.1905984000,0.9812363000,0.0190161100,0.0018376010,-0.0323879400,0.0113832400,0.1884033000,0.9820257000,0.0000000000,
22.56749,12906,True,1.0000000000,3.9546360000,-0.0333177800,0.0015003660,-0.0313286700,0.1395424000,0.1824809000,0.9732568000,True,1.0000000000,4.0419620000,0.0331952800,0.0020484770,-0.0329630000,-0.0390473600,0.1752325000,0.9837524000,-0.0069288490,0.0017178190,-0.0319771000,0.0689397000,0.1802991000,0.9811929000,0.0000000000,
22.59017,12914,True,1.0000000000,3.9886630000,-0.0334319800,0.0016955870,-0.0318102900,0.1172190000,0.1719222000,0.9781117000,True,1.0000000000,4.0995790000,0.0330915100,0.0021369320,-0.0331080300,-0.0569009700,0.1712523000,0.9835827000,0.0132778300,0.0020054930,-0.0327215000,-0.0050506970,0.1719984000,0.9850843000,0.0000000000,
22.61141,12923,True,1.0000000000,3.8836670000,-0.0335328500,0.0017319640,-0.0318338500,0.1025699000,0.1673437000,0.9805486000,True,1.0000000000,4.0974270000,0.0330112900,0.0021035460,-0.0329451400,-0.0838940800,0.1854581000,0.9790644000,0.0285752400,0.0020787810,-0.0328710600,-0.0715339800,0.1844502000,0.9802352000,0.0000000000,
22.6224,12939,True,1.0000000000,3.9379880000,-0.0336828900,0.0018003540,-0.0318197900,0.0668038700,0.1703209000,0.9831216000,True,1.0000000000,4.0078130000,0.0328937500,0.0023048400,-0.0333375300,-0.1202107000,0.1755857000,0.9770973000,0.0327368500,0.0023036500,-0.0333339600,-0.1197824000,0.1755843000,0.9771501000,0.0000000000,
22.64496,12964,True,1.0000000000,3.8896030000,-0.0328919900,0.0017946470,-0.0317431900,0.2199125000,0.1676200000,0.9610110000,True,1.0000000000,4.1217800000,0.0335575400,0.0021056370,-0.0330922900,0.0366212300,0.1775367000,0.9834326000,0.0335539900,0.0021056210,-0.0330922100,0.0366364600,0.1775366000,0.9834320000,0.0000000000,
22.6675,12973,True,1.0000000000,3.8807220000,-0.0325752700,0.0017356260,-0.0315286900,0.2631401000,0.1732498000,0.9490742000,True,1.0000000000,4.1488650000,0.0338499500,0.0021852570,-0.0334551400,0.0863200300,0.1746085000,0.9808469000,0.0338495000,0.0021852570,-0.0334551300,0.0863200300,0.1746085000,0.9808469000,0.0000000000,
22.67844,13014,True,1.0000000000,3.8339390000,-0.0325893600,0.0017232210,-0.0316093300,0.2256198000,0.1664911000,0.9598836000,True,1.0000000000,4.1831360000,0.0339521100,0.0021911160,-0.0335230000,0.0572362200,0.1876390000,0.9805690000,0.0339520300,0.0021911160,-0.0335230000,0.0572362200,0.1876390000,0.9805690000,0.0000000000,
22.67844,13023,True,1.0000000000,3.9405060000,-0.0326200600,0.0017176670,-0.0316287700,0.2246426000,0.1675588000,0.9599270000,True,1.0000000000,4.1244350000,0.0339373400,0.0021836550,-0.0335025600,0.0520332000,0.1822688000,0.9818710000,-0.0322538900,0.0017202300,-0.0316390800,0.2237125000,0.1676508000,0.9601281000,0.0000000000,
22.71133,13031,True,1.0000000000,3.8626250000,-0.0326657700,0.0016918030,-0.0315336000,0.2178535000,0.1659880000,0.9617629000,True,1.0000000000,4.1209110000,0.0339184700,0.0021811830,-0.0334907200,0.0452730000,0.1858985000,0.9815254000,-0.0315359000,0.0017001040,-0.0315668100,0.2149847000,0.1663694000,0.9623423000,0.0000000000,
22.73397,13039,True,1.0000000000,3.9500890000,-0.0326907200,0.0017797550,-0.0317802900,0.2019530000,0.1706415000,0.9644151000,True,1.0000000000,4.0901950000,0.0338933400,0.0021956180,-0.0334909700,0.0369723800,0.1852892000,0.9819883000,-0.0270210000,0.0018151550,-0.0319259500,0.1881117000,0.1720746000,0.9669562000,0.0000000000,
22.76766,13073,True,1.0000000000,3.9862210000,-0.0327181100,0.0016623990,-0.0312216500,0.1928877000,0.1830457000,0.9639962000,True,1.0000000000,4.1449130000,0.0339264200,0.0021287690,-0.0334092400,0.0102692700,0.1949788000,0.9807537000,-0.0121632900,0.0018062290,-0.0318963500,0.1370551000,0.1873941000,0.9726764000,0.0000000000,
22.80061,13106,True,1.0000000000,4.0230100000,-0.0325665600,0.0019095150,-0.0314969600,0.1633325000,0.1724116000,0.9713891000,True,1.0000000000,4.2170560000,0.0340743100,0.0019857030,-0.0332939000,-0.0203705100,0.1929934000,0.9809886000,-0.0033332670,0.0019429320,-0.0322852400,0.0830998900,0.1822063000,0.9797425000,0.0000000000,
22.81144,13156,True,1.0000000000,4.0985720000,-0.0328415400,0.0027803350,-0.0317207600,0.0386048600,0.3354351000,0.9412720000,True,1.0000000000,4.1596980000,0.0335048300,0.0028043520,-0.0337183000,-0.1271990000,0.3466387000,0.9293342000,0.0063204200,0.0027945100,-0.0328998400,-0.0594486100,0.3431875000,0.9373837000,0.0000000000,
22.82275,13164,True,1.0000000000,4.2070470000,-0.0329164800,0.0030149230,-0.0318102700,0.0337831100,0.3774736000,0.9254039000,True,1.0000000000,4.2210690000,0.0333937700,0.0030271300,-0.0338000200,-0.1146858000,0.3917566000,0.9128932000,0.0057849740,0.0030220490,-0.0329715800,-0.0530097900,0.3868769000,0.9206064000,0.0000000000,
22.82275,13173,True,1.0000000000,4.2539520000,-0.0330154100,0.0031352540,-0.0318580500,0.0092622020,0.3953145000,0.9184992000,True,1.0000000000,4.2813260000,0.0332880900,0.0031753850,-0.0338267500,-0.1327219000,0.3988980000,0.9073396000,0.0082521980,0.0031602330,-0.0330833900,-0.0792857900,0.3984889000,0.9137397000,0.0000000000,
22.83398,13181,True,1.0000000000,4.2070770000,-0.0331545600,0.0031285100,-0.0318700000,0.0134126800,0.4030061000,0.9150990000,True,1.0000000000,4.3484650000,0.0332598400,0.0032168280,-0.0338482800,-0.1656217000,0.4074775000,0.8980710000,0.0077049260,0.0031828460,-0.0330870700,-0.0971080600,0.4073229000,0.9081069000,0.0000000000,
22.84465,13189,True,1.0000000000,4.1627040000,-0.0332652400,0.0030793760,-0.0318581400,0.0175783000,0.4010507000,0.9158872000,True,1.0000000000,4.3224490000,0.0331978500,0.0032324220,-0.0338338800,-0.1470959000,0.3987765000,0.9051741000,-0.0092146920,0.0031347510,-0.0325730900,-0.0421298100,0.4014921000,0.9148930000,0.0000000000,
22.84465,13198,True,1.0000000000,4.2082210000,-0.0333722500,0.0030224760,-0.0318652700,0.0122223800,0.4076720000,0.9130467000,True,1.0000000000,4.3559110000,0.0331360300,0.0032541960,-0.0338473500,-0.1543756000,0.4040287000,0.9016258000,-0.0090366830,0.0031072700,-0.0325905200,-0.0488894900,0.4076566000,0.9118256000,0.0000000000,
22.8562,13206,True,1.0000000000,4.1705170000,-0.0334327000,0.0029686130,-0.0318504600,0.0155336900,0.4034488000,0.9148704000,True,1.0000000000,4.1469420000,0.0330963300,0.0032769170,-0.0338558200,-0.1504688000,0.4052021000,0.9017596000,-0.0124753400,0.0030657350,-0.0324821800,-0.0368503900,0.4052169000,0.9134776000,0.0000000000,
22.86722,13214,True,1.0000000000,4.1789090000,-0.0334847700,0.0028985600,-0.0318475100,0.0179748900,0.4076395000,0.9129660000,True,1.0000000000,4.1524200000,0.0330649300,0.0032787480,-0.0338485100,-0.1481497000,0.4010676000,0.9039891000,0.0015808110,0.0030988770,-0.0329018400,-0.0697946400,0.4055841000,0.9113892000,0.0000000000,
22.87818,13223,True,1.0000000000,4.1412960000,-0.0335144700,0.0028350980,-0.0318335000,0.0130769500,0.4031270000,0.9150506000,True,1.0000000000,4.2890170000,0.0330415200,0.0032621620,-0.0338466900,-0.1586791000,0.4017713000,0.9018874000,-0.0132279500,0.0029652710,-0.0324471300,-0.0393833400,0.4039806000,0.9139194000,0.0000000000,
22.87818,13231,True,1.0000000000,4.1809230000,-0.0335239400,0.0027730560,-0.0318250000,0.0099487640,0.4022993000,0.9154541000,True,1.0000000000,4.2034760000,0.0330392200,0.0032311550,-0.0338430800,-0.1726097000,0.3992820000,0.9004331000,0.0038247680,0.0030300900,-0.0329573500,-0.0928665400,0.4022742000,0.9107971000,0.0000000000,
22.88918,13239,True,1.0000000000,4.0879520000,-0.0335052100,0.0026979680,-0.0318107000,0.0069428070,0.4008212000,0.9161300000,True,1.0000000000,4.2729340000,0.0330646500,0.0031902470,-0.0338275600,-0.1639274000,0.3949180000,0.9039732000,0.0054256290,0.0029858550,-0.0329901900,-0.0933080500,0.3987908000,0.9122826000,0.0000000000,
22.90065,13248,True,1.0000000000,4.1228940000,-0.0334833500,0.0026564940,-0.0317997400,0.0012817510,0.3975108000,0.9175966000,True,1.0000000000,4.2620390000,0.0331017800,0.0031370550,-0.0338164800,-0.1757371000,0.3898503000,0.9039541000,0.0054040380,0.0029371490,-0.0329775700,-0.1024936000,0.3945630000,0.9131347000,0.0000000000,
22.90065,13256,True,1.0000000000,4.1828310000,-0.0334482500,0.0026215820,-0.0317938100,0.0024261690,0.3992650000,0.9168324000,True,1.0000000000,4.2553860000,0.0331306900,0.0030814970,-0.0338018200,-0.1667796000,0.3859735000,0.9073086000,0.0045042730,0.0028837430,-0.0329384500,-0.0943609300,0.3930841000,0.9146479000,0.0000000000,
22.91137,13264,True,1.0000000000,4.2237700000,-0.0334332700,0.0025949550,-0.0318105500,-0.0021057510,0.4127119000,0.9108592000,True,1.0000000000,4.1789700000,0.0331610100,0.0030279240,-0.0337993500,-0.1725640000,0.3882805000,0.9052402000,0.0024970250,0.0028285520,-0.0328835800,-0.0944225300,0.4010211000,0.9111896000,0.0000000000,
22.94403,13273,True,1.0000000000,4.0731960000,-0.0334398400,0.0025485380,-0.0317773100,-0.0056000380,0.3921095000,0.9199015000,True,1.0000000000,4.2562870000,0.0331724400,0.0029715730,-0.0337892000,-0.1819326000,0.3870284000,0.9039411000,0.0010677800,0.0027676850,-0.0328195400,-0.0973210900,0.3910086000,0.9152272000,0.0000000000,
22.95094,13281,True,1.0000000000,4.1632230000,-0.0334625100,0.0025187680,-0.0317784100,-0.0017089980,0.3963501000,0.9180979000,True,1.0000000000,4.2460940000,0.0331615200,0.0029226840,-0.0337978100,-0.1831981000,0.3952813000,0.9001062000,-0.0003967438,0.0027192380,-0.0327806400,-0.0921638100,0.3974793000,0.9129710000,0.0000000000,
22.95683,13298,True,1.0000000000,4.0931240000,-0.0335830900,0.0024550780,-0.0317716100,0.0087585590,0.3950659000,0.9186110000,True,1.0000000000,4.1529240000,0.0330836200,0.0028492280,-0.0337831600,-0.1731120000,0.3896508000,0.9045466000,-0.0015459750,0.0026445010,-0.0327382700,-0.0789644300,0.3941050000,0.9156669000,0.0000000000,
22.9671,13306,True,1.0000000000,4.0592500000,-0.0336877100,0.0024436650,-0.0317821700,0.0135652200,0.3985795000,0.9170335000,True,1.0000000000,4.1151430000,0.0329916100,0.0028383490,-0.0337865600,-0.1653009000,0.3916378000,0.9051494000,-0.0017268680,0.0026328430,-0.0327429200,-0.0724494600,0.3968546000,0.9150178000,0.0000000000,
22.97778,13314,True,1.0000000000,3.9792020000,-0.0337940400,0.0024360810,-0.0317875400,0.0134736100,0.3972197000,0.9176247000,True,1.0000000000,4.1374510000,0.0328818100,0.0028355560,-0.0337903000,-0.1746397000,0.3897617000,0.9042050000,-0.0015429840,0.0026293030,-0.0327562700,-0.0778510300,0.3953740000,0.9152150000,0.0000000000,
22.98902,13323,True,1.0000000000,4.0880740000,-0.0339546800,0.0023883360,-0.0317941600,0.0154572300,0.3991566000,0.9167525000,True,1.0000000000,4.1921540000,0.0327577700,0.0028324590,-0.0337885000,-0.1779195000,0.3864333000,0.9049940000,-0.0010527190,0.0026073760,-0.0327777600,-0.0802771700,0.3947482000,0.9152756000,0.0000000000,
22.98902,13331,True,1.0000000000,4.2016600000,-0.0341496400,0.0023334660,-0.0317944500,0.0117951200,0.3918025000,0.9199737000,True,1.0000000000,4.1724850000,0.0325759000,0.0028592220,-0.0338047300,-0.1733270000,0.3886163000,0.9049504000,-0.0002084198,0.0026008910,-0.0328170200,-0.0827185100,0.3918639000,0.9162971000,0.0000000000,
23.00045,13339,True,1.0000000000,4.1664580000,-0.0343940900,0.0022265170,-0.0318183200,0.0150147400,0.4002557000,0.9162805000,True,1.0000000000,4.2370150000,0.0323431600,0.0028454130,-0.0338102300,-0.1636659000,0.3849489000,0.9083104000,0.0009693604,0.0025544740,-0.0328738100,-0.0799878200,0.3937287000,0.9157400000,0.0000000000,
23.01106,13356,True,1.0000000000,4.1394040000,-0.0347876600,0.0019048620,-0.0318350400,0.0078431480,0.4024572000,0.9154052000,True,1.0000000000,4.1017300000,0.0319357600,0.0028811190,-0.0338620900,-0.1719834000,0.3849371000,0.9067773000,0.0034090730,0.0024637300,-0.0329954500,-0.0954907500,0.3940023000,0.9141355000,0.0000000000,
23.02233,13364,True,1.0000000000,4.1939850000,-0.0348465100,0.0017386780,-0.0318433500,0.0061798340,0.4144456000,0.9100531000,True,1.0000000000,4.1829530000,0.0318892500,0.0028809820,-0.0338497800,-0.1783623000,0.3737993000,0.9101983000,0.0064131780,0.0024449160,-0.0330838300,-0.1083683000,0.3909622000,0.9140049000,0.0000000000,
23.03349,13373,True,1.0000000000,4.1767120000,-0.0348099800,0.0015868070,-0.0318229700,-0.0008239851,0.4122214000,0.9110833000,True,1.0000000000,4.1990050000,0.0319433300,0.0028697050,-0.0338420000,-0.1844347000,0.3724551000,0.9095389000,0.0096944890,0.0024421240,-0.0331690500,-0.1237347000,0.3872261000,0.9136442000,0.0000000000,
23.03349,13381,True,1.0000000000,4.1022640000,-0.0346689500,0.0014646000,-0.0318019000,-0.0130921500,0.4129672000,0.9106518000,True,1.0000000000,4.1583860000,0.0320705100,0.0028643040,-0.0338376200,-0.1935133000,0.3768641000,0.9058289000,0.0126165900,0.0024562990,-0.0332442200,-0.1414198000,0.3887519000,0.9104244000,0.0000000000,
23.05606,13389,True,1.0000000000,4.2059780000,-0.0344949500,0.0013863530,-0.0317882300,-0.0240329800,0.4210426000,0.9067224000,True,1.0000000000,4.1371000000,0.0322542900,0.0027978820,-0.0338101500,-0.1983653000,0.3743000000,0.9058425000,0.0155625900,0.0024449160,-0.0333045300,-0.1552448000,0.3871812000,0.9088398000,0.0000000000,
23.06705,13406,True,1.0000000000,4.2063450000,-0.0340374300,0.0012957610,-0.0317235700,-0.0365147200,0.4070636000,0.9126697000,True,1.0000000000,4.1841740000,0.0327094100,0.0026634520,-0.0337808400,-0.2046830000,0.3816863000,0.9013436000,0.0165819700,0.0023329930,-0.0332837600,-0.1644923000,0.3888610000,0.9064929000,0.0000000000,
23.07769,13414,True,1.0000000000,4.2763060000,-0.0338329300,0.0013091890,-0.0317049700,-0.0319217500,0.4049118000,0.9137983000,True,1.0000000000,4.1337890000,0.0329400600,0.0025610500,-0.0337484600,-0.2050046000,0.3710224000,0.9057127000,0.0142144900,0.0022099910,-0.0331754000,-0.1569679000,0.3817309000,0.9108472000,0.0000000000,
23.08887,13431,True,1.0000000000,4.0688320000,-0.0334020100,0.0013932190,-0.0316594400,-0.0354007800,0.3743022000,0.9266307000,True,1.0000000000,4.1548160000,0.0333587000,0.0023585050,-0.0337287800,-0.2149380000,0.3712053000,0.9033318000,0.0105967900,0.0020294040,-0.0330232400,-0.1542988000,0.3736314000,0.9146537000,0.0000000000,
23.10035,13439,True,1.0000000000,4.0220180000,-0.0332084100,0.0014429630,-0.0316694500,-0.0373994000,0.3826305000,0.9231442000,True,1.0000000000,4.0849150000,0.0335782500,0.0022469480,-0.0337192200,-0.2188605000,0.3721682000,0.9019927000,0.0066587830,0.0019228820,-0.0328930200,-0.1463032000,0.3779042000,0.9142121000,0.0000000000,
23.12226,13456,True,1.0000000000,3.9833830000,-0.0327119000,0.0015206450,-0.0316663800,-0.0345614600,0.3861423000,0.9217916000,True,1.0000000000,4.0493930000,0.0340758500,0.0020944670,-0.0337317800,-0.2053536000,0.3758408000,0.9036446000,0.0072308200,0.0018638310,-0.0329016000,-0.1371931000,0.3813513000,0.9141932000,0.0000000000,
23.13358,13473,True,1.0000000000,4.1025240000,-0.0320053700,0.0015230260,-0.0316877300,-0.0420686500,0.3833939000,0.9226264000,True,1.0000000000,4.2073820000,0.0348019000,0.0019682770,-0.0337748900,-0.2180665000,0.3796898000,0.8990454000,0.0083653270,0.0017920840,-0.0329489700,-0.1489873000,0.3826001000,0.9118223000,0.0000000000,
23.14442,13489,True,1.0000000000,3.8857570000,-0.0311570100,0.0013919680,-0.0317662200,-0.0455477500,0.3906578000,0.9194084000,True,1.0000000000,4.2223360000,0.0356956800,0.0016638640,-0.0338621500,-0.2207362000,0.4007461000,0.8892008000,-0.0068987890,0.0014906310,-0.0325267500,-0.1095283000,0.3957698000,0.9117948000,0.0000000000,
23.15538,13498,True,1.0000000000,4.0628360000,-0.0306791400,0.0012628940,-0.0317857800,-0.0482642000,0.3789419000,0.9241610000,True,1.0000000000,4.0924220000,0.0358729100,0.0022860870,-0.0337453800,-0.1432060000,0.1908599000,0.9711151000,-0.0090914010,0.0015947880,-0.0324214200,-0.0794687000,0.3195685000,0.9442249000,0.0000000000,
23.16687,13506,True,1.0000000000,4.0170440000,-0.0301858700,0.0011102750,-0.0318606400,-0.0481725600,0.3936203000,0.9180101000,True,1.0000000000,4.1278990000,0.0362181100,0.0024548040,-0.0336456900,-0.1169899000,0.1008613000,0.9879982000,-0.0096339720,0.0015263980,-0.0324131200,-0.0701910800,0.3061399000,0.9493954000,0.0000000000,
23.16687,13514,True,1.0000000000,4.1813350000,-0.0296609700,0.0006929779,-0.0318651000,-0.0602268400,0.4319639000,0.8998777000,True,1.0000000000,4.1017000000,0.0364581300,0.0020380400,-0.0337873300,-0.0435950300,0.1499504000,0.9877319000,-0.0121554900,0.0010490880,-0.0323740200,-0.0563055900,0.3603863000,0.9311022000,0.0000000000,
23.17771,13523,True,1.0000000000,4.0586850000,-0.0292280700,0.0005685273,-0.0319816100,-0.0618135700,0.4071364000,0.9112733000,True,1.0000000000,4.5032960000,0.0377180900,0.0007315064,-0.0342977600,-0.2365139000,0.4496205000,0.8613377000,-0.0091541750,0.0006174012,-0.0326761000,-0.1146102000,0.4214224000,0.8995930000,0.0000000000,
23.17771,13531,True,1.0000000000,3.8754120000,-0.0306507700,0.0010164180,-0.0317849300,0.4093224000,0.2198973000,0.8854944000,True,1.0000000000,-1.0000000000,0.0377180900,0.0007315064,-0.0342977600,0.0000000000,0.0000000000,0.0000000000,-0.0306507700,0.0010164180,-0.0317849300,0.4093224000,0.2198973000,0.8854944000,0.0000000000,
23.18899,13539,True,1.0000000000,4.1018520000,-0.0285562100,0.0000402985,-0.0321357900,-0.0441899500,0.4301348000,0.9016825000,True,1.0000000000,-1.0000000000,0.0377180900,0.0007315064,-0.0342977600,0.0000000000,0.0000000000,0.0000000000,-0.0285562100,0.0000402985,-0.0321357900,-0.0441899500,0.4301348000,0.9016825000,0.0000000000,
23.2003,13548,True,1.0000000000,3.8862300000,-0.0303509500,0.0006587372,-0.0317720400,0.4219087000,0.1762861000,0.8893347000,True,1.0000000000,-1.0000000000,0.0377180900,0.0007315064,-0.0342977600,0.0000000000,0.0000000000,0.0000000000,-0.0303509500,0.0006587372,-0.0317720400,0.4219087000,0.1762861000,0.8893347000,0.0000000000,
23.2003,13556,True,1.0000000000,3.8277280000,-0.0304274500,0.0005863648,-0.0317318400,0.4086226000,0.1634399000,0.8979505000,True,1.0000000000,-1.0000000000,0.0377180900,0.0007315064,-0.0342977600,0.0000000000,0.0000000000,0.0000000000,-0.0304274500,0.0005863648,-0.0317318400,0.4086226000,0.1634399000,0.8979505000,0.0000000000,
23.21101,13564,True,1.0000000000,4.0351410000,-0.0283304600,-0.0005830689,-0.0321306600,-0.1683224000,0.4874652000,0.8567644000,True,1.0000000000,-1.0000000000,0.0377180900,0.0007315064,-0.0342977600,0.0000000000,0.0000000000,0.0000000000,-0.0283304600,-0.0005830689,-0.0321306600,-0.1683224000,0.4874652000,0.8567644000,0.0000000000,
23.22234,13573,True,1.0000000000,3.9231110000,-0.0304454200,0.0004056855,-0.0316292800,0.3608120000,0.1607678000,0.9186775000,True,1.0000000000,-1.0000000000,0.0377180900,0.0007315064,-0.0342977600,0.0000000000,0.0000000000,0.0000000000,-0.0304454200,0.0004056855,-0.0316292800,0.3608120000,0.1607678000,0.9186775000,0.0000000000,
23.22234,13581,True,1.0000000000,3.9996950000,-0.0284118500,-0.0006348267,-0.0320224800,-0.1748532000,0.4692456000,0.8655836000,True,1.0000000000,4.5514680000,0.0384234300,-0.0005636292,-0.0344595900,-0.3407041000,0.4599842000,0.8199605000,-0.0197833600,-0.0006256409,-0.0323371100,-0.1965950000,0.4688282000,0.8611333000,0.0000000000,
23.23359,13589,True,1.0000000000,3.7213440000,-0.0291803900,0.0008012849,-0.0315378900,0.0231020600,0.0393528600,0.9989583000,True,1.0000000000,4.2310180000,0.0361681200,0.0007950898,-0.0338259000,0.2433956000,0.0769661700,0.9668685000,-0.0181576200,0.0008002320,-0.0319238300,0.0604714700,0.0458685900,0.9971154000,0.0000000000,
23.24446,13598,True,1.0000000000,3.7351070000,-0.0292073500,0.0008253480,-0.0315271800,0.0280765400,0.0323490500,0.9990822000,True,1.0000000000,-1.0000000000,0.0361681200,0.0007950898,-0.0338259000,0.0000000000,0.0000000000,0.0000000000,-0.0292073500,0.0008253480,-0.0315271800,0.0280765400,0.0323490500,0.9990822000,0.0000000000,
23.25951,13606,True,1.0000000000,3.8005370000,-0.0289941900,0.0008812409,-0.0315986900,-0.0568854500,0.0382695000,0.9976470000,True,1.0000000000,-1.0000000000,0.0361681200,0.0007950898,-0.0338259000,0.0000000000,0.0000000000,0.0000000000,-0.0289941900,0.0008812409,-0.0315986900,-0.0568854500,0.0382695000,0.9976470000,0.0000000000,
23.25951,13614,True,1.0000000000,4.1295170000,-0.0286525000,-0.0004203492,-0.0318861900,-0.1616530000,0.4312935000,0.8876115000,True,1.0000000000,4.3647610000,0.0382727400,-0.0004405976,-0.0343326600,-0.3346425000,0.4641598000,0.8201037000,-0.0182325600,-0.0004235077,-0.0322670900,-0.1890282000,0.4374290000,0.8791611000,0.0000000000,
23.26721,13623,True,1.0000000000,3.8180690000,-0.0291019600,0.0010184630,-0.0315334000,-0.0610203100,0.0128632500,0.9980537000,True,1.0000000000,4.0868990000,0.0361644000,0.0008447113,-0.0337522700,0.1942008000,0.1161970000,0.9740556000,-0.0265423600,0.0010116580,-0.0316204200,-0.0510872000,0.0169527700,0.9985503000,0.0000000000,
23.27802,13631,True,1.0000000000,4.2470700000,-0.0290663500,-0.0006588745,-0.0319128900,-0.0957351200,0.5372855000,0.8379493000,True,1.0000000000,4.1853330000,0.0361006600,0.0008534851,-0.0337324600,0.1820086000,0.1187603000,0.9760988000,-0.0251263600,-0.0005674286,-0.0320229000,-0.0795455000,0.5159699000,0.8529053000,0.0000000000,
23.28879,13639,True,1.0000000000,4.0287320000,-0.0290829600,-0.0001596069,-0.0317512700,-0.1273966000,0.4071993000,0.9044108000,True,1.0000000000,4.0896760000,0.0359896400,0.0008466340,-0.0336978500,0.1627816000,0.1172949000,0.9796653000,-0.0262994500,-0.0001165619,-0.0318345400,-0.1154028000,0.3962117000,0.9108779000,0.0000000000,
23.28879,13648,True,1.0000000000,4.1212620000,-0.0292505700,-0.0000872803,-0.0317007500,-0.1150221000,0.4017687000,0.9084888000,True,1.0000000000,4.2543330000,0.0377170100,-0.0002249909,-0.0341239900,-0.3048752000,0.4325931000,0.8484777000,-0.0279708100,-0.0000899048,-0.0317470600,-0.1186991000,0.4024997000,0.9076918000,0.0000000000,
23.30025,13656,True,1.0000000000,4.0494230000,-0.0294684900,-0.0000065765,-0.0316594100,-0.1209124000,0.3990233000,0.9089338000,True,1.0000000000,4.0967710000,0.0368604600,0.0010503390,-0.0336851500,-0.1283284000,0.1152209000,0.9850157000,-0.0284506500,0.0000096283,-0.0316905100,-0.1211102000,0.3949166000,0.9106992000,0.0000000000,
23.3111,13664,True,1.0000000000,4.0024110000,-0.0297300000,0.0001145020,-0.0316283600,-0.1117263000,0.3922779000,0.9130363000,True,1.0000000000,3.9560550000,0.0367740000,0.0011277770,-0.0336264400,-0.1801012000,0.0910500400,0.9794251000,-0.0294419700,0.0001188965,-0.0316370100,-0.1120463000,0.3910557000,0.9135212000,0.0000000000,
23.32226,13673,True,1.0000000000,3.8980870000,-0.0300223000,0.0003172455,-0.0316222400,-0.1024951000,0.3753729000,0.9211894000,True,1.0000000000,4.0539550000,0.0363387300,0.0013499760,-0.0336990400,-0.1384285000,0.0821537700,0.9869592000,-0.0294377800,0.0003263397,-0.0316405300,-0.1028460000,0.3729466000,0.9221353000,0.0000000000,
23.32226,13681,True,1.0000000000,3.9363100000,-0.0303405500,0.0004864655,-0.0316426100,-0.1045385000,0.3865835000,0.9163104000,True,1.0000000000,4.1704410000,0.0362755300,0.0010001680,-0.0340454700,-0.2126342000,0.2459904000,0.9456614000,-0.0268372100,0.0005134888,-0.0317689900,-0.1103222000,0.3795052000,0.9185885000,0.0000000000,
23.34435,13689,True,1.0000000000,4.0957180000,-0.0306633300,0.0006773224,-0.0316532100,-0.1045084000,0.3806340000,0.9188012000,True,1.0000000000,4.3602450000,0.0362115200,0.0004460907,-0.0337241900,-0.2730751000,0.4075527000,0.8713959000,-0.0280658300,0.0006683350,-0.0317336600,-0.1111151000,0.3818989000,0.9175003000,0.0000000000,
23.34435,13698,True,1.0000000000,4.0085140000,-0.0310329900,0.0008937073,-0.0316866900,-0.0953378800,0.3735237000,0.9227084000,True,1.0000000000,4.3155360000,0.0358129600,0.0007230378,-0.0337715000,-0.2805823000,0.3990684000,0.8729364000,-0.0185260600,0.0008617706,-0.0320767700,-0.1303723000,0.3793827000,0.9160087000,0.0000000000,
23.34435,13706,True,1.0000000000,3.9957280000,-0.0314258000,0.0010848390,-0.0317254400,-0.0856947200,0.3619442000,0.9282526000,True,1.0000000000,4.1977080000,0.0354141000,0.0009983826,-0.0337734900,-0.2630049000,0.3904026000,0.8822778000,-0.0204239800,0.0010706180,-0.0320625500,-0.1151449000,0.3674993000,0.9228683000,0.0000000000,
23.37807,13714,True,1.0000000000,4.0008240000,-0.0318167100,0.0012878420,-0.0318116600,-0.0875866600,0.3633320000,0.9275335000,True,1.0000000000,4.1436460000,0.0349908600,0.0012729650,-0.0337850500,-0.2549321000,0.3851829000,0.8869294000,-0.0225382100,0.0012857670,-0.0320857200,-0.1110240000,0.3670232000,0.9235625000,0.0000000000,
23.38979,13723,True,1.0000000000,3.9634250000,-0.0322513900,0.0014982300,-0.0319290000,-0.0764928600,0.3720120000,0.9250708000,True,1.0000000000,4.1362610000,0.0345775500,0.0015656430,-0.0338286000,-0.2528711000,0.3854254000,0.8874139000,-0.0178526800,0.0015127560,-0.0323382900,-0.1148230000,0.3759479000,0.9194992000,0.0000000000,
23.4015,13739,True,1.0000000000,4.0844420000,-0.0330975800,0.0017756350,-0.0321402600,-0.0837712900,0.3567375000,0.9304411000,True,1.0000000000,4.1901550000,0.0336942200,0.0021085820,-0.0339480200,-0.2445554000,0.3662456000,0.8978067000,0.0161814300,0.0020212860,-0.0334740200,-0.2029278000,0.3647024000,0.9087422000,0.0000000000,
23.4015,13748,True,1.0000000000,4.0589450000,-0.0335010300,0.0018805240,-0.0322382800,-0.0773473800,0.3460567000,0.9350199000,True,1.0000000000,4.0679470000,0.0332672600,0.0023506170,-0.0340410000,-0.2400092000,0.3615320000,0.9009385000,0.0253294400,0.0022947240,-0.0338266800,-0.2209970000,0.3602207000,0.9063120000,0.0000000000,
23.41273,13756,True,1.0000000000,4.1702730000,-0.0339225000,0.0019569860,-0.0323690400,-0.0745700200,0.3456436000,0.9353982000,True,1.0000000000,4.1285100000,0.0328565100,0.0025697330,-0.0341167400,-0.2384670000,0.3433571000,0.9084269000,0.0299982200,0.0025435180,-0.0340419500,-0.2315865000,0.3436489000,0.9100951000,0.0000000000,
23.42403,13764,True,1.0000000000,4.1673130000,-0.0343473800,0.0019912720,-0.0325092800,-0.0681469700,0.3534456000,0.9329696000,True,1.0000000000,4.0597230000,0.0324577500,0.0027346960,-0.0342219000,-0.2364369000,0.3418151000,0.9095384000,0.0312647900,0.0027214200,-0.0341913000,-0.2334943000,0.3421083000,0.9101881000,0.0000000000,
23.43541,13773,True,1.0000000000,4.1059720000,-0.0347137900,0.0020242920,-0.0326248900,-0.0701306500,0.3476472000,0.9349990000,True,1.0000000000,3.9643710000,0.0320813000,0.0028659210,-0.0343353300,-0.2358563000,0.3442858000,0.9087569000,0.0309876600,0.0028521430,-0.0343073100,-0.2332028000,0.3444254000,0.9093886000,0.0000000000,
23.44619,13781,True,1.0000000000,4.1548310000,-0.0351153600,0.0019839480,-0.0327292300,-0.0642552000,0.3435692000,0.9369266000,True,1.0000000000,4.0467990000,0.0317215700,0.0029361270,-0.0344226000,-0.2315238000,0.3428988000,0.9103939000,0.0300543500,0.0029123690,-0.0343803400,-0.2274349000,0.3430368000,0.9113721000,0.0000000000,
23.45745,13789,True,1.0000000000,4.1860350000,-0.0354412900,0.0018941500,-0.0328076300,-0.0635685100,0.3408987000,0.9379483000,True,1.0000000000,4.0887150000,0.0313924700,0.0029830930,-0.0344827400,-0.2256336000,0.3342923000,0.9150618000,0.0287064800,0.0029393310,-0.0344154200,-0.2192261000,0.3347368000,0.9164557000,0.0000000000,
23.46844,13806,True,1.0000000000,4.1312560000,-0.0356519200,0.0021217650,-0.0328967600,-0.1839759000,0.1927803000,0.9638405000,True,1.0000000000,3.9362950000,0.0307845300,0.0029630590,-0.0346237200,-0.2286562000,0.3168990000,0.9204843000,0.0266903500,0.0029112090,-0.0345172900,-0.2260311000,0.3094214000,0.9236711000,0.0000000000,
23.48032,13814,True,1.0000000000,4.0039670000,-0.0355560500,0.0020275420,-0.0329383200,-0.2827355000,0.1646302000,0.9449643000,True,1.0000000000,4.0492100000,0.0304914600,0.0028890840,-0.0346873800,-0.2196061000,0.3269677000,0.9191656000,0.0208975100,0.0027639310,-0.0344333100,-0.2292202000,0.3039739000,0.9246934000,0.0000000000,
23.48032,13823,True,1.0000000000,4.4164730000,-0.0355461900,0.0010432890,-0.0332325900,-0.3586163000,0.3799636000,0.8526559000,True,1.0000000000,4.0368960000,0.0302262300,0.0027866370,-0.0347272800,-0.2256663000,0.3224392000,0.9192974000,0.0213425200,0.0025511630,-0.0345253900,-0.2439910000,0.3307077000,0.9116473000,0.0000000000,
23.49067,13831,True,1.0000000000,-1.0000000000,-0.0355461900,0.0010432890,-0.0332325900,0.0000000000,0.0000000000,0.0000000000,True,1.0000000000,-1.0000000000,0.0303054400,0.0014516450,-0.0352171500,0.0000000000,0.0000000000,0.0000000000,0.0010000000,-0.0010000000,-0.0010000000,0.5773503000,-0.5773503000,-0.5773503000,0.0000000000,
23.50178,13839,True,1.0000000000,4.2582400000,-0.0373848300,0.0004904785,-0.0334271400,-0.0153810300,0.3520700000,0.9358473000,True,1.0000000000,4.1007080000,0.0286261200,0.0026964880,-0.0347961600,0.0460666800,0.2648491000,0.9631889000,0.0144203500,0.0022217560,-0.0345015400,0.0328676400,0.2839068000,0.9582884000,0.0000000000,
23.51289,13848,True,1.0000000000,4.5560460000,-0.0353344900,0.0007179413,-0.0331936100,-0.5585892000,0.2609151000,0.7873381000,True,1.0000000000,-1.0000000000,0.0311767400,0.0023057710,-0.0348077100,0.0000000000,0.0000000000,0.0000000000,-0.0353344900,0.0007179413,-0.0331936100,-0.5585892000,0.2609151000,0.7873381000,0.0000000000,
23.52414,13864,True,1.0000000000,4.3691250000,-0.0372506100,-0.0002963104,-0.0332656400,0.0295109200,0.4465244000,0.8942847000,True,1.0000000000,3.9719540000,0.0294943100,0.0020533450,-0.0347563500,-0.1192332000,0.3888889000,0.9135364000,0.0243949400,0.0018738250,-0.0346424600,-0.1079573000,0.3936510000,0.9128987000,0.0000000000,
23.53532,13872,True,1.0000000000,4.0300290000,-0.0364046000,0.0005702210,-0.0328280400,-0.2021189000,0.1463935000,0.9683579000,True,1.0000000000,3.7642360000,0.0302678200,0.0031216740,-0.0343316000,-0.3266316000,0.0520785500,0.9437159000,0.0212531400,0.0027766880,-0.0341283100,-0.3102458000,0.0649117400,0.9484377000,0.0000000000,
23.53532,13881,True,1.0000000000,4.1387180000,-0.0364346300,0.0003040466,-0.0328106100,-0.1922788000,0.1436941000,0.9707630000,True,1.0000000000,3.7839200000,0.0302421600,0.0028488620,-0.0343275800,-0.3337434000,0.0601354700,0.9407439000,0.0190343500,0.0024210970,-0.0340725900,-0.3105654000,0.0743263300,0.9476417000,0.0000000000,
23.54641,13889,True,1.0000000000,4.2101900000,-0.0364494300,-0.0000366058,-0.0328163900,-0.1994797000,0.1338969000,0.9707108000,True,1.0000000000,4.0017700000,0.0294135600,0.0012639620,-0.0346828500,-0.1173114000,0.4012363000,0.9084313000,0.0222124800,0.0011217650,-0.0344787800,-0.1268013000,0.3735068000,0.9189201000,0.0000000000,
23.55751,13897,True,1.0000000000,4.4210660000,-0.0373161300,-0.0015686950,-0.0332404300,0.0469365800,0.4850520000,0.8732248000,True,1.0000000000,3.7675170000,0.0302677900,0.0021044770,-0.0342117500,-0.3296384000,0.0481418900,0.9428790000,0.0101337000,0.0010101930,-0.0339223800,-0.2255595000,0.1849399000,0.9565146000,0.0000000000,
23.56882,13906,True,1.0000000000,4.1038970000,-0.0364460500,-0.0008369751,-0.0327710100,-0.1927515000,0.1361712000,0.9717532000,True,1.0000000000,4.0829620000,0.0295074200,0.0004499665,-0.0345898800,-0.1235523000,0.3894255000,0.9127336000,0.0149276600,0.0001654663,-0.0341877900,-0.1397262000,0.3355442000,0.9316043000,0.0000000000,
23.57966,13914,True,1.0000000000,4.0451350000,-0.0363521100,-0.0011473390,-0.0327327000,-0.1857764000,0.1156926000,0.9757574000,True,1.0000000000,3.8961940000,0.0311088000,0.0009195862,-0.0342589100,-0.4845456000,0.1557779000,0.8607838000,0.0004478912,-0.0000198212,-0.0335652600,-0.3533353000,0.1393749000,0.9250561000,0.0000000000,
23.57966,13922,True,1.0000000000,3.9177090000,-0.0360369000,-0.0003451996,-0.0323577900,-0.2688307000,-0.2288219000,0.9356124000,True,1.0000000000,3.7955020000,0.0305163400,0.0008160553,-0.0341198700,-0.3224349000,0.0320436000,0.9460491000,0.0127421700,0.0005059204,-0.0336492800,-0.3102776000,-0.0378729700,0.9498913000,0.0000000000,
23.59066,13931,True,1.0000000000,4.2470250000,-0.0370622900,-0.0030527040,-0.0331693400,0.0744025300,0.4738355000,0.8774647000,True,1.0000000000,3.7316440000,0.0305486200,0.0003383942,-0.0341547100,-0.3049977000,0.0480202000,0.9511417000,-0.0048677830,-0.0014379580,-0.0336385500,-0.1109183000,0.2829951000,0.9526861000,0.0000000000,
23.59066,13939,True,1.0000000000,3.9290770000,-0.0363792300,-0.0021525120,-0.0326820400,-0.1125192000,0.0747076100,0.9908372000,True,1.0000000000,4.0380710000,0.0298223000,-0.0013163150,-0.0345769500,-0.0834970600,0.3901870000,0.9169418000,-0.0103846900,-0.0018241730,-0.0334260900,-0.1024181000,0.2011436000,0.9741929000,0.0000000000,
23.613,13947,True,1.0000000000,3.9949650000,-0.0357186300,-0.0013730780,-0.0323180700,-0.2592483000,-0.2284406000,0.9384056000,True,1.0000000000,3.8198240000,0.0307817100,-0.0005470734,-0.0341779800,-0.2963453000,0.0501258600,0.9537646000,0.0148205400,-0.0007453308,-0.0337315700,-0.2895546000,-0.0168459200,0.9570132000,0.0000000000,
23.63597,13964,True,1.0000000000,4.2669220000,-0.0366048100,-0.0043148960,-0.0331956000,0.0787814000,0.4364792000,0.8962586000,True,1.0000000000,3.8946230000,0.0310357800,-0.0013828280,-0.0342885700,-0.2905458000,0.0620887000,0.9548446000,0.0214461800,-0.0017985230,-0.0341336200,-0.2423434000,0.1171891000,0.9630870000,0.0000000000,
23.65775,13972,True,1.0000000000,3.9845580000,-0.0354901600,-0.0022072750,-0.0322994400,-0.1975582000,-0.2655217000,0.9436466000,True,1.0000000000,4.1057740000,0.0303130700,-0.0028347930,-0.0347487500,-0.0857253800,0.3753423000,0.9229135000,0.0254775000,-0.0027886810,-0.0345687600,-0.0953231900,0.3330895000,0.9380644000,0.0000000000,
23.67976,13997,True,1.0000000000,4.4697720000,-0.0364775200,-0.0054448250,-0.0334381600,0.1938495000,0.5133870000,0.8359762000,True,1.0000000000,3.8953700000,0.0315000300,-0.0011619420,-0.0339729600,-0.2835559000,-0.2568223000,0.9239255000,0.0308424200,-0.0012033840,-0.0339677900,-0.2800462000,-0.2503677000,0.9267633000,0.0000000000,
23.69083,14014,True,1.0000000000,3.9859160000,-0.0348666200,-0.0032644660,-0.0324479700,-0.2062706000,-0.2377651000,0.9491682000,True,1.0000000000,3.7928770000,0.0317444000,-0.0013207400,-0.0339791100,-0.2881506000,-0.2730595000,0.9178278000,0.0298499200,-0.0013760220,-0.0339355700,-0.2858472000,-0.2720836000,0.9188372000,0.0000000000,
23.70188,14039,True,1.0000000000,4.3778530000,-0.0356678500,-0.0058404540,-0.0332968500,0.1334397000,0.4577538000,0.8790081000,True,1.0000000000,3.9165950000,0.0319789600,-0.0012930910,-0.0339476300,-0.2860609000,-0.2558786000,0.9234150000,0.0317243800,-0.0013102110,-0.0339451800,-0.2848409000,-0.2535293000,0.9244396000,0.0000000000,
23.70188,14047,True,1.0000000000,3.8690950000,-0.0344743100,-0.0035127720,-0.0323553500,-0.2114587000,-0.2791627000,0.9366714000,True,1.0000000000,3.9050290000,0.0311362000,-0.0035549930,-0.0347454400,-0.0577248700,0.3581749000,0.9318683000,0.0309553900,-0.0035548710,-0.0347388500,-0.0581825300,0.3566331000,0.9324310000,0.0000000000,
23.71318,14056,True,0.7266105000,-1.0000000000,-0.0344743100,-0.0035127720,-0.0323553500,0.0000000000,0.0000000000,0.0000000000,True,0.7266105000,-1.0000000000,0.0319294300,-0.0018146060,-0.0340877800,0.0000000000,0.0000000000,0.0000000000,0.0010000000,-0.0010000000,-0.0010000000,0.5773503000,-0.5773503000,-0.5773503000,0.0000000000,
23.71318,14064,True,0.7266105000,-1.0000000000,-0.0344743100,-0.0035127720,-0.0323553500,0.0000000000,0.0000000000,0.0000000000,True,0.7266105000,-1.0000000000,0.0322145400,-0.0029884800,-0.0344874100,0.0000000000,0.0000000000,0.0000000000,0.0010000000,-0.0010000000,-0.0010000000,0.5773503000,-0.5773503000,-0.5773503000,0.0000000000,
23.72423,14072,True,0.3949800000,-1.0000000000,-0.0344743100,-0.0035127720,-0.0323553500,0.0000000000,0.0000000000,0.0000000000,True,0.3949800000,-1.0000000000,0.0322145400,-0.0029884800,-0.0344874100,0.0000000000,0.0000000000,0.0000000000,0.0010000000,-0.0010000000,-0.0010000000,0.5773503000,-0.5773503000,-0.5773503000,0.0000000000,
23.73524,14081,True,0.3949800000,-1.0000000000,-0.0344743100,-0.0035127720,-0.0323553500,0.0000000000,0.0000000000,0.0000000000,True,0.3949800000,-1.0000000000,0.0322145400,-0.0029884800,-0.0344874100,0.0000000000,0.0000000000,0.0000000000,0.0010000000,-0.0010000000,-0.0010000000,0.5773503000,-0.5773503000,-0.5773503000,0.0000000000,
23.73524,14089,True,0.3293658000,-1.0000000000,-0.0344743100,-0.0035127720,-0.0323553500,0.0000000000,0.0000000000,0.0000000000,True,0.3293658000,-1.0000000000,0.0322145400,-0.0029884800,-0.0344874100,0.0000000000,0.0000000000,0.0000000000,0.0010000000,-0.0010000000,-0.0010000000,0.5773503000,-0.5773503000,-0.5773503000,0.0000000000,
23.7464,14097,True,0.3293658000,-1.0000000000,-0.0344743100,-0.0035127720,-0.0323553500,0.0000000000,0.0000000000,0.0000000000,True,0.3293658000,-1.0000000000,0.0320172300,-0.0023941350,-0.0342532500,0.0000000000,0.0000000000,0.0000000000,0.0010000000,-0.0010000000,-0.0010000000,0.5773503000,-0.5773503000,-0.5773503000,0.0000000000,
23.75735,14106,True,0.3138810000,-1.0000000000,-0.0344743100,-0.0035127720,-0.0323553500,0.0000000000,0.0000000000,0.0000000000,True,0.3138810000,-1.0000000000,0.0315104500,-0.0025271760,-0.0342531100,0.0000000000,0.0000000000,0.0000000000,0.0010000000,-0.0010000000,-0.0010000000,0.5773503000,-0.5773503000,-0.5773503000,0.0000000000,
23.76871,14114,True,0.3138810000,3.5470580000,-0.0356462300,-0.0049890900,-0.0328790300,0.1350118000,0.4136415000,0.9003736000,True,0.3138810000,-1.0000000000,0.0315114700,-0.0033192600,-0.0312875100,0.0000000000,0.0000000000,0.0000000000,-0.0356462300,-0.0049890900,-0.0328790300,0.1350099000,0.4136358000,0.9003764000,0.0000000000,
23.77987,14122,True,0.4356437000,3.9646000000,-0.0344274300,-0.0025731050,-0.0321192000,-0.2034159000,-0.1092229000,0.9729812000,True,0.4356437000,-1.0000000000,0.0321170800,-0.0007064820,-0.0339027000,0.0000000000,0.0000000000,0.0000000000,-0.0344274300,-0.0025731050,-0.0321192000,-0.2034159000,-0.1092229000,0.9729812000,0.0000000000,
23.77987,14131,True,0.4356437000,4.1761930000,-0.0347472800,-0.0031135560,-0.0323354500,-0.0751649200,0.1132051000,0.9907244000,True,0.4356437000,-1.0000000000,0.0321590300,-0.0006232300,-0.0338950000,0.0000000000,0.0000000000,0.0000000000,-0.0347472800,-0.0031135560,-0.0323354500,-0.0751649200,0.1132051000,0.9907244000,0.0000000000,
23.79085,14139,True,0.6414343000,3.8853910000,-0.0349083600,-0.0028475340,-0.0322099000,-0.0217593400,0.0692911400,0.9973591000,True,0.6414343000,-1.0000000000,0.0315307200,-0.0029819490,-0.0308481600,0.0000000000,0.0000000000,0.0000000000,-0.0349083600,-0.0028475340,-0.0322099000,-0.0217593400,0.0692911400,0.9973591000,0.0000000000,
23.80187,14147,True,0.6414343000,4.2706150000,-0.0353413000,-0.0038866890,-0.0325990600,0.1101245000,0.4573134000,0.8824608000,True,0.6414343000,-1.0000000000,0.0315541000,-0.0029535980,-0.0304381100,0.0000000000,0.0000000000,0.0000000000,-0.0353413000,-0.0038866890,-0.0325990600,0.1101245000,0.4573134000,0.8824608000,0.0000000000,
23.80187,14156,True,0.8488065000,3.8468170000,-0.0349016100,-0.0023474580,-0.0320309100,-0.0023193450,0.0695193300,0.9975779000,True,0.8488065000,-1.0000000000,0.0315832800,-0.0024117430,-0.0311168200,0.0000000000,0.0000000000,0.0000000000,-0.0349016100,-0.0023474580,-0.0320309100,-0.0023193450,0.0695193300,0.9975779000,0.0000000000,
23.81316,14164,True,0.8488065000,3.8854980000,-0.0349605300,-0.0021183320,-0.0322036100,0.0336612200,0.1344313000,0.9903510000,True,0.8488065000,-1.0000000000,0.0316048700,-0.0021091000,-0.0313333600,0.0000000000,0.0000000000,0.0000000000,-0.0349605300,-0.0021183320,-0.0322036100,0.0336612200,0.1344313000,0.9903510000,0.0000000000,
23.82401,14172,True,0.9685690000,3.9743500000,-0.0347596400,-0.0015563510,-0.0319385100,-0.0105286200,0.0604861800,0.9981135000,True,0.9685690000,4.0115970000,0.0317007600,-0.0016160580,-0.0317991200,-0.0857398800,0.4037663000,0.9108356000,-0.0347596400,-0.0015563510,-0.0319385100,-0.0105286200,0.0604861800,0.9981135000,0.0000000000,
23.82401,14181,True,0.9685690000,4.0958250000,-0.0350518200,-0.0022838590,-0.0322889300,0.1094974000,0.4205181000,0.9006525000,True,0.9685690000,4.0926970000,0.0317811600,-0.0011466980,-0.0322092000,-0.0917362000,0.3862167000,0.9178351000,-0.0350518200,-0.0022838590,-0.0322889300,0.1094974000,0.4205181000,0.9006525000,0.0000000000,
23.83519,14189,True,1.0000000000,3.9812930000,-0.0349058100,-0.0016736450,-0.0322496700,0.0963150900,0.3791263000,0.9203188000,True,1.0000000000,3.9424590000,0.0319175600,-0.0002757721,-0.0338786500,-0.0980852500,0.3702917000,0.9237226000,-0.0349058100,-0.0016736450,-0.0322496700,0.0963150900,0.3791263000,0.9203188000,0.0000000000,
23.84638,14197,True,1.0000000000,4.0169220000,-0.0348086200,-0.0011773220,-0.0322568500,0.0900281300,0.3880060000,0.9172493000,True,1.0000000000,3.9047550000,0.0320408500,0.0000447846,-0.0338950500,-0.0894172900,0.3583406000,0.9292990000,-0.0348086200,-0.0011773220,-0.0322568500,0.0900281300,0.3880060000,0.9172493000,0.0000000000,
23.85754,14206,True,1.0000000000,4.0624850000,-0.0346662900,-0.0006041413,-0.0322872200,0.0929269900,0.3893473000,0.9163914000,True,1.0000000000,3.9946290000,0.0321507300,0.0003444519,-0.0339165500,-0.0926221700,0.3653464000,0.9262522000,-0.0346662900,-0.0006041413,-0.0322872200,0.0929269900,0.3893473000,0.9163914000,0.0000000000,
23.86838,14214,True,1.0000000000,3.9919430000,-0.0345143500,-0.0000252075,-0.0323276100,0.0835890800,0.3698489000,0.9253241000,True,1.0000000000,3.9803470000,0.0322931100,0.0006283722,-0.0339216000,-0.0861523500,0.3579000000,0.9297770000,-0.0345143500,-0.0000252075,-0.0323276100,0.0835890800,0.3698489000,0.9253241000,0.0000000000,
23.86838,14222,True,1.0000000000,3.9632570000,-0.0343437800,0.0005729523,-0.0323937700,0.0766761800,0.3484990000,0.9341677000,True,1.0000000000,3.9444730000,0.0324683900,0.0008662110,-0.0339628300,-0.1034253000,0.3718155000,0.9225272000,-0.0343437800,0.0005729523,-0.0323937700,0.0766761800,0.3484990000,0.9341677000,0.0000000000,
23.88002,14231,True,1.0000000000,3.9976040000,-0.0341746200,0.0011713260,-0.0325074800,0.0669867200,0.3359560000,0.9394926000,True,1.0000000000,4.0515900000,0.0326685800,0.0011374970,-0.0339797700,-0.1111916000,0.3624141000,0.9253607000,-0.0341746200,0.0011713260,-0.0325074800,0.0669867200,0.3359560000,0.9394926000,0.0000000000,
23.88002,14239,True,1.0000000000,3.9412540000,-0.0339640200,0.0017382510,-0.0326179500,0.0680850700,0.3124711000,0.9474841000,True,1.0000000000,4.0791930000,0.0328727600,0.0013475800,-0.0340196900,-0.1027232000,0.3657109000,0.9250425000,-0.0339640200,0.0017382510,-0.0326179500,0.0680850700,0.3124711000,0.9474841000,0.0000000000,
23.89066,14247,True,1.0000000000,-1.0000000000,-0.0337794500,0.0010292510,-0.0331825000,0.0000000000,0.0000000000,0.0000000000,True,1.0000000000,3.9958650000,0.0330930900,0.0015476380,-0.0340516800,-0.1144570000,0.3612393000,0.9254220000,0.0330930900,0.0015476380,-0.0340516800,-0.1144570000,0.3612393000,0.9254220000,0.0000000000,
23.9018,14256,True,1.0000000000,-1.0000000000,-0.0335230900,0.0015858150,-0.0333720400,0.0000000000,0.0000000000,0.0000000000,True,1.0000000000,4.0399780000,0.0333334200,0.0017151030,-0.0340942700,-0.1253975000,0.3640008000,0.9229187000,0.0333334200,0.0017151030,-0.0340942700,-0.1253975000,0.3640008000,0.9229187000,0.0000000000,
23.91224,14264,True,1.0000000000,-1.0000000000,-0.0337125100,0.0020162200,-0.0335685600,0.0000000000,0.0000000000,0.0000000000,True,1.0000000000,3.8992000000,0.0335593400,0.0018283080,-0.0341455900,-0.1246964000,0.3723193000,0.9196897000,0.0335593400,0.0018283080,-0.0341455900,-0.1246964000,0.3723193000,0.9196897000,0.0000000000,
23.92313,14272,True,1.0000000000,3.7905270000,-0.0330341500,0.0038133850,-0.0333882500,0.0468603100,0.2149227000,0.9755062000,True,1.0000000000,4.0142820000,0.0337648800,0.0019055630,-0.0341484100,-0.1183487000,0.3593032000,0.9256861000,0.0337645900,0.0019055630,-0.0341484100,-0.1183487000,0.3593032000,0.9256861000,0.0000000000,
23.92313,14281,True,1.0000000000,-1.0000000000,-0.0333429700,0.0026692350,-0.0339016600,0.0000000000,0.0000000000,0.0000000000,True,1.0000000000,4.0483400000,0.0339638700,0.0019596410,-0.0342032200,-0.1208959000,0.3756881000,0.9188268000,0.0339638700,0.0019596410,-0.0342032200,-0.1208959000,0.3756881000,0.9188268000,0.0000000000,
23.93452,14289,True,1.0000000000,3.7122340000,-0.0326702900,0.0041763760,-0.0336860700,0.0425264200,0.2436839000,0.9689219000,True,1.0000000000,4.1483920000,0.0341664100,0.0019443360,-0.0342152900,-0.1296555000,0.3785142000,0.9164696000,0.0341662900,0.0019443360,-0.0342152900,-0.1296555000,0.3785142000,0.9164696000,0.0000000000,
23.94549,14297,True,1.0000000000,-1.0000000000,-0.0330403700,0.0029922640,-0.0340859100,0.0000000000,0.0000000000,0.0000000000,True,1.0000000000,4.2052610000,0.0343307400,0.0019299010,-0.0342229800,-0.1238104000,0.3767870000,0.9179883000,0.0343307400,0.0019299010,-0.0342229800,-0.1238104000,0.3767870000,0.9179883000,0.0000000000,
23.9564,14306,True,1.0000000000,-1.0000000000,-0.0328721000,0.0030816650,-0.0341359600,0.0000000000,0.0000000000,0.0000000000,True,1.0000000000,4.1068120000,0.0344771100,0.0018704070,-0.0342355400,-0.1404893000,0.3857467000,0.9118455000,0.0344771100,0.0018704070,-0.0342355400,-0.1404893000,0.3857467000,0.9118455000,0.0000000000,
23.9564,14314,True,1.0000000000,4.2156680000,-0.0326436900,0.0030601200,-0.0340997200,0.1850162000,0.6088519000,0.7714068000,True,1.0000000000,4.2289280000,0.0346728800,0.0017688290,-0.0342374900,-0.1143208000,0.3825748000,0.9168245000,0.0346688400,0.0017689060,-0.0342374900,-0.1143051000,0.3825885000,0.9168208000,0.0000000000,
23.96787,14322,True,1.0000000000,4.3745120000,-0.0321795700,0.0028054960,-0.0338899600,0.1941697000,0.5847064000,0.7876652000,True,1.0000000000,4.3316500000,0.0349480300,0.0015904390,-0.0342209600,-0.0581061100,0.3538857000,0.9334820000,0.0348989700,0.0015913240,-0.0342207200,-0.0579231600,0.3540698000,0.9334235000,0.0000000000,
23.97884,14331,True,1.0000000000,4.3271940000,-0.0308366000,0.0025478360,-0.0337402700,-0.0088349470,0.5559913000,0.8311411000,True,1.0000000000,4.2633060000,0.0351562700,0.0014061890,-0.0341622600,-0.0116120200,0.2971365000,0.9547644000,0.0349376500,0.0014099730,-0.0341608600,-0.0116121200,0.2980394000,0.9544830000,0.0000000000,
23.98997,14339,True,1.0000000000,4.1740570000,-0.0304573700,0.0022333220,-0.0335967000,0.0092621310,0.5320156000,0.8466839000,True,1.0000000000,4.2800900000,0.0353818500,0.0012146610,-0.0341333500,0.0179903400,0.2511323000,0.9677855000,0.0349725800,0.0012209930,-0.0341300100,0.0179445800,0.2529483000,0.9673133000,0.0000000000,
23.98997,14347,True,1.0000000000,4.3104400000,-0.0302459600,0.0019380800,-0.0334563500,0.0435795300,0.5070698000,0.8608025000,True,1.0000000000,4.3250270000,0.0355410000,0.0010839540,-0.0341624500,0.0582277700,0.2373209000,0.9696847000,0.0352644500,0.0010875400,-0.0341594700,0.0581822400,0.2384968000,0.9693989000,0.0000000000,
24.01266,14356,True,1.0000000000,4.2572940000,-0.0309209900,0.0017115170,-0.0333284200,0.2717479000,0.4768291000,0.8359348000,True,1.0000000000,4.1141510000,0.0356731400,0.0009595642,-0.0341047100,0.0938277700,0.1497063000,0.9842684000,0.0354193100,0.0009624329,-0.0341017500,0.0945442500,0.1510023000,0.9840019000,0.0000000000,
24.02174,14364,True,1.0000000000,4.1304630000,-0.0296658500,0.0011695710,-0.0332507200,0.0467077600,0.4621795000,0.8855554000,True,1.0000000000,4.2321930000,0.0358207900,0.0007160187,-0.0341157700,0.1160290000,0.1241772000,0.9854528000,0.0357223800,0.0007167053,-0.0341144700,0.1159381000,0.1246968000,0.9853979000,0.0000000000,
24.02174,14372,True,0.9298476000,3.8434140000,-0.0301677600,0.0023014680,-0.0327557100,0.2868088000,-0.0070191560,0.9579622000,True,0.9298476000,4.4051360000,0.0359705500,0.0005281219,-0.0341119100,0.1580823000,0.0549931100,0.9858934000,0.0359653300,0.0005282746,-0.0341118000,0.1580972000,0.0549929700,0.9858910000,0.0000000000,
24.03341,14381,True,0.9298476000,4.0778500000,-0.0293412300,0.0005479126,-0.0330779100,0.1205614000,0.3515521000,0.9283728000,True,0.9298476000,4.2900390000,0.0360818700,0.0003942261,-0.0341322300,0.1980317000,0.0056611020,0.9801793000,0.0360775800,0.0003942414,-0.0341321700,0.1980287000,0.0056915330,0.9801797000,0.0000000000,
24.04408,14389,True,0.7870170000,4.2274630000,-0.0292368500,0.0003120270,-0.0330858900,0.1424580000,0.3404436000,0.9294105000,True,0.7870170000,4.2726140000,0.0361749300,0.0002714844,-0.0341810200,0.2138530000,0.0103149900,0.9768114000,0.0361668100,0.0002714844,-0.0341808800,0.2138529000,0.0103607600,0.9768109000,0.0000000000,
24.04408,14397,True,0.7870170000,4.2824100000,-0.0303610400,0.0002033997,-0.0330740700,0.4510691000,0.3327666000,0.8281323000,True,0.7870170000,4.2339170000,0.0361832800,0.0002195587,-0.0341800600,0.2389553000,-0.0222780800,0.9707750000,0.0361441200,0.0002195435,-0.0341794000,0.2390930000,-0.0220644900,0.9707460000,0.0000000000,
24.05505,14406,True,0.7943699000,4.3079530000,-0.0304162500,0.0001232147,-0.0330373400,0.4370441000,0.3341384000,0.8350713000,True,0.7943699000,4.2129970000,0.0361546500,0.0001824799,-0.0341852000,0.2447828000,-0.0223695100,0.9693198000,0.0359938100,0.0001823425,-0.0341824200,0.2453041000,-0.0215152200,0.9692074000,0.0000000000,
24.0662,14414,True,0.7943699000,4.2891390000,-0.0304754700,0.0000414581,-0.0329939400,0.4210134000,0.3307406000,0.8446055000,True,0.7943699000,4.2599330000,0.0361540400,0.0002083130,-0.0341533000,0.2245343000,-0.0198670500,0.9742637000,0.0354987200,0.0002066803,-0.0341419100,0.2266697000,-0.0164337500,0.9738330000,0.0000000000,
24.0662,14422,True,0.8334807000,3.9705050000,-0.0301873500,0.0012397770,-0.0325554200,0.3414796000,-0.0538029900,0.9383479000,True,0.8334807000,4.2847750000,0.0361016700,0.0001737824,-0.0341394700,0.2170431000,-0.0197755800,0.9759617000,0.0351269700,0.0001894531,-0.0341161800,0.2189049000,-0.0202791500,0.9755355000,0.0000000000,
24.07731,14431,True,0.8334807000,3.9897460000,-0.0302486300,0.0011601410,-0.0324960400,0.3384107000,-0.0640566300,0.9388157000,True,0.8334807000,4.1946260000,0.0361552500,0.0001584625,-0.0341200900,0.1949024000,-0.0229341800,0.9805545000,0.0358517900,0.0001630402,-0.0341126700,0.1955590000,-0.0231173400,0.9804195000,0.0000000000,
24.07731,14439,True,0.9025415000,3.9738920000,-0.0303000700,0.0011107790,-0.0324585900,0.3290581000,-0.0613712900,0.9423133000,True,0.9025415000,4.1726380000,0.0361367700,0.0001487579,-0.0341200000,0.1926734000,-0.0143127900,0.9811586000,0.0360285300,0.0001503296,-0.0341173000,0.1929022000,-0.0143890800,0.9811125000,0.0000000000,
24.11167,14447,True,0.9025415000,3.9734190000,-0.0303402400,0.0010629120,-0.0324395300,0.3179048000,-0.0505986500,0.9467715000,True,0.9025415000,4.3346410000,0.0360894900,0.0001428986,-0.0340865800,0.1814747000,-0.0165559600,0.9832562000,0.0359989600,0.0001441651,-0.0340843400,0.1816718000,-0.0166016300,0.9832191000,0.0000000000,
24.12174,14456,True,0.9420000000,3.9625850000,-0.0303873200,0.0010577700,-0.0324095300,0.3094517000,-0.0500799000,0.9495956000,True,0.9420000000,4.2543950000,0.0360574500,0.0001319580,-0.0340627600,0.1739827000,-0.0272830200,0.9843707000,0.0360252300,0.0001324158,-0.0340619700,0.1740444000,-0.0272983900,0.9843594000,0.0000000000,
24.13311,14464,True,0.9420000000,3.9535220000,-0.0304504400,0.0010657200,-0.0323801700,0.3098167000,-0.0554203200,0.9491798000,True,0.9420000000,4.3549800000,0.0360243400,0.0001460266,-0.0340589600,0.1743322000,-0.0227509300,0.9844240000,0.0359782600,0.0001466522,-0.0340578000,0.1744409000,-0.0227816900,0.9844040000,0.0000000000,
24.13311,14472,True,0.9781256000,4.1791530000,-0.0298108400,-0.0001829681,-0.0327596900,0.1123968000,0.3199631000,0.9407394000,True,0.9781256000,4.3234250000,0.0360183300,0.0001110535,-0.0340408300,0.1511844000,-0.0186768000,0.9883292000,0.0358502400,0.0001103058,-0.0340375500,0.1511100000,-0.0178072600,0.9883565000,0.0000000000,
24.14392,14489,True,0.9781256000,4.1025240000,-0.0305734700,0.0011714330,-0.0323135300,0.2791324000,-0.0695656600,0.9577295000,True,0.9781256000,4.3550720000,0.0359437600,0.0001486664,-0.0340090400,0.1423495000,-0.0223236500,0.9895647000,0.0353466800,0.0001578522,-0.0339938100,0.1435869000,-0.0227511200,0.9893762000,0.0000000000,
24.14392,14497,True,1.0000000000,4.0510410000,-0.0306261900,0.0012178500,-0.0322872000,0.2784444000,-0.0731359000,0.9576638000,True,1.0000000000,4.2702330000,0.0359255100,0.0001760559,-0.0339792300,0.1312411000,-0.0488740100,0.9901450000,0.0329354300,0.0002228699,-0.0339032200,0.1379261000,-0.0499885000,0.9891802000,0.0000000000,
24.18856,14506,True,1.0000000000,3.9890900000,-0.0306653500,0.0012307890,-0.0322714100,0.2594768000,-0.0630648400,0.9636880000,True,1.0000000000,4.2666780000,0.0358818700,0.0001257324,-0.0339702000,0.1080334000,-0.0238344900,0.9938615000,0.0234942300,0.0003314362,-0.0336539800,0.1364759000,-0.0311892600,0.9901522000,0.0000000000,
24.21113,14531,True,1.0000000000,3.8879700000,-0.0308987900,0.0012328800,-0.0322347400,0.2077804000,-0.0333407000,0.9776071000,True,1.0000000000,4.2503200000,0.0357198600,0.0001267700,-0.0339401100,0.0689092800,0.0044708630,0.9976130000,0.0232981400,0.0003330231,-0.0336221200,0.0949564000,-0.0025787610,0.9954781000,0.0000000000,
24.25667,14539,True,1.0000000000,4.0284120000,-0.0309824100,0.0012641600,-0.0322109100,0.2055842000,-0.0342716500,0.9780392000,True,1.0000000000,4.2348790000,0.0356208000,0.0001825409,-0.0339215200,0.0772106300,0.0101472500,0.9969631000,0.0239992100,0.0003712769,-0.0336230300,0.0997481800,0.0023956650,0.9950098000,0.0000000000,
24.26657,14589,True,1.0000000000,4.0462950000,-0.0310987700,0.0015449530,-0.0321936500,0.2637366000,-0.0563057300,0.9629500000,True,1.0000000000,4.3511510000,0.0354162300,0.0005381165,-0.0338456900,0.0927284200,-0.0017242570,0.9956899000,0.0240501000,0.0007101593,-0.0335633900,0.1222390000,-0.0110779600,0.9924389000,0.0000000000,
24.2773,14606,True,1.0000000000,3.9882350000,-0.0310716600,0.0015453340,-0.0321992000,0.2560427000,-0.0442200200,0.9656535000,True,1.0000000000,4.2386170000,0.0354336600,0.0005423279,-0.0338421900,0.0979922000,-0.0101776400,0.9951351000,0.0221726200,0.0007423249,-0.0335145900,0.1297765000,-0.0169983500,0.9913976000,0.0000000000,
24.2773,14622,True,1.0000000000,4.0275270000,-0.0313334100,0.0016166540,-0.0321637900,0.2231925000,-0.0289614600,0.9743441000,True,1.0000000000,4.1499480000,0.0352287500,0.0006384888,-0.0337509800,0.0754852500,0.0002136231,0.9971469000,0.0164554800,0.0009143677,-0.0333033300,0.1174174000,-0.0080261890,0.9930502000,0.0000000000,
24.28887,14631,True,1.0000000000,3.9377750000,-0.0314941700,0.0015068210,-0.0317322200,0.2163264000,-0.0264132800,0.9759637000,True,1.0000000000,4.1968690000,0.0351502400,0.0006727753,-0.0336300700,0.0613104700,0.0006256170,0.9981186000,0.0184981800,0.0008811799,-0.0331558700,0.1002814000,-0.0061340710,0.9949402000,0.0000000000,
24.30598,14639,True,1.0000000000,4.1065980000,-0.0315872700,0.0015056000,-0.0314553200,0.2195762000,-0.0322574100,0.9750620000,True,1.0000000000,4.2241970000,0.0350642700,0.0004529877,-0.0327226900,0.0461426300,0.0080566490,0.9989024000,-0.0135204200,0.0012202760,-0.0317988600,0.1731118000,-0.0213929300,0.9846698000,0.0000000000,
24.32308,14647,True,1.0000000000,4.1800230000,-0.0316885900,0.0009727479,-0.0297246600,0.2233770000,0.0004730301,0.9747320000,True,1.0000000000,4.1734920000,0.0349912600,0.0006636048,-0.0332129400,0.0235140000,0.0236360700,0.9994441000,0.0349490500,0.0006638031,-0.0332107400,0.0236360100,0.0236207500,0.9994416000,0.0000000000,
24.33332,14672,True,1.0000000000,4.1300660000,-0.0319377800,0.0011033630,-0.0300564300,0.1979240000,0.0049133850,0.9802051000,True,1.0000000000,4.2333980000,0.0347257000,0.0003185730,-0.0314762400,0.0065765690,0.0403139100,0.9991654000,0.0341964400,0.0003248139,-0.0314649800,0.0081024530,0.0400392400,0.9991652000,0.0000000000,
24.34426,14681,True,1.0000000000,4.0546110000,-0.0320360300,0.0010895540,-0.0300673800,0.1842517000,0.0100098600,0.9828281000,True,1.0000000000,4.2352600000,0.0346416600,0.0004812317,-0.0318546800,-0.0065765570,0.0323945000,0.9994535000,0.0340999300,0.0004861756,-0.0318401600,-0.0050201520,0.0322266300,0.9994680000,0.0000000000,
24.34426,14689,True,1.0000000000,4.0251770000,-0.0321161400,0.0011434170,-0.0302706300,0.1604792000,0.0151217000,0.9869234000,True,1.0000000000,4.2099460000,0.0345443300,0.0005992432,-0.0320575100,-0.0086365760,0.0437627200,0.9990047000,0.0337776700,0.0006055146,-0.0320369600,-0.0066834170,0.0434422100,0.9990336000,0.0000000000,
24.36652,14697,True,1.0000000000,4.0362400000,-0.0322074300,0.0012149810,-0.0304772700,0.1495382000,0.0136720700,0.9886614000,True,1.0000000000,4.2863160000,0.0344560000,0.0006189728,-0.0319660300,-0.0107117700,0.0545659300,0.9984527000,0.0313481200,0.0006467591,-0.0318966200,-0.0032348940,0.0526891000,0.9986057000,0.0000000000,
24.43846,14706,True,1.0000000000,4.0945740000,-0.0323134500,0.0011701970,-0.0303754100,0.1566336000,0.0264285900,0.9873031000,True,1.0000000000,4.1179500000,0.0343576500,0.0008271790,-0.0323866800,-0.0282593500,0.0511018100,0.9982936000,0.0304247300,0.0008474122,-0.0322680200,-0.0173645400,0.0496979700,0.9986134000,0.0000000000,
24.4775,14731,True,1.0000000000,4.0095830000,-0.0325164000,0.0012743230,-0.0303437700,0.1243610000,0.0228732600,0.9919733000,True,1.0000000000,4.2249300000,0.0341632300,0.0009183350,-0.0321503200,-0.0519873500,0.0647133400,0.9965488000,0.0128328100,0.0010322110,-0.0315724200,0.0044250720,0.0515139400,0.9986625000,0.0000000000,
24.52203,14806,True,1.0000000000,4.0943150000,-0.0327323000,0.0015653080,-0.0308402600,0.0838023000,0.0392460900,0.9957092000,True,1.0000000000,4.1448820000,0.0339366800,0.0015424040,-0.0333428200,-0.0922707500,0.0642095800,0.9936615000,-0.0309725500,0.0015647130,-0.0309063100,0.0791940500,0.0399174600,0.9960597000,0.0000000000,
24.52203,14839,True,1.0000000000,4.0954280000,-0.0329043100,0.0015578460,-0.0307876700,0.0685741000,0.0476692200,0.9965065000,True,1.0000000000,4.1697690000,0.0337983900,0.0018802800,-0.0337928000,-0.1125659000,0.0529183400,0.9922341000,-0.0328864500,0.0015579220,-0.0307884700,0.0685275000,0.0476686500,0.9965098000,0.0000000000,
24.66639,14872,True,1.0000000000,4.1458130000,-0.0328880800,0.0015004270,-0.0306411500,0.0567481200,0.0522314700,0.9970213000,True,1.0000000000,4.2406920000,0.0338156000,0.0018140570,-0.0337026800,-0.1212774000,0.0495149800,0.9913829000,-0.0328880500,0.0015004270,-0.0306411500,0.0567481200,0.0522314700,0.9970213000,0.0000000000,
24.74148,14931,True,1.0000000000,4.0626680000,-0.0327687600,0.0015810700,-0.0303357300,0.0388341700,0.0593575300,0.9974811000,True,1.0000000000,4.2268830000,0.0338977200,0.0016606750,-0.0332967500,-0.1280991000,0.0634773500,0.9897279000,-0.0327687600,0.0015810700,-0.0303357300,0.0388341700,0.0593575300,0.9974811000,0.0000000000,
24.86886,15072,True,1.0000000000,4.1368710000,-0.0328612700,0.0014952390,-0.0303536400,0.0310978500,0.0555885500,0.9979694000,True,1.0000000000,4.2053990000,0.0337859100,0.0018893130,-0.0338310100,-0.1428684000,0.0483857400,0.9885583000,-0.0328612700,0.0014952390,-0.0303536400,0.0310978500,0.0555885500,0.9979694000,0.0000000000,
24.92162,15181,True,1.0000000000,4.1323550000,-0.0326538600,0.0016595610,-0.0301886900,0.0189514800,0.0496980500,0.9985844000,True,1.0000000000,4.2031560000,0.0340145600,0.0017521820,-0.0335112900,-0.1428542000,0.0447086900,0.9887334000,-0.0326538400,0.0016595610,-0.0301886900,0.0189514800,0.0496980500,0.9985844000,0.0000000000,
24.96684,15256,True,1.0000000000,4.0820470000,-0.0326903700,0.0012713930,-0.0297587000,0.0086364890,0.0273132800,0.9995896000,True,1.0000000000,4.1432950000,0.0339871100,0.0015958710,-0.0334284800,-0.1525133000,0.0332187600,0.9877430000,-0.0326897800,0.0012713930,-0.0297587300,0.0086364890,0.0273132800,0.9995896000,0.0000000000,
25.04414,15289,True,1.0000000000,4.0884700000,-0.0319180600,0.0022465670,-0.0311782100,0.1409773000,0.1093303000,0.9839574000,True,1.0000000000,4.3318020000,0.0346656400,0.0019747930,-0.0334196000,-0.0030670320,0.1393439000,0.9902393000,-0.0294577300,0.0022365110,-0.0312610300,0.1356981000,0.1104902000,0.9845700000,0.0000000000,
25.15528,15381,True,1.0000000000,4.1979680000,-0.0310322900,0.0025721280,-0.0316162700,0.3084600000,0.2861056000,0.9071913000,True,1.0000000000,4.4121400000,0.0355600600,0.0024372410,-0.0338599700,0.1526348000,0.3277612000,0.9323493000,0.0331318200,0.0024421690,-0.0337781500,0.1584038000,0.3263902000,0.9318678000,0.0000000000,
25.26739,15431,True,1.0000000000,3.9428560000,-0.0315640300,0.0017541500,-0.0314364500,0.2599983000,0.2608223000,0.9297164000,True,1.0000000000,4.2726750000,0.0351275400,0.0018507230,-0.0336611200,0.1131299000,0.2827638000,0.9524947000,0.0351168200,0.0018507080,-0.0336607700,0.1131450000,0.2827633000,0.9524931000,0.0000000000,
25.34381,15531,True,1.0000000000,3.7046660000,-0.0319373600,0.0018364870,-0.0313039400,0.2055682000,0.2135639000,0.9550561000,True,1.0000000000,4.0963130000,0.0348242700,0.0018663640,-0.0335338700,0.0490724300,0.2439126000,0.9685549000,0.0348229400,0.0018663640,-0.0335338300,0.0490724300,0.2439126000,0.9685549000,0.0000000000,
25.4105,15622,True,1.0000000000,3.7253270000,-0.0319342100,0.0017769320,-0.0311235500,0.1879744000,0.1754469000,0.9663768000,True,1.0000000000,3.8847660000,0.0348455500,0.0017263800,-0.0334697900,0.0180514200,0.2056001000,0.9784696000,0.0348452300,0.0017263800,-0.0334697900,0.0180514200,0.2056001000,0.9784696000,0.0000000000,
25.4681,15722,True,1.0000000000,3.7500920000,-0.0316609800,0.0016853180,-0.0311826600,0.2168905000,0.1566787000,0.9635405000,True,1.0000000000,3.8141170000,0.0350739800,0.0015474850,-0.0334896100,0.0339510900,0.1763473000,0.9837424000,0.0350738400,0.0015474850,-0.0334896100,0.0339510900,0.1763473000,0.9837424000,0.0000000000,
25.49946,15789,True,1.0000000000,3.7223820000,-0.0317829100,0.0013415380,-0.0302723100,0.2110612000,0.1498425000,0.9659195000,True,1.0000000000,3.9540100000,0.0349929100,0.0015131530,-0.0334649000,0.0285493600,0.1541757000,0.9876309000,0.0349928300,0.0015131530,-0.0334649000,0.0285493600,0.1541757000,0.9876309000,0.0000000000,
25.52195,15847,True,1.0000000000,3.9457400000,-0.0318958600,0.0008747559,-0.0292653100,0.2059948000,0.1115576000,0.9721733000,True,1.0000000000,3.9374390000,0.0349158800,0.0013087920,-0.0332692000,-0.0032806890,0.1200122000,0.9927670000,0.0349158800,0.0013087920,-0.0332692000,-0.0032806890,0.1200122000,0.9927670000,0.0000000000,
25.54367,15864,True,1.0000000000,3.8668980000,-0.0319419100,0.0007813874,-0.0292423000,0.2045155000,0.0947427100,0.9742675000,True,1.0000000000,3.9894710000,0.0348589900,0.0007612610,-0.0318300400,0.0056152840,0.1248027000,0.9921657000,0.0348589800,0.0007612610,-0.0318300400,0.0056152840,0.1248027000,0.9921657000,0.0000000000,
25.54367,15897,True,1.0000000000,3.9377440000,-0.0319476600,0.0008542328,-0.0293416000,0.1998614000,0.1267101000,0.9715966000,True,1.0000000000,4.0420530000,0.0348224000,0.0010879670,-0.0325634200,0.0267487900,0.1494453000,0.9884081000,0.0348223300,0.0010879670,-0.0325634200,0.0267487900,0.1494453000,0.9884081000,0.0000000000,
25.57222,15905,True,1.0000000000,3.8298800000,-0.0318256200,0.0015903930,-0.0308693900,0.1963205000,0.1848611000,0.9629562000,True,1.0000000000,4.0523830000,0.0348205400,0.0016462560,-0.0333580800,0.0255892600,0.1916219000,0.9811352000,0.0348203900,0.0016462560,-0.0333580600,0.0255892600,0.1916219000,0.9811352000,0.0000000000,
25.58797,15914,True,1.0000000000,3.8360600000,-0.0317557700,0.0019297180,-0.0310381900,0.1964429000,0.2388473000,0.9509796000,True,1.0000000000,4.1694340000,0.0347678800,0.0019676820,-0.0334297200,0.0408177200,0.2638122000,0.9637101000,0.0347675000,0.0019676820,-0.0334297000,0.0408177200,0.2638122000,0.9637101000,0.0000000000,
25.58797,15939,True,1.0000000000,3.9808350000,-0.0316704600,0.0027428290,-0.0313246800,0.2250995000,0.3801454000,0.8971174000,True,1.0000000000,4.2505190000,0.0346664500,0.0028595280,-0.0337226600,0.0557557500,0.3990335000,0.9152396000,0.0346659100,0.0028595130,-0.0337226400,0.0557557500,0.3990335000,0.9152396000,0.0000000000,
25.58797,15947,True,1.0000000000,4.1136630000,-0.0317036100,0.0028708800,-0.0314224000,0.2209200000,0.4353396000,0.8727393000,True,1.0000000000,4.3208620000,0.0345998000,0.0030511320,-0.0338278100,0.0607304600,0.4413640000,0.8952707000,0.0345992100,0.0030511320,-0.0338277700,0.0607304600,0.4413640000,0.8952707000,0.0000000000,
25.61027,15955,True,1.0000000000,4.0874180000,-0.0317288400,0.0029771880,-0.0315103800,0.2267318000,0.4721557000,0.8518578000,True,1.0000000000,4.3566590000,0.0345047900,0.0031273960,-0.0338913300,0.0360874700,0.4761715000,0.8786116000,0.0345043800,0.0031273960,-0.0338913100,0.0360874700,0.4761715000,0.8786116000,0.0000000000,
25.61027,15964,True,1.0000000000,3.9638980000,-0.0317885300,0.0029159850,-0.0315086800,0.2241248000,0.4826281000,0.8466630000,True,1.0000000000,4.3270570000,0.0344274900,0.0030526580,-0.0339126400,0.0323644500,0.5026637000,0.8638760000,0.0344271000,0.0030526580,-0.0339126300,0.0323644500,0.5026637000,0.8638760000,0.0000000000,
25.61027,15972,True,1.0000000000,4.1082610000,-0.0318243100,0.0028040770,-0.0314774500,0.2262465000,0.4812564000,0.8468794000,True,1.0000000000,4.4173280000,0.0343976500,0.0029132230,-0.0338790000,0.0304109000,0.5038780000,0.8632393000,0.0343969900,0.0029132230,-0.0338789700,0.0304109000,0.5038780000,0.8632393000,0.0000000000,
25.63268,15980,True,1.0000000000,4.1521450000,-0.0318942100,0.0025877840,-0.0314233100,0.2276321000,0.4774354000,0.8486690000,True,1.0000000000,4.3485570000,0.0344102500,0.0027142180,-0.0337935500,0.0156404600,0.4775604000,0.8784597000,0.0339721900,0.0027133790,-0.0337778800,0.0170443100,0.4776222000,0.8784000000,0.0000000000,
25.63268,15989,True,1.0000000000,4.0953520000,-0.0319602200,0.0023632200,-0.0313714400,0.2268390000,0.4738045000,0.8509133000,True,1.0000000000,4.2895510000,0.0343734300,0.0025348050,-0.0337433200,0.0104371000,0.4684181000,0.8834453000,0.0333655400,0.0025321960,-0.0337072800,0.0137331200,0.4686658000,0.8832688000,0.0000000000,
25.66098,15997,True,1.0000000000,4.0199430000,-0.0320061200,0.0021858830,-0.0313284300,0.2325923000,0.4633687000,0.8550966000,True,1.0000000000,4.2967380000,0.0343302600,0.0023759920,-0.0336943400,0.0044555910,0.4579798000,0.8889514000,-0.0096308750,0.0022500150,-0.0321264500,0.1565720000,0.4643296000,0.8717128000,0.0000000000,
25.66098,16005,True,1.0000000000,4.0184330000,-0.0320641500,0.0020306250,-0.0312669800,0.2248260000,0.4433043000,0.8677180000,True,1.0000000000,4.2805180000,0.0342435000,0.0022295230,-0.0336512900,0.0131073400,0.4537062000,0.8910549000,-0.0054909210,0.0021103360,-0.0322225100,0.1407475000,0.4499372000,0.8818995000,0.0000000000,
25.6773,16014,True,1.0000000000,4.1670070000,-0.0321102100,0.0018872680,-0.0312492200,0.2364069000,0.4465073000,0.8629850000,True,1.0000000000,4.1765900000,0.0342163000,0.0021285100,-0.0336212200,-0.0019836480,0.4454663000,0.8952965000,-0.0026985780,0.0019942480,-0.0323010600,0.1316389000,0.4492689000,0.8836451000,0.0000000000,
25.6773,16022,True,1.0000000000,4.0205380000,-0.0321433400,0.0017483060,-0.0312034000,0.2270835000,0.4306834000,0.8734672000,True,1.0000000000,4.1895750000,0.0341896800,0.0020270230,-0.0335996700,0.0008697584,0.4408912000,0.8975601000,-0.0023598630,0.0018734440,-0.0322793300,0.1263293000,0.4380861000,0.8900121000,0.0000000000,
25.6773,16030,True,1.0000000000,3.9885710000,-0.0321856000,0.0016101840,-0.0311801200,0.2174856000,0.4267465000,0.8778311000,True,1.0000000000,4.1707760000,0.0341692500,0.0019463500,-0.0335777800,-0.0053863680,0.4341901000,0.9008052000,0.0037308200,0.0017921450,-0.0324779200,0.0974441400,0.4334937000,0.8958727000,0.0000000000,
25.69947,16039,True,1.0000000000,4.1651150000,-0.0322235900,0.0015393370,-0.0311579900,0.2296462000,0.4157131000,0.8800257000,True,1.0000000000,4.2567140000,0.0341518400,0.0018834690,-0.0335594800,-0.0111695700,0.4302420000,0.9026445000,0.0056524510,0.0017357030,-0.0325283700,0.0928817200,0.4270850000,0.8994284000,0.0000000000,
25.69947,16047,True,1.0000000000,4.0453030000,-0.0322519400,0.0014611050,-0.0311383800,0.2259990000,0.4073963000,0.8848462000,True,1.0000000000,4.0889890000,0.0341408700,0.0018303830,-0.0335404200,-0.0113983900,0.4219539000,0.9065456000,0.0068933110,0.0016788330,-0.0325546300,0.0866252000,0.4188894000,0.9038959000,0.0000000000,
25.69947,16055,True,1.0000000000,3.9951170000,-0.0322506000,0.0013940740,-0.0311322000,0.2197431000,0.4118524000,0.8843589000,True,1.0000000000,4.1425630000,0.0341407800,0.0017783200,-0.0335183300,-0.0176697800,0.4131036000,0.9105126000,0.0078320920,0.0016260530,-0.0325727900,0.0769206700,0.4154570000,0.9063546000,0.0000000000,
25.72159,16064,True,1.0000000000,3.9696660000,-0.0322518800,0.0013630830,-0.0311063100,0.2219264000,0.3960617000,0.8910016000,True,1.0000000000,4.1423490000,0.0341453900,0.0017495120,-0.0335143400,-0.0204623300,0.4127561000,0.9106117000,0.0075132600,0.0015945130,-0.0325484800,0.0773015000,0.4089839000,0.9092616000,0.0000000000,
25.72159,16072,True,1.0000000000,3.8412320000,-0.0322532400,0.0013450010,-0.0310852200,0.2202318000,0.3815184000,0.8977425000,True,1.0000000000,4.2055510000,0.0341542700,0.0017400820,-0.0334972100,-0.0264285000,0.4039654000,0.9143924000,0.0067563020,0.0015770720,-0.0325020900,0.0758982200,0.3976798000,0.9143797000,0.0000000000,
25.72159,16080,True,1.0000000000,3.8893590000,-0.0322493200,0.0013510440,-0.0310870200,0.2208127000,0.3863421000,0.8955342000,True,1.0000000000,4.1008300000,0.0341707200,0.0017456060,-0.0334870800,-0.0260469300,0.3961361000,0.9178223000,0.0047590330,0.0015708920,-0.0324243000,0.0838935400,0.3948093000,0.9149249000,0.0000000000,
25.72159,16089,True,1.0000000000,3.9241490000,-0.0322453900,0.0013571010,-0.0310852200,0.2189671000,0.3793852000,0.8989551000,True,1.0000000000,4.0819240000,0.0341936300,0.0017585910,-0.0334850300,-0.0258791700,0.3936198000,0.9189090000,0.0036225590,0.0015738530,-0.0323808000,0.0874334300,0.3900172000,0.9166471000,0.0000000000,
25.74417,16097,True,1.0000000000,3.9722140000,-0.0322338900,0.0014180600,-0.0310871500,0.2249772000,0.3781613000,0.8979862000,True,1.0000000000,4.1310270000,0.0342232100,0.0017908330,-0.0334806400,-0.0332495000,0.3894265000,0.9204572000,0.0020495000,0.0016103670,-0.0323218900,0.0925454900,0.3872415000,0.9173219000,0.0000000000,
25.74417,16105,True,1.0000000000,3.9205470000,-0.0321881100,0.0014409640,-0.0310740400,0.2201416000,0.3649038000,0.9046452000,True,1.0000000000,4.1257930000,0.0342660200,0.0018338780,-0.0334839500,-0.0275574700,0.3818067000,0.9238313000,0.0019294430,0.0016426850,-0.0323112800,0.0936904000,0.3765164000,0.9216602000,0.0000000000,
25.77218,16114,True,1.0000000000,3.9503020000,-0.0321638500,0.0014678650,-0.0310641300,0.2195617000,0.3566332000,0.9080779000,True,1.0000000000,4.1013180000,0.0342760300,0.0018381040,-0.0334850000,-0.0316773300,0.3869486000,0.9215570000,0.0018168030,0.0016572270,-0.0323022800,0.0917979600,0.3751570000,0.9224047000,0.0000000000,
25.77218,16122,True,1.0000000000,3.9280400000,-0.0321431100,0.0014987790,-0.0310695800,0.2175021000,0.3588160000,0.9077136000,True,1.0000000000,4.0233920000,0.0343026600,0.0018723760,-0.0334804700,-0.0258179000,0.3744664000,0.9268810000,0.0018011780,0.0016896360,-0.0323012100,0.0938876600,0.3695844000,0.9244418000,0.0000000000,
25.77218,16130,True,1.0000000000,3.8301390000,-0.0321266100,0.0015114140,-0.0310557400,0.2173015000,0.3470019000,0.9123430000,True,1.0000000000,3.9565120000,0.0343210500,0.0018854680,-0.0334818600,-0.0298464300,0.3735077000,0.9271468000,0.0018578950,0.0017027130,-0.0322965700,0.0915998000,0.3633932000,0.9271218000,0.0000000000,
25.78831,16139,True,1.0000000000,3.8713230000,-0.0321153400,0.0014984590,-0.0310572200,0.2210266000,0.3483935000,0.9109166000,True,1.0000000000,4.0575260000,0.0343388500,0.0018834690,-0.0334862700,-0.0279697800,0.3755245000,0.9263903000,0.0022108150,0.0016973270,-0.0323119200,0.0931406800,0.3652994000,0.9262187000,0.0000000000,
25.78831,16147,True,1.0000000000,3.9276120000,-0.0321011400,0.0014591220,-0.0310534400,0.2159758000,0.3496446000,0.9116486000,True,1.0000000000,3.9970400000,0.0343619800,0.0018616030,-0.0334642200,-0.0330661400,0.3624763000,0.9314062000,0.0023308870,0.0016676330,-0.0323023700,0.0876318100,0.3591027000,0.9291748000,0.0000000000,
25.81028,16155,True,1.0000000000,3.7919770000,-0.0320943600,0.0014212490,-0.0310527000,0.2213147000,0.3475514000,0.9111684000,True,1.0000000000,3.9990840000,0.0343843700,0.0018350680,-0.0334706800,-0.0238498700,0.3662626000,0.9302058000,0.0023463750,0.0016356360,-0.0323053700,0.0950170300,0.3599875000,0.9281060000,0.0000000000,
25.81028,16164,True,1.0000000000,3.9284060000,-0.0320884100,0.0013966520,-0.0310457800,0.2314169000,0.3435394000,0.9101796000,True,1.0000000000,4.0827030000,0.0344068600,0.0017974240,-0.0334581500,-0.0241548800,0.3613771000,0.9321068000,0.0018227850,0.0016010280,-0.0322760300,0.1019292000,0.3555925000,0.9290664000,0.0000000000,
25.82273,16172,True,1.0000000000,3.8149870000,-0.0320708200,0.0013724520,-0.0310395800,0.2212085000,0.3402434000,0.9139482000,True,1.0000000000,3.9785310000,0.0344221200,0.0017737120,-0.0334537800,-0.0154572900,0.3576997000,0.9337087000,0.0004913178,0.0015689550,-0.0322218500,0.1060657000,0.3512940000,0.9302379000,0.0000000000,
25.83268,16180,True,1.0000000000,3.7321320000,-0.0320606900,0.0013462070,-0.0310291600,0.2134727000,0.3346593000,0.9178412000,True,1.0000000000,3.9263920000,0.0344325700,0.0017604980,-0.0334477400,-0.0230105200,0.3550456000,0.9345657000,0.0005353394,0.0015493010,-0.0322147800,0.0982372700,0.3471264000,0.9326589000,0.0000000000,
25.84363,16189,True,1.0000000000,3.7246090000,-0.0320539500,0.0013389280,-0.0310295300,0.2175004000,0.3339563000,0.9171515000,True,1.0000000000,3.9638670000,0.0344379000,0.0017603910,-0.0334455900,-0.0160829100,0.3531373000,0.9354332000,0.0004288788,0.0015448300,-0.0322098200,0.1040960000,0.3457202000,0.9325457000,0.0000000000,
25.85471,16197,True,1.0000000000,3.7953950000,-0.0320527500,0.0013403930,-0.0310312700,0.2254650000,0.3359545000,0.9144945000,True,1.0000000000,3.9727020000,0.0344398100,0.0017647400,-0.0334437300,-0.0182192800,0.3515986000,0.9359736000,0.0007172394,0.0015495300,-0.0322202100,0.1061717000,0.3462710000,0.9321073000,0.0000000000,
25.85471,16205,True,1.0000000000,3.7336120000,-0.0320527400,0.0013418580,-0.0310295300,0.2172712000,0.3332693000,0.9174556000,True,1.0000000000,3.9815060000,0.0344417300,0.0017690740,-0.0334418600,-0.0203553500,0.3501609000,0.9364684000,0.0007146149,0.0015523840,-0.0322182900,0.1008922000,0.3440587000,0.9335118000,0.0000000000,
25.87683,16214,True,1.0000000000,3.7346340000,-0.0320521400,0.0013461460,-0.0310270700,0.2183253000,0.3303261000,0.9182694000,True,1.0000000000,3.9697420000,0.0344426000,0.0017750400,-0.0334394500,-0.0204775700,0.3486223000,0.9370396000,0.0009086609,0.0015587460,-0.0322228700,0.1006791000,0.3418634000,0.9343410000,0.0000000000,
25.87683,16222,True,1.0000000000,3.7384800000,-0.0320515400,0.0013504330,-0.0310246000,0.2193000000,0.3303385000,0.9180326000,True,1.0000000000,3.9577940000,0.0344434700,0.0017810060,-0.0334370400,-0.0205385100,0.3471099000,0.9375995000,0.0012432560,0.0015660250,-0.0322325500,0.0999308500,0.3412206000,0.9346563000,0.0000000000,
25.88824,16230,True,1.0000000000,3.7534640000,-0.0320521400,0.0013553930,-0.0310216800,0.2202018000,0.3275027000,0.9188325000,True,1.0000000000,3.9593200000,0.0344443800,0.0017862850,-0.0334355000,-0.0207826500,0.3475067000,0.9374472000,0.0015438840,0.0015730900,-0.0322412100,0.0991672700,0.3401198000,0.9351387000,0.0000000000,
25.88824,16239,True,1.0000000000,3.7498630000,-0.0320527400,0.0013603520,-0.0310187700,0.2208899000,0.3244378000,0.9197541000,True,1.0000000000,3.9556880000,0.0344453200,0.0017915500,-0.0334339600,-0.0209658700,0.3446703000,0.9384897000,0.0015803380,0.0015784460,-0.0322403100,0.0992893500,0.3371749000,0.9361916000,0.0000000000,
25.91333,16247,True,1.0000000000,3.7536620000,-0.0320533500,0.0013643950,-0.0310182800,0.2205535000,0.3248487000,0.9196899000,True,1.0000000000,3.9559480000,0.0344464700,0.0017949520,-0.0334336100,-0.0212251000,0.3443013000,0.9386193000,0.0014722900,0.0015814520,-0.0322359700,0.0993970400,0.3371626000,0.9361846000,0.0000000000,
25.92133,16264,True,1.0000000000,3.7315670000,-0.0320686200,0.0014024200,-0.0310123500,0.2213011000,0.3203319000,0.9210935000,True,1.0000000000,3.9550020000,0.0344476300,0.0017983400,-0.0334332600,-0.0214692600,0.3439507000,0.9387422000,0.0013850100,0.0016015470,-0.0322299200,0.0999452200,0.3347326000,0.9369979000,0.0000000000,
25.93254,16272,True,1.0000000000,3.8708650000,-0.0320714600,0.0014037320,-0.0310012400,0.2300908000,0.3122759000,0.9217060000,True,1.0000000000,3.9412840000,0.0344478900,0.0018001710,-0.0334322800,-0.0213931100,0.3426864000,0.9392062000,0.0016884310,0.0016049350,-0.0322350500,0.1032879000,0.3303719000,0.9381823000,0.0000000000,
25.94349,16280,True,1.0000000000,3.8373260000,-0.0320741400,0.0014065710,-0.0310027200,0.2262147000,0.3156782000,0.9215065000,True,1.0000000000,3.9276890000,0.0344481400,0.0018020020,-0.0334313200,-0.0213470900,0.3416297000,0.9395922000,0.0019635620,0.0016089020,-0.0322453600,0.1003275000,0.3315463000,0.9380893000,0.0000000000,
25.95442,16289,True,1.0000000000,3.7991640000,-0.0320768300,0.0014066160,-0.0310012400,0.2224602000,0.3139833000,0.9229984000,True,1.0000000000,3.9402620000,0.0344478900,0.0018023830,-0.0334307600,-0.0213932000,0.3415436000,0.9396225000,0.0022375180,0.0016107640,-0.0322544100,0.0974124400,0.3307048000,0.9386933000,0.0000000000,
25.98673,16305,True,1.0000000000,3.8428650000,-0.0321114700,0.0013881070,-0.0309846500,0.2180059000,0.3085988000,0.9258727000,True,1.0000000000,3.8482060000,0.0344193900,0.0018058020,-0.0334021300,-0.0318758700,0.3253811000,0.9450455000,0.0020855260,0.0016027990,-0.0322272400,0.0902724000,0.3197529000,0.9431909000,0.0000000000,
26.00058,16314,True,1.0000000000,3.7763980000,-0.0321252300,0.0013770450,-0.0309845000,0.2110002000,0.3113732000,0.9265666000,True,1.0000000000,3.8806610000,0.0343965300,0.0017906190,-0.0333999500,-0.0286259000,0.3254442000,0.9451278000,0.0014672390,0.0015858920,-0.0322042600,0.0906540900,0.3208065000,0.9427964000,0.0000000000,
26.01199,16347,True,1.0000000000,3.8184200000,-0.0322697800,0.0013156590,-0.0309530300,0.2190115000,0.2985716000,0.9289182000,True,1.0000000000,3.9077450000,0.0342782100,0.0017757260,-0.0333861700,-0.0378573100,0.3295005000,0.9433962000,0.0011413730,0.0015466460,-0.0321746200,0.0908056900,0.3167747000,0.9441441000,0.0000000000,
26.02133,16355,True,1.0000000000,3.8481290000,-0.0322897500,0.0013153380,-0.0309513100,0.2084693000,0.3021295000,0.9301926000,True,1.0000000000,3.9551700000,0.0342511000,0.0017924810,-0.0333832900,-0.0422670000,0.3284466000,0.9435764000,0.0010950160,0.0015547180,-0.0321714800,0.0833288100,0.3178732000,0.9444644000,0.0000000000,
26.02133,16364,True,1.0000000000,3.8944700000,-0.0323402900,0.0013165590,-0.0309345100,0.2174867000,0.2925763000,0.9311813000,True,1.0000000000,3.9498600000,0.0342223400,0.0018162540,-0.0333753200,-0.0345463500,0.3223766000,0.9459809000,0.0012721410,0.0015688940,-0.0321670500,0.0909435200,0.3101388000,0.9463314000,0.0000000000,
26.03288,16372,True,1.0000000000,3.7661440000,-0.0323627300,0.0013212590,-0.0309379400,0.2169061000,0.2930178000,0.9311779000,True,1.0000000000,4.0356290000,0.0341963800,0.0018408050,-0.0333814400,-0.0382237700,0.3273358000,0.9441347000,0.0020282440,0.0015897070,-0.0322004900,0.0857860400,0.3133586000,0.9457521000,0.0000000000,
26.05487,16380,True,1.0000000000,3.9124910000,-0.0322209000,0.0012592770,-0.0309392400,0.1679392000,0.3137225000,0.9345452000,True,1.0000000000,3.9137880000,0.0341761900,0.0018603210,-0.0333781000,-0.0412145000,0.3233835000,0.9453700000,0.0025191650,0.0015737460,-0.0322152900,0.0588227600,0.3205421000,0.9454061000,0.0000000000,
26.05487,16397,True,1.0000000000,3.8587040000,-0.0323816100,0.0012980350,-0.0309289700,0.2098727000,0.2903945000,0.9336084000,True,1.0000000000,4.0805210000,0.0341568300,0.0018793180,-0.0333787900,-0.0381169300,0.3252299000,0.9448665000,0.0027420350,0.0016048740,-0.0322221600,0.0795753400,0.3112212000,0.9470000000,0.0000000000,
26.06622,16405,True,1.0000000000,3.8602290000,-0.0324209800,0.0012816470,-0.0309339500,0.2256056000,0.2983762000,0.9274016000,True,1.0000000000,4.0094150000,0.0341505300,0.0018728490,-0.0333732600,-0.0455021400,0.3227265000,0.9453979000,0.0025414580,0.0015921480,-0.0322150400,0.0840002200,0.3140891000,0.9456701000,0.0000000000,
26.07705,16414,True,1.0000000000,3.9711300000,-0.0324230500,0.0012624970,-0.0309259100,0.2284103000,0.2944508000,0.9279695000,True,1.0000000000,4.0347290000,0.0341516300,0.0018689270,-0.0333743100,-0.0425725200,0.3235664000,0.9452472000,0.0026138460,0.0015816500,-0.0322144500,0.0865940200,0.3126998000,0.9458966000,0.0000000000,
26.08818,16422,True,1.0000000000,3.8519130000,-0.0322447400,0.0011829830,-0.0309138700,0.1692666000,0.3017136000,0.9382525000,True,1.0000000000,4.0613710000,0.0341527300,0.0018649900,-0.0333753500,-0.0405279100,0.3251999000,0.9447764000,0.0023883670,0.0015387120,-0.0321977800,0.0601661500,0.3157235000,0.9469417000,0.0000000000,
26.08818,16430,True,1.0000000000,3.8855130000,-0.0323327700,0.0012063450,-0.0309125200,0.1920356000,0.2948818000,0.9360380000,True,1.0000000000,4.0370940000,0.0341550800,0.0018606570,-0.0333769700,-0.0405280800,0.3257200000,0.9445972000,0.0021026770,0.0015452270,-0.0321889000,0.0720826100,0.3130192000,0.9470074000,0.0000000000,
26.0994,16439,True,1.0000000000,3.9179380000,-0.0324089400,0.0012086490,-0.0309071700,0.2097510000,0.2886556000,0.9341748000,True,1.0000000000,4.0734250000,0.0341844300,0.0018271030,-0.0333743800,-0.0479128600,0.3275775000,0.9436087000,0.0023155520,0.0015311280,-0.0321936600,0.0760351000,0.3116020000,0.9471657000,0.0000000000,
26.13316,16447,True,1.0000000000,3.9186250000,-0.0323873000,0.0011905520,-0.0309077300,0.2032949000,0.2913086000,0.9347783000,True,1.0000000000,3.9461520000,0.0342028200,0.0018070830,-0.0333696800,-0.0522769100,0.3253192000,0.9441581000,0.0023905490,0.0015125430,-0.0321935100,0.0704047700,0.3116640000,0.9475805000,0.0000000000,
26.13316,16480,True,1.0000000000,3.9367980000,-0.0323011200,0.0011320500,-0.0309226400,0.1983213000,0.3036543000,0.9319135000,True,1.0000000000,4.0215610000,0.0343220700,0.0017158970,-0.0333868300,-0.0500189300,0.3374065000,0.9400293000,0.0021626430,0.0014340670,-0.0321973500,0.0704047200,0.3236572000,0.9435514000,0.0000000000,
26.15473,16489,True,1.0000000000,3.9552150000,-0.0320863800,0.0010513310,-0.0309283200,0.1402917000,0.3244074000,0.9354560000,True,1.0000000000,3.9991460000,0.0343686400,0.0016965790,-0.0333838800,-0.0612192900,0.3359279000,0.9398961000,0.0020916900,0.0013831790,-0.0321912200,0.0368351900,0.3320355000,0.9425474000,0.0000000000,
26.16736,16497,True,1.0000000000,3.9645540000,-0.0321910000,0.0010951080,-0.0309364900,0.1892406000,0.3096943000,0.9318141000,True,1.0000000000,4.0961910000,0.0344329300,0.0016599270,-0.0333870100,-0.0520026800,0.3388414000,0.9394053000,-0.0002284699,0.0013660890,-0.0321121200,0.0740359600,0.3260970000,0.9424327000,0.0000000000,
26.17682,16514,True,1.0000000000,3.9948270000,-0.0316218300,0.0007937775,-0.0309640500,0.2570203000,0.2770857000,0.9258316000,True,1.0000000000,4.2560420000,0.0348954800,0.0013457800,-0.0334042200,0.0245058000,0.3175835000,0.9479135000,-0.0003872986,0.0010529790,-0.0321098800,0.1488821000,0.2981915000,0.9428234000,0.0000000000,
26.17682,16530,True,1.0000000000,4.0024570000,-0.0309083900,0.0005625305,-0.0310849200,0.3415703000,0.2238785000,0.9128023000,True,1.0000000000,4.3153230000,0.0353944700,0.0010935820,-0.0334517800,0.1288920000,0.2574788000,0.9576490000,0.0065514070,0.0008625641,-0.0324221500,0.2227348000,0.2443262000,0.9437658000,0.0000000000,
26.2029,16539,True,1.0000000000,3.9384000000,-0.0306474300,0.0004584656,-0.0311418200,0.3889051000,0.1873190000,0.9020334000,True,1.0000000000,4.2813420000,0.0355996600,0.0010136260,-0.0334864500,0.1904010000,0.2260306000,0.9553312000,0.0126473700,0.0008212891,-0.0326741200,0.2604702000,0.2136862000,0.9415378000,0.0000000000,
26.21029,16547,True,1.0000000000,4.0743100000,-0.0304047600,0.0003846283,-0.0312236500,0.4276626000,0.1686267000,0.8880708000,True,1.0000000000,4.2213590000,0.0358051900,0.0009255371,-0.0335370800,0.2441422000,0.1897443000,0.9509951000,0.0205447900,0.0008008576,-0.0330038800,0.2874158000,0.1855019000,0.9396708000,0.0000000000,
26.22157,16555,True,1.0000000000,4.0462190000,-0.0302019200,0.0002657471,-0.0313045800,0.4545308000,0.1567237000,0.8768349000,True,1.0000000000,4.0563350000,0.0360635300,0.0008559876,-0.0336111000,0.2590193000,0.1775827000,0.9494069000,0.0267549900,0.0007730713,-0.0332871000,0.2872508000,0.1751277000,0.9417098000,0.0000000000,
26.23283,16564,True,0.9148160000,4.0320430000,-0.0299885400,0.0002057190,-0.0313645600,0.5006018000,0.0905621200,0.8609276000,True,0.9148160000,4.3016820000,0.0362281200,0.0008087769,-0.0336688100,0.3112957000,0.1394811000,0.9400213000,0.0268200500,0.0007230988,-0.0333414200,0.3391139000,0.1328898000,0.9313120000,0.0000000000,
26.23283,16572,True,0.9148160000,4.1054380000,-0.0298173200,0.0001158142,-0.0314297500,0.5274222000,0.0522463100,0.8479954000,True,0.9148160000,4.4623720000,0.0363809800,0.0007829590,-0.0337490100,0.3523771000,0.1273367000,0.9271547000,0.0272380800,0.0006908112,-0.0334286800,0.3775049000,0.1172493000,0.9185547000,0.0000000000,
26.24335,16589,True,0.7673230000,4.1415410000,-0.0296110500,0.0000654144,-0.0315568300,0.5611140000,0.0508425200,0.8261756000,True,0.7673230000,4.3449100000,0.0365827300,0.0008374634,-0.0338416000,0.4109395000,0.0867320200,0.9075276000,0.0264337800,0.0007190857,-0.0334912900,0.4348201000,0.0813914300,0.8968316000,0.0000000000,
26.24335,16597,True,0.7673230000,4.1291200000,-0.0295889000,0.0000983734,-0.0315531200,0.5596094000,0.0425269000,0.8276647000,True,0.7673230000,4.3890230000,0.0366459200,0.0008991394,-0.0339039200,0.4326536000,0.0938275800,0.8966645000,0.0201799300,0.0007000733,-0.0333195100,0.4652318000,0.0812542100,0.8814517000,0.0000000000,
26.27777,16605,True,0.8669431000,4.1747130000,-0.0296337600,0.0001962586,-0.0315239000,0.5668969000,0.0349427800,0.8230473000,True,0.8669431000,4.3449250000,0.0366676000,0.0010162810,-0.0338782200,0.4355807000,0.0727086800,0.8972084000,0.0116219300,0.0007065125,-0.0329888600,0.4865782000,0.0586097200,0.8716689000,0.0000000000,
26.28816,16622,True,0.8691226000,4.2100830000,-0.0298816500,0.0004445954,-0.0314121600,0.5399534000,0.0740211900,0.8384338000,True,0.8691226000,4.4431000000,0.0365600100,0.0012512510,-0.0338305700,0.4020868000,0.1060034000,0.9094446000,-0.0064074100,0.0007295990,-0.0322666000,0.4926641000,0.0855566500,0.8660036000,0.0000000000,
26.28816,16630,True,0.8979158000,4.1648410000,-0.0300286700,0.0005818940,-0.0313737400,0.5412044000,0.0829934200,0.8367854000,True,0.8979158000,4.4349520000,0.0364339300,0.0014265440,-0.0337790300,0.3799493000,0.1273669000,0.9161966000,-0.0088105470,0.0008515473,-0.0321416300,0.4915656000,0.0975196600,0.8653630000,0.0000000000,
26.29968,16639,True,1.0000000000,4.1473080000,-0.0301737100,0.0007129365,-0.0313275300,0.5172647000,0.1158921000,0.8479424000,True,1.0000000000,4.4850920000,0.0362967400,0.0015952760,-0.0337185400,0.3638491000,0.1303265000,0.9222954000,-0.0063317110,0.0010294190,-0.0321851500,0.4637956000,0.1214917000,0.8775724000,0.0000000000,
26.3229,16647,True,1.0000000000,4.1754610000,-0.0303730600,0.0008642121,-0.0312518500,0.5300086000,0.1016864000,0.8418734000,True,1.0000000000,4.4142000000,0.0361854900,0.0017339940,-0.0336727300,0.3491369000,0.1316225000,0.9277817000,-0.0060865330,0.0011815800,-0.0321352100,0.4662392000,0.1131456000,0.8773934000,0.0000000000,
26.33246,16672,True,1.0000000000,4.2728420000,-0.0307294000,0.0011782680,-0.0311242100,0.4785525000,0.1229264000,0.8694116000,True,1.0000000000,4.4792940000,0.0358461200,0.0020965420,-0.0335685400,0.2949268000,0.1575343000,0.9424442000,0.0107930000,0.0017509770,-0.0326487100,0.3657596000,0.1452052000,0.9193124000,0.0000000000,
26.34328,16680,True,1.0000000000,3.9729160000,-0.0308711900,0.0012494960,-0.0310863200,0.4540492000,0.1327693000,0.8810288000,True,1.0000000000,4.3285060000,0.0357070000,0.0021644290,-0.0335472400,0.2836941000,0.1726395000,0.9432461000,0.0185963000,0.0019292910,-0.0329147800,0.3285570000,0.1629204000,0.9303264000,0.0000000000,
26.35422,16689,True,1.0000000000,4.0691830000,-0.0309833700,0.0012793270,-0.0310839200,0.4385426000,0.1577319000,0.8847604000,True,1.0000000000,4.4109500000,0.0355833300,0.0022204440,-0.0335142200,0.2623022000,0.1825129000,0.9475688000,0.0181247700,0.0019736180,-0.0328768300,0.3095895000,0.1766227000,0.9343227000,0.0000000000,
26.36591,16705,True,1.0000000000,4.1820530000,-0.0313246200,0.0013752140,-0.0309922700,0.4240429000,0.1531681000,0.8925957000,True,1.0000000000,4.3136290000,0.0352891200,0.0023023840,-0.0334388100,0.2223237000,0.1940183000,0.9554732000,0.0158574500,0.0020319210,-0.0327251400,0.2825200000,0.1829857000,0.9416468000,0.0000000000,
26.36591,16714,True,1.0000000000,4.0439300000,-0.0314878100,0.0013936770,-0.0309723400,0.3891944000,0.1805743000,0.9032832000,True,1.0000000000,4.3396000000,0.0351209600,0.0023312380,-0.0334055900,0.2164034000,0.1961852000,0.9563895000,0.0131208200,0.0020215760,-0.0326019300,0.2744779000,0.1917286000,0.9422855000,0.0000000000,
26.4099,16722,True,1.0000000000,4.0798800000,-0.0316351300,0.0013815920,-0.0309384000,0.3865711000,0.1762870000,0.9052545000,True,1.0000000000,4.3888850000,0.0349646800,0.0023214880,-0.0333607800,0.2045317000,0.1905850000,0.9601272000,0.0091697850,0.0019574590,-0.0324225600,0.2762347000,0.1858553000,0.9429486000,0.0000000000,
26.4099,16730,True,1.0000000000,4.1376340000,-0.0317885900,0.0013831330,-0.0309269300,0.3764560000,0.1921877000,0.9062807000,True,1.0000000000,4.2254180000,0.0348308400,0.0023588260,-0.0333501900,0.1854716000,0.2058270000,0.9608514000,-0.0041390540,0.0017880860,-0.0319326600,0.2986316000,0.1988080000,0.9334316000,0.0000000000,
26.42097,16764,True,1.0000000000,3.9983980000,-0.0324124800,0.0015479130,-0.0308533200,0.3218259000,0.2022265000,0.9249500000,True,1.0000000000,4.3235320000,0.0342700800,0.0024760740,-0.0332747800,0.1337593000,0.2142346000,0.9675805000,-0.0037121130,0.0019474030,-0.0318955300,0.2419925000,0.2083464000,0.9476452000,0.0000000000,
26.43267,16772,True,1.0000000000,4.0783230000,-0.0325086400,0.0015670780,-0.0308554900,0.3241924000,0.2076290000,0.9229244000,True,1.0000000000,4.3056950000,0.0341518900,0.0025259550,-0.0332587800,0.1254140000,0.2126804000,0.9690400000,-0.0024780430,0.0019990540,-0.0319381700,0.2358578000,0.2110010000,0.9486040000,0.0000000000,
26.45483,16780,True,1.0000000000,4.0690160000,-0.0324801500,0.0015220950,-0.0308361200,0.2759750000,0.2228125000,0.9349825000,True,1.0000000000,4.3634800000,0.0340697400,0.0025281370,-0.0332533100,0.1164406000,0.2185073000,0.9688633000,-0.0051031960,0.0019359590,-0.0318304900,0.2110316000,0.2217586000,0.9519920000,0.0000000000,
26.46592,16805,True,1.0000000000,4.0413510000,-0.0327637200,0.0015503080,-0.0308360600,0.2938739000,0.2202185000,0.9301301000,True,1.0000000000,4.3501890000,0.0339364200,0.0025382850,-0.0332378400,0.0913405200,0.2207065000,0.9710538000,-0.0053571480,0.0019562680,-0.0318229200,0.2117475000,0.2215590000,0.9518795000,0.0000000000,
26.46592,16814,True,1.0000000000,4.0802920000,-0.0327629100,0.0015368500,-0.0308267400,0.2892023000,0.2154102000,0.9327167000,True,1.0000000000,4.3509520000,0.0339361600,0.0025336760,-0.0332558200,0.0937656200,0.2343301000,0.9676246000,-0.0029726260,0.0019820710,-0.0319116500,0.2029149000,0.2249642000,0.9530040000,0.0000000000,
26.47663,16822,True,1.0000000000,4.0181270000,-0.0327562900,0.0015337530,-0.0308249700,0.2844438000,0.2151677000,0.9342348000,True,1.0000000000,4.3447270000,0.0339398500,0.0025278170,-0.0332569400,0.0907599800,0.2365588000,0.9673689000,-0.0019845890,0.0019923860,-0.0319470100,0.1960305000,0.2261363000,0.9541669000,0.0000000000,
26.48766,16830,True,1.0000000000,4.1550750000,-0.0327350800,0.0015310970,-0.0308220500,0.2856646000,0.2149390000,0.9339148000,True,1.0000000000,4.3840330000,0.0339605000,0.0025093690,-0.0332442900,0.0849316100,0.2302431000,0.9694198000,-0.0007864380,0.0019997100,-0.0319823600,0.1905066000,0.2234352000,0.9559205000,0.0000000000,
26.51078,16839,True,1.0000000000,4.0069430000,-0.0327156100,0.0015335390,-0.0308211200,0.2917362000,0.2164027000,0.9316973000,True,1.0000000000,4.3769230000,0.0339982200,0.0025081640,-0.0332612200,0.0846572400,0.2426342000,0.9664170000,-0.0003786621,0.0020059510,-0.0320038600,0.1924443000,0.2304082000,0.9538748000,0.0000000000,
26.52085,16847,True,1.0000000000,4.0843510000,-0.0326505900,0.0015549320,-0.0308421300,0.2791628000,0.2282589000,0.9327197000,True,1.0000000000,4.3505860000,0.0340185700,0.0024720460,-0.0332537600,0.0797895100,0.2566265000,0.9632115000,0.0001944885,0.0020067600,-0.0320302400,0.1818867000,0.2435024000,0.9526929000,0.0000000000,
26.53244,16872,True,1.0000000000,4.1823880000,-0.0324622700,0.0016312710,-0.0308533800,0.2893112000,0.2208440000,0.9314113000,True,1.0000000000,4.4272920000,0.0342322800,0.0025098880,-0.0332895200,0.0877540300,0.2444783000,0.9656757000,0.0003439484,0.0020634460,-0.0320516800,0.1911810000,0.2337080000,0.9533260000,0.0000000000,
26.54322,16880,True,1.0000000000,4.1302950000,-0.0323755200,0.0016673130,-0.0308720300,0.2917375000,0.2251318000,0.9296262000,True,1.0000000000,4.4278720000,0.0343053200,0.0025268400,-0.0333097500,0.0975345800,0.2506419000,0.9631540000,0.0006422577,0.0020929260,-0.0320791000,0.1965498000,0.2389391000,0.9509344000,0.0000000000,
26.55484,16889,True,1.0000000000,4.0881200000,-0.0322899300,0.0016916810,-0.0308810300,0.2868973000,0.2254651000,0.9310507000,True,1.0000000000,4.3906860000,0.0343803700,0.0025333560,-0.0333158600,0.0970470500,0.2484466000,0.9637719000,-0.0002559051,0.0020960850,-0.0320509300,0.1965954000,0.2376265000,0.9512538000,0.0000000000,
26.56644,16905,True,1.0000000000,4.1692810000,-0.0321206700,0.0017633970,-0.0309151000,0.2930653000,0.2313120000,0.9276893000,True,1.0000000000,4.4027400000,0.0345536400,0.0025366820,-0.0333468000,0.1051956000,0.2525975000,0.9618359000,-0.0002997131,0.0021324620,-0.0320756500,0.2043488000,0.2425879000,0.9483632000,0.0000000000,
26.57726,16922,True,1.0000000000,4.2014770000,-0.0319544500,0.0018159330,-0.0309384300,0.2933550000,0.2305183000,0.9277953000,True,1.0000000000,4.4988710000,0.0347143400,0.0025040890,-0.0333783000,0.1041570000,0.2582256000,0.9604535000,0.0003371277,0.0021492460,-0.0321202100,0.2026686000,0.2450883000,0.9480808000,0.0000000000,
26.58786,16930,True,1.0000000000,4.1904450000,-0.0318916600,0.0018177190,-0.0309496300,0.3025381000,0.2273117000,0.9256350000,True,1.0000000000,4.5207370000,0.0347913500,0.0024609530,-0.0333861600,0.1021897000,0.2589151000,0.9604792000,0.0002394257,0.0021276550,-0.0321236700,0.2071097000,0.2438380000,0.9474432000,0.0000000000,
26.59899,16939,True,1.0000000000,4.2300260000,-0.0318050100,0.0018148350,-0.0309554900,0.2938850000,0.2261053000,0.9287131000,True,1.0000000000,4.4986880000,0.0348518100,0.0024326630,-0.0334180600,0.1214458000,0.2672600000,0.9559409000,-0.0004450836,0.0021054990,-0.0321140600,0.2136092000,0.2464616000,0.9453189000,0.0000000000,
26.61024,16947,True,1.0000000000,4.2202300000,-0.0317543000,0.0018014530,-0.0309695500,0.2897516000,0.2348195000,0.9278491000,True,1.0000000000,4.4449160000,0.0349116100,0.0023833010,-0.0334268500,0.1170057000,0.2685730000,0.9561267000,-0.0007554016,0.0020720060,-0.0321121700,0.2102527000,0.2515128000,0.9447408000,0.0000000000,
26.65406,16955,True,1.0000000000,4.1455990000,-0.0316804800,0.0017833860,-0.0309759400,0.2861677000,0.2305180000,0.9300374000,True,1.0000000000,4.4505460000,0.0349612800,0.0023343970,-0.0334336400,0.1194160000,0.2697007000,0.9555111000,-0.0018097230,0.0020303650,-0.0320775500,0.2122206000,0.2489946000,0.9449678000,0.0000000000,
26.67643,16980,True,1.0000000000,4.2839200000,-0.0311546600,0.0017593230,-0.0311420000,0.3928574000,0.2175166000,0.8935041000,True,1.0000000000,4.5019990000,0.0354126800,0.0022207030,-0.0335742200,0.1948716000,0.2678397000,0.9435502000,-0.0004642945,0.0019720310,-0.0322633500,0.3032420000,0.2420534000,0.9216585000,0.0000000000,
26.67643,17022,True,1.0000000000,4.2634120000,-0.0311185500,0.0018123630,-0.0311426900,0.3721078000,0.2242932000,0.9006822000,True,1.0000000000,4.5591740000,0.0355046400,0.0021720740,-0.0335786500,0.1854728000,0.2622712000,0.9470024000,0.0004871826,0.0019830170,-0.0322983000,0.2849315000,0.2434881000,0.9271071000,0.0000000000,
26.68745,17030,True,1.0000000000,4.2923580000,-0.0311208500,0.0018084720,-0.0311378500,0.3719383000,0.2219423000,0.9013343000,True,1.0000000000,4.5914920000,0.0354994700,0.0021692660,-0.0335880000,0.1858706000,0.2704820000,0.9446119000,0.0033883210,0.0019953610,-0.0324070200,0.2769045000,0.2482939000,0.9282640000,0.0000000000,
26.69859,17039,True,1.0000000000,4.2153470000,-0.0311299200,0.0017973480,-0.0311374200,0.3593776000,0.2305772000,0.9042576000,True,1.0000000000,4.5371250000,0.0354850600,0.0021593780,-0.0335788000,0.1842816000,0.2672136000,0.9458526000,0.0038832400,0.0019876250,-0.0324206200,0.2684828000,0.2508891000,0.9300385000,0.0000000000,
26.70982,17047,True,1.0000000000,4.1758270000,-0.0311451300,0.0017749940,-0.0311238400,0.3577458000,0.2233451000,0.9067166000,True,1.0000000000,4.5734860000,0.0354710700,0.0021481780,-0.0335664700,0.1809867000,0.2627595000,0.9477348000,0.0045265810,0.0019748380,-0.0324318300,0.2642250000,0.2455022000,0.9326917000,0.0000000000,
26.72079,17055,True,1.0000000000,4.3548130000,-0.0311647400,0.0017635650,-0.0311127200,0.3563752000,0.2238350000,0.9071354000,True,1.0000000000,4.5337070000,0.0354612000,0.0021347050,-0.0335703800,0.1741806000,0.2725243000,0.9462513000,0.0043046730,0.0019611510,-0.0324210800,0.2605772000,0.2509183000,0.9322765000,0.0000000000,
26.72079,17064,True,1.0000000000,4.2375790000,-0.0311761900,0.0017540590,-0.0311087200,0.3565407000,0.2216668000,0.9076026000,True,1.0000000000,4.4808040000,0.0354636400,0.0021084600,-0.0335636500,0.1790954000,0.2637068000,0.9478309000,0.0045400550,0.0019440000,-0.0324244700,0.2625759000,0.2452570000,0.9332218000,0.0000000000,
26.73213,17072,True,1.0000000000,4.2419430000,-0.0311927200,0.0017394870,-0.0311024500,0.3600493000,0.2192401000,0.9068066000,True,1.0000000000,4.6281740000,0.0354672400,0.0020805660,-0.0335566000,0.1686101000,0.2645729000,0.9495114000,0.0033669280,0.0019163210,-0.0323748000,0.2621340000,0.2439758000,0.9336817000,0.0000000000,
26.73213,17080,True,1.0000000000,4.3317870000,-0.0311700800,0.0017234190,-0.0311042800,0.3593938000,0.2203696000,0.9067929000,True,1.0000000000,4.5488130000,0.0355010300,0.0020599670,-0.0335570500,0.1637899000,0.2611879000,0.9512905000,0.0032019500,0.0018969270,-0.0323687900,0.2599192000,0.2426920000,0.9346350000,0.0000000000,
26.75635,17089,True,1.0000000000,4.3498540000,-0.0309866000,0.0017448880,-0.0311890000,0.3916791000,0.2328346000,0.8901548000,True,1.0000000000,4.5365600000,0.0356535500,0.0020759890,-0.0336471700,0.1965653000,0.2834647000,0.9386212000,0.0031197970,0.0019143530,-0.0324470800,0.2933981000,0.2601489000,0.9199131000,0.0000000000,
26.75635,17097,True,1.0000000000,4.4166260000,-0.0306434800,0.0018676610,-0.0313721800,0.4464615000,0.2571743000,0.8570493000,True,1.0000000000,4.6783140000,0.0359194200,0.0021911780,-0.0338310000,0.2755463000,0.3068272000,0.9110057000,0.0015168760,0.0020239720,-0.0325601800,0.3654541000,0.2823839000,0.8869625000,0.0000000000,
26.77314,17105,True,1.0000000000,4.5003510000,-0.0302133500,0.0020345920,-0.0316242800,0.5041878000,0.2788124000,0.8173483000,True,1.0000000000,4.6789700000,0.0362193900,0.0023197790,-0.0340253600,0.3182394000,0.3318350000,0.8880367000,0.0064284060,0.0021918950,-0.0329486200,0.4037509000,0.3096797000,0.8608622000,0.0000000000,
26.78765,17114,True,1.0000000000,4.5229340000,-0.0297392900,0.0022728730,-0.0319345100,0.5498138000,0.2890673000,0.7836739000,True,1.0000000000,4.8058320000,0.0365233900,0.0024715420,-0.0342820300,0.3794458000,0.3564658000,0.8537874000,0.0155244100,0.0024085850,-0.0335380900,0.4352636000,0.3365072000,0.8350500000,0.0000000000,
26.78765,17130,True,1.0000000000,-1.0000000000,-0.0290747400,0.0026258850,-0.0324356600,0.0000000000,0.0000000000,0.0000000000,True,1.0000000000,4.7590940000,0.0371826200,0.0026981360,-0.0347843400,0.4486898000,0.3682751000,0.8142793000,0.0371826200,0.0026981360,-0.0347843400,0.4486898000,0.3682751000,0.8142793000,0.0000000000,
26.81031,17139,True,1.0000000000,-1.0000000000,-0.0290064600,0.0027004400,-0.0324894100,0.0000000000,0.0000000000,0.0000000000,True,1.0000000000,4.7689820000,0.0373052700,0.0027263490,-0.0348536600,0.4649266000,0.3490802000,0.8136254000,0.0373052700,0.0027263490,-0.0348536600,0.4649266000,0.3490802000,0.8136254000,0.0000000000,
26.81031,17155,True,1.0000000000,-1.0000000000,-0.0291324300,0.0026316380,-0.0323603700,0.0000000000,0.0000000000,0.0000000000,True,1.0000000000,4.7779080000,0.0372500000,0.0025816960,-0.0347666600,0.4339651000,0.3669935000,0.8227941000,0.0372500000,0.0025816960,-0.0347666600,0.4339651000,0.3669935000,0.8227941000,0.0000000000,
26.82259,17164,True,1.0000000000,4.5586240000,-0.0292039300,0.0025902410,-0.0322917200,0.5754787000,0.2813153000,0.7679101000,True,1.0000000000,4.8612520000,0.0371848600,0.0025094300,-0.0346991000,0.4176666000,0.3728207000,0.8285888000,0.0208873900,0.0025292670,-0.0341081200,0.4579836000,0.3515521000,0.8164938000,0.0000000000,
26.8318,17172,True,1.0000000000,-1.0000000000,-0.0293036700,0.0025087740,-0.0322420500,0.0000000000,0.0000000000,0.0000000000,True,1.0000000000,4.7734070000,0.0370951600,0.0024456030,-0.0346306800,0.4177319000,0.3676670000,0.8308556000,0.0370951600,0.0024456030,-0.0346306800,0.4177319000,0.3676670000,0.8308556000,0.0000000000,
26.84283,17180,True,1.0000000000,4.5090030000,-0.0294232800,0.0023691870,-0.0321171400,0.5556405000,0.2958563000,0.7770025000,True,1.0000000000,4.7437900000,0.0369906600,0.0023505710,-0.0345357100,0.3981971000,0.3687626000,0.8399127000,-0.0050257110,0.0023623500,-0.0330056200,0.4997936000,0.3239183000,0.8032953000,0.0000000000,
26.84283,17189,True,1.0000000000,4.4563140000,-0.0295900400,0.0022341770,-0.0320237300,0.5596439000,0.2950505000,0.7744313000,True,1.0000000000,4.7138980000,0.0368615100,0.0022850040,-0.0344312700,0.3815204000,0.3635911000,0.8498492000,-0.0048303380,0.0022531130,-0.0329207800,0.4957186000,0.3221782000,0.8065136000,0.0000000000,
26.85409,17197,True,1.0000000000,4.4843750000,-0.0297388800,0.0021111760,-0.0319310800,0.5553494000,0.2941162000,0.7778706000,True,1.0000000000,4.6246340000,0.0367263500,0.0022306520,-0.0343434000,0.3647500000,0.3645822000,0.8567597000,-0.0051797790,0.0021553190,-0.0328224300,0.4876318000,0.3219496000,0.8115193000,0.0000000000,
26.85409,17205,True,1.0000000000,4.4332730000,-0.0298837000,0.0019763950,-0.0318617900,0.5457953000,0.3058340000,0.7801109000,True,1.0000000000,4.6260530000,0.0365642600,0.0022049870,-0.0342827900,0.3731096000,0.3618181000,0.8543283000,-0.0028200530,0.0020695040,-0.0328478400,0.4776826000,0.3301740000,0.8141280000,0.0000000000,
26.86536,17214,True,1.0000000000,4.4388580000,-0.0300278500,0.0018704530,-0.0317693200,0.5352206000,0.2999133000,0.7896777000,True,1.0000000000,4.6951290000,0.0364016100,0.0021687170,-0.0341995500,0.3567528000,0.3642755000,0.8602504000,0.0138447700,0.0020674440,-0.0333743500,0.4192832000,0.3440112000,0.8401535000,0.0000000000,
26.88781,17222,True,1.0000000000,4.4883120000,-0.0302433000,0.0017598270,-0.0317173900,0.5473374000,0.3159054000,0.7750004000,True,1.0000000000,4.6468200000,0.0362659000,0.0021562040,-0.0341415000,0.3485921000,0.3649040000,0.8633242000,0.0087957620,0.0019924930,-0.0331402800,0.4332939000,0.3467602000,0.8318736000,0.0000000000,
26.89886,17239,True,1.0000000000,4.4559480000,-0.0305236700,0.0015856320,-0.0315835100,0.5295491000,0.3145800000,0.7877927000,True,1.0000000000,4.7086640000,0.0359962500,0.0021785130,-0.0339743700,0.3066903000,0.3439832000,0.8874776000,-0.0030765690,0.0018302610,-0.0325700100,0.4408479000,0.3291214000,0.8350642000,0.0000000000,
26.90966,17247,True,1.0000000000,4.4591060000,-0.0306519800,0.0015201110,-0.0315230300,0.5225252000,0.3095722000,0.7944385000,True,1.0000000000,4.6281280000,0.0358659400,0.0022122040,-0.0339519700,0.3116658000,0.3483943000,0.8840169000,-0.0024553530,0.0018134920,-0.0325526400,0.4360271000,0.3282067000,0.8379503000,0.0000000000,
26.90966,17255,True,1.0000000000,4.5635530000,-0.0307461700,0.0014716950,-0.0314707500,0.5139084000,0.3037765000,0.8022581000,True,1.0000000000,4.5689240000,0.0357503700,0.0022176520,-0.0338958000,0.2890676000,0.3470215000,0.8921973000,-0.0036800540,0.0017753300,-0.0324578200,0.4255126000,0.3237503000,0.8450590000,0.0000000000,
26.92093,17264,True,1.0000000000,4.4503940000,-0.0308452800,0.0014454650,-0.0314331700,0.5099242000,0.2989842000,0.8065890000,True,1.0000000000,4.6082310000,0.0356505100,0.0022153170,-0.0338447300,0.2700990000,0.3423502000,0.8999128000,-0.0054367370,0.0017396240,-0.0323546500,0.4216844000,0.3181211000,0.8491062000,0.0000000000,
26.92093,17272,True,1.0000000000,4.4076690000,-0.0309230200,0.0014125370,-0.0313904700,0.4810539000,0.3050876000,0.8218933000,True,1.0000000000,4.6435240000,0.0355581400,0.0022156070,-0.0338132300,0.2678548000,0.3375422000,0.9023963000,-0.0056881110,0.0017173620,-0.0323101100,0.4026555000,0.3194022000,0.8578174000,0.0000000000,
26.93203,17280,True,1.0000000000,4.3149570000,-0.0310003400,0.0013914800,-0.0313525400,0.4735602000,0.2970604000,0.8291537000,True,1.0000000000,4.5291750000,0.0354965900,0.0022177740,-0.0337754400,0.2595568000,0.3263305000,0.9089217000,-0.0051170200,0.0017131040,-0.0322956300,0.3927383000,0.3104155000,0.8656783000,0.0000000000,
26.94283,17288,True,1.0000000000,4.3171840000,-0.0310795300,0.0013882450,-0.0313282300,0.4699122000,0.2957322000,0.8317001000,True,1.0000000000,4.5106200000,0.0354247500,0.0022158970,-0.0337510400,0.2462474000,0.3289657000,0.9116709000,-0.0041360930,0.0017235570,-0.0323098000,0.3819597000,0.3113569000,0.8701515000,0.0000000000,
26.94283,17297,True,1.0000000000,4.3293000000,-0.0311495500,0.0013777920,-0.0313041200,0.4580449000,0.2985577000,0.8372922000,True,1.0000000000,4.4945980000,0.0353369500,0.0022358400,-0.0337152400,0.2403602000,0.3196767000,0.9165336000,-0.0032020870,0.0017384640,-0.0323176300,0.3689774000,0.3094827000,0.8763996000,0.0000000000,
26.95409,17305,True,1.0000000000,4.3162230000,-0.0312186100,0.0013713680,-0.0312817700,0.4515583000,0.2994418000,0.8404938000,True,1.0000000000,4.5069890000,0.0352828500,0.0022247010,-0.0337074800,0.2266092000,0.3294691000,0.9165688000,-0.0010432130,0.0017585760,-0.0323824500,0.3519930000,0.3153105000,0.8812947000,0.0000000000,
26.95409,17313,True,1.0000000000,4.4064790000,-0.0312980700,0.0013565520,-0.0312469800,0.4532827000,0.2894625000,0.8430576000,True,1.0000000000,4.4918670000,0.0352190900,0.0022158660,-0.0336814300,0.2197742000,0.3249998000,0.9198231000,0.0037800450,0.0018097230,-0.0325307900,0.3327086000,0.3105982000,0.8904121000,0.0000000000,
26.95409,17322,True,1.0000000000,4.3906860000,-0.0313473200,0.0013414000,-0.0312427700,0.4436544000,0.3017613000,0.8438666000,True,1.0000000000,4.4591060000,0.0351613500,0.0022097930,-0.0336612100,0.2133340000,0.3232892000,0.9219397000,-0.0002298279,0.0017476960,-0.0323742900,0.3384134000,0.3141669000,0.8870037000,0.0000000000,
26.95409,17330,True,1.0000000000,4.3493650000,-0.0313960900,0.0013151090,-0.0312183700,0.4441142000,0.2910050000,0.8473952000,True,1.0000000000,4.4448550000,0.0351122300,0.0021846620,-0.0336332900,0.1993722000,0.3201918000,0.9261361000,-0.0002079620,0.0017228700,-0.0323508200,0.3321277000,0.3072707000,0.8917824000,0.0000000000,
26.95409,17338,True,1.0000000000,4.3458560000,-0.0314305700,0.0012980650,-0.0311962000,0.4338749000,0.2870679000,0.8540167000,True,1.0000000000,4.5136110000,0.0350862600,0.0021703800,-0.0336311200,0.1983203000,0.3241150000,0.9249965000,-0.0002260437,0.0017072760,-0.0323384700,0.3258988000,0.3068253000,0.8942305000,0.0000000000,
26.95409,17347,True,1.0000000000,4.4141080000,-0.0314465500,0.0012906340,-0.0311926100,0.4309153000,0.2897387000,0.8546131000,True,1.0000000000,4.5390170000,0.0350704700,0.0021482550,-0.0336072100,0.1932085000,0.3135861000,0.9296958000,-0.0008122711,0.0016856080,-0.0323046600,0.3239756000,0.3031015000,0.8961971000,0.0000000000,
26.95409,17355,True,1.0000000000,4.3610530000,-0.0314577700,0.0012880550,-0.0311852400,0.4176522000,0.2933988000,0.8599324000,True,1.0000000000,4.5575100000,0.0350601100,0.0021400300,-0.0335996000,0.1841443000,0.3146078000,0.9311889000,-0.0004781189,0.0016848450,-0.0323096900,0.3112362000,0.3055752000,0.8998643000,0.0000000000,
27.01338,17363,True,1.0000000000,4.2982330000,-0.0314662600,0.0012942660,-0.0311785000,0.4173788000,0.2884558000,0.8617356000,True,1.0000000000,4.4777680000,0.0350480800,0.0021398470,-0.0336053900,0.1859314000,0.3189596000,0.9293516000,0.0003007813,0.0016981200,-0.0323375700,0.3091181000,0.3052728000,0.9006967000,0.0000000000,
27.01338,17372,True,1.0000000000,4.2500460000,-0.0314760300,0.0012962340,-0.0311524100,0.4040271000,0.2777438000,0.8715621000,True,1.0000000000,4.4534300000,0.0350384100,0.0021434170,-0.0336043700,0.1782706000,0.3231393000,0.9294088000,0.0009011231,0.0017086180,-0.0323459500,0.2962369000,0.3019742000,0.9061210000,0.0000000000,
27.04301,17380,True,1.0000000000,4.2817080000,-0.0314878900,0.0013140260,-0.0311492500,0.4018623000,0.2789049000,0.8721920000,True,1.0000000000,4.3439030000,0.0350141300,0.0021418150,-0.0335850200,0.1705345000,0.3152508000,0.9335604000,0.0026149140,0.0017385250,-0.0323983300,0.2853278000,0.2997476000,0.9103512000,0.0000000000,
27.05412,17397,True,1.0000000000,4.2687680000,-0.0315163000,0.0013702850,-0.0311346800,0.3882176000,0.2770258000,0.8789447000,True,1.0000000000,4.4251710000,0.0349883600,0.0021461940,-0.0335786600,0.1605848000,0.3185298000,0.9342116000,0.0025765840,0.0017680510,-0.0323875600,0.2734724000,0.3004352000,0.9137568000,0.0000000000,
27.05412,17405,True,1.0000000000,4.1861420000,-0.0315239000,0.0013965300,-0.0311191000,0.3927682000,0.2596634000,0.8822177000,True,1.0000000000,4.3907010000,0.0349761200,0.0021473850,-0.0335700700,0.1590288000,0.3142123000,0.9359383000,0.0041607060,0.0017994540,-0.0324343100,0.2693808000,0.2911248000,0.9179762000,0.0000000000,
27.06582,17413,True,1.0000000000,4.2037050000,-0.0315231800,0.0014283140,-0.0311216500,0.3860075000,0.2640117000,0.8839095000,True,1.0000000000,4.3858800000,0.0349642800,0.0021511380,-0.0335573300,0.1491095000,0.3110212000,0.9386331000,0.0041019750,0.0018156130,-0.0324267300,0.2610787000,0.2914285000,0.9202757000,0.0000000000,
27.08939,17422,True,1.0000000000,4.2680660000,-0.0315247100,0.0014609380,-0.0311287900,0.3943999000,0.2643015000,0.8801098000,True,1.0000000000,4.3984530000,0.0349682500,0.0021654050,-0.0335711100,0.1474632000,0.3194781000,0.9360493000,0.0034177100,0.0018311460,-0.0324122300,0.2668786000,0.2957943000,0.9172140000,0.0000000000,
27.09842,17430,True,1.0000000000,4.2388460000,-0.0315306000,0.0014815680,-0.0311205800,0.3791723000,0.2672929000,0.8858798000,True,1.0000000000,4.3256380000,0.0349650600,0.0021641540,-0.0335496700,0.1413583000,0.3066730000,0.9412595000,0.0030347900,0.0018363950,-0.0323832600,0.2575255000,0.2899813000,0.9217328000,0.0000000000,
27.09842,17438,True,1.0000000000,4.2724300000,-0.0315455000,0.0014973150,-0.0311112700,0.3764682000,0.2638268000,0.8880693000,True,1.0000000000,4.4171750000,0.0349530400,0.0021620940,-0.0335484200,0.1399691000,0.3084417000,0.9408891000,0.0024367370,0.0018370360,-0.0323567100,0.2575713000,0.2888217000,0.9220841000,0.0000000000,
27.12101,17455,True,1.0000000000,4.1926120000,-0.0316007700,0.0014847410,-0.0310882900,0.3637756000,0.2620740000,0.8938594000,True,1.0000000000,4.4591220000,0.0349150600,0.0021474460,-0.0335324600,0.1218118000,0.3094657000,0.9430763000,0.0013851010,0.0018133850,-0.0323003700,0.2457305000,0.2878605000,0.9256094000,0.0000000000,
27.12101,17463,True,1.0000000000,4.2541500000,-0.0316391000,0.0014675450,-0.0310858600,0.3522869000,0.2752894000,0.8944885000,True,1.0000000000,4.4388730000,0.0348611800,0.0021507570,-0.0335162200,0.1225597000,0.3029509000,0.9450925000,0.0006682739,0.0017994690,-0.0322665900,0.2423890000,0.2907752000,0.9255795000,0.0000000000,
27.14301,17472,True,1.0000000000,4.3095090000,-0.0317049900,0.0014427950,-0.0310676900,0.3543726000,0.2700214000,0.8952700000,True,1.0000000000,4.4381560000,0.0348072200,0.0021461180,-0.0334959900,0.1291052000,0.2913984000,0.9478496000,0.0024743350,0.0018042150,-0.0323155500,0.2402366000,0.2829311000,0.9285669000,0.0000000000,
27.14301,17480,True,1.0000000000,4.2440950000,-0.0317660100,0.0014201050,-0.0310525800,0.3449581000,0.2707541000,0.8987192000,True,1.0000000000,4.5008390000,0.0347556900,0.0021559750,-0.0334889400,0.1145945000,0.2959773000,0.9482961000,0.0024101260,0.0017981720,-0.0323042900,0.2282144000,0.2857257000,0.9307411000,0.0000000000,
27.15398,17497,True,1.0000000000,4.3275600000,-0.0318798200,0.0014012600,-0.0310281200,0.3493693000,0.2671387000,0.8980969000,True,1.0000000000,4.4120030000,0.0346260300,0.0021507110,-0.0334570900,0.1080796000,0.3009079000,0.9475090000,0.0023851780,0.0017873840,-0.0322795700,0.2268092000,0.2867616000,0.9307660000,0.0000000000,
27.16506,17505,True,1.0000000000,4.1916350000,-0.0319265200,0.0014007720,-0.0310197600,0.3291195000,0.2744468000,0.9035261000,True,1.0000000000,4.4730830000,0.0345841800,0.0021692050,-0.0334547400,0.0954138100,0.3080616000,0.9465697000,0.0021751860,0.0017947690,-0.0322682500,0.2108193000,0.2937981000,0.9323292000,0.0000000000,
27.17608,17513,True,1.0000000000,4.2408750000,-0.0319507600,0.0014059910,-0.0310188500,0.3184403000,0.2818491000,0.9050729000,True,1.0000000000,4.4010470000,0.0345469800,0.0021975400,-0.0334597300,0.0966809800,0.3112377000,0.9454014000,0.0009053345,0.0017970890,-0.0322248700,0.2102390000,0.2982989000,0.9310302000,0.0000000000,
27.18723,17522,True,1.0000000000,4.2121580000,-0.0319817700,0.0014045870,-0.0310022100,0.3169290000,0.2725559000,0.9084433000,True,1.0000000000,4.3960570000,0.0345229400,0.0022174230,-0.0334514900,0.1010601000,0.3049655000,0.9469862000,0.0018774420,0.0018184200,-0.0322492100,0.2083148000,0.2908503000,0.9338154000,0.0000000000,
27.19816,17538,True,1.0000000000,4.2198790000,-0.0320327000,0.0014254000,-0.0310090600,0.3196138000,0.2826872000,0.9043976000,True,1.0000000000,4.4282990000,0.0344791600,0.0022558440,-0.0334341300,0.0848248300,0.3009077000,0.9498733000,0.0005820465,0.0018326110,-0.0321982100,0.2059786000,0.2937472000,0.9334267000,0.0000000000,
27.2095,17547,True,1.0000000000,4.1601100000,-0.0320559300,0.0014237520,-0.0309983100,0.3162721000,0.2782468000,0.9069458000,True,1.0000000000,4.4405670000,0.0344613200,0.0022664800,-0.0334288700,0.0946819800,0.2953681000,0.9506803000,0.0009161530,0.0018414770,-0.0322031100,0.2077652000,0.2885916000,0.9346382000,0.0000000000,
27.24274,17555,True,1.0000000000,4.2344510000,-0.0320751700,0.0014188690,-0.0309970900,0.3212763000,0.2789786000,0.9049600000,True,1.0000000000,4.4638980000,0.0344436100,0.0022813420,-0.0334370700,0.0976267400,0.3015625000,0.9484351000,0.0015948030,0.0018554230,-0.0322321500,0.2094443000,0.2923310000,0.9331000000,0.0000000000,
27.25385,17597,True,1.0000000000,4.1460880000,-0.0322372900,0.0013905490,-0.0309614700,0.3151114000,0.2704486000,0.9097046000,True,1.0000000000,4.5095060000,0.0343248300,0.0022981570,-0.0334094200,0.1039598000,0.2900284000,0.9513547000,0.0015736080,0.0018515780,-0.0322049300,0.2090795000,0.2820483000,0.9363410000,0.0000000000,
27.26489,17605,True,1.0000000000,4.1473850000,-0.0322629300,0.0013815460,-0.0309541800,0.3215649000,0.2652750000,0.9089693000,True,1.0000000000,4.4872440000,0.0342846300,0.0023125000,-0.0334031100,0.0996568400,0.2903339000,0.9517220000,0.0018532560,0.0018588110,-0.0322096400,0.2091536000,0.2799397000,0.9369571000,0.0000000000,
27.27636,17613,True,1.0000000000,4.1912080000,-0.0323154600,0.0013716130,-0.0309543900,0.3188381000,0.2704059000,0.9084178000,True,1.0000000000,4.4124150000,0.0342597800,0.0023578190,-0.0334169500,0.1101237000,0.2828244000,0.9528290000,0.0028150330,0.0018920140,-0.0322538300,0.2099018000,0.2785517000,0.9372033000,0.0000000000,
27.28735,17622,True,1.0000000000,4.1275330000,-0.0324036400,0.0013465880,-0.0309359200,0.3153698000,0.2690745000,0.9100224000,True,1.0000000000,4.4406430000,0.0341827400,0.0023590390,-0.0334023500,0.1086436000,0.2916287000,0.9503416000,0.0035772400,0.0018936770,-0.0322686800,0.2048046000,0.2828384000,0.9370472000,0.0000000000,
27.29849,17638,True,1.0000000000,4.1877290000,-0.0325799100,0.0012402190,-0.0309275700,0.3274270000,0.2795749000,0.9025682000,True,1.0000000000,4.4233550000,0.0340677800,0.0024479370,-0.0333615700,0.1076372000,0.2683453000,0.9572905000,0.0038878330,0.0019010470,-0.0322593900,0.2084973000,0.2751786000,0.9385124000,0.0000000000,
27.30972,17647,True,1.0000000000,4.1038360000,-0.0326685900,0.0012153170,-0.0309151000,0.3303856000,0.2728748000,0.9035401000,True,1.0000000000,4.4389500000,0.0340435400,0.0025336460,-0.0333952200,0.1146409000,0.2733955000,0.9550457000,0.0040272060,0.0019404760,-0.0322793300,0.2130146000,0.2748286000,0.9376001000,0.0000000000,
27.30972,17655,True,1.0000000000,4.1820830000,-0.0327639200,0.0011946410,-0.0309087200,0.3383391000,0.2762347000,0.8995671000,True,1.0000000000,4.3467860000,0.0339662500,0.0026185610,-0.0334020700,0.1258855000,0.2742321000,0.9533885000,0.0044564820,0.0019888610,-0.0322994600,0.2211477000,0.2767666000,0.9351438000,0.0000000000,
27.32085,17663,True,1.0000000000,4.1755070000,-0.0329086200,0.0011589970,-0.0309027300,0.3482865000,0.2788886000,0.8949400000,True,1.0000000000,4.4874880000,0.0337886400,0.0026748350,-0.0333635100,0.1537501000,0.2645308000,0.9520422000,0.0044079130,0.0020070950,-0.0322795100,0.2406805000,0.2722514000,0.9316394000,0.0000000000,
27.33164,17672,True,1.0000000000,4.1107330000,-0.0332692100,0.0010585780,-0.0308603200,0.3020680000,0.2837419000,0.9100799000,True,1.0000000000,4.3042300000,0.0334780000,0.0027189330,-0.0333095400,0.1342484000,0.2531005000,0.9580801000,0.0056062930,0.0020256200,-0.0322868200,0.2051101000,0.2669087000,0.9416420000,0.0000000000,
27.34333,17680,True,1.0000000000,4.0764310000,-0.0338117100,0.0009684144,-0.0308536700,0.2225063000,0.2522308000,0.9417380000,True,1.0000000000,4.3335570000,0.0330222500,0.0027990570,-0.0332904800,0.0662391300,0.2608671000,0.9630995000,0.0082245640,0.0021198270,-0.0323863600,0.1245733000,0.2584239000,0.9579659000,0.0000000000,
27.36032,17697,True,1.0000000000,-1.0000000000,-0.0350069300,0.0008305817,-0.0308062200,0.0000000000,0.0000000000,0.0000000000,True,1.0000000000,-1.0000000000,0.0319100100,0.0028415680,-0.0330650200,0.0000000000,0.0000000000,0.0000000000,0.0010000000,-0.0010000000,-0.0010000000,0.5773503000,-0.5773503000,-0.5773503000,0.0000000000,
27.42635,17705,True,1.0000000000,-1.0000000000,-0.0343094500,-0.0005326691,-0.0307039700,0.0000000000,0.0000000000,0.0000000000,True,1.0000000000,-1.0000000000,0.0326119700,0.0010581360,-0.0331138200,0.0000000000,0.0000000000,0.0000000000,0.0010000000,-0.0010000000,-0.0010000000,0.5773503000,-0.5773503000,-0.5773503000,0.0000000000,
27.49615,17747,True,0.7623634000,-1.0000000000,-0.0343094500,-0.0005326691,-0.0307039700,0.0000000000,0.0000000000,0.0000000000,True,0.7623634000,-1.0000000000,0.0326119700,0.0010581360,-0.0331138200,0.0000000000,0.0000000000,0.0000000000,0.0010000000,-0.0010000000,-0.0010000000,0.5773503000,-0.5773503000,-0.5773503000,0.0000000000,
27.52287,17813,True,0.7623634000,-1.0000000000,-0.0367147400,0.0008740082,-0.0314729800,0.0000000000,0.0000000000,0.0000000000,True,0.7623634000,-1.0000000000,0.0298575300,0.0026311950,-0.0338590400,0.0000000000,0.0000000000,0.0000000000,0.0010000000,-0.0010000000,-0.0010000000,0.5773503000,-0.5773503000,-0.5773503000,0.0000000000,
27.54929,17855,True,0.2232641000,-1.0000000000,-0.0360255600,0.0012421570,-0.0313851000,0.0000000000,0.0000000000,0.0000000000,True,0.2232641000,-1.0000000000,0.0304187300,0.0023618780,-0.0338595900,0.0000000000,0.0000000000,0.0000000000,0.0010000000,-0.0010000000,-0.0010000000,0.5773503000,-0.5773503000,-0.5773503000,0.0000000000,
27.59946,17897,True,0.7390086000,-1.0000000000,-0.0342279100,0.0018101810,-0.0308578100,0.0000000000,0.0000000000,0.0000000000,True,0.7390086000,-1.0000000000,0.0321830600,0.0023077850,-0.0333168800,0.0000000000,0.0000000000,0.0000000000,0.0010000000,-0.0010000000,-0.0010000000,0.5773503000,-0.5773503000,-0.5773503000,0.0000000000,
27.74035,17947,True,0.9025609000,-1.0000000000,-0.0325508500,0.0019503630,-0.0306095900,0.0000000000,0.0000000000,0.0000000000,True,0.9025609000,-1.0000000000,0.0337223200,0.0021981350,-0.0332870800,0.0000000000,0.0000000000,0.0000000000,0.0010000000,-0.0010000000,-0.0010000000,0.5773503000,-0.5773503000,-0.5773503000,0.0000000000,
27.75833,18047,True,1.0000000000,-1.0000000000,-0.0334120400,0.0014912570,-0.0305928000,0.0000000000,0.0000000000,0.0000000000,True,1.0000000000,-1.0000000000,0.0327637000,0.0017825170,-0.0333757800,0.0000000000,0.0000000000,0.0000000000,0.0010000000,-0.0010000000,-0.0010000000,0.5773503000,-0.5773503000,-0.5773503000,0.0000000000,
27.86469,18105,True,1.0000000000,-1.0000000000,-0.0326684900,0.0020240330,-0.0306630900,0.0000000000,0.0000000000,0.0000000000,True,1.0000000000,-1.0000000000,0.0336435300,0.0020719000,-0.0334683800,0.0000000000,0.0000000000,0.0000000000,0.0010000000,-0.0010000000,-0.0010000000,0.5773503000,-0.5773503000,-0.5773503000,0.0000000000,
27.9769,18188,True,1.0000000000,-1.0000000000,-0.0332558300,0.0015062260,-0.0305000000,0.0000000000,0.0000000000,0.0000000000,True,1.0000000000,-1.0000000000,0.0328056700,0.0020651250,-0.0339193300,0.0000000000,0.0000000000,0.0000000000,0.0010000000,-0.0010000000,-0.0010000000,0.5773503000,-0.5773503000,-0.5773503000,0.0000000000,
28.04482,18247,True,1.0000000000,-1.0000000000,-0.0336424100,0.0014568180,-0.0304916100,0.0000000000,0.0000000000,0.0000000000,True,1.0000000000,-1.0000000000,0.0327016200,0.0018260800,-0.0333217500,0.0000000000,0.0000000000,0.0000000000,0.0010000000,-0.0010000000,-0.0010000000,0.5773503000,-0.5773503000,-0.5773503000,0.0000000000,
28.24206,18347,True,1.0000000000,-1.0000000000,-0.0334733400,0.0014943540,-0.0306186100,0.0000000000,0.0000000000,0.0000000000,True,1.0000000000,-1.0000000000,0.0330389100,0.0018814550,-0.0330559400,0.0000000000,0.0000000000,0.0000000000,0.0010000000,-0.0010000000,-0.0010000000,0.5773503000,-0.5773503000,-0.5773503000,0.0000000000,
28.35346,18405,True,1.0000000000,4.5454410000,-0.0355766300,0.0023266910,-0.0313001900,-0.3233539000,0.2137179000,0.9218280000,True,1.0000000000,4.3259740000,0.0307081600,0.0029382780,-0.0337193800,-0.4410912000,0.2115504000,0.8721725000,0.0237632300,0.0028741910,-0.0334659000,-0.4290823000,0.2119471000,0.8780471000,0.0000000000,
28.39787,18630,True,1.0000000000,4.2796630000,-0.0318991700,0.0028722540,-0.0310825700,-0.0069733900,0.2855275000,0.9583452000,True,1.0000000000,4.3662870000,0.0342963100,0.0024357450,-0.0334337900,-0.1736916000,0.3511216000,0.9200788000,0.0264642000,0.0024873960,-0.0331556100,-0.1542366000,0.3439653000,0.9262283000,0.0000000000,
28.4755,18713,True,1.0000000000,3.8487850000,-0.0322234100,0.0023685460,-0.0309355300,0.0190735600,0.2606517000,0.9652445000,True,1.0000000000,4.2630160000,0.0342087100,0.0021671600,-0.0333265800,-0.1334551000,0.2971383000,0.9454621000,0.0238019000,0.0021987000,-0.0329520100,-0.1097426000,0.2919042000,0.9501308000,0.0000000000,
28.51991,18772,True,1.0000000000,4.0915990000,-0.0322609600,0.0023206180,-0.0309024800,0.0506289600,0.2479720000,0.9674433000,True,1.0000000000,4.2783810000,0.0342554200,0.0021120000,-0.0332917900,-0.1169441000,0.2705096000,0.9555881000,0.0247474500,0.0021418150,-0.0329502600,-0.0931399800,0.2677622000,0.9589726000,0.0000000000,
28.56435,18838,True,1.0000000000,3.9126740000,-0.0322852000,0.0023275760,-0.0308879400,0.0730141900,0.2388029000,0.9683192000,True,1.0000000000,4.2280880000,0.0343175500,0.0021272890,-0.0332789200,-0.1124580000,0.2544266000,0.9605313000,0.0234698200,0.0021599120,-0.0328895000,-0.0824436200,0.2524731000,0.9640852000,0.0000000000,
28.57601,18905,True,1.0000000000,3.9767910000,-0.0323774600,0.0022461240,-0.0308520500,0.0796667300,0.2265947000,0.9707255000,True,1.0000000000,4.1689910000,0.0342827600,0.0021291810,-0.0332650200,-0.1171120000,0.2485674000,0.9615088000,0.0123341800,0.0021676790,-0.0324705200,-0.0525515600,0.2423872000,0.9687552000,0.0000000000,
28.59794,18921,True,1.0000000000,3.8916170000,-0.0323877000,0.0022589420,-0.0308593600,0.0844579300,0.2312179000,0.9692292000,True,1.0000000000,4.1824950000,0.0342849100,0.0021491550,-0.0332656600,-0.1134192000,0.2492231000,0.9617817000,-0.0030526740,0.0022106320,-0.0319180900,-0.0026092650,0.2403118000,0.9706923000,0.0000000000,
28.63117,18938,True,1.0000000000,3.9833530000,-0.0323796700,0.0022671660,-0.0308622500,0.0818795300,0.2366663000,0.9681347000,True,1.0000000000,4.1673580000,0.0342995900,0.0021547090,-0.0332538500,-0.1107180000,0.2410588000,0.9641743000,0.0187437400,0.0021809390,-0.0326958900,-0.0660103300,0.2408324000,0.9683194000,0.0000000000,
28.67558,18980,True,1.0000000000,3.9262080000,-0.0324102800,0.0022029120,-0.0308293200,0.0820927200,0.2213604000,0.9717306000,True,1.0000000000,4.1875460000,0.0342916600,0.0021438910,-0.0332558800,-0.1123358000,0.2436994000,0.9633231000,0.0052380830,0.0021696020,-0.0321989300,-0.0277711900,0.2350785000,0.9715796000,0.0000000000,
28.73121,19021,True,1.0000000000,3.9659880000,-0.0324943800,0.0021316230,-0.0308076900,0.0819253100,0.2184319000,0.9724072000,True,1.0000000000,4.2215420000,0.0341943700,0.0021601870,-0.0332394100,-0.1083542000,0.2420841000,0.9641860000,-0.0036844640,0.0021439520,-0.0318582200,-0.0002746615,0.2296933000,0.9732630000,0.0000000000,
28.74279,19030,True,1.0000000000,3.9916530000,-0.0325125100,0.0021276400,-0.0308080500,0.0825811000,0.2224440000,0.9714417000,True,1.0000000000,4.2087100000,0.0341867200,0.0021681370,-0.0332329700,-0.1077889000,0.2391833000,0.9649730000,0.0061360480,0.0021511080,-0.0322131700,-0.0278473700,0.2331855000,0.9720335000,0.0000000000,
28.76441,19096,True,1.0000000000,3.9097900000,-0.0326097700,0.0021215210,-0.0308060800,0.0890206700,0.2234062000,0.9706519000,True,1.0000000000,4.2673950000,0.0341181600,0.0021799620,-0.0331971000,-0.1069041000,0.2241080000,0.9686832000,0.0033447880,0.0021530000,-0.0320944200,-0.0166169500,0.2248552000,0.9742505000,0.0000000000,
28.77565,19113,True,1.0000000000,3.9448700000,-0.0326104100,0.0021094360,-0.0308036500,0.0788883400,0.2209179000,0.9720967000,True,1.0000000000,4.1875460000,0.0341004500,0.0021837920,-0.0332133200,-0.1102914000,0.2362995000,0.9654006000,0.0039180300,0.0021501470,-0.0321231100,-0.0248109500,0.2303787000,0.9727847000,0.0000000000,
28.78671,19130,True,1.0000000000,3.9938200000,-0.0326414200,0.0021081090,-0.0307970000,0.0846267700,0.2242167000,0.9708580000,True,1.0000000000,4.2440640000,0.0340810000,0.0022006990,-0.0332101000,-0.1107805000,0.2333410000,0.9660640000,0.0036139380,0.0021584170,-0.0321082200,-0.0216525600,0.2302739000,0.9728850000,0.0000000000,
28.79781,19138,True,1.0000000000,3.9229580000,-0.0326505000,0.0021087950,-0.0307915400,0.0842757500,0.2205544000,0.9717270000,True,1.0000000000,4.2084960000,0.0340753200,0.0022025600,-0.0331946700,-0.1141214000,0.2252979000,0.9675831000,0.0027745670,0.0021585850,-0.0320673800,-0.0211490300,0.2241706000,0.9743204000,0.0000000000,
28.80924,19146,True,1.0000000000,3.9360960000,-0.0326552900,0.0021106870,-0.0307901200,0.0823368400,0.2219402000,0.9715777000,True,1.0000000000,4.1895900000,0.0340729800,0.0022071690,-0.0331945500,-0.1125042000,0.2271446000,0.9673407000,0.0022898260,0.0021612090,-0.0320493000,-0.0197907100,0.2257392000,0.9739867000,0.0000000000,
28.81998,19155,True,1.0000000000,3.9495090000,-0.0326601000,0.0021125640,-0.0307886800,0.0803993400,0.2233603000,0.9714144000,True,1.0000000000,4.1705020000,0.0340706500,0.0022117770,-0.0331945200,-0.1108720000,0.2289615000,0.9671009000,-0.0007219391,0.0021600500,-0.0319401400,-0.0111848100,0.2270837000,0.9738110000,0.0000000000,
28.83146,19171,True,1.0000000000,4.0314180000,-0.0326850200,0.0021323090,-0.0307893200,0.0846414300,0.2245050000,0.9707901000,True,1.0000000000,4.2451780000,0.0340601100,0.0022291410,-0.0332037400,-0.1148845000,0.2344078000,0.9653261000,-0.0008342896,0.0021785280,-0.0319414800,-0.0106201800,0.2303785000,0.9730431000,0.0000000000,
28.85334,19180,True,1.0000000000,4.0587160000,-0.0327052800,0.0021340790,-0.0307905100,0.0876169300,0.2190728000,0.9717667000,True,1.0000000000,4.1885070000,0.0340575600,0.0022324520,-0.0332073700,-0.1074687000,0.2371544000,0.9655093000,-0.0002136536,0.0021819460,-0.0319667400,-0.0073548520,0.2289770000,0.9734040000,0.0000000000,
28.85334,19196,True,1.0000000000,4.0233150000,-0.0327182900,0.0021194610,-0.0307817100,0.0905308100,0.2219554000,0.9708450000,True,1.0000000000,4.2109380000,0.0340493800,0.0022271580,-0.0332030400,-0.1070419000,0.2368349000,0.9656352000,0.0004152222,0.0021729130,-0.0319832900,-0.0075379360,0.2304716000,0.9730498000,0.0000000000,
28.86437,19205,True,1.0000000000,3.9004970000,-0.0327361900,0.0020970000,-0.0307667100,0.0872806900,0.2149974000,0.9727067000,True,1.0000000000,4.1362300000,0.0340437500,0.0022131040,-0.0331781300,-0.1085061000,0.2268237000,0.9678727000,0.0008188019,0.0021553500,-0.0319783800,-0.0111389600,0.2220162000,0.9749793000,0.0000000000,
28.8754,19213,True,1.0000000000,3.9869230000,-0.0327616300,0.0020816190,-0.0307753800,0.0836649500,0.2140529000,0.9732326000,True,1.0000000000,4.1745450000,0.0340329900,0.0022043460,-0.0331687600,-0.1056827000,0.2245184000,0.9687222000,0.0000964050,0.0021419980,-0.0319527500,-0.0095063100,0.2201863000,0.9754115000,0.0000000000,
28.8754,19221,True,1.0000000000,4.0411680000,-0.0327728600,0.0020549010,-0.0307751200,0.0821998600,0.2196218000,0.9721160000,True,1.0000000000,4.2320860000,0.0340229300,0.0021956330,-0.0331637600,-0.1019752000,0.2258164000,0.9688178000,-0.0003213349,0.0021232760,-0.0319355900,-0.0073090790,0.2235907000,0.9746557000,0.0000000000,
28.89999,19230,True,1.0000000000,4.0176850000,-0.0327637200,0.0020105440,-0.0307513900,0.0831151100,0.2192243000,0.9721279000,True,1.0000000000,4.2256320000,0.0340124800,0.0021863100,-0.0331600000,-0.1033493000,0.2263370000,0.9685507000,0.0017324220,0.0021013340,-0.0319956700,-0.0132600100,0.2238790000,0.9745268000,0.0000000000,
28.90865,19238,True,1.0000000000,3.9523930000,-0.0327703700,0.0019866640,-0.0307487500,0.0842907700,0.2225679000,0.9712665000,True,1.0000000000,4.2028350000,0.0340048900,0.0021831510,-0.0331642900,-0.1065982000,0.2311561000,0.9670593000,0.0018721160,0.0020886080,-0.0320019100,-0.0148011600,0.2280599000,0.9735346000,0.0000000000,
28.9197,19255,True,1.0000000000,4.0521390000,-0.0327795400,0.0019553380,-0.0307418400,0.0844429700,0.2260307000,0.9704533000,True,1.0000000000,4.1938320000,0.0340031600,0.0021808470,-0.0331580400,-0.1052252000,0.2272047000,0.9681455000,0.0019971470,0.0020727690,-0.0320000600,-0.0143892700,0.2276648000,0.9736332000,0.0000000000,
28.9197,19263,True,1.0000000000,4.0289460000,-0.0327773000,0.0019517520,-0.0307278100,0.0833903300,0.2211789000,0.9716614000,True,1.0000000000,4.2010040000,0.0340048900,0.0021831510,-0.0331517600,-0.1048586000,0.2275853000,0.9680958000,0.0019329680,0.0020720220,-0.0319876700,-0.0145112700,0.2255122000,0.9741322000,0.0000000000,
28.93105,19271,True,1.0000000000,3.9663090000,-0.0327697800,0.0019664310,-0.0307314500,0.0862278800,0.2237256000,0.9708304000,True,1.0000000000,4.3160710000,0.0340172300,0.0021950230,-0.0331339900,-0.1053176000,0.2233917000,0.9690224000,0.0017159580,0.0020844580,-0.0319720000,-0.0127259200,0.2245805000,0.9743724000,0.0000000000,
28.94201,19280,True,1.0000000000,4.0005040000,-0.0327636600,0.0019863130,-0.0307326500,0.0860754800,0.2251604000,0.9705121000,True,1.0000000000,4.2102200000,0.0340276500,0.0022079320,-0.0331232300,-0.1048597000,0.2186611000,0.9701504000,0.0015162810,0.0021000520,-0.0319596000,-0.0119629400,0.2228403000,0.9747815000,0.0000000000,
28.95312,19288,True,1.0000000000,4.0327300000,-0.0327709700,0.0020150300,-0.0307458800,0.0914008800,0.2216510000,0.9708330000,True,1.0000000000,4.2199710000,0.0340347600,0.0022169340,-0.0331316600,-0.1008157000,0.2232380000,0.9695365000,0.0011782070,0.0021176450,-0.0319582700,-0.0063019670,0.2234986000,0.9746839000,0.0000000000,
28.95312,19296,True,1.0000000000,3.9818880000,-0.0327718100,0.0020279690,-0.0307358700,0.0933544900,0.2146177000,0.9722264000,True,1.0000000000,4.2220150000,0.0340364100,0.0022155300,-0.0331265900,-0.1022341000,0.2210851000,0.9698812000,0.0001012421,0.0021202550,-0.0319122200,-0.0028992100,0.2188598000,0.9757520000,0.0000000000,
28.96592,19305,True,1.0000000000,4.0237270000,-0.0327723500,0.0020430910,-0.0307392000,0.0946824400,0.2152595000,0.9719561000,True,1.0000000000,4.2171780000,0.0340376800,0.0022141270,-0.0331215100,-0.1028141000,0.2188576000,0.9703250000,-0.0005949860,0.0021254730,-0.0318865800,-0.0004425119,0.2180516000,0.9759372000,0.0000000000,
28.97538,19313,True,1.0000000000,4.0112150000,-0.0327760900,0.0020555880,-0.0307367400,0.0913855500,0.2122971000,0.9729227000,True,1.0000000000,4.2207030000,0.0340362100,0.0022121740,-0.0331155400,-0.1027840000,0.2189196000,0.9703142000,-0.0011885380,0.0021296230,-0.0318613900,-0.0004119900,0.2164473000,0.9762942000,0.0000000000,
28.97538,19321,True,1.0000000000,4.0335540000,-0.0327826300,0.0020595860,-0.0307308200,0.1021438000,0.2107116000,0.9721971000,True,1.0000000000,4.2460630000,0.0340227400,0.0022028200,-0.0330836000,-0.1016544000,0.2177741000,0.9706908000,-0.0015493320,0.0021265570,-0.0318308100,0.0068970600,0.2151364000,0.9765596000,0.0000000000,
28.99719,19330,True,1.0000000000,4.0225830000,-0.0327954900,0.0020505830,-0.0306953000,0.0939487200,0.2099923000,0.9731787000,True,1.0000000000,4.2213290000,0.0339967000,0.0021974940,-0.0330629600,-0.0920118200,0.2149841000,0.9722734000,-0.0017670750,0.0021188200,-0.0317952000,0.0075989810,0.2132292000,0.9769726000,0.0000000000,
28.99719,19338,True,1.0000000000,4.0199130000,-0.0328506900,0.0020258940,-0.0307147800,0.0955052400,0.2165996000,0.9715778000,True,1.0000000000,4.2734380000,0.0339544400,0.0021818390,-0.0330461600,-0.0915378300,0.2155770000,0.9721869000,-0.0032500310,0.0020949860,-0.0317477900,0.0126801900,0.2170891000,0.9760695000,0.0000000000,
29.00862,19346,True,1.0000000000,4.0428310000,-0.0329120800,0.0020079190,-0.0306864500,0.1015179000,0.2124964000,0.9718741000,True,1.0000000000,4.2118230000,0.0338883400,0.0021785280,-0.0330323400,-0.0911869400,0.2156534000,0.9722030000,-0.0037629550,0.0020823670,-0.0317101000,0.0175018600,0.2148594000,0.9764881000,0.0000000000,
29.00862,19355,True,1.0000000000,3.9639130000,-0.0330078900,0.0019715270,-0.0306856700,0.1024643000,0.2158388000,0.9710380000,True,1.0000000000,4.2138820000,0.0337914200,0.0021666260,-0.0329864800,-0.0868845100,0.2086815000,0.9741166000,-0.0051916660,0.0020527650,-0.0316437700,0.0237124800,0.2137938000,0.9765910000,0.0000000000,
29.01975,19363,True,1.0000000000,3.9704590000,-0.0331196400,0.0019211430,-0.0306603400,0.1022807000,0.2035695000,0.9737033000,True,1.0000000000,4.1903990000,0.0336673400,0.0021864630,-0.0329955400,-0.0747535500,0.2091085000,0.9750311000,-0.0056249240,0.0020303650,-0.0316216900,0.0294954500,0.2066360000,0.9779732000,0.0000000000,
29.0428,19371,True,1.0000000000,3.9969020000,-0.0333400400,0.0018037570,-0.0305915200,0.1133134000,0.2137024000,0.9703048000,True,1.0000000000,4.1869510000,0.0334813600,0.0021938630,-0.0329981600,-0.0762486200,0.2055676000,0.9756681000,-0.0034028320,0.0019785310,-0.0316697400,0.0285035500,0.2109995000,0.9770705000,0.0000000000,
29.0428,19380,True,1.0000000000,3.9716640000,-0.0337124200,0.0017035830,-0.0307139800,0.0558931600,0.2174233000,0.9744757000,True,1.0000000000,4.1759490000,0.0331097300,0.0022420040,-0.0330729500,-0.1202248000,0.2064376000,0.9710456000,0.0022461550,0.0019933170,-0.0319834000,-0.0390171000,0.2123281000,0.9764192000,0.0000000000,
29.05336,19396,True,1.0000000000,4.0801850000,-0.0347121100,0.0015567170,-0.0309805800,-0.0981297500,0.2489941000,0.9635209000,True,1.0000000000,4.2900090000,0.0319989500,0.0023207250,-0.0333086700,-0.2636591000,0.2245352000,0.9381193000,0.0003334809,0.0019580840,-0.0322036000,-0.1857468000,0.2369863000,0.9535909000,0.0000000000,
29.06414,19405,True,1.0000000000,4.1043400000,-0.0351706300,0.0014937590,-0.0311403100,-0.1706247000,0.2595534000,0.9505363000,True,1.0000000000,4.1629940000,0.0314550800,0.0023786930,-0.0334638100,-0.3229407000,0.2223994000,0.9199172000,0.0019946590,0.0019873960,-0.0324364000,-0.2564099000,0.2395794000,0.9364057000,0.0000000000,
29.08634,19413,True,1.0000000000,4.1240230000,-0.0355603100,0.0014269410,-0.0312950900,-0.2368814000,0.2563672000,0.9371036000,True,1.0000000000,4.1907810000,0.0309830300,0.0024082800,-0.0336314600,-0.3747598000,0.2269921000,0.8989047000,-0.0081022950,0.0018318640,-0.0322591600,-0.2945437000,0.2448757000,0.9237315000,0.0000000000,
29.08634,19421,True,1.0000000000,4.3123630000,-0.0358792700,0.0013866880,-0.0314538900,-0.2995361000,0.2511190000,0.9204441000,True,1.0000000000,4.2538760000,0.0306123200,0.0024274140,-0.0338015100,-0.4394555000,0.2163708000,0.8718156000,-0.0114056300,0.0017697450,-0.0323179800,-0.3519950000,0.2389715000,0.9049819000,0.0000000000,
29.13049,19438,True,1.0000000000,4.3272710000,-0.0363105300,0.0013488620,-0.0317294200,-0.3798098000,0.2614921000,0.8873367000,True,1.0000000000,4.3520660000,0.0301222500,0.0024382940,-0.0341073300,-0.5186822000,0.2240166000,0.8250971000,-0.0142947700,0.0017099000,-0.0325174600,-0.4269934000,0.2497598000,0.8690780000,0.0000000000,
29.13049,19463,True,1.0000000000,4.2057800000,-0.0360178100,0.0013466190,-0.0316446400,-0.4055358000,0.2600117000,0.8763188000,True,1.0000000000,4.2372590000,0.0305225700,0.0022603150,-0.0339667700,-0.5353643000,0.2208139000,0.8152461000,-0.0152848700,0.0016313170,-0.0323681800,-0.4470465000,0.2483880000,0.8593327000,0.0000000000,
29.14198,19480,True,1.0000000000,4.2313080000,-0.0354435300,0.0013546600,-0.0313855600,-0.3561749000,0.2550537000,0.8989366000,True,1.0000000000,4.1343380000,0.0311269700,0.0020745700,-0.0337554200,-0.5051005000,0.2415333000,0.8285742000,-0.0150179000,0.0015755460,-0.0321126900,-0.4030486000,0.2516345000,0.8799044000,0.0000000000,
29.1531,19488,True,1.0000000000,4.0970000000,-0.0351570000,0.0013631140,-0.0312705900,-0.3378468000,0.2458357000,0.9085287000,True,1.0000000000,4.2334440000,0.0313981800,0.0019817660,-0.0336556600,-0.4838761000,0.2420525000,0.8409962000,-0.0144944300,0.0015551760,-0.0320110500,-0.3842495000,0.2453325000,0.8900361000,0.0000000000,
29.17061,19496,True,1.0000000000,4.1295780000,-0.0348846300,0.0014093480,-0.0311953900,-0.3180432000,0.2492862000,0.9147158000,True,1.0000000000,4.2326970000,0.0316924300,0.0019177250,-0.0335668500,-0.4729692000,0.2337685000,0.8495013000,-0.0136983300,0.0015711370,-0.0319500500,-0.3684886000,0.2451046000,0.8967385000,0.0000000000,
29.17569,19505,True,1.0000000000,4.1261900000,-0.0346051900,0.0014293060,-0.0311048300,-0.2995313000,0.2404795000,0.9232826000,True,1.0000000000,4.2112430000,0.0319717700,0.0018636930,-0.0334907000,-0.4681931000,0.2222937000,0.8552080000,-0.0100951400,0.0015892340,-0.0319831900,-0.3630419000,0.2346985000,0.9017301000,0.0000000000,
29.18652,19530,True,1.0000000000,4.0375820000,-0.0339290800,0.0015723570,-0.0309588000,-0.2461257000,0.2356276000,0.9401605000,True,1.0000000000,4.2717440000,0.0326726500,0.0017473450,-0.0333532400,-0.4281511000,0.2290980000,0.8741857000,-0.0067884680,0.0016436770,-0.0319345600,-0.3217646000,0.2340259000,0.9174418000,0.0000000000,
29.19727,19538,True,1.0000000000,4.0724330000,-0.0337500300,0.0016250310,-0.0309285100,-0.2359803000,0.2357362000,0.9427310000,True,1.0000000000,4.2993010000,0.0328424100,0.0017360080,-0.0333260500,-0.4164317000,0.2312492000,0.8792658000,0.0056054690,0.0016906130,-0.0323454400,-0.3441526000,0.2341196000,0.9092563000,0.0000000000,
29.19727,19546,True,1.0000000000,4.0380710000,-0.0336041000,0.0016701050,-0.0308996900,-0.2158998000,0.2359502000,0.9474781000,True,1.0000000000,4.2670140000,0.0329926900,0.0017311250,-0.0332957800,-0.3974487000,0.2309588000,0.8880836000,0.0071601110,0.0017074590,-0.0323663500,-0.3284509000,0.2339059000,0.9151000000,0.0000000000,
29.20865,19555,True,1.0000000000,4.0756680000,-0.0334749300,0.0017155000,-0.0308781500,-0.1905074000,0.2370776000,0.9526286000,True,1.0000000000,4.2440340000,0.0331299200,0.0017183230,-0.0332815900,-0.3943051000,0.2337510000,0.8887542000,0.0068048410,0.0017172090,-0.0323316500,-0.3154951000,0.2363619000,0.9190190000,0.0000000000,
29.21948,19563,True,1.0000000000,4.0718990000,-0.0333923800,0.0017379000,-0.0308570600,-0.1742567000,0.2325762000,0.9568401000,True,1.0000000000,4.2185360000,0.0332458400,0.0016954500,-0.0332667100,-0.3801012000,0.2422211000,0.8926657000,0.0088057860,0.0017110290,-0.0323829500,-0.3062637000,0.2399785000,0.9212019000,0.0000000000,
29.21948,19571,True,1.0000000000,4.0675200000,-0.0332916300,0.0017465210,-0.0308428500,-0.1772020000,0.2242910000,0.9582761000,True,1.0000000000,4.2000730000,0.0333214900,0.0016812130,-0.0332565800,-0.3707649000,0.2415664000,0.8967603000,0.0060946660,0.0017079010,-0.0322700200,-0.2931241000,0.2356895000,0.9265682000,0.0000000000,
29.23079,19580,True,1.0000000000,4.0371860000,-0.0332325900,0.0017610320,-0.0308210800,-0.1624918000,0.2168287000,0.9625911000,True,1.0000000000,4.2297060000,0.0334024100,0.0016755680,-0.0332468900,-0.3662907000,0.2402519000,0.8989495000,0.0053721930,0.0017115170,-0.0322264700,-0.2821544000,0.2317080000,0.9309674000,0.0000000000,
29.24199,19588,True,1.0000000000,4.0305330000,-0.0331730100,0.0017753750,-0.0308028900,-0.1512478000,0.2098731000,0.9659593000,True,1.0000000000,4.2810520000,0.0334511900,0.0016672820,-0.0332318400,-0.3570123000,0.2414110000,0.9023652000,0.0053059090,0.0017129520,-0.0322057300,-0.2716715000,0.2294193000,0.9346451000,0.0000000000,
29.2641,19596,True,1.0000000000,3.9535060000,-0.0331366900,0.0017698980,-0.0308015800,-0.1481338000,0.2105123000,0.9663028000,True,1.0000000000,4.1749730000,0.0334808400,0.0016699830,-0.0332304900,-0.3451587000,0.2438084000,0.9063239000,0.0046225130,0.0017132720,-0.0321783000,-0.2612042000,0.2306098000,0.9373321000,0.0000000000,
29.2641,19605,True,1.0000000000,3.9262700000,-0.0331230900,0.0017592470,-0.0307958400,-0.1440750000,0.2072013000,0.9676311000,True,1.0000000000,4.2047120000,0.0335029500,0.0016793670,-0.0332186400,-0.3389160000,0.2360861000,0.9107137000,0.0037172090,0.0017150880,-0.0321355000,-0.2531300000,0.2243364000,0.9410624000,0.0000000000,
29.27541,19613,True,1.0000000000,4.0279240000,-0.0331221000,0.0017473450,-0.0307946600,-0.1305557000,0.2113367000,0.9686548000,True,1.0000000000,4.2070010000,0.0335119600,0.0016849370,-0.0332041800,-0.3316533000,0.2256799000,0.9160102000,0.0029077460,0.0017135930,-0.0320975200,-0.2405901000,0.2202802000,0.9453005000,0.0000000000,
29.29658,19621,True,1.0000000000,3.9553380000,-0.0331377700,0.0017195130,-0.0307888800,-0.1284499000,0.2022117000,0.9708816000,True,1.0000000000,4.1583710000,0.0335098600,0.0016898040,-0.0332028000,-0.3267230000,0.2280439000,0.9171957000,0.0020276030,0.0017038420,-0.0320625500,-0.2343170000,0.2170133000,0.9476290000,0.0000000000,
29.30938,19630,True,1.0000000000,3.9797970000,-0.0331675600,0.0017019200,-0.0307985700,-0.1216748000,0.2170584000,0.9685458000,True,1.0000000000,4.1810610000,0.0334974100,0.0017118070,-0.0331971600,-0.3253811000,0.2252063000,0.9183732000,-0.0011220860,0.0017066800,-0.0319515500,-0.2208115000,0.2222001000,0.9496680000,0.0000000000,
29.31989,19663,True,1.0000000000,4.0527800000,-0.0333114900,0.0016783600,-0.0308049800,-0.1179360000,0.2152420000,0.9694132000,True,1.0000000000,4.1591640000,0.0334060700,0.0017792050,-0.0332018300,-0.3179953000,0.2273422000,0.9204317000,-0.0010177770,0.0017271730,-0.0319651400,-0.2159291000,0.2222921000,0.9507685000,0.0000000000,
29.33132,19671,True,1.0000000000,3.9840240000,-0.0333452500,0.0016843570,-0.0308005700,-0.1100633000,0.2111542000,0.9712363000,True,1.0000000000,4.2692110000,0.0333721000,0.0017824250,-0.0332031700,-0.3157223000,0.2266712000,0.9213792000,-0.0013834690,0.0017313390,-0.0319515500,-0.2097637000,0.2198346000,0.9527182000,0.0000000000,
29.3422,19680,True,1.0000000000,3.9558260000,-0.0333837900,0.0016916660,-0.0308118100,-0.1062181000,0.2179904000,0.9701535000,True,1.0000000000,4.1432190000,0.0333469900,0.0017852330,-0.0331953600,-0.3068275000,0.2198666000,0.9260214000,-0.0016083220,0.0017362210,-0.0319467900,-0.2028216000,0.2200489000,0.9541708000,0.0000000000,
29.3422,19688,True,1.0000000000,3.9610290000,-0.0334090400,0.0016972200,-0.0308098800,-0.0977189600,0.2157630000,0.9715438000,True,1.0000000000,4.0928340000,0.0333281400,0.0017881320,-0.0332077000,-0.3068868000,0.2293564000,0.9236969000,-0.0009827424,0.0017413940,-0.0319749300,-0.2005169000,0.2236646000,0.9538171000,0.0000000000,
29.35308,19696,True,1.0000000000,3.9082950000,-0.0334278000,0.0016999820,-0.0308189400,-0.1039738000,0.2174233000,0.9705238000,True,1.0000000000,4.1491390000,0.0333140600,0.0017793280,-0.0331953800,-0.3050571000,0.2196985000,0.9266459000,0.0007776032,0.0017406460,-0.0320368700,-0.2081475000,0.2197595000,0.9530899000,0.0000000000,
29.36437,19705,True,1.0000000000,4.0612180000,-0.0334450100,0.0016958770,-0.0308252400,-0.1029058000,0.2229625000,0.9693803000,True,1.0000000000,4.2161710000,0.0332995800,0.0017706450,-0.0331975100,-0.3058039000,0.2212390000,0.9260331000,0.0009523926,0.0017344060,-0.0320478100,-0.2085898000,0.2232842000,0.9521736000,0.0000000000,
29.36437,19713,True,1.0000000000,3.9884490000,-0.0334588300,0.0016892550,-0.0308263100,-0.1035315000,0.2212690000,0.9697016000,True,1.0000000000,4.1509550000,0.0332905400,0.0017585760,-0.0331930100,-0.3055282000,0.2161418000,0.9273269000,0.0010169980,0.0017250670,-0.0320487100,-0.2089706000,0.2197892000,0.9529029000,0.0000000000,
29.37523,19721,True,1.0000000000,3.9735410000,-0.0334624400,0.0016873630,-0.0308282000,-0.1069037000,0.2225355000,0.9690457000,True,1.0000000000,4.1590120000,0.0332883600,0.0017523040,-0.0331936500,-0.3052261000,0.2167238000,0.9272906000,0.0010771480,0.0017209630,-0.0320521900,-0.2106041000,0.2206598000,0.9523419000,0.0000000000,
29.39768,19730,True,1.0000000000,3.9919740000,-0.0334660500,0.0016854710,-0.0308301100,-0.1101693000,0.2241839000,0.9682997000,True,1.0000000000,4.1670530000,0.0332881800,0.0017460330,-0.0331942900,-0.3050863000,0.2174087000,0.9271762000,0.0010369720,0.0017167660,-0.0320520800,-0.2119769000,0.2217884000,0.9517750000,0.0000000000,
29.41493,19738,True,1.0000000000,3.9741360000,-0.0334656200,0.0016834260,-0.0308316400,-0.1063541000,0.2238015000,0.9688146000,True,1.0000000000,4.1643520000,0.0332893500,0.0017407380,-0.0331949200,-0.3049061000,0.2184026000,0.9270019000,0.0008811951,0.0017129210,-0.0320475900,-0.2095956000,0.2221689000,0.9522136000,0.0000000000,
29.42023,19755,True,1.0000000000,3.9470370000,-0.0334472200,0.0016843870,-0.0308233600,-0.0912184000,0.2224307000,0.9706718000,True,1.0000000000,4.1095730000,0.0333136900,0.0017244570,-0.0331924100,-0.3003437000,0.2212713000,0.9278107000,0.0007129670,0.0017048950,-0.0320355600,-0.1993583000,0.2231165000,0.9541883000,0.0000000000,
29.43136,19771,True,1.0000000000,4.0509030000,-0.0334209900,0.0017215580,-0.0308310300,-0.1060793000,0.2261052000,0.9683096000,True,1.0000000000,4.2209320000,0.0333528600,0.0017508700,-0.0331987500,-0.3044483000,0.2280158000,0.9248351000,0.0004759827,0.0017364350,-0.0320329700,-0.2078433000,0.2282598000,0.9511564000,0.0000000000,
29.44257,19780,True,1.0000000000,4.0932010000,-0.0334074900,0.0017505650,-0.0308326700,-0.1061417000,0.2281069000,0.9678332000,True,1.0000000000,4.1878360000,0.0333756400,0.0017618710,-0.0331859100,-0.2976256000,0.2225974000,0.9283692000,-0.0002844238,0.0017561800,-0.0319998300,-0.2020741000,0.2264578000,0.9528289000,0.0000000000,
29.45271,19788,True,1.0000000000,4.1426090000,-0.0333891000,0.0017794950,-0.0308213100,-0.1048129000,0.2198035000,0.9698973000,True,1.0000000000,4.1081240000,0.0333946200,0.0017752690,-0.0331899600,-0.2997765000,0.2258013000,0.9269023000,-0.0003470307,0.0017774050,-0.0319932300,-0.2022869000,0.2238934000,0.9533896000,0.0000000000,
29.45271,19796,True,1.0000000000,4.0745540000,-0.0333764800,0.0018111270,-0.0308151300,-0.0923932000,0.2188597000,0.9713722000,True,1.0000000000,4.2154390000,0.0334081900,0.0017821960,-0.0331883700,-0.2992450000,0.2273444000,0.9266968000,-0.0002818909,0.0017967840,-0.0319911700,-0.1960014000,0.2243221000,0.9546010000,0.0000000000,
29.46394,19805,True,1.0000000000,4.0272830000,-0.0333624700,0.0018446050,-0.0308270600,-0.1033023000,0.2228552000,0.9693628000,True,1.0000000000,4.2055360000,0.0334124600,0.0017873080,-0.0331923200,-0.3024154000,0.2299511000,0.9250229000,0.0002721253,0.0018157500,-0.0320184500,-0.2046668000,0.2276161000,0.9519991000,0.0000000000,
29.47507,19813,True,1.0000000000,4.0337680000,-0.0333572100,0.0018678280,-0.0308290400,-0.1037154000,0.2239410000,0.9690684000,True,1.0000000000,4.1641390000,0.0334125500,0.0017905120,-0.0331919000,-0.2989851000,0.2315708000,0.9257337000,0.0002897186,0.0018288730,-0.0320197500,-0.2031280000,0.2289462000,0.9520098000,0.0000000000,
29.48621,19821,True,1.0000000000,4.0308690000,-0.0333715200,0.0018869940,-0.0308452800,-0.1009226000,0.2362999000,0.9664248000,True,1.0000000000,4.2154540000,0.0334049500,0.0018030850,-0.0331979100,-0.3003280000,0.2348668000,0.9244677000,0.0006088105,0.0018442990,-0.0320424500,-0.2034466000,0.2368026000,0.9500179000,0.0000000000,
29.48621,19830,True,1.0000000000,4.0428010000,-0.0333982700,0.0018939520,-0.0308365200,-0.1066912000,0.2232551000,0.9689035000,True,1.0000000000,4.1742100000,0.0333872400,0.0018186190,-0.0332049300,-0.3000045000,0.2377026000,0.9238479000,0.0008865815,0.0018552860,-0.0320523700,-0.2069561000,0.2318128000,0.9504904000,0.0000000000,
29.49751,19838,True,1.0000000000,4.0774840000,-0.0334258500,0.0019017490,-0.0308359200,-0.0950020600,0.2236653000,0.9700250000,True,1.0000000000,4.1891170000,0.0333549700,0.0018346250,-0.0331982900,-0.2968784000,0.2297695000,0.9268599000,0.0010225980,0.0018671270,-0.0320545400,-0.2002130000,0.2280301000,0.9528468000,0.0000000000,
29.50843,19846,True,1.0000000000,3.9873200000,-0.0334484300,0.0019044190,-0.0308524900,-0.1046153000,0.2292808000,0.9677221000,True,1.0000000000,4.1580960000,0.0333295800,0.0018504490,-0.0331984600,-0.2978994000,0.2265335000,0.9273287000,0.0010459900,0.0018765410,-0.0320643000,-0.2054616000,0.2289757000,0.9515018000,0.0000000000,
29.51948,19855,True,1.0000000000,4.1235500000,-0.0334695500,0.0019000240,-0.0308534900,-0.1035469000,0.2293260000,0.9678262000,True,1.0000000000,4.1040650000,0.0333035000,0.0018613890,-0.0332001000,-0.2932449000,0.2271740000,0.9286546000,0.0008355713,0.0018801730,-0.0320590800,-0.2019526000,0.2292967000,0.9521755000,0.0000000000,
29.53093,19863,True,1.0000000000,4.1850280000,-0.0334932300,0.0018881840,-0.0308582600,-0.1120767000,0.2297534000,0.9667741000,True,1.0000000000,4.2370000000,0.0332793300,0.0018613590,-0.0332025500,-0.2966181000,0.2278920000,0.9274066000,0.0011868290,0.0018742520,-0.0320758200,-0.2088480000,0.2297984000,0.9505657000,0.0000000000,
29.54373,19880,True,1.0000000000,4.1322330000,-0.0335256200,0.0018482210,-0.0308631500,-0.1101230000,0.2354591000,0.9656251000,True,1.0000000000,4.2118990000,0.0332629600,0.0018431860,-0.0332129200,-0.3073013000,0.2300602000,0.9233841000,0.0012803500,0.0018455960,-0.0320876900,-0.2139627000,0.2338300000,0.9484427000,0.0000000000,
29.55289,19888,True,1.0000000000,4.1040190000,-0.0335307000,0.0018224340,-0.0308548300,-0.1002662000,0.2333239000,0.9672160000,True,1.0000000000,4.2396850000,0.0332643100,0.0018207860,-0.0331979500,-0.2987237000,0.2229785000,0.9279249000,0.0010100860,0.0018215790,-0.0320665000,-0.2039353000,0.2291431000,0.9517899000,0.0000000000,
29.55289,19896,True,1.0000000000,4.1483150000,-0.0335319500,0.0018086400,-0.0308581400,-0.1003272000,0.2368789000,0.9663451000,True,1.0000000000,4.2547760000,0.0332692000,0.0018072360,-0.0332037800,-0.2988801000,0.2285509000,0.9265177000,0.0008149567,0.0018079220,-0.0320642000,-0.2034636000,0.2337985000,0.9507580000,0.0000000000,
29.57548,19905,True,1.0000000000,4.1305690000,-0.0335319200,0.0017912600,-0.0308615600,-0.1058055000,0.2371545000,0.9656929000,True,1.0000000000,4.2243350000,0.0332766900,0.0017975920,-0.0332068100,-0.3028899000,0.2297386000,0.9249205000,0.0005132142,0.0017944790,-0.0320566700,-0.2072919000,0.2345595000,0.9497431000,0.0000000000,
29.57548,19921,True,1.0000000000,4.1353000000,-0.0335298200,0.0017738800,-0.0308550000,-0.0945745200,0.2360701000,0.9671229000,True,1.0000000000,4.1953280000,0.0332895800,0.0017955020,-0.0332073400,-0.2964037000,0.2338728000,0.9259851000,0.0003964996,0.0017848510,-0.0320493700,-0.1981078000,0.2362096000,0.9512930000,0.0000000000,
29.58681,19930,True,1.0000000000,4.0871430000,-0.0335304000,0.0017731630,-0.0308547500,-0.0921332300,0.2358415000,0.9674142000,True,1.0000000000,4.1755070000,0.0332894900,0.0018011320,-0.0332065200,-0.2949078000,0.2331705000,0.9266396000,0.0005193176,0.0017874150,-0.0320531500,-0.1965209000,0.2357519000,0.9517356000,0.0000000000,
29.59736,19938,True,1.0000000000,4.0713040000,-0.0335309800,0.0017724610,-0.0308550000,-0.0944680400,0.2362235000,0.9670958000,True,1.0000000000,4.1870570000,0.0332884500,0.0018060000,-0.0332068900,-0.2954912000,0.2349281000,0.9260096000,0.0002677460,0.0017894140,-0.0320446500,-0.1971909000,0.2368183000,0.9513321000,0.0000000000,
29.59736,19946,True,1.0000000000,4.0907140000,-0.0335336600,0.0017731630,-0.0308547500,-0.0915996400,0.2359038000,0.9674497000,True,1.0000000000,4.1886900000,0.0332874200,0.0018108670,-0.0332066000,-0.2944662000,0.2364824000,0.9259405000,0.0000896607,0.0017921300,-0.0320381600,-0.1947187000,0.2374588000,0.9516817000,0.0000000000,
29.61942,19955,True,1.0000000000,4.0708770000,-0.0335363500,0.0017738800,-0.0308550000,-0.0930343000,0.2357672000,0.9673461000,True,1.0000000000,4.1836550000,0.0332845800,0.0018161620,-0.0332067100,-0.2936589000,0.2371092000,0.9260365000,-0.0001509247,0.0017949980,-0.0320299700,-0.1942914000,0.2376876000,0.9517118000,0.0000000000,
29.61942,19971,True,1.0000000000,4.0603330000,-0.0335336600,0.0017731630,-0.0308547500,-0.0955356000,0.2413186000,0.9657320000,True,1.0000000000,4.1792140000,0.0332874200,0.0018214570,-0.0332068100,-0.2942364000,0.2377329000,0.9256933000,-0.0004472809,0.0017970730,-0.0320193700,-0.1949186000,0.2407871000,0.9508040000,0.0000000000,
29.64164,19980,True,1.0000000000,4.0603790000,-0.0335297100,0.0017594300,-0.0308606400,-0.1023420000,0.2516207000,0.9623997000,True,1.0000000000,4.0799100000,0.0332988600,0.0018154910,-0.0332112100,-0.2851760000,0.2415047000,0.9275506000,-0.0004977875,0.0017871400,-0.0320224800,-0.1935598000,0.2476985000,0.9493051000,0.0000000000,
29.66417,19988,True,1.0000000000,3.9389040000,-0.0335510300,0.0017065740,-0.0308697700,-0.0964979000,0.2452579000,0.9646433000,True,1.0000000000,4.1057740000,0.0332955200,0.0017718200,-0.0332169300,-0.2899192000,0.2451648000,0.9251168000,0.0000668793,0.0017393950,-0.0320501900,-0.1947204000,0.2464179000,0.9494010000,0.0000000000,
29.66417,20021,True,1.0000000000,3.9253690000,-0.0335990500,0.0010458220,-0.0308037300,-0.1352100000,0.1416798000,0.9806350000,True,1.0000000000,3.9387970000,0.0329927200,0.0012378690,-0.0331635800,-0.3132350000,0.1383983000,0.9395370000,0.0004749146,0.0011440890,-0.0320112300,-0.2272521000,0.1405811000,0.9636356000,0.0000000000,
29.70836,20038,True,1.0000000000,3.9359280000,-0.0334614300,0.0006178131,-0.0306992200,-0.1697871000,0.0623788600,0.9835046000,True,1.0000000000,4.0079800000,0.0328114800,0.0009620819,-0.0331341000,-0.3105334000,0.0383455600,0.9497887000,0.0033601840,0.0008090973,-0.0320520500,-0.2486601000,0.0491643900,0.9673423000,0.0000000000,
29.7199,20055,True,1.0000000000,3.7732540000,-0.0334234000,0.0001532440,-0.0306317800,-0.1329355000,-0.0601963300,0.9892950000,True,1.0000000000,4.0027010000,0.0326295900,0.0006804200,-0.0331442100,-0.3096035000,-0.0539555400,0.9493337000,0.0105424700,0.0005041352,-0.0323040900,-0.2514539000,-0.0562448600,0.9662336000,0.0000000000,
29.75286,20071,True,0.9855094000,3.7925420000,-0.0334375800,-0.0001007080,-0.0307119500,-0.1387504000,-0.1126269000,0.9839022000,True,0.9855094000,3.7942500000,0.0325424200,0.0005714722,-0.0331335500,-0.3006457000,-0.1257484000,0.9454097000,0.0111050400,0.0003530731,-0.0323467400,-0.2487980000,-0.1218584000,0.9608591000,0.0000000000,
29.76387,20080,True,0.8482382000,3.8373570000,-0.0334365100,-0.0001229096,-0.0307214100,-0.1438163000,-0.1240711000,0.9817959000,True,0.8482382000,3.8382870000,0.0325437500,0.0005734253,-0.0331272000,-0.2979028000,-0.1389491000,0.9444295000,0.0121586200,0.0003582916,-0.0323839100,-0.2509803000,-0.1347218000,0.9585713000,0.0000000000,
29.76387,20105,True,0.7906086000,3.7713010000,-0.0334296600,0.0003059692,-0.0306774600,-0.1381848000,-0.0756689900,0.9875116000,True,0.7906086000,3.8291630000,0.0327551000,0.0009082947,-0.0331102800,-0.2982344000,-0.0897831200,0.9502606000,0.0149062800,0.0007458496,-0.0324542000,-0.2557563000,-0.0862134100,0.9628894000,0.0000000000,
29.7751,20113,True,0.7906086000,3.7830960000,-0.0334474000,0.0005394440,-0.0308438100,-0.1097120000,-0.0428776900,0.9930382000,True,0.7906086000,3.8215790000,0.0328388500,0.0010407260,-0.0331369900,-0.2901621000,-0.0653230800,0.9547455000,0.0152553700,0.0009077606,-0.0325286900,-0.2431208000,-0.0595709400,0.9681650000,0.0000000000,
29.83077,20130,True,0.8921052000,3.6776120000,-0.0333781900,0.0013546140,-0.0315449200,-0.0905917700,-0.0215454900,0.9956551000,True,0.8921052000,3.7909240000,0.0330154900,0.0014182740,-0.0332949800,-0.2822162000,-0.0354467800,0.9586958000,0.0300431700,0.0014154210,-0.0332166300,-0.2738689000,-0.0348516100,0.9611353000,0.0000000000,
29.83077,20163,True,0.8921052000,3.7333220000,-0.0331397400,0.0022349550,-0.0306809200,-0.0921338700,0.0327610800,0.9952075000,True,0.8921052000,3.8931730000,0.0333671800,0.0019466250,-0.0330532100,-0.2843636000,0.0367890400,0.9580104000,0.0308812700,0.0019573970,-0.0329645400,-0.2773627000,0.0366673600,0.9600653000,0.0000000000,
29.84173,20179,True,1.0000000000,3.7423250000,-0.0330736300,0.0025157930,-0.0306934800,-0.0808870400,0.0654756300,0.9945704000,True,1.0000000000,3.7504880000,0.0334991900,0.0019372410,-0.0329105100,-0.2655212000,0.0788888300,0.9608721000,0.0299602500,0.0019680020,-0.0327926700,-0.2559371000,0.0782474900,0.9635215000,0.0000000000,
29.84173,20196,True,1.0000000000,3.8678440000,-0.0330088400,0.0025807340,-0.0307010400,-0.0773631300,0.0771037300,0.9940171000,True,1.0000000000,3.7971500000,0.0334993900,0.0021434480,-0.0336472400,-0.2417631000,0.0861521400,0.9665031000,0.0254002100,0.0021966860,-0.0332884500,-0.2220772000,0.0851748700,0.9713017000,0.0000000000,
29.86465,20204,True,1.0000000000,3.7876130000,-0.0329890100,0.0024597020,-0.0306959400,-0.0764469300,0.0528567200,0.9956717000,True,1.0000000000,3.9211120000,0.0335175700,0.0019278870,-0.0332603000,-0.2650798000,0.0587930200,0.9624324000,0.0278478400,0.0019732210,-0.0330416900,-0.2493464000,0.0583654500,0.9666539000,0.0000000000,
29.87536,20213,True,1.0000000000,3.7180630000,-0.0329172500,0.0023869020,-0.0308501300,-0.0970462300,-0.0116119800,0.9952121000,True,1.0000000000,3.7984620000,0.0334795400,0.0015427090,-0.0324820900,-0.2836638000,0.0083313850,0.9588876000,0.0289617200,0.0016001590,-0.0323710500,-0.2712745000,0.0069733630,0.9624767000,0.0000000000,
29.89752,20221,True,1.0000000000,4.0108180000,-0.0324088700,0.0004379578,-0.0246162900,-0.2023948000,0.0053558940,0.9792894000,True,1.0000000000,3.8798680000,0.0332302900,0.0023209380,-0.0355101800,-0.2477750000,-0.0517736400,0.9674332000,0.0332302900,0.0023209380,-0.0355101800,-0.2477750000,-0.0517736400,0.9674332000,0.0000000000,
29.89752,20238,True,1.0000000000,3.7585600000,-0.0327593200,0.0020933690,-0.0314336900,-0.0745547000,-0.0778353600,0.9941747000,True,1.0000000000,3.8292390000,0.0332256800,0.0022311560,-0.0355595600,-0.2385132000,-0.0817271200,0.9676942000,0.0332246600,0.0022311560,-0.0355594900,-0.2384988000,-0.0817274200,0.9676977000,0.0000000000,
29.90864,20254,True,1.0000000000,3.7334140000,-0.0329334900,0.0021528470,-0.0321061300,-0.0449219500,-0.0415802700,0.9981248000,True,1.0000000000,3.9144130000,0.0334584200,0.0014375920,-0.0326993600,-0.2531597000,-0.0416719400,0.9665266000,0.0334575200,0.0014376070,-0.0326993600,-0.2531597000,-0.0416719400,0.9665266000,0.0000000000,
29.91964,20263,True,0.9590614000,3.6631010000,-0.0329499500,0.0020929260,-0.0319635500,-0.0436405900,-0.0423588400,0.9981489000,True,0.9590614000,3.8618320000,0.0334675200,0.0014498140,-0.0327055500,-0.2492705000,-0.0415807000,0.9675409000,0.0334665100,0.0014498140,-0.0327055400,-0.2492705000,-0.0415807000,0.9675409000,0.0000000000,
29.91964,20271,True,0.9746825000,3.7257840000,-0.0329483500,0.0020541080,-0.0318590700,-0.0447998600,-0.0370789100,0.9983076000,True,0.9746825000,3.9407500000,0.0335134600,0.0014076840,-0.0324785600,-0.2539068000,-0.0312805900,0.9667227000,0.0335094600,0.0014077300,-0.0324785200,-0.2538925000,-0.0312807100,0.9667265000,0.0000000000,
29.91964,20279,True,0.9746825000,3.7170100000,-0.0329298900,0.0020724790,-0.0319329200,-0.0458228700,-0.0221713700,0.9987035000,True,0.9746825000,3.8055420000,0.0335422400,0.0015426330,-0.0328579700,-0.2543808000,-0.0118561500,0.9670315000,0.0335396300,0.0015426480,-0.0328579400,-0.2543808000,-0.0118561500,0.9670315000,0.0000000000,
29.94351,20304,True,1.0000000000,3.8653870000,-0.0327872900,0.0016274110,-0.0301152400,-0.0587769900,-0.0088043420,0.9982323000,True,1.0000000000,3.7259980000,0.0336633300,0.0016100920,-0.0328808200,-0.2289594000,0.0072327040,0.9734091000,0.0312628500,0.0016107180,-0.0327809200,-0.2229317000,0.0066528570,0.9748113000,0.0000000000,
29.95275,20313,True,1.0000000000,3.7986450000,-0.0327650900,0.0017016140,-0.0301545000,-0.0527656600,-0.0047760710,0.9985955000,True,1.0000000000,3.7811280000,0.0336903100,0.0017136230,-0.0331496700,-0.2256499000,0.0092774640,0.9741642000,0.0330061400,0.0017135010,-0.0331188400,-0.2239084000,0.0091247920,0.9745675000,0.0000000000,
29.9647,20321,True,1.0000000000,3.8778690000,-0.0327299300,0.0016654510,-0.0299224900,-0.0523079300,0.0215762600,0.9983979000,True,1.0000000000,3.8138430000,0.0337566200,0.0016189270,-0.0328144200,-0.2319809000,0.0130921300,0.9726322000,-0.0320298500,0.0016649630,-0.0299529300,-0.0541996500,0.0214845500,0.9982990000,0.0000000000,
29.97514,20329,True,1.0000000000,3.8930360000,-0.0327232500,0.0014712980,-0.0291940300,-0.0373845300,0.0346226500,0.9987010000,True,1.0000000000,3.7643890000,0.0337513900,0.0018527380,-0.0334302900,-0.2168310000,0.0179293700,0.9760445000,0.0337510700,0.0018527380,-0.0334302700,-0.2168310000,0.0179293700,0.9760445000,0.0000000000,
29.97514,20338,True,1.0000000000,3.8884430000,-0.0327092700,0.0014905240,-0.0291394400,-0.0391392400,0.0409550600,0.9983941000,True,1.0000000000,3.9101560000,0.0338373700,0.0016084140,-0.0326780100,-0.2255275000,0.0277255300,0.9738422000,0.0338373400,0.0016084140,-0.0326780100,-0.2255275000,0.0277255300,0.9738422000,0.0000000000,
29.98625,20346,True,1.0000000000,3.9248200000,-0.0326917000,0.0015463710,-0.0292754800,-0.0364075600,0.0466462400,0.9982478000,True,1.0000000000,3.9184880000,0.0338595900,0.0016548310,-0.0328086200,-0.2207039000,0.0242310400,0.9750398000,0.0338595000,0.0016548310,-0.0328086100,-0.2207039000,0.0242310400,0.9750398000,0.0000000000,
29.99753,20354,True,1.0000000000,3.9897770000,-0.0326574000,0.0016237790,-0.0295114600,-0.0320439000,0.0463415800,0.9984116000,True,1.0000000000,3.9263000000,0.0338792400,0.0017389530,-0.0330926500,-0.2161264000,0.0298005400,0.9759105000,0.0338748700,0.0017389370,-0.0330924200,-0.2161119000,0.0298006400,0.9759137000,0.0000000000,
30.00907,20363,True,1.0000000000,3.9530790000,-0.0326412500,0.0016758880,-0.0296755500,-0.0340881900,0.0483857000,0.9982468000,True,1.0000000000,3.9503170000,0.0339099100,0.0017316440,-0.0331069000,-0.2155784000,0.0383457300,0.9757333000,0.0325861400,0.0017305300,-0.0330386500,-0.2120392000,0.0385595100,0.9765002000,0.0000000000,
30.01962,20371,True,1.0000000000,3.9905850000,-0.0326390100,0.0017258910,-0.0298551000,-0.0298462900,0.0513765100,0.9982333000,True,1.0000000000,3.9076540000,0.0339399000,0.0016658330,-0.0328993200,-0.2156229000,0.0423128000,0.9755595000,0.0339348000,0.0016658330,-0.0328991000,-0.2156229000,0.0423128000,0.9755595000,0.0000000000,
30.01962,20379,True,1.0000000000,3.9557500000,-0.0326400900,0.0017586520,-0.0300182200,-0.0284427500,0.0598762700,0.9978005000,True,1.0000000000,3.9281010000,0.0339470400,0.0016899260,-0.0329624600,-0.2157147000,0.0519717100,0.9750724000,0.0335057400,0.0016903840,-0.0329429500,-0.2145101000,0.0520177000,0.9753356000,0.0000000000,
30.04236,20388,True,1.0000000000,3.9515690000,-0.0326414000,0.0017507020,-0.0300386500,-0.0228729600,0.0666504800,0.9975142000,True,1.0000000000,3.8944700000,0.0339626600,0.0017069700,-0.0329784900,-0.2090477000,0.0632788900,0.9758560000,0.0335220400,0.0017072600,-0.0329590500,-0.2078414000,0.0633091600,0.9761116000,0.0000000000,
30.05342,20396,True,1.0000000000,3.8930820000,-0.0326434500,0.0017536770,-0.0300440800,-0.0178834900,0.0662085900,0.9976456000,True,1.0000000000,3.9095310000,0.0339714700,0.0017158510,-0.0329118400,-0.2061802000,0.0631876900,0.9764718000,0.0336016300,0.0017160650,-0.0328959100,-0.2051577000,0.0632181800,0.9766851000,0.0000000000,
30.05342,20404,True,1.0000000000,3.9983060000,-0.0326459700,0.0017629400,-0.0299865300,-0.0181274900,0.0691835400,0.9974393000,True,1.0000000000,3.9100340000,0.0339724900,0.0017357790,-0.0328477300,-0.1999834000,0.0681616100,0.9774255000,0.0336832700,0.0017359010,-0.0328353100,-0.1992065000,0.0681620200,0.9775841000,0.0000000000,
30.06618,20413,True,1.0000000000,3.9264070000,-0.0326554400,0.0017996980,-0.0299595500,-0.0206301500,0.0740976500,0.9970375000,True,1.0000000000,3.9678650000,0.0339711800,0.0017677000,-0.0328180400,-0.2043022000,0.0650947200,0.9767412000,0.0337388900,0.0017678070,-0.0328080800,-0.2036748000,0.0651246800,0.9768702000,0.0000000000,
30.08615,20421,True,1.0000000000,3.9822850000,-0.0326701500,0.0018441010,-0.0299948000,-0.0230102700,0.0769959000,0.9967659000,True,1.0000000000,3.9675750000,0.0339717100,0.0015998230,-0.0322520200,-0.2039514000,0.0980694200,0.9740566000,0.0253349500,0.0016314850,-0.0319594900,-0.1808490000,0.0955209900,0.9788612000,0.0000000000,
30.08615,20429,True,1.0000000000,4.0089110000,-0.0326831200,0.0018942110,-0.0300447900,-0.0243379900,0.0889748000,0.9957365000,True,1.0000000000,3.9955900000,0.0339697600,0.0016361700,-0.0322258300,-0.2051416000,0.0933543700,0.9742699000,-0.0289271300,0.0018796690,-0.0301677000,-0.0345463800,0.0892956900,0.9954059000,0.0000000000,
30.0969,20438,True,1.0000000000,4.0170590000,-0.0326420300,0.0018065950,-0.0299729300,-0.0173798900,0.0897681000,0.9958110000,True,1.0000000000,4.0063020000,0.0339497400,0.0016217350,-0.0324406000,-0.2058266000,0.0882876800,0.9745977000,-0.0324278700,0.0018060000,-0.0299808700,-0.0179903200,0.0897685000,0.9958001000,0.0000000000,
30.10807,20446,True,1.0000000000,4.0082090000,-0.0325118400,0.0015481420,-0.0296539800,-0.0144959000,0.0370026900,0.9992100000,True,1.0000000000,3.9989470000,0.0338810300,0.0016883700,-0.0331454900,-0.1983804000,0.0198670300,0.9799238000,-0.0322945600,0.0015486150,-0.0296654100,-0.0150911300,0.0369419800,0.9992034000,0.0000000000,
30.10807,20454,True,1.0000000000,3.9724580000,-0.0323374500,0.0015285030,-0.0301569800,-0.0013885640,-0.0379795000,0.9992775000,True,1.0000000000,4.0086060000,0.0337713800,0.0015925290,-0.0334771800,-0.1811699000,-0.0433660200,0.9824952000,-0.0322761900,0.0015285640,-0.0301600700,-0.0015564120,-0.0379794900,0.9992773000,0.0000000000,
30.1192,20463,True,1.0000000000,3.9491120000,-0.0322592200,0.0015415190,-0.0306621600,0.0043488210,-0.0841382400,0.9964446000,True,1.0000000000,4.0501560000,0.0337491900,0.0013582310,-0.0332891200,-0.1973131000,-0.0855415000,0.9766014000,-0.0320487700,0.0015409390,-0.0306705300,0.0037078950,-0.0841371800,0.9964473000,0.0000000000,
30.13013,20471,True,1.0000000000,3.9932100000,-0.0322528400,0.0014901890,-0.0308914400,0.0068818010,-0.1059126000,0.9943516000,True,1.0000000000,4.0013120000,0.0336701100,0.0015846410,-0.0343922000,-0.1800556000,-0.0965433600,0.9789072000,-0.0321886900,0.0014902800,-0.0308948400,0.0066987020,-0.1059127000,0.9943529000,0.0000000000,
30.14135,20479,True,1.0000000000,3.9596560000,-0.0322844100,0.0014900820,-0.0309604500,-0.0000152590,-0.0981152100,0.9951751000,True,1.0000000000,3.9562990000,0.0337588400,0.0012854000,-0.0333868700,-0.1815968000,-0.0800027100,0.9801133000,-0.0316500400,0.0014881130,-0.0309837500,-0.0017547790,-0.0979624400,0.9951885000,0.0000000000,
30.14135,20488,True,1.0000000000,3.9224700000,-0.0323457800,0.0014790650,-0.0309397700,-0.0006866525,-0.0946665000,0.9955088000,True,1.0000000000,4.1047670000,0.0338110500,0.0012797550,-0.0332634600,-0.1889985000,-0.0737622000,0.9792031000,-0.0270261100,0.0014630430,-0.0311266300,-0.0158538900,-0.0931091800,0.9955297000,0.0000000000,
30.15254,20496,True,1.0000000000,3.9565580000,-0.0323823900,0.0014814910,-0.0309059900,0.0079041120,-0.0937201900,0.9955672000,True,1.0000000000,4.0342410000,0.0338283700,0.0013356780,-0.0333632500,-0.1873024000,-0.0767673000,0.9792981000,-0.0168049800,0.0014471890,-0.0314841200,-0.0381474900,-0.0900433400,0.9952070000,0.0000000000,
30.17052,20504,True,1.0000000000,4.0276180000,-0.0323845500,0.0012694400,-0.0301363500,0.0036163680,-0.0910042900,0.9958439000,True,1.0000000000,4.0297700000,0.0338226300,0.0013910070,-0.0334307400,-0.1864798000,-0.0825509800,0.9789845000,0.0246176600,0.0013741000,-0.0329727000,-0.1604011000,-0.0839084400,0.9834790000,0.0000000000,
30.18664,20513,True,1.0000000000,3.9525760000,-0.0323991700,0.0013242800,-0.0301802500,-0.0037842230,-0.0847483000,0.9963952000,True,1.0000000000,4.0483550000,0.0338246800,0.0013796540,-0.0332549000,-0.1882350000,-0.0735178700,0.9793685000,0.0334343900,0.0013793340,-0.0332367900,-0.1871670000,-0.0735942100,0.9795675000,0.0000000000,
30.197,20521,True,1.0000000000,3.9702760000,-0.0324306000,0.0015409090,-0.0307550700,0.0019073530,-0.0850984700,0.9963707000,True,1.0000000000,4.0529480000,0.0338152300,0.0014593660,-0.0333733400,-0.1857770000,-0.0747685800,0.9797431000,0.0336860200,0.0014595180,-0.0333682300,-0.1854121000,-0.0747843700,0.9798110000,0.0000000000,
30.20826,20546,True,1.0000000000,3.9584660000,-0.0324462100,0.0014232480,-0.0302317400,0.0095368900,-0.0541085000,0.9984896000,True,1.0000000000,4.0389860000,0.0339212300,0.0012222440,-0.0326226500,-0.1931009000,-0.0696566900,0.9787032000,0.0309284200,0.0012313080,-0.0325148300,-0.1841292000,-0.0690160100,0.9804760000,0.0000000000,
30.21925,20554,True,1.0000000000,3.9621890000,-0.0324431000,0.0014430090,-0.0302839500,0.0163576300,-0.0504309400,0.9985936000,True,1.0000000000,4.2012330000,0.0339478800,0.0011637880,-0.0324891500,-0.1905072000,-0.0410769200,0.9808260000,0.0039795690,0.0012898260,-0.0314937500,-0.0976568500,-0.0455477700,0.9941773000,0.0000000000,
30.24149,20563,True,1.0000000000,3.9987790000,-0.0324381900,0.0014583740,-0.0303428500,0.0195466400,-0.0481570500,0.9986485000,True,1.0000000000,4.1221470000,0.0339609500,0.0011487880,-0.0325067900,-0.1873192000,-0.0536658400,0.9808320000,-0.0266712700,0.0014314880,-0.0305307900,0.0015869160,-0.0487213800,0.9988111000,0.0000000000,
30.25263,20596,True,1.0000000000,3.9653320000,-0.0324907200,0.0017575530,-0.0315096800,0.0341649400,-0.0404821800,0.9985960000,True,1.0000000000,4.1149440000,0.0339369800,0.0014299010,-0.0332938800,-0.1713428000,-0.0496679100,0.9839587000,0.0239704600,0.0014790650,-0.0330261800,-0.1408859000,-0.0484166600,0.9888412000,0.0000000000,
30.27492,20604,True,1.0000000000,3.9982600000,-0.0325182200,0.0017267150,-0.0313556400,0.0319369400,-0.0335696500,0.9989260000,True,1.0000000000,4.1011200000,0.0339779100,0.0012646790,-0.0327407700,-0.1851681000,-0.0408788900,0.9818563000,0.0282593400,0.0013044130,-0.0326216600,-0.1667960000,-0.0403295200,0.9851663000,0.0000000000,
30.28646,20621,True,1.0000000000,4.0786290000,-0.0325029000,0.0014210660,-0.0303075700,0.0261079800,-0.0313265200,0.9991682000,True,1.0000000000,4.1203160000,0.0339619300,0.0013062290,-0.0328141800,-0.1825418000,-0.0361482400,0.9825334000,0.0276206700,0.0013171850,-0.0325750300,-0.1629501000,-0.0357516700,0.9859864000,0.0000000000,
30.28646,20629,True,1.0000000000,4.0356140000,-0.0325080400,0.0014186100,-0.0302908800,0.0245669100,-0.0256197800,0.9993699000,True,1.0000000000,4.1637270000,0.0339561200,0.0013284460,-0.0328889500,-0.1835812000,-0.0468604300,0.9818870000,0.0296066100,0.0013343510,-0.0327189200,-0.1701987000,-0.0455328200,0.9843572000,0.0000000000,
30.32142,20646,True,1.0000000000,4.0115200000,-0.0324971200,0.0016175230,-0.0309284200,0.0245363800,-0.0347598700,0.9990945000,True,1.0000000000,4.1462100000,0.0339703100,0.0013158110,-0.0329534300,-0.1800254000,-0.0385289200,0.9829071000,0.0335043300,0.0013179320,-0.0329392300,-0.1786212000,-0.0384983200,0.9831644000,0.0000000000,
30.33039,20671,True,1.0000000000,4.0415190000,-0.0324499800,0.0016019440,-0.0309465200,0.0254823100,-0.0243073800,0.9993797000,True,1.0000000000,4.2013090000,0.0340472700,0.0012394870,-0.0328938500,-0.1800562000,-0.0289921000,0.9832290000,0.0338435200,0.0012406010,-0.0328878800,-0.1794292000,-0.0289918800,0.9833436000,0.0000000000,
30.34162,20679,True,1.0000000000,3.9969480000,-0.0324428900,0.0015769810,-0.0308725400,0.0247956900,-0.0278474700,0.9993046000,True,1.0000000000,4.1219480000,0.0340606600,0.0012313230,-0.0328525600,-0.1843880000,-0.0244904700,0.9825484000,0.0340324300,0.0012314760,-0.0328517200,-0.1843116000,-0.0244904400,0.9825627000,0.0000000000,
30.35261,20696,True,1.0000000000,4.0013430000,-0.0324411800,0.0015853880,-0.0308589300,0.0274506400,-0.0247650900,0.9993163000,True,1.0000000000,4.2002560000,0.0340698700,0.0012700960,-0.0328070600,-0.1866613000,-0.0262451900,0.9820737000,0.0340070600,0.0012704010,-0.0328052100,-0.1864642000,-0.0262453800,0.9821111000,0.0000000000,
30.35261,20704,True,1.0000000000,4.0057980000,-0.0324425100,0.0015904390,-0.0308453200,0.0276645200,-0.0207522100,0.9994019000,True,1.0000000000,4.2093050000,0.0340749100,0.0012825320,-0.0327747100,-0.1838864000,-0.0159456700,0.9828182000,0.0338776600,0.0012834470,-0.0327689800,-0.1832746000,-0.0159608000,0.9829322000,0.0000000000,
30.37495,20713,True,1.0000000000,4.0331420000,-0.0324427000,0.0015837100,-0.0308181000,0.0294039700,-0.0166017200,0.9994298000,True,1.0000000000,4.1941380000,0.0340738200,0.0013103940,-0.0328233400,-0.1835948000,-0.0170136500,0.9828547000,0.0334858300,0.0013128200,-0.0328056200,-0.1817498000,-0.0170137700,0.9831976000,0.0000000000,
30.39832,20721,True,1.0000000000,4.0602570000,-0.0324428900,0.0015769810,-0.0307908800,0.0294649200,-0.0124817700,0.9994879000,True,1.0000000000,4.1854710000,0.0340728800,0.0013289340,-0.0328640200,-0.1781491000,-0.0130159500,0.9839174000,0.0333364000,0.0013316800,-0.0328410700,-0.1758898000,-0.0130158800,0.9843238000,0.0000000000,
30.4194,20729,True,1.0000000000,4.0737610000,-0.0324614900,0.0015317230,-0.0305957000,0.0340579700,-0.0114594700,0.9993542000,True,1.0000000000,4.1056210000,0.0340715800,0.0013345640,-0.0328869000,-0.1774461000,-0.0064087520,0.9841096000,0.0332936000,0.0013368680,-0.0328601100,-0.1750185000,-0.0064697340,0.9845439000,0.0000000000,
30.47817,20754,True,1.0000000000,4.1393740000,-0.0324931700,0.0015021670,-0.0303978800,0.0362401500,0.0000457770,0.9993431000,True,1.0000000000,4.2232060000,0.0340660300,0.0013285680,-0.0328622300,-0.1830166000,0.0020599670,0.9831077000,0.0329993800,0.0013313600,-0.0328227400,-0.1795672000,0.0020294390,0.9837436000,0.0000000000,
30.50925,20796,True,1.0000000000,4.1253510000,-0.0324613500,0.0015062710,-0.0304809400,0.0481877000,0.0099793390,0.9987885000,True,1.0000000000,4.1604160000,0.0340996300,0.0013210140,-0.0328049800,-0.1714945000,-0.0046234400,0.9851742000,0.0315542100,0.0013280950,-0.0327161000,-0.1632395000,-0.0040741210,0.9865781000,0.0000000000,
30.55359,20846,True,1.0000000000,4.0754850000,-0.0323368400,0.0015722810,-0.0306449900,0.0674904500,-0.0048370960,0.9977082000,True,1.0000000000,4.1676940000,0.0341816700,0.0014349060,-0.0331380300,-0.1354992000,-0.0095826010,0.9907311000,0.0301576700,0.0014432070,-0.0329872100,-0.1233532000,-0.0093079520,0.9923192000,0.0000000000,
30.60841,20888,True,1.0000000000,4.0856170000,-0.0323065800,0.0015016480,-0.0302836200,0.0795605000,0.0062561960,0.9968104000,True,1.0000000000,4.2645110000,0.0342456100,0.0013664860,-0.0330618800,-0.1354390000,-0.0080872780,0.9907527000,0.0305562000,0.0013739780,-0.0329078700,-0.1236727000,-0.0072937160,0.9922963000,0.0000000000,
30.69255,20921,True,1.0000000000,4.0599670000,-0.0323132400,0.0014823300,-0.0302211500,0.0751043700,0.0033569610,0.9971700000,True,1.0000000000,4.1523900000,0.0342554600,0.0013677670,-0.0330367100,-0.1366749000,-0.0057068690,0.9905995000,0.0309124800,0.0013735200,-0.0328953100,-0.1261755000,-0.0052643080,0.9919940000,0.0000000000,
30.79778,20988,True,1.0000000000,4.0167080000,-0.0322949200,0.0016957090,-0.0305383600,0.0472413400,0.0204010500,0.9986752000,True,1.0000000000,4.1157990000,0.0342589900,0.0015395050,-0.0332515900,-0.1411763000,0.0319065800,0.9894702000,0.0195245800,0.0015740970,-0.0326509100,-0.0997627200,0.0294496800,0.9945753000,0.0000000000,
30.88948,21046,True,1.0000000000,4.0859990000,-0.0324033800,0.0032538910,-0.0308276700,0.0040741110,0.3692030000,0.9293399000,True,1.0000000000,4.1566620000,0.0338641100,0.0029774780,-0.0333205400,-0.1764998000,0.3674193000,0.9131543000,0.0102950000,0.0030757910,-0.0324339000,-0.1127029000,0.3694506000,0.9223905000,0.0000000000,
30.93007,21229,True,1.0000000000,3.9273830000,-0.0328335300,0.0024749600,-0.0306842800,-0.0464633300,0.2635058000,0.9635382000,True,1.0000000000,4.0443730000,0.0337926600,0.0022481380,-0.0331755100,-0.2187976000,0.2836022000,0.9336474000,0.0071362620,0.0023388980,-0.0321787900,-0.1504088000,0.2765862000,0.9491456000,0.0000000000,
31.0077,21263,True,1.0000000000,3.8488010000,-0.0327953200,0.0024901120,-0.0306691300,-0.0428625800,0.2570840000,0.9654381000,True,1.0000000000,3.9660030000,0.0338720300,0.0022215270,-0.0331590700,-0.2249164000,0.2672751000,0.9370040000,0.0064950260,0.0023318330,-0.0321365800,-0.1507886000,0.2641775000,0.9526138000,0.0000000000,
31.10758,21329,True,1.0000000000,3.9826810000,-0.0313643400,0.0025706480,-0.0306730200,0.1943220000,0.2592791000,0.9460514000,True,1.0000000000,4.2065120000,0.0351755800,0.0020560760,-0.0331910000,0.0099945670,0.2793596000,0.9601346000,0.0167093200,0.0021988830,-0.0324922100,0.0613562800,0.2747376000,0.9595596000,0.0000000000,
31.17494,21404,True,1.0000000000,3.9205930000,-0.0317055700,0.0023407440,-0.0303551200,0.1378334000,0.2302411000,0.9633229000,True,1.0000000000,4.0294340000,0.0349086600,0.0018532410,-0.0327247300,-0.0411381100,0.2604549000,0.9646092000,0.0110703600,0.0020276950,-0.0318767400,0.0229800800,0.2505988000,0.9678183000,0.0000000000,
31.28577,21496,True,1.0000000000,4.0003810000,-0.0318955600,0.0019875950,-0.0293886900,0.0408022100,0.2290051000,0.9725698000,True,1.0000000000,4.0617980000,0.0347065100,0.0015912780,-0.0325830700,-0.1333177000,0.2296781000,0.9640926000,0.0334202900,0.0015989380,-0.0325213800,-0.1300063000,0.2297236000,0.9645338000,0.0000000000,
31.32782,21562,True,1.0000000000,2.9537960000,-0.0311012700,0.0026631780,-0.0308646700,0.0618753000,-0.3677728000,0.9278548000,True,1.0000000000,3.5205080000,0.0356351800,0.0019650270,-0.0345577000,-0.0758373100,0.0914320200,0.9929194000,0.0107587900,0.0022252660,-0.0331811100,-0.0251924200,-0.0820012600,0.9963138000,0.0000000000,
31.35785,21671,True,1.0000000000,-1.0000000000,-0.0281364600,0.0027175900,-0.0319162300,0.0000000000,0.0000000000,0.0000000000,True,1.0000000000,4.2890630000,0.0381747400,0.0016832430,-0.0344854900,0.4448434000,0.2325460000,0.8648911000,0.0381747400,0.0016832430,-0.0344854900,0.4448434000,0.2325460000,0.8648911000,0.0000000000,
31.46344,21712,True,0.5760716000,4.2109070000,-0.0288796600,0.0023920900,-0.0314126300,0.5590311000,0.1850772000,0.8082269000,True,0.5760716000,4.5005190000,0.0375561700,0.0016117100,-0.0341467400,0.4437328000,0.2007632000,0.8733816000,-0.0281581900,0.0023836060,-0.0314423200,0.5578348000,0.1852583000,0.8090115000,0.0000000000,
31.49698,21796,True,1.0000000000,3.9151460000,-0.0319830300,0.0015868990,-0.0302505800,0.2347279000,0.1357738000,0.9625322000,True,1.0000000000,4.2159730000,0.0344402600,0.0014079740,-0.0317502800,0.0726325600,0.1858844000,0.9798834000,-0.0319118800,0.0015867160,-0.0302521800,0.2345609000,0.1358201000,0.9625664000,0.0000000000,
31.52099,21846,True,1.0000000000,3.8533630000,-0.0327701800,0.0014508970,-0.0306401500,0.2014956000,0.1239186000,0.9716191000,True,1.0000000000,4.1138760000,0.0336021400,0.0018692480,-0.0328500200,-0.0207062900,0.1429909000,0.9895074000,-0.0327500300,0.0014510190,-0.0306408300,0.2014336000,0.1239333000,0.9716300000,0.0000000000,
31.56579,21879,True,1.0000000000,3.3617250000,-0.0316781000,0.0015409240,-0.0304140000,0.3467729000,0.1532600000,0.9253432000,True,1.0000000000,4.2693790000,0.0346537800,0.0021229400,-0.0338461900,0.1243140000,0.1296241000,0.9837396000,-0.0316728200,0.0015409700,-0.0304142800,0.3467460000,0.1532616000,0.9253529000,0.0000000000,
31.59896,21904,True,1.0000000000,3.8616180000,-0.0319022700,0.0015259550,-0.0302195800,0.2590053000,0.1179821000,0.9586430000,True,1.0000000000,4.1502990000,0.0344833800,0.0012576600,-0.0311809900,0.0822305700,0.1488207000,0.9854392000,-0.0319021800,0.0015259400,-0.0302195800,0.2590053000,0.1179821000,0.9586430000,0.0000000000,
31.6298,21937,True,1.0000000000,3.8274540000,-0.0322000100,0.0014208980,-0.0301017500,0.2190583000,0.1196154000,0.9683520000,True,1.0000000000,4.2875520000,0.0342419600,0.0015170900,-0.0321250300,0.0286410800,0.1393144000,0.9898340000,-0.0322000000,0.0014208980,-0.0301017500,0.2190583000,0.1196154000,0.9683520000,0.0000000000,
31.67433,21962,True,1.0000000000,3.9541780000,-0.0324159900,0.0013390200,-0.0297343300,0.1871356000,0.1221478000,0.9747103000,True,1.0000000000,4.0896300000,0.0340353300,0.0016208190,-0.0321481800,-0.0258945500,0.1347676000,0.9905388000,-0.0324159700,0.0013390200,-0.0297343300,0.1871356000,0.1221478000,0.9747103000,0.0000000000,
31.69828,21996,True,1.0000000000,4.0218200000,-0.0325754100,0.0015115810,-0.0300789500,0.1449285000,0.1045231000,0.9839058000,True,1.0000000000,4.1377410000,0.0339324400,0.0017536930,-0.0324894000,-0.0768139300,0.1164721000,0.9902191000,-0.0325753900,0.0015115810,-0.0300789500,0.1449285000,0.1045231000,0.9839058000,0.0000000000,
31.70727,22037,True,1.0000000000,4.0050200000,-0.0326951000,0.0015686340,-0.0302377200,0.1116190000,0.1071787000,0.9879544000,True,1.0000000000,4.1771240000,0.0338312500,0.0018002170,-0.0327631200,-0.1065987000,0.1100167000,0.9881969000,-0.0326941700,0.0015686340,-0.0302377500,0.1116190000,0.1071787000,0.9879544000,0.0000000000,
31.74334,22046,True,1.0000000000,4.0536800000,-0.0327187200,0.0016040650,-0.0303083400,0.1023718000,0.1058813000,0.9890952000,True,1.0000000000,4.1902770000,0.0338115400,0.0017826540,-0.0326965200,-0.1065831000,0.1099247000,0.9882088000,-0.0327182600,0.0016040650,-0.0303083500,0.1023718000,0.1058813000,0.9890952000,0.0000000000,
31.75195,22096,True,1.0000000000,4.2167970000,-0.0323501600,0.0021399080,-0.0301398900,0.1118941000,0.2149380000,0.9701965000,True,1.0000000000,4.1884920000,0.0339718100,0.0023243260,-0.0328839900,-0.0768598500,0.2217140000,0.9720779000,-0.0323498000,0.0021399080,-0.0301399100,0.1118941000,0.2149380000,0.9701965000,0.0000000000,
31.76292,22104,True,1.0000000000,4.2153020000,-0.0322976900,0.0024596710,-0.0304191000,0.1179060000,0.2565947000,0.9593004000,True,1.0000000000,4.3873440000,0.0339233600,0.0025874480,-0.0329769300,-0.0715184400,0.2819386000,0.9567631000,-0.0322947500,0.0024596860,-0.0304192200,0.1178905000,0.2566094000,0.9592984000,0.0000000000,
31.77411,22112,True,1.0000000000,4.0521550000,-0.0322864500,0.0026887210,-0.0305241900,0.1104292000,0.3137856000,0.9430504000,True,1.0000000000,4.3085330000,0.0338769400,0.0028104710,-0.0330453700,-0.0709542600,0.3185007000,0.9452633000,-0.0322852200,0.0026887210,-0.0305242300,0.1104292000,0.3137856000,0.9430504000,0.0000000000,
31.78538,22121,True,1.0000000000,4.2069700000,-0.0323231500,0.0028133240,-0.0305626800,0.1062172000,0.3365807000,0.9356449000,True,1.0000000000,4.3029330000,0.0338516700,0.0028850560,-0.0330839100,-0.0874787800,0.3435675000,0.9350448000,-0.0323093000,0.0028133240,-0.0305632200,0.1061719000,0.3365823000,0.9356494000,0.0000000000,
31.7963,22129,True,1.0000000000,4.1585240000,-0.0324263200,0.0027714230,-0.0305268700,0.1200271000,0.3125039000,0.9423029000,True,1.0000000000,4.2172090000,0.0338517300,0.0028602910,-0.0330570700,-0.0945443200,0.3261138000,0.9405909000,-0.0283020800,0.0027769470,-0.0306843300,0.1068273000,0.3137681000,0.9434710000,0.0000000000,
31.80765,22146,True,1.0000000000,4.1965640000,-0.0325649800,0.0026472020,-0.0305167900,0.0995185200,0.3107322000,0.9452733000,True,1.0000000000,4.1909790000,0.0337935400,0.0027969210,-0.0330529700,-0.0966043800,0.3243136000,0.9410039000,-0.0144255700,0.0026881260,-0.0312100700,0.0460821800,0.3156629000,0.9477518000,0.0000000000,
31.81878,22154,True,1.0000000000,4.1560060000,-0.0326237500,0.0025944370,-0.0305150800,0.0995646700,0.3141666000,0.9441325000,True,1.0000000000,4.2712860000,0.0337565600,0.0027602240,-0.0330446500,-0.1007544000,0.3219471000,0.9413812000,-0.0033405000,0.0026675720,-0.0316309800,0.0112458300,0.3191863000,0.9476253000,0.0000000000,
31.81878,22162,True,1.0000000000,4.1491850000,-0.0326483300,0.0025234380,-0.0304989800,0.0801098000,0.3063857000,0.9485306000,True,1.0000000000,4.3038180000,0.0337385700,0.0027159120,-0.0330278500,-0.1033487000,0.3123958000,0.9443135000,0.0053565220,0.0026336370,-0.0319466900,-0.0250244400,0.3111118000,0.9500438000,0.0000000000,
31.83724,22171,True,1.0000000000,4.1981200000,-0.0326750400,0.0024770200,-0.0304892900,0.0799259500,0.2987991000,0.9509631000,True,1.0000000000,4.1179500000,0.0337235400,0.0026645050,-0.0330132600,-0.1073614000,0.3029649000,0.9469349000,0.0074044800,0.0025901800,-0.0320128200,-0.0332644100,0.3025993000,0.9525372000,0.0000000000,
31.85242,22187,True,1.0000000000,4.1909640000,-0.0326832600,0.0024090730,-0.0304605700,0.0813148000,0.2857691000,0.9548423000,True,1.0000000000,4.3095090000,0.0337402200,0.0025473180,-0.0329960200,-0.1134958000,0.2974726000,0.9479603000,0.0129283100,0.0025039980,-0.0322016100,-0.0526740900,0.2950176000,0.9540388000,0.0000000000,
31.87408,22196,True,1.0000000000,4.1911320000,-0.0326801500,0.0023894810,-0.0304610300,0.0708773000,0.2894602000,0.9545624000,True,1.0000000000,4.3370060000,0.0337537200,0.0025185550,-0.0329836600,-0.1215227000,0.2897074000,0.9493692000,0.0052734530,0.0024632110,-0.0319022100,-0.0392154500,0.2909267000,0.9559413000,0.0000000000,
31.87408,22212,True,1.0000000000,4.1660000000,-0.0326574600,0.0023754580,-0.0304543500,0.0734876800,0.2856651000,0.9555077000,True,1.0000000000,4.3264160000,0.0337998400,0.0024754640,-0.0329547400,-0.1252154000,0.2700691000,0.9546642000,0.0035611880,0.0024299620,-0.0318170500,-0.0349735400,0.2785370000,0.9597885000,0.0000000000,
31.88565,22229,True,1.0000000000,4.1044460000,-0.0326423500,0.0023664090,-0.0304334700,0.0674745600,0.2686775000,0.9608639000,True,1.0000000000,4.1937260000,0.0338435500,0.0024465940,-0.0329536000,-0.1315472000,0.2685267000,0.9542478000,-0.0006360321,0.0024050140,-0.0316466700,-0.0284730900,0.2699451000,0.9624547000,0.0000000000,
31.89649,22237,True,1.0000000000,4.1822970000,-0.0326420000,0.0023641660,-0.0304290000,0.0714419300,0.2677012000,0.9608496000,True,1.0000000000,4.3406830000,0.0338609200,0.0024396670,-0.0329493100,-0.1410677000,0.2673496000,0.9532177000,-0.0011643830,0.0023999030,-0.0316219300,-0.0292970300,0.2690444000,0.9626821000,0.0000000000,
31.90736,22246,True,1.0000000000,4.1343540000,-0.0326446100,0.0023621520,-0.0304280900,0.0689401700,0.2660712000,0.9614850000,True,1.0000000000,4.3050690000,0.0338533500,0.0024348150,-0.0329534000,-0.1416342000,0.2687417000,0.9527422000,-0.0025890810,0.0023949890,-0.0315694600,-0.0263676600,0.2687578000,0.9628468000,0.0000000000,
31.93481,22254,True,1.0000000000,4.0995180000,-0.0326563400,0.0023518830,-0.0304156700,0.0663152800,0.2583641000,0.9637688000,True,1.0000000000,4.2757570000,0.0338357600,0.0024193570,-0.0329541900,-0.1449902000,0.2691367000,0.9521256000,-0.0026038670,0.0023823700,-0.0315630100,-0.0293431800,0.2646990000,0.9638845000,0.0000000000,
31.94102,22279,True,1.0000000000,4.1212160000,-0.0327242100,0.0022986760,-0.0304084000,0.0617830000,0.2552192000,0.9649072000,True,1.0000000000,4.2573850000,0.0337942800,0.0023588410,-0.0329293500,-0.1441823000,0.2516666000,0.9570138000,-0.0024135740,0.0023260960,-0.0315571300,-0.0322266600,0.2549447000,0.9664184000,0.0000000000,
31.95231,22287,True,1.0000000000,4.0600890000,-0.0327327000,0.0022729030,-0.0303780800,0.0624544500,0.2379922000,0.9692570000,True,1.0000000000,4.2164760000,0.0337915200,0.0023532100,-0.0329399900,-0.1415725000,0.2583492000,0.9556218000,-0.0009190827,0.0023113100,-0.0316032600,-0.0352941200,0.2490425000,0.9678493000,0.0000000000,
31.95231,22296,True,1.0000000000,4.0841520000,-0.0327323600,0.0022562260,-0.0303796700,0.0604708600,0.2429211000,0.9681594000,True,1.0000000000,4.2179570000,0.0337911400,0.0023391110,-0.0329317200,-0.1443810000,0.2520641000,0.9568792000,0.0025804290,0.0023002170,-0.0317343800,-0.0485234600,0.2490871000,0.9672647000,0.0000000000,
31.98083,22304,True,1.0000000000,4.0610960000,-0.0326279500,0.0022657170,-0.0303744700,0.0650945200,0.2399922000,0.9685900000,True,1.0000000000,4.2557980000,0.0338929400,0.0023284760,-0.0329115200,-0.1369174000,0.2420965000,0.9605430000,0.0029795840,0.0022993160,-0.0317325000,-0.0432594500,0.2423445000,0.9692253000,0.0000000000,
31.98083,22321,True,1.0000000000,4.1523740000,-0.0322379200,0.0023774110,-0.0304436300,0.1506068000,0.2685592000,0.9514166000,True,1.0000000000,4.1203920000,0.0341868600,0.0024281310,-0.0329749600,-0.0729983000,0.2848673000,0.9557834000,0.0030956270,0.0024043890,-0.0317901300,0.0318605600,0.2789782000,0.9597688000,0.0000000000,
31.9982,22329,True,1.0000000000,4.1232450000,-0.0321367000,0.0024068300,-0.0304637900,0.1467000000,0.2836342000,0.9476448000,True,1.0000000000,4.1562190000,0.0342268800,0.0024585420,-0.0329777700,-0.0728005500,0.2858616000,0.9555016000,0.0041347810,0.0024350890,-0.0318378300,0.0268863200,0.2865636000,0.9576839000,0.0000000000,
32.00766,22346,True,1.0000000000,4.0958400000,-0.0321743900,0.0023491970,-0.0304297700,0.1452506000,0.2634012000,0.9536887000,True,1.0000000000,4.1930240000,0.0342161700,0.0024088590,-0.0329623900,-0.0768444700,0.2783094000,0.9574125000,0.0059201970,0.0023834380,-0.0318829800,0.0179141000,0.2736249000,0.9616696000,0.0000000000,
32.01851,22354,True,1.0000000000,4.0396880000,-0.0322159000,0.0022896120,-0.0304140300,0.1461968000,0.2555124000,0.9556882000,True,1.0000000000,4.1143190000,0.0342082100,0.0023867190,-0.0329650600,-0.0901803100,0.2811306000,0.9554230000,0.0074857180,0.0023476560,-0.0319387700,0.0049439040,0.2726776000,0.9620928000,0.0000000000,
32.01851,22362,True,1.0000000000,4.0304410000,-0.0322426800,0.0022581940,-0.0304084900,0.1466700000,0.2554061000,0.9556441000,True,1.0000000000,4.1029660000,0.0342062400,0.0023768310,-0.0329648000,-0.0861362700,0.2788252000,0.9564712000,0.0078501900,0.0023297730,-0.0319508800,0.0062408840,0.2713183000,0.9624695000,0.0000000000,
32.02966,22371,True,1.0000000000,4.0779570000,-0.0322619900,0.0022375490,-0.0304064500,0.1428855000,0.2576638000,0.9556114000,True,1.0000000000,4.1589050000,0.0341946000,0.0023482970,-0.0329475300,-0.0800487400,0.2707405000,0.9593183000,0.0075902110,0.0023039710,-0.0319302500,0.0092469620,0.2671090000,0.9636220000,0.0000000000,
32.0522,22379,True,1.0000000000,4.0093690000,-0.0322802600,0.0022125090,-0.0303953300,0.1414204000,0.2554662000,0.9564190000,True,1.0000000000,4.1823730000,0.0341779200,0.0023447420,-0.0329447100,-0.0823825800,0.2692578000,0.9595381000,0.0064918220,0.0022896580,-0.0318826500,0.0109101100,0.2651386000,0.9641486000,0.0000000000,
32.0522,22387,True,1.0000000000,4.0572510000,-0.0323020000,0.0021901860,-0.0303857100,0.1346147000,0.2544588000,0.9576688000,True,1.0000000000,4.1820830000,0.0341610600,0.0023430180,-0.0329359900,-0.0844276300,0.2635979000,0.9609308000,0.0048616340,0.0022756350,-0.0318117200,0.0122070700,0.2611244000,0.9652280000,0.0000000000,
32.06311,22404,True,1.0000000000,4.1002040000,-0.0323333700,0.0021952520,-0.0303750600,0.1349502000,0.2472867000,0.9594986000,True,1.0000000000,4.1766820000,0.0341395400,0.0023424530,-0.0329330700,-0.0868535600,0.2626511000,0.9609739000,0.0036683050,0.0022749790,-0.0317604800,0.0149080400,0.2571905000,0.9662457000,0.0000000000,
32.07427,22412,True,1.0000000000,4.0406340000,-0.0323384900,0.0022055360,-0.0303639500,0.1342789000,0.2424497000,0.9608264000,True,1.0000000000,3.9920350000,0.0341364800,0.0023393860,-0.0329243700,-0.0968643200,0.2560160000,0.9618072000,0.0025461120,0.0022757720,-0.0317076000,0.0130617100,0.2512548000,0.9678328000,0.0000000000,
32.08548,22421,True,1.0000000000,4.0990450000,-0.0323415400,0.0022293700,-0.0303804300,0.1315025000,0.2523846000,0.9586496000,True,1.0000000000,4.0359500000,0.0341367500,0.0023370360,-0.0329257700,-0.0967716600,0.2587139000,0.9610943000,0.0023681340,0.0022855840,-0.0317094000,0.0123903300,0.2573741000,0.9662324000,0.0000000000,
32.09659,22429,True,1.0000000000,4.0305480000,-0.0323422400,0.0022384650,-0.0303594400,0.1298691000,0.2393218000,0.9622157000,True,1.0000000000,4.0773160000,0.0341370300,0.0023347020,-0.0329255500,-0.0977035800,0.2581523000,0.9611511000,0.0019379270,0.0022880860,-0.0316826500,0.0125885400,0.2506722000,0.9679902000,0.0000000000,
32.10754,22446,True,1.0000000000,4.0607150000,-0.0323528600,0.0022494510,-0.0303612100,0.1241616000,0.2415025000,0.9624243000,True,1.0000000000,4.1359250000,0.0341421700,0.0023118740,-0.0329086800,-0.1091472000,0.2479273000,0.9626105000,0.0014339300,0.0022811580,-0.0316555900,0.0056458010,0.2464468000,0.9691399000,0.0000000000,
32.11871,22454,True,1.0000000000,3.9793090000,-0.0323642000,0.0022445070,-0.0303562200,0.1242539000,0.2366364000,0.9636204000,True,1.0000000000,4.0595400000,0.0341292700,0.0023008880,-0.0328951400,-0.1226058000,0.2400236000,0.9629935000,0.0001202698,0.0022720490,-0.0315965700,0.0036774250,0.2401313000,0.9707334000,0.0000000000,
32.12965,22462,True,1.0000000000,4.0143430000,-0.0323753400,0.0022422330,-0.0303549200,0.1226355000,0.2342693000,0.9644057000,True,1.0000000000,4.0824430000,0.0341140300,0.0022953640,-0.0328951600,-0.1110388000,0.2428449000,0.9636891000,-0.0001689453,0.0022679600,-0.0315853700,0.0095062880,0.2400681000,0.9707095000,0.0000000000,
32.12965,22479,True,1.0000000000,3.9988710000,-0.0324567400,0.0022010040,-0.0303287100,0.1149757000,0.2329269000,0.9656737000,True,1.0000000000,3.9997860000,0.0340674100,0.0022888640,-0.0328861400,-0.1118937000,0.2359792000,0.9652946000,-0.0001295929,0.0022436980,-0.0315714700,0.0047607520,0.2359319000,0.9717579000,0.0000000000,
32.14079,22487,True,1.0000000000,4.0130160000,-0.0324902800,0.0021857000,-0.0303317000,0.1124895000,0.2320135000,0.9661862000,True,1.0000000000,4.1487430000,0.0340365000,0.0022864230,-0.0328876800,-0.1229260000,0.2382073000,0.9634036000,0.0000236054,0.0022349240,-0.0315808900,-0.0025787640,0.2366817000,0.9715838000,0.0000000000,
32.15211,22496,True,1.0000000000,4.0083620000,-0.0325267200,0.0021780250,-0.0303159200,0.1067674000,0.2255285000,0.9683686000,True,1.0000000000,4.1163480000,0.0340043000,0.0022907410,-0.0328912400,-0.1217056000,0.2383911000,0.9635131000,0.0007761536,0.0022344360,-0.0316050300,-0.0076447170,0.2334919000,0.9723287000,0.0000000000,
32.16327,22504,True,1.0000000000,3.9601590000,-0.0325652600,0.0021631320,-0.0303106300,0.1090708000,0.2265492000,0.9678735000,True,1.0000000000,4.0907440000,0.0339738600,0.0022933660,-0.0328818500,-0.1201647000,0.2333714000,0.9649343000,0.0016658020,0.0022301330,-0.0316333900,-0.0089112320,0.2315852000,0.9727738000,0.0000000000,
32.16327,22512,True,1.0000000000,4.0175480000,-0.0325949300,0.0021481630,-0.0303036500,0.1088420000,0.2271751000,0.9677525000,True,1.0000000000,4.0244600000,0.0339504900,0.0022864230,-0.0328697200,-0.1208513000,0.2279695000,0.9661391000,0.0024422760,0.0022209630,-0.0316547300,-0.0121614000,0.2291134000,0.9733238000,0.0000000000,
32.17391,22521,True,1.0000000000,3.9778140000,-0.0326085700,0.0021378330,-0.0302887700,0.1070727000,0.2226752000,0.9689949000,True,1.0000000000,4.0482940000,0.0339363400,0.0022887120,-0.0328818500,-0.1204232000,0.2386948000,0.9635990000,0.0028580630,0.0022182460,-0.0316708100,-0.0142518500,0.2327294000,0.9724371000,0.0000000000,
32.17391,22529,True,1.0000000000,4.0615230000,-0.0326209600,0.0021274870,-0.0302739600,0.1012121000,0.2197278000,0.9702967000,True,1.0000000000,4.0773320000,0.0339310500,0.0022744600,-0.0328617700,-0.1230482000,0.2293879000,0.9655259000,0.0036636350,0.0022076260,-0.0316848500,-0.0211794600,0.2264280000,0.9737976000,0.0000000000,
32.18513,22537,True,1.0000000000,4.0124970000,-0.0326337600,0.0021189420,-0.0302670900,0.0918588800,0.2154106000,0.9721935000,True,1.0000000000,4.1204070000,0.0339247100,0.0022643280,-0.0328627800,-0.1311059000,0.2331432000,0.9635640000,0.0036942750,0.0021983030,-0.0316838400,-0.0300142400,0.2265030000,0.9735479000,0.0000000000,
32.19634,22546,True,1.0000000000,4.0262910000,-0.0326376500,0.0021167450,-0.0302668200,0.0950477000,0.2167222000,0.9715953000,True,1.0000000000,4.1241300000,0.0339192100,0.0022463840,-0.0328393300,-0.1334395000,0.2248864000,0.9652047000,0.0028989260,0.0021859590,-0.0316403500,-0.0271152600,0.2225374000,0.9745470000,0.0000000000,
32.19634,22554,True,1.0000000000,4.0393830000,-0.0326415600,0.0021145480,-0.0302665300,0.0942998300,0.2169201000,0.9716240000,True,1.0000000000,4.1458130000,0.0339164600,0.0022385710,-0.0328365900,-0.1285419000,0.2239869000,0.9660781000,0.0021595460,0.0021793980,-0.0316103400,-0.0223544900,0.2219885000,0.9747930000,0.0000000000,
32.22105,22562,True,1.0000000000,4.0256960000,-0.0326468400,0.0021127630,-0.0302636900,0.0955673200,0.2159763000,0.9717104000,True,1.0000000000,4.1251980000,0.0339146700,0.0022403260,-0.0328426700,-0.1301587000,0.2300284000,0.9644406000,0.0015943600,0.0021783750,-0.0315903900,-0.0206757900,0.2246565000,0.9742186000,0.0000000000,
32.22942,22571,True,1.0000000000,4.0121610000,-0.0326521300,0.0021122280,-0.0302608500,0.0968482100,0.2146164000,0.9718849000,True,1.0000000000,4.1010590000,0.0339164600,0.0022420660,-0.0328478700,-0.1326163000,0.2306404000,0.9639595000,0.0011416930,0.0021781470,-0.0315741600,-0.0197603900,0.2242461000,0.9743322000,0.0000000000,
32.24041,22579,True,1.0000000000,4.0253300000,-0.0326575900,0.0021133880,-0.0302537800,0.0962077300,0.2145410000,0.9719651000,True,1.0000000000,4.0647430000,0.0339169500,0.0022776490,-0.0328604400,-0.1402606000,0.2305939000,0.9628881000,0.0009851075,0.0021963960,-0.0315710300,-0.0234377700,0.2242305000,0.9742543000,0.0000000000,
32.25603,22587,True,1.0000000000,4.0330810000,-0.0326904900,0.0021367650,-0.0302330000,0.0886702800,0.2167852000,0.9721840000,True,1.0000000000,4.0813750000,0.0339143200,0.0022894750,-0.0328591600,-0.1343403000,0.2299074000,0.9638959000,0.0008651887,0.0022137000,-0.0315560800,-0.0238191100,0.2248091000,0.9741116000,0.0000000000,
32.26315,22604,True,1.0000000000,4.0399630000,-0.0326975400,0.0021717070,-0.0302493600,0.0821998000,0.2221089000,0.9715508000,True,1.0000000000,4.1069640000,0.0339035100,0.0023255010,-0.0328674500,-0.1386123000,0.2312800000,0.9629622000,0.0009362946,0.0022493750,-0.0315715000,-0.0294954600,0.2281359000,0.9731824000,0.0000000000,
32.26315,22612,True,1.0000000000,3.8994450000,-0.0326995400,0.0021822660,-0.0302356900,0.0862283000,0.2149833000,0.9728036000,True,1.0000000000,4.1414950000,0.0339027300,0.0023365330,-0.0328592200,-0.1429158000,0.2270845000,0.9633315000,0.0009672394,0.0022602540,-0.0315618600,-0.0297853300,0.2225660000,0.9744625000,0.0000000000,
32.27539,22621,True,1.0000000000,4.0484160000,-0.0327006400,0.0021961980,-0.0302371700,0.0829167300,0.2165082000,0.9727533000,True,1.0000000000,4.0673370000,0.0339061000,0.0023510740,-0.0328704200,-0.1412661000,0.2338871000,0.9619463000,0.0009538422,0.0022744450,-0.0315676700,-0.0305484900,0.2267333000,0.9734777000,0.0000000000,
32.28583,22629,True,1.0000000000,4.0297550000,-0.0327001500,0.0022003180,-0.0302370800,0.0834357100,0.2190264000,0.9721450000,True,1.0000000000,4.0983730000,0.0339107400,0.0023621670,-0.0328801400,-0.1404588000,0.2405118000,0.9604298000,0.0008234253,0.0022817690,-0.0315672600,-0.0294191800,0.2313099000,0.9724352000,0.0000000000,
32.29638,22637,True,1.0000000000,4.0295720000,-0.0326996600,0.0022030030,-0.0302369900,0.0825354100,0.2143723000,0.9732587000,True,1.0000000000,4.0505680000,0.0339136000,0.0023606110,-0.0328731700,-0.1456631000,0.2354474000,0.9609094000,0.0007607727,0.0022821660,-0.0315611600,-0.0323030300,0.2264569000,0.9734854000,0.0000000000,
32.3075,22646,True,1.0000000000,4.0179900000,-0.0326983500,0.0021996000,-0.0302318300,0.0806892600,0.2143728000,0.9734133000,True,1.0000000000,4.0835270000,0.0339148100,0.0023588110,-0.0328730500,-0.1448228000,0.2360561000,0.9608871000,0.0007726899,0.0022796020,-0.0315589600,-0.0328221600,0.2267338000,0.9734036000,0.0000000000,
32.3075,22654,True,1.0000000000,4.0305180000,-0.0326996600,0.0021961980,-0.0302266700,0.0816500300,0.2146613000,0.9732696000,True,1.0000000000,4.1166080000,0.0339160000,0.0023570100,-0.0328729300,-0.1439678000,0.2365284000,0.9608994000,0.0007648774,0.0022769780,-0.0315560200,-0.0318909800,0.2271126000,0.9733462000,0.0000000000,
32.31916,22662,True,1.0000000000,3.9931490000,-0.0326934100,0.0021329650,-0.0301728400,0.0738993200,0.2178832000,0.9731731000,True,1.0000000000,4.0329440000,0.0339124600,0.0023365630,-0.0328627900,-0.1453417000,0.2319059000,0.9618188000,0.0018098760,0.0022384340,-0.0315663000,-0.0399023000,0.2265199000,0.9731889000,0.0000000000,
32.32968,22671,True,1.0000000000,4.0751500000,-0.0327181400,0.0021276090,-0.0301667500,0.0857549100,0.2138074000,0.9731045000,True,1.0000000000,4.1054840000,0.0339025300,0.0023280950,-0.0328669800,-0.1506504000,0.2350470000,0.9602382000,0.0036932830,0.0022371980,-0.0316425600,-0.0437473800,0.2270073000,0.9729100000,0.0000000000,
32.32968,22679,True,1.0000000000,3.9715580000,-0.0327321000,0.0020890660,-0.0301443200,0.0796675500,0.2145118000,0.9734669000,True,1.0000000000,4.1236720000,0.0338945900,0.0023251950,-0.0328651600,-0.1446707000,0.2300296000,0.9623704000,0.0063338010,0.0022275240,-0.0317396600,-0.0521857000,0.2250089000,0.9729581000,0.0000000000,
32.35376,22687,True,1.0000000000,4.0095670000,-0.0327620100,0.0020799560,-0.0301741800,0.0863508000,0.2234378000,0.9708858000,True,1.0000000000,4.1058500000,0.0338866700,0.0023222960,-0.0328658300,-0.1466999000,0.2293883000,0.9622163000,0.0068072060,0.0022238310,-0.0317722000,-0.0523531500,0.2284709000,0.9721421000,0.0000000000,
32.36287,22704,True,1.0000000000,4.0368040000,-0.0327970300,0.0020531460,-0.0301329000,0.0763400500,0.2153635000,0.9735454000,True,1.0000000000,4.1609800000,0.0338207400,0.0023333280,-0.0328748800,-0.1403217000,0.2357209000,0.9616368000,0.0080859070,0.0022250830,-0.0318156300,-0.0569464800,0.2291592000,0.9717217000,0.0000000000,
32.36287,22712,True,1.0000000000,4.0312650000,-0.0328120900,0.0020362550,-0.0300905000,0.0808113700,0.2146018000,0.9733527000,True,1.0000000000,4.1089480000,0.0338027200,0.0023382110,-0.0328674500,-0.1398793000,0.2298006000,0.9631332000,0.0090391240,0.0022259680,-0.0318351300,-0.0581672700,0.2254516000,0.9725164000,0.0000000000,
32.37403,22721,True,1.0000000000,4.0756070000,-0.0328261000,0.0020256350,-0.0300505900,0.0865184700,0.2127713000,0.9732640000,True,1.0000000000,4.1238250000,0.0337924400,0.0023468320,-0.0328673700,-0.1380778000,0.2316760000,0.9629438000,0.0107129100,0.0022355500,-0.0318915100,-0.0606240200,0.2264436000,0.9721358000,0.0000000000,
32.38548,22729,True,1.0000000000,4.0921780000,-0.0328307800,0.0020269780,-0.0300501000,0.0850842400,0.2134125000,0.9732502000,True,1.0000000000,4.1698000000,0.0337885300,0.0023541870,-0.0328559600,-0.1295934000,0.2257852000,0.9655188000,0.0118665300,0.0022465210,-0.0319326500,-0.0592505600,0.2228572000,0.9730489000,0.0000000000,
32.39644,22737,True,1.0000000000,4.0760500000,-0.0328354800,0.0020283360,-0.0300496100,0.0834353600,0.2136238000,0.9733465000,True,1.0000000000,4.2053220000,0.0337889300,0.0023697200,-0.0328673000,-0.1373145000,0.2338421000,0.9625293000,0.0125836800,0.0022610630,-0.0319704700,-0.0674144700,0.2286263000,0.9711773000,0.0000000000,
32.42043,22746,True,1.0000000000,4.0946810000,-0.0328349300,0.0020301060,-0.0300501000,0.0828716600,0.2168305000,0.9726853000,True,1.0000000000,4.1441350000,0.0337984200,0.0023814090,-0.0328730000,-0.1353468000,0.2381311000,0.9617561000,0.0118120900,0.0022654880,-0.0319415400,-0.0636910600,0.2323335000,0.9705486000,0.0000000000,
32.42965,22762,True,1.0000000000,4.0802920000,-0.0328343700,0.0020318760,-0.0300505900,0.0830844500,0.2195138000,0.9720652000,True,1.0000000000,4.0921020000,0.0338329500,0.0023650360,-0.0328622300,-0.1248026000,0.2359943000,0.9637069000,0.0108592200,0.0022502290,-0.0318933300,-0.0534211200,0.2314610000,0.9713764000,0.0000000000,
32.42965,22771,True,1.0000000000,3.9910280000,-0.0327865100,0.0020750280,-0.0301127600,0.0901644300,0.2093206000,0.9736813000,True,1.0000000000,4.1478730000,0.0338647900,0.0023466490,-0.0328398500,-0.1247869000,0.2273111000,0.9657939000,0.0084562390,0.0022431030,-0.0318002300,-0.0430757400,0.2216654000,0.9741709000,0.0000000000,
32.44076,22787,True,1.0000000000,4.0357670000,-0.0327680800,0.0020791170,-0.0300698300,0.0964058400,0.2064226000,0.9737020000,True,1.0000000000,4.1284330000,0.0339248500,0.0023166200,-0.0328420700,-0.1248333000,0.2355979000,0.9637999000,0.0066736910,0.0022195740,-0.0317093200,-0.0346377900,0.2250388000,0.9737340000,0.0000000000,
32.4523,22796,True,1.0000000000,4.0312350000,-0.0327318400,0.0020724330,-0.0300583200,0.0849313600,0.2047447000,0.9751237000,True,1.0000000000,4.1718750000,0.0339386000,0.0023037260,-0.0328308700,-0.1276569000,0.2276187000,0.9653463000,0.0031299590,0.0021968540,-0.0315496700,-0.0295868300,0.2182925000,0.9754347000,0.0000000000,
32.46922,22804,True,1.0000000000,4.0951690000,-0.0327289900,0.0020790410,-0.0300461700,0.0942388300,0.2059949000,0.9740047000,True,1.0000000000,4.1762240000,0.0339553400,0.0022923590,-0.0328135700,-0.1123983000,0.2200967000,0.9689810000,-0.0011788030,0.0021799620,-0.0313555000,-0.0035400870,0.2138243000,0.9768657000,0.0000000000,
32.48801,22812,True,1.0000000000,4.1121830000,-0.0327277900,0.0020715480,-0.0300314500,0.0948032400,0.2019509000,0.9747965000,True,1.0000000000,4.1836400000,0.0339599300,0.0022903140,-0.0328112500,-0.1120005000,0.2195302000,0.9691555000,-0.0014635620,0.0021741180,-0.0313346600,-0.0021515170,0.2113217000,0.9774142000,0.0000000000,
32.49654,22837,True,1.0000000000,4.1474150000,-0.0327957000,0.0019971010,-0.0299652600,0.0905316500,0.2009153000,0.9754164000,True,1.0000000000,4.1969600000,0.0339142000,0.0022836610,-0.0328013200,-0.1161356000,0.2233447000,0.9677963000,-0.0013334810,0.0021322480,-0.0313028300,-0.0069733420,0.2126335000,0.9771072000,0.0000000000,
32.50745,22846,True,1.0000000000,4.1177220000,-0.0329401300,0.0020460210,-0.0301070600,0.0527803400,0.2195595000,0.9741703000,True,1.0000000000,4.1267700000,0.0337677900,0.0023410490,-0.0328673100,-0.1459367000,0.2424801000,0.9591172000,-0.0008674012,0.0021878660,-0.0314341700,-0.0429691200,0.2317525000,0.9718253000,0.0000000000,
32.50745,22854,True,1.0000000000,4.0991210000,-0.0330856000,0.0020758970,-0.0301448800,0.0324403500,0.2211925000,0.9746905000,True,1.0000000000,4.1835630000,0.0336023100,0.0023600160,-0.0328695700,-0.1704269000,0.2318288000,0.9577109000,0.0039778900,0.0022338100,-0.0316592000,-0.0807202100,0.2282749000,0.9702447000,0.0000000000,
32.51864,22862,True,1.0000000000,4.1784520000,-0.0332183700,0.0020728300,-0.0301875500,0.0089111710,0.2307139000,0.9729809000,True,1.0000000000,4.2431490000,0.0334746300,0.0023860020,-0.0328792100,-0.1936204000,0.2350331000,0.9525075000,0.0075850680,0.0022644350,-0.0318343400,-0.1155560000,0.2345148000,0.9652200000,0.0000000000,
32.52958,22871,True,1.0000000000,4.0523990000,-0.0333126400,0.0020823670,-0.0302068600,-0.0244754100,0.2331420000,0.9721346000,True,1.0000000000,4.2257230000,0.0333857100,0.0024202270,-0.0328922100,-0.2133053000,0.2250547000,0.9507110000,0.0101670200,0.0023026120,-0.0319574000,-0.1481804000,0.2288091000,0.9621273000,0.0000000000,
32.5406,22879,True,1.0000000000,4.0884550000,-0.0333346000,0.0021038360,-0.0302191900,-0.0362549600,0.2403112000,0.9700186000,True,1.0000000000,4.2195740000,0.0333760100,0.0024148560,-0.0328899100,-0.2104965000,0.2233292000,0.9517432000,0.0129765600,0.0023197480,-0.0320732300,-0.1577326000,0.2292821000,0.9604948000,0.0000000000,
32.5406,22887,True,1.0000000000,4.1448970000,-0.0333105500,0.0020961150,-0.0301980200,-0.0173341700,0.2289148000,0.9732921000,True,1.0000000000,4.2736970000,0.0334187500,0.0023780520,-0.0328846500,-0.2021804000,0.2319506000,0.9514841000,0.0144840200,0.0022980500,-0.0321223000,-0.1502540000,0.2319042000,0.9610641000,0.0000000000,
32.55219,22896,True,1.0000000000,4.1038670000,-0.0332730600,0.0020832520,-0.0302074600,-0.0243686700,0.2308386000,0.9726869000,True,1.0000000000,4.2551420000,0.0334673300,0.0023541720,-0.0328888400,-0.1961991000,0.2401906000,0.9506915000,0.0148859900,0.0022787480,-0.0321423200,-0.1488044000,0.2383128000,0.9597209000,0.0000000000,
32.56284,22904,True,1.0000000000,4.1181640000,-0.0332345600,0.0020785220,-0.0301871000,-0.0062409470,0.2234229000,0.9747016000,True,1.0000000000,4.2030790000,0.0335177500,0.0023302160,-0.0328758900,-0.1962307000,0.2344545000,0.9521158000,0.0134241000,0.0022544560,-0.0320665100,-0.1395889000,0.2320276000,0.9626412000,0.0000000000,
32.5743,22912,True,1.0000000000,4.1663060000,-0.0332096000,0.0020865940,-0.0301787600,-0.0050659830,0.2234678000,0.9746982000,True,1.0000000000,4.1984710000,0.0335458200,0.0023244940,-0.0328746500,-0.1905836000,0.2351701000,0.9530860000,0.0103395500,0.0022417910,-0.0319374700,-0.1266026000,0.2320260000,0.9644355000,0.0000000000,
32.5743,22921,True,1.0000000000,4.0858760000,-0.0331885700,0.0020952460,-0.0301680800,-0.0034637470,0.2174074000,0.9760748000,True,1.0000000000,4.2607880000,0.0335657200,0.0023245090,-0.0328723000,-0.1949186000,0.2313724000,0.9531388000,0.0037441710,0.0022220920,-0.0316642200,-0.1098940000,0.2261814000,0.9678664000,0.0000000000,
32.5743,22929,True,1.0000000000,4.1569980000,-0.0331778700,0.0020982360,-0.0301693400,-0.0027313380,0.2197125000,0.9755608000,True,1.0000000000,4.2742770000,0.0335823200,0.0023226320,-0.0328666900,-0.1876692000,0.2299668000,0.9549322000,0.0020531310,0.0022166440,-0.0315928000,-0.1007695000,0.2261058000,0.9688765000,0.0000000000,
32.5961,22937,True,1.0000000000,4.1490480000,-0.0331654400,0.0020954440,-0.0301670900,0.0004119886,0.2176978000,0.9760162000,True,1.0000000000,4.2338870000,0.0335921600,0.0023104100,-0.0328555100,-0.1876252000,0.2205084000,0.9571692000,0.0014005890,0.0022067570,-0.0315591100,-0.0973678500,0.2201420000,0.9705962000,0.0000000000,
32.5961,22946,True,1.0000000000,4.0950160000,-0.0331520300,0.0020810090,-0.0301425500,0.0130616000,0.2023633000,0.9792234000,True,1.0000000000,4.2149660000,0.0336032600,0.0023033140,-0.0328558200,-0.1806978000,0.2211190000,0.9583604000,0.0019852910,0.0021980290,-0.0315707100,-0.0893404200,0.2132573000,0.9729027000,0.0000000000,
32.60772,22954,True,1.0000000000,4.2021330000,-0.0331414000,0.0020687720,-0.0301537800,0.0045013810,0.2088183000,0.9779441000,True,1.0000000000,4.2457280000,0.0336129800,0.0022976840,-0.0328544300,-0.1755383000,0.2214828000,0.9592349000,0.0018778080,0.0021888580,-0.0315705400,-0.0903021800,0.2163560000,0.9721295000,0.0000000000,
32.61846,22962,True,1.0000000000,4.1745150000,-0.0331330700,0.0020491330,-0.0301383200,0.0112152800,0.1997997000,0.9797726000,True,1.0000000000,4.2518620000,0.0336262500,0.0022875370,-0.0328509400,-0.1719995000,0.2260316000,0.9588148000,0.0014837800,0.0021727450,-0.0315449100,-0.0841535800,0.2143284000,0.9731297000,0.0000000000,
32.61846,22970,True,1.0000000000,4.1664280000,-0.0331185500,0.0020327150,-0.0301473100,0.0235597100,0.2042096000,0.9786437000,True,1.0000000000,4.1563110000,0.0336441200,0.0022816160,-0.0328437800,-0.1712819000,0.2214229000,0.9600179000,0.0011860810,0.0021606140,-0.0315328400,-0.0769205000,0.2140834000,0.9737821000,0.0000000000,
32.64324,22979,True,1.0000000000,4.1243130000,-0.0331030500,0.0020228270,-0.0301532800,0.0234376700,0.2056747000,0.9783397000,True,1.0000000000,4.2648930000,0.0336679700,0.0022680670,-0.0328215800,-0.1640641000,0.2169821000,0.9622899000,0.0005441437,0.0021464080,-0.0314978800,-0.0713511400,0.2123139000,0.9745932000,0.0000000000,
32.69588,22987,True,1.0000000000,4.1628110000,-0.0330904600,0.0019946750,-0.0300784500,0.0253603000,0.2034012000,0.9787670000,True,1.0000000000,4.1354980000,0.0336925100,0.0022563630,-0.0328001100,-0.1597309000,0.2070337000,0.9652062000,0.0006823273,0.0021270140,-0.0314548200,-0.0685273600,0.2061314000,0.9761218000,0.0000000000,
32.70699,23029,True,1.0000000000,4.1424260000,-0.0332170000,0.0019828640,-0.0301531500,-0.0028228850,0.2080848000,0.9781067000,True,1.0000000000,4.2253720000,0.0335233500,0.0022854460,-0.0328490500,-0.1772488000,0.2181430000,0.9596856000,0.0004222107,0.0021353760,-0.0315119700,-0.0910965500,0.2139777000,0.9725816000,0.0000000000,
32.7186,23054,True,1.0000000000,4.3211820000,-0.0339370900,0.0021630100,-0.0303617600,-0.1606773000,0.2489049000,0.9551069000,True,1.0000000000,4.3674160000,0.0326626400,0.0025086370,-0.0330498400,-0.3383225000,0.2497440000,0.9072849000,-0.0031309360,0.0023228910,-0.0316051400,-0.2438845000,0.2503543000,0.9369328000,0.0000000000,
32.72932,23062,True,1.0000000000,4.3014220000,-0.0340906100,0.0021602780,-0.0304057600,-0.1923699000,0.2496063000,0.9490472000,True,1.0000000000,4.2835080000,0.0325110600,0.0025277860,-0.0330949400,-0.3597595000,0.2526571000,0.8981857000,-0.0077966160,0.0023053740,-0.0314674200,-0.2594020000,0.2517420000,0.9323822000,0.0000000000,
32.74035,23070,True,1.0000000000,4.2787170000,-0.0341230800,0.0021637270,-0.0304121700,-0.1929036000,0.2515132000,0.9484352000,True,1.0000000000,4.2443390000,0.0325202000,0.0025183260,-0.0330886400,-0.3547842000,0.2514968000,0.9004874000,-0.0095209360,0.0022946320,-0.0314002300,-0.2535140000,0.2523391000,0.9338392000,0.0000000000,
32.74035,23087,True,1.0000000000,4.3200380000,-0.0340306400,0.0021557010,-0.0303829100,-0.1705494000,0.2476682000,0.9537156000,True,1.0000000000,4.3992160000,0.0326734800,0.0024884190,-0.0330543200,-0.3500271000,0.2480357000,0.9033046000,-0.0102538000,0.0022743070,-0.0313351300,-0.2354620000,0.2487984000,0.9394982000,0.0000000000,
32.75161,23095,True,1.0000000000,4.2780150000,-0.0339757100,0.0021642000,-0.0303636800,-0.1663827000,0.2398694000,0.9564410000,True,1.0000000000,4.3234100000,0.0327293900,0.0024810790,-0.0330484200,-0.3374671000,0.2553892000,0.9060311000,-0.0097253880,0.0022793880,-0.0313397100,-0.2294337000,0.2464169000,0.9416150000,0.0000000000,
32.76987,23104,True,1.0000000000,4.3526000000,-0.0339245600,0.0021787260,-0.0303682300,-0.1621418000,0.2519255000,0.9540669000,True,1.0000000000,4.3167720000,0.0327879200,0.0024866490,-0.0330313400,-0.3373286000,0.2456379000,0.9087747000,-0.0087124480,0.0022950900,-0.0313746700,-0.2292358000,0.2505221000,0.9405794000,0.0000000000,
32.77615,23112,True,1.0000000000,4.1906590000,-0.0338876100,0.0021738440,-0.0303443600,-0.1481338000,0.2397485000,0.9594671000,True,1.0000000000,4.2763980000,0.0328326600,0.0024751590,-0.0330237700,-0.3235220000,0.2526591000,0.9118645000,-0.0078461150,0.0022914580,-0.0313901500,-0.2174415000,0.2457623000,0.9446269000,0.0000000000,
32.7848,23120,True,1.0000000000,4.2452850000,-0.0338497000,0.0021664280,-0.0303284300,-0.1406576000,0.2345769000,0.9618675000,True,1.0000000000,4.4429170000,0.0328939100,0.0024662480,-0.0330107400,-0.3261305000,0.2491794000,0.9118928000,-0.0057744140,0.0022925420,-0.0314567300,-0.2196695000,0.2418104000,0.9451312000,0.0000000000,
32.79603,23137,True,1.0000000000,4.1753540000,-0.0337503500,0.0021578060,-0.0303058000,-0.1271385000,0.2305949000,0.9647081000,True,1.0000000000,4.2265780000,0.0330019600,0.0024182130,-0.0329771500,-0.2972587000,0.2443103000,0.9230112000,-0.0043199920,0.0022726140,-0.0314835700,-0.2029133000,0.2375511000,0.9499451000,0.0000000000,
32.80696,23145,True,1.0000000000,4.2601470000,-0.0337107600,0.0021441350,-0.0303024600,-0.1200267000,0.2348500000,0.9645927000,True,1.0000000000,4.2481990000,0.0330601400,0.0023938450,-0.0329684000,-0.2940840000,0.2426769000,0.9244580000,-0.0032188420,0.0022581640,-0.0315199000,-0.2003046000,0.2393828000,0.9500390000,0.0000000000,
32.81822,23162,True,1.0000000000,4.1585080000,-0.0335887100,0.0021206820,-0.0302757000,-0.0989240200,0.2322265000,0.9676182000,True,1.0000000000,4.2442630000,0.0331674100,0.0023461760,-0.0329533000,-0.2828857000,0.2467373000,0.9268745000,-0.0032912290,0.0022230230,-0.0314909400,-0.1832309000,0.2398725000,0.9533560000,0.0000000000,
32.81822,23170,True,1.0000000000,4.1537020000,-0.0335408600,0.0020932620,-0.0302611400,-0.0915988800,0.2459116000,0.9649545000,True,1.0000000000,4.3194890000,0.0332222900,0.0023360440,-0.0329328000,-0.2767805000,0.2344677000,0.9318892000,-0.0033246000,0.0022031400,-0.0314703100,-0.1761792000,0.2417925000,0.9541999000,0.0000000000,
32.82996,23179,True,1.0000000000,4.1912230000,-0.0334949000,0.0020936280,-0.0302342200,-0.0823829700,0.2299674000,0.9697051000,True,1.0000000000,4.2753750000,0.0332691700,0.0023313910,-0.0329258000,-0.2710121000,0.2312934000,0.9343746000,-0.0030538030,0.0022020420,-0.0314614600,-0.1691600000,0.2316299000,0.9579835000,0.0000000000,
32.84067,23187,True,1.0000000000,4.2129360000,-0.0334473300,0.0021140900,-0.0302310800,-0.0831459900,0.2289147000,0.9698891000,True,1.0000000000,4.3108060000,0.0333068900,0.0023313910,-0.0329209800,-0.2675516000,0.2342106000,0.9346452000,-0.0020432130,0.0022163090,-0.0314965200,-0.1706555000,0.2324235000,0.9575260000,0.0000000000,
32.85195,23195,True,1.0000000000,4.1469120000,-0.0334064200,0.0021182400,-0.0302096400,-0.0735172200,0.2163402000,0.9735462000,True,1.0000000000,4.2175900000,0.0333491100,0.0023389740,-0.0329144600,-0.2541822000,0.2322247000,0.9388627000,0.0022403870,0.0022361150,-0.0316539900,-0.1707172000,0.2257868000,0.9591017000,0.0000000000,
32.86282,23204,True,1.0000000000,4.1096190000,-0.0333729400,0.0021397710,-0.0302319800,-0.0778055900,0.2364075000,0.9685338000,True,1.0000000000,4.2574460000,0.0333907600,0.0023449100,-0.0329128400,-0.2517587000,0.2308080000,0.9398645000,0.0017798920,0.0022477880,-0.0316435200,-0.1700449000,0.2343763000,0.9571586000,0.0000000000,
32.86282,23212,True,1.0000000000,4.0839080000,-0.0333477000,0.0021435240,-0.0302137500,-0.0618597700,0.2279534000,0.9717050000,True,1.0000000000,4.2054750000,0.0334252900,0.0023422090,-0.0329019700,-0.2419009000,0.2230407000,0.9443182000,0.0019187620,0.0022484590,-0.0316335400,-0.1575946000,0.2263057000,0.9612231000,0.0000000000,
32.87411,23220,True,1.0000000000,4.1293030000,-0.0333249700,0.0021491850,-0.0302102500,-0.0512850800,0.2310957000,0.9715784000,True,1.0000000000,4.2699740000,0.0334626600,0.0023364560,-0.0328983200,-0.2329422000,0.2240005000,0.9463412000,0.0023542630,0.0022492370,-0.0316462700,-0.1489579000,0.2282587000,0.9621380000,0.0000000000,
32.88538,23229,True,1.0000000000,4.1753540000,-0.0332813700,0.0021506200,-0.0302007000,-0.0452120500,0.2253583000,0.9732263000,True,1.0000000000,4.2234040000,0.0335017700,0.0023284450,-0.0328960000,-0.2290818000,0.2262284000,0.9467536000,0.0018598180,0.0022441870,-0.0316189600,-0.1425796000,0.2267937000,0.9634499000,0.0000000000,
32.90818,23237,True,1.0000000000,4.1437230000,-0.0332486100,0.0021485900,-0.0301956500,-0.0479434600,0.2235276000,0.9735178000,True,1.0000000000,4.1622770000,0.0335433800,0.0023246460,-0.0329020100,-0.2229336000,0.2288846000,0.9475824000,0.0015356140,0.0022402800,-0.0316050700,-0.1396195000,0.2272059000,0.9637862000,0.0000000000,
32.93186,23245,True,1.0000000000,4.1398770000,-0.0332189500,0.0021405640,-0.0301840700,-0.0345920200,0.2253746000,0.9736579000,True,1.0000000000,4.1657870000,0.0335754900,0.0023123480,-0.0328946200,-0.2249031000,0.2176855000,0.9497535000,0.0014948880,0.0022298430,-0.0315927800,-0.1341102000,0.2223980000,0.9656881000,0.0000000000,
32.9404,23262,True,1.0000000000,4.1300660000,-0.0331306800,0.0021279600,-0.0301623700,-0.0314182300,0.2096278000,0.9772763000,True,1.0000000000,4.1143040000,0.0336311000,0.0022467350,-0.0328862000,-0.2141576000,0.2361150000,0.9478323000,0.0016055450,0.0021897580,-0.0315795900,-0.1270463000,0.2243834000,0.9661839000,0.0000000000,
32.9404,23279,True,1.0000000000,4.0977480000,-0.0330880900,0.0021179050,-0.0301548300,-0.0321049500,0.2083007000,0.9775378000,True,1.0000000000,4.1958160000,0.0336828200,0.0022457120,-0.0328710300,-0.2127878000,0.2307935000,0.9494502000,0.0022619930,0.0021855620,-0.0315928500,-0.1282976000,0.2211486000,0.9667642000,0.0000000000,
32.95149,23295,True,1.0000000000,4.0470890000,-0.0330719300,0.0021152190,-0.0301471400,-0.0129548200,0.2111681000,0.9773639000,True,1.0000000000,4.2448430000,0.0337124500,0.0022509610,-0.0328482400,-0.2017394000,0.2145264000,0.9556566000,0.0022306670,0.0021869660,-0.0315749500,-0.1132513000,0.2139140000,0.9702654000,0.0000000000,
32.96246,23304,True,1.0000000000,4.1401670000,-0.0330657400,0.0021074680,-0.0301400300,-0.0093231730,0.2106640000,0.9775141000,True,1.0000000000,4.1655730000,0.0337244900,0.0022494970,-0.0328483000,-0.1933626000,0.2163732000,0.9569710000,0.0022773130,0.0021826170,-0.0315731500,-0.1071636000,0.2146018000,0.9708048000,0.0000000000,
32.98479,23312,True,1.0000000000,4.0173030000,-0.0330557400,0.0020930480,-0.0301268300,-0.0074158870,0.2053865000,0.9786528000,True,1.0000000000,4.1343840000,0.0337370800,0.0022391050,-0.0328415700,-0.1939258000,0.2102071000,0.9582305000,0.0018176580,0.0021693120,-0.0315442400,-0.1052566000,0.2088195000,0.9722733000,0.0000000000,
32.99577,23329,True,1.0000000000,4.1474760000,-0.0330282900,0.0020573430,-0.0301035300,0.0056610810,0.2043635000,0.9788787000,True,1.0000000000,4.1069950000,0.0337681000,0.0022087250,-0.0328313600,-0.1850463000,0.2183720000,0.9581605000,0.0014768520,0.0021355440,-0.0315126500,-0.0932780700,0.2125727000,0.9726830000,0.0000000000,
33.00682,23345,True,1.0000000000,4.0781400000,-0.0329944200,0.0020394440,-0.0301074500,0.0086517710,0.1976022000,0.9802442000,True,1.0000000000,4.0833280000,0.0338019600,0.0021683200,-0.0327856300,-0.1863727000,0.2107718000,0.9596043000,-0.0001718445,0.0021027680,-0.0314234600,-0.0876018100,0.2050654000,0.9748200000,0.0000000000,
33.00682,23354,True,1.0000000000,4.0958710000,-0.0329865000,0.0020118260,-0.0300557900,0.0065002940,0.2018601000,0.9793928000,True,1.0000000000,4.1537020000,0.0338246500,0.0021501920,-0.0327629900,-0.1827560000,0.2151507000,0.9593281000,-0.0001236572,0.0020798800,-0.0313873900,-0.0869760900,0.2093530000,0.9739643000,0.0000000000,
33.02047,23362,True,1.0000000000,4.1661830000,-0.0329706700,0.0020059820,-0.0300428800,0.0094605640,0.1988855000,0.9799771000,True,1.0000000000,4.1576390000,0.0338415800,0.0021247410,-0.0326980600,-0.1783607000,0.2057045000,0.9622231000,-0.0029217070,0.0020593870,-0.0312370600,-0.0753329800,0.2028513000,0.9763075000,0.0000000000,
33.02893,23370,True,1.0000000000,4.0796810000,-0.0329553200,0.0020102080,-0.0300485200,0.0088654800,0.2035093000,0.9790329000,True,1.0000000000,4.0966190000,0.0338577600,0.0021223150,-0.0326821900,-0.1734327000,0.2039658000,0.9634931000,-0.0067312620,0.0020542140,-0.0310822300,-0.0629275500,0.2044993000,0.9768419000,0.0000000000,
33.02893,23379,True,1.0000000000,4.1563420000,-0.0329485500,0.0020100100,-0.0300342300,0.0151979900,0.2012055000,0.9794312000,True,1.0000000000,4.0651550000,0.0338727300,0.0021229250,-0.0326604900,-0.1665811000,0.2010814000,0.9653067000,-0.0083549800,0.0020515750,-0.0310008200,-0.0518957000,0.2019370000,0.9780226000,0.0000000000,
33.04047,23387,True,1.0000000000,4.1497960000,-0.0329470100,0.0020093990,-0.0300330400,0.0177308300,0.1999982000,0.9796358000,True,1.0000000000,4.1565860000,0.0338827800,0.0021267850,-0.0326505800,-0.1757378000,0.1974665000,0.9644290000,-0.0100552700,0.0020496070,-0.0309296400,-0.0487370500,0.1999837000,0.9785863000,0.0000000000,
33.05179,23395,True,1.0000000000,4.1556700000,-0.0329454800,0.0020100100,-0.0300342300,0.0203095000,0.2011877000,0.9793422000,True,1.0000000000,4.1300050000,0.0338926200,0.0021330720,-0.0326438600,-0.1637432000,0.2005476000,0.9659031000,-0.0121346300,0.0020483250,-0.0308467700,-0.0371248800,0.2017378000,0.9787357000,0.0000000000,
33.06251,23404,True,1.0000000000,4.1493380000,-0.0329444600,0.0020101620,-0.0300330400,0.0209047100,0.1999833000,0.9795762000,True,1.0000000000,4.1997530000,0.0339009900,0.0021356660,-0.0326370700,-0.1652705000,0.2022584000,0.9652861000,-0.0121652100,0.0020491790,-0.0308425100,-0.0370943500,0.2014478000,0.9787966000,0.0000000000,
33.07354,23412,True,1.0000000000,4.1102600000,-0.0329268400,0.0019950410,-0.0299889400,0.0222169300,0.2001507000,0.9795132000,True,1.0000000000,4.2138520000,0.0339095600,0.0021269680,-0.0326135600,-0.1670097000,0.2017850000,0.9650858000,-0.0098023380,0.0020406800,-0.0308970200,-0.0434115000,0.2015240000,0.9785211000,0.0000000000,
33.07354,23420,True,1.0000000000,4.1217800000,-0.0329181600,0.0019756160,-0.0299513300,0.0239870800,0.1999228000,0.9795180000,True,1.0000000000,4.1937260000,0.0339245300,0.0020845490,-0.0324903700,-0.1564801000,0.1943223000,0.9683764000,-0.0087786260,0.0020149540,-0.0308682700,-0.0413364800,0.1986562000,0.9791971000,0.0000000000,
33.09758,23429,True,1.0000000000,4.0257260000,-0.0328943400,0.0019993900,-0.0300403800,0.0274964000,0.2003331000,0.9793419000,True,1.0000000000,4.2225800000,0.0339406400,0.0020597230,-0.0324302400,-0.1546647000,0.1959096000,0.9683481000,-0.0139726900,0.0020164640,-0.0307169700,-0.0241396600,0.1997550000,0.9795485000,0.0000000000,
33.10683,23437,True,1.0000000000,4.1025540000,-0.0328734300,0.0019744870,-0.0299789100,0.0244753400,0.1927051000,0.9809514000,True,1.0000000000,4.2811580000,0.0339542900,0.0020405280,-0.0323993700,-0.1623244000,0.1972521000,0.9668208000,-0.0198215200,0.0019873810,-0.0304516500,-0.0120392700,0.1941237000,0.9809032000,0.0000000000,
33.11829,23445,True,1.0000000000,4.0518490000,-0.0328519900,0.0019801030,-0.0300112800,0.0269626100,0.2027307000,0.9788633000,True,1.0000000000,4.1765590000,0.0339701100,0.0020329900,-0.0324153200,-0.1573201000,0.2008082000,0.9669160000,-0.0232717200,0.0019876860,-0.0303559400,0.0005340661,0.2028841000,0.9792026000,0.0000000000,
33.11829,23462,True,1.0000000000,4.0743100000,-0.0328043400,0.0019820400,-0.0300328400,0.0320285400,0.1886769000,0.9815168000,True,1.0000000000,4.1959380000,0.0340212600,0.0019918210,-0.0323432200,-0.1571370000,0.1915459000,0.9688231000,-0.0255090500,0.0019831090,-0.0302850500,0.0113984100,0.1893173000,0.9818498000,0.0000000000,
33.14016,23479,True,1.0000000000,4.1621550000,-0.0327748700,0.0018245390,-0.0295643500,0.0445712900,0.1942307000,0.9799427000,True,1.0000000000,4.1626430000,0.0340766000,0.0019715120,-0.0323430300,-0.1616848000,0.1929048000,0.9678046000,-0.0121064200,0.0018699800,-0.0304234300,-0.0192719600,0.1947033000,0.9806728000,0.0000000000,
33.14016,23487,True,1.0000000000,4.0431370000,-0.0327552000,0.0018482670,-0.0296300400,0.0434879600,0.1956195000,0.9797152000,True,1.0000000000,4.2365880000,0.0340970000,0.0019389190,-0.0322718200,-0.1455251000,0.1967039000,0.9696031000,0.0113267400,0.0019080350,-0.0313720100,-0.0814676700,0.1971307000,0.9769864000,0.0000000000,
33.15155,23495,True,1.0000000000,4.1913600000,-0.0327443000,0.0018343510,-0.0295554800,0.0509649700,0.1957116000,0.9793363000,True,1.0000000000,4.2568820000,0.0341103200,0.0019153600,-0.0322082400,-0.1493538000,0.1920939000,0.9699450000,0.0281192300,0.0019080960,-0.0319705200,-0.1316225000,0.1927341000,0.9723832000,0.0000000000,
33.16236,23504,True,1.0000000000,4.1292270000,-0.0327346100,0.0018358770,-0.0295375200,0.0546572800,0.1934367000,0.9795891000,True,1.0000000000,4.1129760000,0.0341209700,0.0019064490,-0.0321831700,-0.1461048000,0.1904626000,0.9707612000,0.0317199700,0.0019039160,-0.0320881500,-0.1389946000,0.1907075000,0.9717567000,0.0000000000,
33.16236,23512,True,1.0000000000,4.1310120000,-0.0327184000,0.0018328250,-0.0295085500,0.0452729500,0.1927038000,0.9802120000,True,1.0000000000,4.2265630000,0.0341332100,0.0018844610,-0.0321252300,-0.1451424000,0.1936961000,0.9702657000,0.0327084400,0.0018833620,-0.0320694700,-0.1411297000,0.1937424000,0.9708482000,0.0000000000,
33.17332,23520,True,1.0000000000,4.1301270000,-0.0327025900,0.0018346860,-0.0295049100,0.0468603400,0.1956659000,0.9795504000,True,1.0000000000,4.1748200000,0.0341419200,0.0018616490,-0.0320572200,-0.1465001000,0.2025610000,0.9682493000,0.0323708800,0.0018609320,-0.0319896000,-0.1414503000,0.2024708000,0.9690188000,0.0000000000,
33.18517,23529,True,1.0000000000,4.1265260000,-0.0326971300,0.0018348080,-0.0295046500,0.0478059700,0.1958626000,0.9794654000,True,1.0000000000,4.2224580000,0.0341470200,0.0018494720,-0.0320256800,-0.1410382000,0.2010057000,0.9693838000,0.0287287600,0.0018482820,-0.0318213200,-0.1258873000,0.2008550000,0.9714986000,0.0000000000,
33.1955,23537,True,1.0000000000,4.1082150000,-0.0326662500,0.0018751830,-0.0295504500,0.0439000600,0.1851371000,0.9817317000,True,1.0000000000,4.2516170000,0.0341591400,0.0018236090,-0.0319737700,-0.1290445000,0.1946730000,0.9723426000,0.0157214800,0.0018378300,-0.0313051600,-0.0815737900,0.1926124000,0.9778785000,0.0000000000,
33.20675,23545,True,1.0000000000,4.0736850000,-0.0325859900,0.0020511480,-0.0298328300,0.0562140100,0.2041649000,0.9773212000,True,1.0000000000,4.2519840000,0.0341877200,0.0020316010,-0.0324344600,-0.1211722000,0.2180519000,0.9683856000,0.0019576880,0.0020410460,-0.0311787100,-0.0356755700,0.2121918000,0.9765766000,0.0000000000,
33.21826,23554,True,1.0000000000,4.1053470000,-0.0324736900,0.0022037970,-0.0299488800,0.0722206400,0.2579679000,0.9634504000,True,1.0000000000,4.2921750000,0.0342213300,0.0022006070,-0.0325513800,-0.0948641400,0.2585761000,0.9613215000,-0.0143587500,0.0022029270,-0.0306557300,0.0269016800,0.2588390000,0.9655458000,0.0000000000,
33.21826,23562,True,1.0000000000,4.0968480000,-0.0324136200,0.0023433530,-0.0299726700,0.0890208400,0.2690767000,0.9589959000,True,1.0000000000,4.0867920000,0.0342508900,0.0023281400,-0.0325786100,-0.0869452100,0.2742329000,0.9577248000,-0.0075130010,0.0023376770,-0.0309460500,0.0233767100,0.2719908000,0.9620159000,0.0000000000,
33.24005,23570,True,1.0000000000,4.0635380000,-0.0323626700,0.0024377900,-0.0299973900,0.0936282600,0.2828684000,0.9545780000,True,1.0000000000,4.2555690000,0.0342688400,0.0023933570,-0.0325986800,-0.0857705200,0.2876158000,0.9538975000,-0.0075750740,0.0024212650,-0.0309650900,0.0269777000,0.2857073000,0.9579372000,0.0000000000,
33.27158,23579,True,1.0000000000,4.0486760000,-0.0323636900,0.0024396360,-0.0299822700,0.0908065300,0.2712294000,0.9582217000,True,1.0000000000,4.0940700000,0.0342886700,0.0023946990,-0.0325904900,-0.1003881000,0.2793899000,0.9549155000,-0.0121571200,0.0024260100,-0.0307729800,0.0329745100,0.2747672000,0.9609452000,0.0000000000,
33.30952,23620,True,1.0000000000,4.0563810000,-0.0323607000,0.0023875730,-0.0299732500,0.0914768700,0.2674573000,0.9592177000,True,1.0000000000,4.1687770000,0.0343681200,0.0023356780,-0.0325861100,-0.0756688800,0.2773457000,0.9577858000,-0.0166940300,0.0023753820,-0.0305867000,0.0523690100,0.2704664000,0.9613040000,0.0000000000,
33.31811,23637,True,1.0000000000,4.0955810000,-0.0323472100,0.0023823850,-0.0299676200,0.0955969500,0.2636279000,0.9598758000,True,1.0000000000,4.2327120000,0.0344051200,0.0023064730,-0.0325795000,-0.0767978000,0.2749797000,0.9583779000,-0.0195423900,0.0023678290,-0.0304686400,0.0626684900,0.2664212000,0.9618172000,0.0000000000,
33.32894,23662,True,1.0000000000,4.0233920000,-0.0323369500,0.0024049070,-0.0299672600,0.0929874100,0.2616740000,0.9606665000,True,1.0000000000,4.1943510000,0.0344313500,0.0022901150,-0.0325765900,-0.0747227100,0.2713180000,0.9595848000,-0.0171163500,0.0023787380,-0.0305620900,0.0548867200,0.2645305000,0.9628141000,0.0000000000,
33.34021,23670,True,1.0000000000,3.9449770000,-0.0323389800,0.0024123080,-0.0299734400,0.1001751000,0.2657348000,0.9588274000,True,1.0000000000,4.2314610000,0.0344331800,0.0022869110,-0.0325783100,-0.0763405200,0.2736998000,0.9587808000,-0.0128497500,0.0023757170,-0.0307337400,0.0488131600,0.2689378000,0.9619198000,0.0000000000,
33.35135,23687,True,1.0000000000,4.0393680000,-0.0323566200,0.0024017490,-0.0299599900,0.0962223900,0.2575543000,0.9614609000,True,1.0000000000,4.2353970000,0.0344188000,0.0022739720,-0.0325808900,-0.0728305000,0.2780620000,0.9577981000,-0.0008479615,0.0023414610,-0.0311966900,0.0165101600,0.2682062000,0.9632200000,0.0000000000,
33.35135,23695,True,1.0000000000,4.0353090000,-0.0323688100,0.0023953400,-0.0299675100,0.0948338900,0.2639632000,0.9598593000,True,1.0000000000,4.1388850000,0.0344096800,0.0022708440,-0.0325697500,-0.0780801800,0.2695346000,0.9598201000,-0.0017073520,0.0023381810,-0.0311623400,0.0154877300,0.2675181000,0.9634284000,0.0000000000,
33.36245,23704,True,1.0000000000,4.0320740000,-0.0323790600,0.0023844150,-0.0299646300,0.0979628700,0.2627297000,0.9598835000,True,1.0000000000,4.2651980000,0.0344015800,0.0022731170,-0.0325726000,-0.0701607800,0.2725101000,0.9595914000,-0.0017743230,0.0023334050,-0.0311598400,0.0209811600,0.2681468000,0.9631495000,0.0000000000,
33.37371,23712,True,1.0000000000,4.0278930000,-0.0323880600,0.0023723140,-0.0299627200,0.0973523900,0.2620122000,0.9601417000,True,1.0000000000,4.2612610000,0.0343979800,0.0022752690,-0.0325726900,-0.0746925800,0.2728149000,0.9591627000,-0.0010842590,0.0023268280,-0.0311860700,0.0167696200,0.2680697000,0.9632535000,0.0000000000,
33.38486,23720,True,1.0000000000,4.0082550000,-0.0323987600,0.0023638000,-0.0299631700,0.1004193000,0.2625917000,0.9596674000,True,1.0000000000,4.1400760000,0.0343871200,0.0022872320,-0.0325718300,-0.0731516100,0.2702062000,0.9600195000,-0.0002747498,0.0023269650,-0.0312179300,0.0169831100,0.2672590000,0.9634750000,0.0000000000,
33.39595,23729,True,1.0000000000,3.9869690000,-0.0324028700,0.0023601080,-0.0299651000,0.0983441700,0.2652012000,0.9591646000,True,1.0000000000,4.2382510000,0.0343822700,0.0022934570,-0.0325756700,-0.0813302800,0.2747682000,0.9580646000,0.0006526947,0.0023271180,-0.0312572200,0.0094453390,0.2710309000,0.9625243000,0.0000000000,
33.42072,23737,True,1.0000000000,4.0104520000,-0.0324069700,0.0023564150,-0.0299670400,0.0965891400,0.2670621000,0.9588265000,True,1.0000000000,4.1607670000,0.0343803700,0.0022910460,-0.0325747400,-0.0802310500,0.2728741000,0.9586985000,0.0008825684,0.0023238220,-0.0312668200,0.0084840040,0.2710151000,0.9625377000,0.0000000000,
33.4623,23762,True,1.0000000000,4.0402530000,-0.0324281300,0.0023058470,-0.0299577700,0.1000530000,0.2639036000,0.9593458000,True,1.0000000000,4.1115420000,0.0343775300,0.0022646030,-0.0325699200,-0.0777135100,0.2709063000,0.9594636000,0.0010707700,0.0022851720,-0.0312675900,0.0109559400,0.2684816000,0.9632225000,0.0000000000,
33.48467,23795,True,1.0000000000,4.0373840000,-0.0324100500,0.0024161070,-0.0299636700,0.1023421000,0.2620121000,0.9596227000,True,1.0000000000,4.1129300000,0.0343915600,0.0023499910,-0.0325680300,-0.0810865200,0.2663312000,0.9604648000,0.0009699250,0.0023830720,-0.0312650300,0.0107118100,0.2652927000,0.9641084000,0.0000000000,
33.51799,23829,True,1.0000000000,4.0411530000,-0.0321891900,0.0027923430,-0.0300936900,0.1161352000,0.3274550000,0.9377024000,True,1.0000000000,4.3231660000,0.0344469000,0.0026844480,-0.0326812000,-0.0508887900,0.3309526000,0.9422742000,0.0020359950,0.0027369230,-0.0314226700,0.0304414700,0.3304006000,0.9433498000,0.0000000000,
33.55188,23845,True,1.0000000000,3.9801940000,-0.0322419600,0.0027052460,-0.0300606400,0.1238266000,0.3116646000,0.9420893000,True,1.0000000000,4.3218690000,0.0344585700,0.0026277320,-0.0326656400,-0.0485845100,0.3217808000,0.9455668000,0.0021772460,0.0026652380,-0.0314048800,0.0349732700,0.3180706000,0.9474217000,0.0000000000,
33.61449,23879,True,1.0000000000,4.0633390000,-0.0322525700,0.0026669160,-0.0300619100,0.1323116000,0.3162751000,0.9393954000,True,1.0000000000,4.1542510000,0.0345066400,0.0025229800,-0.0326642300,-0.0491187700,0.3235216000,0.9449450000,0.0025515750,0.0025918730,-0.0314186000,0.0378726800,0.3213837000,0.9461914000,0.0000000000,
33.62865,23920,True,1.0000000000,3.9239650000,-0.0322784300,0.0025262600,-0.0300526500,0.1237951000,0.3196577000,0.9394114000,True,1.0000000000,4.3163150000,0.0345160200,0.0024329840,-0.0326493700,-0.0470279000,0.3141195000,0.9482179000,0.0029089660,0.0024771270,-0.0314206000,0.0339205100,0.3179037000,0.9475160000,0.0000000000,
33.67344,23970,True,1.0000000000,3.9340060000,-0.0322992700,0.0024549410,-0.0300251500,0.1214306000,0.3044006000,0.9447724000,True,1.0000000000,4.1112210000,0.0345132200,0.0024285740,-0.0326444400,-0.0451511400,0.3087184000,0.9500812000,0.0021964570,0.0024413300,-0.0313775100,0.0355382600,0.3076982000,0.9508201000,0.0000000000,
33.71806,23995,True,1.0000000000,3.8495330000,-0.0323116900,0.0024803470,-0.0300284400,0.1222402000,0.3039143000,0.9448246000,True,1.0000000000,4.2571410000,0.0344946500,0.0024652250,-0.0326483900,-0.0474859700,0.3122294000,0.9488192000,0.0016374820,0.0024726560,-0.0313598300,0.0361178200,0.3092522000,0.9502940000,0.0000000000,
33.78436,24054,True,1.0000000000,3.9268190000,-0.0323281300,0.0025039520,-0.0300304700,0.1204690000,0.3071921000,0.9439916000,True,1.0000000000,4.1214900000,0.0344859500,0.0025082700,-0.0326544000,-0.0461580100,0.3141186000,0.9482610000,0.0004051361,0.0025060730,-0.0313159800,0.0389558000,0.3116769000,0.9493893000,0.0000000000,
33.80666,24079,True,1.0000000000,3.9380800000,-0.0323332800,0.0025151670,-0.0300378400,0.1304786000,0.3121965000,0.9410147000,True,1.0000000000,4.1682280000,0.0344894900,0.0025470730,-0.0326648700,-0.0614327100,0.3205610000,0.9452337000,0.0006024933,0.0025308990,-0.0313326600,0.0360570300,0.3177840000,0.9474773000,0.0000000000,
33.93438,24145,True,1.0000000000,3.8967290000,-0.0330041500,0.0017480470,-0.0298183900,-0.0133516000,0.1811544000,0.9833640000,True,1.0000000000,4.2196040000,0.0335155200,0.0020092470,-0.0325550100,-0.1971461000,0.1688406000,0.9657258000,0.0061983650,0.0019019780,-0.0314311800,-0.1221778000,0.1746226000,0.9770259000,0.0000000000,
33.98006,24204,True,1.0000000000,3.8818970000,-0.0337802300,0.0011230160,-0.0299805600,-0.1274578000,0.0759589400,0.9889311000,True,1.0000000000,4.1663510000,0.0327355700,0.0015218960,-0.0325361800,-0.2999296000,0.0731818300,0.9511502000,-0.0060038300,0.0012895810,-0.0310477600,-0.2002438000,0.0750742500,0.9768655000,0.0000000000,
34.03991,24295,True,1.0000000000,4.0289920000,-0.0337521700,0.0012477110,-0.0299581200,-0.1689323000,0.0449530000,0.9846020000,True,1.0000000000,4.1103520000,0.0326357100,0.0016344910,-0.0325287700,-0.3388105000,0.0339054700,0.9402435000,-0.0097980810,0.0013872680,-0.0308856500,-0.2310656000,0.0411227600,0.9720687000,0.0000000000,
34.10666,24370,True,1.0000000000,3.9369200000,-0.0334831700,0.0013964840,-0.0299774300,-0.1581888000,-0.0599673900,0.9855862000,True,1.0000000000,4.1719210000,0.0328734400,0.0016461490,-0.0325178800,-0.3217486000,-0.0653079800,0.9445701000,-0.0125567900,0.0014752200,-0.0307786000,-0.2104200000,-0.0618442500,0.9756529000,0.0000000000,
34.10666,24404,True,1.0000000000,3.8976140000,-0.0330873000,0.0020097200,-0.0316304500,-0.0771190200,-0.0269626600,0.9966573000,True,1.0000000000,4.1262210000,0.0334394400,0.0017915650,-0.0332314500,-0.2764595000,-0.0233460200,0.9607419000,0.0332251900,0.0017922670,-0.0332263000,-0.2758370000,-0.0233615300,0.9609205000,0.0000000000,
34.12862,24454,True,0.9825086000,3.9416200000,-0.0325032400,0.0017249150,-0.0300182700,-0.0483707600,-0.0120240300,0.9987571000,True,0.9825086000,4.1743770000,0.0340072500,0.0018357390,-0.0334483600,-0.2068967000,0.0057679000,0.9783458000,0.0248116500,0.0018204190,-0.0329741200,-0.1852751000,0.0033112080,0.9826812000,0.0000000000,
34.15131,24470,True,1.0000000000,3.9339750000,-0.0323948400,0.0013247830,-0.0288693100,-0.0449071200,0.0354160400,0.9983632000,True,1.0000000000,4.1507420000,0.0341249900,0.0016613920,-0.0329260400,-0.2026855000,0.0152590100,0.9791250000,0.0258953900,0.0016197510,-0.0324241500,-0.1834274000,0.0177766400,0.9828725000,0.0000000000,
34.17309,24495,True,1.0000000000,4.0105440000,-0.0323434900,0.0015324860,-0.0293488300,-0.0080871740,0.0245361800,0.9996662000,True,1.0000000000,4.1936190000,0.0342200300,0.0017927400,-0.0331051200,-0.1891505000,0.0145723400,0.9818400000,0.0302146200,0.0017770840,-0.0328790900,-0.1784230000,0.0151826700,0.9838367000,0.0000000000,
34.19621,24512,True,1.0000000000,3.9825900000,-0.0322876300,0.0016100770,-0.0294314600,0.0003814744,0.0308536400,0.9995238000,True,1.0000000000,4.1392970000,0.0342916300,0.0018190460,-0.0330910000,-0.1825565000,0.0201874100,0.9829881000,0.0333346600,0.0018160400,-0.0330384100,-0.1799628000,0.0203552900,0.9834628000,0.0000000000,
34.19621,24528,True,1.0000000000,4.0445860000,-0.0321946600,0.0015767670,-0.0291822100,-0.0029144510,0.0367281900,0.9993210000,True,1.0000000000,4.0712280000,0.0343506600,0.0019090730,-0.0334431200,-0.1634526000,0.0248108600,0.9862391000,0.0340234700,0.0019074400,-0.0334221700,-0.1626752000,0.0248720200,0.9863662000,0.0000000000,
34.20668,24545,True,1.0000000000,4.0464630000,-0.0321708400,0.0016835330,-0.0295588100,0.0124665500,0.0410618000,0.9990789000,True,1.0000000000,4.1816100000,0.0344274300,0.0018153690,-0.0332384500,-0.1577921000,0.0308534600,0.9869903000,0.0343565400,0.0018152310,-0.0332345300,-0.1576237000,0.0308533400,0.9870171000,0.0000000000,
34.21784,24562,True,1.0000000000,3.9959110000,-0.0321113300,0.0017687680,-0.0297410700,0.0110626900,0.0310365700,0.9994570000,True,1.0000000000,4.1927490000,0.0344747900,0.0018119510,-0.0333395100,-0.1557326000,0.0371554900,0.9871002000,0.0344458600,0.0018119360,-0.0333379400,-0.1556559000,0.0371553800,0.9871123000,0.0000000000,
34.23106,24570,True,1.0000000000,4.0350040000,-0.0320988800,0.0017728420,-0.0297185700,0.0096131350,0.0293887300,0.9995219000,True,1.0000000000,4.1661380000,0.0344949500,0.0017938690,-0.0332790500,-0.1555030000,0.0397798300,0.9870341000,0.0344849000,0.0017938690,-0.0332785200,-0.1554881000,0.0397799200,0.9870365000,0.0000000000,
34.24,24578,True,1.0000000000,4.0864260000,-0.0321210300,0.0015111390,-0.0289425200,0.0186464300,0.0594488600,0.9980572000,True,1.0000000000,4.1743010000,0.0345099500,0.0017677000,-0.0331933900,-0.1612551000,0.0377045200,0.9861923000,0.0345096300,0.0017677000,-0.0331933800,-0.1612551000,0.0377045200,0.9861923000,0.0000000000,
34.27345,24587,True,1.0000000000,4.1116490000,-0.0321180600,0.0015173190,-0.0289276600,0.0187532600,0.0551458800,0.9983022000,True,1.0000000000,4.1978910000,0.0345127700,0.0017899320,-0.0332736200,-0.1580663000,0.0413972400,0.9865603000,0.0343804000,0.0017893980,-0.0332649900,-0.1577169000,0.0414128900,0.9866156000,0.0000000000,
34.2953,24595,True,1.0000000000,4.0430910000,-0.0321255400,0.0017647550,-0.0296525300,0.0176850400,0.0425570000,0.9989375000,True,1.0000000000,4.2223820000,0.0345196200,0.0017802130,-0.0331999800,-0.1575015000,0.0442200500,0.9865282000,0.0342895400,0.0017801520,-0.0331877300,-0.1568920000,0.0442202900,0.9866253000,0.0000000000,
34.30791,24645,True,1.0000000000,4.0431370000,-0.0322179600,0.0017687380,-0.0296124600,0.0011901910,0.0411989300,0.9991503000,True,1.0000000000,4.2194060000,0.0345566000,0.0018307190,-0.0333377100,-0.1740744000,0.0405125800,0.9838988000,0.0341539800,0.0018303380,-0.0333152500,-0.1730368000,0.0405125800,0.9840818000,0.0000000000,
34.30791,24653,True,1.0000000000,4.0018920000,-0.0322591300,0.0023221740,-0.0312595900,-0.0045623970,0.0175019100,0.9998364000,True,1.0000000000,4.2136690000,0.0345273000,0.0019818120,-0.0338143900,-0.1757220000,0.0353397200,0.9838053000,0.0345124100,0.0019818880,-0.0338138300,-0.1756925000,0.0353399100,0.9838106000,0.0000000000,
34.31797,24662,True,1.0000000000,4.0700530000,-0.0321422600,0.0025150300,-0.0317102100,-0.0009918325,0.0421452500,0.9991110000,True,1.0000000000,4.0942080000,0.0346460300,0.0020747530,-0.0340789200,-0.1727167000,0.0296177300,0.9845262000,0.0346459800,0.0020747530,-0.0340789200,-0.1727167000,0.0296177300,0.9845262000,0.0000000000,
34.32846,24670,True,1.0000000000,-1.0000000000,-0.0319284500,0.0029345090,-0.0329881300,0.0000000000,0.0000000000,0.0000000000,True,1.0000000000,4.0997470000,0.0348927500,0.0022211760,-0.0345798700,-0.1114967000,0.0485995700,0.9925757000,0.0348927500,0.0022211760,-0.0345798700,-0.1114967000,0.0485995700,0.9925757000,0.0000000000,
34.32846,24678,True,0.8471019000,-1.0000000000,-0.0319519700,0.0087946780,-0.0570946100,0.0000000000,0.0000000000,0.0000000000,True,0.8471019000,-1.0000000000,0.0351155700,0.0022166750,-0.0342926800,0.0000000000,0.0000000000,0.0000000000,0.0010000000,-0.0010000000,-0.0010000000,0.5773503000,-0.5773503000,-0.5773503000,0.0000000000,
34.33966,24687,True,0.8471019000,-1.0000000000,-0.0319519700,0.0087946780,-0.0570946100,0.0000000000,0.0000000000,0.0000000000,True,0.8471019000,-1.0000000000,0.0336317300,0.0156670800,-0.0834777900,0.0000000000,0.0000000000,0.0000000000,0.0010000000,-0.0010000000,-0.0010000000,0.5773503000,-0.5773503000,-0.5773503000,0.0000000000,
34.33966,24695,True,0.5539606000,-1.0000000000,-0.0319519700,0.0087946780,-0.0570946100,0.0000000000,0.0000000000,0.0000000000,True,0.5539606000,-1.0000000000,0.0352151100,-0.0000202637,-0.0332583900,0.0000000000,0.0000000000,0.0000000000,0.0010000000,-0.0010000000,-0.0010000000,0.5773503000,-0.5773503000,-0.5773503000,0.0000000000,
34.35103,24703,True,0.5539606000,-1.0000000000,-0.0319519700,0.0087946780,-0.0570946100,0.0000000000,0.0000000000,0.0000000000,True,0.5539606000,-1.0000000000,0.0352151100,-0.0000202637,-0.0332583900,0.0000000000,0.0000000000,0.0000000000,0.0010000000,-0.0010000000,-0.0010000000,0.5773503000,-0.5773503000,-0.5773503000,0.0000000000,
34.35103,24712,True,0.1759347000,-1.0000000000,-0.0319519700,0.0087946780,-0.0570946100,0.0000000000,0.0000000000,0.0000000000,True,0.1759347000,-1.0000000000,0.0352151100,-0.0000202637,-0.0332583900,0.0000000000,0.0000000000,0.0000000000,0.0010000000,-0.0010000000,-0.0010000000,0.5773503000,-0.5773503000,-0.5773503000,0.0000000000,
34.36196,24720,True,0.1759347000,-1.0000000000,-0.0319519700,0.0087946780,-0.0570946100,0.0000000000,0.0000000000,0.0000000000,True,0.1759347000,-1.0000000000,0.0352151100,-0.0000202637,-0.0332583900,0.0000000000,0.0000000000,0.0000000000,0.0010000000,-0.0010000000,-0.0010000000,0.5773503000,-0.5773503000,-0.5773503000,0.0000000000,
34.38537,24728,True,0.1020913000,-1.0000000000,-0.0319519700,0.0087946780,-0.0570946100,0.0000000000,0.0000000000,0.0000000000,True,0.1020913000,-1.0000000000,0.0352151100,-0.0000202637,-0.0332583900,0.0000000000,0.0000000000,0.0000000000,0.0010000000,-0.0010000000,-0.0010000000,0.5773503000,-0.5773503000,-0.5773503000,0.0000000000,
34.39129,24737,True,0.1020913000,-1.0000000000,-0.0319519700,0.0087946780,-0.0570946100,0.0000000000,0.0000000000,0.0000000000,True,0.1020913000,-1.0000000000,0.0367996500,0.0014321750,-0.0331882200,0.0000000000,0.0000000000,0.0000000000,0.0010000000,-0.0010000000,-0.0010000000,0.5773503000,-0.5773503000,-0.5773503000,0.0000000000,
34.39915,24745,True,0.2101323000,-1.0000000000,-0.0298240400,0.0013372800,-0.0303241900,0.0000000000,0.0000000000,0.0000000000,True,0.2101323000,-1.0000000000,0.0366736600,0.0015092620,-0.0334162700,0.0000000000,0.0000000000,0.0000000000,0.0010000000,-0.0010000000,-0.0010000000,0.5773503000,-0.5773503000,-0.5773503000,0.0000000000,
34.40641,24753,True,0.2101323000,-1.0000000000,-0.0300924100,0.0018779150,-0.0301716600,0.0000000000,0.0000000000,0.0000000000,True,0.2101323000,-1.0000000000,0.0366417400,0.0015381620,-0.0334877500,0.0000000000,0.0000000000,0.0000000000,0.0010000000,-0.0010000000,-0.0010000000,0.5773503000,-0.5773503000,-0.5773503000,0.0000000000,
34.41751,24762,True,0.4663427000,-1.0000000000,-0.0301155100,0.0018629910,-0.0302211300,0.0000000000,0.0000000000,0.0000000000,True,0.4663427000,-1.0000000000,0.0365972000,0.0014705510,-0.0334653000,0.0000000000,0.0000000000,0.0000000000,0.0010000000,-0.0010000000,-0.0010000000,0.5773503000,-0.5773503000,-0.5773503000,0.0000000000,
34.42866,24770,True,0.4663427000,-1.0000000000,-0.0302717800,0.0018605350,-0.0301649000,0.0000000000,0.0000000000,0.0000000000,True,0.4663427000,-1.0000000000,0.0365074900,0.0015153660,-0.0334655500,0.0000000000,0.0000000000,0.0000000000,0.0010000000,-0.0010000000,-0.0010000000,0.5773503000,-0.5773503000,-0.5773503000,0.0000000000,
34.42866,24778,True,0.5728315000,-1.0000000000,-0.0304235600,0.0018312230,-0.0300724500,0.0000000000,0.0000000000,0.0000000000,True,0.5728315000,-1.0000000000,0.0363059900,0.0015822140,-0.0333528800,0.0000000000,0.0000000000,0.0000000000,0.0010000000,-0.0010000000,-0.0010000000,0.5773503000,-0.5773503000,-0.5773503000,0.0000000000,
34.43993,24787,True,0.5728315000,-1.0000000000,-0.0306279300,0.0018211820,-0.0300568000,0.0000000000,0.0000000000,0.0000000000,True,0.5728315000,-1.0000000000,0.0360065000,0.0016392520,-0.0332715900,0.0000000000,0.0000000000,0.0000000000,0.0010000000,-0.0010000000,-0.0010000000,0.5773503000,-0.5773503000,-0.5773503000,0.0000000000,
34.45129,24795,True,0.7211373000,4.0828400000,-0.0308442700,0.0018089600,-0.0300212600,0.3916963000,0.0608067700,0.9180831000,True,0.7211373000,4.2269590000,0.0358219000,0.0016889340,-0.0332222200,0.2308221000,0.0622412500,0.9710032000,0.0306041300,0.0016983340,-0.0329716800,0.2436706000,0.0621956000,0.9678617000,0.0000000000,
34.45129,24803,True,0.7211373000,4.0368800000,-0.0310996300,0.0017760620,-0.0299857500,0.3673432000,0.0594334800,0.9281846000,True,0.7211373000,4.4165190000,0.0356808800,0.0017074590,-0.0331750400,0.2011590000,0.0452733600,0.9785118000,0.0356808800,0.0017074590,-0.0331750400,0.2011590000,0.0452733600,0.9785118000,0.0000000000,
34.4681,24812,True,0.8683006000,4.0261690000,-0.0313556400,0.0017268980,-0.0300241700,0.3549532000,0.0392459600,0.9340600000,True,0.8683006000,4.2587890000,0.0354534500,0.0017660070,-0.0331475400,0.1733580000,0.0752423400,0.9819804000,0.0354534500,0.0017660070,-0.0331475400,0.1733580000,0.0752423400,0.9819804000,0.0000000000,
34.47331,24820,True,0.8683006000,3.7458800000,-0.0316114100,0.0020816960,-0.0314967700,0.3077125000,0.0281985900,0.9510614000,True,0.8683006000,4.2779390000,0.0351446200,0.0018201900,-0.0330546600,0.1646591000,0.0587774000,0.9845977000,0.0341119500,0.0018242340,-0.0330305700,0.1669024000,0.0583044500,0.9842480000,0.0000000000,
34.48437,24828,True,1.0000000000,4.0521850000,-0.0319595000,0.0016104430,-0.0301671500,0.3247580000,0.0470588600,0.9446257000,True,1.0000000000,4.1954500000,0.0348770900,0.0017290960,-0.0326720700,0.1437539000,0.0596469700,0.9878143000,0.0292032300,0.0017190250,-0.0324594300,0.1593334000,0.0586552100,0.9854808000,0.0000000000,
34.49534,24837,True,1.0000000000,4.0259400000,-0.0322804000,0.0013351750,-0.0296565700,0.3368414000,0.0674445700,0.9391428000,True,1.0000000000,4.1310270000,0.0346044900,0.0019397890,-0.0331550300,0.1318364000,0.0626222700,0.9892914000,0.0327446900,0.0019229740,-0.0330577400,0.1376208000,0.0627907500,0.9884927000,0.0000000000,
34.5065,24845,True,1.0000000000,4.0961610000,-0.0325563200,0.0013372650,-0.0299626200,0.3358317000,0.0513002000,0.9405240000,True,1.0000000000,4.2310180000,0.0342748100,0.0009092255,-0.0297055800,0.1561148000,0.0697488600,0.9852732000,-0.0325560200,0.0013372650,-0.0299626000,0.3358317000,0.0513002000,0.9405240000,0.0000000000,
34.51733,24853,True,1.0000000000,4.0133670000,-0.0328420700,0.0013612370,-0.0303091700,0.3203151000,0.0362551700,0.9466171000,True,1.0000000000,4.1333470000,0.0340682400,0.0019979250,-0.0330851600,0.1139528000,0.0404511200,0.9926623000,-0.0328410800,0.0013612370,-0.0303092200,0.3203151000,0.0362551700,0.9466171000,0.0000000000,
34.51733,24862,True,1.0000000000,4.0716710000,-0.0332907300,0.0013674930,-0.0306653300,0.2794369000,0.0534825800,0.9586734000,True,1.0000000000,4.1495970000,0.0336037500,0.0011348270,-0.0300125900,0.1141212000,0.0824132700,0.9900426000,-0.0332907300,0.0013674930,-0.0306653300,0.2794369000,0.0534825800,0.9586734000,0.0000000000,
34.52848,24870,True,1.0000000000,3.9330750000,-0.0338346400,0.0018624730,-0.0325681500,0.1794920000,0.0594034000,0.9819643000,True,1.0000000000,4.0714420000,0.0330878800,0.0018137670,-0.0317971800,0.0304261500,0.0667879900,0.9973032000,-0.0338345700,0.0018624730,-0.0325681500,0.1794920000,0.0594034000,0.9819643000,0.0000000000,
34.53981,24878,True,1.0000000000,3.9024050000,-0.0344203300,0.0015035250,-0.0314907200,0.0919350300,0.0812995600,0.9924406000,True,1.0000000000,4.0435490000,0.0324982800,0.0025296630,-0.0337921900,-0.0646672100,0.0632176100,0.9959025000,-0.0344199100,0.0015035250,-0.0314907400,0.0919350300,0.0812995600,0.9924406000,0.0000000000,
34.53981,24887,True,1.0000000000,4.2795260000,-0.0349488400,0.0011992950,-0.0304561500,0.0028534050,0.1492926000,0.9887889000,True,1.0000000000,4.0185240000,0.0319348200,0.0024122160,-0.0327792700,-0.1129461000,0.0606234700,0.9917499000,-0.0349485500,0.0011993100,-0.0304561600,0.0028534050,0.1492926000,0.9887889000,0.0000000000,
34.55214,24895,True,0.9910088000,3.5744630000,-0.0353935700,0.0011911770,-0.0304978200,-0.0397343200,0.0595862200,0.9974321000,True,0.9910088000,3.7043300000,0.0314967100,0.0025179750,-0.0328313900,-0.1870581000,0.0467683400,0.9812349000,-0.0353933600,0.0011911770,-0.0304978200,-0.0397343200,0.0595862200,0.9974321000,0.0000000000,
34.56167,24903,True,0.9910088000,3.2389980000,-0.0356901400,0.0012216950,-0.0305742500,-0.1231387000,-0.0275726900,0.9920064000,True,0.9910088000,3.3996890000,0.0311298800,0.0025950010,-0.0328965100,-0.2662219000,-0.0115052000,0.9638431000,-0.0356901400,0.0012216950,-0.0305742500,-0.1231387000,-0.0275726900,0.9920064000,0.0000000000,
34.5729,24912,True,0.7346067000,4.0030980000,-0.0351237200,0.0002255707,-0.0308040900,-0.3522091000,0.0100557100,0.9358673000,True,0.7346067000,3.4065090000,0.0313568700,0.0015727240,-0.0333802800,-0.4519266000,0.3041429000,0.8386056000,-0.0351237200,0.0002255707,-0.0308040900,-0.3522091000,0.0100557100,0.9358673000,0.0000000000,
34.58416,24920,True,0.7379258000,-1.0000000000,-0.0351237200,0.0002255707,-0.0308040900,0.0000000000,0.0000000000,0.0000000000,True,0.7379258000,3.6167760000,0.0311386300,0.0017529910,-0.0333675100,-0.5604476000,0.0928967600,0.8229634000,0.0311386300,0.0017529910,-0.0333675100,-0.5604476000,0.0928967600,0.8229634000,0.0000000000,
34.58416,24928,True,0.5032838000,-1.0000000000,-0.0351237200,0.0002255707,-0.0308040900,0.0000000000,0.0000000000,0.0000000000,True,0.5032838000,3.1177830000,0.0306834300,0.0016105500,-0.0336023700,-0.6238191000,0.0249637500,0.7811701000,0.0306834300,0.0016105500,-0.0336023700,-0.6238191000,0.0249637500,0.7811701000,0.0000000000,
34.59503,24937,True,0.5032838000,2.8538820000,-0.0347444800,-0.0000066834,-0.0306281300,-0.2436099000,-0.2296021000,0.9423041000,True,0.5032838000,4.9114840000,0.0310059200,0.0013445440,-0.0334033500,-0.5951601000,-0.0080567250,0.8035668000,-0.0347278200,-0.0000063477,-0.0306288300,-0.2437164000,-0.2295561000,0.9422878000,0.0000000000,
34.60638,24945,True,0.3631619000,-1.0000000000,-0.0347444800,-0.0000066834,-0.0306281300,0.0000000000,0.0000000000,0.0000000000,True,0.3631619000,-1.0000000000,0.0301617900,0.0014345090,-0.0340007700,0.0000000000,0.0000000000,0.0000000000,0.0010000000,-0.0010000000,-0.0010000000,0.5773503000,-0.5773503000,-0.5773503000,0.0000000000,
34.60638,24953,True,0.3631619000,-1.0000000000,-0.0347444800,-0.0000066834,-0.0306281300,0.0000000000,0.0000000000,0.0000000000,True,0.3631619000,-1.0000000000,0.0299169600,0.0024698640,-0.0343408500,0.0000000000,0.0000000000,0.0000000000,0.0010000000,-0.0010000000,-0.0010000000,0.5773503000,-0.5773503000,-0.5773503000,0.0000000000,
34.65091,24962,True,0.3835864000,-1.0000000000,-0.0375158100,-0.0002127686,-0.0329963600,0.0000000000,0.0000000000,0.0000000000,True,0.3835864000,3.6694340000,0.0289526200,0.0031770170,-0.0343492700,-0.6083728000,-0.0172730900,0.7934634000,0.0289526200,0.0031770170,-0.0343492700,-0.6083728000,-0.0172730900,0.7934634000,0.0000000000,
34.6618,24987,True,0.3835864000,-1.0000000000,-0.0377550100,0.0017370450,-0.0324230800,0.0000000000,0.0000000000,0.0000000000,True,0.3835864000,-1.0000000000,0.0287876400,0.0028326420,-0.0347131000,0.0000000000,0.0000000000,0.0000000000,0.0010000000,-0.0010000000,-0.0010000000,0.5773503000,-0.5773503000,-0.5773503000,0.0000000000,
34.69493,25012,True,0.4781319000,-1.0000000000,-0.0373053900,0.0016572720,-0.0321889000,0.0000000000,0.0000000000,0.0000000000,True,0.4781319000,-1.0000000000,0.0291783500,0.0023742370,-0.0345876600,0.0000000000,0.0000000000,0.0000000000,0.0010000000,-0.0010000000,-0.0010000000,0.5773503000,-0.5773503000,-0.5773503000,0.0000000000,
34.69493,25037,True,0.6248714000,-1.0000000000,-0.0361609700,0.0017142330,-0.0314275200,0.0000000000,0.0000000000,0.0000000000,True,0.6248714000,-1.0000000000,0.0304461700,0.0020079040,-0.0338436100,0.0000000000,0.0000000000,0.0000000000,0.0010000000,-0.0010000000,-0.0010000000,0.5773503000,-0.5773503000,-0.5773503000,0.0000000000,
34.70621,25045,True,0.7073739000,-1.0000000000,-0.0358172200,0.0017777860,-0.0312180500,0.0000000000,0.0000000000,0.0000000000,True,0.7073739000,-1.0000000000,0.0308345100,0.0019510500,-0.0336395400,0.0000000000,0.0000000000,0.0000000000,0.0010000000,-0.0010000000,-0.0010000000,0.5773503000,-0.5773503000,-0.5773503000,0.0000000000,
34.70621,25053,True,0.8154155000,-1.0000000000,-0.0354267700,0.0018767090,-0.0310244800,0.0000000000,0.0000000000,0.0000000000,True,0.8154155000,-1.0000000000,0.0311686100,0.0019031220,-0.0335091300,0.0000000000,0.0000000000,0.0000000000,0.0010000000,-0.0010000000,-0.0010000000,0.5773503000,-0.5773503000,-0.5773503000,0.0000000000,
34.73473,25062,True,0.8154155000,-1.0000000000,-0.0351042500,0.0020019840,-0.0308795500,0.0000000000,0.0000000000,0.0000000000,True,0.8154155000,4.2637480000,0.0315090500,0.0018497770,-0.0333772000,-0.6152772000,0.1540253000,0.7731172000,0.0315090500,0.0018497770,-0.0333772000,-0.6152772000,0.1540253000,0.7731172000,0.0000000000,
34.75134,25070,True,1.0000000000,-1.0000000000,-0.0347521100,0.0021136930,-0.0307466400,0.0000000000,0.0000000000,0.0000000000,True,1.0000000000,4.2344670000,0.0319042700,0.0018158880,-0.0332334000,-0.6035201000,0.1465007000,0.7837735000,0.0319042700,0.0018158880,-0.0332334000,-0.6035201000,0.1465007000,0.7837735000,0.0000000000,
34.7619,25103,True,1.0000000000,4.1453090000,-0.0338232900,0.0022589720,-0.0304572800,-0.3523302000,0.1627677000,0.9216127000,True,1.0000000000,4.2863160000,0.0327511000,0.0016134030,-0.0329841800,-0.5032563000,0.1641713000,0.8483990000,0.0326772300,0.0016141210,-0.0329813800,-0.5031033000,0.1641712000,0.8484898000,0.0000000000,
34.7619,25112,True,1.0000000000,4.0638280000,-0.0337100600,0.0022531280,-0.0304295400,-0.3349474000,0.1656808000,0.9275560000,True,1.0000000000,4.3240510000,0.0328705800,0.0016069340,-0.0329726300,-0.5012733000,0.1736626000,0.8476830000,0.0326737800,0.0016088410,-0.0329651100,-0.5008151000,0.1736472000,0.8479570000,0.0000000000,
34.77414,25120,True,1.0000000000,4.0956880000,-0.0335963400,0.0022357790,-0.0303870000,-0.3244345000,0.1531230000,0.9334322000,True,1.0000000000,4.2082670000,0.0329519400,0.0016288910,-0.0329420000,-0.4804399000,0.1739355000,0.8596069000,0.0254258600,0.0016975250,-0.0326530600,-0.4635053000,0.1718461000,0.8692708000,0.0000000000,
34.78421,25128,True,1.0000000000,4.1577000000,-0.0335784600,0.0022021640,-0.0303764000,-0.2951853000,0.1665672000,0.9408087000,True,1.0000000000,4.2184450000,0.0329856000,0.0016449890,-0.0329221800,-0.4668050000,0.1772797000,0.8664092000,0.0205277400,0.0017492680,-0.0324457300,-0.4358596000,0.1757385000,0.8826904000,0.0000000000,
34.79523,25137,True,1.0000000000,4.1781460000,-0.0335499300,0.0021784210,-0.0303574800,-0.2760042000,0.1654835000,0.9468036000,True,1.0000000000,4.2472990000,0.0330060600,0.0016752170,-0.0329031100,-0.4489774000,0.1773387000,0.8757684000,0.0188757000,0.0017820430,-0.0323626400,-0.4134725000,0.1753409000,0.8934742000,0.0000000000,
34.8063,25145,True,1.0000000000,4.1930080000,-0.0335458600,0.0021600340,-0.0303546000,-0.2605476000,0.1718622000,0.9500412000,True,1.0000000000,4.1415250000,0.0330377100,0.0017244260,-0.0328895600,-0.4325446000,0.1797806000,0.8835067000,0.0159435600,0.0018362580,-0.0322387600,-0.3896666000,0.1783308000,0.9035254000,0.0000000000,
34.81786,25153,True,1.0000000000,4.1527860000,-0.0335300000,0.0021616060,-0.0303378000,-0.2535439000,0.1659266000,0.9529868000,True,1.0000000000,4.1125490000,0.0330622900,0.0017722630,-0.0328711400,-0.4227678000,0.1741670000,0.8893443000,0.0107010800,0.0019030000,-0.0320204600,-0.3672846000,0.1720302000,0.9140611000,0.0000000000,
34.83483,25162,True,1.0000000000,4.1002810000,-0.0335139800,0.0021506040,-0.0303133900,-0.2333713000,0.1568474000,0.9596545000,True,1.0000000000,4.1469270000,0.0330877900,0.0018036960,-0.0328540400,-0.4122977000,0.1687186000,0.8952903000,0.0075942690,0.0019364780,-0.0318815300,-0.3452947000,0.1648729000,0.9238986000,0.0000000000,
34.84011,25170,True,1.0000000000,4.1621090000,-0.0335102600,0.0021509710,-0.0303142300,-0.2223674000,0.1635903000,0.9611405000,True,1.0000000000,4.1634980000,0.0331084800,0.0018258970,-0.0328488900,-0.3929331000,0.1802539000,0.9017273000,0.0039121400,0.0019683530,-0.0317380500,-0.3194779000,0.1736475000,0.9315473000,0.0000000000,
34.85088,25187,True,1.0000000000,4.0758970000,-0.0334511100,0.0021406100,-0.0302999100,-0.2096876000,0.1645213000,0.9638277000,True,1.0000000000,4.1608430000,0.0331601100,0.0018318180,-0.0328265100,-0.3730038000,0.1767744000,0.9108342000,-0.0035311890,0.0020019070,-0.0314347900,-0.2840901000,0.1706555000,0.9434879000,0.0000000000,
34.85088,25195,True,1.0000000000,4.0847930000,-0.0334193300,0.0021162720,-0.0302750300,-0.1855636000,0.1560529000,0.9701617000,True,1.0000000000,4.2098850000,0.0332155300,0.0018268130,-0.0328143300,-0.3676512000,0.1742276000,0.9134973000,-0.0041648260,0.0019891970,-0.0313898500,-0.2667126000,0.1647823000,0.9495848000,0.0000000000,
34.86161,25203,True,1.0000000000,4.0579380000,-0.0333848000,0.0021083830,-0.0302748300,-0.1784379000,0.1653152000,0.9699643000,True,1.0000000000,4.1934970000,0.0332582600,0.0018226470,-0.0328017700,-0.3556877000,0.1683070000,0.9193254000,-0.0039851840,0.0019823300,-0.0313896100,-0.2577224000,0.1673288000,0.9516197000,0.0000000000,
34.87268,25212,True,1.0000000000,4.0531770000,-0.0333424800,0.0020942230,-0.0302644100,-0.1681677000,0.1634679000,0.9721100000,True,1.0000000000,4.1680150000,0.0332891100,0.0018110350,-0.0328018800,-0.3464675000,0.1743019000,0.9217262000,-0.0040986640,0.0019699400,-0.0313780700,-0.2474707000,0.1689325000,0.9540545000,0.0000000000,
34.87268,25220,True,1.0000000000,3.9928740000,-0.0333018500,0.0020903320,-0.0302626000,-0.1605707000,0.1655757000,0.9730374000,True,1.0000000000,4.1783450000,0.0333370200,0.0018101350,-0.0327952000,-0.3383968000,0.1767897000,0.9242473000,-0.0031774600,0.0019636690,-0.0314074900,-0.2419766000,0.1713734000,0.9550279000,0.0000000000,
34.88411,25228,True,1.0000000000,4.0597840000,-0.0332796400,0.0020866090,-0.0302526900,-0.1465318000,0.1585254000,0.9764211000,True,1.0000000000,4.1639400000,0.0333779800,0.0018164060,-0.0327868800,-0.3373588000,0.1695263000,0.9259859000,-0.0016766210,0.0019585120,-0.0314541800,-0.2381629000,0.1645534000,0.9571837000,0.0000000000,
34.89475,25237,True,1.0000000000,3.9784550000,-0.0332682400,0.0020849150,-0.0302457600,-0.1351793000,0.1510181000,0.9792446000,True,1.0000000000,4.1274110000,0.0334006200,0.0018231510,-0.0327872900,-0.3233231000,0.1734033000,0.9302652000,-0.0011180570,0.0019586790,-0.0314713800,-0.2269914000,0.1625988000,0.9602273000,0.0000000000,
34.89475,25245,True,1.0000000000,4.0312040000,-0.0332712700,0.0020862280,-0.0302526600,-0.1257178000,0.1624612000,0.9786733000,True,1.0000000000,4.0974730000,0.0334048300,0.0018257140,-0.0327896600,-0.3137983000,0.1781013000,0.9326363000,-0.0007812653,0.0019592900,-0.0314888900,-0.2184009000,0.1708999000,0.9607779000,0.0000000000,
34.91735,25253,True,1.0000000000,3.9431300000,-0.0332801100,0.0020844880,-0.0302565800,-0.1219487000,0.1619421000,0.9792361000,True,1.0000000000,4.0691070000,0.0334008600,0.0018292850,-0.0327867800,-0.3040676000,0.1778598000,0.9359000000,-0.0005854798,0.0019593660,-0.0314971600,-0.2121752000,0.1705031000,0.9622424000,0.0000000000,
34.92821,25262,True,1.0000000000,3.9499050000,-0.0332909900,0.0020746770,-0.0302617700,-0.1176309000,0.1657117000,0.9791335000,True,1.0000000000,4.1494140000,0.0334026400,0.0018389280,-0.0327799200,-0.3050404000,0.1716472000,0.9367431000,-0.0005492859,0.0019589390,-0.0314980000,-0.2106040000,0.1694201000,0.9627786000,0.0000000000,
34.93941,25270,True,1.0000000000,4.0183720000,-0.0333024400,0.0020651090,-0.0302530700,-0.1093457000,0.1534898000,0.9820817000,True,1.0000000000,4.1732030000,0.0333978900,0.0018405000,-0.0327823800,-0.2970595000,0.1743782000,0.9388013000,-0.0008762360,0.0019559170,-0.0314827000,-0.2015394000,0.1644145000,0.9655825000,0.0000000000,
34.93941,25278,True,1.0000000000,3.9123540000,-0.0333125600,0.0020570070,-0.0302493000,-0.1044933000,0.1489885000,0.9833024000,True,1.0000000000,4.1226960000,0.0333951600,0.0018402100,-0.0327803000,-0.2955668000,0.1704125000,0.9399999000,-0.0008360444,0.0019514620,-0.0314815200,-0.1984869000,0.1602025000,0.9669219000,0.0000000000,
34.9508,25295,True,1.0000000000,4.1066890000,-0.0333195700,0.0020636900,-0.0302537500,-0.1033798000,0.1624169000,0.9812917000,True,1.0000000000,4.1245270000,0.0333937600,0.0018561860,-0.0327679600,-0.2848392000,0.1643696000,0.9443777000,-0.0009456635,0.0019629970,-0.0314738200,-0.1922642000,0.1640655000,0.9675314000,0.0000000000,
34.96154,25303,True,1.0000000000,4.0611880000,-0.0333288100,0.0020714260,-0.0302496000,-0.0996863200,0.1578837000,0.9824131000,True,1.0000000000,4.1159820000,0.0333874100,0.0018784180,-0.0327654100,-0.2777592000,0.1675894000,0.9459195000,-0.0009764405,0.0019778440,-0.0314695800,-0.1868158000,0.1632712000,0.9687324000,0.0000000000,
34.96154,25312,True,1.0000000000,3.9417110000,-0.0333447000,0.0020621340,-0.0302467400,-0.0976883500,0.1537958000,0.9832618000,True,1.0000000000,4.0459290000,0.0333840400,0.0019006040,-0.0327574800,-0.2589586000,0.1611339000,0.9523531000,-0.0012383420,0.0019844210,-0.0314547800,-0.1758893000,0.1578533000,0.9716714000,0.0000000000,
34.97261,25320,True,1.0000000000,4.0193180000,-0.0333582300,0.0020651400,-0.0302497100,-0.0875403500,0.1586163000,0.9834518000,True,1.0000000000,4.1532590000,0.0333785100,0.0019114530,-0.0327563000,-0.2710767000,0.1553675000,0.9499359000,-0.0012378850,0.0019911650,-0.0314561300,-0.1766524000,0.1577466000,0.9715502000,0.0000000000,
34.984,25328,True,1.0000000000,3.9537200000,-0.0333729900,0.0020544590,-0.0302608500,-0.0863345300,0.1643072000,0.9826238000,True,1.0000000000,4.2009280000,0.0333726200,0.0019239660,-0.0327597200,-0.2713963000,0.1613333000,0.9488496000,-0.0012864080,0.0019917150,-0.0314621300,-0.1760736000,0.1636070000,0.9706858000,0.0000000000,
34.984,25337,True,1.0000000000,4.0765080000,-0.0333841700,0.0020508420,-0.0302590000,-0.0846714600,0.1574410000,0.9838918000,True,1.0000000000,4.1812590000,0.0333638200,0.0019344480,-0.0327569300,-0.2725543000,0.1581279000,0.9490573000,-0.0011286930,0.0019945980,-0.0314661100,-0.1762724000,0.1584957000,0.9714974000,0.0000000000,
34.9949,25345,True,1.0000000000,4.0037230000,-0.0333894500,0.0020459590,-0.0302625000,-0.0898448100,0.1578693000,0.9833642000,True,1.0000000000,4.1853790000,0.0333558200,0.0019429320,-0.0327516500,-0.2651077000,0.1531991000,0.9519706000,-0.0010074460,0.0019959720,-0.0314701200,-0.1755691000,0.1562208000,0.9719931000,0.0000000000,
35.006,25353,True,1.0000000000,4.0288240000,-0.0333952200,0.0020370030,-0.0302591400,-0.0780948600,0.1551979000,0.9847918000,True,1.0000000000,4.1748960000,0.0333512900,0.0019540410,-0.0327535000,-0.2644534000,0.1555959000,0.9517638000,-0.0007691651,0.0019964450,-0.0314783900,-0.1699381000,0.1560983000,0.9730130000,0.0000000000,
35.006,25362,True,1.0000000000,4.0189670000,-0.0333985800,0.0020299680,-0.0302614300,-0.0736398200,0.1567402000,0.9848907000,True,1.0000000000,4.1867680000,0.0333501000,0.0019565430,-0.0327542600,-0.2633248000,0.1554436000,0.9521015000,-0.0004830628,0.0019937590,-0.0314907100,-0.1679541000,0.1568304000,0.9732397000,0.0000000000,
35.01737,25370,True,1.0000000000,4.0046690000,-0.0334010500,0.0020301360,-0.0302571000,-0.0710146100,0.1487889000,0.9863157000,True,1.0000000000,4.1979520000,0.0333489100,0.0019590450,-0.0327550100,-0.2622248000,0.1545272000,0.9525542000,0.0001208801,0.0019944310,-0.0315115500,-0.1678335000,0.1523914000,0.9739655000,0.0000000000,
35.02817,25378,True,1.0000000000,3.9594120000,-0.0334023900,0.0020307770,-0.0302620600,-0.0707861100,0.1490643000,0.9862906000,True,1.0000000000,4.1996610000,0.0333501000,0.0019605410,-0.0327571000,-0.2625456000,0.1541612000,0.9525251000,0.0003418121,0.0019952700,-0.0315233300,-0.1685190000,0.1523599000,0.9738520000,0.0000000000,
35.02817,25387,True,1.0000000000,4.0855560000,-0.0334007700,0.0020331420,-0.0302642800,-0.0653694600,0.1455096000,0.9871949000,True,1.0000000000,4.1370390000,0.0333663300,0.0019687960,-0.0327621200,-0.2480209000,0.1542692000,0.9563925000,0.0003010101,0.0020006560,-0.0315251200,-0.1582498000,0.1505745000,0.9758506000,0.0000000000,
35.03966,25395,True,1.0000000000,3.9681700000,-0.0333968400,0.0020424810,-0.0302723300,-0.0594789600,0.1528783000,0.9864535000,True,1.0000000000,4.1712040000,0.0333789100,0.0019770360,-0.0327706300,-0.2459292000,0.1492330000,0.9577308000,0.0000591736,0.0020096890,-0.0315240300,-0.1535808000,0.1517345000,0.9764167000,0.0000000000,
35.05133,25403,True,1.0000000000,3.9501340000,-0.0333894000,0.0020554050,-0.0302707100,-0.0613710400,0.1557469000,0.9858887000,True,1.0000000000,4.1889190000,0.0333989900,0.0019767310,-0.0327723400,-0.2473314000,0.1549693000,0.9564579000,-0.0002908630,0.0020164190,-0.0315104500,-0.1542211000,0.1560522000,0.9756350000,0.0000000000,
35.06241,25412,True,1.0000000000,3.9689940000,-0.0333763000,0.0020708160,-0.0302662700,-0.0568697300,0.1555182000,0.9861947000,True,1.0000000000,4.2011870000,0.0334148400,0.0019802860,-0.0327852800,-0.2512688000,0.1621871000,0.9542323000,-0.0007700349,0.0020266270,-0.0314960000,-0.1525130000,0.1595626000,0.9753356000,0.0000000000,
35.07363,25420,True,1.0000000000,3.9270480000,-0.0333712200,0.0020793610,-0.0302730400,-0.0590826900,0.1609363000,0.9851947000,True,1.0000000000,4.1295470000,0.0334234900,0.0019879000,-0.0327924200,-0.2464316000,0.1537489000,0.9568870000,-0.0012571110,0.0020353850,-0.0314843300,-0.1498273000,0.1581892000,0.9759754000,0.0000000000,
35.07363,25428,True,1.0000000000,3.8737640000,-0.0333759000,0.0020872350,-0.0302968800,-0.0495913200,0.1713113000,0.9839681000,True,1.0000000000,4.1334230000,0.0334249700,0.0020029140,-0.0328076800,-0.2465836000,0.1593944000,0.9559236000,-0.0012620850,0.0020467070,-0.0315039200,-0.1450209000,0.1663987000,0.9753360000,0.0000000000,
35.08532,25437,True,1.0000000000,3.9362640000,-0.0333735700,0.0020935670,-0.0302932700,-0.0600900100,0.1683069000,0.9839014000,True,1.0000000000,4.1231540000,0.0334302500,0.0020108800,-0.0328174000,-0.2417797000,0.1596402000,0.9571089000,-0.0017594450,0.0020544280,-0.0314877900,-0.1466998000,0.1649038000,0.9753389000,0.0000000000,
35.09641,25445,True,1.0000000000,3.9513090000,-0.0333686800,0.0021020660,-0.0302808500,-0.0492101700,0.1630268000,0.9853936000,True,1.0000000000,4.1232300000,0.0334323900,0.0020147250,-0.0328192600,-0.2434722000,0.1580982000,0.9569359000,-0.0021191560,0.0020612030,-0.0314683200,-0.1407632000,0.1615000000,0.9767822000,0.0000000000,
35.10788,25453,True,1.0000000000,3.8972630000,-0.0333716500,0.0020990300,-0.0302878100,-0.0496376300,0.1617610000,0.9855808000,True,1.0000000000,4.1222080000,0.0334345100,0.0020185850,-0.0328211200,-0.2428617000,0.1579303000,0.9571187000,-0.0021785890,0.0020614620,-0.0314706600,-0.1405202000,0.1607384000,0.9769428000,0.0000000000,
35.11921,25462,True,1.0000000000,3.9151460000,-0.0333870400,0.0020874480,-0.0303250100,-0.0510102400,0.1618808000,0.9854910000,True,1.0000000000,4.1066890000,0.0334372700,0.0020387420,-0.0328403800,-0.2387117000,0.1557180000,0.9585242000,-0.0017463230,0.0020643920,-0.0315160200,-0.1405188000,0.1596839000,0.9771159000,0.0000000000,
35.13069,25470,True,1.0000000000,3.7958980000,-0.0333854400,0.0020950010,-0.0303355600,-0.0393986100,0.1709460000,0.9844924000,True,1.0000000000,4.1481630000,0.0334385100,0.0020453650,-0.0328460100,-0.2395812000,0.1551380000,0.9584013000,-0.0007943421,0.0020707860,-0.0315599500,-0.1377421000,0.1640789000,0.9767831000,0.0000000000,
35.13069,25478,True,1.0000000000,3.9122010000,-0.0333868600,0.0020970610,-0.0303179900,-0.0551151300,0.1652081000,0.9847175000,True,1.0000000000,4.1369320000,0.0334368200,0.0020514530,-0.0328532600,-0.2405583000,0.1551231000,0.9581590000,-0.0003295136,0.0020744940,-0.0315721700,-0.1475073000,0.1609351000,0.9758798000,0.0000000000,
35.14185,25487,True,1.0000000000,3.8523860000,-0.0333868300,0.0021082310,-0.0303178900,-0.0445258400,0.1601740000,0.9860840000,True,1.0000000000,4.0717010000,0.0334356700,0.0020684970,-0.0328456300,-0.2395215000,0.1574430000,0.9580402000,0.0002332916,0.0020882420,-0.0315896600,-0.1433273000,0.1595781000,0.9767252000,0.0000000000,
35.15357,25495,True,1.0000000000,3.8924710000,-0.0333881600,0.0021146850,-0.0303183800,-0.0498356500,0.1643234000,0.9851468000,True,1.0000000000,4.1924740000,0.0334312900,0.0020839540,-0.0328394500,-0.2454713000,0.1587850000,0.9563112000,0.0003672333,0.0020991670,-0.0315919500,-0.1493995000,0.1623238000,0.9753619000,0.0000000000,
35.16481,25503,True,1.0000000000,3.8502200000,-0.0333919500,0.0021241150,-0.0303295900,-0.0408023200,0.1679701000,0.9849473000,True,1.0000000000,4.2043300000,0.0334311700,0.0020950620,-0.0328320600,-0.2474699000,0.1592731000,0.9557148000,0.0007851105,0.0021092530,-0.0316095000,-0.1473107000,0.1644313000,0.9753266000,0.0000000000,
35.16481,25512,True,1.0000000000,3.8668670000,-0.0333939100,0.0021286010,-0.0303308400,-0.0458686400,0.1650721000,0.9852143000,True,1.0000000000,4.1230160000,0.0334250500,0.0021149290,-0.0328474800,-0.2328063000,0.1581594000,0.9595764000,0.0009759369,0.0021215670,-0.0316253200,-0.1426551000,0.1622474000,0.9763838000,0.0000000000,
35.18229,25520,True,1.0000000000,3.8551330000,-0.0333958600,0.0021330720,-0.0303320900,-0.0510870400,0.1658345000,0.9848294000,True,1.0000000000,4.1281740000,0.0334216000,0.0021270900,-0.0328458200,-0.2395039000,0.1642469000,0.9569017000,0.0008382263,0.0021300050,-0.0316200100,-0.1482859000,0.1657726000,0.9749516000,0.0000000000,
35.18806,25528,True,1.0000000000,3.8700260000,-0.0333986500,0.0021377110,-0.0303345400,-0.0486300900,0.1658794000,0.9849463000,True,1.0000000000,4.0631560000,0.0334195700,0.0021347810,-0.0328478000,-0.2395656000,0.1641406000,0.9569045000,-0.0006237793,0.0021362760,-0.0315673100,-0.1429451000,0.1658029000,0.9757439000,0.0000000000,
35.19483,25537,True,1.0000000000,3.8619540000,-0.0334014300,0.0021423490,-0.0303369800,-0.0462495100,0.1654057000,0.9851406000,True,1.0000000000,4.0644840000,0.0334194700,0.0021425020,-0.0328526000,-0.2384047000,0.1608438000,0.9577539000,-0.0006862336,0.0021424260,-0.0315686100,-0.1409921000,0.1639567000,0.9763398000,0.0000000000,
35.20596,25545,True,1.0000000000,3.8708800000,-0.0334014700,0.0021454770,-0.0303386900,-0.0461890900,0.1649806000,0.9852147000,True,1.0000000000,4.0683900000,0.0334203800,0.0021430970,-0.0328545700,-0.2376420000,0.1583110000,0.9583652000,-0.0006543580,0.0021443180,-0.0315716300,-0.1406722000,0.1624772000,0.9766333000,0.0000000000,
35.21733,25553,True,1.0000000000,3.8795010000,-0.0334014300,0.0021486050,-0.0303403800,-0.0461891000,0.1641567000,0.9853523000,True,1.0000000000,4.0670930000,0.0334213000,0.0021437070,-0.0328565400,-0.2369265000,0.1607994000,0.9581280000,-0.0006048279,0.0021461940,-0.0315753000,-0.1404593000,0.1632715000,0.9765314000,0.0000000000,
35.21733,25562,True,1.0000000000,3.8812100000,-0.0334013200,0.0021505590,-0.0303431100,-0.0462037500,0.1639562000,0.9853850000,True,1.0000000000,4.0662230000,0.0334217300,0.0021445160,-0.0328593900,-0.2380075000,0.1617133000,0.9577062000,-0.0004420166,0.0021475830,-0.0315842300,-0.1414656000,0.1636215000,0.9763275000,0.0000000000,
35.22823,25570,True,1.0000000000,3.8829190000,-0.0334012000,0.0021525270,-0.0303458400,-0.0462037400,0.1634984000,0.9854611000,True,1.0000000000,4.0652770000,0.0334221700,0.0021453250,-0.0328622600,-0.2382990000,0.1625993000,0.9574837000,-0.0004171295,0.0021489720,-0.0315879500,-0.1416937000,0.1638190000,0.9762613000,0.0000000000,
35.2396,25578,True,1.0000000000,3.8807370000,-0.0334013200,0.0021529390,-0.0303479200,-0.0455938700,0.1636985000,0.9854563000,True,1.0000000000,4.0527650000,0.0334225900,0.0021481630,-0.0328647600,-0.2386951000,0.1619428000,0.9574963000,-0.0003369904,0.0021505740,-0.0315932500,-0.1418162000,0.1636059000,0.9762793000,0.0000000000,
35.25092,25587,True,1.0000000000,3.8730010000,-0.0334050300,0.0021871800,-0.0303767100,-0.0404512200,0.1644599000,0.9855540000,True,1.0000000000,4.0396120000,0.0334230100,0.0021510160,-0.0328672600,-0.2390766000,0.1612867000,0.9575118000,0.0004193573,0.0021688690,-0.0316372800,-0.1416948000,0.1636830000,0.9762840000,0.0000000000,
35.25092,25595,True,1.0000000000,3.7784580000,-0.0334087700,0.0021886900,-0.0303873600,-0.0444948600,0.1645974000,0.9853567000,True,1.0000000000,4.0456240000,0.0334238900,0.0021547700,-0.0328711600,-0.2389867000,0.1638055000,0.9571066000,0.0012500310,0.0021710970,-0.0316754300,-0.1460578000,0.1649788000,0.9754225000,0.0000000000,
35.26195,25603,True,1.0000000000,3.8021850000,-0.0334118800,0.0021929480,-0.0303944400,-0.0384218200,0.1689919000,0.9848683000,True,1.0000000000,4.0520020000,0.0334247800,0.0021585240,-0.0328750300,-0.2395034000,0.1662913000,0.9565487000,0.0023561860,0.0021745300,-0.0317219400,-0.1467909000,0.1684128000,0.9747254000,0.0000000000,
35.27285,25612,True,1.0000000000,3.8093410000,-0.0334146300,0.0021972050,-0.0304015200,-0.0354004100,0.1679841000,0.9851539000,True,1.0000000000,4.0470580000,0.0334259800,0.0021621710,-0.0328770200,-0.2394735000,0.1658797000,0.9566276000,0.0032657320,0.0021779790,-0.0317600100,-0.1481649000,0.1677117000,0.9746383000,0.0000000000,
35.28387,25620,True,1.0000000000,3.7939300000,-0.0334137100,0.0022005460,-0.0304099700,-0.0359196700,0.1683372000,0.9850748000,True,1.0000000000,4.0514370000,0.0334271700,0.0021658170,-0.0328790000,-0.2395184000,0.1654824000,0.9566851000,0.0038156130,0.0021811980,-0.0317851900,-0.1501019000,0.1676192000,0.9743579000,0.0000000000,
35.28387,25628,True,1.0000000000,3.8088530000,-0.0334127800,0.0022038730,-0.0304184300,-0.0363164600,0.1674372000,0.9852136000,True,1.0000000000,4.0471950000,0.0334287000,0.0021697690,-0.0328814600,-0.2399472000,0.1659718000,0.9564930000,0.0038889310,0.0021848450,-0.0317929400,-0.1507426000,0.1674968000,0.9742800000,0.0000000000,
35.29493,25637,True,1.0000000000,3.7971500000,-0.0334107700,0.0022057650,-0.0304196900,-0.0366824600,0.1646743000,0.9856657000,True,1.0000000000,4.0418090000,0.0334302200,0.0021737370,-0.0328839000,-0.2402050000,0.1648415000,0.9566237000,0.0036978760,0.0021879730,-0.0317877700,-0.1504526000,0.1656199000,0.9746456000,0.0000000000,
35.30653,25645,True,1.0000000000,3.7857670000,-0.0334087700,0.0022076420,-0.0304209600,-0.0374762200,0.1618680000,0.9861006000,True,1.0000000000,4.0410460000,0.0334305400,0.0021768490,-0.0328866100,-0.2403729000,0.1639718000,0.9567309000,0.0031396180,0.0021907960,-0.0317692000,-0.1492010000,0.1638800000,0.9751320000,0.0000000000,
35.31751,25662,True,1.0000000000,3.7303010000,-0.0334173100,0.0022445530,-0.0304360800,-0.0416414500,0.1648873000,0.9854330000,True,1.0000000000,4.0489500000,0.0334353300,0.0022017210,-0.0329034600,-0.2435494000,0.1715878000,0.9545896000,0.0023730320,0.0022216190,-0.0317570200,-0.1505142000,0.1693590000,0.9739934000,0.0000000000,
35.32934,25670,True,1.0000000000,3.7527770000,-0.0334186900,0.0022528690,-0.0304399700,-0.0428165900,0.1602036000,0.9861550000,True,1.0000000000,3.8869930000,0.0334367100,0.0022065730,-0.0329074300,-0.2416577000,0.1638823000,0.9564226000,0.0013515470,0.0022287900,-0.0317232500,-0.1469744000,0.1629353000,0.9756283000,0.0000000000,
35.32934,25678,True,1.0000000000,3.7025910000,-0.0334212800,0.0022622530,-0.0304487600,-0.0456701900,0.1601432000,0.9860367000,True,1.0000000000,3.8627010000,0.0334364800,0.0022087560,-0.0329127700,-0.2419438000,0.1681217000,0.9556141000,0.0006976014,0.0022349550,-0.0317062000,-0.1465476000,0.1650262000,0.9753410000,0.0000000000,
35.33927,25687,True,1.0000000000,3.8078920000,-0.0334134800,0.0022723090,-0.0304570200,-0.0420687900,0.1635754000,0.9856334000,True,1.0000000000,3.8883970000,0.0334367100,0.0022109530,-0.0329181100,-0.2428908000,0.1666422000,0.9556330000,0.0004758454,0.0022412110,-0.0317046500,-0.1446231000,0.1659854000,0.9754655000,0.0000000000,
35.35098,25695,True,1.0000000000,3.7784270000,-0.0334050600,0.0022775120,-0.0304481200,-0.0500032800,0.1627357000,0.9854018000,True,1.0000000000,3.9087370000,0.0334381000,0.0022100530,-0.0329235100,-0.2427868000,0.1705351000,0.9549724000,0.0001278992,0.0022436680,-0.0316899400,-0.1474162000,0.1674359000,0.9747993000,0.0000000000,
35.3614,25703,True,1.0000000000,3.7429810000,-0.0333970300,0.0022815860,-0.0304552800,-0.0449223400,0.1616838000,0.9858196000,True,1.0000000000,3.8918460000,0.0334394800,0.0022091520,-0.0329289300,-0.2423422000,0.1733261000,0.9545828000,-0.0002431793,0.0022456670,-0.0316823100,-0.1435705000,0.1683051000,0.9752235000,0.0000000000,
35.37275,25712,True,1.0000000000,3.7524260000,-0.0333839600,0.0022763520,-0.0304475100,-0.0553286500,0.1616524000,0.9852955000,True,1.0000000000,3.8766170000,0.0334413000,0.0022078710,-0.0329302400,-0.2432739000,0.1725028000,0.9544949000,-0.0005208588,0.0022426760,-0.0316684600,-0.1484241000,0.1677572000,0.9745911000,0.0000000000,
35.37275,25720,True,1.0000000000,3.7582090000,-0.0333823100,0.0022690130,-0.0304683100,-0.0552981200,0.1571358000,0.9860277000,True,1.0000000000,3.8891750000,0.0334431000,0.0022065730,-0.0329289300,-0.2432267000,0.1717541000,0.9546420000,-0.0002898865,0.0022380980,-0.0316868200,-0.1490351000,0.1651333000,0.9749459000,0.0000000000,
35.38402,25728,True,1.0000000000,3.7588040000,-0.0333933400,0.0022657320,-0.0304805800,-0.0508425200,0.1585395000,0.9860427000,True,1.0000000000,3.8745570000,0.0334454500,0.0022043000,-0.0329302400,-0.2430895000,0.1706708000,0.9548712000,-0.0001379700,0.0022351690,-0.0316993900,-0.1472033000,0.1653615000,0.9751855000,0.0000000000,
35.39575,25737,True,1.0000000000,3.7914280000,-0.0334070300,0.0022601470,-0.0304739800,-0.0644079700,0.1653764000,0.9841251000,True,1.0000000000,3.8598480000,0.0334477900,0.0022020420,-0.0329315500,-0.2429538000,0.1695428000,0.9551067000,0.0005153809,0.0022306520,-0.0317209600,-0.1556401000,0.1681828000,0.9733914000,0.0000000000,
35.40598,25745,True,1.0000000000,3.6798550000,-0.0334146600,0.0022623450,-0.0304874600,-0.0558930300,0.1586611000,0.9857498000,True,1.0000000000,3.8737490000,0.0334473100,0.0021979520,-0.0329317300,-0.2435642000,0.1699548000,0.9548779000,0.0012055820,0.0022290040,-0.0317530700,-0.1537642000,0.1652541000,0.9741908000,0.0000000000,
35.40598,25753,True,1.0000000000,3.7335970000,-0.0334239000,0.0022681120,-0.0304905600,-0.0567634400,0.1575186000,0.9858833000,True,1.0000000000,3.9099880000,0.0334342800,0.0021859740,-0.0329493100,-0.2577087000,0.1746999000,0.9502979000,0.0015264130,0.0022251740,-0.0317758800,-0.1626613000,0.1673763000,0.9723819000,0.0000000000,
35.4281,25762,True,1.0000000000,3.7900700000,-0.0334343300,0.0022666020,-0.0304785000,-0.0673533200,0.1658045000,0.9838559000,True,1.0000000000,3.8616180000,0.0334178600,0.0021872560,-0.0329517400,-0.2636451000,0.1721979000,0.9491255000,0.0011546480,0.0022255400,-0.0317581300,-0.1697718000,0.1699549000,0.9707177000,0.0000000000,
35.43925,25770,True,1.0000000000,3.7144620000,-0.0334512700,0.0022640230,-0.0304605900,-0.0806734600,0.1538853000,0.9847898000,True,1.0000000000,3.9282380000,0.0334057900,0.0021889040,-0.0329423200,-0.2710282000,0.1657877000,0.9481868000,0.0009776460,0.0022253420,-0.0317385900,-0.1795530000,0.1607844000,0.9705200000,0.0000000000,
35.4509,25795,True,1.0000000000,3.8951720000,-0.0335000500,0.0022715910,-0.0304541600,-0.0955666700,0.1564193000,0.9830564000,True,1.0000000000,3.9622650000,0.0333631300,0.0021460720,-0.0329397300,-0.2823660000,0.1715711000,0.9438394000,0.0008700715,0.0022070770,-0.0317318300,-0.1924755000,0.1649637000,0.9673367000,0.0000000000,
35.46161,25803,True,1.0000000000,3.6964260000,-0.0335046400,0.0022772830,-0.0304599300,-0.0899976200,0.1595634000,0.9830768000,True,1.0000000000,3.8766170000,0.0333701000,0.0021283110,-0.0329392600,-0.2831146000,0.1673297000,0.9443765000,0.0008640900,0.0022007290,-0.0317341200,-0.1901733000,0.1643550000,0.9678954000,0.0000000000,
35.47233,25812,True,1.0000000000,3.6919250000,-0.0335066800,0.0022825320,-0.0304652000,-0.0992752300,0.1621119000,0.9817658000,True,1.0000000000,3.8707730000,0.0333779900,0.0021042790,-0.0329482700,-0.2864093000,0.1712505000,0.9426786000,0.0005322724,0.0021918180,-0.0317288800,-0.1954069000,0.1675287000,0.9663076000,0.0000000000,
35.47233,25820,True,1.0000000000,3.6441800000,-0.0334881900,0.0022900850,-0.0304587000,-0.0966353400,0.1568779000,0.9828789000,True,1.0000000000,3.9686890000,0.0333803900,0.0020821080,-0.0329525900,-0.2909129000,0.1659722000,0.9422435000,0.0006869202,0.0021837920,-0.0317332800,-0.1969003000,0.1623237000,0.9668926000,0.0000000000,
35.48399,25828,True,1.0000000000,3.7377010000,-0.0334579200,0.0022873230,-0.0304561800,-0.1158608000,0.1511547000,0.9816968000,True,1.0000000000,4.0012970000,0.0334020700,0.0020677340,-0.0329633500,-0.3018363000,0.1640484000,0.9391395000,0.0005614777,0.0021755830,-0.0317318700,-0.2114587000,0.1584491000,0.9644579000,0.0000000000,
35.49474,25837,True,1.0000000000,3.7506560000,-0.0334374300,0.0022795560,-0.0304639700,-0.1220262000,0.1518117000,0.9808480000,True,1.0000000000,3.9357300000,0.0334131200,0.0020460660,-0.0329657600,-0.2998056000,0.1710515000,0.9385403000,0.0004707642,0.0021611180,-0.0317329400,-0.2131055000,0.1622629000,0.9634608000,0.0000000000,
35.49474,25845,True,1.0000000000,3.6900180000,-0.0334320100,0.0022514650,-0.0304754700,-0.1218887000,0.1562977000,0.9801603000,True,1.0000000000,3.9446560000,0.0334195400,0.0020132750,-0.0329557800,-0.3000684000,0.1559471000,0.9410842000,-0.0007584076,0.0021350400,-0.0316877100,-0.2098411000,0.1567857000,0.9650829000,0.0000000000,
35.50617,25853,True,1.0000000000,3.7652890000,-0.0334356500,0.0022186430,-0.0304787500,-0.1316225000,0.1580203000,0.9786240000,True,1.0000000000,3.9787140000,0.0334238100,0.0019897770,-0.0329572400,-0.3194016000,0.1682153000,0.9325697000,-0.0011675870,0.0021081850,-0.0316749300,-0.2233004000,0.1636987000,0.9609057000,0.0000000000,
35.51753,25862,True,1.0000000000,3.7997130000,-0.0334333500,0.0021852720,-0.0304744000,-0.1398947000,0.1503624000,0.9786831000,True,1.0000000000,4.0295870000,0.0334203400,0.0019459380,-0.0329670300,-0.3241156000,0.1674976000,0.9310712000,-0.0012196200,0.0020699460,-0.0316754900,-0.2297088000,0.1593496000,0.9601258000,0.0000000000,
35.52854,25870,True,1.0000000000,3.7691960000,-0.0334219400,0.0021623380,-0.0304709600,-0.1651944000,0.1435724000,0.9757550000,True,1.0000000000,3.9136050000,0.0334220800,0.0019085850,-0.0329756200,-0.3294391000,0.1664591000,0.9293876000,-0.0009026337,0.0020388950,-0.0316894700,-0.2460040000,0.1552898000,0.9567482000,0.0000000000,
35.52854,25878,True,1.0000000000,3.7776640000,-0.0334200900,0.0021509100,-0.0304672900,-0.1561455000,0.1421835000,0.9774469000,True,1.0000000000,4.0199430000,0.0334141900,0.0018883670,-0.0329821800,-0.3531967000,0.1632697000,0.9211922000,-0.0009204865,0.0020232390,-0.0316902200,-0.2533149000,0.1532463000,0.9551687000,0.0000000000,
35.56158,25887,True,1.0000000000,3.7348790000,-0.0334160200,0.0021481940,-0.0304743500,-0.1722588000,0.1422291000,0.9747296000,True,1.0000000000,3.9481660000,0.0334055900,0.0018818820,-0.0329866700,-0.3559905000,0.1615614000,0.9204177000,-0.0008462067,0.0020183870,-0.0316988900,-0.2630345000,0.1523610000,0.9526799000,0.0000000000,
35.56158,25903,True,1.0000000000,3.8762510000,-0.0333596100,0.0021437990,-0.0304475100,-0.2224598000,0.1410535000,0.9646842000,True,1.0000000000,3.9273220000,0.0334126300,0.0018457340,-0.0330010800,-0.3912684000,0.1631938000,0.9056914000,-0.0010607450,0.0019996190,-0.0316827100,-0.3053619000,0.1523758000,0.9399658000,0.0000000000,
35.57431,25911,True,1.0000000000,3.7891390000,-0.0332711600,0.0021645200,-0.0304762900,-0.1910869000,0.1506356000,0.9699457000,True,1.0000000000,4.0646360000,0.0335671300,0.0018105010,-0.0329917000,-0.3833225000,0.1664457000,0.9084931000,-0.0016400450,0.0019969790,-0.0316667000,-0.2835119000,0.1589376000,0.9457060000,0.0000000000,
35.58395,25920,True,1.0000000000,3.8299870000,-0.0329765200,0.0022539830,-0.0306275500,-0.1263438000,0.1432355000,0.9815909000,True,1.0000000000,3.8585360000,0.0338295500,0.0021658630,-0.0341718800,-0.2861204000,0.1529862000,0.9459019000,-0.0326326000,0.0022535250,-0.0306457800,-0.1271837000,0.1432972000,0.9814735000,0.0000000000,
35.58395,25928,True,1.0000000000,3.8063510000,-0.0325590100,0.0019961400,-0.0296469700,-0.0650337900,0.1541920000,0.9858983000,True,1.0000000000,3.9929050000,0.0342331900,0.0019348910,-0.0334017100,-0.2240914000,0.1668555000,0.9601782000,-0.0304560300,0.0019942170,-0.0297652000,-0.0700689300,0.1546491000,0.9854816000,0.0000000000,
35.59508,25936,True,1.0000000000,3.5600890000,-0.0323586400,0.0035240940,-0.0346181400,0.0300904200,0.1094821000,0.9935332000,True,1.0000000000,4.0268860000,0.0345965600,0.0019383850,-0.0333957100,-0.1829544000,0.1606764000,0.9699025000,0.0345965400,0.0019383850,-0.0333957100,-0.1829544000,0.1606764000,0.9699025000,0.0000000000,
35.59508,25945,True,1.0000000000,3.8199160000,-0.0318379200,0.0021227570,-0.0297122400,0.0372164200,0.1749278000,0.9838776000,True,1.0000000000,4.0955660000,0.0348657400,0.0019033970,-0.0333055700,-0.1160438000,0.1885692000,0.9751797000,0.0348657300,0.0019033970,-0.0333055700,-0.1160438000,0.1885692000,0.9751797000,0.0000000000,
35.62465,25953,True,1.0000000000,3.7161560000,-0.0315163600,0.0025590970,-0.0307684500,0.0909589100,0.1522696000,0.9841445000,True,1.0000000000,4.0845340000,0.0351323300,0.0019669800,-0.0333430500,-0.0581821400,0.1909192000,0.9798800000,0.0351323300,0.0019669800,-0.0333430500,-0.0581821400,0.1909192000,0.9798800000,0.0000000000,
35.6508,25961,True,1.0000000000,3.7371520000,-0.0312226600,0.0025301970,-0.0305656600,0.1643987000,0.1510167000,0.9747651000,True,1.0000000000,4.1769560000,0.0353617700,0.0019435430,-0.0331082200,0.0085602510,0.2129381000,0.9770282000,0.0353617700,0.0019435430,-0.0331082200,0.0085602510,0.2129381000,0.9770282000,0.0000000000,
35.6869,25995,True,0.9900981000,3.9013370000,-0.0301107000,0.0025830230,-0.0309092900,0.3683487000,0.2071542000,0.9063148000,True,0.9900981000,4.2685700000,0.0362590400,0.0021677860,-0.0333794400,0.2157472000,0.2451514000,0.9451740000,0.0362590400,0.0021677860,-0.0333794400,0.2157472000,0.2451514000,0.9451740000,0.0000000000,
35.69462,26020,True,0.9902597000,3.9867710000,-0.0296440400,0.0026694180,-0.0311982000,0.5018193000,0.2223221000,0.8359128000,True,0.9902597000,4.3564300000,0.0366891700,0.0023715060,-0.0336105700,0.3357901000,0.2496071000,0.9082628000,0.0366891700,0.0023715060,-0.0336105700,0.3357901000,0.2496071000,0.9082628000,0.0000000000,
35.69462,26036,True,1.0000000000,4.1333310000,-0.0294536000,0.0027375180,-0.0313308100,0.5464801000,0.2251900000,0.8066281000,True,1.0000000000,4.3372190000,0.0368956600,0.0024552610,-0.0337596000,0.3983668000,0.2521245000,0.8818941000,0.0368956600,0.0024552610,-0.0337596000,0.3983668000,0.2521245000,0.8818941000,0.0000000000,
35.71749,26045,True,1.0000000000,4.0507810000,-0.0295841800,0.0027291720,-0.0312869600,0.5441346000,0.2267939000,0.8077636000,True,1.0000000000,4.2686920000,0.0368254000,0.0024758150,-0.0337258000,0.3912711000,0.2501254000,0.8856320000,0.0368254000,0.0024758150,-0.0337258000,0.3912711000,0.2501254000,0.8856320000,0.0000000000,
35.72805,26061,True,1.0000000000,4.0562590000,-0.0300943300,0.0026823730,-0.0310704100,0.4930982000,0.2366231000,0.8371760000,True,1.0000000000,4.3157500000,0.0364194800,0.0024081730,-0.0334899000,0.2953380000,0.2450596000,0.9234291000,0.0364194800,0.0024081730,-0.0334899000,0.2953380000,0.2450596000,0.9234291000,0.0000000000,
35.72805,26070,True,1.0000000000,3.8632350000,-0.0303073000,0.0026656190,-0.0309509400,0.4459713000,0.2205366000,0.8674521000,True,1.0000000000,4.3240360000,0.0362304400,0.0024154970,-0.0334331200,0.2867298000,0.2427994000,0.9267333000,0.0362304400,0.0024154970,-0.0334331200,0.2867298000,0.2427994000,0.9267333000,0.0000000000,
35.73924,26078,True,1.0000000000,3.9434360000,-0.0305012700,0.0026608430,-0.0308778500,0.4159766000,0.2180669000,0.8828422000,True,1.0000000000,4.2606510000,0.0360419900,0.0024057920,-0.0333523700,0.2407539000,0.2427833000,0.9397307000,0.0355618100,0.0024076390,-0.0333345200,0.2420535000,0.2426333000,0.9394355000,0.0000000000,
35.75647,26086,True,1.0000000000,3.9291990000,-0.0306938500,0.0026656800,-0.0308370800,0.4001824000,0.2281372000,0.8875852000,True,1.0000000000,4.2189180000,0.0358517600,0.0024014440,-0.0333023700,0.2304704000,0.2410295000,0.9427556000,0.0200412800,0.0024642180,-0.0327166500,0.2715792000,0.2386656000,0.9323537000,0.0000000000,
35.76273,26095,True,1.0000000000,3.9299770000,-0.0308803900,0.0026406560,-0.0307721000,0.3579889000,0.2315995000,0.9045472000,True,1.0000000000,4.1485750000,0.0356865100,0.0023995670,-0.0332335200,0.1846043000,0.2320752000,0.9550195000,0.0161769900,0.0024702300,-0.0325121200,0.2362242000,0.2327299000,0.9434166000,0.0000000000,
35.77233,26111,True,1.0000000000,3.8223420000,-0.0313114900,0.0026170050,-0.0306637900,0.2973362000,0.2215754000,0.9287063000,True,1.0000000000,4.1687470000,0.0352670300,0.0024204100,-0.0331311700,0.1331810000,0.2247505000,0.9652720000,0.0130084400,0.0024861300,-0.0323062800,0.1886609000,0.2243973000,0.9560611000,0.0000000000,
35.77233,26120,True,1.0000000000,3.8336940000,-0.0315046100,0.0025794370,-0.0306270300,0.2786759000,0.2134892000,0.9363557000,True,1.0000000000,4.0933230000,0.0350686500,0.0023979640,-0.0331013100,0.1045391000,0.2242303000,0.9689130000,0.0111864800,0.0024630590,-0.0322137000,0.1676198000,0.2211788000,0.9607203000,0.0000000000,
35.78384,26128,True,1.0000000000,3.7408750000,-0.0316971100,0.0025646970,-0.0306202100,0.2561679000,0.2280609000,0.9393435000,True,1.0000000000,4.0720830000,0.0348890100,0.0023881840,-0.0330665700,0.0700382000,0.2190563000,0.9731953000,0.0072779090,0.0024613800,-0.0320521400,0.1478744000,0.2237724000,0.9633582000,0.0000000000,
35.79451,26136,True,1.0000000000,3.7197570000,-0.0318752800,0.0025167240,-0.0305674900,0.2205366000,0.2084668000,0.9528406000,True,1.0000000000,4.0392300000,0.0346922300,0.0023273010,-0.0330130800,0.0511783200,0.2175460000,0.9747074000,-0.0024768220,0.0024330600,-0.0316475600,0.1462729000,0.2132447000,0.9659870000,0.0000000000,
35.79451,26145,True,1.0000000000,3.6989140000,-0.0320695500,0.0024508360,-0.0304926500,0.2053862000,0.1957425000,0.9589064000,True,1.0000000000,3.9002840000,0.0345189700,0.0023099980,-0.0329928000,0.0061645660,0.2200628000,0.9754663000,-0.0038526610,0.0023911590,-0.0315520900,0.1215678000,0.2070788000,0.9707418000,0.0000000000,
35.82814,26153,True,1.0000000000,3.7507930000,-0.0322262600,0.0024118500,-0.0305092500,0.1851820000,0.1970534000,0.9627448000,True,1.0000000000,3.9896550000,0.0343534600,0.0023078770,-0.0329829100,-0.0159914200,0.2152738000,0.9764228000,-0.0060892180,0.0023710330,-0.0314803300,0.1067211000,0.2052177000,0.9728804000,0.0000000000,
35.82814,26170,True,1.0000000000,3.7513730000,-0.0322192400,0.0024151000,-0.0306048000,0.1915915000,0.2108788000,0.9585525000,True,1.0000000000,4.0585480000,0.0343497200,0.0023333590,-0.0329876700,0.0006103535,0.2187202000,0.9757875000,-0.0063161010,0.0023833010,-0.0315320200,0.1177844000,0.2148775000,0.9695125000,0.0000000000,
35.83904,26178,True,1.0000000000,3.8481600000,-0.0319708400,0.0024334560,-0.0306002500,0.2561515000,0.2327596000,0.9381948000,True,1.0000000000,4.1125180000,0.0345433800,0.0024424740,-0.0330498400,0.0869152800,0.2435489000,0.9659864000,-0.0055751340,0.0024370420,-0.0315723600,0.1896675000,0.2378855000,0.9525948000,0.0000000000,
35.85007,26195,True,1.0000000000,3.9801940000,-0.0316428100,0.0026471710,-0.0306996500,0.2943316000,0.2772263000,0.9146116000,True,1.0000000000,4.1387020000,0.0347675600,0.0027440640,-0.0331558800,0.1150524000,0.2789333000,0.9533935000,-0.0053549190,0.0026855320,-0.0316719200,0.2242762000,0.2790254000,0.9337264000,0.0000000000,
35.86124,26203,True,1.0000000000,3.9793850000,-0.0316958500,0.0027121580,-0.0306709900,0.2723275000,0.2649727000,0.9250012000,True,1.0000000000,4.1976470000,0.0346782200,0.0027780910,-0.0331359900,0.1064922000,0.2851287000,0.9525550000,-0.0054179990,0.0027382510,-0.0316469000,0.2073835000,0.2738817000,0.9391384000,0.0000000000,
35.86124,26211,True,1.0000000000,3.7619020000,-0.0318410700,0.0026812900,-0.0306342200,0.2430430000,0.2547618000,0.9359629000,True,1.0000000000,4.1095580000,0.0345839100,0.0027643280,-0.0331109700,0.0697328600,0.2804268000,0.9573391000,-0.0058592380,0.0027137760,-0.0316029800,0.1759067000,0.2657827000,0.9478483000,0.0000000000,
35.88026,26220,True,1.0000000000,3.9299930000,-0.0319856000,0.0026361700,-0.0306341900,0.2428312000,0.2642243000,0.9333909000,True,1.0000000000,4.1345060000,0.0345119800,0.0027097170,-0.0331084200,0.0582589000,0.2884105000,0.9557328000,-0.0069140020,0.0026638950,-0.0315670500,0.1739511000,0.2744765000,0.9457291000,0.0000000000,
35.88733,26228,True,1.0000000000,3.7889860000,-0.0321109800,0.0026083530,-0.0306195100,0.2216514000,0.2605922000,0.9396608000,True,1.0000000000,4.1719060000,0.0344123500,0.0026955260,-0.0330900900,0.0423281800,0.2843496000,0.9577858000,-0.0066496740,0.0026417090,-0.0315651000,0.1536126000,0.2707410000,0.9503171000,0.0000000000,
35.89445,26236,True,1.0000000000,3.8148650000,-0.0322084400,0.0025952000,-0.0305989100,0.1984725000,0.2508716000,0.9474556000,True,1.0000000000,3.9874270000,0.0343462100,0.0026864630,-0.0330815400,0.0189667500,0.2826550000,0.9590341000,-0.0043652960,0.0026333770,-0.0316375100,0.1238726000,0.2652472000,0.9561901000,0.0000000000,
35.89445,26245,True,1.0000000000,3.8359830000,-0.0323272900,0.0026015630,-0.0305905000,0.1911021000,0.2517561000,0.9487354000,True,1.0000000000,4.0415500000,0.0342446800,0.0026813200,-0.0330534400,-0.0087433550,0.2711356000,0.9625015000,-0.0029156950,0.0026367950,-0.0316786200,0.1033186000,0.2616305000,0.9596221000,0.0000000000,
35.90709,26253,True,1.0000000000,3.8398590000,-0.0324041500,0.0026083220,-0.0305813800,0.1727467000,0.2431057000,0.9544936000,True,1.0000000000,3.9590300000,0.0341670000,0.0026835330,-0.0330407400,-0.0215457100,0.2678871000,0.9632093000,-0.0018771060,0.0026428070,-0.0317091500,0.0840461600,0.2556938000,0.9630976000,0.0000000000,
35.91692,26261,True,1.0000000000,3.8449400000,-0.0324827900,0.0025450140,-0.0305609400,0.1550622000,0.2572367000,0.9538265000,True,1.0000000000,3.9786220000,0.0340833400,0.0026804810,-0.0330380400,-0.0325931900,0.2656131000,0.9635286000,0.0004870606,0.0026121070,-0.0317878400,0.0623786200,0.2625456000,0.9629012000,0.0000000000,
35.92793,26270,True,1.0000000000,3.8107760000,-0.0325472000,0.0025375520,-0.0305486200,0.1406718000,0.2558460000,0.9564279000,True,1.0000000000,4.0328830000,0.0340304400,0.0026702120,-0.0330288700,-0.0454561400,0.2587902000,0.9648634000,0.0021325690,0.0026066440,-0.0318405600,0.0439002600,0.2585034000,0.9650123000,0.0000000000,
35.92793,26278,True,1.0000000000,3.8701020000,-0.0326222700,0.0025239870,-0.0305489400,0.1262978000,0.2588213000,0.9576327000,True,1.0000000000,4.0044250000,0.0339872800,0.0026344910,-0.0330120000,-0.0599524500,0.2591124000,0.9639847000,-0.0000682373,0.0025779880,-0.0317527000,0.0354161900,0.2600900000,0.9649346000,0.0000000000,
35.93921,26286,True,1.0000000000,3.6815190000,-0.0326684300,0.0025154880,-0.0305348400,0.1109783000,0.2484157000,0.9622751000,True,1.0000000000,4.0292970000,0.0339337600,0.0026208650,-0.0330016500,-0.0677498700,0.2523835000,0.9652526000,-0.0000992127,0.0025670170,-0.0317411300,0.0236667100,0.2513615000,0.9676039000,0.0000000000,
35.95034,26295,True,1.0000000000,3.7832340000,-0.0327204600,0.0024986420,-0.0305352600,0.0995493800,0.2457301000,0.9642130000,True,1.0000000000,3.9908290000,0.0338973600,0.0025849610,-0.0329958300,-0.0697024100,0.2501230000,0.9657019000,0.0016643370,0.0025431980,-0.0318052800,0.0122224200,0.2488887000,0.9684550000,0.0000000000,
35.96819,26303,True,1.0000000000,3.8508300000,-0.0327517900,0.0024693760,-0.0305143600,0.0970465100,0.2448288000,0.9646972000,True,1.0000000000,3.9022060000,0.0338686400,0.0025591740,-0.0329964800,-0.0834971200,0.2511627000,0.9643368000,0.0017502590,0.0025158850,-0.0317998200,0.0035553090,0.2491311000,0.9684632000,0.0000000000,
35.984,26311,True,1.0000000000,3.8474430000,-0.0327767200,0.0024479980,-0.0305142200,0.0862288200,0.2410470000,0.9666752000,True,1.0000000000,4.0922700000,0.0338326100,0.0025318150,-0.0329839000,-0.0941026000,0.2406658000,0.9660355000,0.0020520780,0.0024918370,-0.0318055700,-0.0080872170,0.2418383000,0.9702829000,0.0000000000,
35.984,26320,True,1.0000000000,3.8478240000,-0.0328050100,0.0024240880,-0.0305029000,0.0685893800,0.2381784000,0.9687964000,True,1.0000000000,3.9532930000,0.0338110400,0.0025131990,-0.0329996600,-0.1002052000,0.2477434000,0.9636297000,0.0026370090,0.0024714970,-0.0318312700,-0.0212861900,0.2441426000,0.9695057000,0.0000000000,
35.99469,26336,True,1.0000000000,3.8148500000,-0.0328332700,0.0023958590,-0.0304694200,0.0539407600,0.2304422000,0.9715898000,True,1.0000000000,4.0442810000,0.0337981000,0.0024743960,-0.0329726000,-0.1184561000,0.2357982000,0.9645556000,0.0021201480,0.0024370580,-0.0317825300,-0.0366212100,0.2341316000,0.9715149000,0.0000000000,
36.0057,26345,True,1.0000000000,3.8871920000,-0.0328279000,0.0024159390,-0.0304884200,0.0439760600,0.2304852000,0.9720816000,True,1.0000000000,4.0362400000,0.0338062300,0.0024580080,-0.0329730700,-0.1254124000,0.2334298000,0.9642522000,0.0022759250,0.0024381110,-0.0317973600,-0.0454259600,0.2328671000,0.9714471000,0.0000000000,
36.0057,26353,True,1.0000000000,3.8451080000,-0.0328194600,0.0024395140,-0.0304825200,0.0413366900,0.2208743000,0.9744259000,True,1.0000000000,4.0177310000,0.0338515200,0.0024455420,-0.0329706400,-0.1363848000,0.2299224000,0.9636051000,0.0022145840,0.0024426880,-0.0317899700,-0.0522616300,0.2265332000,0.9726004000,0.0000000000,
36.01765,26361,True,1.0000000000,3.8797610000,-0.0327947100,0.0024674530,-0.0304813100,0.0357666800,0.2249608000,0.9737111000,True,1.0000000000,4.1017610000,0.0338815300,0.0024308930,-0.0329863300,-0.1396640000,0.2377020000,0.9612449000,0.0027501830,0.0024479680,-0.0318167300,-0.0579684800,0.2326521000,0.9708309000,0.0000000000,
36.03094,26370,True,1.0000000000,3.8464970000,-0.0327806400,0.0024644470,-0.0304548500,0.0318757300,0.2153481000,0.9760169000,True,1.0000000000,3.9488370000,0.0339174500,0.0023929600,-0.0329740900,-0.1469131000,0.2296471000,0.9621220000,0.0030757750,0.0024260100,-0.0318091700,-0.0644994600,0.2239399000,0.9724663000,0.0000000000,
36.03995,26378,True,1.0000000000,3.8238530000,-0.0327479400,0.0024478150,-0.0304172200,0.0247957900,0.2169365000,0.9758708000,True,1.0000000000,4.0155640000,0.0339577900,0.0023586890,-0.0329608500,-0.1545119000,0.2347586000,0.9596950000,0.0036045080,0.0023992460,-0.0318034200,-0.0732125700,0.2275724000,0.9710050000,0.0000000000,
36.03995,26386,True,1.0000000000,3.9587400000,-0.0326883600,0.0024785620,-0.0304716800,0.0185242100,0.2164311000,0.9761221000,True,1.0000000000,3.8903660000,0.0340034800,0.0023256990,-0.0329548300,-0.1665657000,0.2286998000,0.9591414000,0.0026719510,0.0023975070,-0.0317882600,-0.0799569600,0.2239100000,0.9713245000,0.0000000000,
36.05059,26395,True,1.0000000000,3.8406520000,-0.0326410700,0.0024981540,-0.0304847300,0.0068207280,0.2054458000,0.9786447000,True,1.0000000000,3.9839940000,0.0340604300,0.0022972570,-0.0329767200,-0.1700310000,0.2339814000,0.9572576000,0.0026328740,0.0023919070,-0.0318025700,-0.0870525800,0.2214386000,0.9712810000,0.0000000000,
36.06102,26403,True,1.0000000000,3.8420260000,-0.0325079500,0.0024962310,-0.0304576700,0.0011901910,0.2070169000,0.9783366000,True,1.0000000000,4.0214690000,0.0342112100,0.0022401280,-0.0329967700,-0.1814451000,0.2343787000,0.9550624000,-0.0012159420,0.0023761140,-0.0316485300,-0.0848238200,0.2208105000,0.9716212000,0.0000000000,
36.06102,26411,True,1.0000000000,3.9093780000,-0.0321348800,0.0024504700,-0.0304072600,0.0685885200,0.2081154000,0.9756964000,True,1.0000000000,3.9992830000,0.0345407600,0.0020990750,-0.0328756900,-0.1216447000,0.2259246000,0.9665199000,-0.0006410675,0.0022845000,-0.0315732000,-0.0213624800,0.2175159000,0.9758230000,0.0000000000,
36.08464,26420,True,1.0000000000,3.8140260000,-0.0315931700,0.0024375610,-0.0304918800,0.1542833000,0.1886770000,0.9698441000,True,1.0000000000,4.1278690000,0.0349770400,0.0020136110,-0.0330193000,-0.0139619300,0.2256187000,0.9741157000,-0.0000197449,0.0022364810,-0.0316906000,0.0747534000,0.2069719000,0.9754869000,0.0000000000,
36.09549,26436,True,1.0000000000,3.8166960000,-0.0305345500,0.0024083410,-0.0307159000,0.2858923000,0.1823754000,0.9407469000,True,1.0000000000,4.2368930000,0.0358882000,0.0018743290,-0.0332330200,0.1372846000,0.2182180000,0.9661956000,0.0002742615,0.0021606450,-0.0318834100,0.2176079000,0.1996023000,0.9554086000,0.0000000000,
36.1069,26445,True,1.0000000000,3.8831480000,-0.0301397300,0.0023889920,-0.0308305700,0.3358349000,0.1756614000,0.9253961000,True,1.0000000000,4.3877560000,0.0362470700,0.0017760620,-0.0333689900,0.2048222000,0.2155340000,0.9547738000,-0.0016766660,0.0021262050,-0.0319189000,0.2803365000,0.1932234000,0.9402533000,0.0000000000,
36.1069,26453,True,1.0000000000,4.0005490000,-0.0298351600,0.0023685300,-0.0310016000,0.4341305000,0.1718151000,0.8843135000,True,1.0000000000,4.2666780000,0.0366022200,0.0017135930,-0.0334958100,0.2489356000,0.2062561000,0.9463031000,-0.0011770940,0.0020860140,-0.0320774800,0.3559626000,0.1875792000,0.9154806000,0.0000000000,
36.12947,26461,True,1.0000000000,3.9871220000,-0.0295541800,0.0023457790,-0.0310803400,0.4447108000,0.1530028000,0.8825092000,True,1.0000000000,4.3170930000,0.0368750600,0.0016683810,-0.0336262200,0.3011060000,0.1895932000,0.9345531000,-0.0037330780,0.0020824740,-0.0320699200,0.3900361000,0.1677273000,0.9053946000,0.0000000000,
36.12947,26470,True,1.0000000000,3.9827580000,-0.0294756900,0.0023253020,-0.0311218300,0.4650014000,0.1459672000,0.8731937000,True,1.0000000000,4.3378750000,0.0370268600,0.0016571660,-0.0336882300,0.3197651000,0.1782543000,0.9305782000,-0.0063212130,0.0020926820,-0.0320153800,0.4156377000,0.1576704000,0.8957596000,0.0000000000,
36.16223,26486,True,1.0000000000,4.0478820000,-0.0296627500,0.0022494810,-0.0310185900,0.4276173000,0.1496295000,0.8914900000,True,1.0000000000,4.4409790000,0.0369100500,0.0015964360,-0.0336038400,0.2703441000,0.1899138000,0.9438468000,-0.0071552590,0.0020286870,-0.0318926200,0.3756616000,0.1637902000,0.9121684000,0.0000000000,
36.1732,26503,True,1.0000000000,4.0003810000,-0.0298899700,0.0022124940,-0.0309264400,0.4060407000,0.1479203000,0.9018040000,True,1.0000000000,4.2066960000,0.0367243200,0.0016011960,-0.0335241400,0.2379316000,0.2044079000,0.9495293000,-0.0082734230,0.0020141300,-0.0317694100,0.3528032000,0.1668724000,0.9206973000,0.0000000000,
36.18435,26511,True,1.0000000000,4.0126500000,-0.0300241700,0.0021994630,-0.0308562600,0.3837042000,0.1364770000,0.9133155000,True,1.0000000000,4.3531190000,0.0366481400,0.0016075900,-0.0334667800,0.2264719000,0.1841286000,0.9564555000,-0.0096781320,0.0020188450,-0.0316528900,0.3367631000,0.1514747000,0.9293256000,0.0000000000,
36.20231,26536,True,1.0000000000,3.9111180000,-0.0303917600,0.0021761320,-0.0307252100,0.3063836000,0.1469433000,0.9404981000,True,1.0000000000,4.3474580000,0.0362608100,0.0016758420,-0.0333189700,0.1704565000,0.1870887000,0.9674411000,-0.0026236120,0.0019676970,-0.0318058000,0.2503833000,0.1640942000,0.9541390000,0.0000000000,
36.21809,26553,True,1.0000000000,3.9158940000,-0.0307014500,0.0021587070,-0.0306601400,0.2679756000,0.1631474000,0.9495115000,True,1.0000000000,4.2944640000,0.0359823800,0.0017584990,-0.0332265800,0.1185308000,0.1883706000,0.9749190000,0.0016703340,0.0019644170,-0.0319060200,0.1960146000,0.1759188000,0.9646921000,0.0000000000,
36.22872,26561,True,1.0000000000,3.8783420000,-0.0308759900,0.0021631170,-0.0306216400,0.2517107000,0.1598827000,0.9545047000,True,1.0000000000,4.3062900000,0.0358211400,0.0018256680,-0.0331775500,0.0908054900,0.1862802000,0.9782914000,0.0046255650,0.0019835050,-0.0319821000,0.1666272000,0.1745313000,0.9704506000,0.0000000000,
36.25168,26570,True,1.0000000000,3.7907560000,-0.0310563800,0.0021726990,-0.0305902100,0.2379622000,0.1612253000,0.9577998000,True,1.0000000000,4.2607730000,0.0356385100,0.0018807980,-0.0331575200,0.0621343400,0.2023791000,0.9773341000,0.0037701870,0.0020202790,-0.0319308000,0.1467602000,0.1834731000,0.9720078000,0.0000000000,
36.28587,26586,True,1.0000000000,3.8169400000,-0.0314127800,0.0021481330,-0.0303290600,0.1836410000,0.1682753000,0.9684831000,True,1.0000000000,4.1346280000,0.0352972300,0.0020414890,-0.0331010000,0.0139924600,0.1984732000,0.9800064000,0.0097449800,0.0020823360,-0.0320392600,0.0792553900,0.1875640000,0.9790497000,0.0000000000,
36.29548,26628,True,1.0000000000,3.9192200000,-0.0306997200,0.0020078280,-0.0306623500,0.3820059000,0.1015020000,0.9185689000,True,1.0000000000,4.2828670000,0.0356870100,0.0019011380,-0.0331843600,0.2021215000,0.1466091000,0.9683247000,-0.0042771760,0.0019653630,-0.0316661400,0.3117865000,0.1199813000,0.9425464000,0.0000000000,
36.29548,26636,True,1.0000000000,3.8489230000,-0.0304851200,0.0019943090,-0.0307303200,0.4179734000,0.0949565000,0.9034830000,True,1.0000000000,4.2309720000,0.0358758900,0.0018724820,-0.0332378100,0.2569154000,0.1282822000,0.9578821000,0.0008793183,0.0019367370,-0.0319154400,0.3431425000,0.1111307000,0.9326860000,0.0000000000,
36.3185,26645,True,1.0000000000,4.0774080000,-0.0304164300,0.0020265660,-0.0307712000,0.4711042000,0.0870674600,0.8777699000,True,1.0000000000,4.2651060000,0.0360818500,0.0018983310,-0.0333152200,0.2999918000,0.1266802000,0.9454930000,0.0059794770,0.0019563750,-0.0321636100,0.3791103000,0.1092240000,0.9188828000,0.0000000000,
36.32932,26670,True,1.0000000000,3.9312440000,-0.0307906700,0.0019834750,-0.0306685200,0.4108788000,0.1107803000,0.9049344000,True,1.0000000000,4.2863160000,0.0357809800,0.0019564210,-0.0331981500,0.2422798000,0.1244510000,0.9621915000,0.0084560860,0.0019675290,-0.0321598400,0.3126875000,0.1192949000,0.9423349000,0.0000000000,
36.35101,26678,True,1.0000000000,3.9760590000,-0.0309802400,0.0019755710,-0.0306356200,0.4201421000,0.0995956700,0.9019763000,True,1.0000000000,4.1716920000,0.0356072600,0.0020003810,-0.0331716800,0.2364386000,0.1332723000,0.9624631000,0.0133440400,0.0019920810,-0.0323237600,0.2991531000,0.1225452000,0.9463034000,0.0000000000,
36.37368,26686,True,1.0000000000,3.8240360000,-0.0311428400,0.0019527280,-0.0305914300,0.3766064000,0.1036389000,0.9205578000,True,1.0000000000,4.2900090000,0.0354824100,0.0020542910,-0.0331338500,0.2059654000,0.1357589000,0.9690964000,0.0146090700,0.0020224760,-0.0323373300,0.2603343000,0.1261311000,0.9572445000,0.0000000000,
36.37368,26703,True,1.0000000000,3.8584750000,-0.0314487500,0.0019352880,-0.0305158100,0.3337408000,0.1141207000,0.9357315000,True,1.0000000000,4.2182310000,0.0351852300,0.0021743160,-0.0330655200,0.1806810000,0.1328595000,0.9745269000,0.0153993700,0.0021033480,-0.0323084300,0.2267334000,0.1276262000,0.9655586000,0.0000000000,
36.38459,26720,True,1.0000000000,3.8666230000,-0.0317496800,0.0017645870,-0.0298417100,0.3208955000,0.1040202000,0.9413851000,True,1.0000000000,4.2043150000,0.0349327100,0.0022850800,-0.0330159500,0.1378493000,0.1311658000,0.9817296000,0.0330459900,0.0022703550,-0.0329261300,0.1430984000,0.1304487000,0.9810739000,0.0000000000,
36.39525,26728,True,1.0000000000,3.9164730000,-0.0318509700,0.0017993930,-0.0299517800,0.3085660000,0.1089792000,0.9449394000,True,1.0000000000,4.1713560000,0.0348425000,0.0023258820,-0.0330075700,0.1244224000,0.1347680000,0.9830344000,0.0345807200,0.0023238220,-0.0329955600,0.1251543000,0.1346759000,0.9829541000,0.0000000000,
36.39525,26736,True,1.0000000000,3.9023130000,-0.0319371700,0.0016875000,-0.0295337200,0.3007697000,0.1232010000,0.9457057000,True,1.0000000000,4.2085720000,0.0347701100,0.0023589020,-0.0329958100,0.1184098000,0.1312579000,0.9842512000,0.0347601300,0.0023587950,-0.0329952900,0.1184399000,0.1312574000,0.9842476000,0.0000000000,
36.41778,26745,True,1.0000000000,3.9109800000,-0.0319992400,0.0017027280,-0.0295740100,0.2818004000,0.1136632000,0.9527168000,True,1.0000000000,4.1860960000,0.0347190600,0.0023644720,-0.0329946000,0.0989387600,0.1317301000,0.9863358000,0.0347179400,0.0023644560,-0.0329945400,0.0989538700,0.1317299000,0.9863343000,0.0000000000,
36.44489,26761,True,1.0000000000,3.8798520000,-0.0320535600,0.0017866210,-0.0299704600,0.2562587000,0.1116497000,0.9601384000,True,1.0000000000,4.1631930000,0.0346524800,0.0023243100,-0.0329966900,0.0796817500,0.1293493000,0.9883924000,0.0346510200,0.0023242950,-0.0329966300,0.0796969100,0.1293492000,0.9883912000,0.0000000000,
36.51817,26795,True,1.0000000000,3.9885410000,-0.0320697500,0.0016656190,-0.0298316200,0.2282439000,0.1166092000,0.9665956000,True,1.0000000000,4.2150120000,0.0346560200,0.0020988620,-0.0328557600,0.0411684300,0.1481789000,0.9881033000,0.0346525600,0.0020988310,-0.0328556100,0.0411684300,0.1481789000,0.9881033000,0.0000000000,
36.54024,26845,True,1.0000000000,3.9241790000,-0.0313740600,0.0011244810,-0.0303559300,0.2719133000,-0.0973211500,0.9573880000,True,1.0000000000,4.1252750000,0.0347080200,0.0014976040,-0.0334679000,0.0747689900,-0.0590675100,0.9954500000,0.0346785300,0.0014974370,-0.0334665100,0.0748599700,-0.0590823100,0.9954423000,0.0000000000,
36.57227,26886,True,1.0000000000,3.8883970000,-0.0316440100,0.0013595430,-0.0310550900,0.2484931000,-0.0707255300,0.9660482000,True,1.0000000000,4.1211240000,0.0346339400,0.0014631040,-0.0330067900,0.0591278500,-0.0445862200,0.9972542000,0.0346297000,0.0014630890,-0.0330066700,0.0591439600,-0.0445868600,0.9972532000,0.0000000000,
36.72767,26911,True,1.0000000000,3.8938600000,-0.0317554000,0.0014405210,-0.0311740100,0.2315547000,-0.0689094600,0.9703782000,True,1.0000000000,4.0306850000,0.0345690800,0.0016608430,-0.0334122600,0.0189972500,-0.0258942400,0.9994842000,0.0345674600,0.0016608430,-0.0334122000,0.0189972500,-0.0258942400,0.9994842000,0.0000000000,
36.76172,26945,True,1.0000000000,3.9423070000,-0.0318974600,0.0016478730,-0.0312426500,0.2248559000,-0.0484776900,0.9731854000,True,1.0000000000,4.1223750000,0.0345048500,0.0015056310,-0.0322990400,0.0245210400,-0.0108338100,0.9996406000,0.0345045600,0.0015056310,-0.0322990300,0.0245210400,-0.0108338100,0.9996406000,0.0000000000,
36.80556,27070,True,1.0000000000,4.0490110000,-0.0322183300,0.0014336550,-0.0292005600,0.2012363000,0.0285344100,0.9791270000,True,1.0000000000,4.1772610000,0.0343743900,0.0021667630,-0.0333826300,-0.0331577100,0.0323184700,0.9989275000,0.0343741200,0.0021667630,-0.0333826200,-0.0331577100,0.0323184700,0.9989275000,0.0000000000,
36.83889,27120,True,1.0000000000,3.9099880000,-0.0321893300,0.0015830990,-0.0295568900,0.1664142000,0.0377811800,0.9853318000,True,1.0000000000,4.1779170000,0.0344291300,0.0019266360,-0.0328302800,-0.0404970100,0.0441438800,0.9982041000,0.0344289900,0.0019266360,-0.0328302800,-0.0404970100,0.0441438800,0.9982041000,0.0000000000,
36.8612,27170,True,1.0000000000,4.0395660000,-0.0321930600,0.0016011350,-0.0295029800,0.1553348000,0.0440522000,0.9868792000,True,1.0000000000,4.2193600000,0.0344415500,0.0019164580,-0.0328140100,-0.0659490300,0.0534214600,0.9963919000,0.0344413500,0.0019164580,-0.0328140000,-0.0659490300,0.0534214600,0.9963919000,0.0000000000,
36.99583,27195,True,1.0000000000,3.9745030000,-0.0320955100,0.0016174170,-0.0294709200,0.1623699000,0.0424502600,0.9858164000,True,1.0000000000,4.2816470000,0.0345689200,0.0018095250,-0.0327055700,-0.0777897500,0.0643009100,0.9948941000,0.0345685900,0.0018095250,-0.0327055500,-0.0777745900,0.0643009800,0.9948952000,0.0000000000,
37.0332,27236,True,1.0000000000,4.3943480000,-0.0298768500,0.0030385130,-0.0309518100,0.4750858000,0.2342699000,0.8481811000,True,1.0000000000,4.7080080000,0.0363542500,0.0027639010,-0.0336024500,0.2731346000,0.2660239000,0.9244614000,0.0363538800,0.0027639010,-0.0336024400,0.2731346000,0.2660239000,0.9244614000,0.0000000000,
37.17225,27361,True,1.0000000000,4.2282710000,-0.0301140900,0.0014942780,-0.0309366300,0.5114512000,0.2794534000,0.8126029000,True,1.0000000000,4.5806730000,0.0365197600,0.0017143860,-0.0337083200,0.3177062000,0.2908658000,0.9024743000,0.0365184200,0.0017143710,-0.0337082500,0.3177062000,0.2908658000,0.9024743000,0.0000000000,
37.40173,27436,True,1.0000000000,4.1626590000,-0.0308478700,0.0011631620,-0.0306492300,0.4466867000,0.2369847000,0.8627336000,True,1.0000000000,4.3539580000,0.0357995500,0.0016627660,-0.0334033200,0.2513164000,0.2554821000,0.9335786000,0.0357990300,0.0016627660,-0.0334033100,0.2513307000,0.2554811000,0.9335750000,0.0000000000,
37.42738,27586,True,1.0000000000,3.9086910000,-0.0308915700,0.0015796660,-0.0305341500,0.3703659000,0.2074611000,0.9054220000,True,1.0000000000,4.1876070000,0.0358038700,0.0018068240,-0.0333108500,0.1767439000,0.2342699000,0.9559703000,0.0358017500,0.0018068090,-0.0333107800,0.1767587000,0.2342693000,0.9559677000,0.0000000000,
37.47186,27761,True,1.0000000000,4.1664730000,-0.0309831300,0.0018829040,-0.0305820800,0.3915152000,0.2700078000,0.8796656000,True,1.0000000000,4.3433530000,0.0357029400,0.0021873170,-0.0333550400,0.1855033000,0.2782015000,0.9424397000,0.0356946100,0.0021872870,-0.0333546900,0.1855327000,0.2781999000,0.9424343000,0.0000000000,
37.53861,27778,True,1.0000000000,4.2567600000,-0.0309974800,0.0019447330,-0.0305656100,0.3913932000,0.2621037000,0.8821071000,True,1.0000000000,4.4255980000,0.0357109500,0.0022266390,-0.0333561300,0.1821148000,0.2780780000,0.9431367000,0.0357093100,0.0022266390,-0.0333560700,0.1821148000,0.2780780000,0.9431367000,0.0000000000,
37.53861,27828,True,1.0000000000,4.1779330000,-0.0310641300,0.0018595580,-0.0305563100,0.3824181000,0.2712572000,0.8832757000,True,1.0000000000,4.4011990000,0.0356637300,0.0022256470,-0.0333447000,0.1742564000,0.2818469000,0.9435025000,0.0355981000,0.0022252810,-0.0333419700,0.1744563000,0.2818493000,0.9434649000,0.0000000000,
37.59745,27903,True,1.0000000000,4.1914980000,-0.0312141400,0.0018586120,-0.0305282800,0.3807698000,0.2710433000,0.8840531000,True,1.0000000000,4.3919370000,0.0355692600,0.0022618870,-0.0333238500,0.1724260000,0.2780789000,0.9449558000,0.0352108600,0.0022597200,-0.0333088600,0.1735711000,0.2780800000,0.9447458000,0.0000000000,
37.61635,27928,True,1.0000000000,4.0338900000,-0.0323489100,0.0013326870,-0.0301262800,0.1835798000,0.1793836000,0.9664988000,True,1.0000000000,4.1855930000,0.0342647700,0.0019484410,-0.0326936700,-0.0159304600,0.2032812000,0.9789908000,0.0212606800,0.0018282470,-0.0321924800,0.0230716800,0.1992526000,0.9796765000,0.0000000000,
37.62723,27961,True,1.0000000000,3.8349460000,-0.0336770200,0.0012448730,-0.0319347200,-0.0017700440,0.0005035469,0.9999983000,True,1.0000000000,4.1946560000,0.0325602100,0.0019968110,-0.0331753400,-0.1948877000,0.0339817400,0.9802367000,0.0321804100,0.0019925080,-0.0331682300,-0.1938028000,0.0337983800,0.9804581000,0.0000000000,
37.68327,27978,True,1.0000000000,3.7458190000,-0.0340232600,0.0005705719,-0.0305234200,-0.0316470500,-0.0433048800,0.9985605000,True,1.0000000000,4.0581360000,0.0321562200,0.0017689820,-0.0329846200,-0.2496363000,-0.0533757700,0.9668675000,0.0301309700,0.0017323000,-0.0329093000,-0.2431376000,-0.0531014700,0.9685372000,0.0000000000,
37.68327,28003,True,0.9194088000,4.0021670000,-0.0340821900,0.0005320282,-0.0304505600,-0.1167160000,-0.1224076000,0.9855931000,True,0.9194088000,4.1533510000,0.0320308400,0.0016879120,-0.0330220100,-0.2949543000,-0.0952612500,0.9507509000,0.0267085300,0.0015948640,-0.0328149900,-0.2809614000,-0.0975651600,0.9547469000,0.0000000000,
37.76043,28036,True,0.8563254000,4.0714420000,-0.0334604500,0.0011018220,-0.0314079600,-0.0402532600,-0.0715189600,0.9966267000,True,0.8563254000,4.1574550000,0.0328287800,0.0022713780,-0.0353153500,-0.2427084000,-0.0706640500,0.9675222000,-0.0195994900,0.0013463750,-0.0322249900,-0.0828715200,-0.0715951300,0.9939852000,0.0000000000,
37.77178,28103,True,0.8778173000,4.0314480000,-0.0325433700,0.0014444580,-0.0299437600,-0.0086518570,-0.0392919400,0.9991903000,True,0.8778173000,4.1828610000,0.0338339400,0.0018114010,-0.0337536900,-0.1792313000,-0.0183412300,0.9836360000,-0.0202989700,0.0015121460,-0.0306465600,-0.0402073000,-0.0355075500,0.9985602000,0.0000000000,
37.77178,28119,True,0.9892945000,4.0392300000,-0.0325674300,0.0015769650,-0.0304988000,0.0097962260,-0.0406955400,0.9991236000,True,0.9892945000,4.2361910000,0.0339176200,0.0016231540,-0.0332252200,-0.1828014000,-0.0063171760,0.9831296000,-0.0217445800,0.0015844880,-0.0309426100,-0.0216064800,-0.0351868300,0.9991472000,0.0000000000,
37.80494,28128,True,1.0000000000,4.0220340000,-0.0326087100,0.0016172790,-0.0308316400,0.0205232400,-0.0338900500,0.9992148000,True,1.0000000000,4.2144930000,0.0339022800,0.0016683350,-0.0333172300,-0.1819928000,-0.0058136360,0.9832827000,-0.0232142300,0.0016244810,-0.0311827200,-0.0080872030,-0.0299989400,0.9995172000,0.0000000000,
37.82981,28144,True,1.0000000000,4.0511170000,-0.0326760600,0.0015426330,-0.0307126600,0.0362857700,-0.0354312700,0.9987132000,True,1.0000000000,4.2233280000,0.0338784500,0.0017693790,-0.0334341700,-0.1674980000,0.0061341170,0.9858533000,-0.0170100700,0.0015960080,-0.0313532700,-0.0117188900,-0.0257418800,0.9995999000,0.0000000000,
37.86154,28169,True,1.0000000000,4.0025790000,-0.0327152900,0.0015629880,-0.0306224400,0.0521550000,-0.0113526400,0.9985745000,True,1.0000000000,4.3167880000,0.0338810800,0.0018789370,-0.0334402000,-0.1620651000,0.0006103573,0.9867799000,-0.0129441400,0.0016567840,-0.0314589700,-0.0114899800,-0.0078278380,0.9999033000,0.0000000000,
37.88299,28186,True,1.0000000000,4.0575100000,-0.0326809100,0.0016287840,-0.0306289200,0.0568545500,-0.0142365200,0.9982810000,True,1.0000000000,4.2821350000,0.0338805500,0.0020628820,-0.0339590500,-0.1546044000,0.0008392464,0.9879761000,-0.0287411200,0.0016544650,-0.0308260400,0.0443881900,-0.0133668100,0.9989249000,0.0000000000,
37.89381,28236,True,1.0000000000,4.1496430000,-0.0326652400,0.0016344910,-0.0304931700,0.0694131000,-0.0058289300,0.9975709000,True,1.0000000000,4.3660580000,0.0339500100,0.0019742280,-0.0335385000,-0.1429007000,0.0139314800,0.9896389000,-0.0326005900,0.0016348270,-0.0304961300,0.0692146300,-0.0057984040,0.9975849000,0.0000000000,
37.90489,28244,True,1.0000000000,4.1500090000,-0.0326809400,0.0016454010,-0.0305220200,0.0711824100,-0.0069885420,0.9974388000,True,1.0000000000,4.2946470000,0.0339476800,0.0019916080,-0.0335137500,-0.1343853000,0.0122529100,0.9908534000,-0.0325018600,0.0016463320,-0.0305300600,0.0706337300,-0.0069275680,0.9974783000,0.0000000000,
37.9163,28253,True,1.0000000000,4.0751190000,-0.0326953500,0.0016716310,-0.0306041700,0.0747537400,-0.0092622000,0.9971590000,True,1.0000000000,4.2808380000,0.0339398500,0.0020310060,-0.0335454900,-0.1371002000,0.0156860400,0.9904330000,-0.0323883200,0.0016732790,-0.0306177200,0.0737769800,-0.0091553640,0.9972328000,0.0000000000,
37.95147,28269,True,1.0000000000,4.1972050000,-0.0327208900,0.0015091400,-0.0300951900,0.0863038900,0.0063781870,0.9962484000,True,1.0000000000,4.3721470000,0.0339388400,0.0020893100,-0.0336033000,-0.1305857000,0.0176698100,0.9912795000,0.0205818600,0.0019730530,-0.0329003600,-0.0874482200,0.0154571700,0.9960492000,0.0000000000,
37.96711,28303,True,1.0000000000,4.1020510000,-0.0326810600,0.0015396880,-0.0303327200,0.0927890500,-0.0005798363,0.9956856000,True,1.0000000000,4.3181000000,0.0339993000,0.0020761110,-0.0335438100,-0.1245578000,0.0150452000,0.9920983000,0.0104250000,0.0018864590,-0.0324085500,-0.0479740300,0.0095673390,0.9988028000,0.0000000000,
37.98462,28311,True,1.0000000000,4.1365510000,-0.0326662000,0.0015239720,-0.0302830700,0.0998845200,0.0053253440,0.9949848000,True,1.0000000000,4.3494720000,0.0340158600,0.0020508880,-0.0334936800,-0.1263750000,0.0071412100,0.9919568000,0.0270567000,0.0019959110,-0.0331586200,-0.1030133000,0.0069733460,0.9946555000,0.0000000000,
37.99377,28328,True,1.0000000000,4.1863250000,-0.0326592900,0.0014435730,-0.0299473300,0.1060043000,0.0074616520,0.9943377000,True,1.0000000000,4.3373410000,0.0340320900,0.0020455780,-0.0335268400,-0.1267105000,0.0145418000,0.9918332000,0.0323807100,0.0020306700,-0.0334382000,-0.1210334000,0.0143738600,0.9925444000,0.0000000000,
38.00491,28344,True,1.0000000000,4.1396180000,-0.0326340800,0.0017051550,-0.0307394600,0.1101850000,-0.0025482470,0.9939079000,True,1.0000000000,4.3522490000,0.0340431400,0.0020297090,-0.0335112200,-0.1140602000,0.0133210200,0.9933845000,0.0326217700,0.0020227970,-0.0334521300,-0.1093453000,0.0129853200,0.9939190000,0.0000000000,
38.00491,28353,True,1.0000000000,4.1831210000,-0.0326189700,0.0017012480,-0.0306839200,0.1038371000,0.0015564120,0.9945931000,True,1.0000000000,4.3367770000,0.0340466300,0.0020376890,-0.0335653100,-0.1111308000,0.0177919200,0.9936465000,0.0329797100,0.0020323030,-0.0335192000,-0.1077278000,0.0175324800,0.9940258000,0.0000000000,
38.01625,28361,True,1.0000000000,4.1957090000,-0.0326039300,0.0017073520,-0.0306632400,0.1106725000,-0.0016784750,0.9938555000,True,1.0000000000,4.3102110000,0.0340550100,0.0020425420,-0.0336016600,-0.1095435000,0.0137482500,0.9938869000,0.0337385600,0.0020409550,-0.0335877100,-0.1085218000,0.0136720400,0.9940001000,0.0000000000,
38.0271,28369,True,1.0000000000,4.1278080000,-0.0325868200,0.0017139280,-0.0306486500,0.1137101000,0.0004119932,0.9935139000,True,1.0000000000,4.2740330000,0.0340832700,0.0020268100,-0.0335689100,-0.1071781000,0.0126648400,0.9941592000,0.0338625500,0.0020257720,-0.0335592500,-0.1064610000,0.0126343300,0.9942366000,0.0000000000,
38.03821,28378,True,1.0000000000,4.2125850000,-0.0325653700,0.0014419100,-0.0297760500,0.1190506000,0.0199129700,0.9926885000,True,1.0000000000,4.2914280000,0.0341178000,0.0019999850,-0.0334824800,-0.1143804000,0.0195465900,0.9932448000,0.0340844400,0.0019997100,-0.0334806400,-0.1142582000,0.0195465700,0.9932588000,0.0000000000,
38.03821,28386,True,1.0000000000,4.1825560000,-0.0325583400,0.0015247500,-0.0299822900,0.1197373000,0.0152132200,0.9926890000,True,1.0000000000,4.3280940000,0.0341498100,0.0019567720,-0.0333557900,-0.1138169000,0.0137178500,0.9934070000,0.0341126300,0.0019565280,-0.0333539100,-0.1136947000,0.0137178300,0.9934211000,0.0000000000,
38.04956,28394,True,1.0000000000,4.1472170000,-0.0325366200,0.0014971010,-0.0298980400,0.1337129000,0.0127868800,0.9909376000,True,1.0000000000,4.3541720000,0.0341859800,0.0019287260,-0.0333444400,-0.1163500000,0.0301212900,0.9927514000,0.0341596100,0.0019285430,-0.0333430800,-0.1162429000,0.0301059700,0.9927644000,0.0000000000,
38.07187,28403,True,1.0000000000,4.1850430000,-0.0325154300,0.0014385990,-0.0297254300,0.1296083000,0.0111999600,0.9915020000,True,1.0000000000,4.3108980000,0.0342115800,0.0019624940,-0.0334742400,-0.1086438000,0.0287936600,0.9936637000,0.0342066100,0.0019624630,-0.0334739700,-0.1086137000,0.0287937600,0.9936669000,0.0000000000,
38.10546,28419,True,1.0000000000,4.1814730000,-0.0324496900,0.0014665070,-0.0298642000,0.1364910000,0.0124817900,0.9905627000,True,1.0000000000,4.3091130000,0.0342535600,0.0019123540,-0.0333853200,-0.1080642000,0.0298160900,0.9936967000,0.0342505200,0.0019123380,-0.0333851500,-0.1080642000,0.0298160900,0.9936967000,0.0000000000,
38.10546,28428,True,1.0000000000,4.1548160000,-0.0324266400,0.0014719700,-0.0298958600,0.1423351000,0.0126038500,0.9897383000,True,1.0000000000,4.3487550000,0.0342816900,0.0018804780,-0.0333063400,-0.1017765000,0.0363008100,0.9941448000,0.0342776200,0.0018804630,-0.0333061400,-0.1017614000,0.0363008700,0.9941463000,0.0000000000,
38.1271,28461,True,1.0000000000,4.1783140000,-0.0323315600,0.0013205260,-0.0292787200,0.1521916000,0.0101013500,0.9882994000,True,1.0000000000,4.4493870000,0.0343795000,0.0016496280,-0.0327680800,-0.0607309200,0.0461738100,0.9970856000,0.0343216700,0.0016493380,-0.0327650500,-0.0605476400,0.0461431600,0.9970981000,0.0000000000,
38.13813,28469,True,1.0000000000,4.2211910000,-0.0323033300,0.0013216550,-0.0292795700,0.1603707000,0.0101471500,0.9870047000,True,1.0000000000,4.3949740000,0.0344129100,0.0016241300,-0.0327041300,-0.0562136100,0.0462038100,0.9973491000,0.0311599000,0.0016093750,-0.0325371500,-0.0457004600,0.0444950100,0.9979638000,0.0000000000,
38.14955,28486,True,1.0000000000,4.1740570000,-0.0322502400,0.0014283600,-0.0296069700,0.1735542000,0.0124817400,0.9847452000,True,1.0000000000,4.4496310000,0.0344484600,0.0016363680,-0.0327557500,-0.0482334600,0.0287630700,0.9984219000,-0.0096545110,0.0014988250,-0.0306736900,0.0989692100,0.0180970500,0.9949259000,0.0000000000,
38.14955,28494,True,1.0000000000,4.1411290000,-0.0322335100,0.0014394230,-0.0296463900,0.1692521000,0.0121003400,0.9854985000,True,1.0000000000,4.4120330000,0.0344738300,0.0015129850,-0.0323908700,-0.0611269900,0.0455477000,0.9970902000,-0.0318310600,0.0014398650,-0.0296629500,0.1678942000,0.0122987200,0.9857283000,0.0000000000,
38.16026,28503,True,1.0000000000,4.1327670000,-0.0322229300,0.0014355320,-0.0296339900,0.1768958000,0.0082092570,0.9841954000,True,1.0000000000,4.4601140000,0.0344895000,0.0014730990,-0.0322621000,-0.0527959700,0.0397648300,0.9978133000,-0.0321325200,0.0014355770,-0.0296375400,0.1765921000,0.0082398470,0.9842497000,0.0000000000,
38.17163,28511,True,1.0000000000,4.1539150000,-0.0322221600,0.0014231260,-0.0296058100,0.1784694000,0.0075989860,0.9839161000,True,1.0000000000,4.3894810000,0.0344940100,0.0014622800,-0.0322075800,-0.0432439000,0.0441441800,0.9980888000,-0.0322006400,0.0014231420,-0.0296066500,0.1783928000,0.0075989760,0.9839300000,0.0000000000,
38.19368,28519,True,1.0000000000,4.1610260000,-0.0322230900,0.0014002530,-0.0295846900,0.1921557000,-0.0016632240,0.9813631000,True,1.0000000000,4.3773350000,0.0344943900,0.0014978640,-0.0323168800,-0.0439916900,0.0443884200,0.9980453000,-0.0321914700,0.0014002990,-0.0295859700,0.1920500000,-0.0016327150,0.9813837000,0.0000000000,
38.19368,28528,True,1.0000000000,4.1820680000,-0.0322247800,0.0013861080,-0.0296044000,0.1991431000,0.0020141670,0.9799684000,True,1.0000000000,4.4387820000,0.0345013400,0.0015158540,-0.0323701500,-0.0451207900,0.0432744500,0.9980438000,-0.0321291300,0.0013862920,-0.0296083700,0.1987941000,0.0020752230,0.9800391000,0.0000000000,
38.20477,28544,True,1.0000000000,4.2034760000,-0.0321955000,0.0014287410,-0.0298372200,0.1983974000,0.0084992560,0.9800848000,True,1.0000000000,4.3347020000,0.0345273300,0.0015176700,-0.0324166400,-0.0375366500,0.0393371900,0.9985207000,-0.0313447600,0.0014298710,-0.0298701000,0.1954657000,0.0088959020,0.9806702000,0.0000000000,
38.21606,28553,True,1.0000000000,4.1850740000,-0.0321789700,0.0013583680,-0.0296420900,0.2035849000,0.0142823800,0.9789531000,True,1.0000000000,4.3346560000,0.0345428600,0.0015358120,-0.0325018900,-0.0345155000,0.0393220400,0.9986303000,-0.0214953900,0.0013867800,-0.0301000100,0.1661080000,0.0183716800,0.9859364000,0.0000000000,
38.21606,28561,True,1.0000000000,4.1381840000,-0.0320750400,0.0017821500,-0.0310445600,0.1889347000,-0.0067901750,0.9819661000,True,1.0000000000,4.3586270000,0.0345872700,0.0014449920,-0.0322794200,-0.0332951700,0.0457617900,0.9983974000,0.0337394400,0.0014492800,-0.0322637200,-0.0304874300,0.0451055400,0.9985169000,0.0000000000,
38.25072,28569,True,1.0000000000,4.0743260000,-0.0320240300,0.0018160400,-0.0311435300,0.1901710000,-0.0162201600,0.9816170000,True,1.0000000000,4.3415530000,0.0346444600,0.0013400880,-0.0320126800,-0.0463871800,0.0423283100,0.9980264000,0.0346425500,0.0013401030,-0.0320126700,-0.0463871800,0.0423283100,0.9980264000,0.0000000000,
38.2603,28603,True,1.0000000000,4.0843510000,-0.0320991400,0.0012718200,-0.0295237100,0.1557782000,-0.0128022200,0.9877090000,True,1.0000000000,4.3018650000,0.0345760200,0.0013337400,-0.0323586600,-0.0691528600,0.0259247000,0.9972692000,0.0345754900,0.0013337400,-0.0323586300,-0.0691376800,0.0259247200,0.9972702000,0.0000000000,
38.2715,28611,True,1.0000000000,4.0022740000,-0.0320732900,0.0013065490,-0.0296030400,0.1628890000,-0.0124818000,0.9865655000,True,1.0000000000,4.3058620000,0.0345740500,0.0012923590,-0.0322592600,-0.0663456200,0.0265809700,0.9974426000,0.0345736000,0.0012923590,-0.0322592500,-0.0663456200,0.0265809700,0.9974426000,0.0000000000,
38.2715,28619,True,1.0000000000,4.0049440000,-0.0319288000,0.0019432370,-0.0316602500,0.1479818000,-0.0298618700,0.9885392000,True,1.0000000000,4.1649320000,0.0346357100,0.0013099980,-0.0323717400,-0.0513458900,0.0129089500,0.9985975000,0.0346357100,0.0013099980,-0.0323717400,-0.0513458900,0.0129089500,0.9985975000,0.0000000000,
38.2829,28628,True,1.0000000000,3.9907230000,-0.0318655000,0.0018380430,-0.0311807400,0.1548330000,-0.0244296500,0.9876385000,True,1.0000000000,4.1970830000,0.0347054900,0.0013408810,-0.0325073100,-0.0450291100,0.0076142080,0.9989567000,0.0347054900,0.0013408810,-0.0325073100,-0.0450291100,0.0076142080,0.9989567000,0.0000000000,
38.29383,28636,True,1.0000000000,4.0243380000,-0.0318052800,0.0018007660,-0.0309844500,0.1436471000,-0.0245210300,0.9893252000,True,1.0000000000,4.1960140000,0.0347912000,0.0012224880,-0.0322743500,-0.0462041600,0.0215456700,0.9986997000,0.0347912000,0.0012224880,-0.0322743500,-0.0462041600,0.0215456700,0.9986997000,0.0000000000,
38.3047,28644,True,1.0000000000,3.8874970000,-0.0317731600,0.0018542630,-0.0311187900,0.1507891000,-0.0245059000,0.9882622000,True,1.0000000000,4.1863860000,0.0348245200,0.0012230220,-0.0323409000,-0.0410770100,0.0253755900,0.9988337000,0.0348245200,0.0012230220,-0.0323409000,-0.0410770100,0.0253755900,0.9988337000,0.0000000000,
38.31599,28653,True,1.0000000000,3.8594210000,-0.0317557500,0.0018497930,-0.0310920700,0.1578997000,-0.0352024200,0.9868275000,True,1.0000000000,4.2727050000,0.0348522200,0.0012319030,-0.0323934500,-0.0345614600,0.0138245900,0.9993070000,0.0348522200,0.0012319030,-0.0323934500,-0.0345614600,0.0138245900,0.9993070000,0.0000000000,
38.31599,28661,True,1.0000000000,3.9075620000,-0.0317394000,0.0018261570,-0.0309955900,0.1679086000,-0.0334474500,0.9852350000,True,1.0000000000,4.1422420000,0.0348847400,0.0012181700,-0.0323531400,-0.0401158800,0.0202029000,0.9989908000,0.0348846300,0.0012181700,-0.0323531200,-0.0401158800,0.0202029000,0.9989908000,0.0000000000,
38.327,28669,True,1.0000000000,3.8345950000,-0.0317291400,0.0018049320,-0.0309174700,0.1577766000,-0.0238343400,0.9871871000,True,1.0000000000,4.2021180000,0.0349052900,0.0012209470,-0.0323469100,-0.0399629800,0.0168457900,0.9990591000,0.0349051700,0.0012209470,-0.0323469100,-0.0399629800,0.0168457900,0.9990591000,0.0000000000,
38.327,28678,True,1.0000000000,3.9858400000,-0.0317288400,0.0017842710,-0.0308564300,0.1615606000,-0.0337373100,0.9862859000,True,1.0000000000,4.1694640000,0.0349231000,0.0016457820,-0.0336280500,-0.0387421200,0.0162964100,0.9991164000,0.0349059000,0.0016458280,-0.0336273300,-0.0386964200,0.0162811800,0.9991184000,0.0000000000,
38.34953,28686,True,1.0000000000,3.9361880000,-0.0317314200,0.0017755890,-0.0308367500,0.1667202000,-0.0378881900,0.9852760000,True,1.0000000000,4.1863400000,0.0349143700,0.0014336240,-0.0329673300,-0.0368657400,0.0151674500,0.9992051000,-0.0007881165,0.0016168060,-0.0318259600,0.0725863900,-0.0133209800,0.9972732000,0.0000000000,
38.34953,28694,True,1.0000000000,3.9240420000,-0.0317439900,0.0017449650,-0.0307943300,0.1659405000,-0.0328829200,0.9855874000,True,1.0000000000,4.1365810000,0.0348917100,0.0012369840,-0.0323359600,-0.0290682000,0.0212709000,0.9993511000,-0.0304516800,0.0017351080,-0.0308242200,0.1622319000,-0.0318299200,0.9862391000,0.0000000000,
38.36031,28703,True,1.0000000000,3.9204100000,-0.0317596000,0.0017519230,-0.0308903400,0.1625389000,-0.0332035800,0.9861434000,True,1.0000000000,4.1649480000,0.0348694600,0.0012603150,-0.0324028300,-0.0338594800,0.0146027600,0.9993199000,-0.0315918400,0.0017506870,-0.0308941500,0.1620494000,-0.0330965200,0.9862275000,0.0000000000,
38.37187,28711,True,1.0000000000,3.8622130000,-0.0317818800,0.0017013090,-0.0307883800,0.1562818000,-0.0306704100,0.9872362000,True,1.0000000000,4.1285100000,0.0348467000,0.0012781070,-0.0324378500,-0.0323186200,0.0047760750,0.9994662000,-0.0316716800,0.0017006070,-0.0307911100,0.1559772000,-0.0306095100,0.9872862000,0.0000000000,
38.38311,28719,True,1.0000000000,3.8531650000,-0.0318039200,0.0017396390,-0.0309864400,0.1637581000,-0.0310365200,0.9860122000,True,1.0000000000,4.1341860000,0.0348234900,0.0013009800,-0.0324883600,-0.0407109000,0.0134584000,0.9990804000,-0.0316581000,0.0017386780,-0.0309897300,0.1633156000,-0.0309449600,0.9860885000,0.0000000000,
38.38311,28728,True,1.0000000000,3.9362180000,-0.0319167800,0.0011910400,-0.0292753300,0.1887533000,-0.0175325400,0.9818680000,True,1.0000000000,4.1192320000,0.0348027200,0.0012854310,-0.0324114400,-0.0416417700,0.0083924420,0.9990973000,0.0041758880,0.0012420960,-0.0309718300,0.0645456000,-0.0035248310,0.9979085000,0.0000000000,
38.39392,28736,True,1.0000000000,3.9388580000,-0.0319444400,0.0011880800,-0.0292895100,0.1876085000,-0.0162202300,0.9821100000,True,1.0000000000,4.2413940000,0.0347883600,0.0011587370,-0.0320115400,-0.0432896900,0.0172884100,0.9989130000,0.0347040100,0.0011587830,-0.0320081000,-0.0429996800,0.0172426000,0.9989263000,0.0000000000,
38.40523,28744,True,1.0000000000,3.8757170000,-0.0319666800,0.0011964570,-0.0293091600,0.1881116000,-0.0229798800,0.9818788000,True,1.0000000000,4.1494140000,0.0347714100,0.0011667790,-0.0319995100,-0.0495456700,0.0206605600,0.9985582000,0.0347703000,0.0011667790,-0.0319994700,-0.0495456700,0.0206605600,0.9985582000,0.0000000000,
38.41659,28753,True,1.0000000000,3.9164730000,-0.0319812500,0.0012096710,-0.0293669900,0.1909813000,-0.0225375000,0.9813349000,True,1.0000000000,4.1035000000,0.0347453500,0.0011514890,-0.0319237500,-0.0490573200,0.0131531600,0.9987094000,0.0347451800,0.0011514890,-0.0319237400,-0.0490573200,0.0131531600,0.9987094000,0.0000000000,
38.42736,28769,True,1.0000000000,3.9033200000,-0.0320124500,0.0011620790,-0.0292711500,0.1784061000,-0.0168762500,0.9838122000,True,1.0000000000,4.0957950000,0.0347063900,0.0011821750,-0.0319940700,-0.0518648100,0.0141449500,0.9985539000,0.0347063900,0.0011821750,-0.0319940700,-0.0518648100,0.0141449500,0.9985539000,0.0000000000,
38.45244,28778,True,1.0000000000,3.8857880000,-0.0320251500,0.0011360020,-0.0292064100,0.1754171000,-0.0274356200,0.9841118000,True,1.0000000000,4.1208650000,0.0346941500,0.0011795960,-0.0319854300,-0.0477757400,0.0068054870,0.9988349000,0.0346941500,0.0011795960,-0.0319854300,-0.0477757400,0.0068054870,0.9988349000,0.0000000000,
38.45244,28794,True,1.0000000000,3.8552860000,-0.0320399300,0.0010979000,-0.0291465000,0.1781026000,-0.0265505900,0.9836537000,True,1.0000000000,4.0845340000,0.0346769100,0.0011722870,-0.0319820700,-0.0461732700,0.0051117130,0.9989204000,0.0346769000,0.0011722870,-0.0319820700,-0.0461732700,0.0051117130,0.9989204000,0.0000000000,
38.47483,28803,True,1.0000000000,3.8317720000,-0.0320476700,0.0010737000,-0.0290801900,0.1749582000,-0.0366975700,0.9838917000,True,1.0000000000,4.0913540000,0.0346702200,0.0011968540,-0.0320625600,-0.0437622900,0.0079956190,0.9990100000,0.0346688000,0.0011968540,-0.0320625000,-0.0437470600,0.0079956250,0.9990106000,0.0000000000,
38.49374,28819,True,1.0000000000,3.8413390000,-0.0320500400,0.0010044100,-0.0289067200,0.1777350000,-0.0247040700,0.9837682000,True,1.0000000000,4.0927430000,0.0346747500,0.0011874080,-0.0320908700,-0.0511475500,0.0017700230,0.9986895000,0.0344491600,0.0011867830,-0.0320801100,-0.0503850400,0.0016784840,0.9987285000,0.0000000000,
38.49374,28836,True,1.0000000000,3.8998570000,-0.0320355100,0.0010143740,-0.0289433000,0.1755849000,-0.0290530700,0.9840355000,True,1.0000000000,4.0753780000,0.0346886900,0.0011179810,-0.0319502100,-0.0435334200,0.0091095180,0.9990104000,0.0189796500,0.0010935820,-0.0312422800,0.0080720060,0.0001220719,0.9999674000,0.0000000000,
38.50473,28844,True,1.0000000000,3.8384550000,-0.0320277900,0.0010463110,-0.0290287000,0.1724566000,-0.0330814000,0.9844614000,True,1.0000000000,4.0402980000,0.0346717700,0.0012623750,-0.0323668500,-0.0445710900,-0.0070343290,0.9989815000,0.0226798600,0.0012235260,-0.0317666900,-0.0055694970,-0.0117493500,0.9999155000,0.0000000000,
38.51636,28861,True,1.0000000000,3.9032290000,-0.0320128200,0.0010968930,-0.0291572700,0.1722128000,-0.0295718900,0.9846158000,True,1.0000000000,4.1218720000,0.0346889200,0.0012174530,-0.0322628800,-0.0417175400,-0.0076599150,0.9991001000,0.0084022980,0.0011699370,-0.0310389900,0.0428162200,-0.0163879600,0.9989486000,0.0000000000,
38.53521,28869,True,1.0000000000,3.9059140000,-0.0320031200,0.0011298680,-0.0292411800,0.1727923000,-0.0282595600,0.9845528000,True,1.0000000000,4.0896300000,0.0347183500,0.0010215000,-0.0317114700,-0.0536652200,0.0116882500,0.9984906000,-0.0057078550,0.0010871580,-0.0302147400,0.0840768800,-0.0125886400,0.9963797000,0.0000000000,
38.54079,28878,True,1.0000000000,3.8773650000,-0.0320004000,0.0011345520,-0.0292483400,0.1709306000,-0.0309603800,0.9847965000,True,1.0000000000,4.0720670000,0.0347232700,0.0010102690,-0.0316806500,-0.0496219700,0.0106964900,0.9987108000,-0.0179006200,0.0011082920,-0.0297623100,0.1248491000,-0.0222476200,0.9919263000,0.0000000000,
38.54892,28886,True,1.0000000000,3.8961330000,-0.0319976700,0.0011392360,-0.0292554800,0.1711911000,-0.0297856300,0.9847875000,True,1.0000000000,4.0894620000,0.0347281800,0.0009990387,-0.0316678000,-0.0460817400,0.0111847400,0.9988751000,-0.0257737300,0.0011261600,-0.0294805000,0.1512317000,-0.0260165500,0.9881560000,0.0000000000,
38.56017,28894,True,1.0000000000,3.8726960000,-0.0319946900,0.0011462560,-0.0292757100,0.1720438000,-0.0292512600,0.9846550000,True,1.0000000000,4.0898590000,0.0347323900,0.0009973756,-0.0316629700,-0.0467841500,0.0099641390,0.9988554000,-0.0291666900,0.0011399540,-0.0293768800,0.1629356000,-0.0276187900,0.9862501000,0.0000000000,
38.56017,28903,True,1.0000000000,3.8715210000,-0.0319917300,0.0011500400,-0.0292805800,0.1731597000,-0.0309606100,0.9844071000,True,1.0000000000,4.0883790000,0.0347366000,0.0009957124,-0.0316678000,-0.0482488200,0.0095063290,0.9987901000,-0.0301362900,0.0011457370,-0.0293469600,0.1671162000,-0.0298465500,0.9854853000,0.0000000000,
38.57133,28911,True,1.0000000000,3.8835140000,-0.0319894700,0.0011470640,-0.0292719900,0.1707463000,-0.0307312900,0.9848356000,True,1.0000000000,4.0874790000,0.0347404500,0.0009910584,-0.0316696900,-0.0489046400,0.0100098100,0.9987533000,-0.0302169400,0.0011429140,-0.0293356800,0.1650244000,-0.0296631900,0.9858433000,0.0000000000,
38.58287,28919,True,1.0000000000,3.7780300000,-0.0319686500,0.0011626440,-0.0293045200,0.1623100000,-0.0263523000,0.9863878000,True,1.0000000000,4.0929570000,0.0347700800,0.0009770661,-0.0316867400,-0.0550237600,0.0174867500,0.9983319000,-0.0304805300,0.0011585080,-0.0293576400,0.1575474000,-0.0253906900,0.9871849000,0.0000000000,
38.59382,28928,True,1.0000000000,3.7622680000,-0.0318962600,0.0016306000,-0.0307689400,0.1480430000,-0.0421454100,0.9880825000,True,1.0000000000,4.0919800000,0.0347828800,0.0009962616,-0.0317434100,-0.0584720100,0.0178834000,0.9981289000,0.0293784000,0.0010476690,-0.0316644300,-0.0418091600,0.0130310300,0.9990407000,0.0000000000,
38.60518,28936,True,1.0000000000,3.8638760000,-0.0319559900,0.0011692810,-0.0292697600,0.1704425000,-0.0276187000,0.9849805000,True,1.0000000000,4.1089940000,0.0347911200,0.0010047450,-0.0317337800,-0.0534822800,0.0240174300,0.9982799000,0.0344697000,0.0010055390,-0.0317219200,-0.0524142300,0.0237733300,0.9983424000,0.0000000000,
