unity_timestamp,eye_timestamp,left_validata,left_eye_openness,left_eye_pupil_diameter,left_eye_origin.x,left_eye_origin.y,left_eye_origin.z,left_eye_gaze.x,left_eye_gaze.y,left_eye_gaze.z,right_validata,right_eye_openness,right_eye_pupil_diameter,right_eye_origin.x,right_eye_origin.y,right_eye_origin.z,right_eye_gaze.x,right_eye_gaze.y,right_eye_gaze.z,combined_eye_origin.x,combined_eye_origin.y,combined_eye_origin.z,combined_eye_gaze.x,combined_eye_gaze.y,combined_eye_gaze.z,gaze_distance,messages,
16.5500000000,3963562,True,1.0000000000,4.1814730000,-0.0324978200,-0.0036130830,-0.0260706300,-0.1142742000,0.1295636000,0.9849643000,True,1.0000000000,4.6383060000,0.0318715800,-0.0076326300,-0.0252816300,-0.1341873000,0.1410844000,0.9808613000,-0.0014861300,-0.0055496060,-0.0256905100,-0.1238719000,0.1351177000,0.9830559000,0.0000000000,,
16.5500000000,3963570,True,1.0000000000,4.1982570000,-0.0324773100,-0.0035956120,-0.0260748800,-0.1137097000,0.1272444000,0.9853319000,True,1.0000000000,4.6751710000,0.0318960700,-0.0076291050,-0.0252877100,-0.1313645000,0.1422442000,0.9810759000,-0.0019571690,-0.0055079350,-0.0257016800,-0.1220875000,0.1343558000,0.9833835000,0.0000000000,,
16.5666700000,3963578,True,1.0000000000,4.1610570000,-0.0324655800,-0.0035728910,-0.0260556700,-0.1057286000,0.1208959000,0.9870186000,True,1.0000000000,4.6298980000,0.0319192500,-0.0076259010,-0.0252915000,-0.1293966000,0.1410698000,0.9815069000,0.0014354400,-0.0057069550,-0.0256533100,-0.1182117000,0.1315329000,0.9842383000,0.0000000000,,
16.5666700000,3963587,True,1.0000000000,4.1440430000,-0.0324348900,-0.0035436100,-0.0260669900,-0.1070253000,0.1173555000,0.9873061000,True,1.0000000000,4.5944670000,0.0319408700,-0.0076201330,-0.0252857200,-0.1215837000,0.1426106000,0.9822829000,0.0018528440,-0.0057148440,-0.0256508800,-0.1147931000,0.1308303000,0.9847365000,0.0000000000,,
16.5833300000,3963595,True,1.0000000000,4.1415560000,-0.0323925700,-0.0035269010,-0.0260735800,-0.1141670000,0.1150520000,0.9867771000,True,1.0000000000,4.6275020000,0.0319524300,-0.0076176920,-0.0252859700,-0.1189283000,0.1438156000,0.9824322000,0.0019090880,-0.0057076570,-0.0256537000,-0.1167156000,0.1304028000,0.9845672000,0.0000000000,,
16.5833300000,3963603,True,1.0000000000,4.2492370000,-0.0323801600,-0.0035093990,-0.0260872200,-0.1078039000,0.1160895000,0.9873710000,True,1.0000000000,4.6269230000,0.0319841800,-0.0076092080,-0.0252899200,-0.1184241000,0.1455086000,0.9822438000,0.0018758550,-0.0056913910,-0.0256628900,-0.1134655000,0.1317610000,0.9847662000,0.0000000000,,
16.6000000000,3963612,True,1.0000000000,4.1941220000,-0.0323729000,-0.0034989170,-0.0260942900,-0.1094672000,0.1129309000,0.9875543000,True,1.0000000000,4.6185000000,0.0320017300,-0.0076049040,-0.0252923300,-0.1142893000,0.1463178000,0.9826134000,0.0017317510,-0.0056742100,-0.0256694200,-0.1120456000,0.1306308000,0.9850793000,0.0000000000,,
16.6166700000,3963620,True,1.0000000000,4.2620540000,-0.0323669500,-0.0034935150,-0.0260945700,-0.1070270000,0.1185018000,0.9871690000,True,1.0000000000,4.6530460000,0.0320138900,-0.0076017000,-0.0252886500,-0.1141828000,0.1421219000,0.9832414000,0.0019714510,-0.0056846780,-0.0256647200,-0.1108566000,0.1311052000,0.9851509000,0.0000000000,,
16.6166700000,3963628,True,1.0000000000,4.2788240000,-0.0323665900,-0.0034897310,-0.0260986300,-0.1041111000,0.1172642000,0.9876285000,True,1.0000000000,4.6337130000,0.0320173500,-0.0075980530,-0.0252877700,-0.1162267000,0.1450201000,0.9825785000,0.0020739290,-0.0056873780,-0.0256648900,-0.1105971000,0.1321275000,0.9850435000,0.0000000000,,
16.6333400000,3963637,True,1.0000000000,4.2595980000,-0.0323669500,-0.0034859470,-0.0261027100,-0.1070263000,0.1157239000,0.9874985000,True,1.0000000000,4.6101070000,0.0320208000,-0.0075944220,-0.0252868800,-0.1153726000,0.1437084000,0.9828719000,0.0017550810,-0.0056632080,-0.0256703700,-0.1114671000,0.1305714000,0.9851528000,0.0000000000,,
16.6333400000,3963645,True,1.0000000000,4.2425990000,-0.0323794000,-0.0034857790,-0.0261138200,-0.1041124000,0.1198292000,0.9873204000,True,1.0000000000,4.6326290000,0.0320186300,-0.0075935980,-0.0252857200,-0.1160745000,0.1437694000,0.9827803000,0.0020279690,-0.0056805570,-0.0256713700,-0.1105210000,0.1326313000,0.9849843000,0.0000000000,,
16.6500000000,3963653,True,1.0000000000,4.3008880000,-0.0323904300,-0.0034891970,-0.0261130800,-0.1042179000,0.1185764000,0.9874605000,True,1.0000000000,4.6338350000,0.0320164500,-0.0075944220,-0.0252845500,-0.1166236000,0.1438607000,0.9827019000,0.0020995480,-0.0056875460,-0.0256694000,-0.1108717000,0.1321275000,0.9850126000,0.0000000000,,
16.6500000000,3963662,True,1.0000000000,4.2228390000,-0.0324036300,-0.0034874270,-0.0261118800,-0.1065837000,0.1147015000,0.9876657000,True,1.0000000000,4.6407320000,0.0320151700,-0.0075946510,-0.0252833100,-0.1159532000,0.1432974000,0.9828635000,0.0015298610,-0.0056509710,-0.0256754200,-0.1115272000,0.1297768000,0.9852510000,0.0000000000,,
16.6500000000,3963670,True,1.0000000000,4.2025600000,-0.0324062500,-0.0034849090,-0.0261082300,-0.1118335000,0.1174946000,0.9867564000,True,1.0000000000,4.6337590000,0.0320138900,-0.0075948950,-0.0252820900,-0.1160747000,0.1437545000,0.9827824000,0.0010774380,-0.0056211550,-0.0256788200,-0.1140452000,0.1311505000,0.9847808000,0.0000000000,,
16.6666700000,3963678,True,1.0000000000,4.2440950000,-0.0324016000,-0.0034784400,-0.0261109500,-0.1076970000,0.1167150000,0.9873089000,True,1.0000000000,4.7068330000,0.0320132000,-0.0076033640,-0.0252809200,-0.1147020000,0.1428396000,0.9830770000,0.0006386872,-0.0055942390,-0.0256852000,-0.1112994000,0.1301291000,0.9852304000,0.0000000000,,
16.6666700000,3963687,True,1.0000000000,4.2466280000,-0.0323750500,-0.0034593200,-0.0261124000,-0.1122292000,0.1134042000,0.9871899000,True,1.0000000000,4.7351070000,0.0320499000,-0.0076111450,-0.0252878300,-0.1184390000,0.1420749000,0.9827446000,0.0004917755,-0.0055774080,-0.0256917400,-0.1154039000,0.1280536000,0.9850301000,0.0000000000,,
16.6833300000,3963695,True,1.0000000000,4.0789950000,-0.0323251200,-0.0034153750,-0.0261839800,-0.1075303000,0.1053788000,0.9886013000,True,1.0000000000,4.7272030000,0.0321069100,-0.0076182710,-0.0252944700,-0.1169600000,0.1431291000,0.9827688000,0.0017620550,-0.0056388860,-0.0257134000,-0.1125339000,0.1253819000,0.9857056000,0.0000000000,,
16.7000000000,3963703,True,1.0000000000,4.2555080000,-0.0322610200,-0.0034049990,-0.0261477100,-0.1193255000,0.1131304000,0.9863889000,True,1.0000000000,4.7009580000,0.0321707900,-0.0076235200,-0.0252996700,-0.1247269000,0.1381548000,0.9825255000,0.0025249790,-0.0056825410,-0.0256898700,-0.1222547000,0.1266492000,0.9843850000,0.0000000000,,
16.7000000000,3963712,True,1.0000000000,4.2251590000,-0.0322143000,-0.0033913580,-0.0261840400,-0.1178592000,0.1121067000,0.9866819000,True,1.0000000000,4.6488800000,0.0322270700,-0.0075980230,-0.0253111900,-0.1257336000,0.1263287000,0.9839878000,0.0037636720,-0.0057399600,-0.0256967200,-0.1222701000,0.1200423000,0.9852105000,0.0000000000,,
16.7166700000,3963720,True,1.0000000000,4.2249760000,-0.0321282700,-0.0033135070,-0.0264296000,-0.1186686000,0.1074838000,0.9870993000,True,1.0000000000,4.6543430000,0.0323577900,-0.0076352850,-0.0253782700,-0.1303429000,0.1258720000,0.9834465000,0.0126131600,-0.0063120270,-0.0257001700,-0.1267865000,0.1202557000,0.9846135000,0.0000000000,,
16.7166700000,3963728,True,1.0000000000,4.3288270000,-0.0318744200,-0.0034219970,-0.0262119300,-0.0883184700,0.1252908000,0.9881812000,True,1.0000000000,4.6105800000,0.0326116200,-0.0074647370,-0.0258534400,-0.0961153000,0.1102602000,0.9892445000,-0.0153198600,-0.0044598390,-0.0261199000,-0.0903168700,0.1214448000,0.9884807000,0.0000000000,,
16.7333300000,3963737,True,1.0000000000,4.3295290000,-0.0315468200,-0.0034412390,-0.0261561000,-0.0258639300,0.1316237000,0.9909623000,True,1.0000000000,4.6557310000,0.0329248400,-0.0074701840,-0.0258385200,-0.0270386100,0.1166994000,0.9927992000,-0.0292582000,-0.0035842590,-0.0261448400,-0.0259095300,0.1310888000,0.9910320000,0.0000000000,,
16.7333300000,3963745,True,1.0000000000,4.3236080000,-0.0312750300,-0.0034064490,-0.0261599700,0.0214998300,0.1405042000,0.9898466000,True,1.0000000000,4.6760860000,0.0332425900,-0.0076094360,-0.0253812400,0.0193026300,0.1311205000,0.9911785000,-0.0289051100,-0.0035608370,-0.0261313600,0.0214236100,0.1401690000,0.9898958000,0.0000000000,,
16.7500000000,3963753,True,1.0000000000,4.3452300000,-0.0310570800,-0.0033827520,-0.0261217200,0.0552677100,0.1441355000,0.9880134000,True,1.0000000000,4.8290100000,0.0334554600,-0.0077105100,-0.0254386600,0.0615083200,0.1732334000,0.9829582000,-0.0282950300,-0.0035680390,-0.0260924800,0.0555424800,0.1453717000,0.9878168000,0.0000000000,,
16.7500000000,3963762,True,1.0000000000,4.3907620000,-0.0309467900,-0.0033076480,-0.0261502500,0.0756995600,0.1485610000,0.9860017000,True,1.0000000000,4.6512760000,0.0335478100,-0.0076538700,-0.0254669800,0.0931405400,0.1815966000,0.9789523000,-0.0278519100,-0.0035162050,-0.0261174600,0.0765386200,0.1501628000,0.9856941000,0.0000000000,,
16.7666700000,3963770,True,1.0000000000,4.3833470000,-0.0310184300,-0.0032629400,-0.0261414500,0.0755626600,0.1532768000,0.9852901000,True,1.0000000000,4.7208250000,0.0335154800,-0.0076038970,-0.0254701700,0.0854801300,0.1902017000,0.9780166000,-0.0269879500,-0.0035340580,-0.0260995300,0.0761882900,0.1555962000,0.9848782000,0.0000000000,,
16.7666700000,3963778,True,1.0000000000,4.4155430000,-0.0311617300,-0.0032378850,-0.0261597400,0.0690009400,0.1669634000,0.9835457000,True,0.6424469000,4.7447050000,0.0333765000,-0.0075101020,-0.0254136200,0.0662542100,0.1712661000,0.9829946000,-0.0264383400,-0.0035505530,-0.0261051300,0.0688029200,0.1672847000,0.9835050000,0.0000000000,,
16.7833300000,3963787,True,1.0000000000,4.3311000000,-0.0313293900,-0.0032225500,-0.0261723800,0.0606239800,0.1674980000,0.9840066000,True,0.6424469000,4.7277680000,0.0332259800,-0.0075100870,-0.0254440200,0.0486148700,0.1927963000,0.9800338000,-0.0258635400,-0.0035855710,-0.0261107000,0.0596169300,0.1696343000,0.9837022000,0.0000000000,,
16.7833300000,3963795,True,0.9632490000,4.3741300000,-0.0315046100,-0.0032437140,-0.0261839800,0.0548560400,0.1624166000,0.9851962000,True,0.6159499000,4.7015690000,0.0330563700,-0.0074704590,-0.0254123700,0.0329289900,0.1752194000,0.9839786000,-0.0253770800,-0.0036448820,-0.0261107300,0.0527809700,0.1636378000,0.9851075000,0.0000000000,,
16.8000000000,3963803,True,0.9632490000,4.3380280000,-0.0317005900,-0.0032329410,-0.0262777600,0.0374913900,0.1549400000,0.9872122000,True,0.6159499000,4.7581630000,0.0328475600,-0.0074564210,-0.0254017800,0.0299988500,0.1741032000,0.9842703000,-0.0274274100,-0.0035125430,-0.0262197600,0.0369878400,0.1562218000,0.9870292000,0.0000000000,,
16.8000000000,3963812,True,1.0000000000,4.2799530000,-0.0319078500,-0.0032380980,-0.0263939800,0.0340576900,0.1555179000,0.9872458000,True,1.0000000000,4.6731720000,0.0326262100,-0.0074552770,-0.0254034600,0.0263063100,0.1745921000,0.9842893000,-0.0063144380,-0.0049105840,-0.0260011600,0.0309908400,0.1631025000,0.9861223000,0.0000000000,,
16.8166700000,3963820,True,1.0000000000,4.3727260000,-0.0321084000,-0.0031485750,-0.0268721900,0.0197144600,0.1413276000,0.9897665000,True,1.0000000000,4.6265110000,0.0324004200,-0.0074291540,-0.0253699200,0.0166321300,0.1565098000,0.9875363000,0.0299394400,-0.0072658540,-0.0254272200,0.0167391200,0.1559470000,0.9876236000,0.0000000000,,
16.8166700000,3963828,True,1.0000000000,4.3435520000,-0.0323128700,-0.0031438600,-0.0271603700,0.0108338400,0.1411909000,0.9899231000,True,1.0000000000,4.5921630000,0.0321663700,-0.0074947670,-0.0253520800,0.0124665400,0.1587691000,0.9872370000,0.0321013500,-0.0074903720,-0.0253539000,0.0124666000,0.1587393000,0.9872418000,0.0000000000,,
16.8333300000,3963837,True,1.0000000000,4.3348080000,-0.0325319500,-0.0032579200,-0.0272202300,0.0173646500,0.1430981000,0.9895562000,True,1.0000000000,4.6680150000,0.0319497100,-0.0075657350,-0.0253464200,0.0096131570,0.1553974000,0.9878052000,0.0319468600,-0.0075655370,-0.0253465000,0.0096131570,0.1553974000,0.9878052000,0.0000000000,,
16.8333300000,3963845,True,1.0000000000,4.2041470000,-0.0327338000,-0.0033174130,-0.0273720400,0.0112306100,0.1445179000,0.9894385000,True,1.0000000000,4.6532290000,0.0317564300,-0.0076204380,-0.0253277800,-0.0039978400,0.1452345000,0.9893892000,0.0317562000,-0.0076204230,-0.0253277900,-0.0039978400,0.1452345000,0.9893892000,0.0000000000,,
16.8500000000,3963853,True,1.0000000000,4.2410740000,-0.0328876000,-0.0032984470,-0.0276809600,0.0067291390,0.1359408000,0.9906941000,True,1.0000000000,4.6114200000,0.0316018700,-0.0076939390,-0.0253081500,-0.0089417750,0.1370564000,0.9905229000,0.0316018400,-0.0076939390,-0.0253081500,-0.0089417750,0.1370564000,0.9905229000,0.0000000000,,
16.8500000000,3963862,True,1.0000000000,4.2282260000,-0.0330049800,-0.0032015840,-0.0281146700,-0.0012207220,0.1152819000,0.9933320000,True,1.0000000000,4.6401820000,0.0314918200,-0.0078058480,-0.0252631400,-0.0208590900,0.1446861000,0.9892577000,0.0314918200,-0.0078058480,-0.0252631400,-0.0208590900,0.1446861000,0.9892577000,0.0000000000,,
16.8500000000,3963870,True,1.0000000000,4.2586360000,-0.0330991400,-0.0033548280,-0.0278557400,-0.0059357480,0.1142288000,0.9934368000,True,1.0000000000,4.6067200000,0.0314025600,-0.0079049530,-0.0251129600,-0.0279236900,0.1245122000,0.9918250000,0.0314025300,-0.0079049530,-0.0251129600,-0.0279236900,0.1245122000,0.9918250000,0.0000000000,,
16.8666700000,3963878,True,1.0000000000,4.2064670000,-0.0331510900,-0.0033311310,-0.0280886100,-0.0098267380,0.1132059000,0.9935229000,True,1.0000000000,4.5819090000,0.0313737500,-0.0079203800,-0.0251134200,-0.0277560800,0.1241165000,0.9918793000,0.0313736700,-0.0079203800,-0.0251134200,-0.0277560800,0.1241165000,0.9918793000,0.0000000000,,
16.8666700000,3963887,True,1.0000000000,4.2627720000,-0.0332844700,-0.0037628480,-0.0274218900,-0.0347141200,0.1341567000,0.9903519000,True,1.0000000000,4.5225520000,0.0311489100,-0.0080049750,-0.0252453600,-0.0440070300,0.1235371000,0.9913637000,0.0311471400,-0.0080048670,-0.0252454200,-0.0440070300,0.1235371000,0.9913637000,0.0000000000,,
16.8833400000,3963895,True,1.0000000000,4.2970580000,-0.0334300200,-0.0041842040,-0.0266912700,-0.0998230700,0.1103974000,0.9888619000,True,1.0000000000,4.6740110000,0.0308150500,-0.0081252140,-0.0254192200,-0.0897230500,0.1058518000,0.9903258000,0.0308110500,-0.0081249700,-0.0254193000,-0.0897230500,0.1058518000,0.9903258000,0.0000000000,,
16.8833400000,3963903,True,1.0000000000,4.2963560000,-0.0336092700,-0.0042121280,-0.0267846200,-0.1486068000,0.0974893300,0.9840792000,True,1.0000000000,4.4913790000,0.0305186800,-0.0081872870,-0.0254145100,-0.1411451000,0.0798347400,0.9867647000,0.0305151500,-0.0081870570,-0.0254145800,-0.1411451000,0.0798347400,0.9867647000,0.0000000000,,
16.9000000000,3963912,True,1.0000000000,4.3013610000,-0.0337653200,-0.0042513280,-0.0267931400,-0.1877599000,0.0553437800,0.9806545000,True,1.0000000000,4.6333620000,0.0303278200,-0.0083154760,-0.0254723400,-0.2140677000,0.0767982500,0.9737952000,0.0303262300,-0.0083153690,-0.0254723700,-0.2140531000,0.0767985100,0.9737983000,0.0000000000,,
16.9166700000,3963920,True,1.0000000000,4.2110750000,-0.0338704000,-0.0042478790,-0.0268160000,-0.2112282000,0.0479280400,0.9762610000,True,1.0000000000,4.7694850000,0.0302107900,-0.0082977140,-0.0255040500,-0.2563798000,0.0628666100,0.9645295000,0.0302101600,-0.0082976690,-0.0255040600,-0.2563798000,0.0628666100,0.9645295000,0.0000000000,,
16.9166700000,3963928,True,1.0000000000,4.1810150000,-0.0338401000,-0.0041864020,-0.0267974900,-0.2106340000,0.0437473000,0.9765856000,True,1.0000000000,4.7258000000,0.0302632800,-0.0082646940,-0.0254780300,-0.2529314000,0.0536655200,0.9659947000,0.0302631100,-0.0082646940,-0.0254780400,-0.2529314000,0.0536655200,0.9659947000,0.0000000000,,
16.9333300000,3963937,True,1.0000000000,4.1463320000,-0.0337606700,-0.0041232300,-0.0267783700,-0.1925687000,0.0542763100,0.9797813000,True,1.0000000000,4.6440730000,0.0303797800,-0.0082002410,-0.0254451000,-0.2306232000,0.0570836000,0.9713673000,0.0303795500,-0.0082002260,-0.0254451000,-0.2306232000,0.0570836000,0.9713673000,0.0000000000,,
16.9333300000,3963945,True,1.0000000000,4.0330200000,-0.0336846800,-0.0040705570,-0.0267764300,-0.1846173000,0.0670475500,0.9805208000,True,1.0000000000,4.6465000000,0.0305136100,-0.0081394200,-0.0254102900,-0.2311283000,0.0548866900,0.9713739000,0.0305093900,-0.0081391460,-0.0254103700,-0.2311139000,0.0548868800,0.9713773000,0.0000000000,,
16.9500000000,3963953,True,1.0000000000,4.1849980000,-0.0336103200,-0.0040328670,-0.0267607600,-0.1779040000,0.0699012200,0.9815620000,True,1.0000000000,4.5332490000,0.0306041000,-0.0080861060,-0.0253795800,-0.2057366000,0.0530401700,0.9771690000,0.0305539900,-0.0080829320,-0.0253806600,-0.2057219000,0.0530555500,0.9771712000,0.0000000000,,
16.9500000000,3963962,True,1.0000000000,4.1543270000,-0.0335192600,-0.0039523320,-0.0267522600,-0.1778889000,0.0579840200,0.9823408000,True,1.0000000000,4.5509030000,0.0307104200,-0.0081013500,-0.0253828100,-0.2022723000,0.0610356900,0.9774255000,0.0216552100,-0.0075164040,-0.0255758800,-0.1988533000,0.0606081600,0.9781534000,0.0000000000,,
16.9500000000,3963970,True,1.0000000000,4.1837310000,-0.0334200900,-0.0039083710,-0.0267235000,-0.1768817000,0.0513921200,0.9828895000,True,1.0000000000,4.5205540000,0.0308276400,-0.0080750580,-0.0253484800,-0.1907813000,0.0527803300,0.9802126000,-0.0087828520,-0.0055061800,-0.0261962100,-0.1822228000,0.0519263300,0.9818852000,0.0000000000,,
16.9666700000,3963978,True,1.0000000000,4.1773070000,-0.0333300500,-0.0038570410,-0.0267143000,-0.1665052000,0.0430606400,0.9850999000,True,1.0000000000,4.4553380000,0.0309566800,-0.0080505530,-0.0253293600,-0.1918491000,0.0469056100,0.9803029000,-0.0070892340,-0.0055687720,-0.0261489900,-0.1768659000,0.0446322800,0.9832225000,0.0000000000,,
16.9666700000,3963987,True,1.0000000000,4.1665190000,-0.0332359800,-0.0037742010,-0.0268304900,-0.1586771000,0.0463412100,0.9862424000,True,1.0000000000,4.5696870000,0.0310658400,-0.0080339510,-0.0253226000,-0.1930097000,0.0343019800,0.9805971000,-0.0087046970,-0.0053993080,-0.0262552400,-0.1718003000,0.0417484300,0.9842468000,0.0000000000,,
16.9833300000,3963995,True,1.0000000000,4.0648650000,-0.0331380900,-0.0036427160,-0.0271030100,-0.1536870000,0.0334931400,0.9875517000,True,1.0000000000,4.4692840000,0.0311867800,-0.0080014960,-0.0254056200,-0.1768972000,0.0322879700,0.9836996000,-0.0081315160,-0.0053372200,-0.0264431500,-0.1627205000,0.0330201900,0.9861195000,0.0000000000,,
17.0000000000,3964003,True,1.0000000000,4.0662080000,-0.0330519400,-0.0035014350,-0.0274407700,-0.1348136000,0.0323796700,0.9903418000,True,1.0000000000,4.5199580000,0.0313147000,-0.0080129700,-0.0254102600,-0.1779177000,0.0306549500,0.9835678000,0.0292091700,-0.0078654030,-0.0254766900,-0.1765151000,0.0307162000,0.9838185000,0.0000000000,,
17.0000000000,3964012,True,1.0000000000,4.1830290000,-0.0329369100,-0.0035939640,-0.0271821000,-0.1320352000,0.0414431500,0.9903783000,True,1.0000000000,4.4915620000,0.0314297800,-0.0081201330,-0.0251633600,-0.1740274000,0.0327302600,0.9841968000,0.0305839400,-0.0080606540,-0.0251899000,-0.1734783000,0.0328523800,0.9842896000,0.0000000000,,
17.0166700000,3964020,True,1.0000000000,4.1155550000,-0.0327876000,-0.0038373570,-0.0265161000,-0.1365361000,0.0524446400,0.9892459000,True,1.0000000000,4.4432980000,0.0315436000,-0.0081617280,-0.0249392700,-0.1602176000,0.0199890500,0.9868793000,0.0297651400,-0.0080421750,-0.0249828700,-0.1595632000,0.0208895600,0.9869667000,0.0000000000,,
17.0166700000,3964028,True,1.0000000000,4.1018520000,-0.0327233000,-0.0038059240,-0.0265796500,-0.1277180000,0.0513923700,0.9904782000,True,1.0000000000,4.4129790000,0.0316422600,-0.0081691900,-0.0249522400,-0.1561740000,0.0171203900,0.9875812000,0.0271961400,-0.0078677830,-0.0250646500,-0.1542214000,0.0194855800,0.9878442000,0.0000000000,,
17.0333300000,3964037,True,1.0000000000,4.0409850000,-0.0326609800,-0.0037605750,-0.0267171200,-0.1170213000,0.0535896100,0.9916825000,True,1.0000000000,4.4564820000,0.0317161700,-0.0081556710,-0.0250098400,-0.1481033000,0.0178834800,0.9888102000,0.0241766700,-0.0076409460,-0.0252097900,-0.1444709000,0.0220795800,0.9892626000,0.0000000000,,
17.0333300000,3964045,True,1.0000000000,3.9917450000,-0.0326185800,-0.0037368010,-0.0267790700,-0.1142595000,0.0497901800,0.9922025000,True,1.0000000000,4.4202420000,0.0317897600,-0.0081396030,-0.0250459300,-0.1382003000,0.0128480300,0.9903209000,0.0233557000,-0.0075630650,-0.0252728700,-0.1350730000,0.0176852300,0.9906778000,0.0000000000,,
17.0500000000,3964053,True,1.0000000000,3.9272310000,-0.0325835300,-0.0037052310,-0.0268858500,-0.1094223000,0.0449225100,0.9929797000,True,1.0000000000,4.3841090000,0.0318289100,-0.0080471800,-0.0253079400,-0.1356662000,0.0144806300,0.9906488000,0.0225337400,-0.0074206090,-0.0255356400,-0.1318983000,0.0188753100,0.9910836000,0.0000000000,,
17.0500000000,3964062,True,1.0000000000,3.9774170000,-0.0325500500,-0.0036812440,-0.0269798300,-0.0984352100,0.0464938900,0.9940568000,True,1.0000000000,4.3549500000,0.0318650500,-0.0080505530,-0.0252995500,-0.1247414000,0.0090485200,0.9921480000,0.0226966600,-0.0074286500,-0.0255387000,-0.1210184000,0.0143738900,0.9925462000,0.0000000000,,
17.0500000000,3964070,True,1.0000000000,4.0508270000,-0.0325354600,-0.0036610110,-0.0270666400,-0.0929881000,0.0487676400,0.9944722000,True,1.0000000000,4.4101260000,0.0318850400,-0.0080485690,-0.0253085200,-0.1180743000,0.0129854300,0.9929199000,0.0251140300,-0.0075874180,-0.0254933200,-0.1154489000,0.0167542900,0.9931721000,0.0000000000,,
17.0666700000,3964078,True,1.0000000000,4.1058650000,-0.0325888700,-0.0038281400,-0.0267539100,-0.0984662000,0.0403752600,0.9943210000,True,1.0000000000,4.4181670000,0.0318235800,-0.0080880440,-0.0253252300,-0.1201945000,0.0114747100,0.9926841000,0.0251021100,-0.0076435250,-0.0254743100,-0.1179364000,0.0144960100,0.9929153000,0.0000000000,,
17.0666700000,3964087,True,1.0000000000,4.0983580000,-0.0327209500,-0.0041060950,-0.0262724200,-0.1468066000,0.0166017700,0.9890259000,True,1.0000000000,4.4321590000,0.0316249400,-0.0084825450,-0.0246824000,-0.1497041000,0.0276947200,0.9883429000,0.0128759800,-0.0072073370,-0.0251457100,-0.1488519000,0.0244602400,0.9885569000,0.0000000000,,
17.0833300000,3964095,True,1.0000000000,4.0718230000,-0.0329532000,-0.0039686430,-0.0270213300,-0.1492026000,0.0128633500,0.9887230000,True,1.0000000000,4.5012660000,0.0314059600,-0.0085564270,-0.0247574900,-0.1950232000,0.0064850070,0.9807772000,-0.0051622770,-0.0059496920,-0.0260437800,-0.1690382000,0.0101166600,0.9855576000,0.0000000000,,
17.1000000000,3964103,True,1.0000000000,4.2026820000,-0.0330436100,-0.0040820770,-0.0268433400,-0.1721676000,0.0101167300,0.9850157000,True,1.0000000000,4.4662170000,0.0311978600,-0.0083718420,-0.0255462000,-0.2027914000,-0.0140840100,0.9791207000,-0.0257370000,-0.0045699770,-0.0266958000,-0.1756596000,0.0073700150,0.9844233000,0.0000000000,,
17.1000000000,3964112,True,1.0000000000,4.1014100000,-0.0330457000,-0.0041906590,-0.0265680600,-0.1806955000,0.0075531380,0.9835101000,True,1.0000000000,4.3873290000,0.0311707500,-0.0083773810,-0.0255541100,-0.2084214000,-0.0183412100,0.9778671000,-0.0279930000,-0.0045200810,-0.0264882800,-0.1828787000,0.0055084880,0.9831201000,0.0000000000,,
17.1166700000,3964120,True,1.0000000000,4.0946500000,-0.0330372500,-0.0040280310,-0.0269173900,-0.1667641000,-0.0000152589,0.9859968000,True,1.0000000000,4.3496250000,0.0312118700,-0.0083137830,-0.0256823100,-0.1973595000,-0.0198976900,0.9801292000,-0.0285321500,-0.0043285370,-0.0268308000,-0.1689154000,-0.0014190720,0.9856295000,0.0000000000,,
17.1166700000,3964128,True,1.0000000000,4.1333160000,-0.0329743200,-0.0040655830,-0.0266361100,-0.1552293000,0.0075684410,0.9878495000,True,1.0000000000,4.4408110000,0.0312830400,-0.0082441870,-0.0259041600,-0.2003654000,-0.0166627900,0.9795795000,-0.0281191300,-0.0043813170,-0.0265808100,-0.1586479000,0.0057373850,0.9873186000,0.0000000000,,
17.1333400000,3964137,True,1.0000000000,4.1197510000,-0.0329154800,-0.0039667210,-0.0267151400,-0.1562672000,-0.0057068570,0.9876983000,True,1.0000000000,4.4544370000,0.0313852200,-0.0083899690,-0.0253028900,-0.2035995000,-0.0203401100,0.9788430000,-0.0282817100,-0.0042854920,-0.0266133600,-0.1596994000,-0.0067596830,0.9871426000,0.0000000000,,
17.1333400000,3964145,True,1.0000000000,4.0113680000,-0.0328848300,-0.0039248510,-0.0266877200,-0.1599599000,-0.0062714420,0.9871036000,True,1.0000000000,4.5240170000,0.0314307600,-0.0083391420,-0.0253895600,-0.2038125000,-0.0079803790,0.9789774000,-0.0301525000,-0.0041123960,-0.0266325700,-0.1618366000,-0.0063477290,0.9867972000,0.0000000000,,
17.1500000000,3964153,True,1.0000000000,3.9980930000,-0.0328600900,-0.0037799840,-0.0269980500,-0.1542529000,-0.0143739500,0.9879268000,True,1.0000000000,4.5619200000,0.0314995800,-0.0084151000,-0.0251419700,-0.1914077000,-0.0048523320,0.9814987000,-0.0315385800,-0.0038751680,-0.0269599300,-0.1550144000,-0.0141754500,0.9878106000,0.0000000000,,
17.1500000000,3964162,True,1.0000000000,4.1137390000,-0.0327827500,-0.0039196320,-0.0265051700,-0.1577468000,-0.0172578500,0.9873288000,True,1.0000000000,4.5639800000,0.0315386200,-0.0083797460,-0.0251828900,-0.1946884000,-0.0066528840,0.9808426000,-0.0313327100,-0.0040201720,-0.0264753600,-0.1585698000,-0.0170288600,0.9872009000,0.0000000000,,
17.1500000000,3964170,True,1.0000000000,4.0699010000,-0.0327201700,-0.0041454930,-0.0258055100,-0.1660163000,-0.0113525900,0.9860576000,True,1.0000000000,4.4580690000,0.0315790000,-0.0084279490,-0.0250575400,-0.1819167000,-0.0108948600,0.9832536000,-0.0151115600,-0.0053182530,-0.0256006800,-0.1703811000,-0.0112305700,0.9853142000,0.0000000000,,
17.1666700000,3964178,True,1.0000000000,4.0830080000,-0.0327339400,-0.0040284580,-0.0262748000,-0.1604932000,-0.0076447140,0.9870073000,True,1.0000000000,4.5759580000,0.0315974400,-0.0084516000,-0.0250387100,-0.1832287000,-0.0057220820,0.9830536000,0.0046080930,-0.0065959320,-0.0255573000,-0.1737068000,-0.0065307890,0.9847758000,0.0000000000,,
17.1666700000,3964187,True,1.0000000000,4.1294710000,-0.0327335400,-0.0040575720,-0.0262478600,-0.1560682000,-0.0065155560,0.9877248000,True,1.0000000000,4.3503420000,0.0315854800,-0.0084064790,-0.0253892400,-0.1705634000,-0.0101776500,0.9852942000,0.0183490600,-0.0075115050,-0.0255659500,-0.1675878000,-0.0094299580,0.9858121000,0.0000000000,,
17.1833300000,3964195,True,1.0000000000,4.0728610000,-0.0327354400,-0.0040969550,-0.0261921500,-0.1485303000,-0.0067597010,0.9888847000,True,1.0000000000,4.4594730000,0.0315962200,-0.0084405520,-0.0252168300,-0.1729128000,-0.0091247660,0.9848949000,0.0276986200,-0.0081773990,-0.0252759100,-0.1714328000,-0.0089874420,0.9851549000,0.0000000000,,
17.1833300000,3964203,True,1.0000000000,4.1273190000,-0.0327341200,-0.0041097260,-0.0261642800,-0.1447465000,-0.0057984040,0.9894518000,True,1.0000000000,4.4569240000,0.0316069600,-0.0084746250,-0.0250505100,-0.1743627000,-0.0132904500,0.9845918000,0.0292598400,-0.0083153990,-0.0250911300,-0.1732814000,-0.0130312000,0.9847862000,0.0000000000,,
17.2000000000,3964212,True,1.0000000000,4.1343380000,-0.0327327700,-0.0041224980,-0.0261364000,-0.1418616000,-0.0051880130,0.9898729000,True,1.0000000000,4.4032290000,0.0316054900,-0.0084405520,-0.0251978500,-0.1684750000,-0.0136263200,0.9856117000,0.0313876500,-0.0084259340,-0.0252010200,-0.1683836000,-0.0135958100,0.9856278000,0.0000000000,,
17.2166700000,3964220,True,1.0000000000,4.1294100000,-0.0327186100,-0.0041254730,-0.0261364600,-0.1391765000,-0.0070801340,0.9902423000,True,1.0000000000,4.3867030000,0.0316069600,-0.0084064790,-0.0253451900,-0.1634998000,-0.0127259700,0.9864613000,0.0308733200,-0.0083576520,-0.0253542200,-0.1632252000,-0.0126649400,0.9865075000,0.0000000000,,
17.2166700000,3964228,True,1.0000000000,4.0805820000,-0.0327065400,-0.0040999300,-0.0261968500,-0.1348428000,-0.0123291800,0.9907903000,True,1.0000000000,4.5589450000,0.0316426300,-0.0083963780,-0.0254820700,-0.1540540000,0.0018615880,0.9880607000,0.0264564400,-0.0080501100,-0.0255396700,-0.1525123000,0.0007171665,0.9883013000,0.0000000000,,
17.2333300000,3964237,True,1.0000000000,4.1731260000,-0.0326914500,-0.0040483710,-0.0263256200,-0.1334547000,-0.0136109800,0.9909614000,True,1.0000000000,4.5508420000,0.0316686100,-0.0083702390,-0.0255419000,-0.1523135000,-0.0025024470,0.9883291000,-0.0179829000,-0.0050360720,-0.0261465200,-0.1377737000,-0.0110780500,0.9904018000,0.0000000000,,
17.2333300000,3964245,True,1.0000000000,4.1693120000,-0.0326723900,-0.0039975890,-0.0264406700,-0.1252001000,-0.0102235300,0.9920788000,True,1.0000000000,4.4351040000,0.0316946100,-0.0083741300,-0.0255197300,-0.1470647000,-0.0024719320,0.9891238000,-0.0253558700,-0.0044950560,-0.0263360000,-0.1276869000,-0.0093537340,0.9917704000,0.0000000000,,
17.2500000000,3964253,True,1.0000000000,4.1987610000,-0.0326670900,-0.0039859320,-0.0264722300,-0.1274887000,-0.0086518340,0.9918023000,True,1.0000000000,4.5288240000,0.0317141000,-0.0083784640,-0.0255020000,-0.1506053000,-0.0011138990,0.9885933000,-0.0251247600,-0.0045005190,-0.0263585700,-0.1302035000,-0.0077667380,0.9914569000,0.0000000000,,
17.2500000000,3964262,True,1.0000000000,4.1668700000,-0.0326617800,-0.0039777220,-0.0265037700,-0.1274268000,-0.0101929200,0.9917956000,True,1.0000000000,4.5554960000,0.0317177000,-0.0083817140,-0.0254940700,-0.1447466000,-0.0010223510,0.9894682000,-0.0072565610,-0.0057156070,-0.0261053300,-0.1342625000,-0.0065765580,0.9909240000,0.0000000000,,
17.2500000000,3964270,True,1.0000000000,4.1653750000,-0.0326656800,-0.0040224150,-0.0264198500,-0.1221479000,-0.0129853700,0.9924270000,True,1.0000000000,4.5280150000,0.0317141000,-0.0083784640,-0.0255020000,-0.1479508000,-0.0016021890,0.9889934000,-0.0066473540,-0.0057828680,-0.0260489100,-0.1325858000,-0.0083924750,0.9911360000,0.0000000000,,
17.2500000000,3964278,True,1.0000000000,4.1993710000,-0.0326799800,-0.0040888060,-0.0262860100,-0.1241007000,-0.0133515400,0.9921798000,True,1.0000000000,4.5233760000,0.0317140100,-0.0083761760,-0.0255185100,-0.1463033000,-0.0052033210,0.9892260000,-0.0035835880,-0.0060260470,-0.0259392300,-0.1341413000,-0.0096741630,0.9909150000,0.0000000000,,
17.2666700000,3964287,True,1.0000000000,4.1706240000,-0.0326920800,-0.0041318670,-0.0262146800,-0.1239628000,-0.0063171570,0.9922668000,True,1.0000000000,4.5204470000,0.0317139100,-0.0083784640,-0.0255269600,-0.1472482000,-0.0082550520,0.9890651000,0.0169800700,-0.0074069830,-0.0256843000,-0.1419233000,-0.0078125730,0.9898468000,0.0000000000,,
17.2833300000,3964295,True,1.0000000000,4.1463320000,-0.0327034900,-0.0041727300,-0.0261709100,-0.1235818000,-0.0080872160,0.9923014000,True,1.0000000000,4.5195310000,0.0317082400,-0.0083817140,-0.0255176400,-0.1463337000,-0.0089875440,0.9891945000,0.0244756500,-0.0079091040,-0.0255910000,-0.1437845000,-0.0088806710,0.9895692000,0.0000000000,,
17.2833300000,3964303,True,1.0000000000,4.1262970000,-0.0327231800,-0.0041638180,-0.0262641900,-0.1230025000,-0.0070191200,0.9923816000,True,1.0000000000,4.5185850000,0.0317025600,-0.0083849640,-0.0255083200,-0.1448531000,-0.0097657220,0.9894050000,0.0239159600,-0.0078747870,-0.0255996700,-0.1422140000,-0.0094300690,0.9897910000,0.0000000000,,
17.3000000000,3964312,True,1.0000000000,4.1183320000,-0.0327308100,-0.0041497960,-0.0263190500,-0.1214453000,-0.0041809300,0.9925893000,True,1.0000000000,4.4901430000,0.0316952100,-0.0083905030,-0.0255051600,-0.1433583000,-0.0097657630,0.9896227000,0.0219896100,-0.0077516640,-0.0256277800,-0.1400612000,-0.0089264420,0.9901026000,0.0000000000,,
17.3000000000,3964320,True,1.0000000000,4.1221160000,-0.0327384500,-0.0041357730,-0.0263739000,-0.1197834000,-0.0058136900,0.9927830000,True,1.0000000000,4.4956820000,0.0316878500,-0.0083960570,-0.0255020000,-0.1421524000,-0.0091553710,0.9898024000,0.0225694400,-0.0077930910,-0.0256254100,-0.1389931000,-0.0086823000,0.9902553000,0.0000000000,,
17.3166700000,3964328,True,1.0000000000,4.1392210000,-0.0327446500,-0.0041253970,-0.0264043000,-0.1211862000,-0.0067749510,0.9926066000,True,1.0000000000,4.5047300000,0.0316798600,-0.0084035650,-0.0254940700,-0.1407177000,-0.0115052200,0.9899829000,0.0217456700,-0.0077438660,-0.0256344300,-0.1377122000,-0.0107728300,0.9904137000,0.0000000000,,
17.3333300000,3964337,True,1.0000000000,4.1565700000,-0.0327508400,-0.0041150210,-0.0264346800,-0.1208205000,-0.0059509950,0.9926566000,True,1.0000000000,4.5175320000,0.0316718400,-0.0084110570,-0.0254861300,-0.1393147000,-0.0095368740,0.9902022000,0.0207000900,-0.0076793980,-0.0256476800,-0.1361714000,-0.0089265170,0.9906451000,0.0000000000,,
17.3333300000,3964345,True,1.0000000000,4.1584170000,-0.0327572500,-0.0041003420,-0.0264772800,-0.1186531000,-0.0070648620,0.9929106000,True,1.0000000000,4.5191800000,0.0316655000,-0.0084155890,-0.0254720800,-0.1382004000,-0.0085755330,0.9903672000,0.0197823000,-0.0076196140,-0.0256575000,-0.1345985000,-0.0083008270,0.9908654000,0.0000000000,,
17.3500000000,3964353,True,1.0000000000,4.1475680000,-0.0328032100,-0.0040319370,-0.0267143300,-0.1138920000,-0.0138550300,0.9933965000,True,1.0000000000,4.5180210000,0.0316591500,-0.0084110570,-0.0254742700,-0.1366588000,-0.0104828700,0.9905627000,0.0257840900,-0.0080119480,-0.0255873000,-0.1345844000,-0.0107881200,0.9908434000,0.0000000000,,
17.3500000000,3964362,True,1.0000000000,4.2184750000,-0.0328175500,-0.0040399330,-0.0267175900,-0.1100929000,-0.0112610600,0.9938575000,True,1.0000000000,4.5203860000,0.0316535300,-0.0084097910,-0.0254708100,-0.1356975000,-0.0099640700,0.9907002000,0.0288702000,-0.0082211310,-0.0255246400,-0.1345984000,-0.0100250700,0.9908495000,0.0000000000,,
17.3500000000,3964370,True,1.0000000000,4.2628780000,-0.0328315800,-0.0040778810,-0.0266432100,-0.1113294000,-0.0108033500,0.9937248000,True,1.0000000000,4.5226140000,0.0316479400,-0.0084085240,-0.0254742700,-0.1347217000,-0.0089112590,0.9908434000,0.0294547800,-0.0082612310,-0.0255140400,-0.1339283000,-0.0089722960,0.9909504000,0.0000000000,,
17.3666700000,3964378,True,1.0000000000,4.1507260000,-0.0328467300,-0.0041110690,-0.0265772700,-0.1111610000,-0.0065308050,0.9937809000,True,1.0000000000,4.5285490000,0.0316355700,-0.0084085240,-0.0254742700,-0.1321725000,-0.0088959310,0.9911868000,0.0285194300,-0.0082008520,-0.0255275700,-0.1311651000,-0.0087738390,0.9913217000,0.0000000000,,
17.3666700000,3964387,True,1.0000000000,4.3079380000,-0.0328593800,-0.0041325530,-0.0265394600,-0.1105047000,-0.0176697700,0.9937185000,True,1.0000000000,4.5195160000,0.0315409600,-0.0083499910,-0.0255988800,-0.1216280000,-0.0138550000,0.9924791000,0.0255597400,-0.0079582990,-0.0256862300,-0.1205904000,-0.0142059500,0.9926007000,0.0000000000,,
17.3833400000,3964395,True,1.0000000000,4.2940220000,-0.0328803900,-0.0041134490,-0.0266113700,-0.1140608000,-0.0103303200,0.9934201000,True,1.0000000000,4.5479430000,0.0315151400,-0.0083409430,-0.0255990200,-0.1155715000,-0.0056915970,0.9932829000,0.0208378900,-0.0076399850,-0.0257668800,-0.1153265000,-0.0064697600,0.9933065000,0.0000000000,,
17.3833400000,3964403,True,1.0000000000,4.2443240000,-0.0329050800,-0.0040768890,-0.0267404200,-0.1073922000,-0.0160523700,0.9940871000,True,1.0000000000,4.5551150000,0.0314900800,-0.0083179320,-0.0256454800,-0.1162269000,-0.0128632400,0.9931394000,0.0154173600,-0.0072593850,-0.0259187600,-0.1140145000,-0.0136567200,0.9933852000,0.0000000000,,
17.4000000000,3964412,True,1.0000000000,4.2507020000,-0.0329255400,-0.0040340120,-0.0268896400,-0.1085222000,-0.0155031700,0.9939731000,True,1.0000000000,4.5636140000,0.0314839800,-0.0083132790,-0.0256547400,-0.1151736000,-0.0106811700,0.9932880000,0.0137144200,-0.0071326910,-0.0259954200,-0.1133439000,-0.0120088400,0.9934832000,0.0000000000,,
17.4166700000,3964420,True,1.0000000000,4.2704930000,-0.0329268200,-0.0040273900,-0.0269108900,-0.1073008000,-0.0156251400,0.9941038000,True,1.0000000000,4.5571900000,0.0314778600,-0.0083086090,-0.0256640200,-0.1140138000,-0.0088043340,0.9934402000,0.0132874000,-0.0070994270,-0.0260161800,-0.1121232000,-0.0107270900,0.9936364000,0.0000000000,,
17.4166700000,3964428,True,1.0000000000,4.2743990000,-0.0329255400,-0.0040207520,-0.0269321600,-0.1067368000,-0.0152437500,0.9941705000,True,1.0000000000,4.5415500000,0.0314825300,-0.0083046570,-0.0256731300,-0.1146856000,-0.0083313370,0.9933669000,0.0133456300,-0.0070983430,-0.0260276600,-0.1124586000,-0.0102845500,0.9936032000,0.0000000000,,
17.4333300000,3964437,True,1.0000000000,4.3147430000,-0.0328830900,-0.0040431670,-0.0268570700,-0.0961471300,-0.0168612200,0.9952243000,True,1.0000000000,4.5884400000,0.0315219100,-0.0083347330,-0.0255988000,-0.1046609000,-0.0140839800,0.9944082000,0.0207933100,-0.0076198430,-0.0258084000,-0.1032422000,-0.0145570700,0.9945497000,0.0000000000,,
17.4333300000,3964445,True,1.0000000000,4.2809300000,-0.0328529200,-0.0040849760,-0.0267310200,-0.0932932400,-0.0140229800,0.9955399000,True,1.0000000000,4.6331020000,0.0315594000,-0.0083334660,-0.0256112200,-0.1046603000,-0.0155182200,0.9943870000,0.0236479800,-0.0078116460,-0.0257487500,-0.1032577000,-0.0153353000,0.9945365000,0.0000000000,,
17.4500000000,3964453,True,1.0000000000,4.2820740000,-0.0328148800,-0.0040820160,-0.0267253400,-0.0849614000,-0.0090332520,0.9963433000,True,1.0000000000,4.6081700000,0.0315902000,-0.0083441470,-0.0255836700,-0.1087495000,-0.0098877090,0.9940200000,0.0237946900,-0.0078282630,-0.0257218500,-0.1058664000,-0.0097809680,0.9943323000,0.0000000000,,
17.4500000000,3964461,True,1.0000000000,4.2727660000,-0.0327703200,-0.0040369720,-0.0268335000,-0.0829478100,-0.0229647600,0.9962893000,True,1.0000000000,4.5895690000,0.0316297500,-0.0083542940,-0.0255655800,-0.0925150400,-0.0061035820,0.9956926000,0.0227895500,-0.0077616430,-0.0257396400,-0.0912025300,-0.0084229200,0.9957967000,0.0000000000,,
17.4500000000,3964470,True,1.0000000000,4.2856900000,-0.0327373400,-0.0040089120,-0.0269092600,-0.0801393500,-0.0135803500,0.9966912000,True,1.0000000000,4.5848540000,0.0316520700,-0.0083459170,-0.0255890400,-0.0911417600,-0.0067749770,0.9958149000,0.0179603100,-0.0074236910,-0.0258697700,-0.0887921500,-0.0082246030,0.9960162000,0.0000000000,,
17.4666700000,3964478,True,1.0000000000,4.2890010000,-0.0326915800,-0.0040627750,-0.0267582700,-0.0731662400,-0.0123749400,0.9972430000,True,1.0000000000,4.5683590000,0.0317233400,-0.0083764200,-0.0255204900,-0.0884094700,-0.0063934360,0.9960637000,0.0107245200,-0.0069702000,-0.0259240000,-0.0834353100,-0.0083465830,0.9964783000,0.0000000000,,
17.4833300000,3964486,True,1.0000000000,4.3061220000,-0.0326416200,-0.0040910640,-0.0266526500,-0.0764629700,-0.0157320500,0.9969483000,True,1.0000000000,4.5614320000,0.0317614700,-0.0083812100,-0.0255212100,-0.0877084300,-0.0048065680,0.9961346000,0.0137295200,-0.0071800230,-0.0258380000,-0.0845644800,-0.0078735600,0.9963869000,0.0000000000,,
17.4833300000,3964495,True,1.0000000000,4.2805330000,-0.0326019600,-0.0040701600,-0.0266988400,-0.0657502400,-0.0124206800,0.9977588000,True,1.0000000000,4.5826870000,0.0318017300,-0.0083855600,-0.0255130200,-0.0809337000,-0.0097657550,0.9966716000,0.0152957300,-0.0072795720,-0.0258169300,-0.0770423600,-0.0104523700,0.9969730000,0.0000000000,,
17.4833300000,3964503,True,1.0000000000,4.1985470000,-0.0325698400,-0.0040193940,-0.0268356000,-0.0592201400,-0.0147249300,0.9981363000,True,1.0000000000,4.5502470000,0.0318660100,-0.0084378970,-0.0251563400,-0.0866100900,-0.0133058500,0.9961534000,-0.0021901550,-0.0061026010,-0.0260438900,-0.0721443700,-0.0140535000,0.9972951000,0.0000000000,,
17.5000000000,3964511,True,1.0000000000,4.2956240000,-0.0325196100,-0.0040223240,-0.0267793700,-0.0554811500,-0.0121307800,0.9983860000,True,1.0000000000,4.5525050000,0.0319225500,-0.0085301980,-0.0249099000,-0.0748444300,-0.0184021200,0.9970254000,-0.0296798400,-0.0042209780,-0.0266969900,-0.0563362000,-0.0124055600,0.9983348000,0.0000000000,,
17.5000000000,3964520,True,1.0000000000,4.2671810000,-0.0324797500,-0.0040814670,-0.0265068500,-0.0553590700,-0.0062561240,0.9984469000,True,1.0000000000,4.6308750000,0.0319759500,-0.0085000310,-0.0249342800,-0.0727084900,-0.0158081900,0.9972280000,-0.0319256700,-0.0041194460,-0.0264933500,-0.0554967900,-0.0063477220,0.9984387000,0.0000000000,,
17.5166700000,3964528,True,1.0000000000,4.2538150000,-0.0324149700,-0.0041658940,-0.0261534000,-0.0580452100,-0.0105134500,0.9982586000,True,1.0000000000,4.6995850000,0.0320138300,-0.0084358530,-0.0250665300,-0.0702980200,-0.0097809920,0.9974781000,-0.0303257500,-0.0043043520,-0.0261181500,-0.0584414900,-0.0104981100,0.9982356000,0.0000000000,,
17.5166700000,3964536,True,1.0000000000,4.2522280000,-0.0323947000,-0.0039550020,-0.0266705200,-0.0408786900,-0.0187990100,0.9989873000,True,1.0000000000,4.6959080000,0.0320663500,-0.0084565430,-0.0249736300,-0.0587925700,-0.0112153000,0.9982072000,-0.0309943400,-0.0040527950,-0.0266336700,-0.0412755000,-0.0186312000,0.9989741000,0.0000000000,,
17.5333300000,3964545,True,1.0000000000,4.1905520000,-0.0323389600,-0.0039676060,-0.0265879700,-0.0424805700,-0.0180511900,0.9989342000,True,1.0000000000,4.5826570000,0.0321170700,-0.0084334420,-0.0249954500,-0.0653845000,-0.0157777300,0.9977354000,-0.0304590600,-0.0040978550,-0.0265415200,-0.0431520800,-0.0179902100,0.9989066000,0.0000000000,,
17.5333300000,3964553,True,1.0000000000,4.3009950000,-0.0322953500,-0.0039740910,-0.0265423600,-0.0393069900,-0.0091858730,0.9991850000,True,1.0000000000,4.6126560000,0.0321672400,-0.0084011390,-0.0250731800,-0.0621796400,-0.0276489600,0.9976819000,-0.0266823100,-0.0043595740,-0.0264144300,-0.0413057000,-0.0107880000,0.9990883000,0.0000000000,,
17.5500000000,3964561,True,1.0000000000,4.2756350000,-0.0322526200,-0.0039265290,-0.0266536900,-0.0289460300,-0.0138550300,0.9994850000,True,1.0000000000,4.4863130000,0.0322280500,-0.0084139260,-0.0248614200,-0.0535281400,-0.0347597300,0.9979612000,-0.0209493300,-0.0047131500,-0.0263395100,-0.0332645000,-0.0175172700,0.9992931000,0.0000000000,,
17.5500000000,3964570,True,1.0000000000,4.3237920000,-0.0322331100,-0.0038864900,-0.0267636000,-0.0289309900,-0.0121308800,0.9995078000,True,1.0000000000,4.6295170000,0.0322653100,-0.0083998720,-0.0248667600,-0.0522157800,-0.0242768300,0.9983407000,0.0017548520,-0.0062648620,-0.0257640500,-0.0411987900,-0.0185394500,0.9989790000,0.0000000000,StartSwimBlock_baseline_round0,
17.5666700000,3964578,True,1.0000000000,4.2923130000,-0.0322020300,-0.0038926390,-0.0267508600,-0.0231934700,-0.0056457800,0.9997150000,True,1.0000000000,4.6049800000,0.0322939300,-0.0083688210,-0.0249114200,-0.0469973600,-0.0260011400,0.9985566000,0.0235477500,-0.0077618100,-0.0251608600,-0.0437777700,-0.0232393000,0.9987710000,0.0000000000,,
17.5666700000,3964586,True,1.0000000000,4.2484440000,-0.0321803300,-0.0039248960,-0.0266530600,-0.0198366900,-0.0026550650,0.9997997000,True,1.0000000000,4.6563110000,0.0323116300,-0.0083339390,-0.0249729200,-0.0471502400,-0.0332645700,0.9983338000,0.0236469400,-0.0077415620,-0.0251986400,-0.0434876400,-0.0291443500,0.9986288000,0.0000000000,,
17.5833300000,3964595,True,1.0000000000,4.2529450000,-0.0321722600,-0.0039359590,-0.0266174200,-0.0178833900,-0.0060425100,0.9998218000,True,1.0000000000,4.6266630000,0.0323248000,-0.0083017730,-0.0250307500,-0.0485389100,-0.0316166700,0.9983208000,0.0201944000,-0.0074806670,-0.0253291600,-0.0427706800,-0.0268098800,0.9987251000,0.0000000000,,
17.5833300000,3964603,True,1.0000000000,4.2517850000,-0.0321641900,-0.0039470070,-0.0265817600,-0.0159761300,-0.0094452930,0.9998277000,True,1.0000000000,4.6494450000,0.0323323400,-0.0083073130,-0.0250068700,-0.0466924900,-0.0338902000,0.9983343000,0.0177414700,-0.0073208930,-0.0253631600,-0.0397496400,-0.0283664400,0.9988070000,0.0000000000,,
17.5833300000,3964611,True,1.0000000000,4.2518010000,-0.0321552300,-0.0039486080,-0.0265669600,-0.0163423500,-0.0067597210,0.9998436000,True,1.0000000000,4.6273500000,0.0323398900,-0.0083128670,-0.0249830000,-0.0444796800,-0.0325167000,0.9984810000,0.0025783540,-0.0062989660,-0.0257139300,-0.0315096400,-0.0206300400,0.9992905000,0.0000000000,,
17.5833300000,3964620,True,1.0000000000,4.2513280000,-0.0321462700,-0.0039470070,-0.0265817600,-0.0167542900,-0.0028381580,0.9998556000,True,1.0000000000,4.5659940000,0.0323639100,-0.0082878270,-0.0251796000,-0.0307316700,-0.0287174800,0.9991150000,-0.0032710420,-0.0058899840,-0.0259541500,-0.0230105500,-0.0144197400,0.9996312000,0.0000000000,,
17.5833300000,3964628,True,1.0000000000,4.2888640000,-0.0321121100,-0.0041876220,-0.0257842600,-0.0031433480,-0.0051880510,0.9999816000,True,1.0000000000,4.6364440000,0.0323760500,-0.0082808540,-0.0251840200,-0.0306550800,-0.0205384500,0.9993190000,0.0247142800,-0.0077945410,-0.0252553300,-0.0273899100,-0.0187228000,0.9994495000,0.0000000000,,
17.5833300000,3964636,True,1.0000000000,4.3006440000,-0.0320983300,-0.0041782840,-0.0258007200,-0.0028381740,-0.0050202110,0.9999834000,True,1.0000000000,4.6092990000,0.0323823700,-0.0082883920,-0.0251643800,-0.0312502700,-0.0194703800,0.9993219000,0.0321129500,-0.0082712100,-0.0251670400,-0.0311283500,-0.0194094400,0.9993269000,0.0000000000,,
17.5833300000,3964645,True,1.0000000000,4.2637480000,-0.0320925500,-0.0041662300,-0.0258278700,-0.0003051780,-0.0039978320,0.9999920000,True,1.0000000000,4.6239780000,0.0323887100,-0.0082959290,-0.0251447300,-0.0321353800,-0.0178072100,0.9993249000,0.0323676800,-0.0082945870,-0.0251449600,-0.0321201400,-0.0178072200,0.9993254000,0.0000000000,,
17.6000000000,3964653,True,1.0000000000,4.2538600000,-0.0320867600,-0.0041541600,-0.0258550000,0.0018615910,-0.0027160910,0.9999946000,True,1.0000000000,4.6029510000,0.0323939800,-0.0082993010,-0.0251299300,-0.0283814700,-0.0185700300,0.9994246000,0.0323886700,-0.0082989500,-0.0251299900,-0.0283814700,-0.0185700300,0.9994246000,0.0000000000,,
17.6000000000,3964661,True,1.0000000000,4.2608490000,-0.0320822000,-0.0041465000,-0.0258646900,0.0011901970,-0.0031280820,0.9999944000,True,1.0000000000,4.5831150000,0.0323992600,-0.0083026590,-0.0251151300,-0.0246277600,-0.0190735400,0.9995147000,0.0323956500,-0.0083024300,-0.0251151800,-0.0246277600,-0.0190735400,0.9995147000,0.0000000000,,
17.6000000000,3964670,True,1.0000000000,4.2527310000,-0.0320776600,-0.0041388550,-0.0258743800,0.0003967319,-0.0036163640,0.9999934000,True,1.0000000000,4.6051180000,0.0324062500,-0.0083060000,-0.0250976300,-0.0256655700,-0.0180513500,0.9995076000,0.0324005300,-0.0083056340,-0.0250976900,-0.0256655700,-0.0180513500,0.9995076000,0.0000000000,,
17.6000000000,3964678,True,1.0000000000,4.2560120000,-0.0320758400,-0.0041294410,-0.0258897400,0.0004272488,-0.0041961940,0.9999911000,True,1.0000000000,4.5861820000,0.0324132300,-0.0083093420,-0.0250801100,-0.0264133500,-0.0176241600,0.9994957000,0.0323862000,-0.0083076020,-0.0250804500,-0.0264133600,-0.0176089000,0.9994960000,0.0000000000,,
17.6000000000,3964686,True,1.0000000000,4.2512510000,-0.0320761600,-0.0041200260,-0.0259051200,0.0008697536,-0.0048675690,0.9999878000,True,1.0000000000,4.5808720000,0.0324179600,-0.0083124540,-0.0250499600,-0.0249942300,-0.0188601100,0.9995097000,0.0321370400,-0.0082941900,-0.0250537000,-0.0248871300,-0.0187988600,0.9995135000,0.0000000000,,
17.6166700000,3964695,True,1.0000000000,4.2371060000,-0.0320751100,-0.0041136020,-0.0259126300,0.0008850120,-0.0049743780,0.9999872000,True,1.0000000000,4.5754090000,0.0324226800,-0.0083155680,-0.0250198200,-0.0235750200,-0.0201112500,0.9995198000,0.0266047700,-0.0079365240,-0.0251003600,-0.0213624700,-0.0187532000,0.9995959000,0.0000000000,,
17.6333400000,3964703,True,1.0000000000,4.2232210000,-0.0320740500,-0.0041071780,-0.0259201500,0.0009002703,-0.0050811870,0.9999867000,True,1.0000000000,4.5745540000,0.0324248100,-0.0083174750,-0.0250158100,-0.0226898700,-0.0191193100,0.9995597000,-0.0029859770,-0.0060059670,-0.0255123000,-0.0097199430,-0.0114136900,0.9998876000,0.0000000000,,
17.6500000000,3964711,True,1.0000000000,4.2186740000,-0.0320740400,-0.0041063850,-0.0259205300,0.0010986400,-0.0040588640,0.9999912000,True,1.0000000000,4.5727840000,0.0324269300,-0.0083193830,-0.0250198200,-0.0218049600,-0.0174256600,0.9996104000,-0.0039818420,-0.0059412840,-0.0255282400,-0.0088653870,-0.0098724710,0.9999120000,0.0000000000,,
17.6666700000,3964720,True,1.0000000000,4.1738130000,-0.0320399300,-0.0040841220,-0.0259582800,0.0061493170,-0.0039062660,0.9999735000,True,1.0000000000,4.4999390000,0.0324822900,-0.0082951660,-0.0251045700,-0.0181428600,-0.0162354900,0.9997036000,-0.0027630010,-0.0059948880,-0.0255709100,-0.0048675730,-0.0095062640,0.9999430000,0.0000000000,,
17.6833300000,3964728,True,1.0000000000,4.2277220000,-0.0320261100,-0.0040780950,-0.0259331200,0.0138092700,-0.0066070880,0.9998828000,True,1.0000000000,4.4789890000,0.0325139800,-0.0082534030,-0.0251342300,-0.0154419900,-0.0197450000,0.9996858000,-0.0036246490,-0.0059154820,-0.0255815600,0.0009307995,-0.0123903100,0.9999228000,0.0000000000,,
17.6833300000,3964736,True,1.0000000000,4.2692570000,-0.0320110800,-0.0041037600,-0.0258315700,0.0160370400,0.0032653920,0.9998661000,True,1.0000000000,4.6121830000,0.0325328100,-0.0082273720,-0.0251904100,-0.0165406200,-0.0142670500,0.9997614000,-0.0045641630,-0.0058573000,-0.0255589300,0.0021820160,-0.0041809250,0.9999889000,0.0000000000,,
17.7000000000,3964745,True,1.0000000000,4.2465520000,-0.0320019500,-0.0041097720,-0.0258098000,0.0142670400,0.0002136241,0.9998982000,True,1.0000000000,4.5270840000,0.0325485100,-0.0082207340,-0.0251883700,-0.0148620800,-0.0105896100,0.9998335000,-0.0052352140,-0.0058144380,-0.0255521300,0.0021820150,-0.0042572180,0.9999886000,0.0000000000,,
17.7000000000,3964753,True,1.0000000000,4.2265780000,-0.0319928300,-0.0041157840,-0.0257880400,0.0124513100,0.0025329860,0.9999193000,True,1.0000000000,4.4963230000,0.0325618600,-0.0082422340,-0.0251189300,-0.0123292200,-0.0139924400,0.9998261000,-0.0027185820,-0.0059870450,-0.0254846000,0.0012054470,-0.0049591180,0.9999870000,0.0000000000,,
17.7000000000,3964761,True,1.0000000000,4.2056120000,-0.0319874600,-0.0041160890,-0.0257858700,0.0148163600,0.0037689400,0.9998831000,True,1.0000000000,4.4962010000,0.0325661000,-0.0082432110,-0.0251005600,-0.0136719400,-0.0118256100,0.9998366000,0.0016710970,-0.0062679900,-0.0254285400,-0.0000305178,-0.0043487800,0.9999905000,0.0000000000,,
17.7166700000,3964770,True,1.0000000000,4.2284550000,-0.0319878900,-0.0041162110,-0.0257880400,0.0174563200,0.0056153180,0.9998319000,True,1.0000000000,4.4579470000,0.0325662400,-0.0082411960,-0.0250993800,-0.0121156600,-0.0113221900,0.9998625000,0.0058942720,-0.0065368660,-0.0253839100,0.0000915533,-0.0043182630,0.9999907000,0.0000000000,,
17.7333300000,3964778,True,1.0000000000,4.2292790000,-0.0319903600,-0.0041159970,-0.0257981700,0.0149385700,0.0047913280,0.9998769000,True,1.0000000000,4.4984440000,0.0325661000,-0.0082391820,-0.0251005600,-0.0136568000,-0.0096131630,0.9998605000,0.0081208950,-0.0066778720,-0.0253647200,-0.0028228840,-0.0041504020,0.9999874000,0.0000000000,,
17.7333300000,3964786,True,1.0000000000,4.2289580000,-0.0319928300,-0.0041157840,-0.0258083000,0.0123902300,0.0067444340,0.9999005000,True,1.0000000000,4.5478970000,0.0325501300,-0.0081922610,-0.0251740300,-0.0105744900,-0.0116426200,0.9998763000,0.0061998290,-0.0065280000,-0.0254329700,-0.0011901930,-0.0041198980,0.9999908000,0.0000000000,,
17.7500000000,3964795,True,1.0000000000,4.1105960000,-0.0320707700,-0.0040420540,-0.0259787000,0.0139466500,0.0016479630,0.9999014000,True,1.0000000000,4.4507900000,0.0325647900,-0.0082012490,-0.0252674900,-0.0079651000,-0.0050048910,0.9999558000,0.0071015020,-0.0065627290,-0.0255476700,0.0006561360,-0.0023804000,0.9999970000,0.0000000000,,
17.7500000000,3964803,True,1.0000000000,4.2039790000,-0.0321090100,-0.0039279020,-0.0262984300,0.0117798700,0.0000915534,0.9999306000,True,1.0000000000,4.5322720000,0.0325729300,-0.0082118690,-0.0254205200,-0.0117188900,0.0072785280,0.9999049000,0.0175887200,-0.0072194370,-0.0256238900,-0.0062714270,0.0056152930,0.9999646000,0.0000000000,,
17.7666700000,3964811,True,1.0000000000,4.1897430000,-0.0321062800,-0.0037812650,-0.0267192600,0.0112153200,0.0027008320,0.9999335000,True,1.0000000000,4.5006560000,0.0325473500,-0.0081805420,-0.0256003300,-0.0062256200,0.0085144510,0.9999444000,0.0299630400,-0.0080047000,-0.0256450700,-0.0055237450,0.0082856170,0.9999504000,0.0000000000,,
17.7666700000,3964820,True,1.0000000000,4.1612090000,-0.0321024500,-0.0035240480,-0.0274057600,0.0113983700,-0.0086365140,0.9998977000,True,1.0000000000,4.6203000000,0.0325528600,-0.0080056000,-0.0260002100,-0.0031433310,0.0028076350,0.9999911000,0.0324221400,-0.0079965520,-0.0260030500,-0.0031128130,0.0027923770,0.9999912000,0.0000000000,,
17.7833300000,3964828,True,0.9786727000,3.9718780000,-0.0321359700,-0.0032022100,-0.0281753100,0.0000915528,-0.0110168500,0.9999393000,True,0.6161393000,4.0866850000,0.0325142500,-0.0078012850,-0.0264826400,-0.0205841800,-0.0306855400,0.9993171000,0.0325086800,-0.0078008880,-0.0264827900,-0.0205841900,-0.0306703000,0.9993176000,0.0000000000,,
17.7833300000,3964836,True,0.9786727000,-1.0000000000,-0.0322105900,-0.0028964230,-0.0288750200,0.0000000000,0.0000000000,0.0000000000,True,0.6161393000,3.7318420000,0.0324601000,-0.0072616430,-0.0275752600,-0.0426489800,-0.0817120900,0.9957430000,0.0324601000,-0.0072616430,-0.0275752600,-0.0426489800,-0.0817120900,0.9957430000,0.0000000000,,
17.8000000000,3964845,True,0.5044115000,-1.0000000000,-0.0322105900,-0.0028964230,-0.0288750200,0.0000000000,0.0000000000,0.0000000000,True,0.2596357000,3.2518010000,0.0323219500,-0.0088655710,-0.0252974300,-0.0322271100,-0.1308616000,0.9908767000,0.0323219500,-0.0088655710,-0.0252974300,-0.0322271100,-0.1308616000,0.9908767000,0.0000000000,,
17.8000000000,3964853,True,0.5044115000,-1.0000000000,-0.0322105900,-0.0028964230,-0.0288750200,0.0000000000,0.0000000000,0.0000000000,True,0.2596357000,-1.0000000000,0.0323219500,-0.0088655710,-0.0252974300,0.0000000000,0.0000000000,0.0000000000,0.0010000000,-0.0010000000,-0.0010000000,0.5773503000,-0.5773503000,-0.5773503000,0.0000000000,,
17.8000000000,3964861,True,0.0000000000,-1.0000000000,-0.0322105900,-0.0028964230,-0.0288750200,0.0000000000,0.0000000000,0.0000000000,True,0.0000000000,-1.0000000000,0.0323219500,-0.0088655710,-0.0252974300,0.0000000000,0.0000000000,0.0000000000,0.0010000000,-0.0010000000,-0.0010000000,0.5773503000,-0.5773503000,-0.5773503000,0.0000000000,,
17.8166700000,3964870,True,0.0000000000,-1.0000000000,-0.0322105900,-0.0028964230,-0.0288750200,0.0000000000,0.0000000000,0.0000000000,True,0.0000000000,-1.0000000000,0.0323219500,-0.0088655710,-0.0252974300,0.0000000000,0.0000000000,0.0000000000,0.0010000000,-0.0010000000,-0.0010000000,0.5773503000,-0.5773503000,-0.5773503000,0.0000000000,,
17.8166700000,3964878,True,0.0000000000,-1.0000000000,-0.0322105900,-0.0028964230,-0.0288750200,0.0000000000,0.0000000000,0.0000000000,True,0.0000000000,-1.0000000000,0.0323219500,-0.0088655710,-0.0252974300,0.0000000000,0.0000000000,0.0000000000,0.0010000000,-0.0010000000,-0.0010000000,0.5773503000,-0.5773503000,-0.5773503000,0.0000000000,,
17.8333300000,3964886,True,0.0000000000,-1.0000000000,-0.0322105900,-0.0028964230,-0.0288750200,0.0000000000,0.0000000000,0.0000000000,True,0.0000000000,-1.0000000000,0.0323219500,-0.0088655710,-0.0252974300,0.0000000000,0.0000000000,0.0000000000,0.0010000000,-0.0010000000,-0.0010000000,0.5773503000,-0.5773503000,-0.5773503000,0.0000000000,,
17.8333300000,3964895,True,0.0000000000,-1.0000000000,-0.0322105900,-0.0028964230,-0.0288750200,0.0000000000,0.0000000000,0.0000000000,True,0.0000000000,-1.0000000000,0.0323219500,-0.0088655710,-0.0252974300,0.0000000000,0.0000000000,0.0000000000,0.0010000000,-0.0010000000,-0.0010000000,0.5773503000,-0.5773503000,-0.5773503000,0.0000000000,,
17.8500000000,3964903,True,0.0000000000,-1.0000000000,-0.0322105900,-0.0028964230,-0.0288750200,0.0000000000,0.0000000000,0.0000000000,True,0.0000000000,5.2680050000,0.0322805000,-0.0094756170,-0.0253807700,-0.0537724400,-0.2120533000,0.9757776000,0.0322805000,-0.0094756170,-0.0253807700,-0.0537724400,-0.2120533000,0.9757776000,0.0000000000,,
17.8666700000,3964911,True,0.0000000000,-1.0000000000,-0.0322838600,0.0003871918,-0.0410349400,0.0000000000,0.0000000000,0.0000000000,True,0.0000000000,3.1678770000,0.0325910000,-0.0075071570,-0.0263502200,-0.0210267500,-0.1475077000,0.9888374000,0.0325910000,-0.0075071570,-0.0263502200,-0.0210267500,-0.1475077000,0.9888374000,0.0000000000,,
17.8666700000,3964920,True,0.0000000000,-1.0000000000,-0.0322760500,-0.0029067230,-0.0281044300,0.0000000000,0.0000000000,0.0000000000,True,0.0000000000,3.7709500000,0.0325356200,-0.0074127660,-0.0268274400,-0.0174715500,-0.0615090100,0.9979537000,0.0325356200,-0.0074127660,-0.0268274400,-0.0174715500,-0.0615090100,0.9979537000,0.0000000000,,
17.8833400000,3964928,True,0.1566168000,-1.0000000000,-0.0322406200,-0.0031026310,-0.0276685300,0.0000000000,0.0000000000,0.0000000000,True,0.0000000000,4.0516050000,0.0324988300,-0.0076063240,-0.0262350000,-0.0255891700,-0.0234834400,0.9993967000,0.0324988300,-0.0076063240,-0.0262350000,-0.0255891700,-0.0234834400,0.9993967000,0.0000000000,,
17.8833400000,3964936,True,0.1566168000,-1.0000000000,-0.0322532200,-0.0032354280,-0.0274583800,0.0000000000,0.0000000000,0.0000000000,True,0.0000000000,4.2494200000,0.0324666900,-0.0075956270,-0.0264227500,-0.0248872100,-0.0033416920,0.9996847000,0.0324666900,-0.0075956270,-0.0264227500,-0.0248872100,-0.0033416920,0.9996847000,0.0000000000,,
17.9000000000,3964945,True,0.4778048000,-1.0000000000,-0.0322467300,-0.0032761690,-0.0275032400,0.0000000000,0.0000000000,0.0000000000,True,0.2604356000,4.2398830000,0.0324286500,-0.0075867010,-0.0265022400,-0.0190429900,-0.0013122570,0.9998178000,0.0324286500,-0.0075867010,-0.0265022400,-0.0190429900,-0.0013122570,0.9998178000,0.0000000000,,
17.9000000000,3964953,True,0.4778048000,-1.0000000000,-0.0322336700,-0.0033027960,-0.0275750000,0.0000000000,0.0000000000,0.0000000000,True,0.2604356000,4.3760990000,0.0324411000,-0.0076735540,-0.0261466400,-0.0239564800,0.0071869450,0.9996872000,0.0324411000,-0.0076735540,-0.0261466400,-0.0239564800,0.0071869450,0.9996872000,0.0000000000,,
17.9166700000,3964961,True,0.7540673000,3.8781890000,-0.0322361600,-0.0033794860,-0.0274134100,-0.0248720300,0.0024261670,0.9996877000,True,0.4405114000,4.3323360000,0.0324289900,-0.0077327890,-0.0263165900,-0.0278474400,0.0099182670,0.9995630000,0.0324289900,-0.0077327890,-0.0263165900,-0.0278474400,0.0099182670,0.9995630000,0.0000000000,,
17.9166700000,3964970,True,0.7540673000,4.0301510000,-0.0322512700,-0.0034957890,-0.0271348300,-0.0189059300,0.0100099200,0.9997712000,True,0.4405114000,4.3854370000,0.0324278900,-0.0077897800,-0.0260731400,-0.0196077800,0.0162050300,0.9996764000,0.0324278900,-0.0077897800,-0.0260731400,-0.0196077800,0.0162050300,0.9996764000,0.0000000000,,
17.9333300000,3964978,True,0.9667651000,3.9384310000,-0.0322524300,-0.0035508580,-0.0270329000,-0.0223390500,0.0157319400,0.9996267000,True,0.5520229000,4.3662720000,0.0324370600,-0.0078298190,-0.0260923600,-0.0208131800,0.0184785700,0.9996126000,0.0324370600,-0.0078298190,-0.0260923600,-0.0208131800,0.0184785700,0.9996126000,0.0000000000,,
17.9333300000,3964986,True,0.9667651000,3.9755100000,-0.0322482200,-0.0035764160,-0.0270052500,-0.0279694600,0.0124969900,0.9995307000,True,0.5520229000,4.2858120000,0.0324356600,-0.0078439640,-0.0259150700,-0.0274508500,0.0118562000,0.9995528000,0.0324356600,-0.0078439640,-0.0259150700,-0.0274508500,0.0118562000,0.9995528000,0.0000000000,,
17.9500000000,3964995,True,1.0000000000,4.0135040000,-0.0322560700,-0.0034906620,-0.0273051900,-0.0209656800,0.0126953700,0.9996996000,True,0.6160487000,4.3570400000,0.0324348600,-0.0078565980,-0.0258588300,-0.0275117000,0.0053863730,0.9996070000,0.0097113500,-0.0063230130,-0.0263668800,-0.0252075600,0.0079498420,0.9996507000,0.0000000000,,
17.9500000000,3965003,True,1.0000000000,3.9240420000,-0.0322854200,-0.0036151280,-0.0270084600,-0.0229495600,0.0143739900,0.9996333000,True,0.6160487000,4.3085630000,0.0324414700,-0.0079504710,-0.0254975400,-0.0303957400,-0.0026550490,0.9995344000,-0.0027204740,-0.0055953530,-0.0263183300,-0.0263522600,0.0065918790,0.9996310000,0.0000000000,,
17.9666700000,3965011,True,1.0000000000,3.9783780000,-0.0322769600,-0.0036966250,-0.0267731200,-0.0221101700,0.0202485800,0.9995505000,True,0.6369597000,4.3217320000,0.0324357500,-0.0079528210,-0.0255764200,-0.0306857200,0.0039368050,0.9995213000,-0.0153587200,-0.0048093570,-0.0264602500,-0.0243530900,0.0159912600,0.9995755000,0.0000000000,,
17.9666700000,3965020,True,1.0000000000,3.9050750000,-0.0322934600,-0.0036998140,-0.0268242400,-0.0214694100,0.0183108000,0.9996018000,True,0.6369597000,4.3120420000,0.0324300100,-0.0079551850,-0.0256205800,-0.0309144600,0.0063934650,0.9995016000,-0.0155525500,-0.0048004760,-0.0265128900,-0.0239107600,0.0152284300,0.9995981000,0.0000000000,,
17.9833300000,3965028,True,1.0000000000,3.9823300000,-0.0323028600,-0.0037232060,-0.0267618400,-0.0199128000,0.0212098000,0.9995767000,True,0.6602948000,4.3101960000,0.0324277700,-0.0079598390,-0.0255590500,-0.0310059000,0.0035247850,0.9995130000,-0.0118569200,-0.0050613860,-0.0263819300,-0.0234070000,0.0156250100,0.9996039000,0.0000000000,,
17.9833300000,3965036,True,1.0000000000,3.9225160000,-0.0323129900,-0.0037294010,-0.0267709200,-0.0278323700,0.0189821700,0.9994324000,True,0.6602948000,4.2559360000,0.0324169200,-0.0080542610,-0.0252805700,-0.0315704700,0.0028533960,0.9994975000,-0.0294047300,-0.0039237220,-0.0267039500,-0.0280000300,0.0182648700,0.9994410000,0.0000000000,,
18.0000000000,3965045,True,1.0000000000,3.9199070000,-0.0323152200,-0.0037454830,-0.0267383700,-0.0240023100,0.0169984600,0.9995674000,True,0.6704388000,4.3147890000,0.0324158000,-0.0081013340,-0.0252076400,-0.0367892900,-0.0078278330,0.9992924000,-0.0289916200,-0.0039691320,-0.0266597800,-0.0246585700,0.0157167900,0.9995724000,0.0000000000,,
18.0000000000,3965053,True,1.0000000000,3.8368530000,-0.0323206000,-0.0037894140,-0.0266715000,-0.0264894400,0.0179444600,0.9994880000,True,0.6704388000,4.3199460000,0.0324124800,-0.0081026310,-0.0252286800,-0.0365605800,-0.0027618800,0.9993277000,-0.0262634900,-0.0041929940,-0.0265365000,-0.0274204400,0.0160067000,0.9994958000,0.0000000000,,
18.0166700000,3965061,True,1.0000000000,3.9158330000,-0.0323215200,-0.0038222660,-0.0266256000,-0.0211947100,0.0117188900,0.9997067000,True,0.7073167000,4.1612400000,0.0324130100,-0.0081554730,-0.0251885500,-0.0402379900,0.0005188060,0.9991900000,-0.0236557800,-0.0044023440,-0.0264332300,-0.0237427100,0.0102234000,0.9996659000,0.0000000000,,
18.0166700000,3965070,True,1.0000000000,3.8926390000,-0.0323225900,-0.0038450780,-0.0266117700,-0.0252535000,0.0118256500,0.9996111000,True,0.7073167000,4.2100370000,0.0324193600,-0.0081312720,-0.0252671400,-0.0401005100,-0.0104829000,0.9991407000,-0.0217841800,-0.0045427710,-0.0263929000,-0.0276797300,0.0081940550,0.9995832000,0.0000000000,,
18.0166700000,3965078,True,1.0000000000,3.8893130000,-0.0323340000,-0.0038352660,-0.0266654400,-0.0226899200,0.0133362400,0.9996536000,True,1.0000000000,4.1846770000,0.0324236800,-0.0081881560,-0.0251764700,-0.0374759200,-0.0101471900,0.9992460000,-0.0269541800,-0.0041968850,-0.0265417500,-0.0239108900,0.0113832300,0.9996493000,0.0000000000,,
18.0333300000,3965086,True,1.0000000000,3.8900150000,-0.0323454300,-0.0038254550,-0.0267191000,-0.0205231400,0.0146027100,0.9996827000,True,1.0000000000,4.1711580000,0.0324167500,-0.0081915140,-0.0251995900,-0.0417023500,-0.0093536550,0.9990863000,-0.0283156600,-0.0040971220,-0.0266245600,-0.0218355700,0.0131227000,0.9996755000,0.0000000000,,
18.0500000000,3965095,True,1.0000000000,3.8878630000,-0.0323466400,-0.0038293150,-0.0267277100,-0.0211946200,0.0153962400,0.9996568000,True,1.0000000000,4.1558690000,0.0324188100,-0.0082253270,-0.0251507400,-0.0416874000,-0.0150453000,0.9990174000,-0.0231493100,-0.0044535830,-0.0265037700,-0.0241092300,0.0110780400,0.9996480000,0.0000000000,,
18.0500000000,3965103,True,1.0000000000,3.8898930000,-0.0323454300,-0.0038256840,-0.0267363300,-0.0205383400,0.0157775900,0.9996645000,True,1.0000000000,4.1418000000,0.0324191500,-0.0082303310,-0.0251519600,-0.0429234200,-0.0145265200,0.9989728000,-0.0106724700,-0.0052996680,-0.0262061300,-0.0280304800,0.0056305110,0.9995912000,0.0000000000,,
18.0666700000,3965111,True,1.0000000000,3.8876950000,-0.0323450200,-0.0038255620,-0.0267430700,-0.0204165500,0.0160067000,0.9996634000,True,1.0000000000,4.1566620000,0.0324190700,-0.0082270510,-0.0251531800,-0.0442814800,-0.0146180800,0.9989122000,0.0029187930,-0.0062221530,-0.0258773800,-0.0334169400,-0.0006561318,0.9994413000,0.0000000000,,
18.0666700000,3965120,True,1.0000000000,3.8854830000,-0.0323446200,-0.0038254550,-0.0267498200,-0.0203096700,0.0163576000,0.9996599000,True,1.0000000000,4.1419830000,0.0324192800,-0.0082312010,-0.0251572900,-0.0431979300,-0.0139313700,0.9989694000,0.0040693360,-0.0063026130,-0.0258544000,-0.0331730700,-0.0006713961,0.9994494000,0.0000000000,,
18.0833300000,3965128,True,1.0000000000,3.8863370000,-0.0323437200,-0.0038255620,-0.0267499300,-0.0191042100,0.0159303500,0.9996906000,True,1.0000000000,4.1282960000,0.0324194800,-0.0082353520,-0.0251531800,-0.0427247700,-0.0134277800,0.9989966000,0.0042436070,-0.0063168340,-0.0258478600,-0.0324556700,-0.0006408736,0.9994730000,0.0000000000,,
18.0833300000,3965136,True,1.0000000000,3.8851780000,-0.0323428100,-0.0038256840,-0.0267498200,-0.0179292900,0.0162813200,0.9997067000,True,1.0000000000,4.1305540000,0.0324243900,-0.0082437440,-0.0251572900,-0.0434575200,-0.0115205200,0.9989889000,0.0051001890,-0.0063798370,-0.0258291500,-0.0327000600,0.0001983671,0.9994652000,0.0000000000,,
18.1000000000,3965145,True,1.0000000000,3.8869630000,-0.0323379100,-0.0038286900,-0.0267430700,-0.0183871000,0.0165560200,0.9996939000,True,1.0000000000,4.1681670000,0.0324370900,-0.0082813720,-0.0251810300,-0.0454103600,-0.0017242510,0.9989669000,0.0019476930,-0.0061855010,-0.0259162800,-0.0326845500,0.0068665010,0.9994422000,0.0000000000,,
18.1000000000,3965153,True,1.0000000000,3.7772670000,-0.0323026600,-0.0039727940,-0.0262636600,-0.0159912500,0.0160828000,0.9997428000,True,1.0000000000,4.1168060000,0.0324502100,-0.0083102880,-0.0250958900,-0.0489507500,-0.0071869710,0.9987754000,0.0206335100,-0.0075187380,-0.0253089900,-0.0429384100,-0.0029297000,0.9990734000,0.0000000000,,
18.1166700000,3965161,True,1.0000000000,3.8427280000,-0.0322731000,-0.0039021000,-0.0265306900,-0.0224458500,0.0198976200,0.9995500000,True,1.0000000000,4.1132810000,0.0324485800,-0.0083255310,-0.0250772400,-0.0454713700,-0.0053711160,0.9989512000,0.0248395200,-0.0078054820,-0.0252481300,-0.0427709300,-0.0023956610,0.9990820000,0.0000000000,,
18.1166700000,3965170,True,1.0000000000,3.8333280000,-0.0322727800,-0.0038916020,-0.0265480100,-0.0221253800,0.0244294700,0.9994567000,True,1.0000000000,4.1185000000,0.0324502100,-0.0083176270,-0.0250776500,-0.0444188400,-0.0069123110,0.9989891000,0.0267935800,-0.0079308020,-0.0252061600,-0.0424654100,-0.0041809280,0.9990892000,0.0000000000,,
18.1333400000,3965178,True,1.0000000000,3.8184810000,-0.0322724600,-0.0038810880,-0.0265653200,-0.0227816700,0.0175783600,0.9995859000,True,1.0000000000,4.1404570000,0.0324504300,-0.0083184060,-0.0250695000,-0.0442811000,-0.0069427630,0.9989950000,0.0269533700,-0.0079415290,-0.0251965300,-0.0424500500,-0.0048523060,0.9990868000,0.0000000000,,
18.1333400000,3965186,True,1.0000000000,3.7803960000,-0.0322715300,-0.0038754120,-0.0265764500,-0.0251771700,0.0197450100,0.9994880000,True,1.0000000000,4.1186070000,0.0324506400,-0.0083191840,-0.0250613400,-0.0444795600,-0.0075378730,0.9989818000,0.0259208700,-0.0078708500,-0.0252142000,-0.0425268700,-0.0047760710,0.9990839000,0.0000000000,,
18.1500000000,3965195,True,1.0000000000,3.8020630000,-0.0322724600,-0.0038697360,-0.0265875700,-0.0260773400,0.0224610000,0.9994076000,True,1.0000000000,4.1379700000,0.0324509900,-0.0083184060,-0.0250634800,-0.0447239300,-0.0049591530,0.9989871000,0.0234809100,-0.0077018590,-0.0252747100,-0.0421452400,-0.0011596810,0.9991108000,0.0000000000,,
18.1500000000,3965203,True,1.0000000000,3.8057710000,-0.0322727800,-0.0038646700,-0.0265764500,-0.0244600600,0.0233003800,0.9994292000,True,1.0000000000,4.1267400000,0.0324513600,-0.0083176270,-0.0250656100,-0.0446779500,-0.0027160770,0.9989977000,0.0193199200,-0.0074142000,-0.0253721300,-0.0405736300,0.0025635090,0.9991733000,0.0000000000,,
18.1666700000,3965211,True,1.0000000000,3.8045500000,-0.0322724600,-0.0038674470,-0.0265653200,-0.0261081400,0.0257724400,0.9993269000,True,1.0000000000,4.1338650000,0.0324519500,-0.0083166820,-0.0250706300,-0.0445257600,-0.0017547850,0.9990067000,0.0145230400,-0.0070842290,-0.0254846700,-0.0394292500,0.0058747150,0.9992051000,0.0000000000,,
18.1666700000,3965220,True,1.0000000000,3.7808230000,-0.0322715300,-0.0038645480,-0.0265572100,-0.0249027100,0.0245212400,0.9993891000,True,1.0000000000,4.1410370000,0.0324525600,-0.0083164070,-0.0250756500,-0.0443728600,-0.0006256145,0.9990149000,0.0119371800,-0.0069053200,-0.0255452600,-0.0382082400,0.0073242620,0.9992430000,0.0000000000,,
18.1833300000,3965228,True,1.0000000000,3.8044430000,-0.0322706000,-0.0038656460,-0.0265563200,-0.0234071300,0.0250856100,0.9994112000,True,1.0000000000,4.1511080000,0.0324530300,-0.0083170170,-0.0250766600,-0.0442205400,0.0012207190,0.9990211000,0.0118242500,-0.0068982700,-0.0255482600,-0.0375824800,0.0088196000,0.9992546000,0.0000000000,,
18.1833300000,3965236,True,1.0000000000,3.7812040000,-0.0322681000,-0.0038665470,-0.0265527100,-0.0237122300,0.0249329400,0.9994079000,True,1.0000000000,4.1515960000,0.0324534900,-0.0083176270,-0.0250756500,-0.0446476600,-0.0002136251,0.9990028000,0.0013833620,-0.0061808480,-0.0257847300,-0.0346070000,0.0118561000,0.9993307000,0.0000000000,,
18.2000000000,3965245,True,1.0000000000,3.8049160000,-0.0322656100,-0.0038674470,-0.0265490900,-0.0237123800,0.0252840500,0.9993991000,True,1.0000000000,4.1475070000,0.0324546700,-0.0083184060,-0.0250754100,-0.0445410200,0.0013885690,0.9990066000,0.0010745240,-0.0061603240,-0.0257899300,-0.0344394000,0.0129853500,0.9993224000,0.0000000000,,
18.2000000000,3965253,True,1.0000000000,3.8053590000,-0.0322648600,-0.0038685920,-0.0265427300,-0.0237124900,0.0256961600,0.9993885000,True,1.0000000000,4.1540070000,0.0324558300,-0.0083191840,-0.0250751500,-0.0444951600,0.0031128300,0.9990048000,0.0012117770,-0.0061706550,-0.0257836300,-0.0344546800,0.0140229600,0.9993079000,0.0000000000,,
18.2166700000,3965261,True,1.0000000000,3.8060150000,-0.0322641200,-0.0038697360,-0.0265363600,-0.0236970400,0.0260316500,0.9993802000,True,1.0000000000,4.1578520000,0.0324567000,-0.0083227240,-0.0250754100,-0.0445406800,0.0041046400,0.9989991000,0.0015249940,-0.0061945190,-0.0257736400,-0.0345768600,0.0145875900,0.9992956000,0.0000000000,,
18.2166700000,3965270,True,1.0000000000,3.8095550000,-0.0322634000,-0.0038727880,-0.0265363000,-0.0238345100,0.0279544300,0.9993250000,True,1.0000000000,4.1619870000,0.0324575500,-0.0083262640,-0.0250751500,-0.0446020900,0.0050202150,0.9989922000,0.0016076660,-0.0062034610,-0.0257716200,-0.0346985900,0.0159454800,0.9992706000,0.0000000000,,
18.2333300000,3965278,True,1.0000000000,3.8137660000,-0.0322626800,-0.0038758400,-0.0265362300,-0.0239566600,0.0298466400,0.9992674000,True,1.0000000000,4.1712340000,0.0324582500,-0.0083262640,-0.0250658400,-0.0441437200,0.0056610160,0.9990091000,0.0013205870,-0.0061851350,-0.0257732600,-0.0344392500,0.0173035500,0.9992570000,0.0000000000,,
18.2333300000,3965286,True,1.0000000000,3.8138280000,-0.0322591700,-0.0038758400,-0.0265362300,-0.0242004800,0.0300903900,0.9992542000,True,1.0000000000,4.1766970000,0.0324614100,-0.0083217930,-0.0250658400,-0.0440375200,0.0066376720,0.9990078000,0.0010701450,-0.0061653900,-0.0257790200,-0.0344241000,0.0180207700,0.9992448000,0.0000000000,,
18.2500000000,3965295,True,1.0000000000,3.9413760000,-0.0322673400,-0.0039537660,-0.0261666600,-0.0182344400,0.0399936900,0.9990336000,True,1.0000000000,4.1786500000,0.0324648500,-0.0083217930,-0.0250656100,-0.0445559400,0.0067749450,0.9989839000,0.0164765500,-0.0072429360,-0.0253375600,-0.0380707500,0.0149841600,0.9991627000,0.0000000000,,
18.2500000000,3965303,True,1.0000000000,3.9478610000,-0.0322851700,-0.0038923950,-0.0263339400,-0.0194702800,0.0439607100,0.9988435000,True,1.0000000000,4.2759550000,0.0325117400,-0.0083116150,-0.0250803800,-0.0471501000,0.0249941300,0.9985751000,0.0232947900,-0.0076830140,-0.0252587000,-0.0432133000,0.0276949600,0.9986820000,0.0000000000,,
18.2666700000,3965311,True,1.0000000000,3.9432530000,-0.0323047500,-0.0038217320,-0.0265353600,-0.0180665200,0.0382235000,0.9991059000,True,1.0000000000,4.2422490000,0.0325335400,-0.0082550050,-0.0252392900,-0.0481878500,0.0357975600,0.9981966000,0.0201681800,-0.0074095310,-0.0254864700,-0.0424504700,0.0362553300,0.9984406000,0.0000000000,,
18.2666700000,3965320,True,1.0000000000,4.0412750000,-0.0322956300,-0.0038201750,-0.0264511700,-0.0089112300,0.0404667500,0.9991412000,True,1.0000000000,4.3442540000,0.0325276500,-0.0082284550,-0.0255888700,-0.0443884900,0.0632639000,0.9970092000,-0.0073896790,-0.0055139010,-0.0261198600,-0.0225527700,0.0492407200,0.9985323000,0.0000000000,,
18.2833300000,3965328,True,1.0000000000,3.8780670000,-0.0322462800,-0.0034678800,-0.0275392900,-0.0188448800,0.0403600900,0.9990075000,True,1.0000000000,4.3912200000,0.0325519400,-0.0078999940,-0.0262461000,-0.0520176400,0.0511021000,0.9973379000,-0.0260413100,-0.0038922880,-0.0274154500,-0.0220339900,0.0413976600,0.9988998000,0.0000000000,,
18.2833300000,3965336,True,1.0000000000,3.6406860000,-0.0322256600,-0.0031670230,-0.0280507400,-0.0288852100,-0.0134431400,0.9994923000,True,1.0000000000,3.8942570000,0.0325481100,-0.0076590270,-0.0268677100,-0.0394289200,-0.0090485100,0.9991814000,-0.0211127000,-0.0039376980,-0.0278477700,-0.0307010700,-0.0126802200,0.9994482000,0.0000000000,,
18.3000000000,3965345,True,0.7587655000,-1.0000000000,-0.0322398700,-0.0028755040,-0.0286666100,0.0000000000,0.0000000000,0.0000000000,True,0.4995859000,-1.0000000000,0.0325434900,-0.0071658630,-0.0277363300,0.0000000000,0.0000000000,0.0000000000,0.0010000000,-0.0010000000,-0.0010000000,0.5773503000,-0.5773503000,-0.5773503000,0.0000000000,,
18.3000000000,3965353,True,0.7587655000,-1.0000000000,-0.0327263700,-0.0047428290,-0.0267208000,0.0000000000,0.0000000000,0.0000000000,True,0.4995859000,-1.0000000000,0.0325434900,-0.0071658630,-0.0277363300,0.0000000000,0.0000000000,0.0000000000,0.0010000000,-0.0010000000,-0.0010000000,0.5773503000,-0.5773503000,-0.5773503000,0.0000000000,,
18.3166700000,3965361,True,0.1358290000,-1.0000000000,-0.0327263700,-0.0047428290,-0.0267208000,0.0000000000,0.0000000000,0.0000000000,True,0.0686037500,-1.0000000000,0.0325434900,-0.0071658630,-0.0277363300,0.0000000000,0.0000000000,0.0000000000,0.0010000000,-0.0010000000,-0.0010000000,0.5773503000,-0.5773503000,-0.5773503000,0.0000000000,,
18.3166700000,3965370,True,0.1358290000,-1.0000000000,-0.0327263700,-0.0047428290,-0.0267208000,0.0000000000,0.0000000000,0.0000000000,True,0.0686037500,-1.0000000000,0.0325434900,-0.0071658630,-0.0277363300,0.0000000000,0.0000000000,0.0000000000,0.0010000000,-0.0010000000,-0.0010000000,0.5773503000,-0.5773503000,-0.5773503000,0.0000000000,,
18.3166700000,3965378,True,0.0000000000,-1.0000000000,-0.0327263700,-0.0047428290,-0.0267208000,0.0000000000,0.0000000000,0.0000000000,True,0.0000000000,-1.0000000000,0.0325434900,-0.0071658630,-0.0277363300,0.0000000000,0.0000000000,0.0000000000,0.0010000000,-0.0010000000,-0.0010000000,0.5773503000,-0.5773503000,-0.5773503000,0.0000000000,,
18.3333300000,3965386,True,0.0000000000,-1.0000000000,-0.0327263700,-0.0047428290,-0.0267208000,0.0000000000,0.0000000000,0.0000000000,True,0.0000000000,-1.0000000000,0.0325434900,-0.0071658630,-0.0277363300,0.0000000000,0.0000000000,0.0000000000,0.0010000000,-0.0010000000,-0.0010000000,0.5773503000,-0.5773503000,-0.5773503000,0.0000000000,,
18.3333300000,3965395,True,0.0000000000,-1.0000000000,-0.0327263700,-0.0047428290,-0.0267208000,0.0000000000,0.0000000000,0.0000000000,True,0.0000000000,-1.0000000000,0.0325434900,-0.0071658630,-0.0277363300,0.0000000000,0.0000000000,0.0000000000,0.0010000000,-0.0010000000,-0.0010000000,0.5773503000,-0.5773503000,-0.5773503000,0.0000000000,,
18.3500000000,3965403,True,0.0000000000,-1.0000000000,-0.0327263700,-0.0047428290,-0.0267208000,0.0000000000,0.0000000000,0.0000000000,True,0.0000000000,-1.0000000000,0.0325434900,-0.0071658630,-0.0277363300,0.0000000000,0.0000000000,0.0000000000,0.0010000000,-0.0010000000,-0.0010000000,0.5773503000,-0.5773503000,-0.5773503000,0.0000000000,,
18.3500000000,3965411,True,0.0000000000,-1.0000000000,-0.0327263700,-0.0047428290,-0.0267208000,0.0000000000,0.0000000000,0.0000000000,True,0.0000000000,-1.0000000000,0.0325434900,-0.0071658630,-0.0277363300,0.0000000000,0.0000000000,0.0000000000,0.0010000000,-0.0010000000,-0.0010000000,0.5773503000,-0.5773503000,-0.5773503000,0.0000000000,,
18.3666700000,3965420,True,0.0000000000,-1.0000000000,-0.0327263700,-0.0047428290,-0.0267208000,0.0000000000,0.0000000000,0.0000000000,True,0.0000000000,-1.0000000000,0.0324137000,-0.0090651250,-0.0253590700,0.0000000000,0.0000000000,0.0000000000,0.0010000000,-0.0010000000,-0.0010000000,0.5773503000,-0.5773503000,-0.5773503000,0.0000000000,,
18.3833400000,3965428,True,0.0000000000,-1.0000000000,-0.0320713200,-0.0042053830,-0.0271755100,0.0000000000,0.0000000000,0.0000000000,True,0.0000000000,-1.0000000000,0.0326768600,-0.0070261540,-0.0268462200,0.0000000000,0.0000000000,0.0000000000,0.0010000000,-0.0010000000,-0.0010000000,0.5773503000,-0.5773503000,-0.5773503000,0.0000000000,,
18.3833400000,3965436,True,0.0000000000,-1.0000000000,-0.0325612800,-0.0000105438,-0.0379074100,0.0000000000,0.0000000000,0.0000000000,True,0.0000000000,-1.0000000000,0.0326698000,-0.0068456580,-0.0271719800,0.0000000000,0.0000000000,0.0000000000,0.0010000000,-0.0010000000,-0.0010000000,0.5773503000,-0.5773503000,-0.5773503000,0.0000000000,,
18.4000000000,3965445,True,0.1126290000,-1.0000000000,-0.0321216900,-0.0025518650,-0.0281420300,0.0000000000,0.0000000000,0.0000000000,True,0.0733948900,-1.0000000000,0.0326467600,-0.0069058230,-0.0270248900,0.0000000000,0.0000000000,0.0000000000,0.0010000000,-0.0010000000,-0.0010000000,0.5773503000,-0.5773503000,-0.5773503000,0.0000000000,,
18.4000000000,3965453,True,0.1126290000,-1.0000000000,-0.0320889000,-0.0025643160,-0.0282529200,0.0000000000,0.0000000000,0.0000000000,True,0.0733948900,-1.0000000000,0.0326287100,-0.0070408630,-0.0267683000,0.0000000000,0.0000000000,0.0000000000,0.0010000000,-0.0010000000,-0.0010000000,0.5773503000,-0.5773503000,-0.5773503000,0.0000000000,,
18.4166700000,3965461,True,0.5880613000,-1.0000000000,-0.0320698100,-0.0026790470,-0.0280168300,0.0000000000,0.0000000000,0.0000000000,True,0.4106552000,-1.0000000000,0.0326308000,-0.0070121920,-0.0268703500,0.0000000000,0.0000000000,0.0000000000,0.0010000000,-0.0010000000,-0.0010000000,0.5773503000,-0.5773503000,-0.5773503000,0.0000000000,,
18.4166700000,3965470,True,0.5880613000,-1.0000000000,-0.0320584400,-0.0026233830,-0.0280860000,0.0000000000,0.0000000000,0.0000000000,True,0.4106552000,-1.0000000000,0.0326176300,-0.0071024630,-0.0266389000,0.0000000000,0.0000000000,0.0000000000,0.0010000000,-0.0010000000,-0.0010000000,0.5773503000,-0.5773503000,-0.5773503000,0.0000000000,,
18.4166700000,3965478,True,0.7943800000,-1.0000000000,-0.0320745600,-0.0027896580,-0.0276497800,0.0000000000,0.0000000000,0.0000000000,True,0.5988393000,-1.0000000000,0.0326237800,-0.0072038430,-0.0261667800,0.0000000000,0.0000000000,0.0000000000,0.0010000000,-0.0010000000,-0.0010000000,0.5773503000,-0.5773503000,-0.5773503000,0.0000000000,,
18.4166700000,3965486,True,0.7943800000,4.0127560000,-0.0320918400,-0.0029484100,-0.0271738300,-0.0100708700,0.0805974900,0.9966959000,True,0.5988393000,4.2235410000,0.0326328900,-0.0072212380,-0.0260714900,-0.0206757400,0.0880740800,0.9958993000,0.0326328900,-0.0072212380,-0.0260714900,-0.0206757400,0.0880740800,0.9958993000,0.0000000000,,
18.4500000000,3965495,True,0.9417062000,3.9929050000,-0.0320885000,-0.0029563600,-0.0271512500,-0.0086518340,0.0782174600,0.9968988000,True,0.6556056000,4.3355100000,0.0326206500,-0.0072008520,-0.0261467900,-0.0232852100,0.0967267200,0.9950386000,0.0326206500,-0.0072008520,-0.0261467900,-0.0232852100,0.0967267200,0.9950386000,0.0000000000,,
18.4500000000,3965503,True,0.9417062000,4.0592350000,-0.0321077400,-0.0029084930,-0.0273351000,-0.0101319700,0.0856334900,0.9962752000,True,0.6556056000,4.2086030000,0.0326122800,-0.0072461400,-0.0261615900,-0.0219271500,0.1044324000,0.9942902000,0.0326122800,-0.0072461400,-0.0261615900,-0.0219271500,0.1044324000,0.9942902000,0.0000000000,,
18.4666700000,3965511,True,1.0000000000,4.0941160000,-0.0321273700,-0.0031648560,-0.0265920400,-0.0083313940,0.0985423800,0.9950980000,True,0.6712445000,4.2012630000,0.0326052400,-0.0072262580,-0.0260564400,-0.0205233000,0.0938731400,0.9953726000,0.0326052400,-0.0072262580,-0.0260564400,-0.0205233000,0.0938731400,0.9953726000,0.0000000000,,
18.4666700000,3965520,True,1.0000000000,4.1051640000,-0.0321310000,-0.0031703800,-0.0265776100,-0.0074005990,0.1011975000,0.9948388000,True,0.6712445000,4.2587280000,0.0325929900,-0.0072439120,-0.0259392100,-0.0229647800,0.0886089600,0.9958017000,0.0323821700,-0.0072306370,-0.0259413000,-0.0229036800,0.0886545000,0.9957991000,0.0000000000,,
18.4833300000,3965528,True,1.0000000000,4.1123660000,-0.0321346300,-0.0031759040,-0.0265631900,-0.0066223670,0.0991676500,0.9950487000,True,1.0000000000,4.1882480000,0.0325891300,-0.0072747960,-0.0258852600,-0.0225680100,0.0864725700,0.9959986000,0.0325551800,-0.0072726440,-0.0258856200,-0.0225527300,0.0864877500,0.9959976000,0.0000000000,,
18.4833300000,3965536,True,1.0000000000,4.1224370000,-0.0321366700,-0.0031905820,-0.0265380300,-0.0090790000,0.0994875300,0.9949974000,True,1.0000000000,4.2892150000,0.0325839100,-0.0073462990,-0.0257397200,-0.0294651100,0.0909435700,0.9954200000,0.0325615900,-0.0073448640,-0.0257399900,-0.0294651100,0.0909435700,0.9954200000,0.0000000000,,
18.5000000000,3965545,True,1.0000000000,4.1288600000,-0.0321387400,-0.0031759040,-0.0265631900,-0.0116425500,0.0966804800,0.9952474000,True,1.0000000000,4.3014980000,0.0325777900,-0.0074045560,-0.0256335000,-0.0318301400,0.0973062400,0.9947454000,0.0325622300,-0.0074035340,-0.0256337300,-0.0318301400,0.0973062400,0.9947454000,0.0000000000,,
18.5000000000,3965553,True,1.0000000000,4.0586850000,-0.0321476200,-0.0031326750,-0.0268288400,-0.0165865000,0.0963909200,0.9952053000,True,1.0000000000,4.2366330000,0.0325684700,-0.0074912880,-0.0254494000,-0.0340580000,0.1002361000,0.9943806000,0.0319608300,-0.0074503640,-0.0254623600,-0.0338899300,0.1002049000,0.9943895000,0.0000000000,,
18.5166700000,3965561,True,1.0000000000,4.0077360000,-0.0321640800,-0.0032679290,-0.0264684800,-0.0164642700,0.0965120500,0.9951956000,True,1.0000000000,4.3426820000,0.0325582100,-0.0074997560,-0.0254781000,-0.0329134500,0.1033333000,0.9941021000,0.0215864400,-0.0067823790,-0.0256460000,-0.0301209100,0.1021731000,0.9943105000,0.0000000000,,
18.5166700000,3965570,True,1.0000000000,4.1722720000,-0.0321664700,-0.0032626500,-0.0264933300,-0.0112458200,0.1014718000,0.9947748000,True,1.0000000000,4.3041080000,0.0325526000,-0.0075300300,-0.0254210700,-0.0315403800,0.1041275000,0.9940637000,-0.0051237030,-0.0050457610,-0.0260452900,-0.0197297400,0.1025855000,0.9945285000,0.0000000000,,
18.5333300000,3965578,True,1.0000000000,4.1390530000,-0.0321720100,-0.0032809300,-0.0264464400,-0.0136567900,0.0994732900,0.9949465000,True,1.0000000000,4.2899930000,0.0325469800,-0.0075602880,-0.0253640300,-0.0303043500,0.1050887000,0.9940010000,-0.0253483900,-0.0037321170,-0.0263323200,-0.0154114300,0.1000675000,0.9948613000,0.0000000000,,
18.5333300000,3965586,True,1.0000000000,4.1293180000,-0.0321775500,-0.0032991330,-0.0264047700,-0.0159304000,0.0980391100,0.9950551000,True,1.0000000000,4.2904820000,0.0325400100,-0.0075723580,-0.0253430200,-0.0298310200,0.1063235000,0.9938840000,-0.0313633100,-0.0033528900,-0.0263914200,-0.0160980400,0.0981446400,0.9950420000,0.0000000000,,
18.5500000000,3965595,True,1.0000000000,4.1186220000,-0.0321818400,-0.0032991640,-0.0264021600,-0.0205384500,0.0992742400,0.9948481000,True,1.0000000000,4.2937620000,0.0325330500,-0.0075844120,-0.0253220100,-0.0293886200,0.1075447000,0.9937658000,-0.0298876800,-0.0034510810,-0.0263638800,-0.0208590600,0.0995802700,0.9948109000,0.0000000000,,
18.5500000000,3965603,True,1.0000000000,4.1305240000,-0.0321861300,-0.0032992100,-0.0263995500,-0.0249942300,0.0989393100,0.9947795000,True,1.0000000000,4.3102870000,0.0325250100,-0.0075971680,-0.0253043500,-0.0293580800,0.1091010000,0.9935970000,-0.0242631200,-0.0038254400,-0.0262654600,-0.0255283000,0.1001753000,0.9946423000,0.0000000000,,
18.5666700000,3965611,True,1.0000000000,4.1347350000,-0.0321921900,-0.0033015440,-0.0263924400,-0.0239411600,0.0983586700,0.9948630000,True,1.0000000000,4.3227390000,0.0325169700,-0.0075844120,-0.0253220100,-0.0293275000,0.1075901000,0.9937627000,-0.0090094760,-0.0048359220,-0.0260089400,-0.0258637900,0.1016699000,0.9944819000,0.0000000000,,
18.5666700000,3965620,True,1.0000000000,4.1387940000,-0.0321982400,-0.0033038790,-0.0263853300,-0.0228884700,0.0977642700,0.9949464000,True,1.0000000000,4.3065490000,0.0325110800,-0.0075809020,-0.0253374200,-0.0304566000,0.1061556000,0.9938830000,0.0052065280,-0.0057761840,-0.0257795900,-0.0272676800,0.1026162000,0.9943472000,0.0000000000,,
18.5833300000,3965628,True,1.0000000000,4.1360780000,-0.0322046400,-0.0033151400,-0.0263616800,-0.0257113200,0.0986338100,0.9947916000,True,1.0000000000,4.3199160000,0.0325051900,-0.0075796360,-0.0253528300,-0.0317997700,0.1055008000,0.9939107000,0.0130630300,-0.0062983710,-0.0256559300,-0.0299686500,0.1034407000,0.9941841000,0.0000000000,,
18.5833300000,3965636,True,1.0000000000,4.1335140000,-0.0322110300,-0.0033264010,-0.0263853300,-0.0285800400,0.1025250000,0.9943198000,True,1.0000000000,4.3209380000,0.0324997900,-0.0075820320,-0.0253451100,-0.0320590200,0.1051798000,0.9939363000,-0.0009676972,-0.0053810730,-0.0258830900,-0.0302585400,0.1038068000,0.9941371000,0.0000000000,,
18.6000000000,3965645,True,1.0000000000,4.1202090000,-0.0322187500,-0.0033264770,-0.0263826300,-0.0278169600,0.1005408000,0.9945440000,True,1.0000000000,4.3219300000,0.0324943800,-0.0075844120,-0.0253373900,-0.0323182000,0.1048739000,0.9939603000,0.0013248750,-0.0055335540,-0.0258408400,-0.0301518000,0.1027847000,0.9942465000,0.0000000000,,
18.6000000000,3965653,True,1.0000000000,4.1238250000,-0.0322264700,-0.0033265540,-0.0263799300,-0.0269472800,0.0987710900,0.9947453000,True,1.0000000000,4.3316800000,0.0324780600,-0.0075935210,-0.0253297000,-0.0301972200,0.1060794000,0.9938990000,0.0005839234,-0.0054902500,-0.0258473800,-0.0285949800,0.1024781000,0.9943242000,0.0000000000,,
18.6166700000,3965661,True,1.0000000000,4.1268310000,-0.0322334600,-0.0033269960,-0.0263630200,-0.0267945900,0.0968328400,0.9949399000,True,1.0000000000,4.3238680000,0.0324617200,-0.0076026160,-0.0253220100,-0.0279542500,0.1069494000,0.9938714000,0.0001840363,-0.0054694220,-0.0258413900,-0.0273743400,0.1018985000,0.9944181000,0.0000000000,,
18.6166700000,3965670,True,1.0000000000,4.1297910000,-0.0322404500,-0.0033274390,-0.0263461300,-0.0266421300,0.0949259300,0.9951277000,True,1.0000000000,4.3226170000,0.0324571400,-0.0076062620,-0.0253043500,-0.0291901900,0.1062016000,0.9939161000,0.0003094483,-0.0054801480,-0.0258219900,-0.0279239400,0.1006025000,0.9945348000,0.0000000000,,
18.6333400000,3965678,True,1.0000000000,4.1046450000,-0.0323358300,-0.0034982760,-0.0262544000,-0.0202791600,0.1046307000,0.9943044000,True,1.0000000000,4.3241120000,0.0324525600,-0.0076099250,-0.0252866800,-0.0304416000,0.1053630000,0.9939678000,0.0024556580,-0.0057062380,-0.0257347300,-0.0257418500,0.1050274000,0.9941361000,0.0000000000,,
18.6333400000,3965686,True,1.0000000000,4.1688690000,-0.0323515600,-0.0035509650,-0.0261229700,-0.0261689200,0.1141209000,0.9931222000,True,1.0000000000,4.3249360000,0.0324445700,-0.0076188660,-0.0252666500,-0.0312807100,0.1053015000,0.9939482000,0.0111830600,-0.0062840730,-0.0255476400,-0.0296022100,0.1082007000,0.9936882000,0.0000000000,,
18.6500000000,3965695,True,1.0000000000,4.1582180000,-0.0323562600,-0.0035063170,-0.0262614500,-0.0268558800,0.1081254000,0.9937744000,True,1.0000000000,4.3423000000,0.0324323600,-0.0076423340,-0.0252645700,-0.0311283200,0.1060041000,0.9938784000,0.0122852800,-0.0063561710,-0.0255745700,-0.0298007700,0.1066755000,0.9938472000,0.0000000000,,
18.6500000000,3965703,True,1.0000000000,4.1506200000,-0.0323609500,-0.0034784400,-0.0263653600,-0.0275272100,0.1062789000,0.9939553000,True,1.0000000000,4.3562620000,0.0324193000,-0.0076442720,-0.0252576500,-0.0284733600,0.1057146000,0.9939888000,0.0111033200,-0.0062734990,-0.0256221500,-0.0281678800,0.1058966000,0.9939781000,0.0000000000,,
18.6666700000,3965711,True,1.0000000000,4.1559910000,-0.0323808600,-0.0034946440,-0.0263862500,-0.0276794800,0.0967866300,0.9949202000,True,1.0000000000,4.3632510000,0.0324104600,-0.0076706850,-0.0252135300,-0.0346377400,0.1056680000,0.9937980000,0.0105896800,-0.0062642520,-0.0256084900,-0.0323029800,0.1026768000,0.9941902000,0.0000000000,,
18.6666700000,3965720,True,1.0000000000,4.1310120000,-0.0323994500,-0.0035907290,-0.0264206400,-0.0335388900,0.0957033300,0.9948447000,True,1.0000000000,4.4271240000,0.0322760300,-0.0078754280,-0.0249859900,-0.0374456700,0.0916457500,0.9950874000,0.0024371030,-0.0058986210,-0.0256478900,-0.0356450400,0.0935224600,0.9949789000,0.0000000000,,
18.6833300000,3965728,True,1.0000000000,4.1342320000,-0.0324550900,-0.0036552580,-0.0265914300,-0.0377809000,0.0693667100,0.9968756000,True,1.0000000000,4.3897250000,0.0321917600,-0.0078705140,-0.0251854900,-0.0464021000,0.0748903300,0.9961116000,0.0057968450,-0.0061494600,-0.0257595200,-0.0428775100,0.0726323600,0.9964367000,0.0000000000,,
18.6833300000,3965736,True,1.0000000000,4.1955570000,-0.0324618300,-0.0037152860,-0.0265894200,-0.0377659800,0.0603187600,0.9974644000,True,1.0000000000,4.4905850000,0.0321395300,-0.0079271550,-0.0252064200,-0.0507210100,0.0528267500,0.9973148000,0.0144686300,-0.0067750550,-0.0255847200,-0.0471803000,0.0548707500,0.9973782000,0.0000000000,,
18.7000000000,3965745,True,1.0000000000,4.1995090000,-0.0324706700,-0.0037400970,-0.0265168200,-0.0381168600,0.0598761300,0.9974778000,True,1.0000000000,4.5509030000,0.0321272800,-0.0079436810,-0.0251766400,-0.0490726700,0.0453494900,0.9977652000,0.0201962600,-0.0071672980,-0.0254241700,-0.0470433500,0.0480351900,0.9977372000,0.0000000000,,
18.7000000000,3965753,True,1.0000000000,4.1871030000,-0.0324912100,-0.0037823790,-0.0263807400,-0.0384372400,0.0650640800,0.9971406000,True,1.0000000000,4.5406950000,0.0321295600,-0.0079512940,-0.0251504100,-0.0496066200,0.0487216000,0.9975798000,0.0196420800,-0.0071456760,-0.0253881700,-0.0474554200,0.0518805200,0.9975251000,0.0000000000,,
18.7166700000,3965761,True,1.0000000000,4.2139430000,-0.0325046300,-0.0038163610,-0.0262762600,-0.0431675400,0.0662848400,0.9968665000,True,1.0000000000,4.5519870000,0.0321287400,-0.0079588940,-0.0251241900,-0.0493170500,0.0524756600,0.9974037000,0.0192812700,-0.0071354680,-0.0253531800,-0.0480957300,0.0552215900,0.9973151000,0.0000000000,,
18.7166700000,3965770,True,1.0000000000,4.2473450000,-0.0325144400,-0.0038270880,-0.0262628800,-0.0428928200,0.0689550500,0.9966973000,True,1.0000000000,4.5433200000,0.0321280100,-0.0079650580,-0.0251040500,-0.0492403500,0.0535586100,0.9973499000,0.0151305900,-0.0068769990,-0.0254087700,-0.0475774800,0.0576178800,0.9972044000,0.0000000000,,
18.7333300000,3965778,True,1.0000000000,4.1714630000,-0.0325252900,-0.0037938390,-0.0264124000,-0.0378880200,0.0662697100,0.9970821000,True,1.0000000000,4.5343630000,0.0321272800,-0.0079712370,-0.0250839200,-0.0491643200,0.0546575400,0.9972941000,0.0109023000,-0.0065998230,-0.0255200500,-0.0454718600,0.0584725400,0.9972528000,0.0000000000,,
18.7333300000,3965786,True,1.0000000000,4.1994170000,-0.0325392600,-0.0037567750,-0.0265769700,-0.0400850100,0.0619662100,0.9972730000,True,1.0000000000,4.5464780000,0.0321265100,-0.0079817050,-0.0250504300,-0.0496216300,0.0546875600,0.9972697000,0.0165376900,-0.0069632120,-0.0254184300,-0.0473334500,0.0564430800,0.9972832000,0.0000000000,,
18.7500000000,3965795,True,1.0000000000,4.1997990000,-0.0325470500,-0.0037695310,-0.0266121200,-0.0374909700,0.0731508800,0.9966159000,True,1.0000000000,4.5565800000,0.0321257600,-0.0079712370,-0.0250839200,-0.0489962600,0.0548861800,0.9972898000,0.0212394600,-0.0072639620,-0.0253411600,-0.0470581600,0.0579682000,0.9972087000,0.0000000000,,
18.7500000000,3965803,True,1.0000000000,4.1131290000,-0.0325512000,-0.0038395390,-0.0264976100,-0.0373536600,0.0695956000,0.9968757000,True,1.0000000000,4.5519870000,0.0321235100,-0.0079650580,-0.0251040500,-0.0490730400,0.0557412300,0.9972386000,0.0225703900,-0.0073556830,-0.0253098900,-0.0473333800,0.0578010500,0.9972054000,0.0000000000,,
18.7666700000,3965811,True,1.0000000000,4.0583800000,-0.0325633700,-0.0038587650,-0.0265134400,-0.0417332800,0.0734414200,0.9964259000,True,1.0000000000,4.5564120000,0.0321212500,-0.0079621280,-0.0251241900,-0.0480805000,0.0573883700,0.9971935000,0.0220482200,-0.0073231360,-0.0253405300,-0.0470890000,0.0598912300,0.9970936000,0.0000000000,,
18.7666700000,3965820,True,1.0000000000,4.1062010000,-0.0325703400,-0.0038801580,-0.0264965200,-0.0399783400,0.0750738300,0.9963763000,True,1.0000000000,4.5600280000,0.0321202700,-0.0079666750,-0.0251040500,-0.0484470400,0.0603337300,0.9970019000,0.0214352400,-0.0072917030,-0.0253340500,-0.0470429200,0.0627595000,0.9969194000,0.0000000000,,
18.7833300000,3965828,True,1.0000000000,4.1434630000,-0.0325776500,-0.0038795620,-0.0265018300,-0.0372011800,0.0755010000,0.9964516000,True,1.0000000000,4.5632930000,0.0321192800,-0.0079712370,-0.0250839200,-0.0487976500,0.0631256700,0.9968119000,0.0218891300,-0.0073242350,-0.0253081400,-0.0469669800,0.0650793200,0.9967742000,0.0000000000,,
18.7833300000,3965836,True,1.0000000000,4.1242980000,-0.0325943200,-0.0038247220,-0.0265453500,-0.0395205100,0.0771336600,0.9962372000,True,1.0000000000,4.4716340000,0.0320833600,-0.0080083470,-0.0249317000,-0.0421143400,0.0793306000,0.9959584000,0.0183828000,-0.0071221320,-0.0252735100,-0.0415655900,0.0788739100,0.9960177000,0.0000000000,,
18.7833300000,3965845,True,1.0000000000,4.1873170000,-0.0325988000,-0.0037722320,-0.0265875600,-0.0318146600,0.0793306600,0.9963406000,True,1.0000000000,4.5054320000,0.0320852800,-0.0079906160,-0.0248735700,-0.0420381700,0.0819706200,0.9957478000,0.0017395170,-0.0060116120,-0.0256776600,-0.0372317200,0.0807348400,0.9960400000,0.0000000000,,
18.8000000000,3965853,True,1.0000000000,4.3194120000,-0.0325874200,-0.0037430420,-0.0265249300,-0.0280610800,0.0863347500,0.9958709000,True,1.0000000000,4.5549160000,0.0320959400,-0.0079548810,-0.0248532700,-0.0420690300,0.0835124300,0.9956183000,-0.0154696700,-0.0048576510,-0.0260825500,-0.0317689600,0.0855869800,0.9958241000,0.0000000000,,
18.8166700000,3965861,True,1.0000000000,4.2733610000,-0.0325600400,-0.0037485050,-0.0263388800,-0.0320439000,0.0938581000,0.9950698000,True,1.0000000000,4.5583190000,0.0321172500,-0.0079427950,-0.0247932700,-0.0458379000,0.0871133800,0.9951433000,-0.0214099100,-0.0044715880,-0.0260724200,-0.0344242600,0.0926982900,0.9950990000,0.0000000000,,
18.8166700000,3965870,True,1.0000000000,4.2472230000,-0.0325428500,-0.0037017670,-0.0261936800,-0.0228732500,0.0942701300,0.9952838000,True,1.0000000000,4.5009920000,0.0321414500,-0.0079050450,-0.0247715500,-0.0372773900,0.0856784900,0.9956253000,-0.0178388500,-0.0046572570,-0.0258704100,-0.0261538200,0.0923165700,0.9953862000,0.0000000000,,
18.8333300000,3965878,True,1.0000000000,4.2529910000,-0.0325160500,-0.0035911710,-0.0263869200,-0.0281221500,0.1026924000,0.9943155000,True,1.0000000000,4.5801850000,0.0321622600,-0.0078263250,-0.0248673600,-0.0383458200,0.0964825500,0.9945958000,-0.0141234100,-0.0047955330,-0.0259548100,-0.0310366900,0.1009226000,0.9944100000,0.0000000000,,
18.8333300000,3965886,True,1.0000000000,4.1213530000,-0.0324839000,-0.0035129850,-0.0263288600,-0.0238190400,0.1074069000,0.9939298000,True,1.0000000000,4.6003720000,0.0321711200,-0.0077958070,-0.0249015100,-0.0426487000,0.0983132700,0.9942412000,0.0025113680,-0.0058311160,-0.0255562900,-0.0340122800,0.1024794000,0.9941535000,0.0000000000,,
18.8500000000,3965895,True,1.0000000000,4.2354890000,-0.0324390900,-0.0034170380,-0.0264427700,-0.0247346200,0.1040197000,0.9942676000,True,1.0000000000,4.5816190000,0.0321799600,-0.0077653050,-0.0249356600,-0.0421606100,0.0995497000,0.9941390000,0.0070950780,-0.0060773320,-0.0255207100,-0.0354007500,0.1012889000,0.9942270000,0.0000000000,,
18.8500000000,3965903,True,1.0000000000,4.1876370000,-0.0324224100,-0.0034201200,-0.0263106500,-0.0257111900,0.1045080000,0.9941916000,True,1.0000000000,4.5212860000,0.0322228400,-0.0076405640,-0.0250760700,-0.0314639900,0.1228652000,0.9919245000,0.0111315000,-0.0062635960,-0.0254788700,-0.0295872500,0.1168689000,0.9927065000,0.0000000000,,
18.8666700000,3965911,True,1.0000000000,4.2863310000,-0.0324050200,-0.0033987730,-0.0262763200,-0.0174408900,0.1131140000,0.9934289000,True,1.0000000000,4.5583950000,0.0322358300,-0.0076373750,-0.0250547700,-0.0311280500,0.1259313000,0.9915504000,0.0127858100,-0.0063620000,-0.0254223300,-0.0270083800,0.1220718000,0.9921537000,0.0000000000,,
18.8666700000,3965920,True,1.0000000000,4.2928770000,-0.0323946700,-0.0033918760,-0.0262311900,-0.0149384700,0.1104745000,0.9937667000,True,1.0000000000,4.4558720000,0.0322453800,-0.0076077730,-0.0250597400,-0.0245974800,0.1255051000,0.9917880000,0.0037563630,-0.0057496950,-0.0255760400,-0.0203401500,0.1188823000,0.9927000000,0.0000000000,,
18.8833400000,3965928,True,1.0000000000,4.2142030000,-0.0323873800,-0.0033841100,-0.0261971000,-0.0148928100,0.1128557000,0.9934998000,True,1.0000000000,4.5227660000,0.0322500900,-0.0075728000,-0.0250612800,-0.0248416100,0.1277329000,0.9914975000,-0.0084893950,-0.0049327700,-0.0257771600,-0.0185702100,0.1183641000,0.9927966000,0.0000000000,,
18.8833400000,3965936,True,1.0000000000,4.2619630000,-0.0323805700,-0.0033631140,-0.0261921900,-0.0113679300,0.1197982000,0.9927332000,True,1.0000000000,4.5643160000,0.0322504100,-0.0075421600,-0.0250814500,-0.0268557500,0.1303877000,0.9910992000,-0.0144626600,-0.0045216830,-0.0258842500,-0.0156556100,0.1227424000,0.9923151000,0.0000000000,,
18.9000000000,3965945,True,1.0000000000,4.1365810000,-0.0323793800,-0.0032889100,-0.0263360000,-0.0146332700,0.1150977000,0.9932464000,True,1.0000000000,4.5551910000,0.0322500900,-0.0075115210,-0.0251016200,-0.0250854600,0.1323090000,0.9908910000,-0.0111001300,-0.0046791990,-0.0259295800,-0.0180818000,0.1207742000,0.9925153000,0.0000000000,,
18.9000000000,3965953,True,1.0000000000,4.2774200000,-0.0323789500,-0.0032160650,-0.0264362700,-0.0076905240,0.1235672000,0.9923064000,True,1.0000000000,4.5913090000,0.0322291900,-0.0073449860,-0.0251555600,-0.0156556800,0.1239331000,0.9921671000,-0.0019318540,-0.0051618500,-0.0258327200,-0.0114442500,0.1237505000,0.9922473000,0.0000000000,,
18.9166700000,3965961,True,1.0000000000,4.1528470000,-0.0323827200,-0.0031464080,-0.0264678400,-0.0120393400,0.1221024000,0.9924445000,True,1.0000000000,4.5306700000,0.0322103800,-0.0072865450,-0.0251312000,-0.0084991890,0.1269538000,0.9918722000,0.0096314240,-0.0058393250,-0.0255984200,-0.0097352120,0.1252607000,0.9920761000,0.0000000000,,
18.9166700000,3965970,True,1.0000000000,4.0878600000,-0.0324201400,-0.0030663760,-0.0264786200,-0.0191956700,0.1555185000,0.9876465000,True,1.0000000000,4.5547180000,0.0321615000,-0.0071655580,-0.0251633500,-0.0165405800,0.1448063000,0.9893217000,0.0178773200,-0.0062589110,-0.0254542500,-0.0171205300,0.1471725000,0.9889627000,0.0000000000,,
18.9333300000,3965978,True,1.0000000000,4.2349090000,-0.0324265000,-0.0029860690,-0.0264670400,-0.0240787500,0.1638515000,0.9861911000,True,1.0000000000,4.5040280000,0.0321344500,-0.0070592200,-0.0251786100,-0.0190277500,0.1645053000,0.9861927000,0.0195654600,-0.0062662510,-0.0254294400,-0.0200195800,0.1643834000,0.9861933000,0.0000000000,,
18.9333300000,3965986,True,1.0000000000,4.2466740000,-0.0324176200,-0.0028806920,-0.0264996700,-0.0200960700,0.1846336000,0.9826019000,True,1.0000000000,4.5995480000,0.0321063000,-0.0069708100,-0.0251995400,-0.0264893400,0.1806646000,0.9831880000,0.0220008300,-0.0063302310,-0.0254031700,-0.0254975800,0.1812907000,0.9830989000,0.0000000000,,
18.9500000000,3965994,True,1.0000000000,4.2285160000,-0.0324169300,-0.0028083190,-0.0265334000,-0.0212405300,0.2090483000,0.9776746000,True,1.0000000000,4.5918580000,0.0320855300,-0.0068926240,-0.0252293600,-0.0242158600,0.1986402000,0.9797733000,0.0226526900,-0.0062953340,-0.0254200600,-0.0237887300,0.2001671000,0.9794729000,0.0000000000,,
18.9500000000,3966003,True,1.0000000000,4.1306460000,-0.0324235700,-0.0027680660,-0.0265577400,-0.0244754700,0.2245670000,0.9741512000,True,1.0000000000,4.5188750000,0.0320633700,-0.0068471230,-0.0252607100,-0.0371402400,0.2153798000,0.9758238000,0.0195037700,-0.0060526890,-0.0255133200,-0.0346681900,0.2171797000,0.9755158000,0.0000000000,,
18.9666700000,3966011,True,1.0000000000,4.2684020000,-0.0324311700,-0.0027865140,-0.0265462200,-0.0186464700,0.2190427000,0.9755371000,True,1.0000000000,4.4827580000,0.0320666800,-0.0068475040,-0.0252598600,-0.0249634600,0.2152259000,0.9762452000,0.0103558200,-0.0054805150,-0.0256928600,-0.0228427600,0.2165103000,0.9760131000,0.0000000000,,
18.9666700000,3966019,True,1.0000000000,4.2299800000,-0.0324401400,-0.0027974700,-0.0265485200,-0.0171815800,0.2191032000,0.9755504000,True,1.0000000000,4.5126190000,0.0320698400,-0.0068502660,-0.0252595500,-0.0224612700,0.2155184000,0.9762414000,-0.0017215880,-0.0047273410,-0.0259347400,-0.0196992800,0.2173940000,0.9758851000,0.0000000000,,
18.9833300000,3966028,True,1.0000000000,4.1933900000,-0.0324491300,-0.0028084410,-0.0265508100,-0.0157472600,0.2208278000,0.9751857000,True,1.0000000000,4.5427250000,0.0320720400,-0.0068530280,-0.0252592500,-0.0203097500,0.2157320000,0.9762414000,-0.0018085480,-0.0047291720,-0.0259374700,-0.0179141300,0.2184028000,0.9756942000,0.0000000000,,
18.9833300000,3966036,True,1.0000000000,4.2046050000,-0.0324592000,-0.0028144380,-0.0265525200,-0.0140991900,0.2215740000,0.9750416000,True,1.0000000000,4.5487980000,0.0320693500,-0.0068530580,-0.0252589000,-0.0216525600,0.2164951000,0.9760436000,-0.0024833070,-0.0046905370,-0.0259515800,-0.0176088100,0.2192098000,0.9755188000,0.0000000000,,
19.0000000000,3966044,True,1.0000000000,4.2165830000,-0.0324692700,-0.0028204500,-0.0265535700,-0.0124360200,0.2222615000,0.9749078000,True,1.0000000000,4.5442050000,0.0320666800,-0.0068531040,-0.0252585500,-0.0191958300,0.2172120000,0.9759357000,-0.0014062960,-0.0047614750,-0.0259302500,-0.0156861700,0.2198352000,0.9754109000,0.0000000000,,
19.0000000000,3966053,True,1.0000000000,4.2422490000,-0.0324828800,-0.0028227540,-0.0265528100,-0.0087739490,0.2211951000,0.9751901000,True,1.0000000000,4.5441740000,0.0320633700,-0.0068530580,-0.0252576900,-0.0182191900,0.2176537000,0.9758560000,-0.0011366270,-0.0047800290,-0.0259238400,-0.0133516400,0.2194857000,0.9755244000,0.0000000000,,
19.0166700000,3966061,True,1.0000000000,4.2136380000,-0.0324965100,-0.0028250730,-0.0265520300,-0.0065766360,0.2194552000,0.9756004000,True,1.0000000000,4.5438540000,0.0320600600,-0.0068530280,-0.0252568400,-0.0172272900,0.2180953000,0.9757754000,-0.0012358090,-0.0047755590,-0.0259248500,-0.0117340900,0.2187974000,0.9756998000,0.0000000000,,
19.0166700000,3966069,True,1.0000000000,4.2406310000,-0.0325003400,-0.0028266300,-0.0265528100,-0.0050049280,0.2194539000,0.9756100000,True,1.0000000000,4.4732210000,0.0320600900,-0.0068626250,-0.0252614900,-0.0021972780,0.2189038000,0.9757440000,-0.0008814087,-0.0048032840,-0.0259203800,-0.0036316490,0.2191807000,0.9756775000,0.0000000000,,
19.0333300000,3966078,True,1.0000000000,4.2676540000,-0.0324965100,-0.0028282020,-0.0265535700,-0.0050812210,0.2194538000,0.9756097000,True,1.0000000000,4.4819030000,0.0321081700,-0.0068899540,-0.0252483800,-0.0003509535,0.2100991000,0.9776801000,-0.0006304322,-0.0048316500,-0.0259097900,-0.0027465980,0.2148450000,0.9766443000,0.0000000000,,
19.0333300000,3966086,True,1.0000000000,4.2427830000,-0.0324122300,-0.0028679050,-0.0265510400,0.0140687200,0.2216968000,0.9750142000,True,1.0000000000,4.5948330000,0.0321662800,-0.0069128730,-0.0252496400,0.0090638660,0.2120395000,0.9772190000,-0.0007020874,-0.0048541260,-0.0259120200,0.0116120000,0.2169659000,0.9761101000,0.0000000000,,
19.0500000000,3966094,True,1.0000000000,4.2816010000,-0.0323683700,-0.0028789830,-0.0265513300,0.0245671000,0.2229502000,0.9745202000,True,1.0000000000,4.5750430000,0.0321928300,-0.0069183200,-0.0252494500,0.0117645800,0.2120982000,0.9771776000,-0.0006525269,-0.0048633120,-0.0259117700,0.0182803300,0.2176244000,0.9758614000,0.0000000000,,
19.0500000000,3966103,True,1.0000000000,4.2675780000,-0.0323162400,-0.0028793340,-0.0265509700,0.0246127200,0.2192714000,0.9753534000,True,1.0000000000,4.5436400000,0.0322812100,-0.0069304660,-0.0252518300,0.0252689300,0.2115052000,0.9770501000,-0.0010383000,-0.0048408820,-0.0259219200,0.0249329700,0.2155008000,0.9761853000,0.0000000000,,
19.0500000000,3966111,True,1.0000000000,4.2630160000,-0.0322564200,-0.0028777770,-0.0265420400,0.0316625100,0.2149083000,0.9761208000,True,1.0000000000,4.5818180000,0.0323341700,-0.0069281470,-0.0252558300,0.0252992000,0.2130901000,0.9767050000,-0.0013574370,-0.0048153990,-0.0259267400,0.0286258200,0.2140375000,0.9764059000,0.0000000000,,
19.0666700000,3966119,True,1.0000000000,4.2517550000,-0.0322231300,-0.0028713840,-0.0265473300,0.0342413000,0.2190436000,0.9751140000,True,1.0000000000,4.5581210000,0.0323730500,-0.0069344490,-0.0252530100,0.0376744800,0.2115661000,0.9766373000,-0.0015670780,-0.0047996220,-0.0259330800,0.0358739300,0.2155030000,0.9758440000,0.0000000000,,
19.0833300000,3966128,True,1.0000000000,4.1910860000,-0.0321965500,-0.0028639830,-0.0265520200,0.0390931700,0.2206582000,0.9745674000,True,1.0000000000,4.5720670000,0.0324039500,-0.0069409330,-0.0252530800,0.0392155000,0.2114433000,0.9766033000,-0.0016278840,-0.0047931820,-0.0259373600,0.0391547400,0.2162971000,0.9755421000,0.0000000000,,
19.0833300000,3966136,True,1.0000000000,4.2473300000,-0.0321802100,-0.0028597870,-0.0265508900,0.0412295200,0.2177444000,0.9751346000,True,1.0000000000,4.5760500000,0.0324444600,-0.0069445960,-0.0252569100,0.0412756400,0.2108186000,0.9766534000,-0.0016063230,-0.0047923130,-0.0259387100,0.0412603700,0.2144654000,0.9758597000,0.0000000000,,
19.1000000000,3966144,True,1.0000000000,4.3429110000,-0.0321123400,-0.0028529820,-0.0265546300,0.0416723800,0.2203402000,0.9745325000,True,1.0000000000,4.6016690000,0.0324895500,-0.0069517520,-0.0252648900,0.0480806400,0.2137155000,0.9757120000,-0.0013958440,-0.0048018340,-0.0259413900,0.0447237600,0.2171948000,0.9751032000,0.0000000000,,
19.1000000000,3966153,True,1.0000000000,4.2963870000,-0.0320625600,-0.0028632200,-0.0265556500,0.0430604800,0.2234049000,0.9737741000,True,1.0000000000,4.6047520000,0.0325332500,-0.0069712070,-0.0252516300,0.0507815700,0.2060407000,0.9772249000,-0.0014188390,-0.0048120270,-0.0259370400,0.0467227600,0.2151810000,0.9754558000,0.0000000000,,
19.1166700000,3966161,True,1.0000000000,4.4050600000,-0.0320383800,-0.0028571780,-0.0265514100,0.0494846400,0.2223223000,0.9737167000,True,1.0000000000,4.6357270000,0.0325702500,-0.0069720920,-0.0252653500,0.0577247700,0.2128172000,0.9753854000,-0.0012192840,-0.0048200380,-0.0259379400,0.0534218000,0.2177919000,0.9745321000,0.0000000000,,
19.1166700000,3966169,True,1.0000000000,4.2937010000,-0.0319927700,-0.0028503420,-0.0265610700,0.0585331900,0.2241229000,0.9728015000,True,1.0000000000,4.5918430000,0.0326238000,-0.0069750520,-0.0252882400,0.0653231400,0.2235879000,0.9724923000,-0.0011288000,-0.0048204960,-0.0259531100,0.0617828900,0.2238771000,0.9726571000,0.0000000000,,
19.1166700000,3966178,True,1.0000000000,4.2969360000,-0.0319303800,-0.0028349310,-0.0265610500,0.0631414500,0.2220632000,0.9729857000,True,1.0000000000,4.5769810000,0.0326879100,-0.0069834290,-0.0252890600,0.0598913900,0.2236200000,0.9728346000,-0.0007803955,-0.0048347630,-0.0259478800,0.0615699400,0.2228267000,0.9729118000,0.0000000000,,
19.1333400000,3966186,True,1.0000000000,4.2680660000,-0.0318772500,-0.0028225100,-0.0265542200,0.0622411600,0.2190877000,0.9737179000,True,1.0000000000,4.6087800000,0.0327265600,-0.0069817810,-0.0252914600,0.0759433400,0.2234813000,0.9717452000,-0.0011961820,-0.0047977910,-0.0259545100,0.0687570100,0.2211791000,0.9728064000,0.0000000000,,
19.1333400000,3966194,True,1.0000000000,4.3747100000,-0.0318461200,-0.0027935490,-0.0265684500,0.0708468000,0.2265327000,0.9714235000,True,1.0000000000,4.6542050000,0.0327542000,-0.0069728090,-0.0252948200,0.0804299900,0.2284572000,0.9702259000,-0.0015822300,-0.0047514500,-0.0259717700,0.0753329800,0.2274333000,0.9708754000,0.0000000000,,
19.1500000000,3966203,True,1.0000000000,4.4433900000,-0.0318105600,-0.0027642060,-0.0265807400,0.0730292900,0.2304863000,0.9703313000,True,1.0000000000,4.6184230000,0.0328257900,-0.0069649050,-0.0253199300,0.0786898000,0.2405555000,0.9674404000,-0.0017960210,-0.0047148440,-0.0259952700,0.0756691100,0.2351709000,0.9690041000,0.0000000000,,
19.1500000000,3966211,True,1.0000000000,4.2838590000,-0.0317542400,-0.0027422490,-0.0265967100,0.0771495500,0.2368046000,0.9684893000,True,1.0000000000,4.5894620000,0.0328827500,-0.0069326180,-0.0253082000,0.0833899500,0.2255114000,0.9706651000,-0.0009322510,-0.0047404180,-0.0259822800,0.0801241300,0.2314307000,0.9695463000,0.0000000000,,
19.1666700000,3966219,True,1.0000000000,4.2625730000,-0.0317077600,-0.0027373660,-0.0265889100,0.0821845900,0.2310660000,0.9694608000,True,1.0000000000,4.5973050000,0.0329328500,-0.0069363100,-0.0253254200,0.0947574900,0.2331706000,0.9678081000,-0.0003730469,-0.0047728120,-0.0259764400,0.0882879100,0.2320876000,0.9686798000,0.0000000000,,
19.1666700000,3966228,True,1.0000000000,4.2385710000,-0.0316798700,-0.0027218780,-0.0265898800,0.0816196700,0.2293560000,0.9699145000,True,1.0000000000,4.6776730000,0.0329998000,-0.0069634400,-0.0253420100,0.0926679200,0.2431217000,0.9655592000,-0.0006805878,-0.0047547460,-0.0259918100,0.0869142900,0.2359625000,0.9678676000,0.0000000000,,
19.1833300000,3966236,True,1.0000000000,4.1914670000,-0.0316608000,-0.0026960450,-0.0265987400,0.0834210100,0.2304721000,0.9694965000,True,1.0000000000,4.6412200000,0.0330392000,-0.0069585730,-0.0253574200,0.0937513800,0.2488135000,0.9640034000,-0.0007086487,-0.0047352150,-0.0260049000,0.0883643200,0.2392596000,0.9669263000,0.0000000000,,
19.1833300000,3966244,True,1.0000000000,4.2923280000,-0.0316474500,-0.0026608740,-0.0266115300,0.0948645800,0.2343156000,0.9675210000,True,1.0000000000,4.6404420000,0.0330892400,-0.0069425050,-0.0253797900,0.1067971000,0.2549000000,0.9610517000,-0.0013175050,-0.0046668700,-0.0260344400,0.1004649000,0.2439752000,0.9645635000,0.0000000000,,
19.2000000000,3966253,True,1.0000000000,4.2739410000,-0.0316494800,-0.0026402130,-0.0266089500,0.0896152800,0.2319041000,0.9686019000,True,1.0000000000,4.6287990000,0.0330776100,-0.0069554600,-0.0254124900,0.1130377000,0.2686629000,0.9565786000,-0.0032325140,-0.0045347290,-0.0260836600,0.0999149400,0.2481089000,0.9635658000,0.0000000000,,
19.2000000000,3966261,True,0.8697255000,4.4160920000,-0.0317386900,-0.0025589450,-0.0266119600,0.0700692800,0.2313263000,0.9703496000,True,0.8046409000,4.9344020000,0.0329997100,-0.0068663180,-0.0254488100,0.1150375000,0.2989540000,0.9473082000,-0.0059647980,-0.0042738040,-0.0261488800,0.0880439600,0.2584708000,0.9619985000,0.0000000000,,
19.2166700000,3966269,True,0.8697255000,-1.0000000000,-0.0318994600,-0.0025034330,-0.0265924700,0.0000000000,0.0000000000,0.0000000000,True,0.8046409000,-1.0000000000,0.0329377500,-0.0068084260,-0.0254044500,0.0000000000,0.0000000000,0.0000000000,0.0010000000,-0.0010000000,-0.0010000000,0.5773503000,-0.5773503000,-0.5773503000,0.0000000000,,
19.2166700000,3966278,True,0.6363580000,-1.0000000000,-0.0318654300,-0.0024781650,-0.0271010900,0.0000000000,0.0000000000,0.0000000000,True,0.4474678000,-1.0000000000,0.0329647100,-0.0068576050,-0.0251609300,0.0000000000,0.0000000000,0.0000000000,0.0010000000,-0.0010000000,-0.0010000000,0.5773503000,-0.5773503000,-0.5773503000,0.0000000000,,
19.2333300000,3966286,True,0.6363580000,-1.0000000000,-0.0321662600,-0.0038976900,-0.0263844900,0.0000000000,0.0000000000,0.0000000000,True,0.4474678000,-1.0000000000,0.0325191200,-0.0083690030,-0.0250735800,0.0000000000,0.0000000000,0.0000000000,0.0010000000,-0.0010000000,-0.0010000000,0.5773503000,-0.5773503000,-0.5773503000,0.0000000000,,
19.2333300000,3966294,True,0.1725246000,-1.0000000000,-0.0310987000,-0.0057240600,-0.0246848600,0.0000000000,0.0000000000,0.0000000000,True,0.2157932000,-1.0000000000,0.0324048000,-0.0085570080,-0.0250683900,0.0000000000,0.0000000000,0.0000000000,0.0010000000,-0.0010000000,-0.0010000000,0.5773503000,-0.5773503000,-0.5773503000,0.0000000000,,
19.2333300000,3966303,True,0.1725246000,-1.0000000000,-0.0320937200,-0.0043605350,-0.0263811100,0.0000000000,0.0000000000,0.0000000000,True,0.2157932000,-1.0000000000,0.0324048000,-0.0085570080,-0.0250683900,0.0000000000,0.0000000000,0.0000000000,0.0010000000,-0.0010000000,-0.0010000000,0.5773503000,-0.5773503000,-0.5773503000,0.0000000000,,
19.2500000000,3966311,True,0.0000000000,-1.0000000000,-0.0320937200,-0.0043605350,-0.0263811100,0.0000000000,0.0000000000,0.0000000000,True,0.0000000000,-1.0000000000,0.0324048000,-0.0085570080,-0.0250683900,0.0000000000,0.0000000000,0.0000000000,0.0010000000,-0.0010000000,-0.0010000000,0.5773503000,-0.5773503000,-0.5773503000,0.0000000000,,
19.2500000000,3966319,True,0.0000000000,-1.0000000000,-0.0320937200,-0.0043605350,-0.0263811100,0.0000000000,0.0000000000,0.0000000000,True,0.0000000000,-1.0000000000,0.0319413900,0.0151573500,-0.0936168000,0.0000000000,0.0000000000,0.0000000000,0.0010000000,-0.0010000000,-0.0010000000,0.5773503000,-0.5773503000,-0.5773503000,0.0000000000,,
19.2666700000,3966328,True,0.0000000000,-1.0000000000,-0.0320937200,-0.0043605350,-0.0263811100,0.0000000000,0.0000000000,0.0000000000,True,0.0000000000,-1.0000000000,0.0327522500,-0.0071689610,-0.0254642800,0.0000000000,0.0000000000,0.0000000000,0.0010000000,-0.0010000000,-0.0010000000,0.5773503000,-0.5773503000,-0.5773503000,0.0000000000,,
19.2666700000,3966336,True,0.0000000000,-1.0000000000,-0.0320937200,-0.0043605350,-0.0263811100,0.0000000000,0.0000000000,0.0000000000,True,0.0000000000,-1.0000000000,0.0327787500,-0.0070267030,-0.0252249200,0.0000000000,0.0000000000,0.0000000000,0.0010000000,-0.0010000000,-0.0010000000,0.5773503000,-0.5773503000,-0.5773503000,0.0000000000,,
19.2833300000,3966344,True,0.0608417700,-1.0000000000,-0.0320860800,-0.0030175940,-0.0265237700,0.0000000000,0.0000000000,0.0000000000,True,0.1313986000,-1.0000000000,0.0327541700,-0.0070947120,-0.0253057000,0.0000000000,0.0000000000,0.0000000000,0.0010000000,-0.0010000000,-0.0010000000,0.5773503000,-0.5773503000,-0.5773503000,0.0000000000,,
19.3000000000,3966353,True,0.0608417700,-1.0000000000,-0.0320560500,-0.0029604650,-0.0265693700,0.0000000000,0.0000000000,0.0000000000,True,0.1313986000,-1.0000000000,0.0327295700,-0.0072154390,-0.0252942200,0.0000000000,0.0000000000,0.0000000000,0.0010000000,-0.0010000000,-0.0010000000,0.5773503000,-0.5773503000,-0.5773503000,0.0000000000,,
19.3000000000,3966361,True,0.4542536000,-1.0000000000,-0.0320232200,-0.0030642090,-0.0265931700,0.0000000000,0.0000000000,0.0000000000,True,0.4127069000,-1.0000000000,0.0327290400,-0.0072160490,-0.0252989500,0.0000000000,0.0000000000,0.0000000000,0.0010000000,-0.0010000000,-0.0010000000,0.5773503000,-0.5773503000,-0.5773503000,0.0000000000,,
19.3166700000,3966369,True,0.4542536000,-1.0000000000,-0.0319982500,-0.0031061100,-0.0265707700,0.0000000000,0.0000000000,0.0000000000,True,0.4127069000,-1.0000000000,0.0327268200,-0.0072308660,-0.0252898600,0.0000000000,0.0000000000,0.0000000000,0.0010000000,-0.0010000000,-0.0010000000,0.5773503000,-0.5773503000,-0.5773503000,0.0000000000,,
19.3166700000,3966378,True,0.7825729000,4.4163820000,-0.0319911500,-0.0031352240,-0.0265426000,0.0351109000,0.1791404000,0.9831969000,True,0.4641013000,4.7563020000,0.0327059200,-0.0071385500,-0.0252488900,0.0279389400,0.1981665000,0.9797701000,-0.0319911500,-0.0031352240,-0.0265426000,0.0351109000,0.1791404000,0.9831969000,0.0000000000,,
19.3333300000,3966386,True,0.7825729000,4.3823850000,-0.0319379800,-0.0031015630,-0.0265759900,0.0239565100,0.1828019000,0.9828578000,True,0.4641013000,4.7529600000,0.0327187800,-0.0071626590,-0.0252841800,0.0177004600,0.2240787000,0.9744104000,-0.0319379800,-0.0031015630,-0.0265759900,0.0239565100,0.1828019000,0.9828578000,0.0000000000,,
19.3333300000,3966394,True,0.9866803000,4.3298950000,-0.0319390600,-0.0030613710,-0.0265354900,0.0263065900,0.1788665000,0.9835216000,True,0.6318557000,4.7715610000,0.0327228400,-0.0070494540,-0.0252660500,0.0238498400,0.2096894000,0.9774771000,-0.0319390600,-0.0030613710,-0.0265354900,0.0263065900,0.1788665000,0.9835216000,0.0000000000,,
19.3500000000,3966403,True,0.9866803000,4.3495940000,-0.0319036400,-0.0030063330,-0.0265211500,0.0219575000,0.1766518000,0.9840285000,True,0.6318557000,4.7964020000,0.0327338600,-0.0069354100,-0.0252542600,0.0230104300,0.2004257000,0.9794386000,0.0327247200,-0.0069348450,-0.0252544400,0.0230104300,0.2004257000,0.9794386000,0.0000000000,,
19.3500000000,3966411,True,1.0000000000,4.4205170000,-0.0318890000,-0.0028967440,-0.0265125300,0.0206759300,0.1750511000,0.9843422000,True,1.0000000000,4.7586520000,0.0327536500,-0.0067774970,-0.0252467700,0.0260621600,0.1919719000,0.9810543000,0.0204981700,-0.0060417480,-0.0254867400,0.0250400000,0.1887689000,0.9817023000,0.0000000000,,
19.3666700000,3966419,True,1.0000000000,4.3886410000,-0.0318619100,-0.0027792360,-0.0265025300,0.0224914900,0.1703647000,0.9851244000,True,1.0000000000,4.6774290000,0.0328019600,-0.0066078650,-0.0252492400,0.0246585400,0.1877010000,0.9819167000,-0.0017835850,-0.0045601200,-0.0259195600,0.0234988400,0.1784386000,0.9836704000,0.0000000000,,
19.3666700000,3966428,True,1.0000000000,4.4409030000,-0.0318170200,-0.0026430050,-0.0265096900,0.0173646600,0.1694199000,0.9853910000,True,1.0000000000,4.7379760000,0.0328513800,-0.0064502720,-0.0252811400,0.0164644600,0.2045773000,0.9787119000,-0.0033913730,-0.0043165280,-0.0259696700,0.0169679000,0.1848921000,0.9826123000,0.0000000000,,
19.3833400000,3966436,True,1.0000000000,4.3654480000,-0.0317709500,-0.0025312650,-0.0265178800,0.0187378900,0.1758279000,0.9842426000,True,1.0000000000,4.6921840000,0.0328681800,-0.0062945410,-0.0252645000,0.0136567000,0.1951001000,0.9806883000,-0.0049310000,-0.0040938720,-0.0259974400,0.0166322800,0.1838401000,0.9828154000,0.0000000000,,
19.3833400000,3966444,True,1.0000000000,4.3171690000,-0.0316871700,-0.0024046480,-0.0265239100,0.0204470700,0.1789729000,0.9836415000,True,1.0000000000,4.6922610000,0.0329336600,-0.0060567780,-0.0252802300,0.0286256100,0.1884621000,0.9816632000,-0.0063442230,-0.0038369450,-0.0260361600,0.0236512600,0.1826945000,0.9828852000,0.0000000000,,
19.4000000000,3966453,True,1.0000000000,4.3195650000,-0.0316355300,-0.0022340090,-0.0265123200,0.0213165800,0.1754613000,0.9842555000,True,1.0000000000,4.6611330000,0.0330286600,-0.0058604890,-0.0253019400,0.0212863000,0.1892268000,0.9817027000,-0.0069540720,-0.0036181800,-0.0260503300,0.0213015100,0.1807271000,0.9833026000,0.0000000000,,
19.4000000000,3966461,True,1.0000000000,4.3137820000,-0.0315644900,-0.0020426030,-0.0265118000,0.0198060800,0.1688858000,0.9854366000,True,1.0000000000,4.7460480000,0.0330977200,-0.0056639860,-0.0253498900,0.0120088000,0.2097953000,0.9776716000,-0.0080807190,-0.0033578030,-0.0260898300,0.0169830800,0.1837773000,0.9828212000,0.0000000000,,
19.4166700000,3966469,True,1.0000000000,4.3911290000,-0.0314558400,-0.0018661040,-0.0265397700,0.0116273400,0.1756309000,0.9843875000,True,1.0000000000,4.7357330000,0.0331804400,-0.0054312290,-0.0253537900,0.0191346300,0.1947948000,0.9806573000,-0.0083805850,-0.0031388550,-0.0261163700,0.0142976600,0.1824821000,0.9831052000,0.0000000000,,
19.4166700000,3966478,True,1.0000000000,4.3505250000,-0.0314448300,-0.0017233740,-0.0265512600,0.0193482500,0.1833658000,0.9828543000,True,1.0000000000,4.6676640000,0.0332265600,-0.0051875160,-0.0253672700,0.0222015700,0.1866305000,0.9821793000,-0.0087032320,-0.0029415290,-0.0261349000,0.0203555200,0.1845120000,0.9826195000,0.0000000000,,
19.4333300000,3966486,True,1.0000000000,4.3603360000,-0.0314047100,-0.0015860600,-0.0265443900,0.0189820200,0.1726998000,0.9847916000,True,1.0000000000,4.6382900000,0.0332397800,-0.0049945220,-0.0254123100,0.0222169100,0.1986552000,0.9798176000,-0.0094164580,-0.0027454070,-0.0261593200,0.0200807700,0.1815356000,0.9831793000,0.0000000000,,
19.4333300000,3966494,True,1.0000000000,4.4494630000,-0.0313698400,-0.0014502410,-0.0265366400,0.0159303100,0.1647963000,0.9861990000,True,1.0000000000,4.7615510000,0.0332930900,-0.0048513340,-0.0254334100,0.0196076600,0.2029430000,0.9789942000,-0.0101617400,-0.0025657350,-0.0261747900,0.0171357400,0.1773389000,0.9840006000,0.0000000000,,
19.4500000000,3966503,True,1.0000000000,4.3408200000,-0.0313312100,-0.0013028560,-0.0265596500,0.0140535000,0.1710377000,0.9851642000,True,1.0000000000,4.7577970000,0.0333420000,-0.0047035070,-0.0254411800,0.0218661300,0.1966884000,0.9802222000,-0.0092501070,-0.0024639280,-0.0261777800,0.0167237700,0.1798110000,0.9835590000,0.0000000000,,
19.4500000000,3966511,True,1.0000000000,4.4177860000,-0.0313021100,-0.0011229860,-0.0265940300,0.0186006400,0.1839922000,0.9827517000,True,1.0000000000,4.6722110000,0.0333736300,-0.0044986270,-0.0254578700,0.0143891700,0.1921709000,0.9812559000,-0.0093955390,-0.0022663570,-0.0262092000,0.0171664000,0.1867704000,0.9822536000,0.0000000000,,
19.4666700000,3966519,True,1.0000000000,4.3817290000,-0.0312894300,-0.0009414063,-0.0265977500,0.0142061600,0.1783934000,0.9838567000,True,1.0000000000,4.6840970000,0.0333764500,-0.0042507170,-0.0255032400,0.0216829700,0.1970236000,0.9801589000,-0.0096528630,-0.0020486760,-0.0262315400,0.0167085700,0.1846488000,0.9826626000,0.0000000000,,
19.4666700000,3966528,True,1.0000000000,4.4219510000,-0.0312709400,-0.0007269898,-0.0266012300,0.0205690200,0.1698623000,0.9852532000,True,1.0000000000,4.7085880000,0.0333617300,-0.0039885100,-0.0255333400,0.0290681400,0.1922464000,0.9809161000,-0.0084629220,-0.0018779300,-0.0262243800,0.0235750100,0.1777815000,0.9837875000,0.0000000000,,
19.4833300000,3966536,True,1.0000000000,4.4056850000,-0.0312771200,-0.0005078125,-0.0266147900,0.0118867400,0.1647511000,0.9862635000,True,1.0000000000,4.6173550000,0.0333459600,-0.0037327430,-0.0255638800,0.0222931400,0.1930851000,0.9809287000,-0.0078173530,-0.0016785430,-0.0262332800,0.0156709600,0.1750661000,0.9844320000,0.0000000000,,
19.4833300000,3966544,True,1.0000000000,4.3660890000,-0.0312825600,-0.0002989197,-0.0266561300,0.0139160800,0.1775520000,0.9840130000,True,1.0000000000,4.9938960000,0.0334596000,-0.0048076020,-0.0260275400,-0.0031281100,0.5115146000,0.8592688000,-0.0246363100,-0.0007617646,-0.0265916000,0.0122377000,0.2130915000,0.9769556000,0.0000000000,,
19.5000000000,3966553,True,1.0000000000,4.4273530000,-0.0313203900,-0.0000860291,-0.0266573800,0.0219117300,0.1683815000,0.9854783000,True,1.0000000000,4.4398500000,0.0328003400,-0.0020130160,-0.0253224200,0.1395130000,-0.0771342400,0.9872114000,-0.0249269000,-0.0002781677,-0.0265242800,0.0337527500,0.1443800000,0.9889465000,0.0000000000,,
19.5000000000,3966561,True,1.0000000000,4.4133910000,-0.0313524800,0.0001675568,-0.0266852100,0.0215304500,0.1673913000,0.9856554000,True,1.0000000000,5.0453640000,0.0334087800,-0.0041842500,-0.0261193600,-0.0058289200,0.5128839000,0.8584382000,-0.0306382600,0.0001195526,-0.0266789700,0.0212405600,0.1713283000,0.9849850000,0.0000000000,,
19.5166700000,3966569,True,1.0000000000,4.3172150000,-0.0313738100,0.0004190827,-0.0267095000,0.0176545400,0.1635295000,0.9863805000,True,1.0000000000,4.6982730000,0.0332644100,-0.0025283050,-0.0257591300,0.0282594800,0.1839155000,0.9825358000,-0.0308751200,0.0003963471,-0.0267021800,0.0177461500,0.1636827000,0.9863535000,0.0000000000,StartTrial_baseline_t0_mag0.8_rad0,
19.5166700000,3966578,True,1.0000000000,4.3606260000,-0.0314216900,0.0006709595,-0.0267328400,0.0187685100,0.1603106000,0.9868882000,True,1.0000000000,5.0679020000,0.0332699900,-0.0034792790,-0.0262364500,0.0110931900,0.4904962000,0.8713727000,-0.0313433100,0.0006659241,-0.0267322400,0.0187531500,0.1607217000,0.9868216000,0.0000000000,,
19.5333300000,3966586,True,1.0000000000,4.7141270000,-0.0318808900,-0.0005122375,-0.0272012700,0.1072706000,0.5027983000,0.8577219000,True,1.0000000000,4.7430570000,0.0331668400,-0.0018033140,-0.0258934900,0.0213318900,0.1610573000,0.9867145000,-0.0314580900,-0.0005206299,-0.0271927700,0.1067666000,0.5007974000,0.8589545000,0.0000000000,,
19.5333300000,3966594,True,1.0000000000,4.8254550000,-0.0319470800,-0.0002608795,-0.0272343900,0.1086441000,0.4961161000,0.8614321000,True,1.0000000000,5.0216220000,0.0332185800,-0.0028195950,-0.0264219200,-0.0042572790,0.4878628000,0.8729100000,-0.0306556100,-0.0003115845,-0.0272182900,0.1064167000,0.4960110000,0.8617706000,0.0000000000,,
19.5500000000,3966603,True,1.0000000000,4.8147280000,-0.0319699600,-0.0000442352,-0.0272623400,0.1024038000,0.4879860000,0.8668236000,True,1.0000000000,4.9785310000,0.0331456200,-0.0024699250,-0.0265282600,0.0048981190,0.4749802000,0.8799829000,-0.0282701700,-0.0001820526,-0.0272206400,0.0968801200,0.4873761000,0.8678011000,0.0000000000,,
19.5500000000,3966611,True,1.0000000000,4.7017210000,-0.0319937100,0.0001365051,-0.0273126800,0.0977797800,0.4898602000,0.8663002000,True,1.0000000000,5.0093840000,0.0331439700,-0.0022265630,-0.0266071800,0.0022736000,0.4646078000,0.8855137000,-0.0231520900,-0.0001842346,-0.0272169200,0.0848705800,0.4867164000,0.8694274000,0.0000000000,,
19.5666700000,3966619,True,1.0000000000,4.6424710000,-0.0320150600,0.0002922363,-0.0273546800,0.0981910800,0.4900856000,0.8661262000,True,1.0000000000,-1.0000000000,0.0323595300,-0.0036477970,-0.0273077200,0.0000000000,0.0000000000,0.0000000000,-0.0320150600,0.0002922363,-0.0273546800,0.0981910800,0.4900856000,0.8661262000,0.0000000000,,
19.5666700000,3966628,True,1.0000000000,4.7307740000,-0.0320487700,0.0003776245,-0.0273748300,0.0980691700,0.4907273000,0.8657767000,True,1.0000000000,4.6714630000,0.0329633500,-0.0005293732,-0.0263119400,0.0225983100,0.1288149000,0.9914111000,-0.0294698800,0.0003416443,-0.0273326700,0.0953532800,0.4777582000,0.8733011000,0.0000000000,,
19.5833300000,3966636,True,1.0000000000,4.7195890000,-0.0320828000,0.0004398956,-0.0273875700,0.1040965000,0.4895374000,0.8657466000,True,1.0000000000,4.9465480000,0.0334509900,-0.0018174440,-0.0267293400,-0.0845808300,0.4631270000,0.8822469000,-0.0270297200,0.0002658386,-0.0273368100,0.0896615700,0.4881490000,0.8681425000,0.0000000000,,
19.5833300000,3966644,True,1.0000000000,4.6521610000,-0.0321075100,0.0004613495,-0.0273911000,0.1055461000,0.4884694000,0.8661742000,True,1.0000000000,4.5666660000,0.0329366800,-0.0004489594,-0.0262432600,0.0216525400,0.1275806000,0.9915918000,-0.0309322700,0.0004449005,-0.0273703600,0.1041732000,0.4825964000,0.8696256000,0.0000000000,,
19.6000000000,3966653,True,1.0000000000,4.7202610000,-0.0321118600,0.0004565888,-0.0273894700,0.1049663000,0.4889729000,0.8659605000,True,1.0000000000,4.9345860000,0.0330049500,-0.0018516080,-0.0266515800,0.0018158160,0.4709066000,0.8821812000,-0.0314917000,0.0004346009,-0.0273824500,0.1039902000,0.4888227000,0.8661630000,0.0000000000,,
19.6000000000,3966661,True,1.0000000000,4.7884830000,-0.0321162300,0.0004518128,-0.0273881700,0.1043711000,0.4895066000,0.8657309000,True,1.0000000000,4.9996490000,0.0329925100,-0.0018952030,-0.0266478000,-0.0001678485,0.4769491000,0.8789309000,-0.0319316400,0.0004451599,-0.0273860800,0.1040818000,0.4894788000,0.8657814000,0.0000000000,,
19.6166700000,3966669,True,1.0000000000,4.6775970000,-0.0321123800,0.0003630524,-0.0273554400,0.0941016100,0.4876438000,0.8679565000,True,1.0000000000,4.9980620000,0.0329984000,-0.0019449160,-0.0266307700,-0.0044556190,0.4789180000,0.8778484000,-0.0309607100,0.0003222199,-0.0273426200,0.0923629900,0.4875264000,0.8682091000,0.0000000000,,
19.6166700000,3966678,True,1.0000000000,4.7040710000,-0.0321038200,0.0003080902,-0.0273429700,0.0964214800,0.4888366000,0.8670303000,True,1.0000000000,5.0577090000,0.0330007600,-0.0020007480,-0.0266182900,-0.0139772100,0.4835718000,0.8751931000,-0.0304728100,0.0002502442,-0.0273248100,0.0936597200,0.4887762000,0.8673671000,0.0000000000,,
19.6333400000,3966686,True,1.0000000000,4.8026430000,-0.0320865200,0.0002640991,-0.0273284600,0.0967414500,0.4890784000,0.8668584000,True,1.0000000000,5.0639800000,0.0330218500,-0.0021155090,-0.0265521900,-0.0051117430,0.4783829000,0.8781365000,-0.0304949500,0.0002059326,-0.0273094800,0.0942697300,0.4888812000,0.8672419000,0.0000000000,,
19.6333400000,3966694,True,1.0000000000,4.7487030000,-0.0320569300,0.0002002716,-0.0273185100,0.0939955300,0.4910046000,0.8660712000,True,1.0000000000,4.9494170000,0.0330337500,-0.0021658630,-0.0265673700,-0.0152742900,0.4882736000,0.8725569000,-0.0306611800,0.0001495361,-0.0273024000,0.0916607000,0.4910187000,0.8663134000,0.0000000000,,
19.6500000000,3966703,True,1.0000000000,4.7911380000,-0.0320382600,0.0001347046,-0.0273141000,0.0908063600,0.4962535000,0.8634157000,True,1.0000000000,5.0428920000,0.0334267000,-0.0022660520,-0.0265511800,-0.0879826200,0.4930445000,0.8655439000,-0.0239498900,-0.0001619110,-0.0272198500,0.0688331600,0.4967096000,0.8651829000,0.0000000000,,
19.6500000000,3966711,True,1.0000000000,4.7898860000,-0.0320136100,0.0000781403,-0.0273062600,0.0893262000,0.4984811000,0.8622862000,True,1.0000000000,5.0814210000,0.0330465700,-0.0023591160,-0.0264866500,-0.0000152590,0.4913693000,0.8709514000,-0.0180564300,-0.0004447174,-0.0271304300,0.0702064000,0.4972890000,0.8647397000,0.0000000000,,
19.6666700000,3966719,True,1.0000000000,4.7969510000,-0.0320076500,0.0000042114,-0.0272800200,0.0849316800,0.4951398000,0.8646520000,True,1.0000000000,4.6941830000,0.0330097800,-0.0010789640,-0.0260268700,0.0143280800,0.1663217000,0.9859675000,-0.0290631100,-0.0000448303,-0.0272232700,0.0819556900,0.4815717000,0.8725663000,0.0000000000,,
19.6666700000,3966728,True,1.0000000000,4.8691250000,-0.0320080300,-0.0000961456,-0.0272587300,0.0790868200,0.4967836000,0.8642634000,True,1.0000000000,5.0954280000,0.0330795600,-0.0025348360,-0.0263743300,-0.0000457770,0.4890052000,0.8722808000,-0.0269204300,-0.0002867584,-0.0271896100,0.0729074900,0.4962837000,0.8650936000,0.0000000000,,
19.6833300000,3966736,True,1.0000000000,4.8286900000,-0.0320108500,-0.0001866303,-0.0272473500,0.0823065500,0.4995919000,0.8623419000,True,1.0000000000,4.6126100000,0.0330960400,-0.0013046110,-0.0259401000,0.0222170300,0.1703509000,0.9851329000,-0.0313382900,-0.0001981812,-0.0272338400,0.0817420300,0.4965100000,0.8641737000,0.0000000000,,
19.6833300000,3966744,True,1.0000000000,4.3800510000,-0.0315978600,0.0011310120,-0.0267961000,-0.0019073750,0.1607230000,0.9869977000,True,1.0000000000,5.1009220000,0.0332303300,-0.0028425450,-0.0263198600,-0.0096132370,0.5128891000,0.8584011000,-0.0287481100,0.0009563294,-0.0267751600,-0.0022583110,0.1767281000,0.9842572000,0.0000000000,,
19.7000000000,3966753,True,1.0000000000,4.5183260000,-0.0315558200,0.0010834500,-0.0267695300,-0.0136109700,0.1570450000,0.9874976000,True,1.0000000000,5.1543270000,0.0337178200,-0.0028981170,-0.0262990000,-0.0956431700,0.4955347000,0.8633062000,-0.0071857460,-0.0004030609,-0.0265938600,-0.0449682700,0.2880594000,0.9565561000,0.0000000000,,
19.7000000000,3966761,True,1.0000000000,4.4497830000,-0.0315442700,0.0010398250,-0.0267518600,-0.0061951680,0.1535974000,0.9881141000,True,1.0000000000,4.8964540000,0.0334169800,-0.0015866390,-0.0258710200,0.0004730277,0.1777211000,0.9840808000,0.0045690770,-0.0004202728,-0.0262621900,-0.0024719320,0.1670233000,0.9859499000,0.0000000000,,
19.7166700000,3966769,True,1.0000000000,5.2816770000,-0.0319288500,-0.0003291168,-0.0272741100,0.0719152900,0.5450181000,0.8353343000,True,1.0000000000,5.4654540000,0.0333479800,-0.0026820370,-0.0263202700,0.0442508300,0.4885903000,0.8713905000,0.0096797650,-0.0018289190,-0.0266661100,0.0543067900,0.5093608000,0.8588378000,0.0000000000,,
19.7166700000,3966778,True,0.6871008000,-1.0000000000,-0.0314986600,0.0012161870,-0.0266422600,0.0000000000,0.0000000000,0.0000000000,True,0.9082794000,4.4594570000,0.0328621500,-0.0026384280,-0.0260973200,0.1685052000,0.3725638000,0.9125800000,0.0328621500,-0.0026384280,-0.0260973200,0.1685052000,0.3725638000,0.9125800000,0.0000000000,,
19.7333300000,3966786,True,0.6871008000,-1.0000000000,-0.0317398400,-0.0004088898,-0.0265892900,0.0000000000,0.0000000000,0.0000000000,True,0.9082794000,2.6266330000,0.0328682300,-0.0043518520,-0.0261422000,0.0903479000,0.5048252000,0.8584805000,0.0328682300,-0.0043518520,-0.0261422000,0.0903479000,0.5048252000,0.8584805000,0.0000000000,,
19.7333300000,3966794,True,0.4406601000,-1.0000000000,-0.0308882800,-0.0011513980,-0.0263210800,0.0000000000,0.0000000000,0.0000000000,True,0.4747043000,6.0173800000,0.0332442900,-0.0058821720,-0.0262781500,0.1728388000,0.6012660000,0.7801321000,0.0332442900,-0.0058821720,-0.0262781500,0.1728388000,0.6012660000,0.7801321000,0.0000000000,,
19.7500000000,3966803,True,0.4406601000,-1.0000000000,-0.0307262100,-0.0012524570,-0.0266142600,0.0000000000,0.0000000000,0.0000000000,True,0.4747043000,4.3457950000,0.0327536800,-0.0036927030,-0.0253339700,0.2317076000,0.0235446000,0.9725005000,0.0327536800,-0.0036927030,-0.0253339700,0.2317076000,0.0235446000,0.9725005000,0.0000000000,,
19.7500000000,3966811,True,0.0000000000,-1.0000000000,-0.0309787800,-0.0028154600,-0.0267343500,0.0000000000,0.0000000000,0.0000000000,True,0.1435740000,3.5882260000,0.0327606400,-0.0046224670,-0.0258761600,0.2209794000,0.1249094000,0.9672465000,0.0327606400,-0.0046224670,-0.0258761600,0.2209794000,0.1249094000,0.9672465000,0.0000000000,,
19.7666700000,3966819,True,0.0000000000,-1.0000000000,-0.0313450200,-0.0019859930,-0.0265637100,0.0000000000,0.0000000000,0.0000000000,True,0.1435740000,4.9155430000,0.0328069200,-0.0046437380,-0.0257665600,0.2061031000,0.2902564000,0.9344906000,0.0328069200,-0.0046437380,-0.0257665600,0.2061031000,0.2902564000,0.9344906000,0.0000000000,,
19.7666700000,3966828,True,0.0000000000,-1.0000000000,-0.0315474300,0.0033941800,-0.0440812100,0.0000000000,0.0000000000,0.0000000000,True,0.0307128300,3.9447330000,0.0327764500,-0.0037371520,-0.0290871100,0.0938419700,0.1090398000,0.9895979000,0.0327764500,-0.0037371520,-0.0290871100,0.0938419700,0.1090398000,0.9895979000,0.0000000000,,
19.7833300000,3966836,True,0.0000000000,-1.0000000000,-0.0314908800,0.0021462860,-0.0368784400,0.0000000000,0.0000000000,0.0000000000,True,0.0307128300,3.2253270000,0.0332209800,-0.0021835630,-0.0252611700,0.1656820000,-0.1040052000,0.9806796000,0.0332209800,-0.0021835630,-0.0252611700,0.1656820000,-0.1040052000,0.9806796000,0.0000000000,,
19.7833300000,3966844,True,0.0000000000,-1.0000000000,-0.0311103100,0.0004446411,-0.0264603600,0.0000000000,0.0000000000,0.0000000000,True,0.2131749000,4.1179050000,0.0335347200,-0.0032322850,-0.0260832500,0.1562354000,0.3863694000,0.9090155000,0.0335347200,-0.0032322850,-0.0260832500,0.1562354000,0.3863694000,0.9090155000,0.0000000000,,
19.8000000000,3966853,True,0.0000000000,-1.0000000000,-0.0310109700,0.0002841797,-0.0266127200,0.0000000000,0.0000000000,0.0000000000,True,0.2131749000,4.7030790000,0.0337394900,-0.0035047920,-0.0261680100,0.1318372000,0.4501998000,0.8831416000,0.0337394900,-0.0035047920,-0.0261680100,0.1318372000,0.4501998000,0.8831416000,0.0000000000,,
19.8000000000,3966861,True,0.3256900000,4.6474300000,-0.0309156300,0.0001282196,-0.0266690500,0.0596470100,0.1442728000,0.9877387000,True,0.4304568000,5.1947330000,0.0331803000,-0.0034645690,-0.0261781000,0.2442493000,0.4687079000,0.8489141000,0.0331803000,-0.0034645690,-0.0261781000,0.2442493000,0.4687079000,0.8489141000,0.0000000000,,
19.8166700000,3966869,True,0.3256900000,4.6373290000,-0.0308695200,-0.0000724793,-0.0266709000,0.0486758200,0.1543130000,0.9868222000,True,0.4304568000,4.7149660000,0.0338740100,-0.0023372500,-0.0257337200,0.0823376700,0.1625391000,0.9832607000,0.0338740100,-0.0023372500,-0.0257337200,0.0823376700,0.1625391000,0.9832607000,0.0000000000,,
19.8166700000,3966878,True,0.5463552000,4.5139770000,-0.0308411400,-0.0002591553,-0.0266308400,0.0490574300,0.1334087000,0.9898462000,True,0.5826050000,4.8054810000,0.0338629000,-0.0025675200,-0.0256462300,0.0918897500,0.1345845000,0.9866323000,0.0338629000,-0.0025675200,-0.0256462300,0.0918897500,0.1345845000,0.9866323000,0.0000000000,,
19.8333300000,3966886,True,0.5463552000,4.4738920000,-0.0308421300,-0.0004475403,-0.0266064800,0.0477753700,0.1317599000,0.9901297000,True,0.5826050000,4.8086700000,0.0339022500,-0.0027484130,-0.0256740300,0.0757608600,0.1600057000,0.9842045000,0.0339022500,-0.0027484130,-0.0256740300,0.0757608600,0.1600057000,0.9842045000,0.0000000000,,
19.8333300000,3966894,True,0.7817533000,4.4600220000,-0.0308056300,-0.0006044006,-0.0266057300,0.0452428500,0.1346146000,0.9898646000,True,0.7421204000,4.7747190000,0.0338686700,-0.0029159090,-0.0256447000,0.0840462700,0.1612260000,0.9833323000,0.0338686700,-0.0029159090,-0.0256447000,0.0840462700,0.1612260000,0.9833323000,0.0000000000,,
19.8500000000,3966903,True,0.7817533000,4.3930050000,-0.0308196100,-0.0007640686,-0.0265810100,0.0519569700,0.1306478000,0.9900665000,True,0.7421204000,4.7855830000,0.0338953400,-0.0030977780,-0.0256461700,0.0732729700,0.1705329000,0.9826239000,0.0338953400,-0.0030977780,-0.0256461700,0.0732729700,0.1705329000,0.9826239000,0.0000000000,,
19.8500000000,3966911,True,0.9666464000,4.5308990000,-0.0308235600,-0.0009038391,-0.0265790300,0.0594645000,0.1315940000,0.9895186000,True,0.8652208000,4.7365260000,0.0338661800,-0.0032649540,-0.0256138900,0.0759284200,0.1587234000,0.9843992000,0.0338661800,-0.0032649540,-0.0256138900,0.0759284200,0.1587234000,0.9843992000,0.0000000000,,
19.8666700000,3966919,True,0.9666464000,4.5487370000,-0.0308331900,-0.0010494230,-0.0265587200,0.0533297800,0.1308601000,0.9899654000,True,0.8652208000,4.8638920000,0.0338590700,-0.0034363400,-0.0255963900,0.0768129900,0.1531224000,0.9852174000,-0.0302808100,-0.0010698090,-0.0265505100,0.0535286100,0.1310596000,0.9899284000,0.0000000000,,
19.8666700000,3966928,True,1.0000000000,4.4660340000,-0.0308511200,-0.0012100370,-0.0264984300,0.0553895800,0.1320958000,0.9896882000,True,1.0000000000,4.7505950000,0.0338215300,-0.0035806580,-0.0255984200,0.0827945200,0.1556708000,0.9843331000,-0.0292048700,-0.0012703860,-0.0264755300,0.0560916500,0.1326912000,0.9895690000,0.0000000000,,
19.8833400000,3966936,True,1.0000000000,4.5337070000,-0.0308763400,-0.0015877840,-0.0258105300,0.0579837100,0.1342628000,0.9892479000,True,1.0000000000,4.7287290000,0.0338174100,-0.0037256930,-0.0256027200,0.0762638700,0.1586771000,0.9843807000,0.0196275500,-0.0032567600,-0.0256483000,0.0722510700,0.1533371000,0.9855291000,0.0000000000,,
19.8833400000,3966944,True,1.0000000000,4.5850520000,-0.0308980600,-0.0018524480,-0.0255452400,0.0556191400,0.1357443000,0.9891815000,True,1.0000000000,4.7651980000,0.0337596800,-0.0039013370,-0.0255807000,0.0743874200,0.1462571000,0.9864458000,0.0337277700,-0.0039003300,-0.0255806700,0.0743722400,0.1462573000,0.9864469000,0.0000000000,,
19.9000000000,3966953,True,1.0000000000,4.5769200000,-0.0309323300,-0.0021100160,-0.0252681300,0.0563662900,0.1407479000,0.9884396000,True,1.0000000000,4.7725980000,0.0337734900,-0.0041114200,-0.0255694300,0.0636754600,0.1442120000,0.9874960000,0.0337731900,-0.0041114050,-0.0255694300,0.0636754600,0.1442120000,0.9874960000,0.0000000000,,
19.9000000000,3966961,True,1.0000000000,4.3810270000,-0.0309554000,-0.0022101140,-0.0253846100,0.0569920200,0.1429302000,0.9880905000,True,1.0000000000,4.6506810000,0.0337722800,-0.0042524110,-0.0255793900,0.0682231300,0.1506066000,0.9862369000,0.0337722600,-0.0042524110,-0.0255793900,0.0682231300,0.1506066000,0.9862369000,0.0000000000,,
19.9166700000,3966969,True,1.0000000000,4.4761960000,-0.0309609700,-0.0023254240,-0.0253605700,0.0547182700,0.1406562000,0.9885452000,True,1.0000000000,4.7234800000,0.0337780900,-0.0043602140,-0.0255701300,0.0684974900,0.1585864000,0.9849662000,0.0337780800,-0.0043602140,-0.0255701300,0.0684974900,0.1585864000,0.9849662000,0.0000000000,,
19.9166700000,3966978,True,1.0000000000,4.4476930000,-0.0309560600,-0.0023798370,-0.0253988800,0.0598450900,0.1313021000,0.9895344000,True,1.0000000000,4.8030700000,0.0337841800,-0.0044223480,-0.0255561800,0.0709233700,0.1505138000,0.9860606000,0.0337841700,-0.0044223480,-0.0255561800,0.0709233700,0.1505138000,0.9860606000,0.0000000000,,
19.9333300000,3966986,True,1.0000000000,4.5375670000,-0.0309516000,-0.0024692990,-0.0253336700,0.0575259300,0.1278998000,0.9901174000,True,1.0000000000,4.7994840000,0.0337757100,-0.0044681400,-0.0255827200,0.0721286500,0.1500557000,0.9860430000,0.0337756400,-0.0044681400,-0.0255827200,0.0721286500,0.1500557000,0.9860430000,0.0000000000,,
19.9333300000,3966994,True,1.0000000000,4.5768890000,-0.0309173600,-0.0026325230,-0.0250717600,0.0618137200,0.1283730000,0.9897977000,True,1.0000000000,4.7908780000,0.0337925100,-0.0044993600,-0.0255887600,0.0700999900,0.1509424000,0.9860539000,0.0337917800,-0.0044993290,-0.0255887600,0.0700999900,0.1509424000,0.9860539000,0.0000000000,,
19.9500000000,3967003,True,1.0000000000,4.5656590000,-0.0308456900,-0.0026484830,-0.0252000900,0.0525673900,0.1236135000,0.9909372000,True,1.0000000000,4.8644870000,0.0338199200,-0.0045391850,-0.0255392200,0.0784770000,0.1387653000,0.9872110000,0.0337833900,-0.0045381170,-0.0255390300,0.0784618300,0.1387654000,0.9872122000,0.0000000000,,
19.9500000000,3967011,True,1.0000000000,4.6517330000,-0.0308301400,-0.0027851870,-0.0249178200,0.0532841200,0.1282969000,0.9903033000,True,1.0000000000,4.8032840000,0.0338916600,-0.0045365450,-0.0255509800,0.0716251700,0.1426858000,0.9871731000,0.0328014400,-0.0045070350,-0.0255403100,0.0713197400,0.1424411000,0.9872305000,0.0000000000,,
19.9666700000,3967019,True,1.0000000000,4.4735570000,-0.0307992100,-0.0028683620,-0.0248392700,0.0596317400,0.1293954000,0.9897984000,True,1.0000000000,4.8291780000,0.0339098400,-0.0045358120,-0.0255947300,0.0740513300,0.1458444000,0.9865322000,0.0330707200,-0.0045141910,-0.0255849300,0.0738681900,0.1456307000,0.9865775000,0.0000000000,,
19.9666700000,3967028,True,1.0000000000,4.5701290000,-0.0307653800,-0.0029689180,-0.0246406600,0.0586400800,0.1288922000,0.9899233000,True,1.0000000000,4.8210600000,0.0339357300,-0.0044936220,-0.0256190200,0.0702825000,0.1403666000,0.9876019000,0.0336835000,-0.0044876860,-0.0256152100,0.0702374100,0.1403222000,0.9876114000,0.0000000000,,
19.9833300000,3967036,True,1.0000000000,4.6428530000,-0.0307123900,-0.0030061950,-0.0245956900,0.0530244900,0.1347509000,0.9894598000,True,1.0000000000,4.8211820000,0.0339676100,-0.0044376680,-0.0256020400,0.0771186400,0.1440138000,0.9865661000,0.0339001000,-0.0044361730,-0.0256009800,0.0770883000,0.1440141000,0.9865685000,0.0000000000,,
19.9833300000,3967044,True,1.0000000000,4.5301970000,-0.0306714200,-0.0029989020,-0.0246754200,0.0535439000,0.1333333000,0.9896238000,True,1.0000000000,4.6972200000,0.0340450300,-0.0043870550,-0.0255836700,0.0707857900,0.1434332000,0.9871253000,0.0339930600,-0.0043859410,-0.0255829300,0.0707706100,0.1434333000,0.9871264000,0.0000000000,,
20.0000000000,3967053,True,1.0000000000,4.5789640000,-0.0306294900,-0.0030830230,-0.0245510300,0.0501404600,0.1392672000,0.9889846000,True,1.0000000000,4.7353210000,0.0340958400,-0.0043726350,-0.0255889100,0.0659643200,0.1457837000,0.9871149000,0.0340320100,-0.0043713690,-0.0255878900,0.0659492800,0.1457690000,0.9871181000,0.0000000000,,
20.0000000000,3967061,True,1.0000000000,4.5012660000,-0.0305714600,-0.0030672910,-0.0247659800,0.0506595100,0.1356363000,0.9894627000,True,1.0000000000,4.7577210000,0.0341405900,-0.0043747870,-0.0255779900,0.0683148100,0.1376977000,0.9881155000,0.0338780200,-0.0043694920,-0.0255746900,0.0682530300,0.1376962000,0.9881201000,0.0000000000,,
20.0166700000,3967069,True,1.0000000000,4.4939420000,-0.0304649700,-0.0030809630,-0.0249857000,0.0587468100,0.1300212000,0.9897693000,True,1.0000000000,4.7472380000,0.0342455900,-0.0044185950,-0.0255805500,0.0661631400,0.1361258000,0.9884797000,0.0333491700,-0.0044000700,-0.0255723100,0.0660554800,0.1360478000,0.9884977000,0.0000000000,,
20.0166700000,3967078,True,1.0000000000,4.5013890000,-0.0303849400,-0.0034797670,-0.0238859000,0.0741886500,0.1303871000,0.9886836000,True,1.0000000000,4.8227230000,0.0343790000,-0.0044575350,-0.0256059100,0.0735017400,0.1414340000,0.9872153000,0.0342306500,-0.0044552920,-0.0256019800,0.0735020600,0.1414041000,0.9872195000,0.0000000000,,
20.0333300000,3967086,True,1.0000000000,4.6735840000,-0.0301891300,-0.0035088050,-0.0241388600,0.0666513700,0.1433432000,0.9874261000,True,1.0000000000,4.7889710000,0.0345450300,-0.0045359350,-0.0256236700,0.0691683900,0.1436926000,0.9872022000,0.0344372100,-0.0045342260,-0.0256211900,0.0691532000,0.1436928000,0.9872032000,0.0000000000,,
20.0333300000,3967094,True,1.0000000000,4.5427860000,-0.0300094000,-0.0035674440,-0.0242221800,0.0578160300,0.1355449000,0.9890828000,True,1.0000000000,4.7691040000,0.0347143000,-0.0045979310,-0.0256451900,0.0738537200,0.1426414000,0.9870152000,0.0346625400,-0.0045971070,-0.0256440400,0.0738526000,0.1426393000,0.9870156000,0.0000000000,,
20.0500000000,3967103,True,1.0000000000,4.5282750000,-0.0298432500,-0.0036163640,-0.0243109600,0.0512856000,0.1356680000,0.9894261000,True,1.0000000000,4.7363130000,0.0348692200,-0.0046661380,-0.0256751900,0.0640721100,0.1509868000,0.9864572000,0.0348147300,-0.0046652530,-0.0256740400,0.0640569100,0.1509869000,0.9864581000,0.0000000000,,
20.0500000000,3967111,True,1.0000000000,4.5945280000,-0.0297145900,-0.0037274940,-0.0242016100,0.0485995400,0.1253060000,0.9909271000,True,1.0000000000,4.9143830000,0.0349885100,-0.0047137450,-0.0256983700,0.0785220000,0.1520544000,0.9852481000,0.0349442900,-0.0047130740,-0.0256973300,0.0785070100,0.1520396000,0.9852515000,0.0000000000,,
20.0666700000,3967119,True,1.0000000000,4.7096100000,-0.0296322000,-0.0038280640,-0.0241390700,0.0534976400,0.1458444000,0.9878600000,True,1.0000000000,4.9137730000,0.0350356800,-0.0047610630,-0.0257059200,0.0785227200,0.1634237000,0.9834261000,0.0349907100,-0.0047604220,-0.0257048200,0.0785075600,0.1634239000,0.9834273000,0.0000000000,,
20.0666700000,3967128,True,1.0000000000,4.6518250000,-0.0295647600,-0.0039593350,-0.0239493100,0.0434881700,0.1456015000,0.9883870000,True,1.0000000000,4.9498750000,0.0350740200,-0.0047632450,-0.0257193900,0.0661777600,0.1779186000,0.9818174000,0.0349971300,-0.0047622840,-0.0257172900,0.0661479200,0.1778746000,0.9818274000,0.0000000000,,
20.0666700000,3967136,True,1.0000000000,4.6713870000,-0.0294948000,-0.0040965120,-0.0237639900,0.0418707500,0.1682917000,0.9848475000,True,1.0000000000,4.7958220000,0.0351440000,-0.0047262120,-0.0257330800,0.0509033900,0.1801760000,0.9823164000,0.0350598500,-0.0047253880,-0.0257305100,0.0508883100,0.1801614000,0.9823198000,0.0000000000,,
20.0833300000,3967144,True,1.0000000000,4.7151180000,-0.0294328200,-0.0041750490,-0.0237433200,0.0342408900,0.1822519000,0.9826555000,True,1.0000000000,4.9204560000,0.0351890400,-0.0047260440,-0.0257547600,0.0476533000,0.1961369000,0.9794179000,0.0349633700,-0.0047241210,-0.0257477400,0.0476080500,0.1960933000,0.9794288000,0.0000000000,,
20.1000000000,3967153,True,1.0000000000,4.7023620000,-0.0293750900,-0.0043163000,-0.0236203900,0.0331880700,0.1866619000,0.9818634000,True,1.0000000000,4.8817750000,0.0352448300,-0.0048124700,-0.0257738700,0.0434882500,0.2038149000,0.9780431000,0.0346295000,-0.0048077550,-0.0257533700,0.0433962700,0.2036604000,0.9780794000,0.0000000000,,
20.1000000000,3967161,True,1.0000000000,4.6750490000,-0.0293386700,-0.0045167700,-0.0233684900,0.0330661600,0.1982444000,0.9795947000,True,1.0000000000,4.9152980000,0.0353049900,-0.0049046790,-0.0257722000,0.0483860900,0.1978931000,0.9790286000,0.0351980800,-0.0049040380,-0.0257682200,0.0483708600,0.1978933000,0.9790294000,0.0000000000,,
20.1166700000,3967169,True,1.0000000000,4.5791930000,-0.0293216400,-0.0045543220,-0.0235178200,0.0345002700,0.1892250000,0.9813275000,True,1.0000000000,4.9112850000,0.0353757000,-0.0050024870,-0.0257989800,0.0490878600,0.2086043000,0.9767674000,0.0353266600,-0.0050021520,-0.0257972400,0.0490727900,0.2085899000,0.9767713000,0.0000000000,,
20.1166700000,3967178,True,1.0000000000,4.5843810000,-0.0292647100,-0.0046928560,-0.0233847100,0.0329441000,0.1905692000,0.9811208000,True,1.0000000000,4.9716030000,0.0354190100,-0.0051070410,-0.0257799100,0.0489508000,0.1888451000,0.9807861000,0.0353723900,-0.0051067360,-0.0257781800,0.0489355800,0.1888452000,0.9807868000,0.0000000000,,
20.1333400000,3967186,True,1.0000000000,4.5654450000,-0.0292043600,-0.0047951820,-0.0233138600,0.0307467000,0.1843276000,0.9823838000,True,1.0000000000,4.8452610000,0.0354616600,-0.0051890110,-0.0257726500,0.0449530600,0.1884793000,0.9810477000,0.0353782400,-0.0051885070,-0.0257694700,0.0449371600,0.1884767000,0.9810491000,0.0000000000,,
20.1333400000,3967194,True,1.0000000000,4.6783750000,-0.0291279500,-0.0049335790,-0.0231661500,0.0345311800,0.1842680000,0.9822692000,True,1.0000000000,4.9959870000,0.0355196600,-0.0052827610,-0.0257845900,0.0352478700,0.1994175000,0.9792805000,0.0354026800,-0.0052821200,-0.0257798500,0.0352480900,0.1993882000,0.9792864000,0.0000000000,,
20.1500000000,3967203,True,1.0000000000,4.6501460000,-0.0291015000,-0.0050446930,-0.0229773300,0.0337373400,0.1862497000,0.9819230000,True,1.0000000000,4.8924870000,0.0355763600,-0.0053478090,-0.0257979700,0.0300145000,0.2071718000,0.9778441000,0.0354355900,-0.0053471530,-0.0257918300,0.0300143400,0.2071249000,0.9778540000,0.0000000000,,
20.1500000000,3967211,True,1.0000000000,4.7115170000,-0.0290877500,-0.0050949400,-0.0229558000,0.0358889000,0.1926434000,0.9806123000,True,1.0000000000,4.9001010000,0.0355906400,-0.0054119880,-0.0257783500,0.0330507200,0.1982738000,0.9795893000,0.0353906900,-0.0054110110,-0.0257696200,0.0330508200,0.1982592000,0.9795922000,0.0000000000,,
20.1666700000,3967219,True,1.0000000000,4.6817780000,-0.0291091900,-0.0050933380,-0.0229362700,0.0319371600,0.1915009000,0.9809727000,True,1.0000000000,4.8596500000,0.0355824800,-0.0054400030,-0.0257673800,0.0288700800,0.1992524000,0.9795229000,0.0354274100,-0.0054391640,-0.0257606100,0.0288849900,0.1992347000,0.9795260000,0.0000000000,,
20.1666700000,3967228,True,1.0000000000,4.6938480000,-0.0291358200,-0.0050415500,-0.0230076600,0.0277711700,0.1895306000,0.9814820000,True,1.0000000000,4.8282780000,0.0355168600,-0.0053901220,-0.0257461600,0.0354313900,0.1960018000,0.9799632000,0.0352612800,-0.0053887480,-0.0257353400,0.0354004800,0.1959844000,0.9799678000,0.0000000000,,
20.1833300000,3967236,True,1.0000000000,4.6579440000,-0.0292475300,-0.0047394410,-0.0236316500,0.0193941500,0.1825888000,0.9829981000,True,1.0000000000,4.8952940000,0.0354235100,-0.0053367470,-0.0257245300,0.0326389000,0.1920339000,0.9808454000,0.0351618800,-0.0053343350,-0.0257160700,0.0325776300,0.1920020000,0.9808537000,0.0000000000,,
20.1833300000,3967244,True,1.0000000000,4.5725250000,-0.0293581600,-0.0045618590,-0.0238049300,0.0170288200,0.1789857000,0.9837043000,True,1.0000000000,4.7343290000,0.0353178100,-0.0052463990,-0.0256988100,0.0419009000,0.1826183000,0.9822906000,0.0352440200,-0.0052456210,-0.0256966600,0.0418704300,0.1826185000,0.9822919000,0.0000000000,,
20.2000000000,3967253,True,1.0000000000,4.7680820000,-0.0295098400,-0.0046598210,-0.0231868100,0.0284426500,0.1912249000,0.9811341000,True,1.0000000000,4.9498440000,0.0352189400,-0.0051431280,-0.0257404700,0.0340733900,0.2014954000,0.9788967000,0.0350637700,-0.0051419680,-0.0257343500,0.0340577400,0.2014778000,0.9789008000,0.0000000000,,
20.2000000000,3967261,True,1.0000000000,4.6874390000,-0.0296509700,-0.0044400180,-0.0233230300,0.0327607700,0.1834267000,0.9824874000,True,1.0000000000,4.8012390000,0.0350818600,-0.0050158690,-0.0257068500,0.0292208900,0.1918050000,0.9809980000,0.0348758500,-0.0050140380,-0.0256992700,0.0292210600,0.1917756000,0.9810037000,0.0000000000,,
20.2000000000,3967269,True,1.0000000000,4.4942170000,-0.0298073400,-0.0040857240,-0.0236748100,0.0253603600,0.1661546000,0.9857736000,True,1.0000000000,4.7831270000,0.0349199700,-0.0048610690,-0.0256880200,0.0289158500,0.1836881000,0.9825591000,0.0348655900,-0.0048604280,-0.0256863300,0.0289155000,0.1836707000,0.9825625000,0.0000000000,,
20.2000000000,3967278,True,1.0000000000,4.5080870000,-0.0299513900,-0.0037588040,-0.0240923500,0.0245059300,0.1566640000,0.9873478000,True,1.0000000000,4.7649690000,0.0347802500,-0.0047414550,-0.0256793400,0.0301514500,0.1761327000,0.9839045000,0.0347758800,-0.0047413940,-0.0256792300,0.0301514500,0.1761327000,0.9839045000,0.0000000000,,
20.2000000000,3967286,True,1.0000000000,4.5507350000,-0.0300911700,-0.0035884400,-0.0241213400,0.0251772200,0.1667342000,0.9856804000,True,1.0000000000,4.7883300000,0.0346628700,-0.0046410220,-0.0256701200,0.0290224500,0.1736312000,0.9843830000,0.0346616200,-0.0046409910,-0.0256700900,0.0290224500,0.1736312000,0.9843830000,0.0000000000,,
20.2166700000,3967294,True,1.0000000000,4.5764160000,-0.0302306500,-0.0033854830,-0.0241506400,0.0231171200,0.1628727000,0.9863762000,True,1.0000000000,4.7639920000,0.0345338100,-0.0045386050,-0.0256647200,0.0270234400,0.1743172000,0.9843187000,0.0345322800,-0.0045385740,-0.0256646900,0.0270235200,0.1743024000,0.9843213000,0.0000000000,,
20.2166700000,3967303,True,1.0000000000,4.4633640000,-0.0303659100,-0.0032322240,-0.0241160000,0.0208283500,0.1515816000,0.9882253000,True,1.0000000000,4.6803130000,0.0343952000,-0.0044768370,-0.0256529600,0.0279697700,0.1649805000,0.9859002000,0.0343902700,-0.0044767460,-0.0256528300,0.0279697700,0.1649805000,0.9859002000,0.0000000000,,
20.2333300000,3967311,True,1.0000000000,4.4833980000,-0.0304725800,-0.0030932160,-0.0241158600,0.0239414100,0.1519494000,0.9880983000,True,1.0000000000,4.6857910000,0.0342789300,-0.0044644470,-0.0256398900,0.0323334700,0.1587529000,0.9867887000,0.0342559100,-0.0044639590,-0.0256393600,0.0323334700,0.1587529000,0.9867887000,0.0000000000,,
20.2500000000,3967319,True,1.0000000000,4.4313510000,-0.0305830100,-0.0029862830,-0.0241265000,0.0211487300,0.1561588000,0.9875055000,True,1.0000000000,4.5940090000,0.0341755200,-0.0044616400,-0.0256497500,0.0270694600,0.1630272000,0.9862502000,0.0341541200,-0.0044611520,-0.0256492500,0.0270694600,0.1630272000,0.9862502000,0.0000000000,,
20.2666700000,3967328,True,1.0000000000,4.5061490000,-0.0306854900,-0.0029053650,-0.0241391000,0.0166323100,0.1580680000,0.9872881000,True,1.0000000000,4.6418610000,0.0340611700,-0.0044855960,-0.0256379700,0.0229340200,0.1558079000,0.9875211000,0.0340437000,-0.0044851680,-0.0256375600,0.0229340200,0.1558079000,0.9875211000,0.0000000000,,
20.2833300000,3967336,True,1.0000000000,4.4682460000,-0.0307930900,-0.0028484960,-0.0241416200,0.0156556800,0.1553056000,0.9877424000,True,1.0000000000,4.6951750000,0.0339661900,-0.0045241550,-0.0256340200,0.0274203500,0.1571520000,0.9871937000,0.0334975200,-0.0045120240,-0.0256232200,0.0273289300,0.1571375000,0.9871985000,0.0000000000,,
20.2833300000,3967344,True,1.0000000000,4.3328250000,-0.0308622000,-0.0027944490,-0.0241492200,0.0106354900,0.1552446000,0.9878188000,True,1.0000000000,4.6554110000,0.0338750600,-0.0045603950,-0.0256355800,0.0256655300,0.1504074000,0.9882909000,0.0203261900,-0.0041907960,-0.0253245000,0.0225221700,0.1514143000,0.9882138000,0.0000000000,,
20.3000000000,3967353,True,1.0000000000,4.4028780000,-0.0309211700,-0.0027942510,-0.0241472200,0.0137635000,0.1537636000,0.9880118000,True,1.0000000000,4.5283510000,0.0337784900,-0.0046082310,-0.0256337000,0.0281984900,0.1526503000,0.9878779000,0.0093083650,-0.0039221650,-0.0250714900,0.0227357600,0.1530773000,0.9879526000,0.0000000000,,
20.3000000000,3967361,True,1.0000000000,4.3975220000,-0.0310411500,-0.0027905730,-0.0241426200,0.0088959490,0.1480115000,0.9889456000,True,1.0000000000,4.6536710000,0.0336939500,-0.0046560060,-0.0256346400,0.0255280700,0.1426398000,0.9894454000,0.0064614110,-0.0038712620,-0.0250069900,0.0185397100,0.1448996000,0.9892727000,0.0000000000,,
20.3166700000,3967369,True,1.0000000000,4.4090580000,-0.0311610900,-0.0028216860,-0.0241499800,0.0176089100,0.1505302000,0.9884486000,True,1.0000000000,4.6068880000,0.0335997000,-0.0047139740,-0.0256477700,0.0149994500,0.1499793000,0.9885753000,0.0036658940,-0.0038393250,-0.0249554600,0.0162049800,0.1502241000,0.9885191000,0.0000000000,,
20.3166700000,3967378,True,1.0000000000,4.3821260000,-0.0312440800,-0.0028578190,-0.0241452800,0.0160371600,0.1417556000,0.9897718000,True,1.0000000000,4.5726620000,0.0335189700,-0.0047735290,-0.0256648900,0.0227357800,0.1418163000,0.9896319000,0.0015195470,-0.0038269660,-0.0249140500,0.0194245700,0.1417856000,0.9897068000,0.0000000000,,
20.3333300000,3967386,True,1.0000000000,4.4052730000,-0.0313459200,-0.0029334260,-0.0241604900,0.0190430200,0.1437687000,0.9894281000,True,1.0000000000,4.6457370000,0.0334577000,-0.0048664550,-0.0256508200,0.0177919300,0.1371016000,0.9903972000,-0.0008151398,-0.0038441320,-0.0248626300,0.0184480200,0.1406261000,0.9898909000,0.0000000000,,
20.3333300000,3967394,True,1.0000000000,4.4747770000,-0.0314315700,-0.0030306240,-0.0241950700,0.0148010600,0.1432193000,0.9895803000,True,1.0000000000,4.6566620000,0.0333965900,-0.0050645300,-0.0254335600,0.0204163700,0.1354378000,0.9905755000,-0.0052093200,-0.0038533170,-0.0246960300,0.0170746400,0.1400761000,0.9899935000,0.0000000000,,
20.3500000000,3967403,True,1.0000000000,4.5881650000,-0.0314790000,-0.0031631930,-0.0242598700,0.0159304400,0.1484858000,0.9887862000,True,1.0000000000,4.7039950000,0.0333987000,-0.0051465300,-0.0256806200,0.0107118000,0.1400010000,0.9900934000,-0.0025855100,-0.0040464780,-0.0248926100,0.0136110400,0.1447165000,0.9893795000,0.0000000000,,
20.3500000000,3967411,True,1.0000000000,4.5427250000,-0.0315187500,-0.0032388920,-0.0243989700,0.0105133200,0.1444399000,0.9894577000,True,1.0000000000,4.6755520000,0.0333830900,-0.0052671200,-0.0258172600,0.0119782900,0.1349503000,0.9907799000,-0.0028503110,-0.0041347970,-0.0250254700,0.0111542100,0.1402439000,0.9900542000,0.0000000000,,
20.3666700000,3967419,True,1.0000000000,4.4571990000,-0.0316006000,-0.0030218510,-0.0251896800,0.0196992300,0.1119239000,0.9935215000,True,1.0000000000,4.4189610000,0.0333243300,-0.0050328220,-0.0268992300,0.0233917900,0.1147312000,0.9931211000,-0.0156630900,-0.0035154880,-0.0256093300,0.0205994100,0.1126101000,0.9934257000,0.0000000000,,
20.3666700000,3967427,True,0.8679138000,-1.0000000000,-0.0316615600,-0.0029949190,-0.0249925400,0.0000000000,0.0000000000,0.0000000000,True,0.9589632000,4.5632480000,0.0333003000,-0.0048144990,-0.0276907000,0.0387117200,0.1145330000,0.9926649000,0.0333003000,-0.0048144990,-0.0276907000,0.0387117200,0.1145330000,0.9926649000,0.0000000000,,
20.3833400000,3967436,True,0.8679138000,-1.0000000000,-0.0317379000,-0.0022232210,-0.0278606400,0.0000000000,0.0000000000,0.0000000000,True,0.9589632000,-1.0000000000,0.0332949700,-0.0047591560,-0.0277206100,0.0000000000,0.0000000000,0.0000000000,0.0010000000,-0.0010000000,-0.0010000000,0.5773503000,-0.5773503000,-0.5773503000,0.0000000000,,
20.3833400000,3967444,True,0.4689668000,-1.0000000000,-0.0312448900,-0.0046660010,-0.0244097200,0.0000000000,0.0000000000,0.0000000000,True,0.4484175000,-1.0000000000,0.0333376200,-0.0047855230,-0.0275132900,0.0000000000,0.0000000000,0.0000000000,0.0010000000,-0.0010000000,-0.0010000000,0.5773503000,-0.5773503000,-0.5773503000,0.0000000000,,
20.4000000000,3967452,True,0.4689668000,-1.0000000000,-0.0311924100,-0.0046556550,-0.0244097200,0.0000000000,0.0000000000,0.0000000000,True,0.4484175000,-1.0000000000,0.0332903600,-0.0047633670,-0.0274836100,0.0000000000,0.0000000000,0.0000000000,0.0010000000,-0.0010000000,-0.0010000000,0.5773503000,-0.5773503000,-0.5773503000,0.0000000000,,
20.4000000000,3967461,True,0.0647684800,-1.0000000000,-0.0316974200,-0.0026328890,-0.0264837500,0.0000000000,0.0000000000,0.0000000000,True,0.2098719000,-1.0000000000,0.0332235900,-0.0048493960,-0.0272700800,0.0000000000,0.0000000000,0.0000000000,0.0010000000,-0.0010000000,-0.0010000000,0.5773503000,-0.5773503000,-0.5773503000,0.0000000000,,
20.4166700000,3967469,True,0.0647684800,-1.0000000000,-0.0317562100,-0.0029092100,-0.0251483600,0.0000000000,0.0000000000,0.0000000000,True,0.2098719000,-1.0000000000,0.0331809100,-0.0050334470,-0.0266763500,0.0000000000,0.0000000000,0.0000000000,0.0010000000,-0.0010000000,-0.0010000000,0.5773503000,-0.5773503000,-0.5773503000,0.0000000000,,
20.4166700000,3967477,True,0.2171393000,-1.0000000000,-0.0317878400,-0.0031812900,-0.0243200500,0.0000000000,0.0000000000,0.0000000000,True,0.2936006000,-1.0000000000,0.0330607900,-0.0051239470,-0.0265991200,0.0000000000,0.0000000000,0.0000000000,0.0010000000,-0.0010000000,-0.0010000000,0.5773503000,-0.5773503000,-0.5773503000,0.0000000000,,
20.4333300000,3967486,True,0.2171393000,-1.0000000000,-0.0317709100,-0.0031150970,-0.0243986500,0.0000000000,0.0000000000,0.0000000000,True,0.2936006000,-1.0000000000,0.0329771600,-0.0051417090,-0.0260004700,0.0000000000,0.0000000000,0.0000000000,0.0010000000,-0.0010000000,-0.0010000000,0.5773503000,-0.5773503000,-0.5773503000,0.0000000000,,
20.4333300000,3967494,True,0.4086426000,-1.0000000000,-0.0317270200,-0.0030718690,-0.0243929600,0.0000000000,0.0000000000,0.0000000000,True,0.4394895000,-1.0000000000,0.0328647900,-0.0050033570,-0.0259650700,0.0000000000,0.0000000000,0.0000000000,0.0010000000,-0.0010000000,-0.0010000000,0.5773503000,-0.5773503000,-0.5773503000,0.0000000000,,
20.4500000000,3967502,True,0.4086426000,-1.0000000000,-0.0316031400,-0.0029420780,-0.0244366800,0.0000000000,0.0000000000,0.0000000000,True,0.4394895000,-1.0000000000,0.0327535000,-0.0048973700,-0.0260024600,0.0000000000,0.0000000000,0.0000000000,0.0010000000,-0.0010000000,-0.0010000000,0.5773503000,-0.5773503000,-0.5773503000,0.0000000000,,
20.4500000000,3967511,True,0.8283862000,-1.0000000000,-0.0316149300,-0.0027516790,-0.0244634100,0.0000000000,0.0000000000,0.0000000000,True,0.5879999000,4.6072240000,0.0326924100,-0.0047261810,-0.0260344700,0.0270846500,0.3008456000,0.9532881000,0.0326924100,-0.0047261810,-0.0260344700,0.0270846500,0.3008456000,0.9532881000,0.0000000000,,
20.4666700000,3967519,True,0.8283862000,4.5217440000,-0.0315868300,-0.0026096040,-0.0245083900,-0.0110780800,0.3231717000,0.9462755000,True,0.5879999000,4.6544490000,0.0326631000,-0.0046375280,-0.0260470400,0.0192416300,0.3092393000,0.9507896000,0.0321425500,-0.0046210940,-0.0260345800,0.0189974000,0.3093601000,0.9507552000,0.0000000000,,
20.4666700000,3967527,True,0.8264692000,4.4947660000,-0.0315997600,-0.0025494390,-0.0245107000,-0.0071716630,0.3201309000,0.9473462000,True,0.7998123000,4.6395260000,0.0326959900,-0.0046198580,-0.0260461700,0.0239566600,0.3115740000,0.9499199000,0.0287760000,-0.0044936370,-0.0259525500,0.0220643900,0.3121058000,0.9497911000,0.0000000000,,
20.4833300000,3967536,True,0.8264692000,4.5286560000,-0.0315959000,-0.0024972230,-0.0245072800,-0.0105896700,0.3161185000,0.9486606000,True,0.7998123000,4.6748660000,0.0327577100,-0.0046378940,-0.0260490000,0.0187991100,0.3176318000,0.9480278000,0.0295303700,-0.0045305330,-0.0259716800,0.0173340400,0.3175669000,0.9480774000,0.0000000000,,
20.4833300000,3967544,True,0.7305014000,4.5145720000,-0.0315956900,-0.0024677430,-0.0245005000,-0.0094604930,0.3104720000,0.9505354000,True,1.0000000000,4.6399080000,0.0328236700,-0.0046107330,-0.0260251300,0.0176545000,0.2953200000,0.9552352000,-0.0254119700,-0.0026734470,-0.0246468700,-0.0068512700,0.3090243000,0.9510295000,0.0000000000,,
20.5000000000,3967552,True,0.7305014000,4.5009920000,-0.0315961200,-0.0024547880,-0.0245012500,-0.0084992380,0.3128543000,0.9497631000,True,1.0000000000,4.5881500000,0.0328431900,-0.0046275640,-0.0260205300,0.0098877850,0.2914455000,0.9565363000,-0.0180101300,-0.0029128720,-0.0248215600,-0.0046234520,0.3083674000,0.9512561000,0.0000000000,,
20.5000000000,3967561,True,0.7919778000,4.5166020000,-0.0315965300,-0.0024418180,-0.0245019800,-0.0093995420,0.3155408000,0.9488654000,True,1.0000000000,4.5784450000,0.0328524800,-0.0046677860,-0.0259990200,0.0058441810,0.2785676000,0.9603989000,0.0051916200,-0.0037124180,-0.0253565100,-0.0006866522,0.2944975000,0.9556520000,0.0000000000,,
20.5166700000,3967569,True,0.7919778000,4.5008850000,-0.0315961200,-0.0024547880,-0.0245012500,-0.0088959760,0.3142737000,0.9492908000,True,1.0000000000,4.5009610000,0.0328504700,-0.0047175450,-0.0259994700,0.0086212530,0.2800916000,0.9599346000,0.0055339660,-0.0037584540,-0.0253644300,0.0011902010,0.2946357000,0.9556090000,0.0000000000,,
20.5166700000,3967577,True,1.0000000000,4.5195160000,-0.0316750300,-0.0025327610,-0.0244671300,-0.0122224800,0.2882124000,0.9574885000,True,1.0000000000,4.4702760000,0.0328308700,-0.0048085790,-0.0260001400,0.0024719420,0.2800466000,0.9599832000,0.0021079860,-0.0037246550,-0.0252700100,-0.0045166720,0.2839400000,0.9588314000,0.0000000000,,
20.5333300000,3967586,True,1.0000000000,4.4198610000,-0.0317245200,-0.0026851810,-0.0244469900,-0.0148926900,0.2773458000,0.9606547000,True,1.0000000000,4.4721220000,0.0327900600,-0.0049511420,-0.0259740300,0.0120240300,0.2646964000,0.9642568000,0.0000891266,-0.0038025670,-0.0252000000,-0.0016174570,0.2711376000,0.9625392000,0.0000000000,,
20.5333300000,3967594,True,1.0000000000,4.3241880000,-0.0317757000,-0.0028765870,-0.0244519100,-0.0102081700,0.2824870000,0.9592168000,True,1.0000000000,4.4953160000,0.0327409100,-0.0050995640,-0.0259767300,-0.0011444270,0.2639964000,0.9645230000,-0.0015360110,-0.0039185180,-0.0251666100,-0.0059662560,0.2738374000,0.9617575000,0.0000000000,,
20.5500000000,3967602,True,1.0000000000,4.3933560000,-0.0318379700,-0.0030235140,-0.0244608200,-0.0063629700,0.2934901000,0.9559410000,True,1.0000000000,4.5614780000,0.0327081800,-0.0052626350,-0.0259598500,0.0006561322,0.2567308000,0.9664827000,-0.0017396550,-0.0040676430,-0.0251598400,-0.0030823030,0.2764002000,0.9610377000,0.0000000000,,
20.5500000000,3967611,True,1.0000000000,4.4193880000,-0.0318743800,-0.0031564940,-0.0244526700,-0.0113526300,0.2854179000,0.9583359000,True,1.0000000000,4.4890140000,0.0326820200,-0.0053758240,-0.0259709900,0.0012054550,0.2671226000,0.9636618000,-0.0010541840,-0.0042160340,-0.0251775400,-0.0053405920,0.2767037000,0.9609404000,0.0000000000,,
20.5666700000,3967619,True,1.0000000000,4.4478910000,-0.0319044400,-0.0032223060,-0.0244670700,-0.0218203000,0.2907899000,0.9565381000,True,1.0000000000,4.4906920000,0.0326639400,-0.0054557800,-0.0259755900,-0.0027313570,0.2696719000,0.9629484000,0.0008474427,-0.0043552090,-0.0252322600,-0.0121460900,0.2801076000,0.9598917000,0.0000000000,,
20.5666700000,3967627,True,1.0000000000,4.4746400000,-0.0319258800,-0.0032639470,-0.0244400300,-0.0221406100,0.2711957000,0.9622695000,True,1.0000000000,4.4630130000,0.0326514500,-0.0055054930,-0.0259675300,0.0065002830,0.2636735000,0.9645901000,0.0013290860,-0.0044182740,-0.0252266400,-0.0073853210,0.2673517000,0.9635707000,0.0000000000,,
20.5833300000,3967636,True,1.0000000000,4.4886780000,-0.0319335200,-0.0032544860,-0.0244424300,-0.0200043100,0.2727208000,0.9618852000,True,1.0000000000,4.3593140000,0.0326500700,-0.0055227360,-0.0259586800,-0.0009460580,0.2564733000,0.9665508000,0.0017141570,-0.0044362340,-0.0252323800,-0.0100709100,0.2642698000,0.9643962000,0.0000000000,,
20.5833300000,3967644,True,1.0000000000,4.4806210000,-0.0319294700,-0.0032163240,-0.0244493900,-0.0203095700,0.2773760000,0.9605468000,True,1.0000000000,4.4674530000,0.0326607400,-0.0055042880,-0.0259619900,-0.0041656730,0.2605758000,0.9654444000,0.0010633390,-0.0043850250,-0.0252220300,-0.0120698400,0.2688172000,0.9631156000,0.0000000000,,
20.6000000000,3967652,True,1.0000000000,4.3855590000,-0.0319187800,-0.0031732790,-0.0244377000,-0.0260775900,0.2680392000,0.9630550000,True,1.0000000000,4.3159030000,0.0326733000,-0.0054757540,-0.0259682800,-0.0031738780,0.2658122000,0.9640196000,0.0016646730,-0.0043704070,-0.0252334900,-0.0141756100,0.2668952000,0.9636213000,0.0000000000,,
20.6000000000,3967661,True,1.0000000000,4.3286290000,-0.0318989300,-0.0031190490,-0.0244533700,-0.0200655400,0.2771639000,0.9606131000,True,1.0000000000,4.3474580000,0.0326842200,-0.0054526830,-0.0259592000,-0.0065918930,0.2624092000,0.9649341000,0.0014706120,-0.0043248140,-0.0252314200,-0.0131073900,0.2695485000,0.9628976000,0.0000000000,,
20.6000000000,3967669,True,1.0000000000,4.3997040000,-0.0318821000,-0.0030853270,-0.0244363700,-0.0182801000,0.2679454000,0.9632607000,True,1.0000000000,4.4607240000,0.0327004300,-0.0054289100,-0.0259490500,-0.0022888420,0.2581966000,0.9660897000,0.0012507320,-0.0042876590,-0.0252124200,-0.0100708300,0.2629556000,0.9647554000,0.0000000000,,
20.6166700000,3967677,True,1.0000000000,4.3605190000,-0.0318797500,-0.0030610660,-0.0244510400,-0.0224610500,0.2761549000,0.9608507000,True,1.0000000000,4.4074860000,0.0327048800,-0.0054077310,-0.0259478800,-0.0116424700,0.2552188000,0.9668132000,0.0017462010,-0.0042828680,-0.0252303600,-0.0168305500,0.2652757000,0.9640257000,0.0000000000,,
20.6333400000,3967686,True,1.0000000000,4.3831180000,-0.0318828900,-0.0030592200,-0.0244507000,-0.0232698000,0.2746447000,0.9612642000,True,1.0000000000,4.3485110000,0.0327021200,-0.0054054260,-0.0259468700,-0.0138092900,0.2535263000,0.9672300000,0.0015346530,-0.0042731930,-0.0252248400,-0.0183869100,0.2637339000,0.9644202000,0.0000000000,,
20.6333400000,3967694,True,1.0000000000,4.3606410000,-0.0318860200,-0.0030610660,-0.0244510400,-0.0244142400,0.2761403000,0.9608072000,True,1.0000000000,4.2912290000,0.0326993600,-0.0054077310,-0.0259469800,-0.0159914100,0.2530244000,0.9673277000,0.0018088380,-0.0042853550,-0.0252314800,-0.0200197000,0.2641013000,0.9642872000,0.0000000000,,
20.6500000000,3967702,True,1.0000000000,4.2926180000,-0.0319320400,-0.0030815580,-0.0244570500,-0.0311739400,0.2727834000,0.9615703000,True,1.0000000000,4.2901000000,0.0326925200,-0.0054105990,-0.0259474200,-0.0149995500,0.2529171000,0.9673716000,0.0019158480,-0.0043014220,-0.0252376600,-0.0227054900,0.2623949000,0.9646934000,0.0000000000,,
20.6500000000,3967711,True,1.0000000000,4.4051820000,-0.0319406000,-0.0031332250,-0.0244451600,-0.0356450000,0.2667119000,0.9631169000,True,1.0000000000,4.4145810000,0.0326483600,-0.0054716340,-0.0259373300,-0.0198366500,0.2506438000,0.9678761000,0.0014678040,-0.0043427590,-0.0252169800,-0.0274659300,0.2584239000,0.9656411000,0.0000000000,,
20.6666700000,3967719,True,1.0000000000,4.3831180000,-0.0318118700,-0.0032697450,-0.0244115300,-0.0290529200,0.2477433000,0.9683900000,True,1.0000000000,4.3797300000,0.0327053300,-0.0056170960,-0.0258997700,-0.0024414480,0.2235603000,0.9746870000,0.0009535218,-0.0044618530,-0.0251673300,-0.0155488300,0.2355060000,0.9717485000,0.0000000000,,
20.6666700000,3967727,True,1.0000000000,4.2577510000,-0.0316489300,-0.0034160770,-0.0244141400,0.0228882100,0.2118380000,0.9770368000,True,1.0000000000,4.3169860000,0.0327912200,-0.0057851720,-0.0258626100,0.0363313500,0.1825875000,0.9825181000,-0.0013768620,-0.0045290070,-0.0250945900,0.0292055000,0.1981213000,0.9797423000,0.0000000000,,
20.6833300000,3967736,True,1.0000000000,4.2602690000,-0.0314865700,-0.0033764650,-0.0249622400,0.0288242900,0.1557183000,0.9873809000,True,1.0000000000,4.4964140000,0.0328212000,-0.0061114960,-0.0254413300,0.0403444900,0.1510172000,0.9877076000,0.0014697270,-0.0047781070,-0.0252077700,0.0347291500,0.1533057000,0.9875683000,0.0000000000,,
20.6833300000,3967744,True,1.0000000000,4.2353970000,-0.0314098100,-0.0032179720,-0.0257662800,0.0294041600,0.1307241000,0.9909827000,True,1.0000000000,4.4882350000,0.0328536600,-0.0064641270,-0.0249752500,0.0559392300,0.1475843000,0.9874663000,0.0257116400,-0.0061033630,-0.0250631600,0.0529940600,0.1457222000,0.9879052000,0.0000000000,,
20.7000000000,3967752,True,1.0000000000,4.2419280000,-0.0314118200,-0.0032639770,-0.0257238200,0.0247347500,0.1233075000,0.9920602000,True,1.0000000000,4.5066830000,0.0328611900,-0.0065590980,-0.0248151000,0.0618142000,0.1308764000,0.9894698000,0.0284623600,-0.0063335730,-0.0248772900,0.0592808900,0.1303569000,0.9896933000,0.0000000000,,
20.7000000000,3967761,True,1.0000000000,4.2247310000,-0.0314465500,-0.0031725010,-0.0259537100,0.0270847300,0.1306628000,0.9910569000,True,1.0000000000,4.5167850000,0.0328828600,-0.0065544440,-0.0248326400,0.0513308800,0.1372689000,0.9892029000,0.0316429100,-0.0064892580,-0.0248542500,0.0508576400,0.1371462000,0.9892444000,0.0000000000,,
20.7166700000,3967769,True,1.0000000000,4.1789090000,-0.0314736500,-0.0032009430,-0.0259060500,0.0238802000,0.1211405000,0.9923481000,True,1.0000000000,4.5026400000,0.0328871600,-0.0065431060,-0.0248890500,0.0504463400,0.1337454000,0.9897310000,0.0325774300,-0.0065270240,-0.0248939500,0.0503242300,0.1336842000,0.9897454000,0.0000000000,,
20.7166700000,3967777,True,1.0000000000,4.1646120000,-0.0315001200,-0.0032776640,-0.0257233800,0.0208437100,0.1234143000,0.9921363000,True,1.0000000000,4.5075230000,0.0328816800,-0.0065419320,-0.0248992600,0.0509803700,0.1311512000,0.9900507000,0.0326087400,-0.0065280920,-0.0249027600,0.0508581500,0.1311051000,0.9900631000,0.0000000000,,
20.7333300000,3967786,True,1.0000000000,4.2381440000,-0.0315316500,-0.0033863530,-0.0254915000,0.0206912300,0.1196612000,0.9925991000,True,1.0000000000,4.4290920000,0.0328578100,-0.0065620880,-0.0248901400,0.0507203700,0.1261753000,0.9907105000,0.0322300700,-0.0065311280,-0.0248960000,0.0504308200,0.1261152000,0.9907329000,0.0000000000,,
20.7333300000,3967794,True,1.0000000000,4.2616270000,-0.0315663100,-0.0034076390,-0.0255350400,0.0250551300,0.1259318000,0.9917225000,True,1.0000000000,4.4619290000,0.0328435700,-0.0065123600,-0.0250880300,0.0411228200,0.1268627000,0.9910675000,0.0318700700,-0.0064654390,-0.0250947900,0.0408784600,0.1268621000,0.9910777000,0.0000000000,,
20.7500000000,3967802,True,1.0000000000,4.1397090000,-0.0316147600,-0.0033613280,-0.0257400400,0.0122529900,0.1214465000,0.9925224000,True,1.0000000000,4.4554140000,0.0328044000,-0.0065623020,-0.0250301400,0.0379491400,0.1234759000,0.9916217000,0.0305995200,-0.0064527440,-0.0250544300,0.0370639500,0.1234143000,0.9916629000,0.0000000000,,
20.7500000000,3967811,True,1.0000000000,4.2207790000,-0.0316714600,-0.0034302830,-0.0256064900,0.0105591500,0.1176156000,0.9930031000,True,1.0000000000,4.5137630000,0.0327503800,-0.0067353060,-0.0246351200,0.0322423200,0.1248341000,0.9916536000,0.0206662200,-0.0061153570,-0.0248173200,0.0281678000,0.1234897000,0.9919460000,0.0000000000,,
20.7666700000,3967819,True,1.0000000000,4.2031100000,-0.0317243800,-0.0034353180,-0.0256793500,0.0118256400,0.1111305000,0.9937354000,True,1.0000000000,4.5178070000,0.0327175100,-0.0067356420,-0.0246961500,0.0354617200,0.1310131000,0.9907462000,0.0020614010,-0.0051656190,-0.0251638800,0.0242159100,0.1215678000,0.9922877000,0.0000000000,,
20.7666700000,3967827,True,1.0000000000,4.1166080000,-0.0317743400,-0.0033730470,-0.0259216600,0.0042725220,0.1044479000,0.9945212000,True,1.0000000000,4.4579010000,0.0327004900,-0.0065282900,-0.0251860400,0.0190432500,0.1071183000,0.9940639000,0.0020487370,-0.0050282590,-0.0255357500,0.0120239400,0.1058503000,0.9943094000,0.0000000000,,
20.7666700000,3967836,True,1.0000000000,4.1561580000,-0.0318260700,-0.0034487920,-0.0257679600,0.0031738430,0.1103673000,0.9938858000,True,1.0000000000,4.4763340000,0.0326658600,-0.0064868930,-0.0253033200,0.0145111300,0.1061097000,0.9942486000,-0.0174807300,-0.0041245730,-0.0256646100,0.0057068230,0.1094215000,0.9939790000,0.0000000000,,
20.7833300000,3967844,True,1.0000000000,4.1817470000,-0.0318604300,-0.0034767760,-0.0257473200,-0.0005950936,0.1073762000,0.9942183000,True,1.0000000000,4.4490810000,0.0326273100,-0.0065236670,-0.0252218200,0.0138245900,0.1027842000,0.9946076000,-0.0261111300,-0.0037484130,-0.0257004700,0.0006713969,0.1069657000,0.9942625000,0.0000000000,,
20.7833300000,3967852,True,1.0000000000,4.2642520000,-0.0318827200,-0.0033719640,-0.0260916100,-0.0021057330,0.1036845000,0.9946080000,True,1.0000000000,4.3615420000,0.0326102500,-0.0064876100,-0.0253788800,0.0221561000,0.1077897000,0.9939268000,-0.0269760600,-0.0036090090,-0.0260373900,-0.0002594017,0.1040048000,0.9945768000,0.0000000000,,
20.8000000000,3967861,True,1.0000000000,4.1473850000,-0.0319075200,-0.0033482820,-0.0261665400,-0.0033874920,0.0979015800,0.9951903000,True,1.0000000000,4.4158480000,0.0325937000,-0.0064717720,-0.0254417100,0.0162507100,0.1079413000,0.9940244000,-0.0204892600,-0.0039012150,-0.0260382200,0.0000762946,0.0996865300,0.9950189000,0.0000000000,,
20.8000000000,3967869,True,1.0000000000,4.1317600000,-0.0319281800,-0.0033495180,-0.0261639700,-0.0070038880,0.1051651000,0.9944301000,True,1.0000000000,4.4504700000,0.0325902400,-0.0064679420,-0.0254593700,0.0139923500,0.1044315000,0.9944336000,-0.0141066600,-0.0042108920,-0.0259693500,-0.0012054610,0.1049667000,0.9944750000,0.0000000000,,
20.8166700000,3967877,True,1.0000000000,4.1525270000,-0.0319346600,-0.0033448030,-0.0261756300,-0.0058594160,0.1061714000,0.9943306000,True,1.0000000000,4.4355930000,0.0325867800,-0.0064717720,-0.0254578900,0.0145417500,0.1006021000,0.9948205000,-0.0173343800,-0.0040523840,-0.0260132200,-0.0012359660,0.1049198000,0.9944800000,0.0000000000,,
20.8166700000,3967886,True,1.0000000000,4.1724850000,-0.0319411500,-0.0033495180,-0.0261639700,-0.0046386890,0.1055454000,0.9944037000,True,1.0000000000,4.4543760000,0.0325849300,-0.0064713900,-0.0254674500,0.0135652200,0.1022046000,0.9946709000,-0.0132507000,-0.0042537840,-0.0259622200,0.0006256160,0.1045847000,0.9945158000,0.0000000000,,
20.8333300000,3967894,True,1.0000000000,4.1532440000,-0.0319447300,-0.0033578800,-0.0261391900,-0.0059662700,0.1036391000,0.9945971000,True,1.0000000000,4.4569240000,0.0325830800,-0.0064710090,-0.0254770100,0.0126954100,0.1026467000,0.9946368000,0.0065769810,-0.0052163550,-0.0257438800,0.0051727430,0.1030581000,0.9946619000,0.0000000000,,
20.8333300000,3967902,True,1.0000000000,4.1723480000,-0.0319483100,-0.0033662420,-0.0261144100,-0.0070495830,0.1020511000,0.9947542000,True,1.0000000000,4.4507140000,0.0325826600,-0.0064675450,-0.0254783800,0.0090790210,0.1015782000,0.9947861000,0.0201797500,-0.0058714760,-0.0256006300,0.0059662080,0.1016697000,0.9948003000,0.0000000000,,
20.8500000000,3967911,True,1.0000000000,4.0723720000,-0.0318715800,-0.0034765930,-0.0259482600,0.0040588600,0.0890050100,0.9960229000,True,1.0000000000,4.4209440000,0.0326283100,-0.0065483100,-0.0254508700,0.0119325100,0.0942241000,0.9954795000,0.0246991000,-0.0061706850,-0.0255120100,0.0109711400,0.0935827800,0.9955511000,0.0000000000,,
20.8500000000,3967919,True,1.0000000000,4.1302640000,-0.0318368600,-0.0035021360,-0.0259474300,0.0120393300,0.0848704000,0.9963192000,True,1.0000000000,4.3903810000,0.0326605700,-0.0066539310,-0.0253419200,0.0235902800,0.0977943800,0.9949270000,0.0191740300,-0.0059948880,-0.0254685400,0.0211640300,0.0950931600,0.9952434000,0.0000000000,,
20.8666700000,3967927,True,1.0000000000,4.1911620000,-0.0318379500,-0.0035090330,-0.0259425100,0.0122833600,0.0904848900,0.9958221000,True,1.0000000000,4.4398350000,0.0326684300,-0.0066581730,-0.0253368100,0.0209201300,0.0998551000,0.9947821000,0.0140276300,-0.0057481390,-0.0255118400,0.0184328400,0.0971538800,0.9950987000,0.0000000000,,
20.8666700000,3967936,True,1.0000000000,4.1649780000,-0.0318469700,-0.0035024870,-0.0259543600,0.0077820630,0.0895547600,0.9959515000,True,1.0000000000,4.4368590000,0.0326555800,-0.0066564180,-0.0253067600,0.0183870100,0.1014719000,0.9946685000,0.0167049700,-0.0058764960,-0.0254669000,0.0157625600,0.0985274200,0.9950095000,0.0000000000,,
20.8666700000,3967944,True,1.0000000000,4.2467500000,-0.0318745100,-0.0034715580,-0.0259756900,-0.0039368010,0.0858466800,0.9963006000,True,1.0000000000,4.4932250000,0.0326375300,-0.0065478820,-0.0253893300,0.0153963600,0.0976425400,0.9951025000,0.0160876200,-0.0057586830,-0.0255397500,0.0104218200,0.0946203200,0.9954589000,0.0000000000,,
20.8833400000,3967952,True,1.0000000000,4.2175450000,-0.0318821000,-0.0034910580,-0.0258447100,-0.0012817580,0.0957198900,0.9954075000,True,1.0000000000,4.4422000000,0.0326335500,-0.0065084080,-0.0254249700,0.0121460800,0.0935980500,0.9955360000,0.0179303900,-0.0058207550,-0.0255206300,0.0090790590,0.0940865200,0.9955226000,0.0000000000,,
20.9000000000,3967961,True,1.0000000000,4.1912230000,-0.0318796300,-0.0035146640,-0.0257266600,0.0003967300,0.0988162800,0.9951056000,True,1.0000000000,4.4621120000,0.0326365800,-0.0065023040,-0.0254252000,0.0125886900,0.0924696700,0.9956359000,0.0172378800,-0.0057892150,-0.0254971500,0.0096742000,0.0939801300,0.9955271000,0.0000000000,,
20.9000000000,3967969,True,1.0000000000,4.1420590000,-0.0318704500,-0.0035290220,-0.0256442900,0.0057984290,0.0983749300,0.9951326000,True,1.0000000000,4.4839630000,0.0326396200,-0.0065059360,-0.0254249700,0.0130158200,0.0936589500,0.9955193000,0.0219293200,-0.0060117040,-0.0254613800,0.0118104000,0.0944373900,0.9954607000,0.0000000000,,
20.9166700000,3967977,True,1.0000000000,4.1805570000,-0.0318661700,-0.0035291440,-0.0256384900,0.0027923640,0.1010744000,0.9948750000,True,1.0000000000,4.4757390000,0.0326450800,-0.0065071720,-0.0254170400,0.0124666000,0.0931562000,0.9955735000,0.0263574200,-0.0062169190,-0.0254386300,0.0115205400,0.0939343300,0.9955117000,0.0000000000,,
20.9166700000,3967986,True,1.0000000000,4.2163540000,-0.0318618800,-0.0035290220,-0.0256442900,0.0014343320,0.1015324000,0.9948312000,True,1.0000000000,4.4674220000,0.0326505500,-0.0065067450,-0.0254249700,0.0119018900,0.0936739500,0.9955318000,0.0272042100,-0.0062553560,-0.0254434800,0.0110169800,0.0943309500,0.9954799000,0.0000000000,,
20.9333300000,3967994,True,1.0000000000,4.2230830000,-0.0318581700,-0.0035291440,-0.0256481300,-0.0001068119,0.1006473000,0.9949222000,True,1.0000000000,4.4632420000,0.0326568100,-0.0065075840,-0.0254170400,0.0123749600,0.0930792500,0.9955817000,0.0282339300,-0.0063033910,-0.0254328800,0.0115205500,0.0935987500,0.9955434000,0.0000000000,,
20.9333300000,3968002,True,1.0000000000,4.2149960000,-0.0318544600,-0.0035292660,-0.0256519600,-0.0001220719,0.0996412000,0.9950234000,True,1.0000000000,4.4590150000,0.0326630900,-0.0065084080,-0.0254249700,0.0128328000,0.0936138000,0.9955259000,0.0277302900,-0.0062806400,-0.0254423200,0.0118409600,0.0940715400,0.9954950000,0.0000000000,,
20.9500000000,3968011,True,1.0000000000,4.2146760000,-0.0318579100,-0.0035294190,-0.0256555800,-0.0002288829,0.1009373000,0.9948928000,True,1.0000000000,4.4631350000,0.0326694400,-0.0065075840,-0.0254252000,0.0115662800,0.0934762700,0.9955543000,0.0255634000,-0.0061796120,-0.0254505800,0.0102692400,0.0943000200,0.9954908000,0.0000000000,,
20.9500000000,3968019,True,1.0000000000,4.2160340000,-0.0318613800,-0.0035292660,-0.0256591800,0.0002746608,0.1022348000,0.9947602000,True,1.0000000000,4.4694980000,0.0326689600,-0.0064566650,-0.0256515500,0.0121461600,0.0964063300,0.9952679000,0.0152345700,-0.0056657560,-0.0256536100,0.0089417940,0.0979782600,0.9951484000,0.0000000000,,
20.9666700000,3968027,True,1.0000000000,4.2238010000,-0.0318616200,-0.0035291440,-0.0256664100,0.0000457765,0.1028903000,0.9946927000,True,1.0000000000,4.5179750000,0.0326396800,-0.0064599770,-0.0255105300,0.0065155540,0.1042489000,0.9945299000,-0.0020411680,-0.0048841250,-0.0255943500,0.0030365280,0.1035166000,0.9946231000,0.0000000000,,
20.9666700000,3968036,True,1.0000000000,4.2570340000,-0.0319018300,-0.0034736180,-0.0257342200,0.0012817520,0.1052868000,0.9944411000,True,1.0000000000,4.4711460000,0.0326243500,-0.0064706580,-0.0254215600,0.0134736800,0.1005567000,0.9948401000,-0.0068660590,-0.0046364440,-0.0256129000,0.0060119770,0.1034548000,0.9946160000,0.0000000000,,
20.9833300000,3968044,True,1.0000000000,4.2579500000,-0.0319076700,-0.0033145300,-0.0261515200,-0.0016174360,0.1013949000,0.9948450000,True,1.0000000000,4.5195470000,0.0326133000,-0.0064593810,-0.0254138500,0.0125581200,0.1006939000,0.9948382000,0.0160635800,-0.0056527260,-0.0256030600,0.0089264020,0.1008760000,0.9948590000,0.0000000000,,
20.9833300000,3968052,True,1.0000000000,4.2627870000,-0.0319126400,-0.0034225160,-0.0257641900,0.0045624330,0.1061872000,0.9943357000,True,1.0000000000,4.5370640000,0.0326131500,-0.0064471590,-0.0254339900,0.0115358200,0.1007706000,0.9948428000,0.0174340800,-0.0057356420,-0.0255116600,0.0099030470,0.1020517000,0.9947298000,0.0000000000,,
21.0000000000,3968061,True,1.0000000000,4.2682650000,-0.0319124900,-0.0034250180,-0.0257353400,0.0039062990,0.1080488000,0.9941379000,True,1.0000000000,4.5544890000,0.0326133000,-0.0064421850,-0.0254382200,0.0104675800,0.1014409000,0.9947865000,0.0159592800,-0.0056634680,-0.0255149100,0.0087739360,0.1031357000,0.9946286000,0.0000000000,,
21.0000000000,3968069,True,1.0000000000,4.2731930000,-0.0319123600,-0.0034275210,-0.0257064800,0.0032196240,0.1099402000,0.9939330000,True,1.0000000000,4.4298400000,0.0326243600,-0.0064454960,-0.0254618800,0.0130006600,0.0977033500,0.9951307000,0.0148508900,-0.0056143500,-0.0255292500,0.0102998200,0.1010756000,0.9948254000,0.0000000000,,
21.0166700000,3968077,True,1.0000000000,4.2755280000,-0.0319083100,-0.0034250180,-0.0257034300,0.0030670320,0.1106420000,0.9938555000,True,1.0000000000,4.4844970000,0.0326450400,-0.0064279790,-0.0255470100,0.0087586160,0.0999153600,0.9949574000,0.0113095900,-0.0054354710,-0.0255987100,0.0068817850,0.1034709000,0.9946086000,0.0000000000,,
21.0166700000,3968086,True,1.0000000000,4.4106140000,-0.0318779300,-0.0034218900,-0.0256725200,0.0056152530,0.1057895000,0.9943727000,True,1.0000000000,4.5084380000,0.0326513200,-0.0064495090,-0.0254788700,0.0097962170,0.1025246000,0.9946822000,0.0119940800,-0.0054803010,-0.0255408600,0.0084533900,0.1035769000,0.9945855000,0.0000000000,,
21.0333300000,3968094,True,1.0000000000,4.4118190000,-0.0318651500,-0.0034233860,-0.0256205000,0.0049896440,0.1063847000,0.9943125000,True,1.0000000000,4.5068510000,0.0326576200,-0.0064710240,-0.0254107200,0.0110321400,0.1004947000,0.9948764000,0.0121806300,-0.0055038300,-0.0254773000,0.0091249020,0.1023576000,0.9947059000,0.0000000000,,
21.0333300000,3968102,True,1.0000000000,4.3424990000,-0.0318555000,-0.0034240880,-0.0255857700,0.0066834210,0.1098797000,0.9939224000,True,1.0000000000,4.5197140000,0.0326666000,-0.0064719550,-0.0254053400,0.0108947900,0.1017305000,0.9947523000,0.0180088700,-0.0057795560,-0.0254463200,0.0099335120,0.1035771000,0.9945719000,0.0000000000,,
21.0500000000,3968111,True,1.0000000000,4.3835910000,-0.0318552000,-0.0034201050,-0.0255864400,0.0050964500,0.1115421000,0.9937466000,True,1.0000000000,4.5302280000,0.0326755800,-0.0064728700,-0.0253999300,0.0104370300,0.1005709000,0.9948751000,0.0208299700,-0.0059124910,-0.0254341800,0.0094604930,0.1025853000,0.9946793000,0.0000000000,,
21.0500000000,3968119,True,1.0000000000,4.3763580000,-0.0318566600,-0.0034239960,-0.0255859200,0.0040741470,0.1116347000,0.9937410000,True,1.0000000000,4.5386050000,0.0326799900,-0.0064719550,-0.0253880600,0.0079499170,0.1008617000,0.9948687000,0.0224268700,-0.0059877170,-0.0254195000,0.0073395420,0.1025705000,0.9946986000,0.0000000000,,
21.0666700000,3968127,True,1.0000000000,4.3691710000,-0.0318581400,-0.0034279020,-0.0255864400,0.0056458340,0.1118180000,0.9937126000,True,1.0000000000,4.5474700000,0.0326755800,-0.0064710240,-0.0253862900,0.0073395460,0.1018228000,0.9947755000,0.0084497230,-0.0053286440,-0.0254614300,0.0066986350,0.1055760000,0.9943887000,0.0000000000,,
21.0666700000,3968136,True,1.0000000000,4.4192660000,-0.0318707000,-0.0034322660,-0.0256819800,0.0075531700,0.1094218000,0.9939667000,True,1.0000000000,4.5664980000,0.0326747300,-0.0064719550,-0.0253812400,0.0074005810,0.1022654000,0.9947296000,0.0043462070,-0.0051378640,-0.0255132300,0.0074616690,0.1054094000,0.9944009000,0.0000000000,,
21.0833300000,3968144,True,1.0000000000,4.3554840000,-0.0318788200,-0.0034465330,-0.0257163400,0.0019531350,0.1143042000,0.9934438000,True,1.0000000000,4.5480800000,0.0326738900,-0.0064710240,-0.0253862900,0.0076752670,0.1025098000,0.9947024000,0.0032568510,-0.0050927430,-0.0255367000,0.0050659710,0.1078808000,0.9941509000,0.0000000000,,
21.0833300000,3968152,True,1.0000000000,4.4057310000,-0.0318842800,-0.0034544220,-0.0257381800,0.0013275150,0.1183930000,0.9929659000,True,1.0000000000,4.5548100000,0.0326673300,-0.0064657900,-0.0253931100,0.0088806310,0.1016237000,0.9947833000,0.0057352910,-0.0052093970,-0.0255370800,0.0057373140,0.1086275000,0.9940660000,0.0000000000,,
21.1000000000,3968161,True,1.0000000000,4.3717500000,-0.0318852000,-0.0034525450,-0.0257365100,0.0032806490,0.1140292000,0.9934720000,True,1.0000000000,4.5610660000,0.0326607700,-0.0064605410,-0.0253999300,0.0101013700,0.1007238000,0.9948632000,0.0116741800,-0.0054825130,-0.0255093700,0.0078888280,0.1050572000,0.9944349000,0.0000000000,,
21.1000000000,3968169,True,1.0000000000,4.4098210000,-0.0318803900,-0.0033235630,-0.0260534100,-0.0044098580,0.1148089000,0.9933778000,True,1.0000000000,4.5720830000,0.0326592000,-0.0064589690,-0.0254053400,0.0095368860,0.1011368000,0.9948269000,0.0239847900,-0.0060375670,-0.0254924300,0.0076599850,0.1029826000,0.9946536000,0.0000000000,,
21.1166700000,3968177,True,1.0000000000,4.4160770000,-0.0318817200,-0.0033938750,-0.0257082800,0.0002136253,0.1137402000,0.9935105000,True,1.0000000000,4.6631010000,0.0326490700,-0.0064274600,-0.0254079900,0.0090027110,0.1107486000,0.9938077000,0.0228867500,-0.0059685370,-0.0254534200,0.0076752360,0.1112070000,0.9937676000,0.0000000000,,
21.1166700000,3968186,True,1.0000000000,4.4364470000,-0.0318739000,-0.0034006500,-0.0256072700,0.0046234490,0.1139383000,0.9934770000,True,1.0000000000,4.6212160000,0.0326569400,-0.0063936310,-0.0254638400,0.0130311200,0.1072245000,0.9941494000,0.0217414600,-0.0058873600,-0.0254881000,0.0116120400,0.1083689000,0.9940429000,0.0000000000,,
21.1333400000,3968194,True,1.0000000000,4.4201050000,-0.0318675100,-0.0033974150,-0.0255520500,0.0080261480,0.1191257000,0.9928468000,True,1.0000000000,4.6557920000,0.0326671900,-0.0063806000,-0.0254807100,0.0097961980,0.1087195000,0.9940242000,0.0213429700,-0.0058571320,-0.0254932400,0.0094910140,0.1105505000,0.9938251000,0.0000000000,,
21.1333400000,3968202,True,1.0000000000,4.4303280000,-0.0318609200,-0.0033988500,-0.0255190600,0.0005645781,0.1157690000,0.9932760000,True,1.0000000000,4.6576230000,0.0326712500,-0.0063912050,-0.0254605100,0.0087128150,0.1100622000,0.9938865000,0.0222514200,-0.0059080360,-0.0254699700,0.0073852970,0.1109778000,0.9937954000,0.0000000000,,
21.1500000000,3968211,True,1.0000000000,4.4505460000,-0.0318604300,-0.0033974920,-0.0255338800,0.0003509575,0.1147631000,0.9933928000,True,1.0000000000,4.6585690000,0.0326753300,-0.0064017950,-0.0254403100,0.0081329630,0.1105351000,0.9938390000,0.0234711300,-0.0059733130,-0.0254536600,0.0070190780,0.1111456000,0.9937793000,0.0000000000,,
21.1500000000,3968219,True,1.0000000000,4.4773410000,-0.0318609300,-0.0034071660,-0.0255828700,0.0009307891,0.1117862000,0.9937319000,True,1.0000000000,4.6465000000,0.0326770400,-0.0064208380,-0.0254227000,0.0086060250,0.1100473000,0.9938891000,0.0258924100,-0.0061040190,-0.0254395500,0.0078125740,0.1102305000,0.9938753000,0.0000000000,,
21.1666700000,3968227,True,1.0000000000,4.4678800000,-0.0318660900,-0.0034270630,-0.0256100900,0.0000610353,0.1134188000,0.9935473000,True,1.0000000000,4.6480870000,0.0326702400,-0.0065033570,-0.0253532700,0.0046691940,0.0971833200,0.9952555000,0.0256623700,-0.0061693120,-0.0253811500,0.0041657050,0.0989393100,0.9950848000,0.0000000000,,
21.1666700000,3968236,True,1.0000000000,4.4106900000,-0.0318713600,-0.0034690710,-0.0256473400,0.0041809520,0.1173413000,0.9930829000,True,1.0000000000,4.6322940000,0.0326637000,-0.0065084690,-0.0254667700,0.0051422230,0.1053927000,0.9944174000,0.0235345500,-0.0060785220,-0.0254923100,0.0050049070,0.1070867000,0.9942371000,0.0000000000,,
21.1833300000,3968244,True,1.0000000000,4.3572540000,-0.0318805900,-0.0035072940,-0.0256828200,0.0003662120,0.1161808000,0.9932280000,True,1.0000000000,4.6649930000,0.0326503900,-0.0065304720,-0.0254539200,0.0066376260,0.1068276000,0.9942554000,0.0219201400,-0.0060277710,-0.0254919800,0.0056000530,0.1083847000,0.9940933000,0.0000000000,,
21.1833300000,3968252,True,1.0000000000,4.4251400000,-0.0318863800,-0.0033647770,-0.0261597900,-0.0090179590,0.1118471000,0.9936845000,True,1.0000000000,4.6415710000,0.0326443600,-0.0065324100,-0.0254670300,0.0052185280,0.1077885000,0.9941602000,0.0254989800,-0.0061816710,-0.0255437500,0.0036468770,0.1082466000,0.9941174000,0.0000000000,,
21.2000000000,3968261,True,1.0000000000,4.4403690000,-0.0318955400,-0.0033666990,-0.0261770500,-0.0068207450,0.1084910000,0.9940740000,True,1.0000000000,4.6299740000,0.0326383400,-0.0065304720,-0.0254801500,0.0037232020,0.1081712000,0.9941253000,0.0317894700,-0.0064888620,-0.0254893200,0.0035858720,0.1081713000,0.9941258000,0.0000000000,,
21.2000000000,3968269,True,1.0000000000,4.4333650000,-0.0318998300,-0.0033614500,-0.0261828500,-0.0075378490,0.1094972000,0.9939585000,True,1.0000000000,4.6464230000,0.0326343300,-0.0065218820,-0.0255057800,0.0020599510,0.1082924000,0.9941170000,0.0325051700,-0.0065155640,-0.0255071400,0.0020446880,0.1083075000,0.9941153000,0.0000000000,,
21.2166700000,3968277,True,1.0000000000,4.4175420000,-0.0319120000,-0.0033190920,-0.0262460200,0.0001220708,0.1117863000,0.9937323000,True,1.0000000000,4.6276400000,0.0326302900,-0.0065132910,-0.0255314200,0.0034942820,0.1079870000,0.9941461000,0.0325928500,-0.0065114440,-0.0255318300,0.0034942820,0.1079870000,0.9941461000,0.0000000000,,
21.2166700000,3968286,True,1.0000000000,4.4302670000,-0.0319104600,-0.0033048250,-0.0262199600,-0.0041351560,0.1096350000,0.9939633000,True,1.0000000000,4.6244050000,0.0326307900,-0.0065072330,-0.0255374200,0.0035705680,0.1110538000,0.9938080000,0.0325975300,-0.0065055850,-0.0255377700,0.0035705680,0.1110538000,0.9938080000,0.0000000000,,
21.2333300000,3968294,True,1.0000000000,4.3887480000,-0.0319087700,-0.0032847290,-0.0262127200,-0.0105286900,0.1087354000,0.9940150000,True,1.0000000000,4.6320340000,0.0326312600,-0.0065011600,-0.0255434100,0.0032348650,0.1141816000,0.9934546000,0.0325628400,-0.0064977570,-0.0255441300,0.0032196120,0.1141665000,0.9934564000,0.0000000000,,
21.2333300000,3968302,True,1.0000000000,4.5042570000,-0.0319006200,-0.0032879180,-0.0261469400,-0.0031585990,0.1096354000,0.9939668000,True,1.0000000000,4.6257320000,0.0326329800,-0.0064929970,-0.0255469100,0.0030822950,0.1130684000,0.9935824000,0.0323493500,-0.0064789130,-0.0255495500,0.0030670420,0.1130533000,0.9935842000,0.0000000000,,
21.2500000000,3968311,True,1.0000000000,4.5187070000,-0.0318940600,-0.0033138730,-0.0260513000,-0.0077668200,0.1126570000,0.9936036000,True,1.0000000000,4.6193390000,0.0326347100,-0.0064848330,-0.0255504200,0.0025787750,0.1119249000,0.9937133000,0.0310064900,-0.0064048160,-0.0255630500,0.0023193690,0.1119401000,0.9937122000,0.0000000000,,
21.2500000000,3968319,True,1.0000000000,4.4737700000,-0.0318915400,-0.0033160860,-0.0260452000,-0.0089417820,0.1113298000,0.9937432000,True,1.0000000000,4.6175230000,0.0326365200,-0.0064751290,-0.0255517000,0.0023803740,0.1094514000,0.9939893000,0.0246384400,-0.0060835880,-0.0256128700,0.0009765712,0.1096812000,0.9939663000,0.0000000000,,
21.2666700000,3968327,True,1.0000000000,4.4915160000,-0.0318898600,-0.0033141630,-0.0260513000,-0.0088197080,0.1109330000,0.9937887000,True,1.0000000000,4.6173710000,0.0326383400,-0.0064769750,-0.0255504200,0.0021667560,0.1097111000,0.9939612000,0.0108715400,-0.0054100960,-0.0257193800,-0.0015258870,0.1101232000,0.9939167000,0.0000000000,,
21.2666700000,3968336,True,1.0000000000,4.4600680000,-0.0318914500,-0.0033152160,-0.0260610100,-0.0080109510,0.1112988000,0.9937547000,True,1.0000000000,4.6161960000,0.0326393300,-0.0064756010,-0.0255502800,0.0018005600,0.1096358000,0.9939702000,0.0153880300,-0.0056307220,-0.0256868200,-0.0008087247,0.1100781000,0.9939226000,0.0000000000,,
21.2833300000,3968344,True,1.0000000000,4.4284210000,-0.0318930500,-0.0033141630,-0.0260707000,-0.0085907510,0.1111610000,0.9937652000,True,1.0000000000,4.6170650000,0.0326403000,-0.0064742280,-0.0255504200,0.0017700440,0.1090713000,0.9940324000,0.0173933400,-0.0057276160,-0.0256733400,-0.0006713905,0.1095740000,0.9939784000,0.0000000000,,
21.2833300000,3968352,True,1.0000000000,4.4276120000,-0.0318935600,-0.0033140260,-0.0260784600,-0.0088653930,0.1103368000,0.9938548000,True,1.0000000000,4.6153110000,0.0326393300,-0.0064698340,-0.0255517000,0.0018005630,0.1085068000,0.9940941000,0.0172525800,-0.0057173920,-0.0256773100,-0.0007324328,0.1089341000,0.9940487000,0.0000000000,,
21.3000000000,3968361,True,1.0000000000,4.4271090000,-0.0318940600,-0.0033138730,-0.0260862400,-0.0091248140,0.1094672000,0.9939485000,True,1.0000000000,4.6158750000,0.0326383400,-0.0064654390,-0.0255530000,0.0018310660,0.1078803000,0.9941622000,0.0126677000,-0.0054901430,-0.0257180200,-0.0015411600,0.1083695000,0.9941095000,0.0000000000,,
21.3000000000,3968369,True,1.0000000000,4.4251860000,-0.0318973300,-0.0033072820,-0.0261153400,-0.0092316920,0.1092544000,0.9939710000,True,1.0000000000,4.6168210000,0.0326347100,-0.0064653320,-0.0255670600,0.0023040850,0.1097111000,0.9939609000,0.0083755500,-0.0052781380,-0.0257731800,-0.0020294330,0.1095436000,0.9939799000,0.0000000000,,
21.3166700000,3968377,True,1.0000000000,4.4255220000,-0.0319006100,-0.0033082580,-0.0261329500,-0.0093231960,0.1099863000,0.9938894000,True,1.0000000000,4.6173100000,0.0326338700,-0.0064646910,-0.0255678300,0.0019531490,0.1096358000,0.9939699000,0.0052416840,-0.0051249240,-0.0258077000,-0.0028229010,0.1097880000,0.9939510000,0.0000000000,,
21.3166700000,3968386,True,1.0000000000,4.4254300000,-0.0319031800,-0.0033095700,-0.0261328300,-0.0102844500,0.1100924000,0.9938682000,True,1.0000000000,4.6116790000,0.0326338700,-0.0064480290,-0.0255864900,0.0019531440,0.1072856000,0.9942263000,0.0041382760,-0.0050622710,-0.0258277100,-0.0034485160,0.1085214000,0.9940881000,0.0000000000,,
21.3333300000,3968394,True,1.0000000000,4.4253690000,-0.0319057600,-0.0033108670,-0.0261326900,-0.0112457500,0.1102755000,0.9938375000,True,1.0000000000,4.6112060000,0.0326338700,-0.0064463500,-0.0255899200,0.0019378770,0.1071784000,0.9942379000,0.0042486420,-0.0050673370,-0.0258286400,-0.0038452300,0.1085514000,0.9940834000,0.0000000000,,
21.3333300000,3968402,True,1.0000000000,4.4122010000,-0.0319104900,-0.0033123780,-0.0261233200,-0.0110779700,0.1092691000,0.9939505000,True,1.0000000000,4.6135560000,0.0326338700,-0.0064427800,-0.0256057900,0.0003662116,0.1075136000,0.9942036000,0.0032613530,-0.0050182190,-0.0258413100,-0.0048218300,0.1083081000,0.9941057000,0.0000000000,,
21.3500000000,3968411,True,1.0000000000,4.3994750000,-0.0319152300,-0.0033138730,-0.0261139700,-0.0108947900,0.1092073000,0.9939593000,True,1.0000000000,4.6120000000,0.0326338700,-0.0064320830,-0.0256322600,-0.0009308000,0.1069657000,0.9942623000,0.0008240815,-0.0048954320,-0.0258696500,-0.0058441250,0.1080629000,0.9941269000,0.0000000000,,
21.3500000000,3968419,True,1.0000000000,4.3903350000,-0.0319204000,-0.0033140260,-0.0261168800,-0.0105744500,0.1088878000,0.9939978000,True,1.0000000000,4.6021420000,0.0326227700,-0.0063903360,-0.0257226900,-0.0001220717,0.1038372000,0.9945943000,-0.0039586340,-0.0046467590,-0.0259461100,-0.0060425390,0.1067057000,0.9942723000,0.0000000000,,
21.3666700000,3968427,True,1.0000000000,4.3809360000,-0.0319255700,-0.0033141630,-0.0261139700,-0.0102386800,0.1081394000,0.9940830000,True,1.0000000000,4.6039430000,0.0326124600,-0.0063786620,-0.0257740200,-0.0016174490,0.1039745000,0.9945787000,-0.0112194400,-0.0042973640,-0.0260049000,-0.0074615890,0.1067969000,0.9942529000,0.0000000000,,
21.3666700000,3968436,True,1.0000000000,4.3812260000,-0.0319341300,-0.0033162540,-0.0261139700,-0.0110780000,0.1085522000,0.9940290000,True,1.0000000000,4.6026610000,0.0326036800,-0.0063732460,-0.0257792200,-0.0022277930,0.1029973000,0.9946792000,-0.0166135100,-0.0040419460,-0.0260345000,-0.0089722400,0.1072244000,0.9941943000,0.0000000000,,
21.3833400000,3968444,True,1.0000000000,4.3665920000,-0.0319392600,-0.0033162540,-0.0261139700,-0.0102844500,0.1080020000,0.9940975000,True,1.0000000000,4.6020360000,0.0325988500,-0.0063674170,-0.0258107000,-0.0018005370,0.1039276000,0.9945832000,-0.0207423000,-0.0038456120,-0.0260613400,-0.0088043320,0.1072999000,0.9941877000,0.0000000000,,
21.3833400000,3968452,True,1.0000000000,4.3648530000,-0.0319409800,-0.0033179170,-0.0261139700,-0.0099336210,0.1074998000,0.9941555000,True,1.0000000000,4.6018370000,0.0325985700,-0.0063662260,-0.0258140600,-0.0024871850,0.1037599000,0.9945993000,-0.0220546400,-0.0037848670,-0.0260680200,-0.0087891530,0.1069347000,0.9942272000,0.0000000000,,
21.4000000000,3968461,True,1.0000000000,4.3661650000,-0.0319412500,-0.0033205260,-0.0261139700,-0.0102234900,0.1073772000,0.9941658000,True,1.0000000000,4.6189420000,0.0325983900,-0.0063645780,-0.0258167300,-0.0027313460,0.1036843000,0.9946065000,-0.0211585400,-0.0038291020,-0.0260643000,-0.0089722850,0.1067519000,0.9942452000,0.0000000000,,
21.4000000000,3968469,True,1.0000000000,4.3671880000,-0.0319413900,-0.0033256840,-0.0261052300,-0.0113067800,0.1086122000,0.9940199000,True,1.0000000000,4.6015930000,0.0325979900,-0.0063645780,-0.0258167300,-0.0027160760,0.1035771000,0.9946178000,-0.0190013000,-0.0039349830,-0.0260473800,-0.0095825860,0.1076057000,0.9941474000,0.0000000000,,
21.4166700000,3968477,True,1.0000000000,4.3674620000,-0.0319415100,-0.0033275610,-0.0261014300,-0.0113526700,0.1087964000,0.9939992000,True,1.0000000000,4.6013950000,0.0325978900,-0.0063645780,-0.0258167300,-0.0036316420,0.1034560000,0.9946274000,-0.0145671400,-0.0041451420,-0.0260247800,-0.0092773960,0.1073615000,0.9941767000,0.0000000000,,
21.4166700000,3968486,True,1.0000000000,4.3675990000,-0.0319431800,-0.0033278810,-0.0261009500,-0.0110780400,0.1087967000,0.9940023000,True,1.0000000000,4.5955510000,0.0325975700,-0.0063645780,-0.0258167300,-0.0065766380,0.1027085000,0.9946898000,-0.0081693120,-0.0044464570,-0.0259962600,-0.0094148140,0.1065537000,0.9942624000,0.0000000000,,
21.4333300000,3968494,True,1.0000000000,4.3659970000,-0.0319453400,-0.0033278810,-0.0260885200,-0.0110475100,0.1079726000,0.9940925000,True,1.0000000000,4.5953370000,0.0325968300,-0.0063641670,-0.0258211100,-0.0092163770,0.1028755000,0.9946515000,-0.0030212250,-0.0046885680,-0.0259686700,-0.0102234600,0.1056983000,0.9943457000,0.0000000000,,
21.4333300000,3968502,True,1.0000000000,4.3660430000,-0.0319472100,-0.0033278810,-0.0260885200,-0.0112153500,0.1079573000,0.9940923000,True,1.0000000000,4.5950780000,0.0325918900,-0.0063613740,-0.0258355400,-0.0099182340,0.1033022000,0.9946006000,-0.0005684510,-0.0048027500,-0.0259655200,-0.0105743900,0.1056829000,0.9943437000,0.0000000000,,
21.4500000000,3968511,True,1.0000000000,4.3660430000,-0.0319472100,-0.0033278810,-0.0260885200,-0.0112153500,0.1079573000,0.9940923000,True,1.0000000000,4.5950470000,0.0325912100,-0.0063613740,-0.0258361200,-0.0097657790,0.1033341000,0.9945988000,0.0006689606,-0.0048609320,-0.0259609700,-0.0104829100,0.1056226000,0.9943510000,0.0000000000,,
21.4500000000,3968519,True,1.0000000000,4.3656770000,-0.0319472100,-0.0033275610,-0.0261009500,-0.0112611400,0.1108566000,0.9937726000,True,1.0000000000,4.5951230000,0.0325912100,-0.0063613740,-0.0258428000,-0.0097810180,0.1037917000,0.9945510000,0.0006829987,-0.0048614350,-0.0259704300,-0.0105133200,0.1072847000,0.9941728000,0.0000000000,,
21.4666700000,3968527,True,1.0000000000,4.3661190000,-0.0319472100,-0.0033275610,-0.0261009500,-0.0112610400,0.1112066000,0.9937335000,True,1.0000000000,4.5954590000,0.0325912100,-0.0063645780,-0.0258428000,-0.0097962390,0.1042643000,0.9945014000,-0.0003109131,-0.0048162840,-0.0259744100,-0.0105438900,0.1078040000,0.9941162000,0.0000000000,,
21.4666700000,3968536,True,1.0000000000,4.3495640000,-0.0319039000,-0.0033030090,-0.0260665000,-0.0168000200,0.1013342000,0.9947106000,True,1.0000000000,4.5961460000,0.0325912100,-0.0063645780,-0.0258428000,-0.0097961610,0.1049196000,0.9944324000,0.0001322327,-0.0048237610,-0.0259553800,-0.0133210800,0.1031201000,0.9945797000,0.0000000000,,
21.4833300000,3968544,True,1.0000000000,4.3660130000,-0.0318546100,-0.0033506620,-0.0259738600,-0.0068360430,0.1080186000,0.9941254000,True,1.0000000000,4.5190890000,0.0326579600,-0.0064693300,-0.0256129800,0.0054169300,0.1070111000,0.9942431000,-0.0034421690,-0.0047241820,-0.0258149100,-0.0014343400,0.1075755000,0.9941959000,0.0000000000,,
21.4833300000,3968552,True,1.0000000000,4.3472900000,-0.0318483400,-0.0033556370,-0.0259634700,-0.0074768230,0.1087954000,0.9940361000,True,1.0000000000,4.5833130000,0.0326636100,-0.0064996640,-0.0255415000,-0.0013275170,0.1142122000,0.9934555000,-0.0140332000,-0.0042238620,-0.0258469600,-0.0057831770,0.1102923000,0.9938824000,0.0000000000,,
21.5000000000,3968561,True,1.0000000000,4.3664700000,-0.0318498400,-0.0033536680,-0.0259614000,-0.0078278580,0.1078352000,0.9941380000,True,1.0000000000,4.5370640000,0.0326610100,-0.0064936830,-0.0255566100,0.0007324333,0.1114062000,0.9937747000,-0.0205006600,-0.0039060820,-0.0258901800,-0.0063171460,0.1084596000,0.9940808000,0.0000000000,,
21.5000000000,3968569,True,1.0000000000,4.3473660000,-0.0318522300,-0.0033571320,-0.0259572500,-0.0066376150,0.1086738000,0.9940553000,True,1.0000000000,4.5332490000,0.0326584000,-0.0064877020,-0.0255717000,0.0000305178,0.1091620000,0.9940239000,-0.0233633600,-0.0037690890,-0.0259065100,-0.0057525930,0.1087347000,0.9940541000,0.0000000000,,
21.5166700000,3968577,True,1.0000000000,4.3672940000,-0.0318546100,-0.0033605960,-0.0259531000,-0.0067902680,0.1088579000,0.9940341000,True,1.0000000000,4.5471950000,0.0326535700,-0.0064812320,-0.0255863200,-0.0010070890,0.1109171000,0.9938291000,-0.0239291700,-0.0037440030,-0.0259080400,-0.0060730410,0.1091164000,0.9940104000,0.0000000000,,
21.5166700000,3968586,True,1.0000000000,4.3612370000,-0.0318624500,-0.0033916470,-0.0258391400,-0.0057831150,0.1083075000,0.9941006000,True,1.0000000000,4.5579220000,0.0326487300,-0.0064747470,-0.0256009400,-0.0020446870,0.1087346000,0.9940687000,-0.0207680700,-0.0039218750,-0.0257981700,-0.0051422170,0.1083833000,0.9940959000,0.0000000000,,
21.5333300000,3968594,True,1.0000000000,4.3550720000,-0.0318702900,-0.0034226990,-0.0257251900,-0.0047912750,0.1078189000,0.9941590000,True,1.0000000000,4.5431820000,0.0326456000,-0.0064673470,-0.0256180000,-0.0018615960,0.1072554000,0.9942298000,-0.0130642100,-0.0043101960,-0.0256939400,-0.0039368060,0.1076518000,0.9941809000,0.0000000000,,
21.5333300000,3968602,True,1.0000000000,4.3475190000,-0.0318748000,-0.0033916470,-0.0258391400,-0.0061951180,0.1081246000,0.9941180000,True,1.0000000000,4.5545650000,0.0326424900,-0.0064599610,-0.0256350600,-0.0018463180,0.1062167000,0.9943413000,0.0009614106,-0.0049532780,-0.0257352600,-0.0039825560,0.1071475000,0.9942352000,0.0000000000,,
21.5500000000,3968611,True,1.0000000000,4.3398280000,-0.0318793400,-0.0033605960,-0.0259531000,-0.0075989630,0.1087048000,0.9940450000,True,1.0000000000,4.5570980000,0.0326420600,-0.0064593200,-0.0256350600,-0.0033569660,0.1069651000,0.9942571000,0.0087760470,-0.0053131260,-0.0257527000,-0.0049286400,0.1076061000,0.9941814000,0.0000000000,,
21.5500000000,3968619,True,1.0000000000,4.3286440000,-0.0319072400,-0.0032823790,-0.0261876400,-0.0091400710,0.0994421500,0.9950013000,True,1.0000000000,4.5585940000,0.0326416300,-0.0064586800,-0.0256350700,-0.0048523090,0.1059726000,0.9943572000,0.0169058500,-0.0056843570,-0.0257697800,-0.0059052250,0.1043867000,0.9945193000,0.0000000000,,
21.5666700000,3968627,True,1.0000000000,4.2883610000,-0.0319236800,-0.0032935950,-0.0261915600,-0.0133821500,0.1041122000,0.9944755000,True,1.0000000000,4.5619960000,0.0326399200,-0.0064558410,-0.0256456600,-0.0049591190,0.1059726000,0.9943567000,0.0207678700,-0.0058743600,-0.0257460500,-0.0065156040,0.1056230000,0.9943849000,0.0000000000,,
21.5666700000,3968636,True,1.0000000000,4.2882230000,-0.0319435700,-0.0033099820,-0.0261666600,-0.0170595000,0.0992747000,0.9949138000,True,1.0000000000,4.5580140000,0.0326382100,-0.0064530190,-0.0256562500,-0.0050354270,0.1059423000,0.9943595000,0.0270330700,-0.0061802220,-0.0257005500,-0.0060730910,0.1053635000,0.9944152000,0.0000000000,,
21.5833300000,3968644,True,1.0000000000,4.3275450000,-0.0319567300,-0.0033469390,-0.0260863700,-0.0139160600,0.1019443000,0.9946928000,True,1.0000000000,4.5243680000,0.0325804300,-0.0063783120,-0.0258973600,-0.0104981600,0.0955210500,0.9953721000,0.0266172500,-0.0060982210,-0.0259148300,-0.0108186000,0.0961161800,0.9953113000,0.0000000000,,
21.5833300000,3968652,True,1.0000000000,4.2842250000,-0.0319660800,-0.0033765410,-0.0260195300,-0.0158998400,0.1029064000,0.9945639000,True,1.0000000000,4.4999240000,0.0325657500,-0.0063924100,-0.0258647800,-0.0107881100,0.1096664000,0.9939100000,0.0212401700,-0.0058631140,-0.0258919400,-0.0116731100,0.1084760000,0.9940305000,0.0000000000,,
21.6000000000,3968661,True,1.0000000000,4.2883910000,-0.0319703200,-0.0033911900,-0.0259872700,-0.0207367500,0.1013797000,0.9946317000,True,1.0000000000,4.4957280000,0.0325579500,-0.0064089510,-0.0258265200,-0.0113069400,0.1080644000,0.9940796000,0.0153781600,-0.0056055150,-0.0258693100,-0.0138245500,0.1062934000,0.9942387000,0.0000000000,,
21.6000000000,3968669,True,1.0000000000,4.2835540000,-0.0319745800,-0.0033964080,-0.0259938700,-0.0207978900,0.1002663000,0.9947432000,True,1.0000000000,4.5003360000,0.0325501400,-0.0064254920,-0.0257882700,-0.0118866600,0.1065374000,0.9942376000,0.0078042760,-0.0052638100,-0.0258671100,-0.0153047800,0.1041427000,0.9944446000,0.0000000000,,
21.6166700000,3968677,True,1.0000000000,4.2866520000,-0.0319785600,-0.0034005430,-0.0259879500,-0.0223544300,0.0989546000,0.9948409000,True,1.0000000000,4.5160220000,0.0325432900,-0.0064379580,-0.0257569000,-0.0141907700,0.1072395000,0.9941319000,0.0006134949,-0.0049348450,-0.0258712300,-0.0182191600,0.1031351000,0.9945005000,0.0000000000,,
21.6166700000,3968686,True,1.0000000000,4.2828220000,-0.0319825400,-0.0033964080,-0.0259938700,-0.0239871800,0.0987106000,0.9948270000,True,1.0000000000,4.5317380000,0.0325364400,-0.0064504240,-0.0257255300,-0.0164947800,0.1078035000,0.9940354000,-0.0008539124,-0.0048698890,-0.0258644000,-0.0203705000,0.1031037000,0.9944620000,0.0000000000,,
21.6333400000,3968694,True,1.0000000000,4.2795260000,-0.0319855200,-0.0033954780,-0.0259944900,-0.0226747700,0.0984658600,0.9948820000,True,1.0000000000,4.5393980000,0.0325322900,-0.0064628150,-0.0256963200,-0.0162964200,0.1081088000,0.9940055000,0.0005718232,-0.0049433290,-0.0258440300,-0.0194551600,0.1033336000,0.9944565000,0.0000000000,,
21.6333400000,3968702,True,1.0000000000,4.2767640000,-0.0319885000,-0.0033964080,-0.0259938700,-0.0227662100,0.0986484700,0.9948619000,True,1.0000000000,4.5310520000,0.0325302100,-0.0064504240,-0.0257132600,-0.0165100700,0.1060795000,0.9942206000,-0.0019855040,-0.0048166200,-0.0258633700,-0.0198518500,0.1020974000,0.9945763000,0.0000000000,,
21.6500000000,3968711,True,1.0000000000,4.2754820000,-0.0319855200,-0.0033954780,-0.0259879500,-0.0227051400,0.0988314400,0.9948452000,True,1.0000000000,4.5373380000,0.0325333300,-0.0064473880,-0.0257193900,-0.0165253700,0.1063392000,0.9941925000,-0.0071405190,-0.0045707100,-0.0258845200,-0.0203248300,0.1017310000,0.9946043000,0.0000000000,,
21.6500000000,3968719,True,1.0000000000,4.1983950000,-0.0319177600,-0.0032656250,-0.0261286300,-0.0238955800,0.0961011400,0.9950847000,True,1.0000000000,4.4789280000,0.0326327500,-0.0063130040,-0.0259882500,-0.0219117300,0.1021581000,0.9945269000,-0.0133803700,-0.0041407630,-0.0260883200,-0.0233156700,0.0978403500,0.9949290000,0.0000000000,,
21.6666700000,3968727,True,1.0000000000,4.3297270000,-0.0318134000,-0.0033057250,-0.0258770300,-0.0300447100,0.1029058000,0.9942373000,True,1.0000000000,4.4214630000,0.0327162500,-0.0063401190,-0.0258866300,-0.0177003000,0.0928808100,0.9955199000,-0.0140434900,-0.0041413270,-0.0258796700,-0.0266419200,0.1001437000,0.9946163000,0.0000000000,,
21.6666700000,3968736,True,1.0000000000,4.2375030000,-0.0317084500,-0.0033039700,-0.0257468300,-0.0376130900,0.1006932000,0.9942063000,True,1.0000000000,4.4455410000,0.0328134600,-0.0062646790,-0.0260489400,-0.0183106300,0.0907902200,0.9957017000,-0.0134974800,-0.0041396180,-0.0258320900,-0.0321655800,0.0979005500,0.9946763000,0.0000000000,,
21.6833300000,3968744,True,1.0000000000,4.2776790000,-0.0316041900,-0.0031569370,-0.0260391100,-0.0299839800,0.0912489600,0.9953766000,True,1.0000000000,4.4376220000,0.0329208200,-0.0062540590,-0.0261011400,-0.0208132400,0.0939647400,0.9953579000,-0.0229850500,-0.0035706480,-0.0260474000,-0.0287628900,0.0916140100,0.9953791000,0.0000000000,,
21.6833300000,3968752,True,1.0000000000,4.3032680000,-0.0315129600,-0.0032581940,-0.0256919600,-0.0367586400,0.0923619900,0.9950468000,True,1.0000000000,4.4291840000,0.0329981600,-0.0062185670,-0.0262594600,-0.0268253000,0.0902568900,0.9955572000,-0.0237306200,-0.0036153260,-0.0257604200,-0.0355533800,0.0921183500,0.9951131000,0.0000000000,,
21.7000000000,3968761,True,1.0000000000,4.2673340000,-0.0314727600,-0.0032248540,-0.0257943300,-0.0350651900,0.0894330300,0.9953754000,True,1.0000000000,4.4220430000,0.0330304100,-0.0061871950,-0.0263766600,-0.0324253100,0.0878916800,0.9956021000,-0.0273415700,-0.0034145820,-0.0258316400,-0.0348973500,0.0893262300,0.9953909000,0.0000000000,,
21.7000000000,3968769,True,1.0000000000,4.2884520000,-0.0314796200,-0.0032577210,-0.0257364800,-0.0377964000,0.0897225900,0.9952493000,True,1.0000000000,4.5016780000,0.0330113100,-0.0062085730,-0.0263673000,-0.0438843500,0.0839845100,0.9955003000,-0.0273783700,-0.0034453740,-0.0257766000,-0.0381780000,0.0893566500,0.9952677000,0.0000000000,,
21.7166700000,3968777,True,1.0000000000,4.2594600000,-0.0315940900,-0.0029874730,-0.0266634700,-0.0415041100,0.0835270100,0.9956408000,True,1.0000000000,4.4405980000,0.0329432400,-0.0063484190,-0.0260493200,-0.0423128400,0.0852818100,0.9954580000,0.0089777840,-0.0051003570,-0.0262773800,-0.0420079400,0.0846414900,0.9955255000,0.0000000000,,
21.7166700000,3968786,True,1.0000000000,4.2589870000,-0.0316915800,-0.0031626280,-0.0263629000,-0.0480962500,0.0876322200,0.9949911000,True,1.0000000000,4.4399260000,0.0328354500,-0.0062899480,-0.0262478500,-0.0409551800,0.0818493200,0.9958029000,0.0265405900,-0.0059848790,-0.0262590600,-0.0416571200,0.0824139500,0.9957272000,0.0000000000,,
21.7333300000,3968794,True,1.0000000000,4.1577610000,-0.0318307100,-0.0032052610,-0.0264216900,-0.0534518800,0.0802922600,0.9953372000,True,1.0000000000,4.5185700000,0.0327044500,-0.0063837590,-0.0260667700,-0.0474551900,0.0845038100,0.9952924000,0.0319471100,-0.0063464660,-0.0260709400,-0.0475162700,0.0844581100,0.9952934000,0.0000000000,,
21.7333300000,3968802,True,1.0000000000,4.2568050000,-0.0319353500,-0.0034161070,-0.0260038000,-0.0621951100,0.0927128300,0.9937485000,True,1.0000000000,4.4790040000,0.0325643000,-0.0065018930,-0.0258293500,-0.0584719600,0.0813449900,0.9949694000,0.0311297300,-0.0064332580,-0.0258332200,-0.0585485300,0.0816047800,0.9949436000,0.0000000000,,
21.7333300000,3968811,True,1.0000000000,4.2688450000,-0.0320671700,-0.0033903660,-0.0261734500,-0.0637976500,0.0835885100,0.9944561000,True,1.0000000000,4.4638980000,0.0324265800,-0.0066631780,-0.0255955800,-0.0636598800,0.0965579400,0.9932895000,0.0296622000,-0.0065228880,-0.0256203500,-0.0636756400,0.0959941200,0.9933431000,0.0000000000,,
21.7500000000,3968819,True,1.0000000000,4.2141570000,-0.0321967200,-0.0032503970,-0.0265825100,-0.0688639000,0.0756999300,0.9947499000,True,1.0000000000,4.5212860000,0.0323186800,-0.0068358770,-0.0252365300,-0.0657660300,0.0934610000,0.9934485000,0.0092550360,-0.0055541080,-0.0257177000,-0.0668798500,0.0871131900,0.9939509000,0.0000000000,,
21.7666700000,3968827,True,1.0000000000,4.2334750000,-0.0322337000,-0.0035913390,-0.0257910900,-0.0885022400,0.0822460400,0.9926746000,True,1.0000000000,4.5258640000,0.0322208700,-0.0068653870,-0.0252691700,-0.0679484400,0.0916609600,0.9934693000,-0.0178848100,-0.0043202060,-0.0256749000,-0.0839390200,0.0843510000,0.9928943000,0.0000000000,,
21.7666700000,3968836,True,1.0000000000,4.1805880000,-0.0323570400,-0.0033783720,-0.0264627900,-0.0769354400,0.0756231800,0.9941640000,True,1.0000000000,4.4811100000,0.0321570700,-0.0069319460,-0.0251755100,-0.0815437800,0.0824898300,0.9932503000,-0.0300059700,-0.0035078740,-0.0264158800,-0.0771031200,0.0758824100,0.9941313000,0.0000000000,,
21.7833300000,3968844,True,1.0000000000,4.2345280000,-0.0323566300,-0.0035347290,-0.0261350900,-0.0914310100,0.0815585300,0.9924659000,True,1.0000000000,4.5257720000,0.0321184700,-0.0069111180,-0.0253025700,-0.0892498800,0.0935529100,0.9916059000,-0.0314484400,-0.0035822910,-0.0261233700,-0.0914008800,0.0817267300,0.9924548000,0.0000000000,,
21.7833300000,3968852,True,1.0000000000,4.2167970000,-0.0323723800,-0.0034337620,-0.0263518100,-0.0903180100,0.0690927400,0.9935134000,True,1.0000000000,4.5564880000,0.0321283900,-0.0069349830,-0.0252827800,-0.0936750000,0.0929425700,0.9912551000,-0.0316249700,-0.0034743350,-0.0263394200,-0.0903479300,0.0693669500,0.9934915000,0.0000000000,,
21.8000000000,3968861,True,1.0000000000,4.1798710000,-0.0323432500,-0.0033823550,-0.0264651800,-0.0906386300,0.0712444000,0.9933322000,True,1.0000000000,4.4859310000,0.0321671600,-0.0069897920,-0.0251436500,-0.0993362400,0.0875410200,0.9911957000,-0.0315346400,-0.0034275820,-0.0264486100,-0.0907446500,0.0714421500,0.9933083000,0.0000000000,,
21.8000000000,3968869,True,1.0000000000,4.2284700000,-0.0322682800,-0.0035619660,-0.0259648200,-0.1111772000,0.0739909600,0.9910424000,True,1.0000000000,4.4831540000,0.0322022400,-0.0069891060,-0.0251387800,-0.0966953000,0.0876925800,0.9914434000,-0.0161323500,-0.0044197240,-0.0257580700,-0.1075607000,0.0774241900,0.9911792000,0.0000000000,,
21.8166700000,3968877,True,1.0000000000,4.2011410000,-0.0322544900,-0.0035139930,-0.0260627900,-0.1100782000,0.0803079500,0.9906732000,True,1.0000000000,4.5157320000,0.0322172600,-0.0069239810,-0.0253069900,-0.1034549000,0.0854799700,0.9909542000,0.0236794900,-0.0064723970,-0.0254070800,-0.1043260000,0.0847944600,0.9909218000,0.0000000000,,
21.8166700000,3968886,True,1.0000000000,4.2344060000,-0.0322552800,-0.0034963690,-0.0261041300,-0.1113906000,0.0794230000,0.9905978000,True,1.0000000000,4.4990390000,0.0322196200,-0.0069284970,-0.0252790100,-0.1084446000,0.0734866100,0.9913826000,0.0308224200,-0.0068541260,-0.0252968900,-0.1085207000,0.0736085300,0.9913653000,0.0000000000,,
21.8333300000,3968894,True,1.0000000000,4.2855380000,-0.0322702200,-0.0035315400,-0.0260225700,-0.1124886000,0.0701756500,0.9911719000,True,1.0000000000,4.4915770000,0.0322099000,-0.0069379120,-0.0252392700,-0.1109637000,0.0772870000,0.9908147000,0.0317342800,-0.0069127810,-0.0252450600,-0.1109624000,0.0772403200,0.9908184000,0.0000000000,,
21.8333300000,3968902,True,1.0000000000,4.2712710000,-0.0323371000,-0.0034900060,-0.0262011100,-0.1167768000,0.0750130100,0.9903213000,True,1.0000000000,4.5311430000,0.0321343400,-0.0068895420,-0.0253255000,-0.1148845000,0.0805671600,0.9901063000,0.0298451200,-0.0067688300,-0.0253566000,-0.1149616000,0.0803693800,0.9901134000,0.0000000000,,
21.8500000000,3968911,True,1.0000000000,4.3076020000,-0.0324029000,-0.0035308530,-0.0261443500,-0.1274423000,0.0742040100,0.9890664000,True,1.0000000000,4.5151670000,0.0320569800,-0.0068505860,-0.0253848700,-0.1185474000,0.0769817800,0.9899597000,0.0255976900,-0.0065179290,-0.0254609700,-0.1194314000,0.0767064500,0.9898749000,0.0000000000,,
21.8500000000,3968919,True,1.0000000000,4.2837370000,-0.0325275000,-0.0033456580,-0.0267696100,-0.1161656000,0.0709078400,0.9906955000,True,1.0000000000,4.5372620000,0.0319915500,-0.0069154970,-0.0251788600,-0.1219041000,0.0782328400,0.9894539000,0.0300971700,-0.0068106850,-0.0252255700,-0.1217352000,0.0780185800,0.9894916000,0.0000000000,,
21.8666700000,3968927,True,1.0000000000,4.2625430000,-0.0325823100,-0.0034671780,-0.0264748200,-0.1240700000,0.0715336800,0.9896917000,True,1.0000000000,4.5705720000,0.0318974900,-0.0068774880,-0.0252665700,-0.1252454000,0.0841530500,0.9885504000,0.0310439500,-0.0068323520,-0.0252825600,-0.1252302000,0.0839852800,0.9885666000,0.0000000000,,
21.8666700000,3968936,True,1.0000000000,4.2531130000,-0.0326798700,-0.0034834600,-0.0265043000,-0.1239632000,0.0775914100,0.9892486000,True,1.0000000000,4.6118470000,0.0318350500,-0.0068992010,-0.0251876800,-0.1289225000,0.0832830900,0.9881513000,0.0313092200,-0.0068713690,-0.0251984300,-0.1288779000,0.0832381200,0.9881609000,0.0000000000,,
21.8833400000,3968944,True,1.0000000000,4.3154140000,-0.0327215600,-0.0035396880,-0.0263734800,-0.1321280000,0.0846571600,0.9876109000,True,1.0000000000,4.5005800000,0.0317596000,-0.0068952330,-0.0251994300,-0.1233077000,0.0879832000,0.9884605000,0.0311078800,-0.0068613130,-0.0252113000,-0.1233982000,0.0879519100,0.9884520000,0.0000000000,,
21.8833400000,3968952,True,1.0000000000,4.2576450000,-0.0327266300,-0.0035153350,-0.0264291100,-0.1259934000,0.0829936200,0.9885533000,True,1.0000000000,4.5632930000,0.0317538300,-0.0068871620,-0.0252214200,-0.1277624000,0.0909122500,0.9876294000,0.0309366800,-0.0068444370,-0.0252367300,-0.1277334000,0.0908218100,0.9876415000,0.0000000000,,
21.9000000000,3968960,True,1.0000000000,4.2754520000,-0.0327220000,-0.0035078280,-0.0264402200,-0.1243597000,0.0833744000,0.9887282000,True,1.0000000000,4.5681150000,0.0317620400,-0.0069181980,-0.0251394200,-0.1249861000,0.0898904700,0.9880781000,0.0301561000,-0.0068332670,-0.0251718100,-0.1249710000,0.0897228000,0.9880952000,0.0000000000,,
21.9000000000,3968969,True,1.0000000000,4.2940520000,-0.0327174700,-0.0035003210,-0.0264395900,-0.1271687000,0.0829938000,0.9884028000,True,1.0000000000,4.5699310000,0.0317636400,-0.0069492340,-0.0250574400,-0.1241314000,0.0928811300,0.9879091000,0.0272018100,-0.0067052310,-0.0251552100,-0.1243442000,0.0921785900,0.9879482000,0.0000000000,,
21.9166700000,3968977,True,1.0000000000,4.1959840000,-0.0327316600,-0.0034908450,-0.0264552800,-0.1252310000,0.0839095200,0.9885729000,True,1.0000000000,4.5699620000,0.0317433200,-0.0069486090,-0.0250618000,-0.1255347000,0.0947575300,0.9875536000,0.0132615800,-0.0059574440,-0.0254612300,-0.1254431000,0.0916447500,0.9878590000,0.0000000000,,
21.9166700000,3968985,True,1.0000000000,4.3310240000,-0.0327535000,-0.0034864960,-0.0264649700,-0.1208196000,0.0865329500,0.9888957000,True,1.0000000000,4.5941470000,0.0317223400,-0.0069179540,-0.0251259900,-0.1243444000,0.0974124900,0.9874458000,0.0055534520,-0.0055252230,-0.0256694400,-0.1229262000,0.0930033800,0.9880484000,0.0000000000,,
21.9333300000,3968994,True,1.0000000000,4.2506260000,-0.0327782600,-0.0035090940,-0.0263991900,-0.1303572000,0.0849771100,0.9878188000,True,1.0000000000,4.4924160000,0.0317006900,-0.0069033210,-0.0251478000,-0.1272128000,0.0902101600,0.9877647000,0.0040624090,-0.0054484260,-0.0256842100,-0.1285723000,0.0879680900,0.9877908000,0.0000000000,,
21.9333300000,3969002,True,1.0000000000,4.3472140000,-0.0328105700,-0.0035082860,-0.0264036900,-0.1296858000,0.0897684300,0.9874833000,True,1.0000000000,4.5864110000,0.0316776700,-0.0068414770,-0.0253113100,-0.1296863000,0.0991378000,0.9865866000,-0.0117538500,-0.0045966340,-0.0260470000,-0.1296849000,0.0928195300,0.9872013000,0.0000000000,,
21.9500000000,3969010,True,1.0000000000,4.2773440000,-0.0328401800,-0.0035120700,-0.0264107200,-0.1298075000,0.0858466200,0.9878159000,True,1.0000000000,4.5059660000,0.0316535800,-0.0068345340,-0.0253354200,-0.1312882000,0.0991832900,0.9863701000,-0.0143109300,-0.0044666290,-0.0261017800,-0.1302348000,0.0896766200,0.9874194000,0.0000000000,,
21.9500000000,3969019,True,1.0000000000,4.2438960000,-0.0328617400,-0.0035231780,-0.0264039000,-0.1312886000,0.0820172600,0.9879456000,True,1.0000000000,4.5467220000,0.0316286800,-0.0068839270,-0.0252295100,-0.1264359000,0.0933086700,0.9875765000,-0.0166539800,-0.0043677980,-0.0261087500,-0.1300827000,0.0848551100,0.9878654000,0.0000000000,,
21.9666700000,3969027,True,1.0000000000,4.3070370000,-0.0328677400,-0.0035243380,-0.0264105900,-0.1313174000,0.0891725200,0.9873217000,True,1.0000000000,4.5269320000,0.0316138900,-0.0069710390,-0.0250226800,-0.1233833000,0.0833592600,0.9888518000,-0.0204645700,-0.0041873170,-0.0261436200,-0.1297930000,0.0880596500,0.9876230000,0.0000000000,,
21.9666700000,3969035,True,1.0000000000,4.2745360000,-0.0328737500,-0.0035255130,-0.0264172700,-0.1316539000,0.0837103700,0.9877549000,True,1.0000000000,4.6130220000,0.0316038400,-0.0069722140,-0.0250466900,-0.1282980000,0.0881667000,0.9878088000,-0.0202274000,-0.0042015230,-0.0261484400,-0.1309975000,0.0845799600,0.9877682000,0.0000000000,,
21.9833300000,3969044,True,1.0000000000,4.2581940000,-0.0328774300,-0.0035243380,-0.0264243900,-0.1293954000,0.0827337400,0.9881356000,True,1.0000000000,4.5572970000,0.0316067400,-0.0069960330,-0.0249949400,-0.1270001000,0.0849312100,0.9882599000,-0.0234225200,-0.0040333710,-0.0262148000,-0.1290450000,0.0830544800,0.9881545000,0.0000000000,,
21.9833300000,3969052,True,1.0000000000,4.2418210000,-0.0328772700,-0.0035231780,-0.0264315200,-0.1279467000,0.0818034900,0.9884017000,True,1.0000000000,4.5054780000,0.0316096200,-0.0070198370,-0.0249431900,-0.1257795000,0.0860147100,0.9883223000,-0.0256146900,-0.0039169770,-0.0262639000,-0.1277014000,0.0822910500,0.9883929000,0.0000000000,,
22.0000000000,3969060,True,1.0000000000,4.2566680000,-0.0328755000,-0.0035222020,-0.0264451000,-0.1254284000,0.0831611900,0.9886111000,True,1.0000000000,4.5436400000,0.0316494100,-0.0070637820,-0.0248533800,-0.1286785000,0.0931862700,0.9872984000,-0.0288462800,-0.0037433470,-0.0263457000,-0.1256266000,0.0837866700,0.9885331000,0.0000000000,,
22.0000000000,3969069,True,1.0000000000,4.1429140000,-0.0328621200,-0.0033715670,-0.0268844000,-0.1112523000,0.0768283000,0.9908180000,True,1.0000000000,4.5737000000,0.0316801500,-0.0070516670,-0.0248606100,-0.1293808000,0.0944377900,0.9870877000,-0.0237959900,-0.0038885040,-0.0266001300,-0.1138009000,0.0793005500,0.9903337000,0.0000000000,,
22.0166700000,3969077,True,1.0000000000,4.2831420000,-0.0328329200,-0.0033196560,-0.0270215900,-0.1090716000,0.0866408400,0.9902508000,True,1.0000000000,4.5778200000,0.0317029400,-0.0070165260,-0.0249284400,-0.1192173000,0.0997775400,0.9878419000,0.0125345900,-0.0059184880,-0.0255501400,-0.1162126000,0.0958875700,0.9885849000,0.0000000000,,
22.0166700000,3969085,True,1.0000000000,4.3028870000,-0.0327969700,-0.0032787480,-0.0271196000,-0.1142732000,0.0851593800,0.9897927000,True,1.0000000000,4.4957120000,0.0317324100,-0.0070188140,-0.0249042800,-0.1168825000,0.0987703300,0.9882221000,0.0306704000,-0.0069572600,-0.0249407500,-0.1168383000,0.0985427100,0.9882500000,0.0000000000,,
22.0333300000,3969094,True,1.0000000000,4.2215730000,-0.0327829600,-0.0031531980,-0.0274612100,-0.1028445000,0.0785066400,0.9915946000,True,1.0000000000,4.5224000000,0.0317605800,-0.0070536350,-0.0247839700,-0.1175555000,0.1078050000,0.9871975000,0.0317294000,-0.0070517430,-0.0247852600,-0.1175539000,0.1077883000,0.9871995000,0.0000000000,,
22.0333300000,3969102,True,1.0000000000,4.2075200000,-0.0327651700,-0.0031520850,-0.0274359000,-0.0995955800,0.0800182600,0.9918053000,True,1.0000000000,4.5659940000,0.0317876500,-0.0070334630,-0.0248042200,-0.1103225000,0.1117569000,0.9875927000,0.0317831900,-0.0070331880,-0.0248044000,-0.1103225000,0.1117569000,0.9875927000,0.0000000000,,
22.0500000000,3969110,True,1.0000000000,4.2036900000,-0.0327454500,-0.0031618810,-0.0273794700,-0.0944680100,0.0806281600,0.9922575000,True,1.0000000000,4.5770720000,0.0318069800,-0.0069817810,-0.0248917500,-0.1044930000,0.1110696000,0.9883040000,0.0318037700,-0.0069815980,-0.0248918800,-0.1044930000,0.1110696000,0.9883040000,0.0000000000,,
22.0500000000,3969119,True,1.0000000000,4.2373810000,-0.0327331700,-0.0031215060,-0.0274500100,-0.0888229200,0.0816816800,0.9926926000,True,1.0000000000,4.5208740000,0.0318086900,-0.0068281560,-0.0252976800,-0.0997933700,0.1100779000,0.9889004000,0.0317977300,-0.0068275300,-0.0252980500,-0.0997933700,0.1100779000,0.9889004000,0.0000000000,,
22.0666700000,3969127,True,1.0000000000,4.2150420000,-0.0327230100,-0.0030586090,-0.0275537700,-0.0814980200,0.0890664600,0.9926859000,True,1.0000000000,4.5200040000,0.0318209100,-0.0068456270,-0.0250965100,-0.1002965000,0.1122441000,0.9886060000,0.0317795900,-0.0068432010,-0.0250981000,-0.1002815000,0.1122293000,0.9886093000,0.0000000000,,
22.0666700000,3969135,True,1.0000000000,4.1783140000,-0.0327008500,-0.0030813750,-0.0274055500,-0.0768747500,0.0882121800,0.9931309000,True,1.0000000000,4.5270690000,0.0318133400,-0.0066958010,-0.0254126700,-0.0943004300,0.1050427000,0.9899866000,0.0297586100,-0.0065806890,-0.0254761400,-0.0937361500,0.1045090000,0.9900967000,0.0000000000,,
22.0833300000,3969144,True,1.0000000000,4.1296540000,-0.0326729800,-0.0030867620,-0.0272877800,-0.0793775100,0.0902266800,0.9927529000,True,1.0000000000,4.3971560000,0.0318344100,-0.0067122650,-0.0251856600,-0.0843816300,0.1024176000,0.9911561000,-0.0044798590,-0.0046712950,-0.0263690400,-0.0815742600,0.0955667000,0.9920749000,0.0000000000,,
22.0833300000,3969152,True,1.0000000000,4.2089230000,-0.0326401200,-0.0030865630,-0.0271941100,-0.0816960300,0.0885930400,0.9927120000,True,1.0000000000,4.4451600000,0.0318542000,-0.0066958160,-0.0251475200,-0.0888067000,0.0999762000,0.9910187000,-0.0192859500,-0.0038338930,-0.0267703400,-0.0831761600,0.0909429300,0.9923765000,0.0000000000,,
22.1000000000,3969160,True,1.0000000000,4.1758120000,-0.0326003000,-0.0031280210,-0.0269665500,-0.0764621200,0.0876316000,0.9932141000,True,1.0000000000,4.5059660000,0.0318869200,-0.0066557770,-0.0251695700,-0.0809330900,0.0983282000,0.9918575000,-0.0153516900,-0.0040716100,-0.0264859000,-0.0776675800,0.0905002800,0.9928632000,0.0000000000,,
22.1000000000,3969169,True,1.0000000000,4.1853940000,-0.0325520600,-0.0030571900,-0.0270747500,-0.0712284700,0.0854192200,0.9937958000,True,1.0000000000,4.4434510000,0.0319092700,-0.0063748020,-0.0258343800,-0.0706333100,0.0902257000,0.9934134000,-0.0253856700,-0.0034260260,-0.0269368600,-0.0711525400,0.0859537300,0.9937552000,0.0000000000,,
22.1166700000,3969177,True,1.0000000000,4.1864170000,-0.0325208600,-0.0028153230,-0.0276720000,-0.0631108700,0.0810095700,0.9947132000,True,1.0000000000,4.4355620000,0.0319668400,-0.0063812260,-0.0257441000,-0.0659343700,0.0940720700,0.9933797000,-0.0281283600,-0.0030582120,-0.0275406800,-0.0632944400,0.0818951900,0.9946291000,0.0000000000,,
22.1166700000,3969185,True,1.0000000000,4.2308040000,-0.0324007900,-0.0031797790,-0.0264858000,-0.0662241200,0.0906080300,0.9936823000,True,1.0000000000,4.4193880000,0.0320433000,-0.0063940890,-0.0256722100,-0.0598756500,0.0899660700,0.9941434000,-0.0018087460,-0.0047056270,-0.0260995800,-0.0632025700,0.0903024600,0.9939069000,0.0000000000,,
22.1333400000,3969194,True,1.0000000000,4.2597960000,-0.0323226200,-0.0032209470,-0.0263055900,-0.0638283100,0.0924999300,0.9936648000,True,1.0000000000,4.3491670000,0.0321117300,-0.0062638860,-0.0259773700,-0.0497744600,0.0895085800,0.9947415000,0.0244363700,-0.0059014130,-0.0260164700,-0.0514532000,0.0898599800,0.9946244000,0.0000000000,,
22.1333400000,3969202,True,1.0000000000,4.1719360000,-0.0322560600,-0.0031388400,-0.0264674400,-0.0535130100,0.0918739100,0.9943317000,True,1.0000000000,4.4426420000,0.0322003500,-0.0063184050,-0.0258198000,-0.0495764600,0.0922100700,0.9945046000,0.0281431700,-0.0061182710,-0.0258605700,-0.0498352900,0.0921937600,0.9944932000,0.0000000000,,
22.1500000000,3969210,True,1.0000000000,4.2082520000,-0.0321773300,-0.0031083990,-0.0264608900,-0.0511933300,0.0978548000,0.9938831000,True,1.0000000000,4.3225560000,0.0322770000,-0.0062073210,-0.0261087800,-0.0413823400,0.0903178600,0.9950529000,0.0296740300,-0.0060821690,-0.0261230000,-0.0417791300,0.0906231700,0.9950085000,0.0000000000,,
22.1500000000,3969219,True,1.0000000000,4.2257690000,-0.0321019800,-0.0030897520,-0.0264638800,-0.0441437700,0.1003267000,0.9939748000,True,1.0000000000,4.3321080000,0.0323558100,-0.0063262790,-0.0257685300,-0.0399632800,0.1000074000,0.9941838000,0.0308197600,-0.0062491610,-0.0257851000,-0.0400699200,0.1000070000,0.9941795000,0.0000000000,,
22.1666700000,3969227,True,1.0000000000,4.2621000000,-0.0320411400,-0.0030390320,-0.0265612700,-0.0379490000,0.1005107000,0.9942120000,True,1.0000000000,4.3999940000,0.0323946400,-0.0061557010,-0.0261567600,-0.0272831000,0.0897687200,0.9955889000,0.0311677700,-0.0060963590,-0.0261644500,-0.0274812400,0.0899663500,0.9955656000,0.0000000000,,
22.1666700000,3969235,True,1.0000000000,4.2405550000,-0.0319803500,-0.0032717290,-0.0258862500,-0.0364687900,0.1044777000,0.9938583000,True,1.0000000000,4.3618770000,0.0324642700,-0.0063134310,-0.0257322100,-0.0228425700,0.0964209700,0.9950784000,0.0322663100,-0.0063040930,-0.0257326800,-0.0228882900,0.0964359900,0.9950760000,0.0000000000,,
22.1833300000,3969244,True,1.0000000000,4.2868500000,-0.0319356500,-0.0032581330,-0.0259196200,-0.0275268900,0.1101686000,0.9935316000,True,1.0000000000,4.4514010000,0.0325031600,-0.0063040620,-0.0257561200,-0.0165101500,0.1015023000,0.9946983000,0.0324211800,-0.0063001860,-0.0257563300,-0.0165254000,0.1015023000,0.9946980000,0.0000000000,,
22.1833300000,3969252,True,1.0000000000,4.1833340000,-0.0319070300,-0.0032465360,-0.0259569300,-0.0225984500,0.1081857000,0.9938738000,True,1.0000000000,4.3748630000,0.0325264400,-0.0062830360,-0.0258134200,-0.0168153900,0.0884562900,0.9959381000,0.0323484500,-0.0062746590,-0.0258138100,-0.0168305600,0.0885168200,0.9959325000,0.0000000000,,
22.2000000000,3969260,True,1.0000000000,4.2802730000,-0.0318849500,-0.0032634280,-0.0259210500,-0.0199738800,0.1074531000,0.9940095000,True,1.0000000000,4.3359680000,0.0325514700,-0.0062925720,-0.0258572700,-0.0074311520,0.1023424000,0.9947215000,0.0314774300,-0.0062420810,-0.0258583200,-0.0076446940,0.1024328000,0.9947106000,0.0000000000,,
22.2000000000,3969269,True,1.0000000000,4.2641910000,-0.0318658600,-0.0032473150,-0.0259766700,-0.0175782500,0.1088417000,0.9939036000,True,1.0000000000,4.3855900000,0.0325724700,-0.0062918250,-0.0258783300,0.0003814736,0.1081401000,0.9941356000,0.0318838800,-0.0062592930,-0.0258793800,0.0001831074,0.1081402000,0.9941356000,0.0000000000,,
22.2166700000,3969277,True,1.0000000000,4.2552190000,-0.0318527100,-0.0032487180,-0.0259808100,-0.0142365000,0.1115574000,0.9936560000,True,1.0000000000,4.3527530000,0.0325928800,-0.0063684240,-0.0257125400,0.0026092590,0.1028598000,0.9946924000,0.0320400000,-0.0063416600,-0.0257148300,0.0024566900,0.1029368000,0.9946849000,0.0000000000,,
22.2166700000,3969285,True,1.0000000000,4.2132870000,-0.0318028100,-0.0032638550,-0.0259437600,-0.0070801010,0.1155704000,0.9932741000,True,1.0000000000,4.3987580000,0.0326378900,-0.0063390960,-0.0258272700,0.0024566750,0.0964511800,0.9953347000,0.0312259700,-0.0062717130,-0.0258298200,0.0022430650,0.0968637800,0.9952951000,0.0000000000,,
22.2333300000,3969294,True,1.0000000000,4.2604830000,-0.0317903000,-0.0033021090,-0.0257306200,-0.0015869290,0.1070109000,0.9942566000,True,1.0000000000,4.3273160000,0.0326726100,-0.0063985900,-0.0256993100,0.0110626700,0.1022801000,0.9946942000,0.0300868800,-0.0062743840,-0.0257005800,0.0105591300,0.1024785000,0.9946792000,0.0000000000,,
22.2333300000,3969302,True,1.0000000000,4.2317660000,-0.0317726800,-0.0032683110,-0.0258553500,0.0018310560,0.1058045000,0.9943852000,True,1.0000000000,4.3558650000,0.0327060300,-0.0064248350,-0.0256566000,0.0080262390,0.1078049000,0.9941397000,0.0106792300,-0.0053465270,-0.0257245000,0.0059052220,0.1071180000,0.9942288000,0.0000000000,,
22.2500000000,3969310,True,1.0000000000,4.2088780000,-0.0317235300,-0.0033311460,-0.0256637600,0.0068055110,0.1067672000,0.9942608000,True,1.0000000000,4.3977050000,0.0327368000,-0.0063643950,-0.0258363200,0.0092773950,0.1063696000,0.9942834000,0.0064209600,-0.0051260680,-0.0257658700,0.0082703600,0.1065381000,0.9942743000,0.0000000000,,
22.2500000000,3969319,True,1.0000000000,4.3200230000,-0.0316976900,-0.0033698280,-0.0255686400,0.0148775500,0.1073472000,0.9941102000,True,1.0000000000,4.4677280000,0.0327682300,-0.0063303990,-0.0259349400,0.0075378840,0.1003424000,0.9949244000,0.0188479600,-0.0056911170,-0.0258558400,0.0091248160,0.1018531000,0.9947576000,0.0000000000,,
22.2666700000,3969327,True,1.0000000000,4.2711330000,-0.0316882000,-0.0033718870,-0.0255717000,0.0145722400,0.1080330000,0.9940405000,True,1.0000000000,4.4600980000,0.0327807900,-0.0063407750,-0.0259090300,0.0120698100,0.1024179000,0.9946682000,0.0259505300,-0.0060262300,-0.0258732900,0.0123444200,0.1030126000,0.9946035000,0.0000000000,,
22.2666700000,3969335,True,1.0000000000,4.2204740000,-0.0316787300,-0.0033733220,-0.0255747700,0.0142823800,0.1074688000,0.9941059000,True,1.0000000000,4.4498900000,0.0327933700,-0.0063411410,-0.0259122800,0.0166016600,0.1010596000,0.9947418000,0.0269084600,-0.0060702520,-0.0258814700,0.0163881300,0.1016400000,0.9946862000,0.0000000000,,
22.2833300000,3969344,True,1.0000000000,4.2267460000,-0.0316720500,-0.0033715820,-0.0255831800,0.0150300600,0.1082165000,0.9940137000,True,1.0000000000,4.4065550000,0.0327985500,-0.0063444830,-0.0258979800,0.0172730300,0.1000524000,0.9948323000,0.0262952400,-0.0060446020,-0.0258662100,0.0170441000,0.1008761000,0.9947530000,0.0000000000,,
22.2833300000,3969352,True,1.0000000000,4.2259520000,-0.0316747500,-0.0033698280,-0.0255915800,0.0177461100,0.1079720000,0.9939955000,True,1.0000000000,4.3807830000,0.0327933700,-0.0063478240,-0.0258836700,0.0200501800,0.0992132900,0.9948642000,0.0220020900,-0.0058493350,-0.0258347600,0.0196533800,0.1006930000,0.9947234000,0.0000000000,,
22.3000000000,3969360,True,1.0000000000,4.2292480000,-0.0316767400,-0.0033696440,-0.0255966500,0.0176089200,0.1082018000,0.9939730000,True,1.0000000000,4.3722990000,0.0327836000,-0.0063494880,-0.0258833900,0.0217744700,0.0992897700,0.9948203000,0.0145674300,-0.0055074010,-0.0258023500,0.0205995300,0.1018074000,0.9945908000,0.0000000000,,
22.3000000000,3969369,True,1.0000000000,4.2326200000,-0.0316787300,-0.0033694460,-0.0256017200,0.0174866900,0.1085823000,0.9939336000,True,1.0000000000,4.3812710000,0.0327236100,-0.0066926880,-0.0249842700,0.0341037200,0.1160747000,0.9926549000,-0.0298626400,-0.0034631500,-0.0255843100,0.0179596900,0.1087958000,0.9939018000,0.0000000000,,
22.3166700000,3969377,True,1.0000000000,4.2293090000,-0.0316864300,-0.0033674010,-0.0256038800,0.0179748800,0.1086885000,0.9939134000,True,1.0000000000,4.4666440000,0.0327165700,-0.0066453400,-0.0251257000,0.0256349100,0.1216743000,0.9922390000,-0.0315839200,-0.0033726200,-0.0256031200,0.0179903500,0.1087203000,0.9939096000,0.0000000000,,
22.3166700000,3969385,True,1.0000000000,4.2324220000,-0.0316941400,-0.0033653410,-0.0256060300,0.0185242700,0.1088415000,0.9938865000,True,1.0000000000,4.4134830000,0.0327142500,-0.0066386880,-0.0251434900,0.0305483400,0.1187448000,0.9924548000,-0.0316888000,-0.0033656160,-0.0256059900,0.0185242700,0.1088415000,0.9938865000,0.0000000000,,
22.3333300000,3969394,True,1.0000000000,4.2330470000,-0.0316959100,-0.0033571020,-0.0256277000,0.0183716300,0.1084750000,0.9939294000,True,1.0000000000,4.4401090000,0.0327119500,-0.0066367190,-0.0251500700,0.0314027700,0.1168677000,0.9926509000,-0.0316947200,-0.0033571630,-0.0256276900,0.0183716300,0.1084750000,0.9939294000,0.0000000000,,
22.3333300000,3969402,True,1.0000000000,4.2336880000,-0.0316976900,-0.0033488620,-0.0256493500,0.0182344200,0.1081553000,0.9939668000,True,1.0000000000,4.4498140000,0.0327127500,-0.0066410370,-0.0251403400,0.0330357000,0.1153121000,0.9927798000,-0.0316967600,-0.0033489080,-0.0256493500,0.0182344200,0.1081553000,0.9939668000,0.0000000000,,
22.3500000000,3969410,True,1.0000000000,4.2361760000,-0.0317049400,-0.0033327640,-0.0256951200,0.0201569900,0.1075599000,0.9939942000,True,1.0000000000,4.4394530000,0.0327135800,-0.0066453400,-0.0251306000,0.0347749400,0.1148687000,0.9927718000,-0.0317030000,-0.0033328710,-0.0256951000,0.0201569900,0.1075599000,0.9939942000,0.0000000000,,
22.3500000000,3969419,True,1.0000000000,4.2299960000,-0.0317122000,-0.0033166810,-0.0257408800,0.0220340300,0.1069658000,0.9940185000,True,1.0000000000,4.4330140000,0.0327150700,-0.0066410370,-0.0251403400,0.0354464800,0.1138316000,0.9928675000,-0.0316998800,-0.0033173070,-0.0257407700,0.0220340300,0.1069658000,0.9940185000,0.0000000000,,
22.3666700000,3969427,True,1.0000000000,4.2347110000,-0.0317066800,-0.0033148500,-0.0257445800,0.0219880000,0.1077885000,0.9939307000,True,1.0000000000,4.4369050000,0.0327165700,-0.0066367190,-0.0251500700,0.0360417400,0.1130691000,0.9929332000,-0.0315127300,-0.0033248440,-0.0257428000,0.0220188000,0.1078051000,0.9939281000,0.0000000000,,
22.3666700000,3969435,True,1.0000000000,4.2306370000,-0.0317011400,-0.0033166810,-0.0257408800,0.0218812100,0.1087804000,0.9938250000,True,1.0000000000,4.4307560000,0.0327202500,-0.0066343690,-0.0251556700,0.0357973900,0.1119851000,0.9930649000,-0.0255913000,-0.0036313330,-0.0256853800,0.0232086700,0.1090853000,0.9937614000,0.0000000000,,
22.3833400000,3969444,True,1.0000000000,4.2270970000,-0.0317011400,-0.0033130040,-0.0257482900,0.0229645600,0.1084293000,0.9938389000,True,1.0000000000,4.4296720000,0.0327239300,-0.0066320190,-0.0251612900,0.0355229500,0.1109329000,0.9931928000,0.0092891390,-0.0054247130,-0.0253748200,0.0309603500,0.1100168000,0.9934474000,0.0000000000,,
22.3833400000,3969452,True,1.0000000000,4.2298740000,-0.0317099000,-0.0033073580,-0.0257705100,0.0252840700,0.1086895000,0.9937541000,True,1.0000000000,4.4540250000,0.0327447400,-0.0066940460,-0.0249856400,0.0392917900,0.1124127000,0.9928845000,0.0089036110,-0.0054413450,-0.0252759600,0.0341188300,0.1110388000,0.9932302000,0.0000000000,,
22.4000000000,3969460,True,1.0000000000,4.1657260000,-0.0317570300,-0.0032155000,-0.0259593100,0.0359958300,0.1021281000,0.9941198000,True,1.0000000000,4.4140320000,0.0327126900,-0.0066684120,-0.0250231600,0.0401306900,0.1132662000,0.9927539000,0.0080603490,-0.0053480530,-0.0253811300,0.0385592100,0.1090095000,0.9932926000,0.0000000000,,
22.4000000000,3969469,True,1.0000000000,4.2351680000,-0.0318091900,-0.0032386630,-0.0258872400,0.0370793200,0.1021589000,0.9940768000,True,1.0000000000,4.3859250000,0.0326684800,-0.0066125640,-0.0251094100,0.0440982400,0.1085671000,0.9931105000,0.0090801700,-0.0053782660,-0.0253939700,0.0415194400,0.1062171000,0.9934757000,0.0000000000,,
22.4166700000,3969477,True,1.0000000000,4.2409060000,-0.0318641400,-0.0032562560,-0.0259155000,0.0352783800,0.1008150000,0.9942796000,True,1.0000000000,4.4491120000,0.0325827200,-0.0067352910,-0.0246863600,0.0431217200,0.1137095000,0.9925778000,-0.0087100980,-0.0045061800,-0.0254739100,0.0381016200,0.1054547000,0.9936939000,0.0000000000,,
22.4166700000,3969485,True,1.0000000000,4.2158810000,-0.0319377000,-0.0031751410,-0.0261658300,0.0402988000,0.0997628000,0.9941948000,True,1.0000000000,4.3972930000,0.0325074600,-0.0065312350,-0.0251488200,0.0459597900,0.1090553000,0.9929726000,0.0067282110,-0.0051887360,-0.0255556500,0.0436861900,0.1053473000,0.9934754000,0.0000000000,,
22.4166700000,3969494,True,1.0000000000,4.1137080000,-0.0320146300,-0.0031680760,-0.0262548800,0.0380557000,0.1017006000,0.9940869000,True,1.0000000000,4.3881070000,0.0324075000,-0.0066784970,-0.0247135900,0.0493320700,0.1057138000,0.9931722000,0.0025382390,-0.0050508880,-0.0254282100,0.0441134900,0.1038521000,0.9936140000,0.0000000000,,
22.4333300000,3969502,True,1.0000000000,4.2514500000,-0.0320799900,-0.0030980380,-0.0265180700,0.0383455700,0.0974890000,0.9944976000,True,1.0000000000,4.4081270000,0.0323487600,-0.0065881200,-0.0249354900,0.0539859400,0.1056067000,0.9929414000,0.0248504200,-0.0061819310,-0.0251196800,0.0521548500,0.1046607000,0.9931394000,0.0000000000,,
22.4333300000,3969510,True,1.0000000000,4.2620540000,-0.0321423000,-0.0031737820,-0.0263665000,0.0490418700,0.0961458700,0.9941584000,True,1.0000000000,4.3664700000,0.0322893100,-0.0065789490,-0.0249811400,0.0488135400,0.1061874000,0.9931473000,0.0300630300,-0.0064613040,-0.0250290100,0.0488282800,0.1058506000,0.9931825000,0.0000000000,,
22.4500000000,3969519,True,1.0000000000,4.1890110000,-0.0321765300,-0.0031931000,-0.0263659700,0.0500644500,0.0926673000,0.9944377000,True,1.0000000000,4.4008030000,0.0322311900,-0.0066126250,-0.0248584200,0.0604251400,0.1065680000,0.9924676000,0.0302801200,-0.0065090490,-0.0249040700,0.0601049500,0.1061412000,0.9925328000,0.0000000000,,
22.4500000000,3969527,True,1.0000000000,4.1924440000,-0.0322064200,-0.0031377570,-0.0265755600,0.0528572700,0.0883039800,0.9946902000,True,1.0000000000,4.3708650000,0.0321959700,-0.0065408630,-0.0250187500,0.0608529400,0.0952620100,0.9935905000,0.0307710000,-0.0064655770,-0.0250532100,0.0606847500,0.0951088800,0.9936154000,0.0000000000,,
22.4666700000,3969535,True,1.0000000000,4.1915130000,-0.0322307300,-0.0030448150,-0.0268251200,0.0670778500,0.0885775500,0.9938082000,True,1.0000000000,4.3919680000,0.0321723600,-0.0063863530,-0.0253827500,0.0649264400,0.0896458000,0.9938552000,0.0292712000,-0.0062358250,-0.0254477200,0.0650331600,0.0895846300,0.9938537000,0.0000000000,,
22.4666700000,3969544,True,1.0000000000,4.2728420000,-0.0322459000,-0.0030092930,-0.0269242600,0.0653540100,0.0868691100,0.9940737000,True,1.0000000000,4.3745420000,0.0321348900,-0.0064336250,-0.0251800500,0.0695956600,0.0885013900,0.9936417000,0.0294396200,-0.0062902680,-0.0252530700,0.0694280400,0.0884253900,0.9936603000,0.0000000000,,
22.4833300000,3969552,True,1.0000000000,4.2025150000,-0.0322505200,-0.0030102690,-0.0269223500,0.0750279100,0.0783238300,0.9941007000,True,1.0000000000,4.3831940000,0.0321078200,-0.0065360870,-0.0248430300,0.0807200700,0.0885479300,0.9927958000,0.0297255900,-0.0064055790,-0.0249200000,0.0805208200,0.0881655000,0.9928461000,0.0000000000,,
22.4833300000,3969560,True,1.0000000000,4.1979220000,-0.0322440000,-0.0030404820,-0.0268869000,0.0768899100,0.0797280800,0.9938468000,True,1.0000000000,4.3997800000,0.0321013500,-0.0065959020,-0.0246763200,0.0971383500,0.0933388800,0.9908845000,0.0272716200,-0.0063290260,-0.0248422400,0.0956124600,0.0923165300,0.9911286000,0.0000000000,,
22.5000000000,3969569,True,1.0000000000,4.2600560000,-0.0322320000,-0.0031710050,-0.0265981100,0.0856640300,0.0869610500,0.9925218000,True,1.0000000000,4.3775790000,0.0320812500,-0.0066726230,-0.0244647700,0.1072709000,0.0925459200,0.9899133000,0.0091408080,-0.0054235990,-0.0252257400,0.0995646900,0.0905619000,0.9909013000,0.0000000000,,
22.5000000000,3969577,True,1.0000000000,4.2255550000,-0.0321920600,-0.0032460480,-0.0264664800,0.0953384500,0.0873122000,0.9916084000,True,1.0000000000,4.4375460000,0.0321217700,-0.0066666720,-0.0245799000,0.1103221000,0.0909585100,0.9897250000,-0.0060084540,-0.0046386570,-0.0256984100,0.1014414000,0.0888070300,0.9908698000,0.0000000000,,
22.5166700000,3969585,True,1.0000000000,4.1354520000,-0.0321173300,-0.0033369600,-0.0263203000,0.1043106000,0.0871137300,0.9907222000,True,1.0000000000,4.4348910000,0.0322059700,-0.0068384710,-0.0242760500,0.1195231000,0.0975197700,0.9880304000,-0.0212575100,-0.0039281310,-0.0259751600,0.1068740000,0.0888683500,0.9902931000,0.0000000000,,
22.5166700000,3969594,True,1.0000000000,4.2117920000,-0.0320294100,-0.0033641820,-0.0263733100,0.1155093000,0.0935213500,0.9888940000,True,1.0000000000,4.4086910000,0.0322797100,-0.0069956210,-0.0240420600,0.1357588000,0.1072551000,0.9849192000,-0.0303580200,-0.0034585570,-0.0263127300,0.1160446000,0.0938733200,0.9887980000,0.0000000000,,
22.5333300000,3969602,True,1.0000000000,4.1079710000,-0.0319109700,-0.0034080960,-0.0263602200,0.1233691000,0.0974593400,0.9875636000,True,1.0000000000,4.4171450000,0.0323542800,-0.0071342320,-0.0238240500,0.1436935000,0.1140606000,0.9830272000,-0.0317077800,-0.0034198760,-0.0263521900,0.1234287000,0.0975039500,0.9875517000,0.0000000000,,
22.5333300000,3969610,True,1.0000000000,4.1663060000,-0.0318169300,-0.0035284270,-0.0260371000,0.1447165000,0.1061417000,0.9837638000,True,1.0000000000,4.3671420000,0.0324986300,-0.0068021850,-0.0248277700,0.1436320000,0.1073921000,0.9837869000,-0.0300986200,-0.0036158910,-0.0260047800,0.1446861000,0.1061723000,0.9837649000,0.0000000000,,
22.5500000000,3969619,True,1.0000000000,4.2026670000,-0.0317046500,-0.0034505920,-0.0262412300,0.1505140000,0.1028909000,0.9832391000,True,1.0000000000,4.2906040000,0.0326058000,-0.0067600250,-0.0249732700,0.1529098000,0.1082469000,0.9822938000,-0.0267602600,-0.0037050330,-0.0261437400,0.1506978000,0.1033034000,0.9831676000,0.0000000000,,
22.5500000000,3969627,True,1.0000000000,4.1410980000,-0.0316057600,-0.0035017700,-0.0260413500,0.1626918000,0.1055162000,0.9810187000,True,1.0000000000,4.4264220000,0.0326927700,-0.0068065500,-0.0250270700,0.1685342000,0.1210792000,0.9782311000,-0.0277881900,-0.0036979830,-0.0259811400,0.1630418000,0.1064464000,0.9808601000,0.0000000000,,
22.5666700000,3969635,True,1.0000000000,4.1795650000,-0.0314981200,-0.0034181210,-0.0262308200,0.1725933000,0.1036078000,0.9795290000,True,1.0000000000,4.3318630000,0.0327734100,-0.0067829440,-0.0250719800,0.1787286000,0.1293810000,0.9753547000,-0.0310913200,-0.0034394230,-0.0262234800,0.1726398000,0.1037762000,0.9795029000,0.0000000000,,
22.5666700000,3969644,True,1.0000000000,4.1437530000,-0.0313896800,-0.0033883970,-0.0263035600,0.1773390000,0.0968024800,0.9793774000,True,1.0000000000,4.3476410000,0.0328993100,-0.0067266240,-0.0250804000,0.1812309000,0.1222550000,0.9758120000,-0.0313683500,-0.0033895110,-0.0263031500,0.1773390000,0.0968024800,0.9793774000,0.0000000000,,
22.5833300000,3969652,True,1.0000000000,4.1668400000,-0.0312784400,-0.0033858030,-0.0263209800,0.1860220000,0.1008923000,0.9773518000,True,1.0000000000,4.3184810000,0.0329708900,-0.0067495730,-0.0250881200,0.2053538000,0.1107488000,0.9724014000,-0.0312725700,-0.0033861090,-0.0263208600,0.1860220000,0.1008923000,0.9773518000,0.0000000000,,
22.5833300000,3969660,True,1.0000000000,4.2183230000,-0.0311491900,-0.0034006200,-0.0263215800,0.1906924000,0.0878768900,0.9777086000,True,1.0000000000,4.3280790000,0.0330784000,-0.0067689060,-0.0250910800,0.2131226000,0.1000228000,0.9718921000,-0.0311462300,-0.0034007720,-0.0263215200,0.1906924000,0.0878768900,0.9777086000,0.0000000000,,
22.6000000000,3969669,True,1.0000000000,4.2752530000,-0.0310058900,-0.0034372860,-0.0263707100,0.2177614000,0.0911115900,0.9717400000,True,1.0000000000,4.4112240000,0.0331887100,-0.0067957310,-0.0251059600,0.2337215000,0.0952006500,0.9676317000,-0.0309848500,-0.0034383850,-0.0263703000,0.2177614000,0.0911115900,0.9717400000,0.0000000000,,
22.6000000000,3969677,True,1.0000000000,4.2332150000,-0.0308516000,-0.0034453580,-0.0263876200,0.2292807000,0.0835731500,0.9697659000,True,1.0000000000,4.4877620000,0.0333335000,-0.0068325500,-0.0251507600,0.2579966000,0.1008763000,0.9608651000,-0.0300589000,-0.0034871980,-0.0263723500,0.2296328000,0.0837872000,0.9696641000,0.0000000000,,
22.6000000000,3969685,True,1.0000000000,4.2368620000,-0.0306716900,-0.0034325870,-0.0264256800,0.2379006000,0.0894015400,0.9671663000,True,1.0000000000,4.5272220000,0.0335073400,-0.0068845220,-0.0252043800,0.2655982000,0.1192644000,0.9566785000,0.0149784200,-0.0058879250,-0.0255569800,0.2576479000,0.1106581000,0.9598814000,0.0000000000,,
22.6166700000,3969694,True,1.0000000000,4.1793060000,-0.0304782900,-0.0033936010,-0.0264566700,0.2432270000,0.0875403600,0.9660110000,True,1.0000000000,4.4037020000,0.0336953300,-0.0069128120,-0.0252585300,0.2718247000,0.1258109000,0.9540875000,0.0113787200,-0.0056889960,-0.0256751900,0.2619521000,0.1125355000,0.9584972000,0.0000000000,,
22.6333400000,3969702,True,1.0000000000,4.2080380000,-0.0303165400,-0.0033995060,-0.0265078300,0.2564252000,0.0975499200,0.9616289000,True,1.0000000000,4.4577180000,0.0338683900,-0.0069078070,-0.0253016500,0.2891743000,0.1201345000,0.9497083000,0.0103691400,-0.0056233680,-0.0257432600,0.2772395000,0.1118938000,0.9542631000,0.0000000000,,
22.6333400000,3969710,True,1.0000000000,4.2100830000,-0.0301478600,-0.0033507690,-0.0265419200,0.2668486000,0.0988169800,0.9586590000,True,1.0000000000,4.5517120000,0.0340387600,-0.0068929450,-0.0253474700,0.3143048000,0.1112838000,0.9427770000,-0.0019901580,-0.0049046630,-0.0260179300,0.2877536000,0.1043103000,0.9520070000,0.0000000000,,
22.6333400000,3969719,True,1.0000000000,4.1399540000,-0.0299684200,-0.0033278350,-0.0265807200,0.2777450000,0.0945145000,0.9559941000,True,1.0000000000,4.4386440000,0.0342060600,-0.0068773200,-0.0253887500,0.3188355000,0.1096507000,0.9414460000,-0.0055912330,-0.0046761320,-0.0261279500,0.2934289000,0.1002816000,0.9507066000,0.0000000000,,
22.6500000000,3969727,True,1.0000000000,4.1706390000,-0.0298119100,-0.0032953650,-0.0266318100,0.2943284000,0.1004186000,0.9504141000,True,1.0000000000,4.4946140000,0.0343613400,-0.0068475950,-0.0254561800,0.3354222000,0.1197370000,0.9344276000,-0.0075904700,-0.0045254060,-0.0262247200,0.3086432000,0.1071332000,0.9451253000,0.0000000000,,
22.6666700000,3969735,True,1.0000000000,4.1749880000,-0.0296232900,-0.0032692720,-0.0266749600,0.2986932000,0.0962227100,0.9494860000,True,1.0000000000,4.5334780000,0.0344932000,-0.0068164830,-0.0254799700,0.3382154000,0.1156021000,0.9339414000,-0.0045918890,-0.0046541140,-0.0262084400,0.3142121000,0.1038218000,0.9436588000,0.0000000000,,
22.6666700000,3969744,True,1.0000000000,4.2393800000,-0.0295152300,-0.0032566530,-0.0267013600,0.3066134000,0.0935068700,0.9472300000,True,1.0000000000,4.6100920000,0.0346139900,-0.0068461760,-0.0255728300,0.3503326000,0.1425043000,0.9257211000,-0.0084814760,-0.0044339760,-0.0263312100,0.3211249000,0.1096357000,0.9406694000,0.0000000000,,
22.6833300000,3969752,True,1.0000000000,4.2852020000,-0.0294670400,-0.0032291410,-0.0267277800,0.3041887000,0.1125659000,0.9459377000,True,1.0000000000,4.5696410000,0.0346575200,-0.0068196720,-0.0255981900,0.3534401000,0.1502536000,0.9233114000,-0.0082321170,-0.0044181520,-0.0263537300,0.3206516000,0.1251082000,0.9388986000,0.0000000000,,
22.6833300000,3969760,True,1.0000000000,4.1664730000,-0.0294094600,-0.0032313540,-0.0267428100,0.3066433000,0.1114664000,0.9452751000,True,1.0000000000,4.5696560000,0.0347179600,-0.0068209690,-0.0256116800,0.3532121000,0.1469886000,0.9239240000,-0.0087836000,-0.0043859100,-0.0263790000,0.3217645000,0.1229410000,0.9388041000,0.0000000000,,
22.7000000000,3969769,True,1.0000000000,4.2153780000,-0.0293580500,-0.0032299350,-0.0267623200,0.3193226000,0.1075904000,0.9415187000,True,1.0000000000,4.5609590000,0.0347702100,-0.0067768560,-0.0256021100,0.3486370000,0.1436175000,0.9261891000,-0.0056236880,-0.0045426790,-0.0263329200,0.3302647000,0.1209577000,0.9361060000,0.0000000000,,
22.7000000000,3969777,True,1.0000000000,4.2163090000,-0.0293040500,-0.0032222140,-0.0267890900,0.3265705000,0.1151588000,0.9381312000,True,1.0000000000,4.4534450000,0.0348183600,-0.0067936250,-0.0256166800,0.3528327000,0.1393142000,0.9252571000,-0.0053569490,-0.0045560000,-0.0263512400,0.3364429000,0.1242072000,0.9334767000,0.0000000000,,
22.7166700000,3969785,True,1.0000000000,4.2216640000,-0.0292668900,-0.0032303160,-0.0267904700,0.3339435000,0.1035477000,0.9368882000,True,1.0000000000,4.5037840000,0.0348805300,-0.0068297580,-0.0256263000,0.3581724000,0.1274272000,0.9249188000,-0.0038318180,-0.0046575320,-0.0263288600,0.3435999000,0.1130379000,0.9322883000,0.0000000000,,
22.7166700000,3969794,True,1.0000000000,4.2874910000,-0.0292363700,-0.0032168430,-0.0268113400,0.3361369000,0.1154483000,0.9347105000,True,1.0000000000,4.6539000000,0.0349346200,-0.0068470770,-0.0256598700,0.3761775000,0.1261911000,0.9179141000,-0.0002557831,-0.0048563080,-0.0262913100,0.3543095000,0.1203309000,0.9273539000,0.0000000000,,
22.7333300000,3969802,True,1.0000000000,4.1865540000,-0.0291972400,-0.0032097630,-0.0268170500,0.3429438000,0.1064003000,0.9333106000,True,1.0000000000,4.5967410000,0.0349951900,-0.0068557900,-0.0256958200,0.3754193000,0.1366909000,0.9167202000,0.0032081910,-0.0050503540,-0.0262510400,0.3594398000,0.1217206000,0.9251958000,0.0000000000,,
22.7333300000,3969810,True,1.0000000000,4.2159120000,-0.0291587100,-0.0031903840,-0.0268441800,0.3530003000,0.1136944000,0.9286896000,True,1.0000000000,4.6034390000,0.0350405800,-0.0068582460,-0.0257127500,0.3853773000,0.1331334000,0.9131045000,0.0035865790,-0.0050612030,-0.0262670900,0.3695851000,0.1236426000,0.9209340000,0.0000000000,,
22.7500000000,3969819,True,1.0000000000,4.1442260000,-0.0291217800,-0.0031827240,-0.0268402700,0.3487275000,0.1074991000,0.9310387000,True,1.0000000000,4.5664370000,0.0350791000,-0.0068521430,-0.0257228300,0.3965202000,0.1235063000,0.9096801000,0.0021242220,-0.0049685980,-0.0262964200,0.3721220000,0.1153430000,0.9209893000,0.0000000000,,
22.7500000000,3969827,True,1.0000000000,4.1915280000,-0.0290939800,-0.0031735380,-0.0268406700,0.3445487000,0.1090105000,0.9324178000,True,1.0000000000,4.5157930000,0.0351216500,-0.0068441770,-0.0257379800,0.3946590000,0.1249560000,0.9102913000,0.0005846710,-0.0048699950,-0.0263310400,0.3678467000,0.1164255000,0.9225692000,0.0000000000,,
22.7666700000,3969835,True,1.0000000000,4.2752080000,-0.0290820600,-0.0031673430,-0.0268363800,0.3488054000,0.1024642000,0.9315771000,True,1.0000000000,4.4973300000,0.0351467500,-0.0068344880,-0.0257551600,0.4016480000,0.1238727000,0.9073778000,-0.0016434170,-0.0047339630,-0.0263744800,0.3715554000,0.1116650000,0.9216710000,0.0000000000,,
22.7666700000,3969844,True,1.0000000000,4.2544250000,-0.0290814500,-0.0031638340,-0.0268365000,0.3460123000,0.1073926000,0.9320635000,True,1.0000000000,4.6057890000,0.0351554600,-0.0068305670,-0.0257489000,0.3940620000,0.1270764000,0.9102564000,-0.0025975040,-0.0046755680,-0.0263880900,0.3659701000,0.1155559000,0.9234244000,0.0000000000,,
22.7833300000,3969852,True,1.0000000000,4.2325590000,-0.0290820600,-0.0031603090,-0.0268363800,0.3434668000,0.1111930000,0.9325592000,True,1.0000000000,4.5828860000,0.0351516100,-0.0068267980,-0.0257458500,0.3922307000,0.1271679000,0.9110342000,-0.0014042970,-0.0047401730,-0.0263664900,0.3646250000,0.1181186000,0.9236323000,0.0000000000,,
22.7833300000,3969860,True,1.0000000000,4.3320620000,-0.0291169600,-0.0031464690,-0.0268234300,0.3447165000,0.1101701000,0.9322194000,True,1.0000000000,4.6616670000,0.0351258400,-0.0068102270,-0.0257315100,0.3827731000,0.1366447000,0.9136810000,0.0005841065,-0.0048403170,-0.0263186000,0.3624313000,0.1224533000,0.9239311000,0.0000000000,,
22.8000000000,3969869,True,1.0000000000,4.2342830000,-0.0291527900,-0.0031493840,-0.0268000500,0.3314847000,0.1096658000,0.9370652000,True,1.0000000000,4.6761630000,0.0350860500,-0.0068023070,-0.0257134100,0.3832285000,0.1356063000,0.9136449000,0.0028724370,-0.0049704900,-0.0262583300,0.3574569000,0.1226670000,0.9258387000,0.0000000000,,
22.8000000000,3969877,True,1.0000000000,4.2141420000,-0.0291965800,-0.0031438750,-0.0267913500,0.3303693000,0.1123814000,0.9371374000,True,1.0000000000,4.5847320000,0.0350539300,-0.0068066110,-0.0256832300,0.3759028000,0.1272286000,0.9178834000,0.0035851600,-0.0050126800,-0.0262259700,0.3537181000,0.1199965000,0.9276230000,0.0000000000,,
22.8166700000,3969885,True,1.0000000000,4.1505580000,-0.0292383100,-0.0031321720,-0.0267804300,0.3309677000,0.1098800000,0.9372230000,True,1.0000000000,4.5626070000,0.0350184800,-0.0068099060,-0.0256602000,0.3681996000,0.1229418000,0.9215825000,0.0038433840,-0.0050256040,-0.0262036900,0.3502230000,0.1166393000,0.9293756000,0.0000000000,,
22.8166700000,3969894,True,1.0000000000,4.1432340000,-0.0292762200,-0.0031357730,-0.0267500300,0.3197993000,0.1016406000,0.9420179000,True,1.0000000000,4.5729370000,0.0349799400,-0.0068098600,-0.0256557200,0.3643071000,0.1327985000,0.9217618000,0.0037551730,-0.0050244600,-0.0261874900,0.3428213000,0.1177070000,0.9319971000,0.0000000000,,
22.8333300000,3969902,True,1.0000000000,4.0828250000,-0.0293134000,-0.0031404730,-0.0267519200,0.3228170000,0.1058204000,0.9405271000,True,1.0000000000,4.5381930000,0.0349321300,-0.0068293610,-0.0256278900,0.3583890000,0.1309225000,0.9243466000,0.0019598690,-0.0049361420,-0.0262047600,0.3402283000,0.1180736000,0.9329005000,0.0000000000,,
22.8333300000,3969910,True,1.0000000000,4.2012020000,-0.0293511500,-0.0031694950,-0.0267230800,0.3083076000,0.1011975000,0.9458887000,True,1.0000000000,4.5510250000,0.0349035800,-0.0068593910,-0.0256001900,0.3473096000,0.1251389000,0.9293634000,0.0006035920,-0.0048896790,-0.0261996000,0.3265886000,0.1123979000,0.9384597000,0.0000000000,,
22.8500000000,3969919,True,1.0000000000,4.1280060000,-0.0293899400,-0.0032041780,-0.0267299400,0.3041244000,0.1134649000,0.9458510000,True,1.0000000000,4.4946750000,0.0348692400,-0.0068843080,-0.0256035600,0.3435865000,0.1332262000,0.9296231000,0.0007647247,-0.0049311370,-0.0262013700,0.3227296000,0.1227746000,0.9384946000,0.0000000000,,
22.8500000000,3969927,True,1.0000000000,4.1910400000,-0.0294424100,-0.0032347260,-0.0267186600,0.2984636000,0.1167304000,0.9472558000,True,1.0000000000,4.4887540000,0.0348177700,-0.0069086160,-0.0255848600,0.3414932000,0.1317297000,0.9306071000,0.0012760010,-0.0049909670,-0.0261766700,0.3191269000,0.1239337000,0.9395735000,0.0000000000,,
22.8666700000,3969935,True,1.0000000000,4.1430360000,-0.0294971600,-0.0032594610,-0.0267054800,0.2989395000,0.1103075000,0.9478753000,True,1.0000000000,4.3944400000,0.0347679100,-0.0069208680,-0.0255737200,0.3339263000,0.1416638000,0.9318930000,0.0007710267,-0.0049839480,-0.0261724300,0.3155090000,0.1251233000,0.9406371000,0.0000000000,,
22.8666700000,3969944,True,1.0000000000,4.1427920000,-0.0295389000,-0.0032834930,-0.0266818100,0.2840907000,0.1088419000,0.9525996000,True,1.0000000000,4.4999080000,0.0347288800,-0.0069383400,-0.0255574400,0.3319724000,0.1364297000,0.9333709000,0.0013343810,-0.0050392300,-0.0261416800,0.3072236000,0.1221478000,0.9437656000,0.0000000000,,
22.8833400000,3969952,True,1.0000000000,4.1690370000,-0.0296663700,-0.0032989810,-0.0266597200,0.2949234000,0.1151892000,0.9485524000,True,1.0000000000,4.4489140000,0.0346654800,-0.0069287720,-0.0255538300,0.3317005000,0.1445182000,0.9322496000,0.0008857423,-0.0050228280,-0.0261345100,0.3124890000,0.1291674000,0.9410986000,0.0000000000,,
22.8833400000,3969960,True,1.0000000000,4.1229860000,-0.0296594700,-0.0033001100,-0.0266494200,0.2707712000,0.1082169000,0.9565417000,True,1.0000000000,4.4925080000,0.0346166100,-0.0069351960,-0.0255119200,0.3174005000,0.1368724000,0.9383618000,0.0031755370,-0.0051570740,-0.0260683300,0.2947133000,0.1229116000,0.9476480000,0.0000000000,,
22.9000000000,3969969,True,1.0000000000,4.0705570000,-0.0297720800,-0.0033068850,-0.0266237700,0.2665743000,0.1210037000,0.9561884000,True,1.0000000000,4.4856570000,0.0345691300,-0.0069313970,-0.0254812600,0.3037145000,0.1306168000,0.9437673000,0.0037152100,-0.0051933140,-0.0260291500,0.2859676000,0.1260388000,0.9499141000,0.0000000000,,
22.9000000000,3969977,True,1.0000000000,4.0855710000,-0.0298370500,-0.0032921140,-0.0266209400,0.2701586000,0.1247262000,0.9547029000,True,1.0000000000,4.5456850000,0.0345052500,-0.0069083560,-0.0254780100,0.3015188000,0.1408868000,0.9429938000,0.0041443180,-0.0052019810,-0.0260173200,0.2867769000,0.1332870000,0.9486799000,0.0000000000,,
22.9166700000,3969985,True,1.0000000000,4.1533360000,-0.0298669700,-0.0032857670,-0.0266011400,0.2584710000,0.1201335000,0.9585201000,True,1.0000000000,4.5124050000,0.0344597000,-0.0069036110,-0.0254491300,0.2944972000,0.1326305000,0.9464040000,0.0000887909,-0.0049705360,-0.0260646700,0.2753185000,0.1259785000,0.9530630000,0.0000000000,,
22.9166700000,3969994,True,1.0000000000,4.1731570000,-0.0299389000,-0.0032812960,-0.0265828600,0.2528240000,0.1156469000,0.9605758000,True,1.0000000000,4.5829770000,0.0343862900,-0.0069066170,-0.0254209500,0.2841385000,0.1265584000,0.9503938000,-0.0015117950,-0.0048834230,-0.0260693800,0.2666961000,0.1205000000,0.9562181000,0.0000000000,,
22.9333300000,3970002,True,1.0000000000,4.0952000000,-0.0299946000,-0.0032890780,-0.0265608100,0.2393688000,0.1091938000,0.9647691000,True,1.0000000000,4.5071720000,0.0343369000,-0.0069169470,-0.0253965600,0.2737620000,0.1223925000,0.9539782000,-0.0021440890,-0.0048596650,-0.0260567800,0.2543043000,0.1149298000,0.9602711000,0.0000000000,,
22.9333300000,3970010,True,1.0000000000,4.1970370000,-0.0300714100,-0.0032792050,-0.0265444600,0.2395183000,0.1037145000,0.9653363000,True,1.0000000000,4.4923100000,0.0342600400,-0.0069747170,-0.0254100000,0.2757438000,0.1330882000,0.9519731000,-0.0034261930,-0.0048098300,-0.0260745900,0.2545948000,0.1159219000,0.9600748000,0.0000000000,,
22.9500000000,3970019,True,1.0000000000,4.1161960000,-0.0301288000,-0.0032790990,-0.0265290700,0.2265036000,0.1041727000,0.9684235000,True,1.0000000000,4.4812470000,0.0341939900,-0.0069119120,-0.0253795200,0.2670939000,0.1312123000,0.9546958000,-0.0015079350,-0.0048955390,-0.0260175600,0.2446451000,0.1162419000,0.9626197000,0.0000000000,,
22.9500000000,3970027,True,1.0000000000,4.1283570000,-0.0301988900,-0.0032806400,-0.0265132200,0.2196081000,0.1059435000,0.9698187000,True,1.0000000000,4.4740910000,0.0341229000,-0.0069210210,-0.0253674000,0.2439152000,0.1443197000,0.9589980000,-0.0004574127,-0.0049638980,-0.0259834000,0.2309123000,0.1237188000,0.9650767000,0.0000000000,,
22.9666700000,3970035,True,1.0000000000,4.0978090000,-0.0302748000,-0.0032806090,-0.0264892900,0.2094145000,0.1039290000,0.9722882000,True,1.0000000000,4.3866730000,0.0340324600,-0.0069190830,-0.0253427900,0.2331585000,0.1405970000,0.9622212000,0.0004965058,-0.0050216370,-0.0259406900,0.2208436000,0.1215074000,0.9677107000,0.0000000000,,
22.9666700000,3970044,True,1.0000000000,4.1789860000,-0.0303439600,-0.0032891850,-0.0264631100,0.2034940000,0.1003432000,0.9739206000,True,1.0000000000,4.3979950000,0.0339539500,-0.0069067540,-0.0253166400,0.2256498000,0.1321275000,0.9652070000,-0.0006362000,-0.0049606180,-0.0259334000,0.2137770000,0.1150520000,0.9700837000,0.0000000000,,
22.9833300000,3970052,True,1.0000000000,4.1467590000,-0.0304394800,-0.0033004000,-0.0264296000,0.1870595000,0.1043865000,0.9767867000,True,1.0000000000,4.3047790000,0.0338687400,-0.0068996280,-0.0252853700,0.2022562000,0.1285407000,0.9708603000,-0.0017061010,-0.0049085540,-0.0259183500,0.1938657000,0.1151903000,0.9742419000,0.0000000000,,
22.9833300000,3970060,True,1.0000000000,4.0974730000,-0.0305390500,-0.0033302310,-0.0263239900,0.1681680000,0.1070867000,0.9799244000,True,1.0000000000,4.3941800000,0.0337474700,-0.0068679510,-0.0252545800,0.1998014000,0.1221178000,0.9721968000,-0.0026911930,-0.0048627170,-0.0258607300,0.1819029000,0.1136187000,0.9767303000,0.0000000000,,
23.0000000000,3970069,True,1.0000000000,4.0583340000,-0.0306297900,-0.0033468170,-0.0262636300,0.1601740000,0.1069505000,0.9812776000,True,1.0000000000,4.2713320000,0.0336699100,-0.0068587500,-0.0252253600,0.1946267000,0.1098638000,0.9747053000,0.0108719800,-0.0056135710,-0.0255934800,0.1824369000,0.1088579000,0.9771728000,0.0000000000,,
23.0000000000,3970077,True,1.0000000000,4.0164030000,-0.0307277500,-0.0033867340,-0.0261257900,0.1523297000,0.1193094000,0.9811019000,True,1.0000000000,4.3249820000,0.0335585000,-0.0068317270,-0.0252135000,0.1846331000,0.1164409000,0.9758853000,0.0208898900,-0.0061528480,-0.0253932800,0.1782851000,0.1170053000,0.9769976000,0.0000000000,,
23.0166700000,3970085,True,1.0000000000,4.1138310000,-0.0308164200,-0.0034700010,-0.0258968700,0.1482869000,0.1200882000,0.9816261000,True,1.0000000000,4.3417820000,0.0334600800,-0.0068284760,-0.0251721500,0.1712808000,0.1034857000,0.9797722000,0.0300121300,-0.0066483310,-0.0252110300,0.1700445000,0.1043857000,0.9798921000,0.0000000000,,
23.0166700000,3970094,True,1.0000000000,4.1347500000,-0.0309124500,-0.0035527800,-0.0256523900,0.1467151000,0.1220108000,0.9816252000,True,1.0000000000,4.3779300000,0.0333691700,-0.0068246310,-0.0251701100,0.1600509000,0.1166850000,0.9801879000,0.0328920700,-0.0068003540,-0.0251736900,0.1599436000,0.1167304000,0.9802000000,0.0000000000,,
23.0333300000,3970102,True,1.0000000000,4.0555880000,-0.0310243200,-0.0035107730,-0.0257876000,0.1326755000,0.1175540000,0.9841637000,True,1.0000000000,4.2847440000,0.0332573100,-0.0068110050,-0.0251544700,0.1521919000,0.1145177000,0.9816941000,0.0331138500,-0.0068036350,-0.0251558900,0.1521472000,0.1145186000,0.9817009000,0.0000000000,,
23.0333300000,3970110,True,1.0000000000,4.0921170000,-0.0311236000,-0.0034672090,-0.0259582700,0.1171115000,0.1198734000,0.9858576000,True,1.0000000000,4.2162170000,0.0331435100,-0.0068040160,-0.0251800100,0.1345689000,0.1348436000,0.9816865000,0.0329896900,-0.0067960210,-0.0251818700,0.1345225000,0.1348125000,0.9816971000,0.0000000000,,
23.0500000000,3970119,True,1.0000000000,4.1440120000,-0.0312021200,-0.0034896850,-0.0259226200,0.1107485000,0.1123812000,0.9874742000,True,1.0000000000,4.3497160000,0.0330795800,-0.0067963110,-0.0251461800,0.1177677000,0.1269230000,0.9848966000,0.0328603100,-0.0067850350,-0.0251488400,0.1177383000,0.1268784000,0.9849059000,0.0000000000,,
23.0500000000,3970127,True,1.0000000000,4.0843660000,-0.0312676500,-0.0034040070,-0.0261797500,0.1015638000,0.1065840000,0.9891030000,True,1.0000000000,4.3217930000,0.0329872900,-0.0068311310,-0.0251384800,0.1216142000,0.1300372000,0.9840225000,0.0325138300,-0.0068058780,-0.0251461300,0.1214761000,0.1298685000,0.9840618000,0.0000000000,,
23.0666700000,3970135,True,1.0000000000,4.0840760000,-0.0313270000,-0.0034217070,-0.0261315200,0.0895545400,0.1087350000,0.9900286000,True,1.0000000000,4.2747800000,0.0329265000,-0.0068383640,-0.0251073200,0.1031350000,0.1236888000,0.9869469000,0.0318538400,-0.0067813270,-0.0251244200,0.1029057000,0.1234288000,0.9870034000,0.0000000000,,
23.0666700000,3970144,True,1.0000000000,4.0869290000,-0.0313835300,-0.0034045720,-0.0261647000,0.0834971600,0.1069655000,0.9907506000,True,1.0000000000,4.3534240000,0.0328778700,-0.0068498240,-0.0250678100,0.0947883700,0.1260844000,0.9874806000,0.0310920100,-0.0067540740,-0.0250983000,0.0944684200,0.1255663000,0.9875773000,0.0000000000,,
23.0833300000,3970152,True,1.0000000000,4.1351010000,-0.0314440600,-0.0033712920,-0.0262434400,0.0729835800,0.1022655000,0.9920762000,True,1.0000000000,4.2887730000,0.0328105200,-0.0068186340,-0.0251126300,0.0875716300,0.1259786000,0.9881602000,0.0309988900,-0.0067214510,-0.0251445000,0.0871596200,0.1253072000,0.9882820000,0.0000000000,,
23.0833300000,3970160,True,1.0000000000,4.1382750000,-0.0314941900,-0.0033785250,-0.0261894100,0.0626380200,0.1031963000,0.9926867000,True,1.0000000000,4.3609010000,0.0327601800,-0.0067777410,-0.0251910700,0.0699470500,0.1266188000,0.9894822000,0.0313129000,-0.0067011720,-0.0252135500,0.0697794600,0.1260852000,0.9895622000,0.0000000000,,
23.1000000000,3970169,True,1.0000000000,4.0289000000,-0.0315501600,-0.0033446050,-0.0262421700,0.0507510700,0.1006324000,0.9936284000,True,1.0000000000,4.3236240000,0.0327131000,-0.0067563170,-0.0251992700,0.0655830700,0.1198135000,0.9906279000,0.0314060400,-0.0066869200,-0.0252204800,0.0652924300,0.1194307000,0.9906933000,0.0000000000,,
23.1000000000,3970177,True,1.0000000000,4.1425320000,-0.0316015200,-0.0033125150,-0.0262933200,0.0418550900,0.0960393500,0.9944971000,True,1.0000000000,4.3319850000,0.0326781200,-0.0067758490,-0.0250850100,0.0522161500,0.1167615000,0.9917864000,0.0279807300,-0.0065227510,-0.0251733100,0.0514685700,0.1152511000,0.9920021000,0.0000000000,,
23.1166700000,3970185,True,1.0000000000,4.1549220000,-0.0316402100,-0.0033189850,-0.0262691800,0.0324252400,0.0977334800,0.9946842000,True,1.0000000000,4.3669890000,0.0326530800,-0.0066231230,-0.0254761500,0.0351568300,0.1107501000,0.9932262000,0.0090603190,-0.0054106600,-0.0257671700,0.0341494500,0.1059731000,0.9937824000,0.0000000000,,
23.1166700000,3970194,True,1.0000000000,4.1867980000,-0.0316818900,-0.0033328250,-0.0261941100,0.0236360300,0.1024940000,0.9944528000,True,1.0000000000,4.4146120000,0.0325981200,-0.0066360630,-0.0253657200,0.0322269100,0.1130383000,0.9930679000,-0.0112249900,-0.0043840640,-0.0259304800,0.0263675500,0.1058517000,0.9940323000,0.0000000000,,
23.1333400000,3970202,True,1.0000000000,4.1700740000,-0.0317126500,-0.0033232580,-0.0261979800,0.0207063300,0.1007393000,0.9946973000,True,1.0000000000,4.2731170000,0.0325909000,-0.0064144750,-0.0259248700,0.0135347200,0.0946362300,0.9954199000,-0.0308863700,-0.0033629760,-0.0261944700,0.0205994100,0.1006624000,0.9947073000,0.0000000000,,
23.1333400000,3970210,True,1.0000000000,4.1251530000,-0.0317408600,-0.0033038790,-0.0262379200,0.0068054680,0.1009834000,0.9948648000,True,1.0000000000,4.3890990000,0.0325471500,-0.0064938050,-0.0256733300,0.0085296830,0.0948488500,0.9954551000,-0.0314984000,-0.0033159030,-0.0262357900,0.0068054790,0.1009683000,0.9948664000,0.0000000000,,
23.1500000000,3970219,True,1.0000000000,4.1664580000,-0.0317469400,-0.0033416900,-0.0261822700,-0.0050354130,0.1080935000,0.9941280000,True,1.0000000000,4.3004300000,0.0325194700,-0.0065153510,-0.0256458600,-0.0037384170,0.1008762000,0.9948920000,-0.0316005300,-0.0033489230,-0.0261810500,-0.0050201720,0.1080634000,0.9941313000,0.0000000000,,
23.1500000000,3970227,True,1.0000000000,4.1371310000,-0.0317958100,-0.0033784490,-0.0261063100,-0.0135346500,0.1080178000,0.9940568000,True,1.0000000000,4.3440400000,0.0324959900,-0.0064912720,-0.0257233000,-0.0096741140,0.1012272000,0.9948163000,-0.0316537200,-0.0033853300,-0.0261054500,-0.0135346700,0.1080027000,0.9940584000,0.0000000000,,
23.1666700000,3970235,True,1.0000000000,4.1311340000,-0.0318470500,-0.0033950960,-0.0261088100,-0.0285037100,0.1081707000,0.9937236000,True,1.0000000000,4.4377290000,0.0324232400,-0.0064189910,-0.0259330800,-0.0270998000,0.0937048900,0.9952311000,-0.0317303300,-0.0034005740,-0.0261084900,-0.0285038100,0.1081405000,0.9937269000,0.0000000000,,
23.1666700000,3970244,True,1.0000000000,4.1635280000,-0.0318926100,-0.0032888800,-0.0264170700,-0.0397648700,0.0970165300,0.9944881000,True,1.0000000000,4.3688810000,0.0323752900,-0.0064731300,-0.0258092400,-0.0358126500,0.0944984000,0.9948806000,-0.0315803400,-0.0033043520,-0.0264141100,-0.0397344600,0.0970015300,0.9944908000,0.0000000000,,
23.1833300000,3970252,True,1.0000000000,4.2220610000,-0.0319454400,-0.0033271940,-0.0263147600,-0.0528870600,0.1044771000,0.9931201000,True,1.0000000000,4.3416600000,0.0323334800,-0.0065793770,-0.0255973700,-0.0507209800,0.0990462900,0.9937893000,-0.0302605300,-0.0034124300,-0.0262959600,-0.0528261500,0.1043400000,0.9931378000,0.0000000000,,
23.1833300000,3970260,True,1.0000000000,4.1166690000,-0.0319868200,-0.0033656160,-0.0261961500,-0.0628664800,0.1035618000,0.9926342000,True,1.0000000000,4.3280640000,0.0322753000,-0.0065355080,-0.0257110000,-0.0589756000,0.1050880000,0.9927126000,-0.0232688800,-0.0037956550,-0.0261303300,-0.0623484200,0.1037614000,0.9926461000,0.0000000000,,
23.2000000000,3970269,True,1.0000000000,4.1250920000,-0.0320417500,-0.0033117530,-0.0263459300,-0.0708316600,0.0957799000,0.9928792000,True,1.0000000000,4.4023740000,0.0322300700,-0.0065595100,-0.0256607200,-0.0732730500,0.1047521000,0.9917954000,-0.0153947300,-0.0041529540,-0.0261684600,-0.0714726900,0.0980994800,0.9926068000,0.0000000000,,
23.2000000000,3970277,True,1.0000000000,4.1114350000,-0.0321715500,-0.0028646700,-0.0276732200,-0.0701914400,0.0901349600,0.9934530000,True,1.0000000000,4.3692320000,0.0321700300,-0.0065761420,-0.0256442600,-0.0824740800,0.1071324000,0.9908181000,0.0318832000,-0.0065596010,-0.0256533100,-0.0824128900,0.1070559000,0.9908316000,0.0000000000,,
23.2166700000,3970285,True,1.0000000000,4.0554350000,-0.0322157900,-0.0028763280,-0.0276388700,-0.0824439800,0.0900734400,0.9925169000,True,1.0000000000,4.4661250000,0.0321012000,-0.0065088660,-0.0258240500,-0.0965585400,0.1100780000,0.9892215000,0.0321007000,-0.0065088350,-0.0258240700,-0.0965585400,0.1100780000,0.9892215000,0.0000000000,,
23.2166700000,3970294,True,1.0000000000,4.0920100000,-0.0322557500,-0.0029577030,-0.0273907300,-0.0965581800,0.0908666200,0.9911709000,True,1.0000000000,4.3641970000,0.0320525400,-0.0066343390,-0.0254910800,-0.1091470000,0.1118784000,0.9877095000,0.0320525100,-0.0066343390,-0.0254910800,-0.1091470000,0.1118784000,0.9877095000,0.0000000000,,
23.2333400000,3970302,True,1.0000000000,4.1416320000,-0.0323147400,-0.0030488280,-0.0271015600,-0.1057902000,0.0886696900,0.9904272000,True,1.0000000000,4.4258420000,0.0319643900,-0.0066139530,-0.0255596500,-0.1187450000,0.1157543000,0.9861544000,0.0319643700,-0.0066139530,-0.0255596500,-0.1187450000,0.1157543000,0.9861544000,0.0000000000,,
23.2333400000,3970310,True,1.0000000000,4.1024480000,-0.0323581100,-0.0032136690,-0.0266214800,-0.1333945000,0.0940719600,0.9865882000,True,1.0000000000,4.4137420000,0.0319033100,-0.0066467440,-0.0254549600,-0.1381546000,0.1103070000,0.9842488000,0.0319032000,-0.0066467440,-0.0254549600,-0.1381546000,0.1103070000,0.9842488000,0.0000000000,,
23.2500000000,3970319,True,1.0000000000,4.1096650000,-0.0324363300,-0.0032370610,-0.0265289200,-0.1420147000,0.0943306000,0.9853596000,True,1.0000000000,4.3661350000,0.0317997200,-0.0066461340,-0.0254837100,-0.1380625000,0.1114052000,0.9841380000,0.0317994800,-0.0066461340,-0.0254837100,-0.1380625000,0.1114052000,0.9841380000,0.0000000000,,
23.2500000000,3970327,True,1.0000000000,4.1440120000,-0.0325227700,-0.0032443090,-0.0265431700,-0.1531240000,0.0916760000,0.9839454000,True,1.0000000000,4.4262080000,0.0317040400,-0.0066773840,-0.0254528400,-0.1544517000,0.1173876000,0.9810019000,0.0317038000,-0.0066773690,-0.0254528500,-0.1544517000,0.1173876000,0.9810019000,0.0000000000,,
23.2666700000,3970335,True,1.0000000000,4.1010590000,-0.0326189000,-0.0032576140,-0.0265445600,-0.1567396000,0.1004189000,0.9825217000,True,1.0000000000,4.4884490000,0.0316010900,-0.0066796730,-0.0254856000,-0.1661088000,0.1176922000,0.9790590000,0.0316005400,-0.0066796420,-0.0254856100,-0.1661088000,0.1176922000,0.9790590000,0.0000000000,,
23.2666700000,3970344,True,1.0000000000,4.2093660000,-0.0327291900,-0.0032578130,-0.0265709700,-0.1703670000,0.1123217000,0.9789581000,True,1.0000000000,4.4463650000,0.0314922800,-0.0066855470,-0.0255051600,-0.1799480000,0.1266792000,0.9754850000,0.0314913200,-0.0066854860,-0.0255051700,-0.1799480000,0.1266792000,0.9754850000,0.0000000000,,
23.2833300000,3970352,True,1.0000000000,4.1071780000,-0.0328344900,-0.0032739720,-0.0265982100,-0.1831992000,0.1104749000,0.9768487000,True,1.0000000000,4.4278560000,0.0313865100,-0.0066852880,-0.0255154900,-0.1920641000,0.1231395000,0.9736263000,0.0313852100,-0.0066852270,-0.0255155200,-0.1920641000,0.1231395000,0.9736263000,0.0000000000,,
23.2833300000,3970360,True,1.0000000000,4.1468350000,-0.0329279200,-0.0032879790,-0.0266192300,-0.1889067000,0.1184710000,0.9748225000,True,1.0000000000,4.4271390000,0.0312821000,-0.0066866760,-0.0255396400,-0.2057519000,0.1248489000,0.9706075000,0.0312675500,-0.0066858980,-0.0255398900,-0.2057519000,0.1248489000,0.9706075000,0.0000000000,,
23.3000000000,3970369,True,1.0000000000,4.0194090000,-0.0330443900,-0.0033056640,-0.0266351600,-0.1942296000,0.1157077000,0.9741081000,True,1.0000000000,4.4570920000,0.0311722300,-0.0066847390,-0.0255581700,-0.2124349000,0.1298078000,0.9685150000,0.0307935000,-0.0066648110,-0.0255645200,-0.2123287000,0.1297318000,0.9685485000,0.0000000000,,
23.3000000000,3970377,True,1.0000000000,4.0969240000,-0.0331573200,-0.0033164520,-0.0266554400,-0.2133948000,0.1090701000,0.9708586000,True,1.0000000000,4.3880000000,0.0310456700,-0.0066842500,-0.0255683000,-0.2161894000,0.1218583000,0.9687170000,0.0183034500,-0.0060158390,-0.0257840600,-0.2156390000,0.1193248000,0.9691550000,0.0000000000,,
23.3166700000,3970385,True,1.0000000000,4.2127230000,-0.0332564300,-0.0033227390,-0.0266877000,-0.2383605000,0.1104903000,0.9648711000,True,1.0000000000,4.4075160000,0.0309316100,-0.0066770790,-0.0256017300,-0.2335081000,0.1256729000,0.9641993000,-0.0030246130,-0.0049026040,-0.0261762100,-0.2360880000,0.1176320000,0.9645855000,0.0000000000,,
23.3166700000,3970394,True,1.0000000000,4.1496730000,-0.0333713100,-0.0033425140,-0.0267007300,-0.2343766000,0.1107948000,0.9658116000,True,1.0000000000,4.4328920000,0.0308330500,-0.0066710050,-0.0256219300,-0.2423739000,0.1268785000,0.9618506000,0.0008798523,-0.0051181640,-0.0261252300,-0.2386498000,0.1193859000,0.9637392000,0.0000000000,,
23.3333300000,3970402,True,1.0000000000,4.2294460000,-0.0334833900,-0.0033380740,-0.0267434700,-0.2587606000,0.1174173000,0.9587784000,True,1.0000000000,4.4087070000,0.0307066500,-0.0066414950,-0.0256275200,-0.2549014000,0.1134048000,0.9602940000,0.0009074708,-0.0051079410,-0.0261455800,-0.2567021000,0.1152664000,0.9595925000,0.0000000000,,
23.3333300000,3970410,True,1.0000000000,4.1545560000,-0.0335837000,-0.0033302610,-0.0267540400,-0.2654431000,0.1066441000,0.9582103000,True,1.0000000000,4.3694920000,0.0306127200,-0.0066536260,-0.0256567900,-0.2744789000,0.1093918000,0.9553506000,0.0019813540,-0.0051714170,-0.0261461700,-0.2704479000,0.1081700000,0.9566385000,0.0000000000,,
23.3500000000,3970419,True,1.0000000000,4.2619170000,-0.0336685500,-0.0033172300,-0.0267870400,-0.2845801000,0.1107192000,0.9522371000,True,1.0000000000,4.4328610000,0.0305105400,-0.0066287390,-0.0256936700,-0.2883808000,0.1192648000,0.9500592000,0.0012267460,-0.0051177670,-0.0261925500,-0.2866556000,0.1153581000,0.9510631000,0.0000000000,,
23.3500000000,3970427,True,1.0000000000,4.1795350000,-0.0337534200,-0.0032962190,-0.0268124700,-0.2981575000,0.1093753000,0.9482295000,True,1.0000000000,4.5280610000,0.0304238000,-0.0066271360,-0.0257126900,-0.3023425000,0.1163196000,0.9460754000,0.0009449311,-0.0050971220,-0.0262178700,-0.3004175000,0.1131296000,0.9470750000,0.0000000000,,
23.3666700000,3970435,True,1.0000000000,4.1985170000,-0.0338387500,-0.0032946470,-0.0268273000,-0.3004774000,0.1055913000,0.9479260000,True,1.0000000000,4.4997410000,0.0303479800,-0.0066098480,-0.0257358100,-0.3127187000,0.1178608000,0.9425051000,0.0012192690,-0.0051053780,-0.0262311400,-0.3071785000,0.1122908000,0.9450038000,0.0000000000,,
23.3666700000,3970444,True,1.0000000000,4.2438960000,-0.0339030900,-0.0032797700,-0.0268547100,-0.3124284000,0.1091630000,0.9436482000,True,1.0000000000,4.5087890000,0.0302889700,-0.0066117860,-0.0257570700,-0.3279757000,0.1165936000,0.9374636000,-0.0035435790,-0.0048556370,-0.0263355900,-0.3197974000,0.1126875000,0.9407610000,0.0000000000,,
23.3833400000,3970452,True,1.0000000000,4.2702180000,-0.0339854900,-0.0032772070,-0.0268907000,-0.3175229000,0.1171427000,0.9409871000,True,1.0000000000,4.5420530000,0.0301831200,-0.0066184540,-0.0257742500,-0.3198297000,0.1174184000,0.9401712000,-0.0055190430,-0.0047594450,-0.0263954200,-0.3185469000,0.1172654000,0.9406257000,0.0000000000,,
23.3833400000,3970460,True,1.0000000000,4.2653660000,-0.0340416400,-0.0032787170,-0.0269067100,-0.3277790000,0.1113451000,0.9381701000,True,1.0000000000,4.4598240000,0.0301342500,-0.0066124730,-0.0258026100,-0.3315914000,0.1225291000,0.9354324000,-0.0052685550,-0.0047733920,-0.0264117000,-0.3294870000,0.1163649000,0.9369618000,0.0000000000,,
23.4000000000,3970469,True,1.0000000000,4.3105320000,-0.0341201900,-0.0032926330,-0.0269205600,-0.3314402000,0.1027692000,0.9378624000,True,1.0000000000,4.5649110000,0.0300478500,-0.0066235810,-0.0258346600,-0.3392527000,0.1285873000,0.9318653000,-0.0049696960,-0.0048058320,-0.0264272600,-0.3350264000,0.1145187000,0.9352234000,0.0000000000,,
23.4000000000,3970477,True,1.0000000000,4.3073580000,-0.0341798600,-0.0033007810,-0.0269583600,-0.3351320000,0.1180431000,0.9347472000,True,1.0000000000,4.5759430000,0.0300152900,-0.0066227270,-0.0258310100,-0.3377717000,0.1227428000,0.9331905000,-0.0025968480,-0.0049351200,-0.0264037300,-0.3364300000,0.1203476000,0.9339868000,0.0000000000,,
23.4166700000,3970485,True,1.0000000000,4.3238830000,-0.0342448900,-0.0033136900,-0.0269809600,-0.3360339000,0.1236437000,0.9336988000,True,1.0000000000,4.5921630000,0.0299350600,-0.0066398470,-0.0258543000,-0.3427593000,0.1245884000,0.9311250000,-0.0009527588,-0.0050390630,-0.0263965200,-0.3395275000,0.1241318000,0.9323692000,0.0000000000,,
23.4166700000,3970493,True,1.0000000000,4.2892300000,-0.0343096200,-0.0033205570,-0.0270088700,-0.3454500000,0.1214622000,0.9305435000,True,1.0000000000,4.5712890000,0.0298824200,-0.0066339420,-0.0258929800,-0.3547583000,0.1332270000,0.9254172000,-0.0017501530,-0.0050011750,-0.0264428600,-0.3501783000,0.1274277000,0.9279749000,0.0000000000,,
23.4333300000,3970502,True,1.0000000000,4.3361210000,-0.0343490900,-0.0033251190,-0.0270219300,-0.3491690000,0.1209572000,0.9292203000,True,1.0000000000,4.6183930000,0.0298578300,-0.0066361090,-0.0259043100,-0.3603270000,0.1341728000,0.9231263000,-0.0016943210,-0.0050090490,-0.0264535200,-0.3548625000,0.1276870000,0.9261580000,0.0000000000,,
23.4333300000,3970510,True,1.0000000000,4.3286900000,-0.0343913100,-0.0033235630,-0.0270388100,-0.3473225000,0.1299293000,0.9287009000,True,1.0000000000,4.5490420000,0.0298005400,-0.0066353760,-0.0259307000,-0.3621071000,0.1415408000,0.9213277000,-0.0007230683,-0.0050605930,-0.0264576100,-0.3550929000,0.1360343000,0.9248804000,0.0000000000,,
23.4500000000,3970518,True,1.0000000000,4.3961180000,-0.0343687200,-0.0033020940,-0.0270327200,-0.3495376000,0.1261766000,0.9283872000,True,1.0000000000,4.6158290000,0.0298352400,-0.0066196440,-0.0259150100,-0.3586487000,0.1406121000,0.9228214000,-0.0021351620,-0.0049676670,-0.0264715700,-0.3541318000,0.1334251000,0.9256287000,0.0000000000,,
23.4500000000,3970527,True,1.0000000000,4.3668980000,-0.0343433200,-0.0032797240,-0.0270297400,-0.3416914000,0.1358953000,0.9299352000,True,1.0000000000,4.4974370000,0.0298616200,-0.0066168520,-0.0258922700,-0.3507404000,0.1329200000,0.9269916000,-0.0026988680,-0.0049244850,-0.0264691300,-0.3461647000,0.1344314000,0.9284924000,0.0000000000,,
23.4666700000,3970535,True,1.0000000000,4.3347470000,-0.0343401800,-0.0032696380,-0.0270269900,-0.3513995000,0.1261614000,0.9276862000,True,1.0000000000,4.5308690000,0.0298626700,-0.0066219790,-0.0258900500,-0.3531234000,0.1306932000,0.9264033000,-0.0024215850,-0.0049362640,-0.0264617600,-0.3522646000,0.1284180000,0.9270482000,0.0000000000,,
23.4666700000,3970543,True,1.0000000000,4.3237610000,-0.0343427300,-0.0032693180,-0.0270258200,-0.3497216000,0.1249714000,0.9284810000,True,1.0000000000,4.5497590000,0.0298598800,-0.0066282200,-0.0258923800,-0.3541904000,0.1316083000,0.9258663000,-0.0028793490,-0.0049153900,-0.0264703700,-0.3519163000,0.1282206000,0.9272078000,0.0000000000,,
23.4833400000,3970552,True,1.0000000000,4.3154600000,-0.0343452900,-0.0032696380,-0.0270269900,-0.3504042000,0.1258550000,0.9281042000,True,1.0000000000,4.5333710000,0.0298570900,-0.0066344610,-0.0258947200,-0.3538698000,0.1337445000,0.9256828000,-0.0035366060,-0.0048843080,-0.0264836600,-0.3520702000,0.1296402000,0.9269519000,0.0000000000,,
23.4833400000,3970560,True,1.0000000000,4.3169710000,-0.0343474000,-0.0032715760,-0.0270285700,-0.3520557000,0.1269091000,0.9273354000,True,1.0000000000,4.5267490000,0.0298594400,-0.0066397860,-0.0258974500,-0.3547698000,0.1360943000,0.9249955000,-0.0034750670,-0.0048910980,-0.0264847000,-0.3533680000,0.1313190000,0.9262216000,0.0000000000,,
23.5000000000,3970568,True,1.0000000000,4.3153990000,-0.0343494900,-0.0032734990,-0.0270301400,-0.3495079000,0.1268025000,0.9283132000,True,1.0000000000,4.5365910000,0.0298617700,-0.0066451110,-0.0259001600,-0.3558110000,0.1366297000,0.9245166000,-0.0047357480,-0.0048284610,-0.0265090000,-0.3524193000,0.1313333000,0.9265809000,0.0000000000,,
23.5000000000,3970577,True,1.0000000000,4.3231350000,-0.0343489200,-0.0032747800,-0.0270313400,-0.3517015000,0.1278387000,0.9273421000,True,1.0000000000,4.5373080000,0.0298622300,-0.0066494150,-0.0259028000,-0.3557801000,0.1374383000,0.9244086000,-0.0049241940,-0.0048211980,-0.0265141900,-0.3535822000,0.1322348000,0.9260095000,0.0000000000,,
23.5000000000,3970585,True,1.0000000000,4.3279570000,-0.0343483500,-0.0032760770,-0.0270325500,-0.3496884000,0.1279154000,0.9280925000,True,1.0000000000,4.5377350000,0.0298626700,-0.0066537020,-0.0259054400,-0.3557453000,0.1382149000,0.9243062000,-0.0050158080,-0.0048190310,-0.0265176700,-0.3524639000,0.1326298000,0.9263793000,0.0000000000,,
23.5166700000,3970593,True,1.0000000000,4.3315280000,-0.0343470300,-0.0032748570,-0.0270324300,-0.3495961000,0.1279609000,0.9281210000,True,1.0000000000,4.5288240000,0.0298635900,-0.0066560980,-0.0259042500,-0.3554261000,0.1388104000,0.9243398000,-0.0046092840,-0.0048408050,-0.0265099400,-0.3523138000,0.1329817000,0.9263859000,0.0000000000,,
23.5333300000,3970602,True,1.0000000000,4.3290710000,-0.0343343700,-0.0032689970,-0.0270245400,-0.3430192000,0.1302344000,0.9302564000,True,1.0000000000,4.5003360000,0.0298912100,-0.0066534580,-0.0258775000,-0.3454471000,0.1329053000,0.9289793000,-0.0045957950,-0.0048361210,-0.0264934200,-0.3441361000,0.1314715000,0.9296696000,0.0000000000,,
23.5333300000,3970610,True,1.0000000000,4.2006680000,-0.0343206300,-0.0032523350,-0.0270251000,-0.3389802000,0.1363245000,0.9308642000,True,1.0000000000,4.4979250000,0.0299138100,-0.0066342620,-0.0258674500,-0.3391301000,0.1350570000,0.9309943000,-0.0050109560,-0.0047954870,-0.0264968700,-0.3390552000,0.1357441000,0.9309216000,0.0000000000,,
23.5500000000,3970618,True,1.0000000000,4.2899020000,-0.0342910600,-0.0032281950,-0.0270032500,-0.3419382000,0.1237044000,0.9315447000,True,1.0000000000,4.5349730000,0.0299661400,-0.0066074830,-0.0258419700,-0.3376940000,0.1279761000,0.9325153000,-0.0057895820,-0.0047270970,-0.0264881600,-0.3400586000,0.1255955000,0.9319796000,0.0000000000,,
23.5500000000,3970627,True,1.0000000000,4.3161160000,-0.0342386500,-0.0032029880,-0.0269789600,-0.3415864000,0.1176464000,0.9324580000,True,1.0000000000,4.4530490000,0.0300105800,-0.0065815280,-0.0258416000,-0.3443318000,0.1272743000,0.9301811000,-0.0056457980,-0.0047065430,-0.0264728100,-0.3428096000,0.1219350000,0.9314577000,0.0000000000,,
23.5666700000,3970635,True,1.0000000000,4.2629390000,-0.0342018000,-0.0031856690,-0.0269701600,-0.3343993000,0.1235057000,0.9343037000,True,1.0000000000,4.4962160000,0.0300352500,-0.0065774840,-0.0258171400,-0.3434486000,0.1148389000,0.9321240000,-0.0056170500,-0.0046949920,-0.0264570800,-0.3384268000,0.1196449000,0.9333555000,0.0000000000,,
23.5666700000,3970643,True,1.0000000000,4.2388760000,-0.0341700300,-0.0031733090,-0.0269554300,-0.3352868000,0.1169453000,0.9348297000,True,1.0000000000,4.4775090000,0.0300809200,-0.0065518340,-0.0258011300,-0.3339286000,0.1170520000,0.9353024000,-0.0056061250,-0.0046752930,-0.0264422800,-0.3346898000,0.1169904000,0.9350380000,0.0000000000,,
23.5833300000,3970652,True,1.0000000000,4.3316190000,-0.0341111200,-0.0031564030,-0.0269298300,-0.3318818000,0.1110545000,0.9367611000,True,1.0000000000,4.4073490000,0.0301458800,-0.0065350650,-0.0257881600,-0.3367662000,0.1128861000,0.9347969000,-0.0050800330,-0.0046828620,-0.0264140300,-0.3340943000,0.1118785000,0.9358762000,0.0000000000,,
23.5833300000,3970660,True,1.0000000000,4.1596220000,-0.0340632500,-0.0031445620,-0.0269171000,-0.3306438000,0.1096348000,0.9373659000,True,1.0000000000,4.4078370000,0.0301782500,-0.0065342570,-0.0257939600,-0.3276721000,0.1270008000,0.9362168000,-0.0039742580,-0.0047322080,-0.0263910500,-0.3292570000,0.1177684000,0.9368674000,0.0000000000,,
23.6000000000,3970668,True,1.0000000000,4.2322540000,-0.0340350800,-0.0031426090,-0.0269035500,-0.3239034000,0.1091478000,0.9397730000,True,1.0000000000,4.3735350000,0.0302124300,-0.0065363310,-0.0257799600,-0.3237053000,0.1231405000,0.9381105000,-0.0026401220,-0.0048009800,-0.0263544900,-0.3238090000,0.1159829000,0.9389865000,0.0000000000,,
23.6000000000,3970677,True,1.0000000000,4.2557980000,-0.0340111900,-0.0031470490,-0.0268811700,-0.3129004000,0.1027691000,0.9442096000,True,1.0000000000,4.2891850000,0.0302343000,-0.0065088350,-0.0257474500,-0.3132358000,0.1089947000,0.9434000000,0.0004072571,-0.0049480740,-0.0262737900,-0.3130825000,0.1061105000,0.9437796000,0.0000000000,,
23.6166700000,3970685,True,1.0000000000,4.2189480000,-0.0339915600,-0.0031461490,-0.0268868100,-0.3090525000,0.1122288000,0.9444000000,True,1.0000000000,4.4441070000,0.0302618900,-0.0065087890,-0.0257548500,-0.3140442000,0.1198590000,0.9418122000,0.0010937960,-0.0049823150,-0.0262687100,-0.3117841000,0.1163945000,0.9429968000,0.0000000000,,
23.6166700000,3970693,True,1.0000000000,4.1753230000,-0.0339718100,-0.0031532140,-0.0268714600,-0.3013626000,0.1078344000,0.9473924000,True,1.0000000000,4.2878270000,0.0302800300,-0.0065074620,-0.0257525400,-0.3029670000,0.1235520000,0.9449581000,0.0009461365,-0.0049760900,-0.0262633800,-0.3022484000,0.1163797000,0.9460981000,0.0000000000,,
23.6333400000,3970702,True,1.0000000000,4.1115880000,-0.0339424500,-0.0031559300,-0.0268636200,-0.3005990000,0.1060794000,0.9478329000,True,1.0000000000,4.3114930000,0.0303032200,-0.0065046690,-0.0257397500,-0.3015008000,0.1185465000,0.9460677000,0.0001860962,-0.0049348450,-0.0262666000,-0.3010904000,0.1127029000,0.9469121000,0.0000000000,,
23.6333400000,3970710,True,1.0000000000,4.1030120000,-0.0339157000,-0.0031608890,-0.0268562800,-0.2932908000,0.1083380000,0.9498649000,True,1.0000000000,4.2420500000,0.0303839000,-0.0065257110,-0.0257284100,-0.2963593000,0.1287397000,0.9463600000,-0.0002724457,-0.0049214480,-0.0262661400,-0.2949095000,0.1190197000,0.9480836000,0.0000000000,,
23.6500000000,3970718,True,1.0000000000,4.1880800000,-0.0338797900,-0.0031642610,-0.0268497900,-0.2867787000,0.1122151000,0.9514020000,True,1.0000000000,4.2821500000,0.0303824800,-0.0065115210,-0.0257174400,-0.2788571000,0.1280225000,0.9517609000,-0.0008740387,-0.0048834540,-0.0262682000,-0.2827181000,0.1203322000,0.9516253000,0.0000000000,,
23.6500000000,3970727,True,1.0000000000,4.1790770000,-0.0338396500,-0.0031673280,-0.0268395100,-0.2836196000,0.1105364000,0.9525449000,True,1.0000000000,4.2780150000,0.0304169000,-0.0065086210,-0.0257075100,-0.2756812000,0.1252750000,0.9530509000,-0.0026993410,-0.0047865910,-0.0262909100,-0.2797861000,0.1176762000,0.9528232000,0.0000000000,,
23.6666700000,3970735,True,1.0000000000,4.1888730000,-0.0338048600,-0.0031669470,-0.0268407400,-0.2821049000,0.1170961000,0.9522108000,True,1.0000000000,4.3177950000,0.0304604700,-0.0065128170,-0.0257013900,-0.2693799000,0.1289221000,0.9543655000,-0.0031638800,-0.0047622230,-0.0262975200,-0.2760500000,0.1227431000,0.9532736000,0.0000000000,,
23.6666700000,3970743,True,1.0000000000,4.1850130000,-0.0337596300,-0.0031638340,-0.0268318500,-0.2684824000,0.1233692000,0.9553519000,True,1.0000000000,4.3216090000,0.0305333300,-0.0065168160,-0.0256778700,-0.2705870000,0.1200575000,0.9551800000,-0.0032898870,-0.0047528840,-0.0262849600,-0.2694881000,0.1217968000,0.9552705000,0.0000000000,,
23.6833300000,3970752,True,1.0000000000,4.1127170000,-0.0336961500,-0.0031584630,-0.0268166400,-0.2641796000,0.1198292000,0.9570006000,True,1.0000000000,4.2963710000,0.0305782900,-0.0065240180,-0.0256667800,-0.2610201000,0.1198288000,0.9578672000,-0.0031450200,-0.0047581940,-0.0262700800,-0.2626841000,0.1198291000,0.9574122000,0.0000000000,,
23.6833300000,3970760,True,1.0000000000,4.1438450000,-0.0336584300,-0.0031398320,-0.0268161000,-0.2590191000,0.1268316000,0.9575087000,True,1.0000000000,4.3063350000,0.0306331000,-0.0065223090,-0.0256692100,-0.2587616000,0.1279922000,0.9574239000,-0.0034895630,-0.0047270660,-0.0262779100,-0.2588985000,0.1273817000,0.9574683000,0.0000000000,,
23.7000000000,3970768,True,1.0000000000,4.0789030000,-0.0335976400,-0.0031257630,-0.0268022500,-0.2473619000,0.1260842000,0.9606846000,True,1.0000000000,4.3303830000,0.0306945500,-0.0065226750,-0.0256455400,-0.2479720000,0.1247718000,0.9606987000,-0.0039543910,-0.0046919860,-0.0262689200,-0.2476531000,0.1254745000,0.9606894000,0.0000000000,,
23.7000000000,3970777,True,1.0000000000,3.9885410000,-0.0335436900,-0.0031187290,-0.0267827300,-0.2335366000,0.1223607000,0.9646183000,True,1.0000000000,4.3326110000,0.0307290200,-0.0065221870,-0.0256445900,-0.2412147000,0.1299611000,0.9617305000,-0.0034372710,-0.0047129670,-0.0262496000,-0.2371390000,0.1259167000,0.9632809000,0.0000000000,,
23.7166700000,3970785,True,1.0000000000,4.0089570000,-0.0335114000,-0.0031165470,-0.0267762900,-0.2226425000,0.1258553000,0.9667423000,True,1.0000000000,4.3309940000,0.0307822600,-0.0065303040,-0.0256313200,-0.2344856000,0.1251088000,0.9640354000,-0.0000820007,-0.0048915250,-0.0261809700,-0.2288066000,0.1254736000,0.9653517000,0.0000000000,,
23.7166700000,3970793,True,1.0000000000,3.9570920000,-0.0334167200,-0.0031140900,-0.0267556800,-0.2143880000,0.1210644000,0.9692168000,True,1.0000000000,4.3625180000,0.0308656200,-0.0065268400,-0.0256236600,-0.2289005000,0.1318684000,0.9644767000,0.0007604370,-0.0049285590,-0.0261538100,-0.2221078000,0.1268163000,0.9667398000,0.0000000000,,
23.7333400000,3970802,True,1.0000000000,3.9893040000,-0.0333285400,-0.0031087190,-0.0267389800,-0.1964430000,0.1227578000,0.9728004000,True,1.0000000000,4.3593290000,0.0309536900,-0.0065276800,-0.0255909900,-0.2113512000,0.1191874000,0.9701160000,0.0013604280,-0.0049537200,-0.0261194900,-0.2044994000,0.1208350000,0.9713799000,0.0000000000,,
23.7333400000,3970810,True,1.0000000000,3.9847110000,-0.0332381200,-0.0030977170,-0.0267184000,-0.1949486000,0.1144118000,0.9741176000,True,1.0000000000,4.2749330000,0.0310026000,-0.0065241400,-0.0255852500,-0.2049128000,0.1211868000,0.9712489000,0.0019159090,-0.0049727330,-0.0260983100,-0.2004121000,0.1181202000,0.9725650000,0.0000000000,,
23.7500000000,3970818,True,1.0000000000,4.1872560000,-0.0332006100,-0.0030841220,-0.0267224600,-0.1946436000,0.1217056000,0.9732942000,True,1.0000000000,4.3562010000,0.0310407700,-0.0065338750,-0.0255681600,-0.1934230000,0.1208360000,0.9736458000,0.0012165380,-0.0049323280,-0.0261040500,-0.1939855000,0.1212467000,0.9734828000,0.0000000000,,
23.7500000000,3970827,True,1.0000000000,4.1217350000,-0.0331624900,-0.0030844880,-0.0267083400,-0.1892097000,0.1107945000,0.9756660000,True,1.0000000000,4.2910310000,0.0310931400,-0.0065304260,-0.0255720500,-0.1974371000,0.1213096000,0.9727809000,0.0008969117,-0.0049110410,-0.0261060400,-0.1935744000,0.1163796000,0.9741585000,0.0000000000,,
23.7666700000,3970835,True,1.0000000000,4.0525510000,-0.0330994300,-0.0030736090,-0.0266944000,-0.1767901000,0.1087658000,0.9782205000,True,1.0000000000,4.3370360000,0.0311474600,-0.0065248720,-0.0255600400,-0.1898515000,0.1190196000,0.9745721000,0.0006049653,-0.0048841710,-0.0260993100,-0.1836560000,0.1141517000,0.9763400000,0.0000000000,,
23.7666700000,3970843,True,1.0000000000,4.0294040000,-0.0330540000,-0.0030625460,-0.0266897800,-0.1727453000,0.1046756000,0.9793887000,True,1.0000000000,4.3205410000,0.0311922200,-0.0065177160,-0.0255605800,-0.1825589000,0.1262836000,0.9750512000,0.0002162018,-0.0048518220,-0.0261050100,-0.1778429000,0.1158763000,0.9772127000,0.0000000000,,
23.7833300000,3970852,True,1.0000000000,4.0805050000,-0.0329991500,-0.0030477450,-0.0266920800,-0.1676205000,0.1053179000,0.9802099000,True,1.0000000000,4.3225860000,0.0312621000,-0.0065064550,-0.0255489500,-0.1748375000,0.1227891000,0.9769108000,-0.0005127258,-0.0047962500,-0.0261142000,-0.1712817000,0.1141522000,0.9785867000,0.0000000000,,
23.7833300000,3970860,True,1.0000000000,4.0041960000,-0.0329346800,-0.0030334780,-0.0266751300,-0.1636516000,0.1004493000,0.9813909000,True,1.0000000000,4.3553920000,0.0313211500,-0.0064922790,-0.0255244400,-0.1676954000,0.1173563000,0.9788287000,-0.0006513977,-0.0047712410,-0.0260970000,-0.1656816000,0.1089488000,0.9801428000,0.0000000000,,
23.8000000000,3970868,True,1.0000000000,4.0003360000,-0.0328891600,-0.0030252690,-0.0266859000,-0.1552454000,0.0978561600,0.9830173000,True,1.0000000000,4.2724910000,0.0313598000,-0.0064771270,-0.0255225100,-0.1620042000,0.1184552000,0.9796546000,-0.0011430210,-0.0047308810,-0.0261110600,-0.1586020000,0.1080489000,0.9814127000,0.0000000000,,
23.8000000000,3970877,True,1.0000000000,3.9583130000,-0.0328339300,-0.0030121770,-0.0267066800,-0.1474475000,0.1011518000,0.9838839000,True,1.0000000000,4.2426450000,0.0314208500,-0.0064634860,-0.0255296200,-0.1530614000,0.1134953000,0.9816777000,-0.0015670620,-0.0046916050,-0.0261339100,-0.1501793000,0.1071641000,0.9828337000,0.0000000000,,
23.8166700000,3970885,True,1.0000000000,4.0549160000,-0.0327864700,-0.0030092010,-0.0267164900,-0.1444403000,0.0976414000,0.9846843000,True,1.0000000000,4.2891240000,0.0314724400,-0.0064606940,-0.0255219700,-0.1469118000,0.1142427000,0.9825302000,-0.0019461520,-0.0046657100,-0.0261432000,-0.1456318000,0.1056075000,0.9836861000,0.0000000000,,
23.8166700000,3970893,True,1.0000000000,4.0036470000,-0.0327440900,-0.0030035550,-0.0267308700,-0.1393137000,0.1072090000,0.9844277000,True,1.0000000000,4.2247920000,0.0315115400,-0.0064712070,-0.0254944800,-0.1323555000,0.1139991000,0.9846249000,-0.0020633850,-0.0046592870,-0.0261405200,-0.1359871000,0.1104590000,0.9845335000,0.0000000000,,
23.8333300000,3970902,True,1.0000000000,3.9910580000,-0.0327003200,-0.0029733890,-0.0268367800,-0.1302353000,0.1056684000,0.9858361000,True,1.0000000000,4.2295840000,0.0315559100,-0.0064433600,-0.0255573100,-0.1216750000,0.1151595000,0.9858668000,0.0013166350,-0.0048103790,-0.0261594400,-0.1257024000,0.1106876000,0.9858738000,0.0000000000,,
23.8333300000,3970910,True,1.0000000000,3.9403990000,-0.0326645800,-0.0029352570,-0.0269482900,-0.1204843000,0.1091012000,0.9867018000,True,1.0000000000,4.2353670000,0.0315980400,-0.0064088600,-0.0256404900,-0.1210487000,0.1108252000,0.9864406000,0.0099437560,-0.0052383730,-0.0260811800,-0.1208500000,0.1102451000,0.9865299000,0.0000000000,,
23.8500000000,3970918,True,1.0000000000,4.0029600000,-0.0326316500,-0.0028897860,-0.0270688200,-0.1154954000,0.1104294000,0.9871505000,True,1.0000000000,4.1954350000,0.0316407200,-0.0064283750,-0.0255876200,-0.1151289000,0.1153578000,0.9866295000,0.0226160300,-0.0059315190,-0.0257955900,-0.1151747000,0.1146559000,0.9867060000,0.0000000000,,
23.8500000000,3970927,True,1.0000000000,3.8786770000,-0.0326232000,-0.0026150360,-0.0278673600,-0.0935365400,0.0973359900,0.9908465000,True,1.0000000000,4.1942600000,0.0316830500,-0.0064442750,-0.0255301800,-0.1020663000,0.1199344000,0.9875212000,0.0315335200,-0.0064353640,-0.0255356200,-0.1020369000,0.1198747000,0.9875315000,0.0000000000,,
23.8666700000,3970935,True,1.0000000000,3.9897310000,-0.0325873300,-0.0025476530,-0.0280493000,-0.0882276500,0.1046769000,0.9905850000,True,1.0000000000,4.1151730000,0.0317247500,-0.0063466950,-0.0257530100,-0.0959329000,0.1135875000,0.9888856000,0.0317218200,-0.0063465270,-0.0257531100,-0.0959329000,0.1135875000,0.9888856000,0.0000000000,,
23.8666700000,3970943,True,1.0000000000,3.9393310000,-0.0325732300,-0.0023677980,-0.0285671700,-0.0679940300,0.1062025000,0.9920170000,True,1.0000000000,4.2688900000,0.0317654100,-0.0062263180,-0.0260338000,-0.0895246300,0.1063095000,0.9902948000,0.0317653700,-0.0062263180,-0.0260338000,-0.0895246300,0.1063095000,0.9902948000,0.0000000000,,
23.8833400000,3970952,True,1.0000000000,3.9885560000,-0.0324169000,-0.0030395510,-0.0265610100,-0.0800783000,0.1347201000,0.9876426000,True,1.0000000000,4.2306980000,0.0318206400,-0.0063123780,-0.0257640900,-0.0808262200,0.1190039000,0.9895985000,0.0318205900,-0.0063123780,-0.0257641000,-0.0808262200,0.1190039000,0.9895985000,0.0000000000,,
23.8833400000,3970960,True,1.0000000000,3.9817660000,-0.0323686400,-0.0030525970,-0.0265165000,-0.0780339400,0.1346597000,0.9878145000,True,1.0000000000,4.1025540000,0.0318715800,-0.0062326820,-0.0259632900,-0.0701147900,0.1141063000,0.9909913000,0.0318715100,-0.0062326660,-0.0259632900,-0.0701147900,0.1141063000,0.9909913000,0.0000000000,,
23.9000000000,3970968,True,1.0000000000,3.9902190000,-0.0323218400,-0.0031145480,-0.0263514600,-0.0681774000,0.1329826000,0.9887707000,True,1.0000000000,4.1579130000,0.0319080400,-0.0061210640,-0.0262562900,-0.0695956200,0.1059575000,0.9919322000,0.0319079200,-0.0061210480,-0.0262562900,-0.0695956200,0.1059575000,0.9919322000,0.0000000000,,
23.9000000000,3970977,True,1.0000000000,4.0113070000,-0.0323016500,-0.0031086270,-0.0263673300,-0.0639650600,0.1326756000,0.9890933000,True,1.0000000000,4.2656860000,0.0319490200,-0.0061911170,-0.0260778500,-0.0677345100,0.1111157000,0.9914965000,0.0319489200,-0.0061911010,-0.0260778500,-0.0677345100,0.1111157000,0.9914965000,0.0000000000,,
23.9166700000,3970985,True,1.0000000000,4.0251920000,-0.0322462500,-0.0030014800,-0.0266881900,-0.0596468800,0.1257330000,0.9902694000,True,1.0000000000,4.1345060000,0.0319867600,-0.0062626340,-0.0259130300,-0.0493934600,0.1110704000,0.9925843000,0.0319866900,-0.0062626340,-0.0259130300,-0.0493934600,0.1110704000,0.9925843000,0.0000000000,,
23.9166700000,3970993,True,1.0000000000,4.0808110000,-0.0322188400,-0.0029445040,-0.0268518900,-0.0474703600,0.1252601000,0.9909876000,True,1.0000000000,4.2465360000,0.0320325300,-0.0062970580,-0.0258401800,-0.0428927200,0.1139533000,0.9925597000,0.0320325000,-0.0062970580,-0.0258401800,-0.0428927200,0.1139533000,0.9925597000,0.0000000000,,
23.9333300000,3971002,True,1.0000000000,3.9962010000,-0.0321931500,-0.0029476780,-0.0268342800,-0.0429997500,0.1225752000,0.9915273000,True,1.0000000000,4.1490330000,0.0320705000,-0.0062489020,-0.0259623400,-0.0383761300,0.1172341000,0.9923626000,0.0320704800,-0.0062489020,-0.0259623400,-0.0383761300,0.1172341000,0.9923626000,0.0000000000,,
23.9333300000,3971010,True,1.0000000000,4.0351560000,-0.0321489700,-0.0030813450,-0.0264169800,-0.0336307000,0.1242688000,0.9916785000,True,1.0000000000,4.2377620000,0.0320790400,-0.0059841770,-0.0265336300,-0.0282749700,0.0955214900,0.9950258000,0.0320787400,-0.0059841620,-0.0265336300,-0.0282749700,0.0955214900,0.9950258000,0.0000000000,,
23.9500000000,3971018,True,1.0000000000,4.1380920000,-0.0321025700,-0.0030753020,-0.0264198900,-0.0283207200,0.1299305000,0.9911186000,True,1.0000000000,4.1343690000,0.0321273400,-0.0061792910,-0.0261249100,-0.0200045600,0.1094682000,0.9937890000,0.0320922400,-0.0061775970,-0.0261250600,-0.0200045300,0.1094832000,0.9937873000,0.0000000000,,
23.9500000000,3971027,True,1.0000000000,4.0852660000,-0.0320745400,-0.0030597380,-0.0264473900,-0.0185091800,0.1237506000,0.9921407000,True,1.0000000000,4.2644200000,0.0321537000,-0.0063233040,-0.0257267300,-0.0165407600,0.1210650000,0.9925067000,-0.0160576600,-0.0038735810,-0.0262676900,-0.0180209100,0.1230793000,0.9922332000,0.0000000000,,
23.9666700000,3971035,True,1.0000000000,3.9565580000,-0.0320568600,-0.0030603940,-0.0264314600,-0.0183871000,0.1292743000,0.9914384000,True,1.0000000000,4.1686100000,0.0321762900,-0.0062833260,-0.0258041800,-0.0094604780,0.1170963000,0.9930755000,-0.0128701900,-0.0040230870,-0.0262440800,-0.0157167100,0.1256268000,0.9919531000,0.0000000000,,
23.9666700000,3971043,True,1.0000000000,4.0027310000,-0.0320384500,-0.0030611880,-0.0264238900,-0.0132599300,0.1245121000,0.9921295000,True,1.0000000000,4.2622070000,0.0322054000,-0.0062773290,-0.0257950600,-0.0025634980,0.1202098000,0.9927452000,-0.0160731100,-0.0038604280,-0.0262676300,-0.0106050300,0.1234455000,0.9922947000,0.0000000000,,
23.9833400000,3971052,True,1.0000000000,3.9583440000,-0.0320286100,-0.0030403440,-0.0264848300,-0.0063172160,0.1232773000,0.9923521000,True,1.0000000000,4.1802520000,0.0322156400,-0.0064362640,-0.0253518200,0.0039673110,0.1285866000,0.9916903000,-0.0228459300,-0.0035257420,-0.0263228900,-0.0048523030,0.1240389000,0.9922655000,0.0000000000,,
23.9833400000,3971060,True,1.0000000000,3.9974670000,-0.0320187500,-0.0030195160,-0.0265457800,0.0011444210,0.1229566000,0.9924114000,True,1.0000000000,4.1573490000,0.0322488400,-0.0064120790,-0.0254354000,0.0140686700,0.1217047000,0.9924666000,-0.0280241900,-0.0032303770,-0.0264767600,0.0019531320,0.1228794000,0.9924197000,0.0000000000,,
24.0000000000,3971068,True,1.0000000000,3.9844820000,-0.0319495200,-0.0030412450,-0.0265442200,0.0166018200,0.1238881000,0.9921573000,True,1.0000000000,4.2638240000,0.0322988900,-0.0062940530,-0.0257967400,0.0217135900,0.1190967000,0.9926452000,-0.0292630500,-0.0031772460,-0.0265129700,0.0168152900,0.1236885000,0.9921786000,0.0000000000,,
24.0000000000,3971077,True,1.0000000000,4.0062560000,-0.0319150400,-0.0031010440,-0.0264184900,0.0254671600,0.1271527000,0.9915562000,True,1.0000000000,4.2396390000,0.0323392200,-0.0063431710,-0.0256969000,0.0309906600,0.1146548000,0.9929219000,-0.0311728200,-0.0031385040,-0.0264101600,0.0255282700,0.1270005000,0.9915741000,0.0000000000,,
24.0166700000,3971085,True,1.0000000000,4.0615390000,-0.0318680100,-0.0032552640,-0.0259814200,0.0376436000,0.1304327000,0.9907423000,True,1.0000000000,4.2482760000,0.0323537100,-0.0066646730,-0.0249709500,0.0436559500,0.1310441000,0.9904149000,-0.0317510700,-0.0032614750,-0.0259795700,0.0376587600,0.1304476000,0.9907398000,0.0000000000,,
24.0166700000,3971093,True,1.0000000000,3.9723360000,-0.0318222000,-0.0031849210,-0.0261900800,0.0422825100,0.1224682000,0.9915714000,True,1.0000000000,4.2641140000,0.0324006800,-0.0067563170,-0.0247670000,0.0576479600,0.1232763000,0.9906965000,-0.0317440800,-0.0031892700,-0.0261883500,0.0423129700,0.1224680000,0.9915701000,0.0000000000,,
24.0333300000,3971102,True,1.0000000000,4.0082860000,-0.0318103500,-0.0031906740,-0.0261492800,0.0505072600,0.1221635000,0.9912241000,True,1.0000000000,4.2547450000,0.0324266700,-0.0067281650,-0.0248491500,0.0599671800,0.1265567000,0.9901451000,-0.0316823900,-0.0031977240,-0.0261467000,0.0505377000,0.1221633000,0.9912225000,0.0000000000,,
24.0333300000,3971110,True,1.0000000000,4.0313570000,-0.0317687200,-0.0032176210,-0.0260587000,0.0653387500,0.1242993000,0.9900911000,True,1.0000000000,4.2083280000,0.0324927800,-0.0064706430,-0.0255949400,0.0714275000,0.1312734000,0.9887697000,-0.0313154000,-0.0032405700,-0.0260554400,0.0653849500,0.1243459000,0.9900823000,0.0000000000,,
24.0500000000,3971118,True,1.0000000000,4.0288540000,-0.0317299700,-0.0032429510,-0.0260011300,0.0777290100,0.1212628000,0.9895724000,True,1.0000000000,4.1876830000,0.0325124200,-0.0064903110,-0.0255402700,0.0805671300,0.1152812000,0.9900602000,-0.0300103900,-0.0033298800,-0.0259887900,0.0778052500,0.1210948000,0.9895869000,0.0000000000,,
24.0500000000,3971127,True,1.0000000000,4.0439000000,-0.0316933500,-0.0032162930,-0.0260929300,0.0842749800,0.1227427000,0.9888538000,True,1.0000000000,4.2417450000,0.0325481100,-0.0064767150,-0.0255795600,0.0894176000,0.1227585000,0.9884002000,-0.0289676800,-0.0033546300,-0.0260711400,0.0844883500,0.1227423000,0.9888357000,0.0000000000,,
24.0666700000,3971135,True,1.0000000000,4.0991360000,-0.0316456800,-0.0032183380,-0.0261257300,0.0870672200,0.1171120000,0.9892948000,True,1.0000000000,4.2391660000,0.0325871600,-0.0064859470,-0.0255710100,0.0932021800,0.1188679000,0.9885260000,-0.0308070400,-0.0032610020,-0.0261184900,0.0871440900,0.1171280000,0.9892861000,0.0000000000,,
24.0666700000,3971143,True,1.0000000000,4.0219730000,-0.0315977500,-0.0032212830,-0.0261614100,0.0976569100,0.1125343000,0.9888373000,True,1.0000000000,4.2020870000,0.0326317300,-0.0064901580,-0.0255891100,0.1082925000,0.1202097000,0.9868244000,-0.0314575200,-0.0032284090,-0.0261601600,0.0976718600,0.1125492000,0.9888341000,0.0000000000,,
24.0666700000,3971152,True,1.0000000000,4.0760800000,-0.0315316200,-0.0032096100,-0.0262502200,0.1097873000,0.1176151000,0.9869719000,True,1.0000000000,4.2167360000,0.0326824400,-0.0065065010,-0.0255813300,0.1145186000,0.1149153000,0.9867522000,-0.0314587600,-0.0032133490,-0.0262494500,0.1097873000,0.1176151000,0.9869719000,0.0000000000,,
24.0833300000,3971160,True,1.0000000000,4.0765840000,-0.0314524400,-0.0031693120,-0.0264516200,0.1168834000,0.1139994000,0.9865811000,True,1.0000000000,4.2254940000,0.0327469500,-0.0065182960,-0.0256010900,0.1260084000,0.1209424000,0.9846293000,-0.0313563600,-0.0031743320,-0.0264503500,0.1168982000,0.1140143000,0.9865777000,0.0000000000,,
24.0833300000,3971168,True,1.0000000000,4.0787050000,-0.0313800100,-0.0031666110,-0.0264492200,0.1297014000,0.1074385000,0.9857152000,True,1.0000000000,4.2172090000,0.0328142100,-0.0065286410,-0.0256322000,0.1410085000,0.1248798000,0.9821007000,-0.0304711800,-0.0032142030,-0.0264376500,0.1298538000,0.1076826000,0.9856685000,0.0000000000,,
24.1000000000,3971177,True,1.0000000000,4.0345460000,-0.0312924300,-0.0031633450,-0.0264776500,0.1366134000,0.1136792000,0.9840802000,True,1.0000000000,4.2433010000,0.0329008000,-0.0065513000,-0.0256276900,0.1400622000,0.1208512000,0.9827398000,0.0080696880,-0.0052407840,-0.0259564700,0.1387336000,0.1180731000,0.9832659000,0.0000000000,,
24.1000000000,3971185,True,1.0000000000,4.0788420000,-0.0312065300,-0.0031601720,-0.0264965200,0.1496760000,0.1153736000,0.9819807000,True,1.0000000000,4.2335820000,0.0329630000,-0.0065561530,-0.0256652200,0.1562054000,0.1313639000,0.9789501000,0.0316178500,-0.0064849700,-0.0256826500,0.1560690000,0.1310290000,0.9790168000,0.0000000000,,
24.1166700000,3971193,True,1.0000000000,4.0754700000,-0.0311234600,-0.0031650240,-0.0265098600,0.1569686000,0.1157390000,0.9807983000,True,1.0000000000,4.1369630000,0.0330528700,-0.0065609740,-0.0256597500,0.1599590000,0.1218423000,0.9795752000,0.0317983400,-0.0064945840,-0.0256763600,0.1598995000,0.1217214000,0.9796000000,0.0000000000,,
24.1166700000,3971202,True,1.0000000000,4.0127720000,-0.0310211300,-0.0031527250,-0.0265180500,0.1614079000,0.1114200000,0.9805779000,True,1.0000000000,4.1398620000,0.0331176100,-0.0065533600,-0.0256828300,0.1743038000,0.1224384000,0.9770502000,0.0308356500,-0.0064323740,-0.0257125600,0.1738449000,0.1220409000,0.9771817000,0.0000000000,,
24.1333400000,3971210,True,1.0000000000,3.9975890000,-0.0309420500,-0.0031594090,-0.0265456100,0.1676798000,0.1195381000,0.9785674000,True,1.0000000000,4.1650540000,0.0331897900,-0.0065493930,-0.0256987200,0.1850290000,0.1262976000,0.9745836000,0.0282481100,-0.0062881780,-0.0257639600,0.1836863000,0.1257789000,0.9749047000,0.0000000000,,
24.1333400000,3971218,True,1.0000000000,4.0022890000,-0.0308770000,-0.0031742100,-0.0265528900,0.1776446000,0.1216901000,0.9765418000,True,1.0000000000,4.1535030000,0.0332647100,-0.0065372780,-0.0257188300,0.1931482000,0.1339586000,0.9719819000,0.0197451300,-0.0058284150,-0.0258946200,0.1898833000,0.1313802000,0.9729766000,0.0000000000,,
24.1500000000,3971227,True,1.0000000000,3.9167630000,-0.0307731600,-0.0031677710,-0.0265719900,0.1821154000,0.1179668000,0.9761751000,True,1.0000000000,4.1625060000,0.0333442400,-0.0065324860,-0.0257292700,0.2068955000,0.1291972000,0.9697950000,0.0081474760,-0.0052102210,-0.0260604400,0.1971765000,0.1247879000,0.9723936000,0.0000000000,,
24.1500000000,3971235,True,1.0000000000,4.0047910000,-0.0307563300,-0.0031556240,-0.0265872100,0.1858228000,0.1269998000,0.9743413000,True,1.0000000000,4.0517270000,0.0333782100,-0.0064872590,-0.0257196100,0.2108325000,0.1154490000,0.9706808000,0.0003556671,-0.0047718200,-0.0261663200,0.1979686000,0.1213996000,0.9726616000,0.0000000000,,
24.1666700000,3971243,True,1.0000000000,3.9450840000,-0.0307315200,-0.0031462560,-0.0265943000,0.1843887000,0.1311198000,0.9740679000,True,1.0000000000,4.1367340000,0.0333711700,-0.0065443880,-0.0257491300,0.2164944000,0.1354692000,0.9668393000,0.0028333590,-0.0049255530,-0.0261517700,0.2012189000,0.1334084000,0.9704190000,0.0000000000,,
24.1666700000,3971252,True,1.0000000000,3.9931640000,-0.0306404900,-0.0031487730,-0.0265937500,0.1902341000,0.1219500000,0.9741351000,True,1.0000000000,4.1130370000,0.0334309600,-0.0065764170,-0.0257391500,0.2298917000,0.1172957000,0.9661219000,-0.0001606140,-0.0047793580,-0.0261872100,0.2091379000,0.1197668000,0.9705243000,0.0000000000,,
24.1833300000,3971260,True,1.0000000000,4.0265350000,-0.0305638000,-0.0031438910,-0.0266236300,0.2134585000,0.1288777000,0.9684142000,True,1.0000000000,4.2903140000,0.0335388500,-0.0065425270,-0.0257603000,0.2429992000,0.1187149000,0.9627347000,-0.0004199829,-0.0047420650,-0.0262176500,0.2273746000,0.1241168000,0.9658653000,0.0000000000,,
24.1833300000,3971268,True,1.0000000000,3.9937590000,-0.0304773000,-0.0031131900,-0.0266099100,0.2204922000,0.1112685000,0.9690214000,True,1.0000000000,4.2342220000,0.0336193700,-0.0065535590,-0.0257956900,0.2534958000,0.1258705000,0.9591123000,-0.0002541657,-0.0047353980,-0.0262259800,0.2360866000,0.1181806000,0.9645187000,0.0000000000,,
24.2000000000,3971277,True,1.0000000000,3.9801940000,-0.0303818800,-0.0031139830,-0.0266281800,0.2314004000,0.1083989000,0.9668007000,True,1.0000000000,4.2450260000,0.0337081500,-0.0065772100,-0.0258081800,0.2596318000,0.1245744000,0.9576391000,0.0004237519,-0.0047786260,-0.0262340400,0.2449983000,0.1161819000,0.9625371000,0.0000000000,,
24.2000000000,3971285,True,1.0000000000,3.9994510000,-0.0302934700,-0.0031070860,-0.0266536700,0.2455935000,0.1096817000,0.9631479000,True,1.0000000000,4.3281100000,0.0337962500,-0.0065835570,-0.0258428000,0.2661459000,0.1362011000,0.9542618000,-0.0009325409,-0.0046997380,-0.0262822000,0.2550381000,0.1218427000,0.9592236000,0.0000000000,,
24.2166700000,3971293,True,1.0000000000,3.9899290000,-0.0301767700,-0.0030955970,-0.0266816900,0.2545504000,0.1110702000,0.9606600000,True,1.0000000000,4.2641300000,0.0339000000,-0.0065932160,-0.0258677100,0.2715191000,0.1344015000,0.9530025000,-0.0023120730,-0.0046165930,-0.0263277100,0.2619642000,0.1212317000,0.9574328000,0.0000000000,,
24.2166700000,3971302,True,1.0000000000,4.0070800000,-0.0300607000,-0.0030711370,-0.0266967500,0.2605624000,0.1027540000,0.9599733000,True,1.0000000000,4.3299260000,0.0340102500,-0.0065838320,-0.0259220600,0.2875838000,0.1460578000,0.9465531000,-0.0044780280,-0.0044737100,-0.0263874200,0.2714410000,0.1200877000,0.9549339000,0.0000000000,,
24.2333400000,3971310,True,1.0000000000,4.0059360000,-0.0300061500,-0.0030910950,-0.0267287800,0.2787343000,0.1127480000,0.9537269000,True,1.0000000000,4.2597500000,0.0341108600,-0.0065794220,-0.0259399600,0.2967239000,0.1378181000,0.9449662000,-0.0055075990,-0.0044239500,-0.0264273800,0.2856469000,0.1223460000,0.9504932000,0.0000000000,,
24.2333400000,3971318,True,1.0000000000,4.0265500000,-0.0299313100,-0.0030711820,-0.0267514200,0.2905596000,0.1138160000,0.9500637000,True,1.0000000000,4.3492740000,0.0342101800,-0.0065754700,-0.0259857800,0.3072057000,0.1488650000,0.9399276000,-0.0063616180,-0.0043588720,-0.0264700800,0.2967274000,0.1267111000,0.9465184000,0.0000000000,,
24.2500000000,3971327,True,1.0000000000,4.0570980000,-0.0297673500,-0.0030566870,-0.0268148200,0.2945450000,0.1308309000,0.9466396000,True,1.0000000000,4.2931370000,0.0343176800,-0.0065817110,-0.0260145300,0.3287392000,0.1377427000,0.9343219000,-0.0044959260,-0.0044467470,-0.0264992400,0.3080788000,0.1335771000,0.9419367000,0.0000000000,,
24.2500000000,3971335,True,1.0000000000,4.0332640000,-0.0296672200,-0.0030479740,-0.0268287400,0.2944998000,0.1260856000,0.9472974000,True,1.0000000000,4.3942260000,0.0343921500,-0.0065795900,-0.0260316200,0.3347955000,0.1320658000,0.9329901000,-0.0033959960,-0.0044963230,-0.0265018300,0.3110981000,0.1285713000,0.9416408000,0.0000000000,,
24.2666700000,3971343,True,1.0000000000,4.0839540000,-0.0296035200,-0.0030422210,-0.0268715700,0.3153860000,0.1368265000,0.9390475000,True,1.0000000000,4.3889160000,0.0344861100,-0.0065656290,-0.0260622400,0.3391777000,0.1378196000,0.9305720000,0.0011644140,-0.0047337340,-0.0264830300,0.3268453000,0.1373147000,0.9350491000,0.0000000000,,
24.2666700000,3971352,True,1.0000000000,3.9501190000,-0.0295063900,-0.0030553740,-0.0268817300,0.3072407000,0.1324637000,0.9423675000,True,1.0000000000,4.4151760000,0.0345422500,-0.0065450290,-0.0260975000,0.3549706000,0.1392233000,0.9244527000,0.0015593260,-0.0047479710,-0.0265013400,0.3304948000,0.1357899000,0.9339884000,0.0000000000,,
24.2833300000,3971360,True,1.0000000000,3.9399570000,-0.0294695600,-0.0030530240,-0.0268922700,0.3173401000,0.1273511000,0.9397217000,True,1.0000000000,4.3738560000,0.0346150100,-0.0065449220,-0.0261045500,0.3538993000,0.1347360000,0.9255277000,0.0012408290,-0.0047263950,-0.0265147900,0.3349344000,0.1309220000,0.9331014000,0.0000000000,,
24.2833300000,3971368,True,1.0000000000,3.9491270000,-0.0294042400,-0.0030531620,-0.0269118200,0.3256123000,0.1261006000,0.9370567000,True,1.0000000000,4.3253170000,0.0346650900,-0.0065448150,-0.0261315800,0.3561577000,0.1420908000,0.9235594000,0.0022215730,-0.0047767030,-0.0265266700,0.3407482000,0.1340196000,0.9305533000,0.0000000000,,
24.3000000000,3971377,True,1.0000000000,4.1082920000,-0.0293743000,-0.0030525820,-0.0269057200,0.3332850000,0.1146554000,0.9358286000,True,1.0000000000,4.3432160000,0.0347118600,-0.0065502020,-0.0261349500,0.3533074000,0.1386893000,0.9251698000,0.0037532200,-0.0048605810,-0.0265073000,0.3436918000,0.1270915000,0.9304428000,0.0000000000,,
24.3000000000,3971385,True,1.0000000000,3.9388280000,-0.0293541400,-0.0030540160,-0.0269181100,0.3356070000,0.1161517000,0.9348137000,True,1.0000000000,4.3129880000,0.0347619800,-0.0065390480,-0.0261639000,0.3575630000,0.1485001000,0.9220067000,0.0029295810,-0.0048087920,-0.0265383500,0.3467280000,0.1324625000,0.9285652000,0.0000000000,,
24.3166700000,3971393,True,1.0000000000,3.9510650000,-0.0293250400,-0.0030607300,-0.0269146000,0.3312429000,0.1139086000,0.9366446000,True,1.0000000000,4.3517610000,0.0347925700,-0.0065449220,-0.0261606600,0.3589190000,0.1418922000,0.9225203000,0.0013242340,-0.0047262270,-0.0265542000,0.3445481000,0.1273058000,0.9300967000,0.0000000000,,
24.3166700000,3971402,True,1.0000000000,3.9350130000,-0.0292958400,-0.0030601200,-0.0269368500,0.3356678000,0.1235980000,0.9338365000,True,1.0000000000,4.3359990000,0.0348243400,-0.0065506290,-0.0261794300,0.3705601000,0.1376650000,0.9185497000,0.0000812378,-0.0046593170,-0.0265898300,0.3517183000,0.1300671000,0.9270258000,0.0000000000,,
24.3333300000,3971410,True,1.0000000000,4.0106200000,-0.0292776800,-0.0030599210,-0.0269594700,0.3495248000,0.1283900000,0.9280886000,True,1.0000000000,4.3275600000,0.0348588000,-0.0065692910,-0.0261725800,0.3606929000,0.1348745000,0.9228811000,0.0009928436,-0.0047162480,-0.0265880900,0.3548013000,0.1314559000,0.9256541000,0.0000000000,,
24.3333300000,3971418,True,1.0000000000,4.0106050000,-0.0292728900,-0.0030615390,-0.0269543200,0.3472002000,0.1226355000,0.9297379000,True,1.0000000000,4.3018800000,0.0348840700,-0.0065772860,-0.0261750800,0.3616818000,0.1327830000,0.9227973000,0.0020978390,-0.0047806250,-0.0265732900,0.3542971000,0.1276104000,0.9263850000,0.0000000000,,
24.3500000000,3971427,True,1.0000000000,4.0052640000,-0.0292680800,-0.0030599210,-0.0269491400,0.3464375000,0.1220100000,0.9301046000,True,1.0000000000,4.2185520000,0.0348996000,-0.0065860140,-0.0261692100,0.3571524000,0.1306477000,0.9248640000,0.0037793730,-0.0048759160,-0.0265474600,0.3519653000,0.1264670000,0.9274300000,0.0000000000,,
24.3500000000,3971435,True,1.0000000000,3.9992220000,-0.0292684600,-0.0030587160,-0.0269480800,0.3470646000,0.1243604000,0.9295594000,True,1.0000000000,4.4174960000,0.0349042200,-0.0065873270,-0.0261753100,0.3655572000,0.1300973000,0.9216521000,0.0038818210,-0.0048815310,-0.0265488800,0.3566304000,0.1273353000,0.9255271000,0.0000000000,,
24.3666700000,3971443,True,1.0000000000,3.9924320000,-0.0292688500,-0.0030574950,-0.0269469900,0.3464078000,0.1261912000,0.9295576000,True,1.0000000000,4.3377380000,0.0349011900,-0.0065865480,-0.0261786100,0.3631346000,0.1368583000,0.9216307000,0.0054441220,-0.0049665530,-0.0265313300,0.3554747000,0.1319602000,0.9253238000,0.0000000000,,
24.3666700000,3971452,True,1.0000000000,4.0291600000,-0.0293120700,-0.0030345460,-0.0269272500,0.3347214000,0.1277178000,0.9336219000,True,1.0000000000,4.3719180000,0.0348813600,-0.0065775760,-0.0261883700,0.3643213000,0.1442423000,0.9200349000,0.0055836180,-0.0049605410,-0.0265255900,0.3508795000,0.1367202000,0.9263861000,0.0000000000,,
24.3833400000,3971460,True,1.0000000000,4.0044860000,-0.0293513800,-0.0030298160,-0.0269143800,0.3365813000,0.1226512000,0.9336325000,True,1.0000000000,4.3174440000,0.0348497000,-0.0065702360,-0.0261785700,0.3648387000,0.1435398000,0.9199397000,0.0060292820,-0.0049809120,-0.0265088800,0.3522083000,0.1341877000,0.9262521000,0.0000000000,,
24.3833400000,3971468,True,1.0000000000,3.9333340000,-0.0293793300,-0.0030314480,-0.0269127800,0.3342019000,0.1269699000,0.9339099000,True,1.0000000000,4.3117830000,0.0348116300,-0.0065750890,-0.0261466800,0.3632996000,0.1324932000,0.9222033000,0.0057719270,-0.0049719550,-0.0264932600,0.3501811000,0.1300075000,0.9276159000,0.0000000000,,
24.4000000000,3971477,True,1.0000000000,3.8605040000,-0.0294147700,-0.0030358890,-0.0268902100,0.3265396000,0.1202398000,0.9375043000,True,1.0000000000,4.3601230000,0.0347789800,-0.0065694430,-0.0261440900,0.3580842000,0.1436182000,0.9225776000,0.0059254160,-0.0049812020,-0.0264794500,0.3439845000,0.1331351000,0.9294890000,0.0000000000,,
24.4000000000,3971485,True,1.0000000000,3.9482120000,-0.0294954500,-0.0030275880,-0.0268882000,0.3277335000,0.1304953000,0.9357145000,True,1.0000000000,4.2645420000,0.0347117900,-0.0065675970,-0.0261150200,0.3568750000,0.1322031000,0.9247500000,0.0061262360,-0.0049915620,-0.0264592500,0.3439510000,0.1314555000,0.9297404000,0.0000000000,,
24.4166700000,3971493,True,1.0000000000,4.0299680000,-0.0296017000,-0.0030226590,-0.0268592200,0.3167742000,0.1341255000,0.9389699000,True,1.0000000000,4.3247680000,0.0346178400,-0.0065302130,-0.0261117000,0.3567546000,0.1474016000,0.9224960000,0.0060178070,-0.0049681240,-0.0264446000,0.3390394000,0.1415271000,0.9300658000,0.0000000000,,
24.4166700000,3971502,True,1.0000000000,4.0015720000,-0.0296417100,-0.0030287630,-0.0268564600,0.3049213000,0.1442437000,0.9413909000,True,1.0000000000,4.3797000000,0.0345510900,-0.0065286560,-0.0260791500,0.3478613000,0.1411007000,0.9268673000,0.0062551880,-0.0049859160,-0.0264217900,0.3290125000,0.1425181000,0.9335092000,0.0000000000,,
24.4166700000,3971510,True,1.0000000000,4.1024020000,-0.0296719200,-0.0030340270,-0.0268352200,0.3013944000,0.1381086000,0.9434444000,True,1.0000000000,4.3879700000,0.0345242200,-0.0065381780,-0.0260635800,0.3424400000,0.1390695000,0.9291902000,0.0063700260,-0.0050013890,-0.0264019900,0.3245106000,0.1386880000,0.9356593000,0.0000000000,,
24.4333300000,3971518,True,1.0000000000,4.0159150000,-0.0297129500,-0.0030391390,-0.0268255800,0.3034990000,0.1330116000,0.9435021000,True,1.0000000000,4.4020390000,0.0345062100,-0.0065534670,-0.0260497900,0.3369169000,0.1381542000,0.9313433000,0.0017064970,-0.0047585300,-0.0264460200,0.3199027000,0.1355447000,0.9377046000,0.0000000000,,
24.4500000000,3971527,True,1.0000000000,4.0598140000,-0.0297488000,-0.0030437320,-0.0268202700,0.3066607000,0.1326162000,0.9425350000,True,1.0000000000,4.3651430000,0.0344907500,-0.0065707700,-0.0260330200,0.3267216000,0.1367037000,0.9351819000,0.0011780400,-0.0047417450,-0.0264412700,0.3163339000,0.1345842000,0.9390527000,0.0000000000,,
24.4500000000,3971535,True,1.0000000000,4.1122590000,-0.0297655200,-0.0030584720,-0.0268102400,0.2986187000,0.1329517000,0.9450665000,True,1.0000000000,4.3769840000,0.0344760800,-0.0065830390,-0.0260296000,0.3217660000,0.1410082000,0.9362603000,0.0006349488,-0.0047263640,-0.0264408300,0.3095910000,0.1367822000,0.9409804000,0.0000000000,,
24.4666700000,3971543,True,1.0000000000,4.0987550000,-0.0297739600,-0.0030704960,-0.0267974300,0.2916765000,0.1280538000,0.9479067000,True,1.0000000000,4.4549870000,0.0344618600,-0.0066019750,-0.0260260300,0.3184529000,0.1442727000,0.9368954000,0.0019123990,-0.0048125150,-0.0264169200,0.3049195000,0.1360793000,0.9426062000,0.0000000000,,
24.4666700000,3971552,True,1.0000000000,4.0391690000,-0.0297777300,-0.0030733950,-0.0267951200,0.2854047000,0.1269245000,0.9499654000,True,1.0000000000,4.4978940000,0.0344457600,-0.0066250160,-0.0260080700,0.3116789000,0.1387952000,0.9399958000,0.0017743070,-0.0048182530,-0.0264084600,0.2983414000,0.1327674000,0.9451800000,0.0000000000,,
24.4833400000,3971560,True,1.0000000000,3.9949340000,-0.0298513700,-0.0031039740,-0.0267615700,0.2839240000,0.1244065000,0.9507419000,True,1.0000000000,4.3607030000,0.0344292300,-0.0066397100,-0.0259974800,0.3117990000,0.1320957000,0.9409209000,0.0010453640,-0.0048034360,-0.0263943000,0.2973658000,0.1281139000,0.9461291000,0.0000000000,,
24.4833400000,3971568,True,1.0000000000,4.0299840000,-0.0298825400,-0.0031186220,-0.0267540100,0.2839243000,0.1231096000,0.9509106000,True,1.0000000000,4.4270320000,0.0343997100,-0.0066514590,-0.0260014000,0.3081717000,0.1412835000,0.9407811000,0.0020033270,-0.0048710180,-0.0263806900,0.2959921000,0.1321421000,0.9460059000,0.0000000000,,
24.5000000000,3971577,True,1.0000000000,3.9476320000,-0.0299413600,-0.0031354530,-0.0267309100,0.2769966000,0.1161515000,0.9538248000,True,1.0000000000,4.4195860000,0.0343735200,-0.0066658780,-0.0259888500,0.3010300000,0.1416342000,0.9430380000,0.0040643770,-0.0050021210,-0.0263385500,0.2897518000,0.1296398000,0.9482813000,0.0000000000,,
24.5000000000,3971585,True,1.0000000000,4.0234830000,-0.0299764100,-0.0031398160,-0.0267306200,0.2772263000,0.1225454000,0.9529576000,True,1.0000000000,4.2917630000,0.0343450500,-0.0066709140,-0.0259895200,0.2931710000,0.1515828000,0.9439669000,0.0050903170,-0.0050648960,-0.0263265900,0.2859542000,0.1383994000,0.9481961000,0.0000000000,,
24.5166700000,3971593,True,1.0000000000,4.0013730000,-0.0300054900,-0.0031477360,-0.0267215400,0.2694119000,0.1235059000,0.9550725000,True,1.0000000000,4.2146150000,0.0343008300,-0.0066752630,-0.0259666100,0.2877208000,0.1445013000,0.9467503000,0.0057374120,-0.0051084140,-0.0263019400,0.2796212000,0.1351948000,0.9505442000,0.0000000000,,
24.5166700000,3971602,True,1.0000000000,3.9173430000,-0.0300613000,-0.0031489410,-0.0266981100,0.2642699000,0.1110547000,0.9580336000,True,1.0000000000,4.2642520000,0.0342430900,-0.0066566930,-0.0259693000,0.2865626000,0.1543288000,0.9455498000,0.0060741890,-0.0051201020,-0.0262885600,0.2768874000,0.1354072000,0.9513140000,0.0000000000,,
24.5333300000,3971610,True,1.0000000000,3.9446560000,-0.0301115400,-0.0031518400,-0.0266872300,0.2569598000,0.1101845000,0.9601203000,True,1.0000000000,4.3133850000,0.0341969200,-0.0066402440,-0.0259471800,0.2728165000,0.1555813000,0.9494028000,0.0057061620,-0.0050947730,-0.0262750400,0.2658735000,0.1355003000,0.9544376000,0.0000000000,,
24.5333300000,3971618,True,1.0000000000,3.9008940000,-0.0301506500,-0.0031514890,-0.0266709000,0.2418555000,0.1109941000,0.9639431000,True,1.0000000000,4.3091130000,0.0341561000,-0.0066291960,-0.0259062100,0.2551165000,0.1412990000,0.9565303000,0.0039656220,-0.0049965060,-0.0262652200,0.2489324000,0.1270907000,0.9601461000,0.0000000000,,
24.5500000000,3971627,True,1.0000000000,3.9000400000,-0.0302011000,-0.0031461030,-0.0266676500,0.2354464000,0.1185625000,0.9646284000,True,1.0000000000,4.2162630000,0.0340908200,-0.0066101230,-0.0258876300,0.2532383000,0.1360339000,0.9577918000,0.0007845612,-0.0048155980,-0.0262917200,0.2440353000,0.1269844000,0.9614165000,0.0000000000,,
24.5500000000,3971635,True,1.0000000000,3.8616330000,-0.0302495700,-0.0031398770,-0.0266574400,0.2235906000,0.1219349000,0.9670259000,True,1.0000000000,4.3443150000,0.0340491800,-0.0065983430,-0.0258834200,0.2427071000,0.1450047000,0.9592012000,0.0001302338,-0.0047739260,-0.0262917300,0.2326514000,0.1328587000,0.9634427000,0.0000000000,,
24.5666700000,3971643,True,1.0000000000,3.8121640000,-0.0303045200,-0.0031352080,-0.0266475500,0.2153506000,0.1215076000,0.9689479000,True,1.0000000000,4.3190460000,0.0339507900,-0.0065504150,-0.0258418400,0.2500631000,0.1328746000,0.9590687000,-0.0028982540,-0.0045918730,-0.0263038900,0.2301974000,0.1263751000,0.9649034000,0.0000000000,,
24.5666700000,3971652,True,1.0000000000,3.8500820000,-0.0303608900,-0.0031405180,-0.0266360300,0.2024547000,0.1299445000,0.9706320000,True,1.0000000000,4.2722020000,0.0338931600,-0.0065596620,-0.0258110800,0.2386364000,0.1210653000,0.9635330000,-0.0054141700,-0.0044680020,-0.0263157500,0.2165391000,0.1265268000,0.9680402000,0.0000000000,,
24.5833300000,3971660,True,1.0000000000,3.9950870000,-0.0304307100,-0.0031587220,-0.0266193600,0.1979088000,0.1324326000,0.9712331000,True,1.0000000000,4.2923890000,0.0338573300,-0.0065672610,-0.0257960100,0.2204014000,0.1215687000,0.9678039000,-0.0064588020,-0.0044297030,-0.0263123500,0.2063161000,0.1283887000,0.9700258000,0.0000000000,,
24.5833300000,3971668,True,1.0000000000,3.9054570000,-0.0304931300,-0.0031753540,-0.0265980500,0.1876085000,0.1275188000,0.9739312000,True,1.0000000000,4.1844940000,0.0337768300,-0.0065621490,-0.0257805300,0.2273282000,0.1147170000,0.9670377000,-0.0069748390,-0.0044146730,-0.0262988900,0.2021808000,0.1228497000,0.9716125000,0.0000000000,,
24.6000000000,3971677,True,1.0000000000,3.8160550000,-0.0305641300,-0.0031913610,-0.0265623200,0.1766055000,0.1230166000,0.9765640000,True,1.0000000000,4.2177430000,0.0337218800,-0.0066114050,-0.0257772700,0.2024246000,0.1247415000,0.9713206000,-0.0066199800,-0.0044651950,-0.0262699100,0.1862345000,0.1236731000,0.9746906000,0.0000000000,,
24.6000000000,3971685,True,1.0000000000,3.9149480000,-0.0306444400,-0.0031777040,-0.0265626100,0.1763632000,0.1330430000,0.9752926000,True,1.0000000000,4.1824040000,0.0336373900,-0.0065811160,-0.0257695900,0.1996338000,0.1303579000,0.9711607000,-0.0038033140,-0.0045988160,-0.0262314800,0.1860992000,0.1319296000,0.9736332000,0.0000000000,,
24.6166700000,3971693,True,1.0000000000,3.9767610000,-0.0307220000,-0.0031914520,-0.0265293000,0.1687930000,0.1334231000,0.9765793000,True,1.0000000000,4.0920100000,0.0335646500,-0.0065352790,-0.0257674100,0.1807427000,0.1415271000,0.9732945000,0.0000128479,-0.0047901000,-0.0261650600,0.1745023000,0.1373008000,0.9750371000,0.0000000000,,
24.6166700000,3971702,True,1.0000000000,3.9505620000,-0.0307864500,-0.0031652380,-0.0264929100,0.1722423000,0.1174019000,0.9780334000,True,1.0000000000,4.0519100000,0.0335012500,-0.0065198520,-0.0257366500,0.1746552000,0.1262382000,0.9765037000,0.0038008880,-0.0049700470,-0.0260860300,0.1735386000,0.1221622000,0.9772210000,0.0000000000,,
24.6333400000,3971710,True,1.0000000000,3.9314580000,-0.0308429100,-0.0031530760,-0.0264643900,0.1651929000,0.1189889000,0.9790571000,True,1.0000000000,4.1770020000,0.0334299000,-0.0064872590,-0.0257535100,0.1756006000,0.1443959000,0.9738143000,0.0079530340,-0.0051656340,-0.0260352900,0.1714962000,0.1343405000,0.9759824000,0.0000000000,,
24.6333400000,3971718,True,1.0000000000,4.0106200000,-0.0309050600,-0.0031461340,-0.0264372600,0.1587385000,0.1202250000,0.9799735000,True,1.0000000000,4.2072750000,0.0333754300,-0.0064840090,-0.0257362700,0.1663213000,0.1408848000,0.9759553000,0.0114640700,-0.0053462220,-0.0259752200,0.1637436000,0.1338513000,0.9773802000,0.0000000000,,
24.6500000000,3971727,True,1.0000000000,3.9841610000,-0.0309700800,-0.0031542660,-0.0263877100,0.1548786000,0.1214919000,0.9804348000,True,1.0000000000,4.1753080000,0.0333148200,-0.0064748080,-0.0257279800,0.1637898000,0.1376207000,0.9768487000,0.0144227500,-0.0054989620,-0.0259218600,0.1611789000,0.1328890000,0.9779375000,0.0000000000,,
24.6500000000,3971735,True,1.0000000000,4.0312190000,-0.0310253300,-0.0031884460,-0.0262881200,0.1487136000,0.1173107000,0.9818974000,True,1.0000000000,4.3260650000,0.0332653800,-0.0064867860,-0.0257115000,0.1529244000,0.1359565000,0.9788411000,0.0184636800,-0.0057274170,-0.0258442600,0.1519635000,0.1316692000,0.9795766000,0.0000000000,,
24.6666700000,3971743,True,1.0000000000,4.0452580000,-0.0310841200,-0.0031998750,-0.0262948200,0.1365983000,0.1194778000,0.9833952000,True,1.0000000000,4.2611390000,0.0332186000,-0.0065060580,-0.0256907700,0.1499030000,0.1289221000,0.9802593000,0.0203646300,-0.0058451540,-0.0258115300,0.1472489000,0.1270460000,0.9809063000,0.0000000000,,
24.6666700000,3971752,True,1.0000000000,4.0466770000,-0.0311426600,-0.0032837220,-0.0261038800,0.1349658000,0.1213090000,0.9833964000,True,1.0000000000,4.2339630000,0.0331561500,-0.0065130470,-0.0256811400,0.1424111000,0.1259925000,0.9817560000,0.0264657600,-0.0061770330,-0.0257251300,0.1416339000,0.1255051000,0.9819309000,0.0000000000,,
24.6833300000,3971760,True,1.0000000000,4.1037900000,-0.0311893900,-0.0033544160,-0.0259438800,0.1308004000,0.1266042000,0.9832917000,True,1.0000000000,4.2720490000,0.0331083200,-0.0065286260,-0.0256853800,0.1346447000,0.1334545000,0.9818659000,0.0309233100,-0.0064207610,-0.0256941700,0.1345080000,0.1332262000,0.9819157000,0.0000000000,,
24.6833300000,3971768,True,1.0000000000,3.9763640000,-0.0312393400,-0.0032990270,-0.0261397400,0.1192190000,0.1190512000,0.9857047000,True,1.0000000000,4.2381590000,0.0330753000,-0.0065441140,-0.0256706100,0.1271062000,0.1310888000,0.9831886000,0.0308416300,-0.0064314120,-0.0256869100,0.1268316000,0.1306616000,0.9832809000,0.0000000000,,
24.7000000000,3971777,True,1.0000000000,3.9962770000,-0.0312713300,-0.0032499240,-0.0262812800,0.1121835000,0.1160745000,0.9868848000,True,1.0000000000,4.2757870000,0.0330256700,-0.0065556340,-0.0256534900,0.1126559000,0.1314853000,0.9848961000,0.0288319300,-0.0063400270,-0.0256944300,0.1126254000,0.1304782000,0.9850335000,0.0000000000,,
24.7000000000,3971785,True,1.0000000000,4.0879970000,-0.0313180100,-0.0032828980,-0.0261745300,0.1058664000,0.1212322000,0.9869626000,True,1.0000000000,4.3475190000,0.0329753800,-0.0065590060,-0.0256542100,0.1101396000,0.1313497000,0.9851987000,0.0282417300,-0.0063177950,-0.0256925100,0.1098189000,0.1306017000,0.9853340000,0.0000000000,,
24.7166700000,3971793,True,1.0000000000,4.0240780000,-0.0313654200,-0.0033037570,-0.0261008300,0.0960553400,0.1254441000,0.9874397000,True,1.0000000000,4.2298740000,0.0329461800,-0.0065612800,-0.0256397100,0.0981764000,0.1246355000,0.9873335000,0.0275682800,-0.0062888800,-0.0256782700,0.0980077500,0.1247108000,0.9873407000,0.0000000000,,
24.7166700000,3971802,True,1.0000000000,3.9808500000,-0.0314068900,-0.0033009490,-0.0261217100,0.0887007600,0.1165790000,0.9892126000,True,1.0000000000,4.3252410000,0.0329112300,-0.0065660860,-0.0256233100,0.0942242100,0.1251542000,0.9876528000,0.0239237200,-0.0061098330,-0.0256929500,0.0934606900,0.1239632000,0.9878756000,0.0000000000,,
24.7333400000,3971810,True,1.0000000000,4.0030820000,-0.0314365100,-0.0032574770,-0.0262401100,0.0747993700,0.1158765000,0.9904432000,True,1.0000000000,4.3452300000,0.0328642400,-0.0065574950,-0.0256310700,0.0918434600,0.1337597000,0.9867488000,0.0198569200,-0.0058899390,-0.0257542700,0.0883953600,0.1301440000,0.9875469000,0.0000000000,,
24.7333400000,3971818,True,1.0000000000,3.9641420000,-0.0314756500,-0.0032984320,-0.0261289400,0.0706488200,0.1140452000,0.9909604000,True,1.0000000000,4.3432460000,0.0328149100,-0.0065493170,-0.0256315300,0.0874638600,0.1270912000,0.9880273000,0.0169688400,-0.0057480620,-0.0257541400,0.0833136500,0.1238871000,0.9887927000,0.0000000000,,
24.7500000000,3971827,True,1.0000000000,3.9718930000,-0.0315258400,-0.0033481600,-0.0260101900,0.0693972500,0.1148534000,0.9909554000,True,1.0000000000,4.2438350000,0.0327723100,-0.0065410460,-0.0256348300,0.0744488500,0.1271078000,0.9890910000,0.0149777500,-0.0056574100,-0.0257387100,0.0730450200,0.1237203000,0.9896250000,0.0000000000,,
24.7500000000,3971835,True,1.0000000000,4.0152590000,-0.0315699300,-0.0033047790,-0.0261691500,0.0573885800,0.1150213000,0.9917039000,True,1.0000000000,4.3803560000,0.0327333400,-0.0065457770,-0.0256090100,0.0638128200,0.1206676000,0.9906399000,0.0154770500,-0.0056760260,-0.0257593200,0.0620887100,0.1191572000,0.9909322000,0.0000000000,,
24.7666700000,3971843,True,1.0000000000,3.9838100000,-0.0316008900,-0.0032868200,-0.0262329700,0.0529792400,0.1144272000,0.9920179000,True,1.0000000000,4.3712010000,0.0326916500,-0.0065375830,-0.0256332700,0.0657659800,0.1224834000,0.9902892000,0.0129968100,-0.0055417640,-0.0258169900,0.0618600000,0.1200121000,0.9908433000,0.0000000000,,
24.7666700000,3971852,True,1.0000000000,3.9112240000,-0.0316400000,-0.0033240050,-0.0261518300,0.0435182200,0.1149296000,0.9924200000,True,1.0000000000,4.4089360000,0.0326715400,-0.0066399080,-0.0253549200,0.0488745000,0.1194625000,0.9916350000,0.0033777620,-0.0051295320,-0.0257179100,0.0464329300,0.1174022000,0.9919984000,0.0000000000,,
24.7833300000,3971860,True,1.0000000000,3.9103390000,-0.0316633600,-0.0033317260,-0.0261364900,0.0382845600,0.1184243000,0.9922248000,True,1.0000000000,4.3040620000,0.0326324200,-0.0066170510,-0.0254138700,0.0464172800,0.1231385000,0.9913034000,-0.0112025900,-0.0043772130,-0.0259065300,0.0408788500,0.1199204000,0.9919415000,0.0000000000,,
24.7833300000,3971868,True,1.0000000000,3.9548030000,-0.0317247200,-0.0033172910,-0.0262052900,0.0329286300,0.1178747000,0.9924824000,True,1.0000000000,4.3507390000,0.0325927400,-0.0065976720,-0.0254692800,0.0378421300,0.1200725000,0.9920437000,-0.0146047700,-0.0041904600,-0.0260093800,0.0342411800,0.1184556000,0.9923688000,0.0000000000,,
24.8000000000,3971877,True,1.0000000000,4.0432590000,-0.0317618100,-0.0033150180,-0.0262179100,0.0243225700,0.1194614000,0.9925409000,True,1.0000000000,4.3011170000,0.0325410200,-0.0066603550,-0.0253058500,0.0312656700,0.1192795000,0.9923683000,-0.0219047300,-0.0038278350,-0.0260781000,0.0253908700,0.1194317000,0.9925177000,0.0000000000,,
24.8000000000,3971885,True,1.0000000000,4.0522460000,-0.0318116800,-0.0033544160,-0.0260814500,0.0205231800,0.1185004000,0.9927419000,True,1.0000000000,4.3847200000,0.0325322400,-0.0064918670,-0.0256777500,0.0148773900,0.1153417000,0.9932144000,-0.0223085300,-0.0038177950,-0.0260218200,0.0196838800,0.1180270000,0.9928153000,0.0000000000,,
24.8166700000,3971893,True,1.0000000000,3.9973910000,-0.0318496700,-0.0033594970,-0.0260513500,0.0107728600,0.1185625000,0.9928882000,True,1.0000000000,4.3564300000,0.0324969800,-0.0064645240,-0.0257407400,0.0073090620,0.1194627000,0.9928117000,-0.0241339700,-0.0037318120,-0.0260141000,0.0103607800,0.1186683000,0.9928799000,0.0000000000,,
24.8166700000,3971902,True,1.0000000000,4.0199740000,-0.0318698100,-0.0033420870,-0.0261120600,-0.0007782103,0.1150225000,0.9933625000,True,1.0000000000,4.3762820000,0.0324734200,-0.0064186560,-0.0258423000,0.0005188063,0.1152971000,0.9933309000,-0.0268868700,-0.0035803530,-0.0260911700,-0.0006713949,0.1150527000,0.9933592000,0.0000000000,,
24.8333300000,3971910,True,1.0000000000,3.9626460000,-0.0319069200,-0.0033196410,-0.0261458600,-0.0097047340,0.1187762000,0.9928736000,True,1.0000000000,4.3375400000,0.0324038400,-0.0063807530,-0.0259114900,-0.0062561630,0.1171276000,0.9930972000,-0.0299531400,-0.0034126440,-0.0261387300,-0.0095978370,0.1187294000,0.9928802000,0.0000000000,,
24.8333300000,3971918,True,1.0000000000,3.9001010000,-0.0319489900,-0.0033502050,-0.0260500500,-0.0121002700,0.1227879000,0.9923592000,True,1.0000000000,4.3902280000,0.0323535200,-0.0064708710,-0.0256633500,-0.0115509700,0.1224525000,0.9924071000,-0.0299725700,-0.0034461210,-0.0260381600,-0.0120697500,0.1227880000,0.9923595000,0.0000000000,,
24.8500000000,3971927,True,1.0000000000,3.9648440000,-0.0319902200,-0.0033797300,-0.0259763700,-0.0251772500,0.1227276000,0.9921210000,True,1.0000000000,4.3800510000,0.0323261000,-0.0063801270,-0.0259022100,-0.0208588500,0.1167760000,0.9929392000,-0.0308257600,-0.0034340520,-0.0259750200,-0.0250857000,0.1226209000,0.9921365000,0.0000000000,,
24.8500000000,3971935,True,1.0000000000,4.0576320000,-0.0320223600,-0.0033555300,-0.0260471200,-0.0301667600,0.1250768000,0.9916883000,True,1.0000000000,4.3800510000,0.0322873400,-0.0063301850,-0.0260420200,-0.0287631200,0.1086590000,0.9936629000,-0.0306734300,-0.0034179230,-0.0260470100,-0.0301361600,0.1247408000,0.9917316000,0.0000000000,,
24.8666700000,3971943,True,1.0000000000,3.9597020000,-0.0320911300,-0.0032549590,-0.0263581600,-0.0400700000,0.1168988000,0.9923352000,True,1.0000000000,4.3844450000,0.0322146000,-0.0063550880,-0.0259447800,-0.0406647700,0.1081393000,0.9933037000,-0.0284833200,-0.0034288940,-0.0263349600,-0.0401003200,0.1164100000,0.9923914000,0.0000000000,,
24.8666700000,3971952,True,1.0000000000,4.0141450000,-0.0321467300,-0.0033356630,-0.0261262800,-0.0643770800,0.1232610000,0.9902840000,True,1.0000000000,4.3477940000,0.0321221900,-0.0062988890,-0.0261115600,-0.0546423700,0.1098646000,0.9924434000,-0.0288755800,-0.0034864810,-0.0261255400,-0.0638742400,0.1225757000,0.9904016000,0.0000000000,,
24.8833400000,3971960,True,1.0000000000,4.0225830000,-0.0321826500,-0.0033354800,-0.0261169300,-0.0747997200,0.1138628000,0.9906767000,True,1.0000000000,4.3284610000,0.0320814700,-0.0063975680,-0.0258101800,-0.0667429300,0.1078202000,0.9919275000,-0.0200492900,-0.0039136200,-0.0260590100,-0.0732890400,0.1127183000,0.9909204000,0.0000000000,,
24.8833400000,3971968,True,1.0000000000,4.0116730000,-0.0322132100,-0.0033475190,-0.0260934600,-0.0849464800,0.1155406000,0.9896638000,True,1.0000000000,4.3651120000,0.0320641300,-0.0064558570,-0.0256842100,-0.0772254100,0.1110697000,0.9908077000,-0.0201698300,-0.0039299170,-0.0260167700,-0.0834974800,0.1147022000,0.9898846000,0.0000000000,,
24.9000000000,3971977,True,1.0000000000,3.9628450000,-0.0323168200,-0.0028943480,-0.0274421400,-0.0781405400,0.0917666900,0.9927099000,True,1.0000000000,4.4280400000,0.0320329000,-0.0064857030,-0.0256537200,-0.0833741600,0.1134645000,0.9900377000,0.0311636400,-0.0064371950,-0.0256778700,-0.0832986200,0.1131756000,0.9900771000,0.0000000000,,
24.9000000000,3971985,True,1.0000000000,3.9967500000,-0.0323537000,-0.0028707730,-0.0275161200,-0.0834810500,0.1008151000,0.9913966000,True,1.0000000000,4.4519350000,0.0319827400,-0.0064165810,-0.0258697500,-0.0923160400,0.1072850000,0.9899331000,0.0319795900,-0.0064164130,-0.0258698400,-0.0923160400,0.1072850000,0.9899331000,0.0000000000,,
24.9166700000,3971993,True,1.0000000000,3.9260250000,-0.0323666300,-0.0030071870,-0.0271073600,-0.0977944600,0.1031503000,0.9898465000,True,1.0000000000,4.4241490000,0.0319491100,-0.0064485630,-0.0258143800,-0.0959789300,0.1135267000,0.9888881000,0.0319489200,-0.0064485630,-0.0258143800,-0.0959789300,0.1135267000,0.9888881000,0.0000000000,,
24.9166700000,3972002,True,1.0000000000,4.1071320000,-0.0323950100,-0.0031299590,-0.0267472700,-0.1081095000,0.1042642000,0.9886563000,True,1.0000000000,4.4114530000,0.0319184600,-0.0064967960,-0.0257088500,-0.1116187000,0.1097113000,0.9876764000,0.0319182600,-0.0064967960,-0.0257088500,-0.1116187000,0.1097113000,0.9876764000,0.0000000000,,
24.9333300000,3972010,True,1.0000000000,3.9351040000,-0.0324367500,-0.0031665340,-0.0266151000,-0.1145485000,0.1027533000,0.9880893000,True,1.0000000000,4.4649660000,0.0318509800,-0.0065043950,-0.0257020700,-0.1172345000,0.1149456000,0.9864298000,0.0318498100,-0.0065043340,-0.0257020900,-0.1172345000,0.1149456000,0.9864298000,0.0000000000,,
24.9333300000,3972018,True,1.0000000000,3.9532010000,-0.0324825300,-0.0031932070,-0.0265199100,-0.1289233000,0.0987715200,0.9867234000,True,1.0000000000,4.4634700000,0.0317930900,-0.0064906920,-0.0257397800,-0.1233079000,0.1183334000,0.9852880000,0.0317909600,-0.0064905860,-0.0257398100,-0.1233079000,0.1183334000,0.9852880000,0.0000000000,,
24.9500000000,3972026,True,1.0000000000,3.9849090000,-0.0325345300,-0.0032066040,-0.0264664600,-0.1378634000,0.0963899200,0.9857498000,True,1.0000000000,4.3872220000,0.0317428900,-0.0065037240,-0.0257176400,-0.1391613000,0.1132516000,0.9837725000,0.0317407800,-0.0065036160,-0.0257176500,-0.1391613000,0.1132516000,0.9837725000,0.0000000000,,
24.9500000000,3972035,True,1.0000000000,3.9765320000,-0.0325856800,-0.0032044070,-0.0264481700,-0.1473409000,0.0976728600,0.9842513000,True,1.0000000000,4.3963470000,0.0316702100,-0.0065116890,-0.0257096600,-0.1429149000,0.1138772000,0.9831619000,0.0316685800,-0.0065115970,-0.0257096700,-0.1429149000,0.1138772000,0.9831619000,0.0000000000,,
24.9666700000,3972043,True,1.0000000000,4.0133970000,-0.0326352900,-0.0031958770,-0.0264805000,-0.1562980000,0.1046920000,0.9821459000,True,1.0000000000,4.4147340000,0.0316178300,-0.0064923860,-0.0257496800,-0.1553820000,0.1164411000,0.9809678000,0.0316142900,-0.0064922030,-0.0257497100,-0.1553820000,0.1164411000,0.9809678000,0.0000000000,,
24.9666700000,3972051,True,1.0000000000,3.9799960000,-0.0326950800,-0.0031972660,-0.0264823600,-0.1607994000,0.1003585000,0.9818715000,True,1.0000000000,4.4717100000,0.0315618000,-0.0065001680,-0.0257456800,-0.1624765000,0.1187293000,0.9795431000,0.0315547000,-0.0064998020,-0.0257457600,-0.1624765000,0.1187293000,0.9795431000,0.0000000000,,
24.9833400000,3972060,True,1.0000000000,3.9766850000,-0.0327494400,-0.0032009130,-0.0264744100,-0.1707473000,0.0962837800,0.9805992000,True,1.0000000000,4.4492340000,0.0315014000,-0.0065051880,-0.0257487400,-0.1689610000,0.1193851000,0.9783657000,0.0314177600,-0.0065008850,-0.0257496800,-0.1689616000,0.1193550000,0.9783692000,0.0000000000,,
24.9833400000,3972068,True,1.0000000000,4.0595400000,-0.0328102400,-0.0032027280,-0.0265093400,-0.1826181000,0.1118932000,0.9767960000,True,1.0000000000,4.4291080000,0.0314355000,-0.0065098420,-0.0257825600,-0.1892118000,0.1210955000,0.9744408000,0.0283984800,-0.0063535160,-0.0258169100,-0.1889051000,0.1206521000,0.9745553000,0.0000000000,,
25.0000000000,3972076,True,1.0000000000,4.0286410000,-0.0328784700,-0.0032175600,-0.0265152600,-0.1873959000,0.1120317000,0.9758748000,True,1.0000000000,4.4833830000,0.0313543300,-0.0065137330,-0.0257867100,-0.1979994000,0.1235207000,0.9723882000,0.0105617100,-0.0054467320,-0.0260225500,-0.1945655000,0.1198124000,0.9735447000,0.0000000000,,
25.0000000000,3972085,True,1.0000000000,3.9767000000,-0.0329492900,-0.0032368470,-0.0265274800,-0.1930549000,0.1106114000,0.9749333000,True,1.0000000000,4.4903560000,0.0312813000,-0.0065421450,-0.0258165600,-0.2022877000,0.1315320000,0.9704530000,-0.0028602910,-0.0047852330,-0.0261944400,-0.1974054000,0.1204239000,0.9728973000,0.0000000000,,
25.0166700000,3972093,True,1.0000000000,4.0061340000,-0.0330356000,-0.0032606810,-0.0265500800,-0.1964888000,0.1202401000,0.9731056000,True,1.0000000000,4.4537660000,0.0311938800,-0.0065333410,-0.0258211400,-0.2084822000,0.1272133000,0.9697175000,-0.0033411410,-0.0047736970,-0.0262130700,-0.2020425000,0.1234747000,0.9715620000,0.0000000000,,
25.0166700000,3972101,True,1.0000000000,4.0030820000,-0.0331127000,-0.0032777710,-0.0265737300,-0.2062557000,0.1237656000,0.9706393000,True,1.0000000000,4.4262390000,0.0311091200,-0.0065419470,-0.0258388100,-0.2207062000,0.1254595000,0.9672377000,-0.0039366150,-0.0047606970,-0.0262398500,-0.2128303000,0.1245426000,0.9691194000,0.0000000000,,
25.0333300000,3972110,True,1.0000000000,3.9858860000,-0.0331970800,-0.0032907720,-0.0265819300,-0.2063173000,0.1223164000,0.9708099000,True,1.0000000000,4.4745640000,0.0310237700,-0.0065360110,-0.0258526500,-0.2289904000,0.1277933000,0.9650037000,-0.0043822180,-0.0047468570,-0.0262547200,-0.2165094000,0.1247878000,0.9682725000,0.0000000000,,
25.0333300000,3972118,True,1.0000000000,3.9009550000,-0.0332764600,-0.0032927400,-0.0266036200,-0.2252541000,0.1200582000,0.9668746000,True,1.0000000000,4.4644780000,0.0309621400,-0.0065653690,-0.0258800400,-0.2408486000,0.1333029000,0.9613648000,-0.0040269930,-0.0047828520,-0.0262741600,-0.2323623000,0.1260841000,0.9644224000,0.0000000000,,
25.0500000000,3972126,True,1.0000000000,4.0719600000,-0.0333568800,-0.0032926490,-0.0266305700,-0.2408786000,0.1255510000,0.9624003000,True,1.0000000000,4.3451230000,0.0308812700,-0.0065645300,-0.0258908300,-0.2473012000,0.1295176000,0.9602434000,-0.0035349580,-0.0048115840,-0.0262871600,-0.2438539000,0.1273973000,0.9614079000,0.0000000000,,
25.0500000000,3972135,True,1.0000000000,3.9926150000,-0.0334370300,-0.0032944340,-0.0266540400,-0.2557251000,0.1251541000,0.9586142000,True,1.0000000000,4.3043060000,0.0307976100,-0.0065515450,-0.0259107500,-0.2598308000,0.1292135000,0.9569702000,0.0002504730,-0.0050026090,-0.0262642200,-0.2578757000,0.1272899000,0.9577565000,0.0000000000,,
25.0666700000,3972143,True,1.0000000000,4.0216670000,-0.0335033100,-0.0032892920,-0.0266730200,-0.2674119000,0.1242225000,0.9555416000,True,1.0000000000,4.2682190000,0.0307359600,-0.0065550690,-0.0259156800,-0.2661312000,0.1243604000,0.9558811000,0.0005833893,-0.0050221710,-0.0262711600,-0.2667430000,0.1243000000,0.9557185000,0.0000000000,,
25.0666700000,3972151,True,1.0000000000,4.0641330000,-0.0335766900,-0.0032854310,-0.0266864500,-0.2776676000,0.1187911000,0.9533044000,True,1.0000000000,4.4158330000,0.0306689200,-0.0065610510,-0.0259184400,-0.2887614000,0.1089188000,0.9511853000,0.0016887210,-0.0050834810,-0.0262648800,-0.2837546000,0.1133737000,0.9521711000,0.0000000000,,
25.0833300000,3972160,True,1.0000000000,4.0323030000,-0.0336412400,-0.0032738500,-0.0267077300,-0.2910646000,0.1183790000,0.9493513000,True,1.0000000000,4.3852230000,0.0305951400,-0.0065481880,-0.0259520600,-0.3018374000,0.1161817000,0.9462537000,0.0027421270,-0.0051284330,-0.0262797300,-0.2971688000,0.1171280000,0.9476137000,0.0000000000,,
25.0833300000,3972168,True,1.0000000000,4.0445250000,-0.0337090900,-0.0032723390,-0.0267157300,-0.2965590000,0.1109636000,0.9485462000,True,1.0000000000,4.4823760000,0.0305327300,-0.0065540470,-0.0259669500,-0.3087336000,0.1202250000,0.9435197000,0.0020460820,-0.0050988470,-0.0262989800,-0.3033473000,0.1161204000,0.9457783000,0.0000000000,,
25.1000000000,3972176,True,1.0000000000,4.0085910000,-0.0337826100,-0.0032736360,-0.0267232700,-0.3033955000,0.1005876000,0.9475406000,True,1.0000000000,4.4706880000,0.0304175000,-0.0065517890,-0.0259900200,-0.3193697000,0.1086132000,0.9413853000,-0.0006311646,-0.0049664010,-0.0263446400,-0.3116627000,0.1047370000,0.9444028000,0.0000000000,,
25.1000000000,3972185,True,1.0000000000,4.0764470000,-0.0338623800,-0.0032718810,-0.0267553400,-0.3142747000,0.1084764000,0.9431142000,True,1.0000000000,4.5358580000,0.0303312900,-0.0065629580,-0.0260140100,-0.3271217000,0.1113752000,0.9383959000,-0.0049087980,-0.0047562710,-0.0264209800,-0.3200736000,0.1097888000,0.9410098000,0.0000000000,,
25.1166700000,3972193,True,1.0000000000,4.1331180000,-0.0339433400,-0.0032705080,-0.0267869900,-0.3296095000,0.1094070000,0.9377567000,True,1.0000000000,4.5408170000,0.0302323900,-0.0065695800,-0.0260564300,-0.3363362000,0.1228798000,0.9336908000,-0.0058934630,-0.0047124640,-0.0264676800,-0.3325699000,0.1153123000,0.9360023000,0.0000000000,,
25.1166700000,3972201,True,1.0000000000,4.2176060000,-0.0340417000,-0.0032731930,-0.0268426500,-0.3425338000,0.1251390000,0.9311342000,True,1.0000000000,4.5323490000,0.0301610600,-0.0065734410,-0.0260771200,-0.3430205000,0.1229106000,0.9312518000,-0.0057281800,-0.0047286070,-0.0265050500,-0.3427446000,0.1241614000,0.9311875000,0.0000000000,,
25.1333400000,3972210,True,1.0000000000,4.2096860000,-0.0341523600,-0.0033069310,-0.0268595300,-0.3341399000,0.1218883000,0.9346089000,True,1.0000000000,4.5879520000,0.0300444700,-0.0065836640,-0.0261083100,-0.3439995000,0.1279927000,0.9302055000,-0.0057747040,-0.0047553870,-0.0265274700,-0.3385020000,0.1245884000,0.9326811000,0.0000000000,,
25.1333400000,3972218,True,1.0000000000,4.2580260000,-0.0342343900,-0.0033199160,-0.0269063400,-0.3462400000,0.1336223000,0.9285811000,True,1.0000000000,4.5518950000,0.0299796600,-0.0065905460,-0.0261279000,-0.3530925000,0.1244674000,0.9272721000,-0.0029179380,-0.0049149630,-0.0265267000,-0.3495964000,0.1291665000,0.9279539000,0.0000000000,,
25.1500000000,3972226,True,1.0000000000,4.1706090000,-0.0343290400,-0.0033273320,-0.0269308800,-0.3471119000,0.1304340000,0.9287090000,True,1.0000000000,4.4970400000,0.0298803300,-0.0065925300,-0.0261763900,-0.3576114000,0.1391322000,0.9234481000,-0.0022503820,-0.0049586180,-0.0265539400,-0.3523720000,0.1347812000,0.9261037000,0.0000000000,,
25.1500000000,3972235,True,1.0000000000,4.1407170000,-0.0343955900,-0.0033339540,-0.0269425700,-0.3487153000,0.1245902000,0.9289106000,True,1.0000000000,4.5002290000,0.0298129000,-0.0065900420,-0.0262104800,-0.3638378000,0.1472044000,0.9197569000,-0.0010345460,-0.0050257420,-0.0265622000,-0.3566159000,0.1363536000,0.9242471000,0.0000000000,,
25.1666700000,3972243,True,0.8507383000,4.1885220000,-0.0344734500,-0.0033428500,-0.0269688600,-0.3517967000,0.1302510000,0.9269702000,True,1.0000000000,4.4165190000,0.0297443300,-0.0065956420,-0.0262212200,-0.3661995000,0.1416793000,0.9196874000,-0.0022583620,-0.0049746250,-0.0265938100,-0.3590418000,0.1359873000,0.9233615000,0.0000000000,,
25.1666700000,3972251,True,0.8507383000,4.0882570000,-0.0345149700,-0.0033446500,-0.0269795400,-0.3575795000,0.1243609000,0.9255654000,True,1.0000000000,4.3829650000,0.0297138100,-0.0065958710,-0.0262212200,-0.3632236000,0.1393141000,0.9212276000,-0.0021313780,-0.0049838870,-0.0265972000,-0.3604318000,0.1319137000,0.9234109000,0.0000000000,,
25.1833300000,3972260,True,0.8337075000,4.1528780000,-0.0345146700,-0.0033251040,-0.0269915500,-0.3658650000,0.1269854000,0.9219639000,True,1.0000000000,4.5289000000,0.0297172100,-0.0065950930,-0.0262121300,-0.3683672000,0.1322649000,0.9202237000,-0.0031786500,-0.0049203950,-0.0266113000,-0.3670840000,0.1295635000,0.9211203000,0.0000000000,,
25.1833300000,3972268,True,0.8337075000,4.1836850000,-0.0344909400,-0.0032995450,-0.0269970100,-0.3589830000,0.1424732000,0.9224059000,True,1.0000000000,4.4811860000,0.0297286500,-0.0065890970,-0.0262189300,-0.3636972000,0.1420761000,0.9206186000,-0.0038025360,-0.0048715060,-0.0266252000,-0.3612415000,0.1422902000,0.9215520000,0.0000000000,,
25.2000000000,3972276,True,0.7904336000,4.1035000000,-0.0344875500,-0.0032923890,-0.0269825800,-0.3519918000,0.1372994000,0.9258783000,True,1.0000000000,4.4549710000,0.0297324400,-0.0065953220,-0.0262020600,-0.3566146000,0.1371008000,0.9241371000,-0.0037751470,-0.0048719790,-0.0266093000,-0.3542072000,0.1372089000,0.9250464000,0.0000000000,,
25.2000000000,3972285,True,0.7904336000,4.1317140000,-0.0344898800,-0.0032917790,-0.0269812300,-0.3521902000,0.1348122000,0.9261683000,True,1.0000000000,4.4658050000,0.0297308400,-0.0065957950,-0.0262023600,-0.3601382000,0.1352998000,0.9230354000,-0.0031004640,-0.0049066930,-0.0266005400,-0.3560817000,0.1350565000,0.9246435000,0.0000000000,,
25.2166700000,3972293,True,0.8300020000,4.1598820000,-0.0344922200,-0.0032923890,-0.0269798900,-0.3523625000,0.1325861000,0.9264241000,True,1.0000000000,4.4816440000,0.0297306100,-0.0065953220,-0.0262026500,-0.3639851000,0.1381538000,0.9211017000,-0.0030891880,-0.0049074250,-0.0265998400,-0.3580535000,0.1353172000,0.9238436000,0.0000000000,,
25.2166700000,3972301,True,0.8300020000,4.1556700000,-0.0344954800,-0.0032958990,-0.0269812300,-0.3552414000,0.1336218000,0.9251750000,True,1.0000000000,4.4709470000,0.0297315200,-0.0065944520,-0.0262060700,-0.3647812000,0.1382464000,0.9207728000,-0.0029717560,-0.0049148870,-0.0266007700,-0.3599283000,0.1358963000,0.9230297000,0.0000000000,,
25.2333400000,3972310,True,0.8271924000,4.1490780000,-0.0344987700,-0.0032994080,-0.0269825800,-0.3549399000,0.1343556000,0.9251845000,True,1.0000000000,4.4602660000,0.0297324400,-0.0065935670,-0.0262095100,-0.3655741000,0.1383987000,0.9204354000,-0.0031581880,-0.0049067390,-0.0266053600,-0.3601257000,0.1363232000,0.9228897000,0.0000000000,,
25.2333400000,3972318,True,0.8271924000,4.1533660000,-0.0344992500,-0.0033012850,-0.0269822600,-0.3528316000,0.1324778000,0.9262611000,True,1.0000000000,4.4531400000,0.0297337400,-0.0065935210,-0.0262093700,-0.3650412000,0.1385670000,0.9206216000,-0.0033460540,-0.0048980260,-0.0266073900,-0.3587686000,0.1354385000,0.9235483000,0.0000000000,,
25.2500000000,3972326,True,0.8410667000,4.1588130000,-0.0344987700,-0.0033031620,-0.0269819200,-0.3536868000,0.1309216000,0.9261561000,True,1.0000000000,4.4522250000,0.0297350300,-0.0065934910,-0.0262092300,-0.3645523000,0.1387499000,0.9207878000,-0.0036246030,-0.0048846590,-0.0266105200,-0.3589226000,0.1346913000,0.9235978000,0.0000000000,,
25.2500000000,3972335,True,0.8410667000,4.1653290000,-0.0344970000,-0.0033012850,-0.0269812800,-0.3533808000,0.1326151000,0.9260320000,True,1.0000000000,4.4191280000,0.0297565900,-0.0065873110,-0.0261944300,-0.3571496000,0.1378488000,0.9238191000,-0.0042955330,-0.0048458410,-0.0266114200,-0.3551524000,0.1350724000,0.9249985000,0.0000000000,,
25.2666700000,3972343,True,1.0000000000,4.1697390000,-0.0344803600,-0.0032820740,-0.0269814000,-0.3521465000,0.1361405000,0.9259906000,True,1.0000000000,4.4010770000,0.0297786600,-0.0065716100,-0.0261917600,-0.3610872000,0.1360486000,0.9225546000,-0.0046048280,-0.0048114620,-0.0266142700,-0.3562977000,0.1361103000,0.9244057000,0.0000000000,,
25.2666700000,3972351,True,1.0000000000,4.2239690000,-0.0344597200,-0.0032693640,-0.0269694500,-0.3462872000,0.1350572000,0.9283559000,True,1.0000000000,4.4273070000,0.0298264900,-0.0065487220,-0.0261692100,-0.3575500000,0.1314872000,0.9245914000,-0.0051013490,-0.0047669830,-0.0266039900,-0.3514274000,0.1334389000,0.9266568000,0.0000000000,,
25.2833300000,3972360,True,1.0000000000,4.1464080000,-0.0344174700,-0.0032550350,-0.0269613200,-0.3511112000,0.1321741000,0.9269580000,True,1.0000000000,4.5343170000,0.0298659200,-0.0065253610,-0.0261538300,-0.3579469000,0.1297477000,0.9246835000,-0.0055818790,-0.0047220010,-0.0265990900,-0.3541761000,0.1310899000,0.9259453000,0.0000000000,,
25.2833300000,3972368,True,1.0000000000,4.2067570000,-0.0343731100,-0.0032363590,-0.0269490200,-0.3470643000,0.1351788000,0.9280480000,True,1.0000000000,4.4392240000,0.0298839600,-0.0065137180,-0.0261493700,-0.3553959000,0.1301740000,0.9256071000,-0.0059498450,-0.0046860510,-0.0265953100,-0.3507566000,0.1329661000,0.9269788000,0.0000000000,,
25.3000000000,3972376,True,1.0000000000,4.1787110000,-0.0343459700,-0.0032273260,-0.0269258000,-0.3417087000,0.1267255000,0.9312227000,True,1.0000000000,4.4494170000,0.0299187200,-0.0065065460,-0.0261283000,-0.3516713000,0.1246650000,0.9277855000,-0.0063189850,-0.0046574560,-0.0265779900,-0.3460553000,0.1258397000,0.9297366000,0.0000000000,,
25.3000000000,3972385,True,1.0000000000,4.1139530000,-0.0343145800,-0.0032209320,-0.0269069200,-0.3399087000,0.1201643000,0.9327500000,True,1.0000000000,4.2790370000,0.0299867100,-0.0064788970,-0.0261188800,-0.3486993000,0.1270161000,0.9285880000,-0.0058824160,-0.0046614990,-0.0265584700,-0.3437971000,0.1231999000,0.9309271000,0.0000000000,,
25.3166700000,3972393,True,1.0000000000,4.2024380000,-0.0342649900,-0.0032077490,-0.0268925200,-0.3373446000,0.1217053000,0.9334808000,True,1.0000000000,4.3792880000,0.0300175600,-0.0064765780,-0.0260990200,-0.3391470000,0.1252613000,0.9323567000,-0.0050941170,-0.0046911170,-0.0265324400,-0.3381529000,0.1233226000,0.9329760000,0.0000000000,,
25.3166700000,3972401,True,1.0000000000,4.2019350000,-0.0342186500,-0.0031974640,-0.0268820400,-0.3377267000,0.1222701000,0.9332688000,True,1.0000000000,4.3571170000,0.0300383500,-0.0064677890,-0.0260918100,-0.3375412000,0.1241003000,0.9330944000,-0.0043463440,-0.0047178040,-0.0265146800,-0.3376477000,0.1231236000,0.9331852000,0.0000000000,,
25.3333300000,3972410,True,1.0000000000,4.0954440000,-0.0341902200,-0.0031946870,-0.0268475000,-0.3196734000,0.1116797000,0.9409232000,True,1.0000000000,4.2445680000,0.0300830400,-0.0064467170,-0.0260640100,-0.3245887000,0.1170973000,0.9385789000,-0.0029143680,-0.0047771460,-0.0264662500,-0.3220720000,0.1143205000,0.9397874000,0.0000000000,,
25.3333300000,3972418,True,1.0000000000,4.0372470000,-0.0341528000,-0.0031749420,-0.0268441800,-0.3233697000,0.1114826000,0.9396827000,True,1.0000000000,4.3403630000,0.0301381500,-0.0064286350,-0.0260534100,-0.3320965000,0.1130691000,0.9364439000,-0.0023361060,-0.0047851560,-0.0264528400,-0.3276866000,0.1122756000,0.9380915000,0.0000000000,,
25.3333300000,3972426,True,1.0000000000,3.9295960000,-0.0341000200,-0.0031585850,-0.0268246500,-0.3180108000,0.1089180000,0.9418100000,True,1.0000000000,4.2905880000,0.0301673300,-0.0064318700,-0.0260461300,-0.3247276000,0.1160602000,0.9386597000,-0.0020536960,-0.0047907720,-0.0264364500,-0.3213665000,0.1124882000,0.9402499000,0.0000000000,,
25.3500000000,3972435,True,1.0000000000,3.9785310000,-0.0340621100,-0.0031544040,-0.0268094000,-0.3137371000,0.1067966000,0.9434848000,True,1.0000000000,4.2276000000,0.0302005000,-0.0064377140,-0.0260361800,-0.3157358000,0.1178440000,0.9415008000,-0.0016208500,-0.0048118900,-0.0264190700,-0.3147463000,0.1123821000,0.9424993000,0.0000000000,,
25.3666700000,3972443,True,1.0000000000,3.9760740000,-0.0340308500,-0.0031584780,-0.0267948300,-0.3036862000,0.1064168000,0.9468105000,True,1.0000000000,4.2189030000,0.0302358900,-0.0064342350,-0.0260448600,-0.3165596000,0.1276553000,0.9399437000,-0.0009235077,-0.0048460080,-0.0264084800,-0.3103363000,0.1173717000,0.9433532000,0.0000000000,,
25.3666700000,3972451,True,1.0000000000,3.9295810000,-0.0340028300,-0.0031663670,-0.0267822300,-0.2970604000,0.1035622000,0.9492260000,True,1.0000000000,4.1744840000,0.0303265400,-0.0064386600,-0.0260056000,-0.3057415000,0.1256261000,0.9437903000,0.0004624634,-0.0049195410,-0.0263661400,-0.3017283000,0.1154026000,0.9463838000,0.0000000000,,
25.3833400000,3972460,True,1.0000000000,3.9492030000,-0.0339720500,-0.0031769260,-0.0267759100,-0.2914302000,0.1063547000,0.9506614000,True,1.0000000000,4.0847020000,0.0303598000,-0.0064490820,-0.0259935200,-0.2975364000,0.1236289000,0.9466720000,0.0004373627,-0.0049271090,-0.0263574400,-0.2947101000,0.1156013000,0.9485686000,0.0000000000,,
25.3833400000,3972468,True,1.0000000000,4.0025790000,-0.0339347400,-0.0031823120,-0.0267742800,-0.2888215000,0.1121991000,0.9507857000,True,1.0000000000,4.1967470000,0.0303851600,-0.0064495700,-0.0259853100,-0.2906091000,0.1260400000,0.9485043000,-0.0001839295,-0.0048967590,-0.0263602800,-0.2897680000,0.1194626000,0.9496121000,0.0000000000,,
25.4000000000,3972476,True,1.0000000000,3.9335940000,-0.0338956500,-0.0031896060,-0.0267614600,-0.2838925000,0.1085521000,0.9526917000,True,1.0000000000,4.1583250000,0.0304158200,-0.0064573060,-0.0259698300,-0.2872820000,0.1190053000,0.9504246000,-0.0029904020,-0.0047599180,-0.0263810400,-0.2855237000,0.1135717000,0.9516185000,0.0000000000,,
25.4000000000,3972485,True,1.0000000000,3.9941250000,-0.0338541900,-0.0031847230,-0.0267568400,-0.2760169000,0.1153110000,0.9542107000,True,1.0000000000,4.1639560000,0.0304542100,-0.0064508670,-0.0259584100,-0.2788104000,0.1194618000,0.9528870000,-0.0035456540,-0.0047240600,-0.0263805400,-0.2773310000,0.1172649000,0.9535913000,0.0000000000,,
25.4166700000,3972493,True,1.0000000000,3.9953770000,-0.0338234600,-0.0031830290,-0.0267442000,-0.2674450000,0.1140307000,0.9568021000,True,1.0000000000,4.1330870000,0.0304912100,-0.0064405980,-0.0259413600,-0.2704627000,0.1144412000,0.9559044000,-0.0038567350,-0.0047008670,-0.0263701200,-0.2688475000,0.1142285000,0.9563853000,0.0000000000,,
25.4166700000,3972501,True,1.0000000000,3.8402400000,-0.0337907300,-0.0031698910,-0.0267541800,-0.2595397000,0.1281295000,0.9571949000,True,1.0000000000,4.1063230000,0.0305421800,-0.0064428870,-0.0259201800,-0.2578465000,0.1091171000,0.9600045000,-0.0053506930,-0.0046168060,-0.0263855000,-0.2588083000,0.1197223000,0.9584805000,0.0000000000,,
25.4333300000,3972510,True,1.0000000000,3.7797390000,-0.0337336300,-0.0031661070,-0.0267436400,-0.2491494000,0.1299917000,0.9597014000,True,1.0000000000,4.1921230000,0.0305719600,-0.0064229280,-0.0259105700,-0.2565028000,0.1073314000,0.9605656000,-0.0061785130,-0.0045616760,-0.0263866600,-0.2523070000,0.1203017000,0.9601399000,0.0000000000,,
25.4333300000,3972518,True,1.0000000000,3.8974300000,-0.0336768700,-0.0031689910,-0.0267224300,-0.2382524000,0.1270914000,0.9628518000,True,1.0000000000,4.1503450000,0.0306362500,-0.0064524690,-0.0259038400,-0.2475447000,0.1096503000,0.9626518000,-0.0062883610,-0.0045672920,-0.0263738300,-0.2422217000,0.1196612000,0.9628136000,0.0000000000,,
25.4500000000,3972526,True,1.0000000000,3.8706970000,-0.0336285700,-0.0031689000,-0.0267071700,-0.2273592000,0.1236743000,0.9659257000,True,1.0000000000,4.1449890000,0.0306898500,-0.0064548190,-0.0258833500,-0.2334626000,0.1085220000,0.9662910000,-0.0056076360,-0.0046004490,-0.0263482700,-0.2300275000,0.1170813000,0.9661156000,0.0000000000,,
25.4500000000,3972535,True,1.0000000000,3.8823550000,-0.0335553100,-0.0031732640,-0.0266873200,-0.2143410000,0.1199650000,0.9693639000,True,1.0000000000,4.1555630000,0.0307687100,-0.0065191500,-0.0258970400,-0.2357819000,0.1245744000,0.9637884000,-0.0041383670,-0.0047034150,-0.0263259000,-0.2241524000,0.1220860000,0.9668767000,0.0000000000,,
25.4666700000,3972543,True,1.0000000000,3.8308720000,-0.0335094500,-0.0031819610,-0.0266713700,-0.2096591000,0.1130084000,0.9712220000,True,1.0000000000,4.2573850000,0.0308171700,-0.0064835360,-0.0258686400,-0.2207656000,0.1135414000,0.9686954000,0.0007460632,-0.0049401400,-0.0262439000,-0.2155789000,0.1132979000,0.9698914000,0.0000000000,,
25.4666700000,3972551,True,1.0000000000,3.9377900000,-0.0334423400,-0.0031788940,-0.0266625100,-0.2045598000,0.1118319000,0.9724448000,True,1.0000000000,4.2318270000,0.0308726400,-0.0064891510,-0.0258559700,-0.2187528000,0.1121688000,0.9693118000,0.0005122681,-0.0049265140,-0.0262367000,-0.2120675000,0.1120152000,0.9708140000,0.0000000000,,
25.4833400000,3972560,True,1.0000000000,4.0008090000,-0.0333528600,-0.0031575620,-0.0266634400,-0.1972064000,0.1224834000,0.9726806000,True,1.0000000000,4.2098240000,0.0309603300,-0.0064747930,-0.0258441900,-0.2087723000,0.1112984000,0.9716104000,0.0002374878,-0.0048901370,-0.0262355500,-0.2032649000,0.1166549000,0.9721497000,0.0000000000,,
25.4833400000,3972568,True,1.0000000000,3.9597930000,-0.0332356000,-0.0031360170,-0.0266477700,-0.1892571000,0.1185622000,0.9747434000,True,1.0000000000,4.2259670000,0.0310354000,-0.0064715730,-0.0258213400,-0.1949481000,0.1137858000,0.9741910000,0.0004921113,-0.0048864290,-0.0262140800,-0.1922461000,0.1160587000,0.9744598000,0.0000000000,,
25.5000000000,3972576,True,1.0000000000,3.9889980000,-0.0331795400,-0.0031131590,-0.0266357600,-0.1690385000,0.1085978000,0.9796084000,True,1.0000000000,4.2599490000,0.0311066900,-0.0064545600,-0.0258197800,-0.1978029000,0.1146717000,0.9735114000,0.0005592346,-0.0048667910,-0.0262075200,-0.1841612000,0.1118029000,0.9765167000,0.0000000000,,
25.5000000000,3972585,True,1.0000000000,3.9226840000,-0.0331163300,-0.0030973210,-0.0266262400,-0.1734930000,0.1038669000,0.9793426000,True,1.0000000000,4.2323000000,0.0311545400,-0.0064471280,-0.0258051900,-0.1819794000,0.1159535000,0.9764416000,0.0004846497,-0.0048486030,-0.0261969900,-0.1779345000,0.1101848000,0.9778541000,0.0000000000,StopTrial_baseline_t0,
25.5166700000,3972593,True,1.0000000000,3.9273680000,-0.0330725600,-0.0030867010,-0.0266268800,-0.1702592000,0.1099864000,0.9792420000,True,1.0000000000,4.1667940000,0.0311922800,-0.0064448090,-0.0257920100,-0.1723501000,0.1139692000,0.9784204000,-0.0027231140,-0.0046725930,-0.0262326100,-0.1712503000,0.1118628000,0.9788565000,0.0000000000,,
25.5166700000,3972601,True,1.0000000000,3.8103940000,-0.0330377100,-0.0030786900,-0.0266357100,-0.1598220000,0.1058512000,0.9814543000,True,1.0000000000,4.1857760000,0.0312454800,-0.0064330750,-0.0257861000,-0.1670999000,0.1164405000,0.9790400000,-0.0034781650,-0.0046211400,-0.0262450400,-0.1631631000,0.1107183000,0.9803669000,0.0000000000,,
25.5333300000,3972610,True,1.0000000000,3.8669590000,-0.0329854000,-0.0030654600,-0.0266406300,-0.1548941000,0.1027541000,0.9825729000,True,1.0000000000,4.2607420000,0.0312945400,-0.0064151310,-0.0257806400,-0.1626907000,0.1197826000,0.9793794000,-0.0041958770,-0.0045657050,-0.0262554500,-0.1583889000,0.1103839000,0.9811872000,0.0000000000,,
25.5333300000,3972618,True,1.0000000000,3.8927920000,-0.0329361600,-0.0030547640,-0.0266320400,-0.1533824000,0.1102150000,0.9820013000,True,1.0000000000,4.1871640000,0.0313330600,-0.0064329070,-0.0257218900,-0.1531836000,0.1070713000,0.9823800000,-0.0050708770,-0.0045194250,-0.0262374300,-0.1532905000,0.1088567000,0.9821671000,0.0000000000,,
25.5500000000,3972626,True,1.0000000000,3.9409940000,-0.0328984200,-0.0030504760,-0.0266498700,-0.1425179000,0.1036535000,0.9843498000,True,1.0000000000,4.1712040000,0.0313635300,-0.0064247740,-0.0257452600,-0.1457524000,0.1166080000,0.9824250000,-0.0054160920,-0.0044935300,-0.0262630000,-0.1439075000,0.1091933000,0.9835484000,0.0000000000,,
25.5500000000,3972635,True,1.0000000000,3.8800660000,-0.0328385200,-0.0030240780,-0.0266960200,-0.1350109000,0.1146860000,0.9841846000,True,1.0000000000,4.1008450000,0.0314241100,-0.0064199680,-0.0257556900,-0.1310289000,0.1069502000,0.9855928000,-0.0038993380,-0.0045533450,-0.0262725700,-0.1332258000,0.1112071000,0.9848269000,0.0000000000,,
25.5666700000,3972643,True,1.0000000000,3.9009860000,-0.0327829200,-0.0030045630,-0.0267389500,-0.1301581000,0.1061101000,0.9857990000,True,1.0000000000,4.0906070000,0.0314862500,-0.0064395600,-0.0256850400,-0.1228188000,0.1126564000,0.9860142000,-0.0031503600,-0.0045883330,-0.0262530400,-0.1267712000,0.1091319000,0.9859104000,0.0000000000,,
25.5666700000,3972651,True,1.0000000000,3.8594510000,-0.0327214200,-0.0029770810,-0.0268183600,-0.1177531000,0.1190654000,0.9858791000,True,1.0000000000,4.1576080000,0.0315443000,-0.0064267270,-0.0257028800,-0.1178291000,0.1196449000,0.9857999000,0.0029089360,-0.0048896340,-0.0261999100,-0.1177991000,0.1193860000,0.9858349000,0.0000000000,,
25.5833300000,3972660,True,1.0000000000,3.8284760000,-0.0326609400,-0.0029230810,-0.0269627400,-0.1017621000,0.1288315000,0.9864314000,True,1.0000000000,4.1687930000,0.0316143500,-0.0063641820,-0.0258331300,-0.1087504000,0.1150371000,0.9873904000,0.0144097500,-0.0054431000,-0.0261355000,-0.1068730000,0.1187444000,0.9871565000,0.0000000000,,
25.5833300000,3972668,True,1.0000000000,3.8687290000,-0.0326155300,-0.0027858890,-0.0273324100,-0.0918892700,0.1216900000,0.9883056000,True,1.0000000000,4.0916900000,0.0316847600,-0.0064451150,-0.0255874200,-0.0956583000,0.1148693000,0.9887641000,0.0287307400,-0.0062770080,-0.0256675700,-0.0954900800,0.1151740000,0.9887450000,0.0000000000,,
25.6000000000,3972676,True,1.0000000000,3.7677760000,-0.0325869900,-0.0025288700,-0.0280666200,-0.0777741300,0.1114350000,0.9907237000,True,1.0000000000,4.0596470000,0.0317383900,-0.0062890320,-0.0259601100,-0.0932925100,0.1048740000,0.9901000000,0.0317141500,-0.0062876130,-0.0259609100,-0.0932925100,0.1048740000,0.9901000000,0.0000000000,,
25.6000000000,3972685,True,1.0000000000,3.8884740000,-0.0324511800,-0.0031233980,-0.0263276400,-0.0767065700,0.1367351000,0.9876333000,True,1.0000000000,4.0891880000,0.0317940800,-0.0062826080,-0.0259813400,-0.0862745000,0.1103380000,0.9901425000,0.0317692000,-0.0062813880,-0.0259814600,-0.0862743500,0.1103530000,0.9901409000,0.0000000000,,
25.6166700000,3972693,True,1.0000000000,3.8441010000,-0.0324023400,-0.0030512090,-0.0265271600,-0.0763255000,0.1252916000,0.9891797000,True,1.0000000000,4.0955810000,0.0318530600,-0.0063315280,-0.0258427600,-0.0783395300,0.1141676000,0.9903679000,0.0318283300,-0.0063302610,-0.0258430200,-0.0783395300,0.1141676000,0.9903679000,0.0000000000,,
25.6166700000,3972701,True,1.0000000000,3.9387050000,-0.0323446400,-0.0030781400,-0.0264470200,-0.0647433800,0.1279914000,0.9896598000,True,1.0000000000,4.1632390000,0.0319046000,-0.0062144170,-0.0261474300,-0.0677955900,0.1113447000,0.9914666000,0.0318613300,-0.0062123110,-0.0261476400,-0.0677802900,0.1113599000,0.9914660000,0.0000000000,,
25.6333400000,3972710,True,1.0000000000,3.8813170000,-0.0323064400,-0.0031291500,-0.0263176400,-0.0649266200,0.1299906000,0.9893872000,True,1.0000000000,3.9718320000,0.0319364200,-0.0061821900,-0.0262260600,-0.0607460000,0.1074537000,0.9923525000,0.0318652400,-0.0061788180,-0.0262261700,-0.0607611100,0.1074687000,0.9923500000,0.0000000000,,
25.6333400000,3972718,True,1.0000000000,3.9387050000,-0.0322656000,-0.0030735020,-0.0264597200,-0.0517426600,0.1314090000,0.9899770000,True,1.0000000000,4.0566250000,0.0319791600,-0.0063109130,-0.0258783000,-0.0520179600,0.1138017000,0.9921408000,0.0319496600,-0.0063094180,-0.0258785600,-0.0520179600,0.1138017000,0.9921408000,0.0000000000,,
25.6500000000,3972726,True,1.0000000000,3.8528590000,-0.0322358700,-0.0029750370,-0.0267402500,-0.0538334100,0.1233835000,0.9908978000,True,1.0000000000,4.0702670000,0.0320215200,-0.0063299870,-0.0258299000,-0.0393680800,0.1074230000,0.9934337000,0.0320009200,-0.0063289190,-0.0258301900,-0.0393680100,0.1074381000,0.9934320000,0.0000000000,,
25.6500000000,3972735,True,1.0000000000,3.8436280000,-0.0322114000,-0.0029143070,-0.0268923500,-0.0387421900,0.1293034000,0.9908479000,True,1.0000000000,4.1282200000,0.0320619000,-0.0063102720,-0.0258552400,-0.0397040100,0.1181354000,0.9922034000,0.0320512700,-0.0063097080,-0.0258554200,-0.0397039400,0.1181505000,0.9922016000,0.0000000000,,
25.6666700000,3972743,True,1.0000000000,3.7916560000,-0.0321819900,-0.0030709230,-0.0264193100,-0.0323643900,0.1248036000,0.9916535000,True,1.0000000000,4.1107030000,0.0320867200,-0.0062594910,-0.0259637500,-0.0356294500,0.1102911000,0.9932605000,0.0320775300,-0.0062590490,-0.0259638200,-0.0356294500,0.1102911000,0.9932605000,0.0000000000,,
25.6666700000,3972751,True,1.0000000000,3.9530180000,-0.0321467100,-0.0030302890,-0.0265238200,-0.0217898800,0.1289693000,0.9914092000,True,1.0000000000,4.0845030000,0.0321113000,-0.0062160650,-0.0260667100,-0.0233003100,0.1136634000,0.9932460000,0.0320699200,-0.0062140050,-0.0260670000,-0.0233002600,0.1136784000,0.9932443000,0.0000000000,,
25.6833300000,3972760,True,1.0000000000,3.9310760000,-0.0321045400,-0.0030309760,-0.0265173800,-0.0179597500,0.1270152000,0.9917381000,True,1.0000000000,4.1331790000,0.0321391300,-0.0063040930,-0.0258182400,-0.0128021900,0.1205908000,0.9926197000,0.0033477480,-0.0048372200,-0.0261315600,-0.0151216800,0.1234759000,0.9922323000,0.0000000000,,
25.6833300000,3972768,True,1.0000000000,3.8682250000,-0.0320665500,-0.0030568850,-0.0264594700,-0.0134277700,0.1236423000,0.9922360000,True,1.0000000000,4.1330870000,0.0321904300,-0.0064109810,-0.0255618700,-0.0067902730,0.1331351000,0.9910747000,-0.0142530100,-0.0039867250,-0.0262106300,-0.0115815800,0.1262835000,0.9919266000,0.0000000000,,
25.7000000000,3972776,True,1.0000000000,3.9022220000,-0.0320307800,-0.0030657500,-0.0264517400,-0.0046692620,0.1249104000,0.9921570000,True,1.0000000000,4.1451110000,0.0322356100,-0.0063838500,-0.0256515400,-0.0018158050,0.1171881000,0.9931080000,-0.0187166800,-0.0037531590,-0.0262859500,-0.0040741170,0.1233069000,0.9923602000,0.0000000000,,
25.7000000000,3972785,True,1.0000000000,3.9519810000,-0.0319877200,-0.0030851440,-0.0263974600,0.0147705700,0.1284033000,0.9916120000,True,1.0000000000,4.1346280000,0.0322708900,-0.0062833710,-0.0259014400,0.0043945790,0.1211408000,0.9926256000,-0.0054100800,-0.0044079440,-0.0261923100,0.0104829600,0.1253988000,0.9920511000,0.0000000000,,
25.7166700000,3972793,True,1.0000000000,3.8697510000,-0.0319346200,-0.0030904240,-0.0264224400,0.0131073200,0.1282503000,0.9916552000,True,1.0000000000,4.1314850000,0.0323171700,-0.0063485410,-0.0257547800,0.0158844200,0.1222536000,0.9923718000,0.0048851930,-0.0049575050,-0.0260398400,0.0146942900,0.1248176000,0.9920709000,0.0000000000,,
25.7166700000,3972801,True,1.0000000000,3.8619230000,-0.0319001300,-0.0031213230,-0.0263488000,0.0252991700,0.1278234000,0.9914742000,True,1.0000000000,4.1495360000,0.0323632400,-0.0064304510,-0.0255696100,0.0237277900,0.1188373000,0.9926302000,-0.0043367460,-0.0045406500,-0.0260146000,0.0246278200,0.1239783000,0.9919792000,0.0000000000,,
25.7333400000,3972810,True,1.0000000000,3.8932950000,-0.0318550000,-0.0031451260,-0.0263058200,0.0347599900,0.1293047000,0.9909955000,True,1.0000000000,4.1869050000,0.0323814100,-0.0066466220,-0.0250374200,0.0395970800,0.1271989000,0.9910865000,-0.0297068500,-0.0032622230,-0.0262634000,0.0349122100,0.1292271000,0.9910003000,0.0000000000,,
25.7333400000,3972818,True,1.0000000000,3.8729100000,-0.0317977000,-0.0030919650,-0.0264580400,0.0418246600,0.1305247000,0.9905625000,True,1.0000000000,4.1637880000,0.0324438000,-0.0065717930,-0.0252756700,0.0439150700,0.1290291000,0.9906679000,-0.0315726800,-0.0031041570,-0.0264539000,0.0418247500,0.1305097000,0.9905644000,0.0000000000,,
25.7500000000,3972826,True,1.0000000000,3.8163600000,-0.0317558500,-0.0030878910,-0.0264507200,0.0486610800,0.1284201000,0.9905253000,True,1.0000000000,4.1703340000,0.0324663600,-0.0065450290,-0.0253559400,0.0496375700,0.1266346000,0.9907067000,-0.0315171800,-0.0031007230,-0.0264466400,0.0486603400,0.1284181000,0.9905256000,0.0000000000,,
25.7500000000,3972835,True,1.0000000000,3.8408970000,-0.0317196700,-0.0031103060,-0.0263946500,0.0602878300,0.1350411000,0.9890042000,True,1.0000000000,4.1803740000,0.0325326400,-0.0064795840,-0.0255497700,0.0619204800,0.1269080000,0.9899799000,-0.0308359200,-0.0031566470,-0.0263830300,0.0603181900,0.1349339000,0.9890170000,0.0000000000,,
25.7666700000,3972843,True,1.0000000000,3.8875890000,-0.0316851200,-0.0032612150,-0.0258717200,0.0777899100,0.1294260000,0.9885331000,True,1.0000000000,4.1896820000,0.0325819600,-0.0064401100,-0.0257026500,0.0703281700,0.1269234000,0.9894162000,-0.0266757500,-0.0035090030,-0.0258585400,0.0772097000,0.1292271000,0.9886045000,0.0000000000,,
25.7666700000,3972851,True,1.0000000000,3.8031920000,-0.0316290000,-0.0031995700,-0.0260737500,0.0790110400,0.1249558000,0.9890113000,True,1.0000000000,4.1771390000,0.0326302100,-0.0064472970,-0.0257117900,0.0782173900,0.1190504000,0.9898025000,-0.0224716800,-0.0036623840,-0.0260221700,0.0788884500,0.1241158000,0.9891269000,0.0000000000,,
25.7666700000,3972860,True,1.0000000000,3.8656310000,-0.0315834500,-0.0032003020,-0.0260986900,0.0834668100,0.1251850000,0.9886162000,True,1.0000000000,4.1260830000,0.0326670700,-0.0064563600,-0.0257041500,0.0917522600,0.1185013000,0.9887058000,-0.0177662400,-0.0039005280,-0.0260138600,0.0852519200,0.1237503000,0.9886445000,0.0000000000,,
25.7833300000,3972868,True,1.0000000000,3.9254760000,-0.0315345000,-0.0031790470,-0.0261941400,0.0951694800,0.1259466000,0.9874615000,True,1.0000000000,4.1268310000,0.0327123100,-0.0064678810,-0.0256892700,0.0964218200,0.1144427000,0.9887394000,-0.0116884200,-0.0041949770,-0.0260381800,0.0955507700,0.1223910000,0.9878717000,0.0000000000,,
25.8000000000,3972876,True,1.0000000000,3.9139560000,-0.0314770200,-0.0031728360,-0.0262377300,0.1027232000,0.1180432000,0.9876810000,True,1.0000000000,4.2167210000,0.0327712600,-0.0064703830,-0.0257106600,0.1042028000,0.1172949000,0.9876152000,-0.0160230400,-0.0039660190,-0.0261109500,0.1030742000,0.1178602000,0.9876663000,0.0000000000,,
25.8000000000,3972885,True,1.0000000000,3.9195250000,-0.0314049700,-0.0031110990,-0.0264824400,0.1101393000,0.1151290000,0.9872257000,True,1.0000000000,4.1939700000,0.0328243700,-0.0064836580,-0.0257302700,0.1176459000,0.1210791000,0.9856467000,-0.0145877400,-0.0039941410,-0.0262854900,0.1121069000,0.1166846000,0.9868215000,0.0000000000,,
25.8166700000,3972893,True,1.0000000000,3.9646300000,-0.0313497800,-0.0031238710,-0.0264447500,0.1223766000,0.1163951000,0.9856349000,True,1.0000000000,4.1791080000,0.0328941700,-0.0064984290,-0.0257442200,0.1252764000,0.1239947000,0.9843430000,0.0190821800,-0.0057729190,-0.0258948200,0.1246500000,0.1223612000,0.9846269000,0.0000000000,,
25.8166700000,3972901,True,1.0000000000,4.0219730000,-0.0312814000,-0.0031095890,-0.0264659700,0.1327685000,0.1164567000,0.9842816000,True,1.0000000000,4.2326970000,0.0329476000,-0.0065068980,-0.0257656900,0.1329963000,0.1302650000,0.9825187000,0.0291194500,-0.0063044130,-0.0258074300,0.1329816000,0.1294415000,0.9826295000,0.0000000000,,
25.8333300000,3972910,True,1.0000000000,4.0213320000,-0.0312173500,-0.0030960240,-0.0264924300,0.1411144000,0.1149301000,0.9832994000,True,1.0000000000,4.1922150000,0.0330211000,-0.0065162820,-0.0257663900,0.1356060000,0.1283428000,0.9824150000,0.0318807100,-0.0064555670,-0.0257792700,0.1357131000,0.1280989000,0.9824320000,0.0000000000,,
25.8333300000,3972918,True,1.0000000000,3.9951480000,-0.0311511100,-0.0030995790,-0.0264785600,0.1405200000,0.1132522000,0.9835792000,True,1.0000000000,4.1760100000,0.0330941500,-0.0065063480,-0.0257878700,0.1474162000,0.1292124000,0.9805981000,0.0323374500,-0.0064662170,-0.0257960200,0.1473407000,0.1290299000,0.9806335000,0.0000000000,,
25.8500000000,3972926,True,1.0000000000,4.0234530000,-0.0310572100,-0.0030757750,-0.0264971300,0.1486064000,0.1146249000,0.9822308000,True,1.0000000000,4.2187960000,0.0331507900,-0.0064945230,-0.0258012100,0.1581734000,0.1297003000,0.9788560000,0.0309474800,-0.0063771970,-0.0258250900,0.1578526000,0.1291813000,0.9789764000,0.0000000000,,
25.8500000000,3972935,True,1.0000000000,4.0249940000,-0.0309852900,-0.0030597380,-0.0264955300,0.1635904000,0.1102149000,0.9803524000,True,1.0000000000,4.2507930000,0.0332392800,-0.0064999390,-0.0258106200,0.1605389000,0.1318217000,0.9781873000,0.0277481200,-0.0062058110,-0.0258691900,0.1607993000,0.1299761000,0.9783914000,0.0000000000,,
25.8666700000,3972943,True,1.0000000000,3.8886720000,-0.0308964300,-0.0030476080,-0.0265171200,0.1666271000,0.1137398000,0.9794379000,True,1.0000000000,4.1183320000,0.0333212000,-0.0064957580,-0.0258342500,0.1743500000,0.1335320000,0.9755877000,0.0177868500,-0.0056616520,-0.0259994400,0.1724877000,0.1287554000,0.9765604000,0.0000000000,,
25.8666700000,3972951,True,1.0000000000,3.9487150000,-0.0308014100,-0.0030465090,-0.0265331300,0.1699535000,0.1140754000,0.9788272000,True,1.0000000000,4.1514130000,0.0334162700,-0.0065203100,-0.0258276700,0.1727155000,0.1248483000,0.9770272000,0.0058053440,-0.0050267190,-0.0261309800,0.1715246000,0.1202244000,0.9778166000,0.0000000000,,
25.8666700000,3972960,True,1.0000000000,3.9614870000,-0.0307107100,-0.0030473330,-0.0265465400,0.1724247000,0.1139376000,0.9784109000,True,1.0000000000,4.1387630000,0.0335136000,-0.0065267640,-0.0258578000,0.1847702000,0.1311503000,0.9739916000,-0.0013781430,-0.0046364600,-0.0262319800,0.1780716000,0.1218120000,0.9764489000,0.0000000000,,
25.8833400000,3972968,True,1.0000000000,3.9481960000,-0.0306009500,-0.0030526130,-0.0265574700,0.1736001000,0.1123815000,0.9783831000,True,1.0000000000,4.1266630000,0.0336100900,-0.0065691990,-0.0258468500,0.1957880000,0.1097579000,0.9744846000,0.0006162110,-0.0047622530,-0.0262119900,0.1844029000,0.1111148000,0.9765496000,0.0000000000,,
25.9000000000,3972976,True,1.0000000000,3.9254150000,-0.0305060400,-0.0030662230,-0.0265762300,0.1813378000,0.1154495000,0.9766207000,True,1.0000000000,4.1702270000,0.0336812900,-0.0065608830,-0.0258651000,0.2160503000,0.1101995000,0.9701434000,-0.0010706330,-0.0046688230,-0.0262501200,0.1972967000,0.1130527000,0.9738035000,0.0000000000,,
25.9000000000,3972985,True,1.0000000000,3.8928220000,-0.0304285400,-0.0030731510,-0.0265903500,0.1849537000,0.1187146000,0.9755506000,True,1.0000000000,4.2110290000,0.0338068900,-0.0065688940,-0.0259060200,0.2218976000,0.1166557000,0.9680666000,-0.0040647430,-0.0045078890,-0.0263095000,0.2001507000,0.1178901000,0.9726467000,0.0000000000,,
25.9166700000,3972993,True,1.0000000000,3.8995510000,-0.0303468300,-0.0030826570,-0.0266034000,0.1861443000,0.1215683000,0.9749725000,True,1.0000000000,4.1651920000,0.0338923200,-0.0065859990,-0.0259226200,0.2182656000,0.1185629000,0.9686604000,-0.0053586890,-0.0044454040,-0.0263385800,0.1986579000,0.1204094000,0.9726441000,0.0000000000,,
25.9166700000,3973001,True,1.0000000000,3.9815220000,-0.0302994700,-0.0030830380,-0.0266224800,0.1992191000,0.1233981000,0.9721546000,True,1.0000000000,4.3084260000,0.0339373000,-0.0065782480,-0.0259310600,0.2295237000,0.1156774000,0.9664044000,-0.0046349800,-0.0044794770,-0.0263462400,0.2113504000,0.1203313000,0.9699749000,0.0000000000,,
25.9166700000,3973010,True,1.0000000000,3.8437500000,-0.0302586100,-0.0030835570,-0.0266218600,0.2007629000,0.1182879000,0.9724723000,True,1.0000000000,4.2520290000,0.0339898500,-0.0065809790,-0.0259432100,0.2316171000,0.1193715000,0.9654553000,-0.0044709020,-0.0044873350,-0.0263494700,0.2131690000,0.1187307000,0.9697742000,0.0000000000,,
25.9333300000,3973018,True,1.0000000000,3.9173280000,-0.0302310800,-0.0030873110,-0.0266194900,0.2139742000,0.1090394000,0.9707345000,True,1.0000000000,4.2464750000,0.0340419800,-0.0066390840,-0.0259751000,0.2398092000,0.1307995000,0.9619683000,-0.0033937230,-0.0045703580,-0.0263504200,0.2247947000,0.1181347000,0.9672185000,0.0000000000,,
25.9500000000,3973026,True,1.0000000000,3.9106750000,-0.0302170400,-0.0030913090,-0.0266152700,0.2150285000,0.1037911000,0.9710768000,True,1.0000000000,4.2680970000,0.0340661600,-0.0066443330,-0.0259717600,0.2362228000,0.1269539000,0.9633698000,-0.0025872190,-0.0046184390,-0.0263386700,0.2241688000,0.1137552000,0.9678885000,0.0000000000,,
25.9500000000,3973035,True,1.0000000000,3.9061130000,-0.0302106800,-0.0030912930,-0.0266171400,0.2155946000,0.1074845000,0.9705494000,True,1.0000000000,4.1557620000,0.0340874800,-0.0066416320,-0.0259901000,0.2450722000,0.1316227000,0.9605286000,-0.0028733220,-0.0046007850,-0.0263505600,0.2281675000,0.1177688000,0.9664730000,0.0000000000,,
25.9666700000,3973043,True,1.0000000000,3.9151610000,-0.0302043200,-0.0030912930,-0.0266190400,0.2156378000,0.1104892000,0.9702023000,True,1.0000000000,4.2438350000,0.0341135100,-0.0066503150,-0.0259944200,0.2489788000,0.1319586000,0.9594772000,-0.0036604770,-0.0045600890,-0.0263612500,0.2294500000,0.1193714000,0.9659727000,0.0000000000,,
25.9666700000,3973051,True,1.0000000000,3.9498140000,-0.0301992400,-0.0030906830,-0.0266174300,0.2153025000,0.1074681000,0.9706160000,True,1.0000000000,4.1662750000,0.0341378600,-0.0066573030,-0.0260037600,0.2581976000,0.1309070000,0.9571820000,-0.0037332770,-0.0045578610,-0.0263649800,0.2330201000,0.1171433000,0.9653906000,0.0000000000,,
25.9833400000,3973060,True,1.0000000000,3.9359890000,-0.0301941500,-0.0030912930,-0.0266158200,0.2144809000,0.1042802000,0.9711455000,True,1.0000000000,4.2675020000,0.0341594700,-0.0066624300,-0.0260120100,0.2504754000,0.1414961000,0.9577270000,-0.0032063140,-0.0045889130,-0.0263626000,0.2296609000,0.1199193000,0.9658546000,0.0000000000,,
25.9833400000,3973068,True,1.0000000000,3.9240420000,-0.0301895600,-0.0030911870,-0.0266155400,0.2180798000,0.1042944000,0.9703422000,True,1.0000000000,4.1983490000,0.0341730800,-0.0066761930,-0.0259999200,0.2556655000,0.1267417000,0.9584215000,-0.0023675540,-0.0046408690,-0.0263494300,0.2343777000,0.1140302000,0.9654347000,0.0000000000,,
26.0000000000,3973076,True,1.0000000000,3.9123990000,-0.0301849500,-0.0030910650,-0.0266157700,0.2216664000,0.1045083000,0.9695061000,True,1.0000000000,4.3333740000,0.0341807600,-0.0066766210,-0.0260023800,0.2473002000,0.1354070000,0.9594308000,-0.0016029050,-0.0046832580,-0.0263434000,0.2330960000,0.1182570000,0.9652365000,0.0000000000,,
26.0000000000,3973085,True,1.0000000000,3.9065400000,-0.0301810300,-0.0030905760,-0.0266158000,0.2236650000,0.1052102000,0.9689710000,True,1.0000000000,4.2385100000,0.0341819200,-0.0066771850,-0.0260012400,0.2487051000,0.1320049000,0.9595418000,-0.0004036103,-0.0047499090,-0.0263314700,0.2352935000,0.1176315000,0.9647797000,0.0000000000,,
26.0166700000,3973093,True,1.0000000000,3.9004360000,-0.0301849500,-0.0030910650,-0.0266158200,0.2273277000,0.1047831000,0.9681646000,True,1.0000000000,4.2014920000,0.0341807600,-0.0066777500,-0.0260023800,0.2503691000,0.1340347000,0.9588274000,0.0005865479,-0.0048057710,-0.0263225600,0.2383905000,0.1187909000,0.9638769000,0.0000000000,,
26.0166700000,3973101,True,1.0000000000,3.9071200000,-0.0301863000,-0.0030911870,-0.0266167100,0.2272977000,0.1048291000,0.9681666000,True,1.0000000000,4.2651980000,0.0341697600,-0.0066801610,-0.0260025700,0.2522899000,0.1360327000,0.9580423000,0.0009460907,-0.0048273620,-0.0263196300,0.2394415000,0.1199496000,0.9634728000,0.0000000000,,
26.0333300000,3973110,True,1.0000000000,3.9600520000,-0.0302317800,-0.0031005250,-0.0266027100,0.2252667000,0.1005865000,0.9690909000,True,1.0000000000,4.2751160000,0.0341447800,-0.0066851500,-0.0259964900,0.2486886000,0.1379247000,0.9587131000,0.0016882630,-0.0048778990,-0.0263021300,0.2369398000,0.1191261000,0.9641932000,0.0000000000,,
26.0333300000,3973118,True,1.0000000000,3.9665220000,-0.0302601000,-0.0031040190,-0.0265996100,0.2221403000,0.1037458000,0.9694794000,True,1.0000000000,4.3040310000,0.0341115400,-0.0066754920,-0.0259982200,0.2568535000,0.1378644000,0.9565666000,0.0024439850,-0.0049185030,-0.0262940700,0.2398558000,0.1211257000,0.9632226000,0.0000000000,,
26.0500000000,3973126,True,1.0000000000,3.9931490000,-0.0302963300,-0.0031154630,-0.0265945800,0.2269751000,0.1002963000,0.9687223000,True,1.0000000000,4.1625520000,0.0340800300,-0.0066770630,-0.0259811700,0.2510404000,0.1309982000,0.9590715000,0.0024852760,-0.0049290930,-0.0262822300,0.2392765000,0.1159532000,0.9640029000,0.0000000000,,
26.0500000000,3973135,True,1.0000000000,3.9405670000,-0.0303277900,-0.0031189580,-0.0265914000,0.2216061000,0.1044629000,0.9695247000,True,1.0000000000,4.2924800000,0.0340188300,-0.0066286010,-0.0259443400,0.2501259000,0.1222553000,0.9604638000,0.0025034490,-0.0049096680,-0.0262612500,0.2361923000,0.1135566000,0.9650482000,0.0000000000,,
26.0666700000,3973143,True,1.0000000000,3.9459840000,-0.0303408100,-0.0031200410,-0.0265878200,0.2154252000,0.1051033000,0.9708477000,True,1.0000000000,4.2209320000,0.0340025600,-0.0066386110,-0.0259221700,0.2408486000,0.1125049000,0.9640200000,-0.0004046173,-0.0047570800,-0.0262781200,0.2272802000,0.1085513000,0.9677605000,0.0000000000,,
26.0666700000,3973151,True,1.0000000000,3.9374540000,-0.0303538200,-0.0031211400,-0.0265842300,0.2091242000,0.1035321000,0.9723930000,True,1.0000000000,4.2090760000,0.0339914400,-0.0066380010,-0.0259227800,0.2428479000,0.1122456000,0.9635485000,-0.0019721070,-0.0046723790,-0.0262924700,0.2240305000,0.1073918000,0.9686472000,0.0000000000,,
26.0833300000,3973160,True,1.0000000000,3.9826510000,-0.0304195900,-0.0031295780,-0.0265770900,0.2114726000,0.1133886000,0.9707844000,True,1.0000000000,4.2139740000,0.0339679100,-0.0066354830,-0.0259120200,0.2341024000,0.1126719000,0.9656610000,-0.0034150850,-0.0045999760,-0.0262981600,0.2209803000,0.1130842000,0.9687000000,0.0000000000,,
26.0833300000,3973168,True,1.0000000000,3.8923490000,-0.0304605400,-0.0031355290,-0.0265623900,0.2035692000,0.1090402000,0.9729696000,True,1.0000000000,4.1845550000,0.0339305900,-0.0066407170,-0.0258821400,0.2316140000,0.0954593500,0.9681128000,-0.0047345430,-0.0045359500,-0.0262906200,0.2148008000,0.1036391000,0.9711434000,0.0000000000,,
26.0833300000,3973176,True,1.0000000000,3.8747860000,-0.0304883100,-0.0031349640,-0.0265573400,0.2001657000,0.1112676000,0.9734235000,True,1.0000000000,4.2145390000,0.0338978900,-0.0066360630,-0.0258828400,0.2313246000,0.1012274000,0.9675960000,-0.0046793060,-0.0045383610,-0.0262869700,0.2126794000,0.1072552000,0.9712177000,0.0000000000,,
26.1000000000,3973185,True,1.0000000000,3.8339540000,-0.0305266300,-0.0031522370,-0.0265418300,0.1956051000,0.1099411000,0.9745007000,True,1.0000000000,4.2444760000,0.0339013800,-0.0066668250,-0.0258946700,0.2162804000,0.1087506000,0.9702557000,-0.0050695350,-0.0045409390,-0.0262861200,0.2037826000,0.1094673000,0.9728770000,0.0000000000,,
26.1000000000,3973193,True,1.0000000000,3.8702550000,-0.0305690500,-0.0031659550,-0.0265277600,0.1988707000,0.1049057000,0.9743948000,True,1.0000000000,4.2252500000,0.0338761600,-0.0066695560,-0.0258949100,0.2155026000,0.1114669000,0.9701205000,-0.0026019590,-0.0046864020,-0.0262531300,0.2060888000,0.1077595000,0.9725817000,0.0000000000,,
26.1166700000,3973201,True,1.0000000000,3.9494930000,-0.0306215200,-0.0031871800,-0.0265257100,0.2005334000,0.1112074000,0.9733546000,True,1.0000000000,4.2385860000,0.0338373400,-0.0067128300,-0.0258902400,0.2109715000,0.1161518000,0.9705667000,0.0011738130,-0.0049262550,-0.0262122500,0.2056761000,0.1136491000,0.9719986000,0.0000000000,,
26.1333400000,3973210,True,1.0000000000,3.8483890000,-0.0306498700,-0.0031936650,-0.0265174600,0.1921550000,0.1143806000,0.9746761000,True,1.0000000000,4.1697690000,0.0338078000,-0.0067160950,-0.0258880200,0.2106800000,0.1164867000,0.9705899000,0.0028376470,-0.0050236670,-0.0261904500,0.2017829000,0.1154789000,0.9725987000,0.0000000000,,
26.1333400000,3973218,True,1.0000000000,3.9102020000,-0.0306763500,-0.0032054600,-0.0265088500,0.1904614000,0.1148689000,0.9749510000,True,1.0000000000,4.2630770000,0.0337863900,-0.0067263800,-0.0258729900,0.2055067000,0.1112526000,0.9723116000,0.0039230350,-0.0050952610,-0.0261675600,0.1985487000,0.1129311000,0.9735630000,0.0000000000,,
26.1500000000,3973226,True,1.0000000000,3.9240420000,-0.0306988700,-0.0032074280,-0.0264699000,0.1835660000,0.1012131000,0.9777829000,True,1.0000000000,4.2548220000,0.0337676600,-0.0067394870,-0.0258667000,0.1934698000,0.1132223000,0.9745513000,0.0047743990,-0.0051509710,-0.0261379900,0.1890271000,0.1078193000,0.9760347000,0.0000000000,,
26.1500000000,3973235,True,1.0000000000,3.8833620000,-0.0307275100,-0.0032180330,-0.0264589200,0.1790632000,0.1038673000,0.9783394000,True,1.0000000000,4.1812440000,0.0337508100,-0.0067516640,-0.0258623700,0.1989454000,0.1083229000,0.9740056000,0.0052900090,-0.0051919100,-0.0261256900,0.1901714000,0.1063544000,0.9759732000,0.0000000000,,
26.1666700000,3973243,True,1.0000000000,3.8696440000,-0.0307523500,-0.0032243810,-0.0264569400,0.1824206000,0.1020060000,0.9779149000,True,1.0000000000,4.3103490000,0.0337346500,-0.0067528380,-0.0258699200,0.1963370000,0.1193403000,0.9732470000,0.0061315310,-0.0052425230,-0.0261211900,0.1904010000,0.1119243000,0.9753053000,0.0000000000,,
26.1666700000,3973251,True,1.0000000000,3.8857730000,-0.0307792700,-0.0032355350,-0.0264384800,0.1709615000,0.1073469000,0.9794125000,True,1.0000000000,4.3521120000,0.0337174200,-0.0067605750,-0.0258585100,0.1908442000,0.1159836000,0.9747442000,0.0068528290,-0.0052922980,-0.0261000800,0.1825744000,0.1123981000,0.9767463000,0.0000000000,,
26.1833300000,3973260,True,1.0000000000,3.8943020000,-0.0307973500,-0.0032436370,-0.0264229100,0.1722579000,0.1047219000,0.9794695000,True,1.0000000000,4.3570400000,0.0336931900,-0.0067596900,-0.0258492100,0.1813668000,0.1162420000,0.9765213000,0.0070738530,-0.0053083960,-0.0260860200,0.1776143000,0.1114972000,0.9777635000,0.0000000000,,
26.1833300000,3973268,True,1.0000000000,3.9374080000,-0.0308272000,-0.0032526860,-0.0263912800,0.1696199000,0.1050740000,0.9798921000,True,1.0000000000,4.2565610000,0.0336683200,-0.0067570650,-0.0258372100,0.1835493000,0.1088417000,0.9769663000,0.0072612310,-0.0053222350,-0.0260640700,0.1778580000,0.1073008000,0.9781887000,0.0000000000,,
26.2000000000,3973276,True,1.0000000000,3.8914490000,-0.0308588400,-0.0032595370,-0.0263785300,0.1681219000,0.1074528000,0.9798923000,True,1.0000000000,4.2524720000,0.0336411100,-0.0067539220,-0.0258288600,0.1780109000,0.1093762000,0.9779310000,0.0072717900,-0.0053253180,-0.0260535700,0.1739685000,0.1085835000,0.9787465000,0.0000000000,,
26.2000000000,3973285,True,1.0000000000,3.9381560000,-0.0308976000,-0.0032664190,-0.0263620000,0.1665054000,0.1093455000,0.9799590000,True,1.0000000000,4.2464140000,0.0336097100,-0.0067522740,-0.0258235600,0.1760589000,0.1111011000,0.9780899000,0.0076763460,-0.0053508760,-0.0260400300,0.1722112000,0.1103977000,0.9788542000,0.0000000000,,
26.2166700000,3973293,True,1.0000000000,3.9237060000,-0.0309354000,-0.0032663730,-0.0263628400,0.1673748000,0.1096809000,0.9797733000,True,1.0000000000,4.3602910000,0.0335783300,-0.0067543640,-0.0258020500,0.1630560000,0.1096653000,0.9805031000,0.0070269010,-0.0053188330,-0.0260328500,0.1648421000,0.1096811000,0.9802026000,0.0000000000,,
26.2166700000,3973301,True,1.0000000000,3.8851930000,-0.0309671200,-0.0032986610,-0.0262652600,0.1610877000,0.1042485000,0.9814189000,True,1.0000000000,4.3074490000,0.0335607800,-0.0067596130,-0.0258013500,0.1595925000,0.1111914000,0.9809009000,0.0087798770,-0.0054304960,-0.0259795100,0.1601733000,0.1085217000,0.9811053000,0.0000000000,,
26.2333400000,3973310,True,1.0000000000,3.9175720000,-0.0310105000,-0.0033002780,-0.0262773300,0.1594408000,0.1120312000,0.9808301000,True,1.0000000000,4.2902220000,0.0335353400,-0.0067539980,-0.0257962300,0.1616836000,0.1130992000,0.9803402000,0.0096328890,-0.0054750210,-0.0259744000,0.1608444000,0.1127025000,0.9805239000,0.0000000000,,
26.2333400000,3973318,True,1.0000000000,3.9969330000,-0.0310815700,-0.0033276520,-0.0262346200,0.1618362000,0.1116801000,0.9804778000,True,1.0000000000,4.2590640000,0.0335367600,-0.0067691350,-0.0257926000,0.1629663000,0.1066605000,0.9808494000,0.0120816200,-0.0056264650,-0.0259393600,0.1625999000,0.1083389000,0.9807262000,0.0000000000,,
26.2333400000,3973326,True,1.0000000000,4.0362550000,-0.0311448400,-0.0034051970,-0.0260529000,0.1542380000,0.1094986000,0.9819474000,True,1.0000000000,4.3089140000,0.0335173800,-0.0067657930,-0.0257701400,0.1486224000,0.1075452000,0.9830287000,0.0210398300,-0.0061173100,-0.0258246900,0.1497049000,0.1079108000,0.9828243000,0.0000000000,,
26.2500000000,3973335,True,1.0000000000,4.0723720000,-0.0311874200,-0.0033133390,-0.0262932300,0.1515204000,0.1064916000,0.9827009000,True,1.0000000000,4.3066410000,0.0335058600,-0.0067538000,-0.0257669700,0.1456152000,0.1096196000,0.9832496000,0.0184253500,-0.0059517980,-0.0258896500,0.1469906000,0.1088887000,0.9831262000,0.0000000000,,
26.2666700000,3973343,True,1.0000000000,3.9689940000,-0.0312314500,-0.0030193790,-0.0271129900,0.1379252000,0.1009682000,0.9852827000,True,1.0000000000,4.3687130000,0.0334328200,-0.0067650460,-0.0257841700,0.1460122000,0.1242377000,0.9814507000,0.0313899900,-0.0066467140,-0.0258261400,0.1457540000,0.1235064000,0.9815814000,0.0000000000,,
26.2666700000,3973351,True,1.0000000000,3.9626620000,-0.0313381700,-0.0027812350,-0.0276006800,0.1156934000,0.0823678600,0.9898639000,True,1.0000000000,4.2843930000,0.0333107500,-0.0067284850,-0.0257885800,0.1552908000,0.1254442000,0.9798716000,0.0333058800,-0.0067281960,-0.0257887100,0.1552911000,0.1254292000,0.9798736000,0.0000000000,,
26.2833300000,3973360,True,0.9035605000,3.7858730000,-0.0314052400,-0.0023899080,-0.0285564000,0.1005865000,0.0545962600,0.9934292000,True,0.6245172000,3.9391630000,0.0332727100,-0.0066177680,-0.0257603900,0.1392989000,0.0828255300,0.9867805000,0.0332727100,-0.0066177680,-0.0257603900,0.1392989000,0.0828255300,0.9867805000,0.0000000000,,
26.2833300000,3973368,True,0.9035605000,3.1416170000,-0.0314777700,-0.0024172980,-0.0282179400,0.0984504200,-0.0423739700,0.9942394000,True,0.6245172000,3.9871670000,0.0332698400,-0.0064291540,-0.0257671700,0.1355448000,0.0685735000,0.9883953000,0.0332698400,-0.0064291540,-0.0257671700,0.1355448000,0.0685735000,0.9883953000,0.0000000000,,
26.2833300000,3973376,True,0.5859165000,-1.0000000000,-0.0315163700,-0.0023079380,-0.0283686100,0.0000000000,0.0000000000,0.0000000000,True,0.4015625000,-1.0000000000,0.0332533300,-0.0063813020,-0.0257901300,0.0000000000,0.0000000000,0.0000000000,0.0010000000,-0.0010000000,-0.0010000000,0.5773503000,-0.5773503000,-0.5773503000,0.0000000000,,
26.2833300000,3973385,True,0.5859165000,-1.0000000000,-0.0317479900,0.0010142520,-0.0424997400,0.0000000000,0.0000000000,0.0000000000,True,0.4015625000,-1.0000000000,0.0331997200,-0.0062750090,-0.0257521200,0.0000000000,0.0000000000,0.0000000000,0.0010000000,-0.0010000000,-0.0010000000,0.5773503000,-0.5773503000,-0.5773503000,0.0000000000,,
26.3166700000,3973393,True,0.2537880000,-1.0000000000,-0.0322719600,-0.0045621340,-0.0266573700,0.0000000000,0.0000000000,0.0000000000,True,0.3011144000,-1.0000000000,0.0328264500,-0.0063567200,-0.0292018100,0.0000000000,0.0000000000,0.0000000000,0.0010000000,-0.0010000000,-0.0010000000,0.5773503000,-0.5773503000,-0.5773503000,0.0000000000,,
26.3166700000,3973401,True,0.2537880000,-1.0000000000,-0.0322719600,-0.0045621340,-0.0266573700,0.0000000000,0.0000000000,0.0000000000,True,0.3011144000,-1.0000000000,0.0331953600,-0.0060700530,-0.0256856700,0.0000000000,0.0000000000,0.0000000000,0.0010000000,-0.0010000000,-0.0010000000,0.5773503000,-0.5773503000,-0.5773503000,0.0000000000,,
26.3333300000,3973410,True,0.0446213400,-1.0000000000,-0.0321646700,-0.0001238861,-0.0370329300,0.0000000000,0.0000000000,0.0000000000,True,0.1944777000,-1.0000000000,0.0331137900,-0.0061230470,-0.0257197100,0.0000000000,0.0000000000,0.0000000000,0.0010000000,-0.0010000000,-0.0010000000,0.5773503000,-0.5773503000,-0.5773503000,0.0000000000,,
26.3333300000,3973418,True,0.0446213400,-1.0000000000,-0.0317205100,-0.0023480380,-0.0279380800,0.0000000000,0.0000000000,0.0000000000,True,0.1944777000,-1.0000000000,0.0330885200,-0.0061635290,-0.0257222800,0.0000000000,0.0000000000,0.0000000000,0.0010000000,-0.0010000000,-0.0010000000,0.5773503000,-0.5773503000,-0.5773503000,0.0000000000,,
26.3500000000,3973426,True,0.2028769000,-1.0000000000,-0.0317022600,-0.0023530730,-0.0280891900,0.0000000000,0.0000000000,0.0000000000,True,0.3027279000,-1.0000000000,0.0330602000,-0.0062275850,-0.0257786300,0.0000000000,0.0000000000,0.0000000000,0.0010000000,-0.0010000000,-0.0010000000,0.5773503000,-0.5773503000,-0.5773503000,0.0000000000,,
26.3500000000,3973435,True,0.2028769000,-1.0000000000,-0.0317114700,-0.0024354250,-0.0280002000,0.0000000000,0.0000000000,0.0000000000,True,0.3027279000,-1.0000000000,0.0330208600,-0.0062486420,-0.0258524300,0.0000000000,0.0000000000,0.0000000000,0.0010000000,-0.0010000000,-0.0010000000,0.5773503000,-0.5773503000,-0.5773503000,0.0000000000,,
26.3666700000,3973443,True,0.4725439000,-1.0000000000,-0.0316937100,-0.0025919190,-0.0276460600,0.0000000000,0.0000000000,0.0000000000,True,0.4854525000,-1.0000000000,0.0329891700,-0.0063085330,-0.0258629300,0.0000000000,0.0000000000,0.0000000000,0.0010000000,-0.0010000000,-0.0010000000,0.5773503000,-0.5773503000,-0.5773503000,0.0000000000,,
26.3666700000,3973451,True,0.4725439000,-1.0000000000,-0.0317034800,-0.0028430640,-0.0270724200,0.0000000000,0.0000000000,0.0000000000,True,0.4854525000,4.3892970000,0.0329229000,-0.0063514410,-0.0258073300,0.0713505700,0.1040351000,0.9920110000,0.0329229000,-0.0063514410,-0.0258073300,0.0713505700,0.1040351000,0.9920110000,0.0000000000,,
26.3833400000,3973460,True,0.7605947000,4.1782380000,-0.0317150400,-0.0028621980,-0.0270658700,0.0614176500,0.0896163600,0.9940808000,True,0.5862783000,4.4777070000,0.0328882000,-0.0063880920,-0.0257667100,0.0633398900,0.1036540000,0.9925945000,0.0328882000,-0.0063880920,-0.0257667100,0.0633398900,0.1036540000,0.9925945000,0.0000000000,,
26.3833400000,3973468,True,0.7605947000,4.0968320000,-0.0317248600,-0.0027878720,-0.0274258000,0.0542761700,0.0903789000,0.9944274000,True,0.5862783000,4.4043120000,0.0328636200,-0.0063886110,-0.0258073000,0.0605170200,0.1001598000,0.9931293000,0.0328636200,-0.0063886110,-0.0258073000,0.0605170200,0.1001598000,0.9931293000,0.0000000000,,
26.4000000000,3973476,True,0.9745862000,4.1699220000,-0.0317646800,-0.0031478730,-0.0263818700,0.0644992400,0.0939030900,0.9934898000,True,0.6731479000,4.4287720000,0.0328516400,-0.0062965090,-0.0261849400,0.0488130500,0.0999606900,0.9937933000,0.0328516400,-0.0062965090,-0.0261849400,0.0488130500,0.0999606900,0.9937933000,0.0000000000,,
26.4000000000,3973484,True,0.9745862000,4.1126250000,-0.0317798300,-0.0031581730,-0.0264170100,0.0581973700,0.0891729000,0.9943144000,True,0.6731479000,4.4277950000,0.0328413200,-0.0062693330,-0.0263203900,0.0468147000,0.1067827000,0.9931797000,0.0328413200,-0.0062693330,-0.0263203900,0.0468147000,0.1067827000,0.9931797000,0.0000000000,,
26.4166700000,3973493,True,1.0000000000,4.1321260000,-0.0317840600,-0.0031887060,-0.0263897300,0.0498356700,0.0877235900,0.9948975000,True,1.0000000000,4.3234560000,0.0328220200,-0.0061806790,-0.0266418200,0.0388948700,0.0899815700,0.9951837000,0.0328204700,-0.0061806040,-0.0266418000,0.0389101000,0.0899815200,0.9951831000,0.0000000000,,
26.4166700000,3973501,True,1.0000000000,4.1450960000,-0.0317972600,-0.0031547850,-0.0265058900,0.0457308600,0.0809025800,0.9956724000,True,1.0000000000,4.3109740000,0.0328003700,-0.0063690340,-0.0260974300,0.0364382800,0.0960090800,0.9947132000,0.0327975200,-0.0063688970,-0.0260974400,0.0364382800,0.0960090800,0.9947132000,0.0000000000,,
26.4333300000,3973509,True,1.0000000000,4.1243900000,-0.0318266500,-0.0031620330,-0.0265390800,0.0465552300,0.0845654200,0.9953297000,True,1.0000000000,4.4085390000,0.0327756800,-0.0064149020,-0.0260396900,0.0355380200,0.0975960300,0.9945914000,0.0327670800,-0.0064144750,-0.0260397700,0.0355380200,0.0975960300,0.9945914000,0.0000000000,,
26.4333300000,3973518,True,1.0000000000,4.1069490000,-0.0318508900,-0.0031498260,-0.0266162300,0.0461431800,0.0813304000,0.9956185000,True,1.0000000000,4.3198090000,0.0327509300,-0.0065131690,-0.0258336600,0.0316166700,0.0952772600,0.9949486000,0.0325242600,-0.0065013730,-0.0258364100,0.0316621100,0.0952152000,0.9949531000,0.0000000000,,
26.4500000000,3973526,True,1.0000000000,4.1660310000,-0.0318705300,-0.0031628270,-0.0265757800,0.0443272000,0.0808876200,0.9957370000,True,1.0000000000,4.3450320000,0.0327337500,-0.0065855410,-0.0256804500,0.0313264700,0.0940251700,0.9950769000,0.0231269500,-0.0060765690,-0.0258135900,0.0332642600,0.0920718200,0.9951966000,0.0000000000,,
26.4500000000,3973534,True,1.0000000000,4.1627500000,-0.0318842300,-0.0031451110,-0.0266413400,0.0362706700,0.0750438300,0.9965203000,True,1.0000000000,4.2971650000,0.0327116500,-0.0066387940,-0.0255463700,0.0315709000,0.1042648000,0.9940484000,-0.0135658900,-0.0041358640,-0.0263308300,0.0349430700,0.0833445600,0.9959080000,0.0000000000,,
26.4666700000,3973543,True,1.0000000000,4.1572420000,-0.0318887900,-0.0031477210,-0.0266304900,0.0340124000,0.0805372100,0.9961711000,True,1.0000000000,4.3334200000,0.0327006400,-0.0066864320,-0.0254130900,0.0300602400,0.1028152000,0.9942462000,-0.0308015600,-0.0032072910,-0.0266100000,0.0339509000,0.0809175900,0.9961424000,0.0000000000,,
26.4666700000,3973551,True,1.0000000000,4.1489720000,-0.0318933600,-0.0031503450,-0.0266196400,0.0317996200,0.0811470100,0.9961947000,True,1.0000000000,4.3946080000,0.0327081500,-0.0065728000,-0.0257567300,0.0184328700,0.0980695900,0.9950088000,-0.0318252600,-0.0031539460,-0.0266187300,0.0317843300,0.0811622100,0.9961939000,0.0000000000,,
26.4833400000,3973559,True,1.0000000000,4.1549680000,-0.0318990200,-0.0031660920,-0.0265678000,0.0330966000,0.0798804400,0.9962548000,True,1.0000000000,4.4100950000,0.0326961100,-0.0065396880,-0.0258457700,0.0179140300,0.0986492300,0.9949610000,-0.0318167100,-0.0031703950,-0.0265668800,0.0330812700,0.0799108100,0.9962530000,0.0000000000,,
26.4833400000,3973568,True,1.0000000000,4.1918490000,-0.0319247000,-0.0032203980,-0.0263951000,0.0313724400,0.0793924200,0.9963496000,True,1.0000000000,4.3622890000,0.0326923400,-0.0065367890,-0.0258598200,0.0153810900,0.0952925600,0.9953305000,-0.0314494600,-0.0032447820,-0.0263911600,0.0312501900,0.0795140200,0.9963438000,0.0000000000,,
26.5000000000,3973576,True,1.0000000000,4.0702820000,-0.0319319900,-0.0032342680,-0.0263548000,0.0277407100,0.0800177700,0.9964073000,True,1.0000000000,4.4051970000,0.0326885700,-0.0065338900,-0.0258738900,0.0184936900,0.0947115000,0.9953330000,-0.0263851500,-0.0035175020,-0.0263135200,0.0269471300,0.0812839000,0.9963267000,0.0000000000,,
26.5000000000,3973584,True,1.0000000000,4.1363530000,-0.0319353800,-0.0032386480,-0.0263468000,0.0231171200,0.0802309100,0.9965082000,True,1.0000000000,4.4142460000,0.0326828500,-0.0065367890,-0.0258722400,0.0193481800,0.0945436400,0.9953327000,-0.0172016200,-0.0039906620,-0.0262385900,0.0222628600,0.0834971800,0.9962593000,0.0000000000,,
26.5000000000,3973593,True,1.0000000000,4.1474000000,-0.0319387700,-0.0032430270,-0.0263388100,0.0182039000,0.0798957600,0.9966370000,True,1.0000000000,4.4049840000,0.0326771100,-0.0065396880,-0.0258738900,0.0203248400,0.0947729400,0.9952914000,-0.0023416600,-0.0047530520,-0.0261258400,0.0191650500,0.0867157700,0.9960487000,0.0000000000,,
26.5166700000,3973601,True,1.0000000000,4.1641390000,-0.0319467500,-0.0032682500,-0.0262692100,0.0201113500,0.0803385900,0.9965647000,True,1.0000000000,4.4141240000,0.0326719200,-0.0065399630,-0.0258790000,0.0185549100,0.0950786400,0.9952968000,0.0024811400,-0.0050113680,-0.0260613100,0.0192872200,0.0881963100,0.9959164000,0.0000000000,,
26.5333300000,3973609,True,1.0000000000,4.1809690000,-0.0319547400,-0.0032934720,-0.0261996000,0.0220186500,0.0808266000,0.9964849000,True,1.0000000000,4.4231570000,0.0326667500,-0.0065402380,-0.0258738900,0.0168153300,0.0946358300,0.9953699000,0.0092581640,-0.0053641210,-0.0259918700,0.0187074800,0.0896311000,0.9957993000,0.0000000000,,
26.5333300000,3973618,True,1.0000000000,4.1698910000,-0.0319617900,-0.0033141330,-0.0261816600,0.0188446700,0.0846255400,0.9962346000,True,1.0000000000,4.4235840000,0.0326608600,-0.0065409240,-0.0258722400,0.0165102200,0.0944836500,0.9953895000,0.0173339800,-0.0057756200,-0.0259456200,0.0170594800,0.0921486500,0.9955991000,0.0000000000,,
26.5500000000,3973626,True,1.0000000000,4.1732030000,-0.0319688400,-0.0033347780,-0.0261815400,0.0157471000,0.0882569800,0.9959733000,True,1.0000000000,4.4235080000,0.0326549600,-0.0065416260,-0.0258706100,0.0161896600,0.0942998000,0.9954122000,0.0255550700,-0.0061893010,-0.0259047600,0.0161439300,0.0936287000,0.9954762000,0.0000000000,,
26.5500000000,3973634,True,1.0000000000,4.1803280000,-0.0319718300,-0.0033349760,-0.0261817500,0.0163727700,0.0891270900,0.9958857000,True,1.0000000000,4.4241790000,0.0326503800,-0.0065456240,-0.0258581900,0.0144196000,0.0939639100,0.9954712000,0.0243077300,-0.0061311340,-0.0258999500,0.0146638800,0.0933391800,0.9955264000,0.0000000000,,
26.5666700000,3973643,True,1.0000000000,4.1869510000,-0.0319748300,-0.0033351600,-0.0261819800,0.0169830600,0.0899049400,0.9958056000,True,1.0000000000,4.4234470000,0.0326457800,-0.0065496220,-0.0258457700,0.0126496500,0.0935067200,0.9955383000,0.0190668200,-0.0058741460,-0.0259164100,0.0135651500,0.0927587400,0.9955962000,0.0000000000,,
26.5666700000,3973651,True,1.0000000000,4.1963350000,-0.0319817400,-0.0033354040,-0.0261820700,0.0162201400,0.0893557200,0.9958677000,True,1.0000000000,4.4268190000,0.0326343300,-0.0065749210,-0.0258116000,0.0138702700,0.0966036200,0.9952263000,0.0153616300,-0.0057089540,-0.0259106300,0.0144960200,0.0946666300,0.9954035000,0.0000000000,,
26.5666700000,3973659,True,1.0000000000,4.2059330000,-0.0319886300,-0.0033356480,-0.0261819900,0.0154572600,0.0887610100,0.9959331000,True,1.0000000000,4.4305880000,0.0326228700,-0.0066002350,-0.0257774400,0.0151062400,0.0996706300,0.9949058000,0.0094370580,-0.0054287420,-0.0259226100,0.0152283100,0.0957644000,0.9952875000,0.0000000000,,
26.5833300000,3973668,True,1.0000000000,4.2098690000,-0.0319960200,-0.0033354040,-0.0261820700,0.0166475900,0.0894789100,0.9958496000,True,1.0000000000,4.4265900000,0.0326174900,-0.0065750890,-0.0258116000,0.0098877760,0.0956123600,0.9953695000,0.0029583740,-0.0050879980,-0.0259816600,0.0129853700,0.0927897100,0.9956011000,0.0000000000,,
26.6000000000,3973676,True,1.0000000000,4.2057040000,-0.0320034000,-0.0033351600,-0.0261821400,0.0178071000,0.0886845400,0.9959006000,True,1.0000000000,4.4221950000,0.0326121400,-0.0065506290,-0.0258270400,0.0046997320,0.0905003500,0.9958854000,-0.0023984530,-0.0048083960,-0.0260194400,0.0117951100,0.0895085600,0.9959162000,0.0000000000,,
26.6000000000,3973684,True,1.0000000000,4.2095180000,-0.0320082700,-0.0033349760,-0.0261894100,0.0150453500,0.0897990500,0.9958463000,True,1.0000000000,4.4279020000,0.0325991200,-0.0065952460,-0.0257774400,0.0057373590,0.0967263800,0.9952945000,-0.0054058540,-0.0046774140,-0.0260197800,0.0112153700,0.0926527200,0.9956353000,0.0000000000,,
26.6166700000,3973693,True,1.0000000000,4.2126310000,-0.0320131300,-0.0033347780,-0.0261966900,0.0122987100,0.0895547900,0.9959059000,True,1.0000000000,4.4287720000,0.0325887900,-0.0066002350,-0.0257616400,0.0042572590,0.0966047000,0.9953137000,-0.0059647680,-0.0046514590,-0.0260212700,0.0090485980,0.0923933500,0.9956815000,0.0000000000,,
26.6166700000,3973701,True,1.0000000000,4.2125850000,-0.0320205100,-0.0033351600,-0.0261821400,0.0134889700,0.0886548700,0.9959711000,True,1.0000000000,4.4288020000,0.0325803200,-0.0066014100,-0.0257527800,0.0005340663,0.0957199600,0.9954082000,-0.0060426330,-0.0046486210,-0.0260094900,0.0082703740,0.0914929300,0.9957714000,0.0000000000,,
26.6166700000,3973709,True,1.0000000000,4.2127230000,-0.0320290300,-0.0033356480,-0.0261819900,0.0097198910,0.0885776600,0.9960219000,True,1.0000000000,4.3936920000,0.0325796800,-0.0066065370,-0.0257457700,-0.0036163380,0.0954896400,0.9954239000,-0.0061151280,-0.0046475680,-0.0260070400,0.0043640360,0.0913548200,0.9958088000,0.0000000000,,
26.6333400000,3973718,True,1.0000000000,4.2252350000,-0.0320351600,-0.0033381350,-0.0261819800,0.0099640450,0.0890507900,0.9959773000,True,1.0000000000,4.3923950000,0.0325741000,-0.0066065370,-0.0257457700,-0.0027618680,0.0938272100,0.9955847000,-0.0052794800,-0.0046916350,-0.0260013400,0.0046844590,0.0910341500,0.9958367000,0.0000000000,,
26.6333400000,3973726,True,1.0000000000,4.2339320000,-0.0320424500,-0.0033381350,-0.0261819800,0.0076294380,0.0892796900,0.9959774000,True,1.0000000000,4.3920750000,0.0325706500,-0.0066065370,-0.0257457700,-0.0021362470,0.0932166500,0.9956436000,-0.0039854430,-0.0047573700,-0.0259925700,0.0033874910,0.0909892300,0.9958461000,0.0000000000,,
26.6500000000,3973734,True,1.0000000000,4.2398070000,-0.0320511600,-0.0033405610,-0.0261819800,0.0021972720,0.0901186500,0.9959286000,True,1.0000000000,4.3852080000,0.0325682200,-0.0066065370,-0.0257457700,-0.0050507010,0.0926063600,0.9956900000,-0.0035466610,-0.0047812200,-0.0259895600,-0.0009918326,0.0912180800,0.9958304000,0.0000000000,,
26.6666700000,3973743,True,1.0000000000,4.2393950000,-0.0320638500,-0.0033420260,-0.0261819800,0.0028534080,0.0900731000,0.9959311000,True,1.0000000000,4.3840330000,0.0325593600,-0.0066065370,-0.0257457700,-0.0082856190,0.0916758800,0.9957544000,-0.0036112060,-0.0047793430,-0.0259899300,-0.0020446840,0.0907900800,0.9958680000,0.0000000000,,
26.6666700000,3973751,True,1.0000000000,4.2395780000,-0.0320750100,-0.0033424530,-0.0261819800,0.0049438670,0.0901645400,0.9959146000,True,1.0000000000,4.3759310000,0.0325436600,-0.0066044620,-0.0257457700,-0.0142670500,0.0908360800,0.9957637000,-0.0023078610,-0.0048451240,-0.0259810400,-0.0039062890,0.0904855300,0.9958901000,0.0000000000,,
26.6833300000,3973759,True,1.0000000000,4.2393800000,-0.0320886700,-0.0033464360,-0.0261400300,-0.0028076600,0.0877393800,0.9961395000,True,1.0000000000,4.3765560000,0.0325316200,-0.0066044620,-0.0258009800,-0.0123750700,0.0946059700,0.9954379000,-0.0008646699,-0.0049206850,-0.0259762000,-0.0074311300,0.0910656800,0.9958172000,0.0000000000,,
26.6833300000,3973768,True,1.0000000000,4.2433470000,-0.0321001100,-0.0033756720,-0.0260705300,-0.0003662112,0.0896607000,0.9959723000,True,1.0000000000,4.3825530000,0.0325208200,-0.0066044620,-0.0258009800,-0.0130311200,0.0929725900,0.9955834000,0.0019615940,-0.0050775610,-0.0259284400,-0.0070344140,0.0914016100,0.9957893000,0.0000000000,,
26.7000000000,3973776,True,1.0000000000,4.2449650000,-0.0321107800,-0.0033941190,-0.0260705300,0.0007476861,0.0924231600,0.9957195000,True,1.0000000000,4.3890690000,0.0325101200,-0.0066044620,-0.0258009800,-0.0115509400,0.0930636300,0.9955932000,0.0038828430,-0.0051822670,-0.0259203800,-0.0060882610,0.0927887600,0.9956672000,0.0000000000,,
26.7000000000,3973784,True,1.0000000000,4.2445980000,-0.0321165000,-0.0033941190,-0.0260705300,0.0008392418,0.0923928900,0.9957222000,True,1.0000000000,4.3900300000,0.0325000000,-0.0066044620,-0.0258020200,-0.0103455100,0.0931858700,0.9955950000,0.0053849790,-0.0052573090,-0.0259146900,-0.0056458240,0.0928509200,0.9956640000,0.0000000000,,
26.7166700000,3973793,True,1.0000000000,4.2430570000,-0.0321180300,-0.0033941190,-0.0260705300,-0.0020752220,0.0920116900,0.9957557000,True,1.0000000000,4.3907010000,0.0324899100,-0.0066065370,-0.0258009800,-0.0162201700,0.0934910300,0.9954880000,0.0067079010,-0.0053246160,-0.0259085400,-0.0105744900,0.0928968300,0.9956196000,0.0000000000,,
26.7166700000,3973801,True,1.0000000000,4.2447660000,-0.0321218100,-0.0033944860,-0.0260690000,-0.0067902490,0.0919506500,0.9957404000,True,1.0000000000,4.3918760000,0.0324817700,-0.0066084750,-0.0257937600,-0.0153963100,0.0928966600,0.9955567000,0.0076027220,-0.0053707580,-0.0258997500,-0.0120851500,0.0925307600,0.9956365000,0.0000000000,,
26.7166700000,3973809,True,1.0000000000,4.2452550000,-0.0321228100,-0.0033984830,-0.0260650000,-0.0085144880,0.0924996900,0.9956763000,True,1.0000000000,4.4206090000,0.0324763800,-0.0066094510,-0.0257937600,-0.0149842400,0.0930182600,0.9955516000,0.0075480350,-0.0053703620,-0.0258984200,-0.0124818700,0.0928205500,0.9956046000,0.0000000000,,
26.7333400000,3973818,True,1.0000000000,4.2463230000,-0.0321262100,-0.0033984830,-0.0260650000,-0.0094910410,0.0940559100,0.9955217000,True,1.0000000000,4.4205780000,0.0324759500,-0.0066094510,-0.0257937600,-0.0197451600,0.0930341700,0.9954671000,0.0064419860,-0.0053154600,-0.0259030600,-0.0156097900,0.0934451400,0.9955021000,0.0000000000,,
26.7500000000,3973826,True,1.0000000000,4.2626190000,-0.0321269100,-0.0033984830,-0.0260593600,-0.0103913200,0.0937965300,0.9955372000,True,1.0000000000,4.4299770000,0.0324736900,-0.0066094510,-0.0257937600,-0.0211030200,0.0931554300,0.9954280000,0.0045852200,-0.0052232510,-0.0259084200,-0.0164795900,0.0934301300,0.9954895000,0.0000000000,,
26.7500000000,3973834,True,1.0000000000,4.2670140000,-0.0321294000,-0.0033984830,-0.0260553500,-0.0101929000,0.0943605900,0.9954859000,True,1.0000000000,4.4385530000,0.0324707000,-0.0066094510,-0.0257937600,-0.0213472600,0.0932168700,0.9954169000,0.0018261110,-0.0050862430,-0.0259178500,-0.0160524400,0.0937663800,0.9954648000,0.0000000000,,
26.7666700000,3973843,True,1.0000000000,4.2810360000,-0.0321325500,-0.0033944860,-0.0260593600,-0.0122530000,0.0943007800,0.9954684000,True,1.0000000000,4.4488070000,0.0324674400,-0.0066121680,-0.0257785800,-0.0247042100,0.0928811200,0.9953707000,0.0005133820,-0.0050205540,-0.0259174700,-0.0185547100,0.0935822500,0.9954386000,0.0000000000,,
26.7666700000,3973851,True,1.0000000000,4.2810820000,-0.0321325500,-0.0033941190,-0.0260593600,-0.0166169600,0.0941932700,0.9954152000,True,1.0000000000,4.6237030000,0.0324828200,-0.0066885230,-0.0255029200,-0.0295108000,0.0922861000,0.9952951000,-0.0113631400,-0.0044530490,-0.0258805100,-0.0207672800,0.0935824400,0.9953949000,0.0000000000,,
26.7833300000,3973859,True,1.0000000000,4.3709110000,-0.0320617700,-0.0032429960,-0.0264795400,-0.0034790290,0.0896918000,0.9959635000,True,1.0000000000,4.5511470000,0.0325444200,-0.0066419070,-0.0255907300,-0.0085449950,0.0838935400,0.9964380000,-0.0015251770,-0.0048495180,-0.0260594300,-0.0058746950,0.0869454900,0.9961957000,0.0000000000,,
26.7833300000,3973868,True,1.0000000000,4.3780210000,-0.0319862600,-0.0034338380,-0.0259114200,0.0152894900,0.0914317900,0.9956940000,True,1.0000000000,4.6138920000,0.0326131600,-0.0066012120,-0.0257582100,-0.0005340655,0.0906843200,0.9958795000,0.0006490326,-0.0050339820,-0.0258340300,0.0072938160,0.0910506300,0.9958196000,0.0000000000,,
26.7833300000,3973876,True,1.0000000000,4.3462830000,-0.0319591800,-0.0033999180,-0.0259540000,0.0081941000,0.1019914000,0.9947516000,True,1.0000000000,4.4710690000,0.0326327500,-0.0066337440,-0.0257406900,0.0001525891,0.0922553600,0.9957353000,0.0026627960,-0.0051332860,-0.0258396600,0.0038910450,0.0967725900,0.9952989000,0.0000000000,,
26.8000000000,3973884,True,1.0000000000,4.4292450000,-0.0319680600,-0.0033923650,-0.0259565000,0.0107728100,0.1018077000,0.9947458000,True,1.0000000000,4.4875340000,0.0326270000,-0.0066258400,-0.0257217000,0.0007019116,0.0908975500,0.9958600000,0.0043860630,-0.0052121580,-0.0258243600,0.0051117340,0.0956733600,0.9953997000,0.0000000000,,
26.8166700000,3973893,True,1.0000000000,4.3050990000,-0.0319762800,-0.0033954470,-0.0259536700,0.0104828600,0.0999152200,0.9949407000,True,1.0000000000,4.5042420000,0.0326221800,-0.0066296850,-0.0257406900,0.0009613156,0.0917064500,0.9957856000,0.0084124760,-0.0054175880,-0.0258205100,0.0045318780,0.0947879600,0.9954872000,0.0000000000,,
26.8166700000,3973901,True,1.0000000000,4.3655550000,-0.0319844800,-0.0033985290,-0.0259508700,0.0115052700,0.1000531000,0.9949156000,True,1.0000000000,4.5120850000,0.0326217000,-0.0066317140,-0.0257217000,0.0001983672,0.0910200300,0.9958491000,0.0132997300,-0.0056647650,-0.0257902400,0.0035858220,0.0937196700,0.9955922000,0.0000000000,,
26.8333300000,3973909,True,1.0000000000,4.3538060000,-0.0319879500,-0.0034077150,-0.0259391600,0.0105896800,0.0982063400,0.9951097000,True,1.0000000000,4.5201260000,0.0326212300,-0.0066297460,-0.0257038700,-0.0005340622,0.0894020100,0.9959955000,0.0167491800,-0.0058382110,-0.0257616800,0.0021820240,0.0915687100,0.9957963000,0.0000000000,,
26.8333300000,3973918,True,1.0000000000,4.3423610000,-0.0319914000,-0.0034169160,-0.0259399100,0.0096436890,0.0971540700,0.9952226000,True,1.0000000000,4.5191960000,0.0326176200,-0.0066317450,-0.0257032900,-0.0000610357,0.0897377500,0.9959654000,0.0185555300,-0.0059320380,-0.0257547900,0.0020447030,0.0913555100,0.9958162000,0.0000000000,,
26.8500000000,3973926,True,1.0000000000,4.3180390000,-0.0319940800,-0.0034130560,-0.0259453900,0.0094605710,0.0981152800,0.9951301000,True,1.0000000000,4.5208890000,0.0326139900,-0.0066337440,-0.0257027000,0.0003662138,0.0900885900,0.9959337000,0.0182635800,-0.0059183810,-0.0257566100,0.0023956530,0.0918740600,0.9957677000,0.0000000000,,
26.8500000000,3973934,True,1.0000000000,4.3418270000,-0.0319967500,-0.0034091800,-0.0259508700,0.0096740890,0.0961763100,0.9953173000,True,1.0000000000,4.5319520000,0.0326104100,-0.0066437840,-0.0256249700,0.0002288829,0.0849155400,0.9963881000,0.0200262000,-0.0060137480,-0.0256884500,0.0020752180,0.0871133800,0.9961962000,0.0000000000,,
26.8666700000,3973943,True,1.0000000000,4.3514250000,-0.0320006300,-0.0034038550,-0.0259536700,0.0088654710,0.0955059900,0.9953894000,True,1.0000000000,4.5431670000,0.0326068400,-0.0066538090,-0.0255472300,0.0001068124,0.0796973100,0.9968191000,-0.0080603640,-0.0046081240,-0.0258030700,0.0056153210,0.0896620200,0.9959564000,0.0000000000,,
26.8666700000,3973951,True,1.0000000000,4.3614500000,-0.0320045200,-0.0033985290,-0.0259565000,0.0080566720,0.0943912400,0.9955026000,True,1.0000000000,4.5499110000,0.0326056400,-0.0066620180,-0.0255838600,-0.0018005470,0.0836186400,0.9964962000,-0.0123299600,-0.0043923040,-0.0258430300,0.0050507040,0.0911110400,0.9958279000,0.0000000000,,
26.8833400000,3973959,True,1.0000000000,4.3512120000,-0.0320096300,-0.0034038550,-0.0259579000,0.0056152690,0.0951849100,0.9954438000,True,1.0000000000,4.5556030000,0.0326044500,-0.0066702120,-0.0255472300,-0.0035858460,0.0833442300,0.9965143000,-0.0156190000,-0.0042324370,-0.0258537300,0.0032806660,0.0921943500,0.9957356000,0.0000000000,,
26.8833400000,3973968,True,1.0000000000,4.3415830000,-0.0320147400,-0.0034091800,-0.0259565000,0.0031585800,0.0964358700,0.9953342000,True,1.0000000000,4.5662990000,0.0325970200,-0.0066733860,-0.0255398100,-0.0023803790,0.0832675000,0.9965244000,-0.0173352200,-0.0041508030,-0.0258618300,0.0019073520,0.0934450000,0.9956226000,0.0000000000,,
26.9000000000,3973976,True,1.0000000000,4.3307190000,-0.0320201700,-0.0034103550,-0.0259536700,0.0034637650,0.0965581800,0.9953213000,True,1.0000000000,4.5766300000,0.0325895700,-0.0066702120,-0.0255472300,-0.0012054620,0.0835278000,0.9965047000,-0.0162264600,-0.0042072300,-0.0258543200,0.0023193520,0.0933844100,0.9956275000,0.0000000000,,
26.9000000000,3973984,True,1.0000000000,4.3421940000,-0.0320256100,-0.0034115300,-0.0259508700,0.0039215650,0.0969252100,0.9952840000,True,1.0000000000,4.5796660000,0.0325859200,-0.0066620180,-0.0255817000,-0.0039826020,0.0847027800,0.9963983000,-0.0136007500,-0.0043384550,-0.0258455800,0.0016632120,0.0934450400,0.9956231000,0.0000000000,,
26.9166700000,3973993,True,1.0000000000,4.3538670000,-0.0320310100,-0.0034142300,-0.0259453900,0.0029296940,0.0984804500,0.9951347000,True,1.0000000000,4.5827330000,0.0325822800,-0.0066538090,-0.0256161700,-0.0067597110,0.0858315400,0.9962867000,-0.0105081200,-0.0044933470,-0.0258357200,-0.0002899177,0.0942690100,0.9955468000,0.0000000000,,
26.9166700000,3974001,True,1.0000000000,4.3658290000,-0.0320363900,-0.0034169160,-0.0259399100,0.0019378820,0.1001290000,0.9949726000,True,1.0000000000,4.5958100000,0.0325701200,-0.0066538090,-0.0255660700,-0.0056763500,0.0826122500,0.9965656000,-0.0068907020,-0.0046767580,-0.0257944200,-0.0010070960,0.0933089900,0.9956367000,0.0000000000,,
26.9333300000,3974009,True,1.0000000000,4.3445740000,-0.0320474400,-0.0034187010,-0.0259274600,0.0027923630,0.0994111700,0.9950425000,True,1.0000000000,4.5990600000,0.0325687300,-0.0066538090,-0.0255660700,-0.0084840100,0.0825512400,0.9965507000,-0.0030567320,-0.0048701630,-0.0257653200,-0.0022583300,0.0918438400,0.9957709000,0.0000000000,,
26.9333300000,3974018,True,1.0000000000,4.3661650000,-0.0320649600,-0.0034190670,-0.0259274300,-0.0043487970,0.0995798300,0.9950201000,True,1.0000000000,4.5997010000,0.0325492900,-0.0066538090,-0.0255660700,-0.0057526500,0.0825970600,0.9965664000,-0.0011177060,-0.0049683690,-0.0257543700,-0.0050201790,0.0914618600,0.9957959000,0.0000000000,,
26.9500000000,3974026,True,1.0000000000,4.4873660000,-0.0321287100,-0.0033686830,-0.0259843900,-0.0173952700,0.1006942000,0.9947653000,True,1.0000000000,4.6107030000,0.0325420100,-0.0066477360,-0.0256161700,-0.0143739900,0.0860761100,0.9961849000,-0.0016648560,-0.0049133150,-0.0258109300,-0.0159608400,0.0938119000,0.9954620000,0.0000000000,,
26.9500000000,3974034,True,1.0000000000,4.3001860000,-0.0321409200,-0.0033564000,-0.0260014700,-0.0235443500,0.0992585800,0.9947831000,True,1.0000000000,4.6104280000,0.0325335400,-0.0066477360,-0.0256161700,-0.0166626900,0.0861211100,0.9961454000,-0.0016931760,-0.0049059140,-0.0258200700,-0.0203097300,0.0930799100,0.9954515000,0.0000000000,,
26.9666700000,3974043,True,1.0000000000,4.3510130000,-0.0321472200,-0.0033522190,-0.0260131200,-0.0218354100,0.1002354000,0.9947242000,True,1.0000000000,4.6122890000,0.0325244500,-0.0066456910,-0.0256205100,-0.0170289200,0.0863958200,0.9961154000,-0.0005628968,-0.0049606790,-0.0258213800,-0.0195008900,0.0934761100,0.9954305000,0.0000000000,,
26.9666700000,3974051,True,1.0000000000,4.3470460000,-0.0321535200,-0.0033480230,-0.0260247800,-0.0205841900,0.1006474000,0.9947092000,True,1.0000000000,4.6176450000,0.0325192900,-0.0066395420,-0.0256286000,-0.0207063200,0.0873419000,0.9959632000,0.0012618870,-0.0050487060,-0.0258200800,-0.0206452200,0.0937656000,0.9953802000,0.0000000000,,
26.9833400000,3974059,True,1.0000000000,4.3336790000,-0.0321593800,-0.0033346410,-0.0260580600,-0.0235748500,0.0991059200,0.9947976000,True,1.0000000000,4.6197970000,0.0325073100,-0.0066285400,-0.0256484800,-0.0195925500,0.0902569600,0.9957258000,0.0036568450,-0.0051589970,-0.0258312100,-0.0213777500,0.0941933400,0.9953244000,0.0000000000,,
26.9833400000,3974068,True,1.0000000000,4.3432160000,-0.0321652400,-0.0033212590,-0.0260913400,-0.0264285700,0.0977948700,0.9948556000,True,1.0000000000,4.6239780000,0.0325056000,-0.0066272740,-0.0256829200,-0.0239106600,0.0972753300,0.9949703000,0.0054345400,-0.0052433930,-0.0258538800,-0.0249635000,0.0974888700,0.9949235000,0.0000000000,,
27.0000000000,3974076,True,1.0000000000,4.3343810000,-0.0321708500,-0.0033212430,-0.0260919800,-0.0266114200,0.0975345000,0.9948763000,True,1.0000000000,4.6237180000,0.0325006900,-0.0066170050,-0.0256951000,-0.0235444600,0.0965735000,0.9950473000,0.0048592990,-0.0052083590,-0.0258647300,-0.0248568700,0.0969707900,0.9949768000,0.0000000000,,
27.0000000000,3974084,True,1.0000000000,4.3262480000,-0.0321764800,-0.0033212590,-0.0260926200,-0.0267795200,0.0977032700,0.9948552000,True,1.0000000000,4.6251370000,0.0324973000,-0.0066164400,-0.0256973100,-0.0285035800,0.0983739600,0.9947413000,0.0041598660,-0.0051726230,-0.0258705200,-0.0277560000,0.0980844300,0.9947910000,0.0000000000,,
27.0166700000,3974093,True,1.0000000000,4.3262330000,-0.0321812300,-0.0033222960,-0.0260919800,-0.0283814200,0.0981295300,0.9947689000,True,1.0000000000,4.6248320000,0.0324904200,-0.0066135260,-0.0257087600,-0.0333408200,0.0984965600,0.9945787000,0.0029438170,-0.0051098630,-0.0258838400,-0.0310671900,0.0983285800,0.9946690000,0.0000000000,,
27.0166700000,3974101,True,1.0000000000,4.3264010000,-0.0321859800,-0.0033212590,-0.0260926200,-0.0299531400,0.0976414400,0.9947708000,True,1.0000000000,4.6249080000,0.0324784400,-0.0066125030,-0.0257087600,-0.0334781600,0.0989085800,0.9945332000,0.0008244477,-0.0050014040,-0.0258966500,-0.0317537900,0.0982826100,0.9946518000,0.0000000000,,
27.0166700000,3974109,True,1.0000000000,4.3348540000,-0.0321907200,-0.0033212430,-0.0260971200,-0.0322575700,0.0977340200,0.9946897000,True,1.0000000000,4.6215060000,0.0324658200,-0.0066102450,-0.0257087600,-0.0330508100,0.0983131800,0.9946065000,0.0006901245,-0.0049938510,-0.0258996100,-0.0326539500,0.0980228700,0.9946483000,0.0000000000,,
27.0333300000,3974118,True,1.0000000000,4.3263090000,-0.0321954700,-0.0033212280,-0.0261016200,-0.0346532400,0.0976882600,0.9946136000,True,1.0000000000,4.6076970000,0.0324558400,-0.0066100930,-0.0257087600,-0.0344849600,0.0989535200,0.9944944000,-0.0005741882,-0.0049298250,-0.0259094700,-0.0345765400,0.0982974800,0.9945562000,0.0000000000,,
27.0500000000,3974126,True,1.0000000000,4.3253330000,-0.0321992300,-0.0033146820,-0.0261188200,-0.0362402000,0.0972610600,0.9945989000,True,1.0000000000,4.6223140000,0.0324340100,-0.0066100930,-0.0257087600,-0.0316468600,0.0991215000,0.9945720000,-0.0007275391,-0.0049192970,-0.0259191400,-0.0339967600,0.0981755600,0.9945883000,0.0000000000,,
27.0500000000,3974134,True,1.0000000000,4.2994080000,-0.0322058000,-0.0032601010,-0.0263074700,-0.0447848000,0.0969243800,0.9942836000,True,1.0000000000,4.6289670000,0.0324115000,-0.0066138920,-0.0255324000,-0.0322880500,0.0897992400,0.9954364000,0.0011720730,-0.0049924930,-0.0259071000,-0.0383301300,0.0932465900,0.9949049000,0.0000000000,,
27.0666700000,3974143,True,1.0000000000,4.3932950000,-0.0321220300,-0.0033495790,-0.0260036800,-0.0164949700,0.1071334000,0.9941078000,True,1.0000000000,4.6333160000,0.0325038500,-0.0066367650,-0.0255871400,-0.0191956500,0.1057592000,0.9942065000,-0.0010495450,-0.0049300850,-0.0258034100,-0.0177917800,0.1064608000,0.9941577000,0.0000000000,,
27.0666700000,3974151,True,1.0000000000,4.4170990000,-0.0320588800,-0.0033438720,-0.0259629200,-0.0144807400,0.1095440000,0.9938765000,True,1.0000000000,4.5929720000,0.0325362400,-0.0065903630,-0.0256232300,-0.0135041100,0.1145789000,0.9933223000,-0.0011306460,-0.0048983000,-0.0258002800,-0.0140076800,0.1119546000,0.9936146000,0.0000000000,,
27.0833300000,3974159,True,1.0000000000,4.4758450000,-0.0320273700,-0.0032910920,-0.0260433500,-0.0039367900,0.1147773000,0.9933834000,True,1.0000000000,4.5609590000,0.0325507500,-0.0065492250,-0.0257181400,-0.0051880670,0.1134508000,0.9935300000,0.0006152649,-0.0049380040,-0.0258789700,-0.0045623970,0.1141057000,0.9934582000,0.0000000000,,
27.0833300000,3974168,True,1.0000000000,4.4241330000,-0.0320253400,-0.0032794650,-0.0260650200,-0.0026245290,0.1161202000,0.9932317000,True,1.0000000000,4.5840610000,0.0325652600,-0.0065080870,-0.0258130500,-0.0052490280,0.1130372000,0.9935769000,-0.0014677430,-0.0048069150,-0.0259458200,-0.0038604930,0.1146551000,0.9933978000,0.0000000000,,
27.1000000000,3974176,True,1.0000000000,4.3712920000,-0.0320273700,-0.0032910920,-0.0260433500,-0.0046539550,0.1136938000,0.9935049000,True,1.0000000000,4.5986020000,0.0325614600,-0.0065016180,-0.0258190900,-0.0088959080,0.1135869000,0.9934883000,-0.0024961240,-0.0047590030,-0.0259408100,-0.0065918940,0.1136491000,0.9934990000,0.0000000000,,
27.1000000000,3974184,True,1.0000000000,4.3782650000,-0.0320304300,-0.0032947240,-0.0260297700,-0.0057373590,0.1132060000,0.9935549000,True,1.0000000000,4.5853580000,0.0325576700,-0.0065070040,-0.0258130500,-0.0036621150,0.1152193000,0.9933333000,-0.0037979740,-0.0046988680,-0.0259350400,-0.0048218000,0.1140905000,0.9934586000,0.0000000000,,
27.1166700000,3974193,True,1.0000000000,4.3718110000,-0.0320335000,-0.0032983550,-0.0260162100,-0.0069122770,0.1127632000,0.9935978000,True,1.0000000000,4.5561520000,0.0325565000,-0.0065054020,-0.0258015200,-0.0065002750,0.1125341000,0.9936266000,-0.0063694000,-0.0045726320,-0.0259308900,-0.0067444040,0.1126712000,0.9936094000,0.0000000000,,
27.1166700000,3974201,True,1.0000000000,4.3735050000,-0.0320369900,-0.0033119660,-0.0259700600,-0.0075837280,0.1130540000,0.9935599000,True,1.0000000000,4.5765840000,0.0325553300,-0.0065070040,-0.0257899900,-0.0096436570,0.1134656000,0.9934951000,-0.0087365120,-0.0044645080,-0.0259051100,-0.0083313670,0.1131906000,0.9935384000,0.0000000000,,
27.1333400000,3974209,True,1.0000000000,4.3750150000,-0.0320404700,-0.0033255620,-0.0259239200,-0.0082550260,0.1129764000,0.9935634000,True,1.0000000000,4.5621490000,0.0325536200,-0.0065075380,-0.0257875400,-0.0102082500,0.1120619000,0.9936488000,-0.0110338300,-0.0043603820,-0.0258795600,-0.0088960040,0.1126878000,0.9935906000,0.0000000000,,
27.1333400000,3974218,True,1.0000000000,4.3731540000,-0.0320418000,-0.0033277280,-0.0259232200,-0.0110779300,0.1135259000,0.9934733000,True,1.0000000000,4.5474400000,0.0325519100,-0.0065080870,-0.0257850800,-0.0101471100,0.1106570000,0.9938069000,-0.0080705720,-0.0045079810,-0.0258719500,-0.0107270100,0.1124581000,0.9935986000,0.0000000000,,
27.1500000000,3974226,True,1.0000000000,4.3709260000,-0.0320431200,-0.0033298950,-0.0259225200,-0.0139007700,0.1140443000,0.9933784000,True,1.0000000000,4.5373080000,0.0325501000,-0.0065157470,-0.0257615500,-0.0099792740,0.1090091000,0.9939907000,0.0026216580,-0.0050396270,-0.0258361400,-0.0117952100,0.1113449000,0.9937118000,0.0000000000,,
27.1500000000,3974234,True,1.0000000000,4.3510740000,-0.0320469500,-0.0033285070,-0.0259232200,-0.0135346100,0.1133886000,0.9934585000,True,1.0000000000,4.5270080000,0.0325482800,-0.0065234220,-0.0257380400,-0.0097962010,0.1074530000,0.9941618000,0.0082431180,-0.0053212740,-0.0258077100,-0.0112000100,0.1096960000,0.9939020000,0.0000000000,,
27.1666700000,3974243,True,1.0000000000,4.3314970000,-0.0320507800,-0.0033271330,-0.0259239200,-0.0131683700,0.1127780000,0.9935330000,True,1.0000000000,4.5110470000,0.0325469200,-0.0065342570,-0.0257107600,-0.0094605800,0.1072708000,0.9941849000,0.0073766330,-0.0052846070,-0.0257938100,-0.0109101300,0.1094217000,0.9939355000,0.0000000000,,
27.1666700000,3974251,True,1.0000000000,4.3225560000,-0.0320537300,-0.0033263550,-0.0259291700,-0.0140075900,0.1126863000,0.9935319000,True,1.0000000000,4.4953310000,0.0325455500,-0.0065450750,-0.0256834600,-0.0091401190,0.1071790000,0.9941977000,0.0023393250,-0.0050400240,-0.0257983600,-0.0114137100,0.1097578000,0.9938928000,0.0000000000,,
27.1833300000,3974259,True,1.0000000000,4.3139040000,-0.0320566700,-0.0033255620,-0.0259344000,-0.0148622000,0.1126415000,0.9935246000,True,1.0000000000,4.4962620000,0.0325443400,-0.0065653380,-0.0256533500,-0.0097657690,0.1080796000,0.9940943000,-0.0031163030,-0.0047769320,-0.0258085000,-0.0125733900,0.1105970000,0.9937858000,0.0000000000,,
27.1833300000,3974268,True,1.0000000000,4.2936250000,-0.0320609800,-0.0033193510,-0.0259567000,-0.0149232600,0.1123517000,0.9935564000,True,1.0000000000,4.4971920000,0.0325431500,-0.0065856020,-0.0256232300,-0.0103913100,0.1090706000,0.9939797000,-0.0081035470,-0.0045305790,-0.0258330400,-0.0132446800,0.1111302000,0.9937176000,0.0000000000,,
27.2000000000,3974276,True,1.0000000000,4.2736660000,-0.0320652900,-0.0033134160,-0.0259789700,-0.0149690300,0.1122143000,0.9935713000,True,1.0000000000,4.4768680000,0.0325431500,-0.0065856020,-0.0255845800,-0.0101777100,0.1052409000,0.9943947000,-0.0117687200,-0.0043413700,-0.0258550700,-0.0134735300,0.1100313000,0.9938368000,0.0000000000,,
27.2000000000,3974284,True,1.0000000000,4.2719730000,-0.0320681900,-0.0033134160,-0.0259789700,-0.0153810700,0.1117264000,0.9936200000,True,1.0000000000,4.4377750000,0.0325411100,-0.0065987100,-0.0255569500,-0.0095214970,0.1049501000,0.9944319000,-0.0139642300,-0.0042339790,-0.0258607200,-0.0137482300,0.1098332000,0.9938549000,0.0000000000,,
27.2166700000,3974293,True,1.0000000000,4.2516630000,-0.0320724400,-0.0033152160,-0.0259789700,-0.0192720800,0.1115431000,0.9935727000,True,1.0000000000,4.4150700000,0.0325396300,-0.0066231080,-0.0255026600,-0.0092468470,0.1052554000,0.9944022000,-0.0158179200,-0.0041473850,-0.0258591500,-0.0167542500,0.1099555000,0.9937953000,0.0000000000,,
27.2166700000,3974301,True,1.0000000000,4.2420650000,-0.0320769100,-0.0033152160,-0.0259789700,-0.0189972400,0.1114047000,0.9935936000,True,1.0000000000,4.4088290000,0.0325385000,-0.0066460420,-0.0254467500,-0.0101013700,0.1061559000,0.9942982000,-0.0179272900,-0.0040446170,-0.0258624300,-0.0170442800,0.1102614000,0.9937565000,0.0000000000,,
27.2333400000,3974309,True,1.0000000000,4.1968840000,-0.0320821700,-0.0033134160,-0.0259793600,-0.0184634000,0.1105668000,0.9936972000,True,1.0000000000,4.3946530000,0.0325376100,-0.0066618040,-0.0254081300,-0.0098724900,0.1057440000,0.9943444000,-0.0202794500,-0.0039250030,-0.0258750200,-0.0168915300,0.1096805000,0.9938233000,0.0000000000,,
27.2333400000,3974318,True,1.0000000000,4.1541750000,-0.0320866600,-0.0033131260,-0.0259807000,-0.0179750300,0.1097270000,0.9937992000,True,1.0000000000,4.3323970000,0.0325340700,-0.0066742250,-0.0253767600,-0.0131378900,0.1024634000,0.9946500000,-0.0220600600,-0.0038346250,-0.0258869900,-0.0172273100,0.1086129000,0.9939348000,0.0000000000,,
27.2500000000,3974326,True,1.0000000000,4.1472630000,-0.0320949100,-0.0033121190,-0.0259876900,-0.0171816000,0.1098341000,0.9938014000,True,1.0000000000,4.3138120000,0.0325307200,-0.0066880190,-0.0253432600,-0.0145570000,0.1006020000,0.9948202000,-0.0237191300,-0.0037496490,-0.0259041600,-0.0168458900,0.1086438000,0.9939380000,0.0000000000,,
27.2500000000,3974334,True,1.0000000000,4.1228490000,-0.0321019800,-0.0033114930,-0.0259901400,-0.0160370700,0.1096503000,0.9938408000,True,1.0000000000,4.2867580000,0.0325269500,-0.0066880190,-0.0253432600,-0.0146638100,0.0957954500,0.9952930000,-0.0237478200,-0.0037479550,-0.0259065300,-0.0158539700,0.1078650000,0.9940391000,0.0000000000,,
27.2666700000,3974343,True,1.0000000000,4.0128170000,-0.0321070700,-0.0033110960,-0.0259968000,-0.0158693100,0.1087963000,0.9939374000,True,1.0000000000,4.2667390000,0.0325237300,-0.0066880190,-0.0253432600,-0.0182802700,0.0930188000,0.9954965000,-0.0221538900,-0.0038311470,-0.0258961500,-0.0162507300,0.1063698000,0.9941938000,0.0000000000,,
27.2666700000,3974351,True,1.0000000000,3.9932860000,-0.0321144600,-0.0033072210,-0.0259993000,-0.0150910000,0.1078495000,0.9940527000,True,1.0000000000,4.2629390000,0.0325200500,-0.0066880190,-0.0253432600,-0.0177919700,0.0929577000,0.9955111000,-0.0187974700,-0.0040037840,-0.0258641400,-0.0156555600,0.1047824000,0.9943720000,0.0000000000,,
27.2666700000,3974359,True,1.0000000000,3.9662630000,-0.0321211000,-0.0033072210,-0.0260032800,-0.0141296700,0.1078494000,0.9940668000,True,1.0000000000,4.1784210000,0.0325165000,-0.0066880190,-0.0253432600,-0.0179903200,0.0916148100,0.9956320000,-0.0139077500,-0.0042598570,-0.0258173100,-0.0152132400,0.1032730000,0.9945367000,0.0000000000,,
27.2833300000,3974368,True,1.0000000000,3.9641110000,-0.0321260100,-0.0033072210,-0.0260032800,-0.0130920600,0.1078493000,0.9940811000,True,1.0000000000,4.1511380000,0.0325165000,-0.0066880190,-0.0253432600,-0.0178071000,0.0912175300,0.9956718000,-0.0081771850,-0.0045597390,-0.0257587600,-0.0148470400,0.1016862000,0.9947057000,0.0000000000,,
27.2833300000,3974376,True,1.0000000000,3.9348600000,-0.0321260100,-0.0033110960,-0.0260032800,-0.0130462700,0.1087037000,0.9939886000,True,1.0000000000,4.1179200000,0.0325165000,-0.0066880190,-0.0253432600,-0.0181581700,0.0888834800,0.9958765000,-0.0038892210,-0.0047861790,-0.0257149700,-0.0152741600,0.1000526000,0.9948649000,0.0000000000,,
27.3000000000,3974384,True,1.0000000000,3.9276280000,-0.0321260100,-0.0033114930,-0.0260032800,-0.0130922000,0.1087354000,0.9939845000,True,1.0000000000,4.1022490000,0.0325165000,-0.0066880190,-0.0253432600,-0.0180512500,0.0882878500,0.9959314000,-0.0012078100,-0.0049264680,-0.0256875900,-0.0154572400,0.0989690900,0.9949705000,0.0000000000,,
27.3166700000,3974393,True,1.0000000000,3.9228670000,-0.0321260100,-0.0033121190,-0.0260032800,-0.0124666300,0.1096056000,0.9938970000,True,1.0000000000,4.0549930000,0.0325165000,-0.0066684420,-0.0254318900,-0.0178835100,0.0894480800,0.9958309000,-0.0022606660,-0.0048627630,-0.0257392900,-0.0149689100,0.1002963000,0.9948450000,0.0000000000,,
27.3166700000,3974401,True,1.0000000000,3.9232330000,-0.0321260100,-0.0033121190,-0.0260032800,-0.0121155200,0.1104435000,0.9938086000,True,1.0000000000,4.0479280000,0.0325165000,-0.0066673430,-0.0254381900,-0.0178680900,0.0897219300,0.9958066000,-0.0048521580,-0.0047277530,-0.0257648500,-0.0145416800,0.1017002000,0.9947088000,0.0000000000,,
27.3333300000,3974409,True,1.0000000000,3.8957980000,-0.0321260100,-0.0033149260,-0.0260032800,-0.0123291600,0.1133886000,0.9934742000,True,1.0000000000,4.0303500000,0.0325165000,-0.0066652530,-0.0254404800,-0.0177462200,0.0892804300,0.9958484000,-0.0076976020,-0.0045810240,-0.0257905900,-0.0143739800,0.1042800000,0.9944441000,0.0000000000,,
27.3333300000,3974418,True,1.0000000000,3.8134160000,-0.0321260100,-0.0033149260,-0.0260032800,-0.0122834200,0.1130991000,0.9935078000,True,1.0000000000,4.0284880000,0.0325165000,-0.0066644290,-0.0254434700,-0.0177460300,0.0892336700,0.9958526000,-0.0097576300,-0.0044739690,-0.0258095600,-0.0141754600,0.1048435000,0.9943877000,0.0000000000,,
27.3500000000,3974426,True,1.0000000000,3.8136900000,-0.0321260100,-0.0033196110,-0.0259943000,-0.0122834900,0.1135879000,0.9934520000,True,1.0000000000,4.0162350000,0.0325195300,-0.0066617590,-0.0254455600,-0.0159455600,0.0886694900,0.9959334000,-0.0104702300,-0.0044391940,-0.0258104700,-0.0135042500,0.1052416000,0.9943550000,0.0000000000,,
27.3500000000,3974434,True,1.0000000000,3.7742000000,-0.0321162400,-0.0033292850,-0.0259722800,-0.0129090000,0.1138616000,0.9934127000,True,1.0000000000,4.0086820000,0.0325240900,-0.0066598060,-0.0254527000,-0.0165865100,0.0886699200,0.9959229000,-0.0095778050,-0.0044905550,-0.0257911100,-0.0141907800,0.1050881000,0.9943616000,0.0000000000,,
27.3666700000,3974443,True,1.0000000000,3.7656710000,-0.0321073200,-0.0033466490,-0.0259251700,-0.0147096300,0.1155713000,0.9931903000,True,1.0000000000,4.0019840000,0.0325294400,-0.0066592110,-0.0254534900,-0.0163728700,0.0885477700,0.9959373000,-0.0061502080,-0.0046769260,-0.0257357500,-0.0153810600,0.1047224000,0.9943826000,0.0000000000,,
27.3666700000,3974451,True,1.0000000000,3.7517240000,-0.0320977900,-0.0033641660,-0.0258786800,-0.0166780600,0.1169906000,0.9929930000,True,1.0000000000,3.9861760000,0.0325345800,-0.0066553500,-0.0254592300,-0.0157625600,0.0879376700,0.9960012000,0.0000330200,-0.0050003210,-0.0256701500,-0.0162355400,0.1025555000,0.9945948000,0.0000000000,,
27.3666700000,3974459,True,1.0000000000,3.7420810000,-0.0320913400,-0.0033664710,-0.0258614200,-0.0166475900,0.1173571000,0.9929502000,True,1.0000000000,3.9675900000,0.0325400700,-0.0066553500,-0.0254592300,-0.0167084600,0.0876927200,0.9960074000,0.0071734470,-0.0053645330,-0.0256170800,-0.0166932600,0.0993508500,0.9949124000,0.0000000000,,
27.3833400000,3974468,True,1.0000000000,3.7408600000,-0.0320867000,-0.0033664710,-0.0258579400,-0.0173647400,0.1181657000,0.9928420000,True,1.0000000000,3.9185180000,0.0325415800,-0.0066553500,-0.0254592300,-0.0141145900,0.0873426300,0.9960783000,0.0121954000,-0.0056199500,-0.0255847500,-0.0151369500,0.0970626700,0.9951632000,0.0000000000,,
27.3833400000,3974476,True,1.0000000000,3.7170870000,-0.0320834800,-0.0033664710,-0.0258579400,-0.0181123700,0.1192334000,0.9927011000,True,1.0000000000,3.9084010000,0.0325434100,-0.0066549990,-0.0254737600,-0.0118714000,0.0881352100,0.9960378000,0.0134102200,-0.0056814120,-0.0255875000,-0.0137177600,0.0973518300,0.9951555000,0.0000000000,,
27.4000000000,3974484,True,1.0000000000,3.6998900000,-0.0320825500,-0.0033664710,-0.0258579400,-0.0168305400,0.1192024000,0.9927273000,True,1.0000000000,3.9078060000,0.0325438700,-0.0066502230,-0.0254757700,-0.0117188300,0.0872656400,0.9961162000,0.0129762300,-0.0056559600,-0.0255914800,-0.0132752400,0.0969550000,0.9952002000,0.0000000000,,
27.4000000000,3974493,True,1.0000000000,3.6935580000,-0.0320822000,-0.0033664710,-0.0258579400,-0.0143280500,0.1191715000,0.9927703000,True,1.0000000000,3.8926540000,0.0325455200,-0.0066433570,-0.0255002900,-0.0113068700,0.0872963400,0.9961182000,0.0109379900,-0.0055477750,-0.0256198600,-0.0123139900,0.0979626000,0.9951139000,0.0000000000,,
27.4166700000,3974501,True,1.0000000000,3.6904910000,-0.0320820900,-0.0033664710,-0.0258579400,-0.0139619300,0.1191571000,0.9927772000,True,1.0000000000,3.8907930000,0.0325457200,-0.0066347050,-0.0255031400,-0.0112915700,0.0861058800,0.9962220000,0.0070701300,-0.0053464050,-0.0256429900,-0.0123445600,0.0991531800,0.9949957000,0.0000000000,,
27.4166700000,3974509,True,1.0000000000,3.6903380000,-0.0320814100,-0.0033664710,-0.0258579400,-0.0135805300,0.1191577000,0.9927825000,True,1.0000000000,3.8931430000,0.0325460200,-0.0066310430,-0.0255035700,-0.0111390700,0.0891583600,0.9959552000,0.0026952820,-0.0051231690,-0.0256672500,-0.0122681200,0.1030278000,0.9946029000,0.0000000000,,
27.4333300000,3974518,True,1.0000000000,3.6841280000,-0.0320806400,-0.0033664710,-0.0258579400,-0.0130311200,0.1199046000,0.9926999000,True,1.0000000000,3.8938290000,0.0325463000,-0.0066299900,-0.0255060300,-0.0105592300,0.0904096200,0.9958487000,-0.0008199005,-0.0049450690,-0.0256877200,-0.0118409300,0.1056528000,0.9943326000,0.0000000000,,
27.4333300000,3974526,True,1.0000000000,3.6836550000,-0.0320781700,-0.0033657690,-0.0258614200,-0.0129548900,0.1199968000,0.9926897000,True,1.0000000000,3.8908230000,0.0325482000,-0.0066275480,-0.0255075500,-0.0098267500,0.0912178800,0.9957824000,-0.0026158300,-0.0048527680,-0.0257001100,-0.0115356700,0.1068881000,0.9942042000,0.0000000000,,
27.4500000000,3974534,True,1.0000000000,3.6700440000,-0.0320731800,-0.0033473820,-0.0258698700,-0.0133820400,0.1164253000,0.9931093000,True,1.0000000000,3.8881380000,0.0325494700,-0.0066042480,-0.0255330800,-0.0100403800,0.0879677600,0.9960727000,-0.0029718780,-0.0048140410,-0.0257182200,-0.0118714400,0.1036233000,0.9945458000,0.0000000000,,
27.4500000000,3974543,True,1.0000000000,3.6593930000,-0.0320693400,-0.0033396760,-0.0258853200,-0.0131074500,0.1156324000,0.9932056000,True,1.0000000000,3.8914180000,0.0325506600,-0.0066042330,-0.0255370500,-0.0098420010,0.0883491200,0.9960409000,-0.0020112760,-0.0048581850,-0.0257233100,-0.0115967400,0.1029516000,0.9946188000,0.0000000000,,
27.4666700000,3974551,True,1.0000000000,3.6573490000,-0.0320656700,-0.0033146360,-0.0259589100,-0.0137330100,0.1154641000,0.9932167000,True,1.0000000000,3.8894650000,0.0325528100,-0.0065805210,-0.0256011400,-0.0090485920,0.0883649200,0.9960471000,-0.0010960690,-0.0048798680,-0.0257874300,-0.0114899600,0.1024941000,0.9946672000,0.0000000000,,
27.4666700000,3974559,True,1.0000000000,3.6472170000,-0.0320603800,-0.0033093720,-0.0259802900,-0.0125885500,0.1157536000,0.9931982000,True,1.0000000000,3.8916320000,0.0325584300,-0.0065678260,-0.0256348400,-0.0091859050,0.0880290400,0.9960756000,-0.0005543213,-0.0048980870,-0.0258118600,-0.0109253900,0.1022500000,0.9946987000,0.0000000000,,
27.4833400000,3974568,True,1.0000000000,3.6468050000,-0.0320566400,-0.0033064270,-0.0259856100,-0.0133058100,0.1157392000,0.9931905000,True,1.0000000000,3.8926090000,0.0325660000,-0.0065620270,-0.0256644600,-0.0076599710,0.0889136500,0.9960098000,-0.0010930790,-0.0048663330,-0.0258317400,-0.0106049400,0.1028908000,0.9946361000,0.0000000000,,
27.4833400000,3974576,True,1.0000000000,3.6469420000,-0.0320526400,-0.0033064270,-0.0259856100,-0.0138855500,0.1157383000,0.9931827000,True,1.0000000000,3.8922120000,0.0325714000,-0.0065620270,-0.0256703800,-0.0080871950,0.0890812200,0.9959915000,-0.0023856660,-0.0048009800,-0.0258409000,-0.0112306200,0.1035017000,0.9945659000,0.0000000000,,
27.5000000000,3974584,True,1.0000000000,3.6471100000,-0.0320480500,-0.0033064270,-0.0259856100,-0.0134277900,0.1157842000,0.9931837000,True,1.0000000000,3.8921200000,0.0325780200,-0.0065604250,-0.0256803100,-0.0094758320,0.0890209400,0.9959847000,-0.0035100710,-0.0047433470,-0.0258508000,-0.0116882900,0.1039739000,0.9945114000,0.0000000000,,
