unity_timestamp,eye_timestamp,left_validata,left_eye_openness,left_eye_pupil_diameter,left_eye_origin.x,left_eye_origin.y,left_eye_origin.z,left_eye_gaze.x,left_eye_gaze.y,left_eye_gaze.z,right_validata,right_eye_openness,right_eye_pupil_diameter,right_eye_origin.x,right_eye_origin.y,right_eye_origin.z,right_eye_gaze.x,right_eye_gaze.y,right_eye_gaze.z,combined_eye_origin.x,combined_eye_origin.y,combined_eye_origin.z,combined_eye_gaze.x,combined_eye_gaze.y,combined_eye_gaze.z,gaze_distance,
20.047,22055,True,1.0000000000,4.0000000000,-0.0320000000,0.0000000000,0.0000000000,0.6033249000,-0.5796683000,0.5477077000,True,1.0000000000,4.0000000000,0.0320000000,0.0000000000,0.0000000000,0.5847783000,-0.5896246000,0.5571150000,0.0000000000,0.0000000000,0.0000000000,0.5940911000,-0.5846853000,0.5524480000,2.2326940000,
20.12481,22199,True,1.0000000000,4.0000000000,-0.0320000000,0.0000000000,0.0000000000,0.6033282000,-0.5796646000,0.5477080000,True,1.0000000000,4.0000000000,0.0320000000,0.0000000000,0.0000000000,0.5847772000,-0.5896233000,0.5571176000,0.0000000000,0.0000000000,0.0000000000,0.5940921000,-0.5846828000,0.5524496000,2.2321660000,
20.14481,22292,True,1.0000000000,4.0000000000,-0.0320000000,0.0000000000,0.0000000000,0.6033293000,-0.5796651000,0.5477063000,True,1.0000000000,4.0000000000,0.0320000000,0.0000000000,0.0000000000,0.5847768000,-0.5896246000,0.5571167000,0.0000000000,0.0000000000,0.0000000000,0.5940925000,-0.5846837000,0.5524482000,2.2319710000,
20.16223,22309,True,1.0000000000,4.0000000000,-0.0320000000,0.0000000000,0.0000000000,0.6033400000,-0.5796566000,0.5477034000,True,1.0000000000,4.0000000000,0.0320000000,0.0000000000,0.0000000000,0.5847719000,-0.5896246000,0.5571219000,0.0000000000,0.0000000000,0.0000000000,0.5940955000,-0.5846796000,0.5524495000,2.2300790000,
20.17315,22326,True,1.0000000000,4.0000000000,-0.0320000000,0.0000000000,0.0000000000,0.6033399000,-0.5796586000,0.5477015000,True,1.0000000000,4.0000000000,0.0320000000,0.0000000000,0.0000000000,0.5847658000,-0.5896297000,0.5571228000,0.0000000000,0.0000000000,0.0000000000,0.5940924000,-0.5846831000,0.5524489000,2.2293800000,
20.18581,22333,True,1.0000000000,4.0000000000,-0.0320000000,0.0000000000,0.0000000000,0.6033434000,-0.5796565000,0.5476999000,True,1.0000000000,4.0000000000,0.0320000000,0.0000000000,0.0000000000,0.5847622000,-0.5896314000,0.5571248000,0.0000000000,0.0000000000,0.0000000000,0.5940924000,-0.5846829000,0.5524492000,2.2285310000,
20.22238,22369,True,1.0000000000,4.0000000000,-0.0320000000,0.0000000000,0.0000000000,0.6033444000,-0.5796551000,0.5477003000,True,1.0000000000,4.0000000000,0.0320000000,0.0000000000,0.0000000000,0.5847608000,-0.5896311000,0.5571265000,0.0000000000,0.0000000000,0.0000000000,0.5940922000,-0.5846820000,0.5524503000,2.2282380000,
20.23469,22382,True,1.0000000000,4.0000000000,-0.0320000000,0.0000000000,0.0000000000,0.6033614000,-0.5796456000,0.5476916000,True,1.0000000000,4.0000000000,0.0320000000,0.0000000000,0.0000000000,0.5847481000,-0.5896377000,0.5571330000,0.0000000000,0.0000000000,0.0000000000,0.5940945000,-0.5846808000,0.5524493000,2.2246670000,
20.25833,22406,True,1.0000000000,4.0000000000,-0.0320000000,0.0000000000,0.0000000000,0.6033564000,-0.5796503000,0.5476922000,True,1.0000000000,4.0000000000,0.0320000000,0.0000000000,0.0000000000,0.5847448000,-0.5896414000,0.5571325000,0.0000000000,0.0000000000,0.0000000000,0.5940903000,-0.5846850000,0.5524493000,2.2248920000,
20.27353,22420,True,1.0000000000,4.0000000000,-0.0320000000,0.0000000000,0.0000000000,0.6033738000,-0.5796382000,0.5476857000,True,1.0000000000,4.0000000000,0.0320000000,0.0000000000,0.0000000000,0.5847328000,-0.5896453000,0.5571409000,0.0000000000,0.0000000000,0.0000000000,0.5940931000,-0.5846810000,0.5524504000,2.2213760000,
20.32967,22477,True,1.0000000000,4.0000000000,-0.0320000000,0.0000000000,0.0000000000,0.6033715000,-0.5796406000,0.5476857000,True,1.0000000000,4.0000000000,0.0320000000,0.0000000000,0.0000000000,0.5847331000,-0.5896462000,0.5571397000,0.0000000000,0.0000000000,0.0000000000,0.5940922000,-0.5846826000,0.5524498000,2.2216810000,
20.34051,22488,True,1.0000000000,4.0000000000,-0.0320000000,0.0000000000,0.0000000000,0.6033847000,-0.5796341000,0.5476781000,True,1.0000000000,4.0000000000,0.0320000000,0.0000000000,0.0000000000,0.5847183000,-0.5896547000,0.5571463000,0.0000000000,0.0000000000,0.0000000000,0.5940914000,-0.5846838000,0.5524493000,2.2183610000,
20.35185,22499,True,1.0000000000,4.0000000000,-0.0320000000,0.0000000000,0.0000000000,0.6033791000,-0.5796354000,0.5476828000,True,1.0000000000,4.0000000000,0.0320000000,0.0000000000,0.0000000000,0.5847282000,-0.5896477000,0.5571432000,0.0000000000,0.0000000000,0.0000000000,0.5940936000,-0.5846809000,0.5524501000,2.2201810000,
20.37968,22527,True,1.0000000000,4.0000000000,-0.0320000000,0.0000000000,0.0000000000,0.6033810000,-0.5796338000,0.5476825000,True,1.0000000000,4.0000000000,0.0320000000,0.0000000000,0.0000000000,0.5847281000,-0.5896471000,0.5571439000,0.0000000000,0.0000000000,0.0000000000,0.5940945000,-0.5846798000,0.5524504000,2.2199530000,
20.39595,22543,True,1.0000000000,4.0000000000,-0.0320000000,0.0000000000,0.0000000000,0.6033731000,-0.5796396000,0.5476849000,True,1.0000000000,4.0000000000,0.0320000000,0.0000000000,0.0000000000,0.5847321000,-0.5896466000,0.5571403000,0.0000000000,0.0000000000,0.0000000000,0.5940925000,-0.5846824000,0.5524497000,2.2213620000,
20.40685,22554,True,1.0000000000,4.0000000000,-0.0320000000,0.0000000000,0.0000000000,0.6033680000,-0.5796410000,0.5476891000,True,1.0000000000,4.0000000000,0.0320000000,0.0000000000,0.0000000000,0.5847381000,-0.5896420000,0.5571387000,0.0000000000,0.0000000000,0.0000000000,0.5940930000,-0.5846808000,0.5524510000,2.2227030000,
20.41864,22566,True,1.0000000000,4.0000000000,-0.0320000000,0.0000000000,0.0000000000,0.6033575000,-0.5796497000,0.5476915000,True,1.0000000000,4.0000000000,0.0320000000,0.0000000000,0.0000000000,0.5847446000,-0.5896416000,0.5571325000,0.0000000000,0.0000000000,0.0000000000,0.5940908000,-0.5846848000,0.5524489000,2.2247270000,
20.44877,22596,True,1.0000000000,4.0000000000,-0.0320000000,0.0000000000,0.0000000000,0.6033413000,-0.5796565000,0.5477020000,True,1.0000000000,4.0000000000,0.0320000000,0.0000000000,0.0000000000,0.5847667000,-0.5896279000,0.5571237000,0.0000000000,0.0000000000,0.0000000000,0.5940936000,-0.5846812000,0.5524497000,2.2293150000,
20.45706,22604,True,1.0000000000,4.0000000000,-0.0320000000,0.0000000000,0.0000000000,0.6033298000,-0.5796632000,0.5477078000,True,1.0000000000,4.0000000000,0.0320000000,0.0000000000,0.0000000000,0.5847778000,-0.5896224000,0.5571179000,0.0000000000,0.0000000000,0.0000000000,0.5940933000,-0.5846817000,0.5524496000,2.2320380000,
20.47343,22620,True,1.0000000000,4.0000000000,-0.0320000000,0.0000000000,0.0000000000,0.6032934000,-0.5796821000,0.5477278000,True,1.0000000000,4.0000000000,0.0320000000,0.0000000000,0.0000000000,0.5848212000,-0.5895986000,0.5570977000,0.0000000000,0.0000000000,0.0000000000,0.5940964000,-0.5846789000,0.5524491000,2.2416450000,
20.49145,22638,True,1.0000000000,4.0000000000,-0.0320000000,0.0000000000,0.0000000000,0.6032724000,-0.5796942000,0.5477382000,True,1.0000000000,4.0000000000,0.0320000000,0.0000000000,0.0000000000,0.5848391000,-0.5895897000,0.5570882000,0.0000000000,0.0000000000,0.0000000000,0.5940948000,-0.5846803000,0.5524495000,2.2464070000,
20.50685,22654,True,1.0000000000,4.0000000000,-0.0320000000,0.0000000000,0.0000000000,0.6032417000,-0.5797117000,0.5477535000,True,1.0000000000,4.0000000000,0.0320000000,0.0000000000,0.0000000000,0.5848717000,-0.5895733000,0.5570713000,0.0000000000,0.0000000000,0.0000000000,0.5940955000,-0.5846806000,0.5524484000,2.2541470000,
20.5182,22665,True,1.0000000000,4.0000000000,-0.0320000000,0.0000000000,0.0000000000,0.6032272000,-0.5797206000,0.5477601000,True,1.0000000000,4.0000000000,0.0320000000,0.0000000000,0.0000000000,0.5848840000,-0.5895678000,0.5570644000,0.0000000000,0.0000000000,0.0000000000,0.5940942000,-0.5846821000,0.5524481000,2.2574380000,
20.529,22676,True,1.0000000000,4.0000000000,-0.0320000000,0.0000000000,0.0000000000,0.6032151000,-0.5797269000,0.5477666000,True,1.0000000000,4.0000000000,0.0320000000,0.0000000000,0.0000000000,0.5848958000,-0.5895612000,0.5570588000,0.0000000000,0.0000000000,0.0000000000,0.5940940000,-0.5846820000,0.5524486000,2.2603880000,
20.54045,22687,True,1.0000000000,4.0000000000,-0.0320000000,0.0000000000,0.0000000000,0.6032075000,-0.5797294000,0.5477724000,True,1.0000000000,4.0000000000,0.0320000000,0.0000000000,0.0000000000,0.5849085000,-0.5895529000,0.5570543000,0.0000000000,0.0000000000,0.0000000000,0.5940965000,-0.5846789000,0.5524490000,2.2628860000,
20.593,22740,True,1.0000000000,4.0000000000,-0.0320000000,0.0000000000,0.0000000000,0.6032006000,-0.5797349000,0.5477743000,True,1.0000000000,4.0000000000,0.0320000000,0.0000000000,0.0000000000,0.5849107000,-0.5895534000,0.5570515000,0.0000000000,0.0000000000,0.0000000000,0.5940940000,-0.5846819000,0.5524486000,2.2640230000,
20.60667,22754,True,1.0000000000,4.0000000000,-0.0320000000,0.0000000000,0.0000000000,0.6031150000,-0.5797802000,0.5478205000,True,1.0000000000,4.0000000000,0.0320000000,0.0000000000,0.0000000000,0.5850060000,-0.5895016000,0.5570062000,0.0000000000,0.0000000000,0.0000000000,0.5940982000,-0.5846779000,0.5524483000,2.2866110000,
20.618,22765,True,1.0000000000,4.0000000000,-0.0320000000,0.0000000000,0.0000000000,0.6031345000,-0.5797685000,0.5478114000,True,1.0000000000,4.0000000000,0.0320000000,0.0000000000,0.0000000000,0.5849862000,-0.5895110000,0.5570170000,0.0000000000,0.0000000000,0.0000000000,0.5940982000,-0.5846770000,0.5524493000,2.2816790000,
20.62865,22776,True,1.0000000000,4.0000000000,-0.0320000000,0.0000000000,0.0000000000,0.6031159000,-0.5797817000,0.5478180000,True,1.0000000000,4.0000000000,0.0320000000,0.0000000000,0.0000000000,0.5849987000,-0.5895075000,0.5570076000,0.0000000000,0.0000000000,0.0000000000,0.5940949000,-0.5846817000,0.5524478000,2.2856070000,
20.63996,22787,True,1.0000000000,4.0000000000,-0.0320000000,0.0000000000,0.0000000000,0.6031008000,-0.5797914000,0.5478243000,True,1.0000000000,4.0000000000,0.0320000000,0.0000000000,0.0000000000,0.5850143000,-0.5895008000,0.5569983000,0.0000000000,0.0000000000,0.0000000000,0.5940951000,-0.5846831000,0.5524461000,2.2894810000,
20.65137,22799,True,1.0000000000,4.0000000000,-0.0320000000,0.0000000000,0.0000000000,0.6030871000,-0.5797974000,0.5478331000,True,1.0000000000,4.0000000000,0.0320000000,0.0000000000,0.0000000000,0.5850308000,-0.5894905000,0.5569918000,0.0000000000,0.0000000000,0.0000000000,0.5940964000,-0.5846808000,0.5524473000,2.2933080000,
20.66232,22809,True,1.0000000000,4.0000000000,-0.0320000000,0.0000000000,0.0000000000,0.6030829000,-0.5797987000,0.5478362000,True,1.0000000000,4.0000000000,0.0320000000,0.0000000000,0.0000000000,0.5850385000,-0.5894856000,0.5569891000,0.0000000000,0.0000000000,0.0000000000,0.5940980000,-0.5846789000,0.5524474000,2.2948040000,
20.67322,22820,True,1.0000000000,4.0000000000,-0.0320000000,0.0000000000,0.0000000000,0.6030843000,-0.5797969000,0.5478365000,True,1.0000000000,4.0000000000,0.0320000000,0.0000000000,0.0000000000,0.5850387000,-0.5894845000,0.5569900000,0.0000000000,0.0000000000,0.0000000000,0.5940989000,-0.5846775000,0.5524480000,2.2946470000,
20.68412,22842,True,1.0000000000,4.0000000000,-0.0320000000,0.0000000000,0.0000000000,0.6030899000,-0.5797960000,0.5478312000,True,1.0000000000,4.0000000000,0.0320000000,0.0000000000,0.0000000000,0.5850306000,-0.5894910000,0.5569916000,0.0000000000,0.0000000000,0.0000000000,0.5940977000,-0.5846803000,0.5524462000,2.2929150000,
20.70171,22849,True,1.0000000000,4.0000000000,-0.0320000000,0.0000000000,0.0000000000,0.6031084000,-0.5797845000,0.5478233000,True,1.0000000000,4.0000000000,0.0320000000,0.0000000000,0.0000000000,0.5850125000,-0.5894989000,0.5570022000,0.0000000000,0.0000000000,0.0000000000,0.5940980000,-0.5846787000,0.5524477000,2.2882780000,
20.71807,22865,True,1.0000000000,4.0000000000,-0.0320000000,0.0000000000,0.0000000000,0.6031281000,-0.5797752000,0.5478114000,True,1.0000000000,4.0000000000,0.0320000000,0.0000000000,0.0000000000,0.5849877000,-0.5895134000,0.5570128000,0.0000000000,0.0000000000,0.0000000000,0.5940956000,-0.5846815000,0.5524473000,2.2826750000,
20.72866,22876,True,1.0000000000,4.0000000000,-0.0320000000,0.0000000000,0.0000000000,0.6031455000,-0.5797647000,0.5478032000,True,1.0000000000,4.0000000000,0.0320000000,0.0000000000,0.0000000000,0.5849711000,-0.5895213000,0.5570219000,0.0000000000,0.0000000000,0.0000000000,0.5940962000,-0.5846804000,0.5524478000,2.2783840000,
20.73962,22886,True,1.0000000000,4.0000000000,-0.0320000000,0.0000000000,0.0000000000,0.6031668000,-0.5797509000,0.5477943000,True,1.0000000000,4.0000000000,0.0320000000,0.0000000000,0.0000000000,0.5849521000,-0.5895292000,0.5570336000,0.0000000000,0.0000000000,0.0000000000,0.5940976000,-0.5846775000,0.5524493000,2.2733450000,
20.7514,22898,True,1.0000000000,4.0000000000,-0.0320000000,0.0000000000,0.0000000000,0.6031865000,-0.5797427000,0.5477813000,True,1.0000000000,4.0000000000,0.0320000000,0.0000000000,0.0000000000,0.5849272000,-0.5895448000,0.5570431000,0.0000000000,0.0000000000,0.0000000000,0.5940951000,-0.5846814000,0.5524479000,2.2678070000,
20.76213,22909,True,1.0000000000,4.0000000000,-0.0320000000,0.0000000000,0.0000000000,0.6032135000,-0.5797269000,0.5477684000,True,1.0000000000,4.0000000000,0.0320000000,0.0000000000,0.0000000000,0.5849023000,-0.5895569000,0.5570565000,0.0000000000,0.0000000000,0.0000000000,0.5940964000,-0.5846798000,0.5524482000,2.2613740000,
20.77323,22920,True,1.0000000000,4.0000000000,-0.0320000000,0.0000000000,0.0000000000,0.6032467000,-0.5797080000,0.5477518000,True,1.0000000000,4.0000000000,0.0320000000,0.0000000000,0.0000000000,0.5848691000,-0.5895737000,0.5570735000,0.0000000000,0.0000000000,0.0000000000,0.5940967000,-0.5846790000,0.5524487000,2.2532060000,
20.78437,22931,True,1.0000000000,4.0000000000,-0.0320000000,0.0000000000,0.0000000000,0.6032772000,-0.5796935000,0.5477335000,True,1.0000000000,4.0000000000,0.0320000000,0.0000000000,0.0000000000,0.5848317000,-0.5895956000,0.5570896000,0.0000000000,0.0000000000,0.0000000000,0.5940936000,-0.5846831000,0.5524479000,2.2449130000,
20.79511,22942,True,1.0000000000,4.0000000000,-0.0320000000,0.0000000000,0.0000000000,0.6033149000,-0.5796704000,0.5477164000,True,1.0000000000,4.0000000000,0.0320000000,0.0000000000,0.0000000000,0.5847942000,-0.5896128000,0.5571108000,0.0000000000,0.0000000000,0.0000000000,0.5940940000,-0.5846804000,0.5524502000,2.2357940000,
20.80632,22953,True,1.0000000000,4.0000000000,-0.0320000000,0.0000000000,0.0000000000,0.6033530000,-0.5796494000,0.5476967000,True,1.0000000000,4.0000000000,0.0320000000,0.0000000000,0.0000000000,0.5847536000,-0.5896341000,0.5571309000,0.0000000000,0.0000000000,0.0000000000,0.5940931000,-0.5846809000,0.5524507000,2.2263430000,
20.81778,22964,True,1.0000000000,4.0000000000,-0.0320000000,0.0000000000,0.0000000000,0.6033935000,-0.5796297000,0.5476729000,True,1.0000000000,4.0000000000,0.0320000000,0.0000000000,0.0000000000,0.5847064000,-0.5896613000,0.5571516000,0.0000000000,0.0000000000,0.0000000000,0.5940900000,-0.5846850000,0.5524495000,2.2159090000,
20.82874,22976,True,1.0000000000,4.0000000000,-0.0320000000,0.0000000000,0.0000000000,0.6034433000,-0.5796009000,0.5476487000,True,1.0000000000,4.0000000000,0.0320000000,0.0000000000,0.0000000000,0.5846569000,-0.5896859000,0.5571777000,0.0000000000,0.0000000000,0.0000000000,0.5940906000,-0.5846832000,0.5524508000,2.2041930000,
20.87608,23024,True,1.0000000000,4.0000000000,-0.0320000000,0.0000000000,0.0000000000,0.6035247000,-0.5795583000,0.5476039000,True,1.0000000000,4.0000000000,0.0320000000,0.0000000000,0.0000000000,0.5845713000,-0.5897330000,0.5572177000,0.0000000000,0.0000000000,0.0000000000,0.5940893000,-0.5846862000,0.5524491000,2.1847600000,
20.88941,23036,True,1.0000000000,4.0000000000,-0.0320000000,0.0000000000,0.0000000000,0.6039016000,-0.5793505000,0.5474082000,True,1.0000000000,4.0000000000,0.0320000000,0.0000000000,0.0000000000,0.5841700000,-0.5899428000,0.5574163000,0.0000000000,0.0000000000,0.0000000000,0.5940805000,-0.5846906000,0.5524538000,2.0986200000,
20.92499,23072,True,1.0000000000,4.0000000000,-0.0320000000,0.0000000000,0.0000000000,0.6038685000,-0.5793683000,0.5474259000,True,1.0000000000,4.0000000000,0.0320000000,0.0000000000,0.0000000000,0.5842041000,-0.5899245000,0.5574000000,0.0000000000,0.0000000000,0.0000000000,0.5940807000,-0.5846900000,0.5524542000,2.1057870000,
20.94001,23087,True,1.0000000000,4.0000000000,-0.0320000000,0.0000000000,0.0000000000,0.6242994000,-0.5678104000,0.5365087000,True,1.0000000000,4.0000000000,0.0320000000,0.0000000000,0.0000000000,0.5613177000,-0.6015477000,0.5683862000,0.0000000000,0.0000000000,0.0000000000,0.5932627000,-0.5851269000,0.5528706000,0.6580126000,
20.98009,23127,True,1.0000000000,4.0000000000,-0.0320000000,0.0000000000,0.0000000000,0.6241171000,-0.5679182000,0.5366067000,True,1.0000000000,4.0000000000,0.0320000000,0.0000000000,0.0000000000,0.5615311000,-0.6014447000,0.5682845000,0.0000000000,0.0000000000,0.0000000000,0.5932726000,-0.5851237000,0.5528634000,0.6621678000,
21.00634,23153,True,1.0000000000,4.0000000000,-0.0320000000,0.0000000000,0.0000000000,0.6051676000,-0.5786496000,0.5467511000,True,1.0000000000,4.0000000000,0.0320000000,0.0000000000,0.0000000000,0.5828344000,-0.5906376000,0.5580783000,0.0000000000,0.0000000000,0.0000000000,0.5940582000,-0.5846999000,0.5524679000,1.8541920000,
21.02824,23175,True,1.0000000000,4.0000000000,-0.0320000000,0.0000000000,0.0000000000,0.6234831000,-0.5682826000,0.5369579000,True,1.0000000000,4.0000000000,0.0320000000,0.0000000000,0.0000000000,0.5622926000,-0.6010650000,0.5679331000,0.0000000000,0.0000000000,0.0000000000,0.5933166000,-0.5850965000,0.5528449000,0.6772379000,
21.05123,23198,True,1.0000000000,4.0000000000,-0.0320000000,0.0000000000,0.0000000000,0.6052470000,-0.5786067000,0.5467087000,True,1.0000000000,4.0000000000,0.0320000000,0.0000000000,0.0000000000,0.5827488000,-0.5906832000,0.5581194000,0.0000000000,0.0000000000,0.0000000000,0.5940560000,-0.5847021000,0.5524681000,1.8405990000,
21.07312,23220,True,1.0000000000,4.0000000000,-0.0320000000,0.0000000000,0.0000000000,0.6054134000,-0.5785148000,0.5466216000,True,1.0000000000,4.0000000000,0.0320000000,0.0000000000,0.0000000000,0.5825732000,-0.5907748000,0.5582057000,0.0000000000,0.0000000000,0.0000000000,0.5940532000,-0.5847037000,0.5524694000,1.8130360000,
21.09579,23243,True,1.0000000000,4.0000000000,-0.0320000000,0.0000000000,0.0000000000,0.6055670000,-0.5784280000,0.5465434000,True,1.0000000000,4.0000000000,0.0320000000,0.0000000000,0.0000000000,0.5824088000,-0.5908585000,0.5582888000,0.0000000000,0.0000000000,0.0000000000,0.5940494000,-0.5847038000,0.5524733000,1.7881580000,
21.11749,23265,True,1.0000000000,4.0000000000,-0.0320000000,0.0000000000,0.0000000000,0.6057115000,-0.5783471000,0.5464689000,True,1.0000000000,4.0000000000,0.0320000000,0.0000000000,0.0000000000,0.5822576000,-0.5909362000,0.5583641000,0.0000000000,0.0000000000,0.0000000000,0.5940477000,-0.5847037000,0.5524752000,1.7656140000,
21.14123,23289,True,1.0000000000,4.0000000000,-0.0320000000,0.0000000000,0.0000000000,0.6058441000,-0.5782783000,0.5463946000,True,1.0000000000,4.0000000000,0.0320000000,0.0000000000,0.0000000000,0.5821136000,-0.5910159000,0.5584300000,0.0000000000,0.0000000000,0.0000000000,0.5940435000,-0.5847107000,0.5524724000,1.7450310000,
21.16186,23309,True,1.0000000000,4.0000000000,-0.0320000000,0.0000000000,0.0000000000,0.6059644000,-0.5782095000,0.5463340000,True,1.0000000000,4.0000000000,0.0320000000,0.0000000000,0.0000000000,0.5819802000,-0.5910831000,0.5584979000,0.0000000000,0.0000000000,0.0000000000,0.5940384000,-0.5847113000,0.5524774000,1.7265860000,
21.18452,23332,True,1.0000000000,4.0000000000,-0.0320000000,0.0000000000,0.0000000000,0.6060711000,-0.5781506000,0.5462781000,True,1.0000000000,4.0000000000,0.0320000000,0.0000000000,0.0000000000,0.5818668000,-0.5911422000,0.5585535000,0.0000000000,0.0000000000,0.0000000000,0.5940361000,-0.5847126000,0.5524783000,1.7109040000,
21.20663,23354,True,1.0000000000,4.0000000000,-0.0320000000,0.0000000000,0.0000000000,0.6061618000,-0.5780975000,0.5462336000,True,1.0000000000,4.0000000000,0.0320000000,0.0000000000,0.0000000000,0.5817709000,-0.5911892000,0.5586036000,0.0000000000,0.0000000000,0.0000000000,0.5940346000,-0.5847105000,0.5524821000,1.6978060000,
21.22906,23376,True,1.0000000000,4.0000000000,-0.0320000000,0.0000000000,0.0000000000,0.6062309000,-0.5780644000,0.5461919000,True,1.0000000000,4.0000000000,0.0320000000,0.0000000000,0.0000000000,0.5816993000,-0.5912318000,0.5586332000,0.0000000000,0.0000000000,0.0000000000,0.5940341000,-0.5847161000,0.5524768000,1.6880700000,
21.25144,23399,True,1.0000000000,4.0000000000,-0.0320000000,0.0000000000,0.0000000000,0.6062559000,-0.5780466000,0.5461831000,True,1.0000000000,4.0000000000,0.0320000000,0.0000000000,0.0000000000,0.5816728000,-0.5912414000,0.5586505000,0.0000000000,0.0000000000,0.0000000000,0.5940337000,-0.5847122000,0.5524813000,1.6845390000,
21.27305,23420,True,1.0000000000,4.0000000000,-0.0320000000,0.0000000000,0.0000000000,0.6062491000,-0.5780498000,0.5461872000,True,1.0000000000,4.0000000000,0.0320000000,0.0000000000,0.0000000000,0.5816762000,-0.5912390000,0.5586494000,0.0000000000,0.0000000000,0.0000000000,0.5940320000,-0.5847126000,0.5524827000,1.6852440000,
21.29519,23442,True,1.0000000000,4.0000000000,-0.0320000000,0.0000000000,0.0000000000,0.6062350000,-0.5780605000,0.5461915000,True,1.0000000000,4.0000000000,0.0320000000,0.0000000000,0.0000000000,0.5816963000,-0.5912316000,0.5586364000,0.0000000000,0.0000000000,0.0000000000,0.5940348000,-0.5847141000,0.5524782000,1.6875740000,
21.31742,23465,True,1.0000000000,4.0000000000,-0.0320000000,0.0000000000,0.0000000000,0.6062208000,-0.5780664000,0.5462010000,True,1.0000000000,4.0000000000,0.0320000000,0.0000000000,0.0000000000,0.5817088000,-0.5912231000,0.5586324000,0.0000000000,0.0000000000,0.0000000000,0.5940338000,-0.5847126000,0.5524808000,1.6894220000,
21.33964,23487,True,1.0000000000,4.0000000000,-0.0320000000,0.0000000000,0.0000000000,0.6061864000,-0.5780869000,0.5462176000,True,1.0000000000,4.0000000000,0.0320000000,0.0000000000,0.0000000000,0.5817451000,-0.5912055000,0.5586131000,0.0000000000,0.0000000000,0.0000000000,0.5940344000,-0.5847137000,0.5524790000,1.6943140000,
21.36169,23509,True,1.0000000000,4.0000000000,-0.0320000000,0.0000000000,0.0000000000,0.6061330000,-0.5781173000,0.5462446000,True,1.0000000000,4.0000000000,0.0320000000,0.0000000000,0.0000000000,0.5818033000,-0.5911763000,0.5585836000,0.0000000000,0.0000000000,0.0000000000,0.5940360000,-0.5847136000,0.5524772000,1.7020710000,
21.38392,23531,True,1.0000000000,4.0000000000,-0.0320000000,0.0000000000,0.0000000000,0.6341944000,-0.5619878000,0.5310059000,True,1.0000000000,4.0000000000,0.0320000000,0.0000000000,0.0000000000,0.5491948000,-0.6074315000,0.5739444000,0.0000000000,0.0000000000,0.0000000000,0.5925198000,-0.5855250000,0.5532456000,0.4879211000,
21.40639,23553,True,1.0000000000,4.0000000000,-0.0320000000,0.0000000000,0.0000000000,0.6364248000,-0.5606518000,0.5297482000,True,1.0000000000,4.0000000000,0.0320000000,0.0000000000,0.0000000000,0.5463565000,-0.6087798000,0.5752232000,0.0000000000,0.0000000000,0.0000000000,0.5923166000,-0.5856313000,0.5533507000,0.4605564000,
21.42873,23576,True,1.0000000000,4.0000000000,-0.0320000000,0.0000000000,0.0000000000,0.6376965000,-0.5598917000,0.5290222000,True,1.0000000000,4.0000000000,0.0320000000,0.0000000000,0.0000000000,0.5447258000,-0.6095555000,0.5759479000,0.0000000000,0.0000000000,0.0000000000,0.5921974000,-0.5856990000,0.5534067000,0.4462294000,
21.45063,23598,True,1.0000000000,4.0000000000,-0.0320000000,0.0000000000,0.0000000000,0.6382301000,-0.5595695000,0.5287195000,True,1.0000000000,4.0000000000,0.0320000000,0.0000000000,0.0000000000,0.5440382000,-0.6098789000,0.5762552000,0.0000000000,0.0000000000,0.0000000000,0.5921463000,-0.5857254000,0.5534334000,0.4404666000,
21.47268,23620,True,1.0000000000,4.0000000000,-0.0320000000,0.0000000000,0.0000000000,0.6382490000,-0.5595573000,0.5287097000,True,1.0000000000,4.0000000000,0.0320000000,0.0000000000,0.0000000000,0.5440096000,-0.6098914000,0.5762690000,0.0000000000,0.0000000000,0.0000000000,0.5921425000,-0.5857266000,0.5534363000,0.4402458000,
21.49486,23642,True,1.0000000000,4.0000000000,-0.0320000000,0.0000000000,0.0000000000,0.6379669000,-0.5597263000,0.5288712000,True,1.0000000000,4.0000000000,0.0320000000,0.0000000000,0.0000000000,0.5443739000,-0.6097188000,0.5761077000,0.0000000000,0.0000000000,0.0000000000,0.5921698000,-0.5857111000,0.5534235000,0.4432746000,
21.50621,23653,True,1.0000000000,4.0000000000,-0.0320000000,0.0000000000,0.0000000000,0.6359569000,-0.5609334000,0.5300118000,True,1.0000000000,4.0000000000,0.0320000000,0.0000000000,0.0000000000,0.5469632000,-0.6084931000,0.5749500000,0.0000000000,0.0000000000,0.0000000000,0.5923642000,-0.5856071000,0.5533255000,0.4660927000,
21.51769,23665,True,1.0000000000,4.0000000000,-0.0320000000,0.0000000000,0.0000000000,0.6359093000,-0.5609619000,0.5300387000,True,1.0000000000,4.0000000000,0.0320000000,0.0000000000,0.0000000000,0.5470196000,-0.6084665000,0.5749245000,0.0000000000,0.0000000000,0.0000000000,0.5923665000,-0.5856059000,0.5533242000,0.4666387000,
21.52835,23675,True,1.0000000000,4.0000000000,-0.0320000000,0.0000000000,0.0000000000,0.6054731000,-0.5784830000,0.5465893000,True,1.0000000000,4.0000000000,0.0320000000,0.0000000000,0.0000000000,0.5825087000,-0.5908095000,0.5582362000,0.0000000000,0.0000000000,0.0000000000,0.5940515000,-0.5847058000,0.5524690000,1.8032450000,
21.5394,23686,True,1.0000000000,4.0000000000,-0.0320000000,0.0000000000,0.0000000000,0.6054257000,-0.5785075000,0.5466157000,True,1.0000000000,4.0000000000,0.0320000000,0.0000000000,0.0000000000,0.5825582000,-0.5907821000,0.5582136000,0.0000000000,0.0000000000,0.0000000000,0.5940520000,-0.5847039000,0.5524704000,1.8108860000,
21.5506,23698,True,1.0000000000,4.0000000000,-0.0320000000,0.0000000000,0.0000000000,0.6053859000,-0.5785295000,0.5466366000,True,1.0000000000,4.0000000000,0.0320000000,0.0000000000,0.0000000000,0.5826031000,-0.5907587000,0.5581915000,0.0000000000,0.0000000000,0.0000000000,0.5940541000,-0.5847027000,0.5524695000,1.8176140000,
21.56197,23709,True,1.0000000000,4.0000000000,-0.0320000000,0.0000000000,0.0000000000,0.6053551000,-0.5785475000,0.5466515000,True,1.0000000000,4.0000000000,0.0320000000,0.0000000000,0.0000000000,0.5826353000,-0.5907428000,0.5581747000,0.0000000000,0.0000000000,0.0000000000,0.5940545000,-0.5847035000,0.5524682000,1.8226440000,
21.5728,23720,True,1.0000000000,4.0000000000,-0.0320000000,0.0000000000,0.0000000000,0.6053311000,-0.5785615000,0.5466634000,True,1.0000000000,4.0000000000,0.0320000000,0.0000000000,0.0000000000,0.5826609000,-0.5907304000,0.5581613000,0.0000000000,0.0000000000,0.0000000000,0.5940549000,-0.5847040000,0.5524672000,1.8266370000,
21.58403,23731,True,1.0000000000,4.0000000000,-0.0320000000,0.0000000000,0.0000000000,0.6053129000,-0.5785711000,0.5466734000,True,1.0000000000,4.0000000000,0.0320000000,0.0000000000,0.0000000000,0.5826792000,-0.5907203000,0.5581527000,0.0000000000,0.0000000000,0.0000000000,0.5940549000,-0.5847036000,0.5524677000,1.8295820000,
21.59479,23741,True,1.0000000000,4.0000000000,-0.0320000000,0.0000000000,0.0000000000,0.6052942000,-0.5785804000,0.5466843000,True,1.0000000000,4.0000000000,0.0320000000,0.0000000000,0.0000000000,0.5827000000,-0.5907084000,0.5581436000,0.0000000000,0.0000000000,0.0000000000,0.5940557000,-0.5847021000,0.5524684000,1.8327840000,
21.60769,23755,True,1.0000000000,4.0000000000,-0.0320000000,0.0000000000,0.0000000000,0.6052907000,-0.5785827000,0.5466857000,True,1.0000000000,4.0000000000,0.0320000000,0.0000000000,0.0000000000,0.5827012000,-0.5907081000,0.5581427000,0.0000000000,0.0000000000,0.0000000000,0.5940545000,-0.5847030000,0.5524687000,1.8331640000,
21.61729,23764,True,1.0000000000,4.0000000000,-0.0320000000,0.0000000000,0.0000000000,0.6052866000,-0.5785848000,0.5466880000,True,1.0000000000,4.0000000000,0.0320000000,0.0000000000,0.0000000000,0.5827034000,-0.5907069000,0.5581417000,0.0000000000,0.0000000000,0.0000000000,0.5940535000,-0.5847035000,0.5524693000,1.8336760000,
21.62848,23775,True,1.0000000000,4.0000000000,-0.0320000000,0.0000000000,0.0000000000,0.6052903000,-0.5785813000,0.5466876000,True,1.0000000000,4.0000000000,0.0320000000,0.0000000000,0.0000000000,0.5827019000,-0.5907062000,0.5581441000,0.0000000000,0.0000000000,0.0000000000,0.5940546000,-0.5847014000,0.5524703000,1.8332510000,
21.63971,23786,True,1.0000000000,4.0000000000,-0.0320000000,0.0000000000,0.0000000000,0.6053036000,-0.5785731000,0.5466815000,True,1.0000000000,4.0000000000,0.0320000000,0.0000000000,0.0000000000,0.5826880000,-0.5907126000,0.5581517000,0.0000000000,0.0000000000,0.0000000000,0.5940545000,-0.5847007000,0.5524712000,1.8310500000,
21.65075,23798,True,1.0000000000,4.0000000000,-0.0320000000,0.0000000000,0.0000000000,0.6053208000,-0.5785658000,0.5466703000,True,1.0000000000,4.0000000000,0.0320000000,0.0000000000,0.0000000000,0.5826679000,-0.5907252000,0.5581594000,0.0000000000,0.0000000000,0.0000000000,0.5940533000,-0.5847035000,0.5524696000,1.8280430000,
21.66164,23809,True,1.0000000000,4.0000000000,-0.0320000000,0.0000000000,0.0000000000,0.6053372000,-0.5785578000,0.5466605000,True,1.0000000000,4.0000000000,0.0320000000,0.0000000000,0.0000000000,0.5826483000,-0.5907366000,0.5581679000,0.0000000000,0.0000000000,0.0000000000,0.5940518000,-0.5847054000,0.5524691000,1.8251320000,
21.67288,23820,True,1.0000000000,4.0000000000,-0.0320000000,0.0000000000,0.0000000000,0.6053671000,-0.5785406000,0.5466458000,True,1.0000000000,4.0000000000,0.0320000000,0.0000000000,0.0000000000,0.5826216000,-0.5907497000,0.5581818000,0.0000000000,0.0000000000,0.0000000000,0.5940537000,-0.5847036000,0.5524690000,1.8205990000,
21.68377,23831,True,1.0000000000,4.0000000000,-0.0320000000,0.0000000000,0.0000000000,0.6053947000,-0.5785264000,0.5466301000,True,1.0000000000,4.0000000000,0.0320000000,0.0000000000,0.0000000000,0.5825895000,-0.5907676000,0.5581964000,0.0000000000,0.0000000000,0.0000000000,0.5940518000,-0.5847057000,0.5524687000,1.8158340000,
21.69468,23841,True,1.0000000000,4.0000000000,-0.0320000000,0.0000000000,0.0000000000,0.6054344000,-0.5785041000,0.5466096000,True,1.0000000000,4.0000000000,0.0320000000,0.0000000000,0.0000000000,0.5825465000,-0.5907897000,0.5582178000,0.0000000000,0.0000000000,0.0000000000,0.5940506000,-0.5847061000,0.5524696000,1.8092670000,
21.70607,23853,True,1.0000000000,4.0000000000,-0.0320000000,0.0000000000,0.0000000000,0.6054752000,-0.5784796000,0.5465905000,True,1.0000000000,4.0000000000,0.0320000000,0.0000000000,0.0000000000,0.5825053000,-0.5908090000,0.5582403000,0.0000000000,0.0000000000,0.0000000000,0.5940508000,-0.5847039000,0.5524717000,1.8028150000,
21.71731,23864,True,1.0000000000,4.0000000000,-0.0320000000,0.0000000000,0.0000000000,0.6055233000,-0.5784515000,0.5465670000,True,1.0000000000,4.0000000000,0.0320000000,0.0000000000,0.0000000000,0.5824558000,-0.5908333000,0.5582664000,0.0000000000,0.0000000000,0.0000000000,0.5940506000,-0.5847025000,0.5524735000,1.7951790000,
21.72817,23875,True,1.0000000000,4.0000000000,-0.0320000000,0.0000000000,0.0000000000,0.6055740000,-0.5784262000,0.5465376000,True,1.0000000000,4.0000000000,0.0320000000,0.0000000000,0.0000000000,0.5824026000,-0.5908638000,0.5582895000,0.0000000000,0.0000000000,0.0000000000,0.5940499000,-0.5847057000,0.5524708000,1.7871350000,
21.73936,23886,True,1.0000000000,4.0000000000,-0.0320000000,0.0000000000,0.0000000000,0.6056297000,-0.5783949000,0.5465090000,True,1.0000000000,4.0000000000,0.0320000000,0.0000000000,0.0000000000,0.5823405000,-0.5908957000,0.5583206000,0.0000000000,0.0000000000,0.0000000000,0.5940473000,-0.5847065000,0.5524727000,1.7781040000,
21.75071,23898,True,1.0000000000,4.0000000000,-0.0320000000,0.0000000000,0.0000000000,0.6056898000,-0.5783625000,0.5464767000,True,1.0000000000,4.0000000000,0.0320000000,0.0000000000,0.0000000000,0.5822752000,-0.5909305000,0.5583519000,0.0000000000,0.0000000000,0.0000000000,0.5940454000,-0.5847084000,0.5524728000,1.7685870000,
21.76155,23909,True,1.0000000000,4.0000000000,-0.0320000000,0.0000000000,0.0000000000,0.6057482000,-0.5783284000,0.5464480000,True,1.0000000000,4.0000000000,0.0320000000,0.0000000000,0.0000000000,0.5822117000,-0.5909618000,0.5583850000,0.0000000000,0.0000000000,0.0000000000,0.5940436000,-0.5847077000,0.5524756000,1.7594220000,
21.77284,23920,True,1.0000000000,4.0000000000,-0.0320000000,0.0000000000,0.0000000000,0.6058133000,-0.5782937000,0.5464126000,True,1.0000000000,4.0000000000,0.0320000000,0.0000000000,0.0000000000,0.5821466000,-0.5909970000,0.5584155000,0.0000000000,0.0000000000,0.0000000000,0.5940442000,-0.5847086000,0.5524738000,1.7497520000,
21.78656,23935,True,1.0000000000,4.0000000000,-0.0320000000,0.0000000000,0.0000000000,0.6058725000,-0.5782610000,0.5463815000,True,1.0000000000,4.0000000000,0.0320000000,0.0000000000,0.0000000000,0.5820776000,-0.5910330000,0.5584494000,0.0000000000,0.0000000000,0.0000000000,0.5940400000,-0.5847110000,0.5524758000,1.7403270000,
21.79483,23942,True,1.0000000000,4.0000000000,-0.0320000000,0.0000000000,0.0000000000,0.6059255000,-0.5782307000,0.5463548000,True,1.0000000000,4.0000000000,0.0320000000,0.0000000000,0.0000000000,0.5820260000,-0.5910589000,0.5584758000,0.0000000000,0.0000000000,0.0000000000,0.5940413000,-0.5847093000,0.5524762000,1.7327040000,
21.80607,23953,True,1.0000000000,4.0000000000,-0.0320000000,0.0000000000,0.0000000000,0.6059749000,-0.5782041000,0.5463283000,True,1.0000000000,4.0000000000,0.0320000000,0.0000000000,0.0000000000,0.5819749000,-0.5910862000,0.5585002000,0.0000000000,0.0000000000,0.0000000000,0.5940409000,-0.5847102000,0.5524756000,1.7254490000,
21.81739,23964,True,1.0000000000,4.0000000000,-0.0320000000,0.0000000000,0.0000000000,0.6060169000,-0.5781809000,0.5463061000,True,1.0000000000,4.0000000000,0.0320000000,0.0000000000,0.0000000000,0.5819252000,-0.5911122000,0.5585244000,0.0000000000,0.0000000000,0.0000000000,0.5940376000,-0.5847121000,0.5524772000,1.7188910000,
21.82871,23976,True,1.0000000000,4.0000000000,-0.0320000000,0.0000000000,0.0000000000,0.6060607000,-0.5781557000,0.5462843000,True,1.0000000000,4.0000000000,0.0320000000,0.0000000000,0.0000000000,0.5818815000,-0.5911338000,0.5585470000,0.0000000000,0.0000000000,0.0000000000,0.5940382000,-0.5847108000,0.5524780000,1.7126700000,
21.84074,23988,True,1.0000000000,4.0000000000,-0.0320000000,0.0000000000,0.0000000000,0.6061069000,-0.5781321000,0.5462580000,True,1.0000000000,4.0000000000,0.0320000000,0.0000000000,0.0000000000,0.5818342000,-0.5911604000,0.5585681000,0.0000000000,0.0000000000,0.0000000000,0.5940382000,-0.5847128000,0.5524759000,1.7060680000,
21.85334,24000,True,1.0000000000,4.0000000000,-0.0320000000,0.0000000000,0.0000000000,0.6061519000,-0.5781033000,0.5462384000,True,1.0000000000,4.0000000000,0.0320000000,0.0000000000,0.0000000000,0.5817851000,-0.5911821000,0.5585964000,0.0000000000,0.0000000000,0.0000000000,0.5940366000,-0.5847098000,0.5524808000,1.6994790000,
21.86496,24012,True,1.0000000000,4.0000000000,-0.0320000000,0.0000000000,0.0000000000,0.6061908000,-0.5780829000,0.5462169000,True,1.0000000000,4.0000000000,0.0320000000,0.0000000000,0.0000000000,0.5817409000,-0.5912062000,0.5586169000,0.0000000000,0.0000000000,0.0000000000,0.5940344000,-0.5847120000,0.5524807000,1.6937140000,
21.8771,24024,True,1.0000000000,4.0000000000,-0.0320000000,0.0000000000,0.0000000000,0.6062244000,-0.5780684000,0.5461949000,True,1.0000000000,4.0000000000,0.0320000000,0.0000000000,0.0000000000,0.5817056000,-0.5912287000,0.5586297000,0.0000000000,0.0000000000,0.0000000000,0.5940341000,-0.5847165000,0.5524765000,1.6889540000,
21.88802,24037,True,1.0000000000,4.0000000000,-0.0320000000,0.0000000000,0.0000000000,0.6061774000,-0.5780921000,0.5462221000,True,1.0000000000,4.0000000000,0.0320000000,0.0000000000,0.0000000000,0.5817572000,-0.5911996000,0.5586069000,0.0000000000,0.0000000000,0.0000000000,0.5940358000,-0.5847132000,0.5524781000,1.6957690000,
21.89879,24046,True,1.0000000000,4.0000000000,-0.0320000000,0.0000000000,0.0000000000,0.6062380000,-0.5780585000,0.5461903000,True,1.0000000000,4.0000000000,0.0320000000,0.0000000000,0.0000000000,0.5816909000,-0.5912340000,0.5586395000,0.0000000000,0.0000000000,0.0000000000,0.5940336000,-0.5847143000,0.5524792000,1.6870080000,
21.91034,24058,True,1.0000000000,4.0000000000,-0.0320000000,0.0000000000,0.0000000000,0.6062540000,-0.5780490000,0.5461826000,True,1.0000000000,4.0000000000,0.0320000000,0.0000000000,0.0000000000,0.5816746000,-0.5912418000,0.5586482000,0.0000000000,0.0000000000,0.0000000000,0.5940337000,-0.5847136000,0.5524799000,1.6847860000,
21.92123,24068,True,1.0000000000,4.0000000000,-0.0320000000,0.0000000000,0.0000000000,0.6062639000,-0.5780446000,0.5461764000,True,1.0000000000,4.0000000000,0.0320000000,0.0000000000,0.0000000000,0.5816584000,-0.5912513000,0.5586550000,0.0000000000,0.0000000000,0.0000000000,0.5940306000,-0.5847163000,0.5524803000,1.6830110000,
21.93261,24080,True,1.0000000000,4.0000000000,-0.0320000000,0.0000000000,0.0000000000,0.6062686000,-0.5780407000,0.5461752000,True,1.0000000000,4.0000000000,0.0320000000,0.0000000000,0.0000000000,0.5816582000,-0.5912501000,0.5586564000,0.0000000000,0.0000000000,0.0000000000,0.5940329000,-0.5847138000,0.5524805000,1.6826660000,
21.94364,24091,True,1.0000000000,4.0000000000,-0.0320000000,0.0000000000,0.0000000000,0.6062645000,-0.5780433000,0.5461770000,True,1.0000000000,4.0000000000,0.0320000000,0.0000000000,0.0000000000,0.5816630000,-0.5912481000,0.5586538000,0.0000000000,0.0000000000,0.0000000000,0.5940331000,-0.5847141000,0.5524800000,1.6832760000,
21.95509,24102,True,1.0000000000,4.0000000000,-0.0320000000,0.0000000000,0.0000000000,0.6062568000,-0.5780482000,0.5461804000,True,1.0000000000,4.0000000000,0.0320000000,0.0000000000,0.0000000000,0.5816686000,-0.5912457000,0.5586504000,0.0000000000,0.0000000000,0.0000000000,0.5940321000,-0.5847152000,0.5524799000,1.6841920000,
21.97295,24120,True,1.0000000000,4.0000000000,-0.0320000000,0.0000000000,0.0000000000,0.6062471000,-0.5780522000,0.5461870000,True,1.0000000000,4.0000000000,0.0320000000,0.0000000000,0.0000000000,0.5816837000,-0.5912364000,0.5586444000,0.0000000000,0.0000000000,0.0000000000,0.5940346000,-0.5847124000,0.5524801000,1.6858850000,
21.98378,24131,True,1.0000000000,4.0000000000,-0.0320000000,0.0000000000,0.0000000000,0.6062359000,-0.5780591000,0.5461920000,True,1.0000000000,4.0000000000,0.0320000000,0.0000000000,0.0000000000,0.5816935000,-0.5912321000,0.5586388000,0.0000000000,0.0000000000,0.0000000000,0.5940338000,-0.5847136000,0.5524796000,1.6873300000,
21.99494,24142,True,1.0000000000,4.0000000000,-0.0320000000,0.0000000000,0.0000000000,0.6062269000,-0.5780641000,0.5461967000,True,1.0000000000,4.0000000000,0.0320000000,0.0000000000,0.0000000000,0.5816997000,-0.5912289000,0.5586358000,0.0000000000,0.0000000000,0.0000000000,0.5940323000,-0.5847145000,0.5524805000,1.6883720000,
22.00621,24153,True,1.0000000000,4.0000000000,-0.0320000000,0.0000000000,0.0000000000,0.6062224000,-0.5780665000,0.5461991000,True,1.0000000000,4.0000000000,0.0320000000,0.0000000000,0.0000000000,0.5817077000,-0.5912247000,0.5586319000,0.0000000000,0.0000000000,0.0000000000,0.5940340000,-0.5847135000,0.5524796000,1.6892320000,
22.01701,24164,True,1.0000000000,4.0000000000,-0.0320000000,0.0000000000,0.0000000000,0.6062151000,-0.5780712000,0.5462022000,True,1.0000000000,4.0000000000,0.0320000000,0.0000000000,0.0000000000,0.5817126000,-0.5912228000,0.5586288000,0.0000000000,0.0000000000,0.0000000000,0.5940328000,-0.5847148000,0.5524796000,1.6900770000,
22.0337,24181,True,1.0000000000,4.0000000000,-0.0320000000,0.0000000000,0.0000000000,0.6062182000,-0.5780681000,0.5462021000,True,1.0000000000,4.0000000000,0.0320000000,0.0000000000,0.0000000000,0.5817172000,-0.5912191000,0.5586280000,0.0000000000,0.0000000000,0.0000000000,0.5940366000,-0.5847114000,0.5524791000,1.6901660000,
22.05079,24198,True,1.0000000000,4.0000000000,-0.0320000000,0.0000000000,0.0000000000,0.6062112000,-0.5780724000,0.5462054000,True,1.0000000000,4.0000000000,0.0320000000,0.0000000000,0.0000000000,0.5817216000,-0.5912171000,0.5586255000,0.0000000000,0.0000000000,0.0000000000,0.5940352000,-0.5847124000,0.5524794000,1.6909650000,
22.06173,24209,True,1.0000000000,4.0000000000,-0.0320000000,0.0000000000,0.0000000000,0.6062129000,-0.5780712000,0.5462047000,True,1.0000000000,4.0000000000,0.0320000000,0.0000000000,0.0000000000,0.5817235000,-0.5912160000,0.5586247000,0.0000000000,0.0000000000,0.0000000000,0.5940369000,-0.5847113000,0.5524787000,1.6909750000,
22.07253,24219,True,1.0000000000,4.0000000000,-0.0320000000,0.0000000000,0.0000000000,0.6062129000,-0.5780717000,0.5462042000,True,1.0000000000,4.0000000000,0.0320000000,0.0000000000,0.0000000000,0.5817189000,-0.5912187000,0.5586265000,0.0000000000,0.0000000000,0.0000000000,0.5940347000,-0.5847130000,0.5524794000,1.6906600000,
22.08383,24240,True,1.0000000000,4.0000000000,-0.0320000000,0.0000000000,0.0000000000,0.6062171000,-0.5780699000,0.5462013000,True,1.0000000000,4.0000000000,0.0320000000,0.0000000000,0.0000000000,0.5817131000,-0.5912223000,0.5586287000,0.0000000000,0.0000000000,0.0000000000,0.5940340000,-0.5847139000,0.5524791000,1.6899680000,
22.0988,24246,True,1.0000000000,4.0000000000,-0.0320000000,0.0000000000,0.0000000000,0.6062230000,-0.5780676000,0.5461974000,True,1.0000000000,4.0000000000,0.0320000000,0.0000000000,0.0000000000,0.5817035000,-0.5912282000,0.5586325000,0.0000000000,0.0000000000,0.0000000000,0.5940322000,-0.5847158000,0.5524791000,1.6889080000,
22.11652,24264,True,1.0000000000,4.0000000000,-0.0320000000,0.0000000000,0.0000000000,0.6062278000,-0.5780618000,0.5461982000,True,1.0000000000,4.0000000000,0.0320000000,0.0000000000,0.0000000000,0.5816995000,-0.5912271000,0.5586379000,0.0000000000,0.0000000000,0.0000000000,0.5940326000,-0.5847124000,0.5524822000,1.6883100000,
22.12903,24276,True,1.0000000000,4.0000000000,-0.0320000000,0.0000000000,0.0000000000,0.6062344000,-0.5780601000,0.5461925000,True,1.0000000000,4.0000000000,0.0320000000,0.0000000000,0.0000000000,0.5816953000,-0.5912314000,0.5586377000,0.0000000000,0.0000000000,0.0000000000,0.5940340000,-0.5847138000,0.5524794000,1.6875530000,
22.13941,24286,True,1.0000000000,4.0000000000,-0.0320000000,0.0000000000,0.0000000000,0.6062363000,-0.5780582000,0.5461926000,True,1.0000000000,4.0000000000,0.0320000000,0.0000000000,0.0000000000,0.5816928000,-0.5912318000,0.5586398000,0.0000000000,0.0000000000,0.0000000000,0.5940337000,-0.5847130000,0.5524805000,1.6872620000,
22.15052,24298,True,1.0000000000,4.0000000000,-0.0320000000,0.0000000000,0.0000000000,0.6062408000,-0.5780557000,0.5461901000,True,1.0000000000,4.0000000000,0.0320000000,0.0000000000,0.0000000000,0.5816910000,-0.5912328000,0.5586407000,0.0000000000,0.0000000000,0.0000000000,0.5940350000,-0.5847123000,0.5524797000,1.6868170000,
22.16174,24309,True,1.0000000000,4.0000000000,-0.0320000000,0.0000000000,0.0000000000,0.6062416000,-0.5780559000,0.5461890000,True,1.0000000000,4.0000000000,0.0320000000,0.0000000000,0.0000000000,0.5816872000,-0.5912354000,0.5586419000,0.0000000000,0.0000000000,0.0000000000,0.5940336000,-0.5847138000,0.5524798000,1.6865020000,
22.1763,24324,True,1.0000000000,4.0000000000,-0.0320000000,0.0000000000,0.0000000000,0.6062444000,-0.5780523000,0.5461898000,True,1.0000000000,4.0000000000,0.0320000000,0.0000000000,0.0000000000,0.5816846000,-0.5912346000,0.5586454000,0.0000000000,0.0000000000,0.0000000000,0.5940337000,-0.5847117000,0.5524819000,1.6861350000,
22.18482,24332,True,1.0000000000,4.0000000000,-0.0320000000,0.0000000000,0.0000000000,0.6062467000,-0.5780538000,0.5461856000,True,1.0000000000,4.0000000000,0.0320000000,0.0000000000,0.0000000000,0.5816813000,-0.5912392000,0.5586440000,0.0000000000,0.0000000000,0.0000000000,0.5940332000,-0.5847147000,0.5524792000,1.6857460000,
22.19553,24342,True,1.0000000000,4.0000000000,-0.0320000000,0.0000000000,0.0000000000,0.6062479000,-0.5780518000,0.5461864000,True,1.0000000000,4.0000000000,0.0320000000,0.0000000000,0.0000000000,0.5816813000,-0.5912378000,0.5586455000,0.0000000000,0.0000000000,0.0000000000,0.5940338000,-0.5847130000,0.5524804000,1.6856640000,
22.20597,24353,True,1.0000000000,4.0000000000,-0.0320000000,0.0000000000,0.0000000000,0.6062500000,-0.5780537000,0.5461821000,True,1.0000000000,4.0000000000,0.0320000000,0.0000000000,0.0000000000,0.5816810000,-0.5912411000,0.5586423000,0.0000000000,0.0000000000,0.0000000000,0.5940348000,-0.5847156000,0.5524766000,1.6855050000,
22.21676,24363,True,1.0000000000,4.0000000000,-0.0320000000,0.0000000000,0.0000000000,0.6062459000,-0.5780545000,0.5461858000,True,1.0000000000,4.0000000000,0.0320000000,0.0000000000,0.0000000000,0.5816838000,-0.5912381000,0.5586425000,0.0000000000,0.0000000000,0.0000000000,0.5940340000,-0.5847145000,0.5524786000,1.6859720000,
22.22808,24375,True,1.0000000000,4.0000000000,-0.0320000000,0.0000000000,0.0000000000,0.6062444000,-0.5780549000,0.5461870000,True,1.0000000000,4.0000000000,0.0320000000,0.0000000000,0.0000000000,0.5816849000,-0.5912371000,0.5586425000,0.0000000000,0.0000000000,0.0000000000,0.5940339000,-0.5847141000,0.5524791000,1.6861540000,
22.23933,24386,True,1.0000000000,4.0000000000,-0.0320000000,0.0000000000,0.0000000000,0.6062456000,-0.5780567000,0.5461838000,True,1.0000000000,4.0000000000,0.0320000000,0.0000000000,0.0000000000,0.5816856000,-0.5912392000,0.5586395000,0.0000000000,0.0000000000,0.0000000000,0.5940349000,-0.5847160000,0.5524760000,1.6861140000,
22.25126,24398,True,1.0000000000,4.0000000000,-0.0320000000,0.0000000000,0.0000000000,0.6062446000,-0.5780575000,0.5461841000,True,1.0000000000,4.0000000000,0.0320000000,0.0000000000,0.0000000000,0.5816844000,-0.5912401000,0.5586398000,0.0000000000,0.0000000000,0.0000000000,0.5940337000,-0.5847170000,0.5524763000,1.6861090000,
22.26267,24410,True,1.0000000000,4.0000000000,-0.0320000000,0.0000000000,0.0000000000,0.6062416000,-0.5780544000,0.5461906000,True,1.0000000000,4.0000000000,0.0320000000,0.0000000000,0.0000000000,0.5816835000,-0.5912357000,0.5586454000,0.0000000000,0.0000000000,0.0000000000,0.5940318000,-0.5847132000,0.5524824000,1.6862550000,
22.27248,24419,True,1.0000000000,4.0000000000,-0.0320000000,0.0000000000,0.0000000000,0.6062443000,-0.5780567000,0.5461852000,True,1.0000000000,4.0000000000,0.0320000000,0.0000000000,0.0000000000,0.5816849000,-0.5912389000,0.5586405000,0.0000000000,0.0000000000,0.0000000000,0.5940338000,-0.5847160000,0.5524773000,1.6861610000,
22.28389,24431,True,1.0000000000,4.0000000000,-0.0320000000,0.0000000000,0.0000000000,0.6062422000,-0.5780575000,0.5461868000,True,1.0000000000,4.0000000000,0.0320000000,0.0000000000,0.0000000000,0.5816873000,-0.5912372000,0.5586398000,0.0000000000,0.0000000000,0.0000000000,0.5940340000,-0.5847154000,0.5524777000,1.6864700000,
22.29475,24441,True,1.0000000000,4.0000000000,-0.0320000000,0.0000000000,0.0000000000,0.6062424000,-0.5780535000,0.5461908000,True,1.0000000000,4.0000000000,0.0320000000,0.0000000000,0.0000000000,0.5816888000,-0.5912324000,0.5586433000,0.0000000000,0.0000000000,0.0000000000,0.5940347000,-0.5847111000,0.5524814000,1.6865550000,
22.30592,24453,True,1.0000000000,4.0000000000,-0.0320000000,0.0000000000,0.0000000000,0.6062376000,-0.5780578000,0.5461915000,True,1.0000000000,4.0000000000,0.0320000000,0.0000000000,0.0000000000,0.5816900000,-0.5912336000,0.5586410000,0.0000000000,0.0000000000,0.0000000000,0.5940329000,-0.5847138000,0.5524805000,1.6869680000,
22.31723,24464,True,1.0000000000,4.0000000000,-0.0320000000,0.0000000000,0.0000000000,0.6062361000,-0.5780591000,0.5461918000,True,1.0000000000,4.0000000000,0.0320000000,0.0000000000,0.0000000000,0.5816884000,-0.5912349000,0.5586412000,0.0000000000,0.0000000000,0.0000000000,0.5940315000,-0.5847151000,0.5524808000,1.6869720000,
22.33456,24482,True,1.0000000000,4.0000000000,-0.0320000000,0.0000000000,0.0000000000,0.6062405000,-0.5780565000,0.5461898000,True,1.0000000000,4.0000000000,0.0320000000,0.0000000000,0.0000000000,0.5816907000,-0.5912334000,0.5586404000,0.0000000000,0.0000000000,0.0000000000,0.5940347000,-0.5847130000,0.5524794000,1.6868130000,
22.35134,24498,True,1.0000000000,4.0000000000,-0.0320000000,0.0000000000,0.0000000000,0.6062376000,-0.5780575000,0.5461918000,True,1.0000000000,4.0000000000,0.0320000000,0.0000000000,0.0000000000,0.5816895000,-0.5912336000,0.5586415000,0.0000000000,0.0000000000,0.0000000000,0.5940327000,-0.5847136000,0.5524810000,1.6869360000,
22.35981,24507,True,1.0000000000,4.0000000000,-0.0320000000,0.0000000000,0.0000000000,0.6062358000,-0.5780599000,0.5461913000,True,1.0000000000,4.0000000000,0.0320000000,0.0000000000,0.0000000000,0.5816934000,-0.5912329000,0.5586380000,0.0000000000,0.0000000000,0.0000000000,0.5940337000,-0.5847144000,0.5524789000,1.6873310000,
22.37572,24524,True,1.0000000000,4.0000000000,-0.0320000000,0.0000000000,0.0000000000,0.6062257000,-0.5780651000,0.5461970000,True,1.0000000000,4.0000000000,0.0320000000,0.0000000000,0.0000000000,0.5817052000,-0.5912263000,0.5586327000,0.0000000000,0.0000000000,0.0000000000,0.5940344000,-0.5847136000,0.5524790000,1.6888360000,
22.38543,24532,True,1.0000000000,4.0000000000,-0.0320000000,0.0000000000,0.0000000000,0.6062174000,-0.5780703000,0.5462006000,True,1.0000000000,4.0000000000,0.0320000000,0.0000000000,0.0000000000,0.5817156000,-0.5912216000,0.5586268000,0.0000000000,0.0000000000,0.0000000000,0.5940354000,-0.5847138000,0.5524778000,1.6901200000,
22.39488,24542,True,1.0000000000,4.0000000000,-0.0320000000,0.0000000000,0.0000000000,0.6062053000,-0.5780759000,0.5462082000,True,1.0000000000,4.0000000000,0.0320000000,0.0000000000,0.0000000000,0.5817289000,-0.5912135000,0.5586217000,0.0000000000,0.0000000000,0.0000000000,0.5940359000,-0.5847124000,0.5524788000,1.6918640000,
22.40612,24553,True,1.0000000000,4.0000000000,-0.0320000000,0.0000000000,0.0000000000,0.6061894000,-0.5780863000,0.5462149000,True,1.0000000000,4.0000000000,0.0320000000,0.0000000000,0.0000000000,0.5817439000,-0.5912073000,0.5586125000,0.0000000000,0.0000000000,0.0000000000,0.5940352000,-0.5847144000,0.5524775000,1.6940160000,
22.41714,24564,True,1.0000000000,4.0000000000,-0.0320000000,0.0000000000,0.0000000000,0.6061693000,-0.5780967000,0.5462261000,True,1.0000000000,4.0000000000,0.0320000000,0.0000000000,0.0000000000,0.5817669000,-0.5911946000,0.5586020000,0.0000000000,0.0000000000,0.0000000000,0.5940365000,-0.5847129000,0.5524776000,1.6970030000,
22.42849,24575,True,1.0000000000,4.0000000000,-0.0320000000,0.0000000000,0.0000000000,0.6061498000,-0.5781056000,0.5462384000,True,1.0000000000,4.0000000000,0.0320000000,0.0000000000,0.0000000000,0.5817841000,-0.5911838000,0.5585956000,0.0000000000,0.0000000000,0.0000000000,0.5940351000,-0.5847118000,0.5524803000,1.6995640000,
22.43944,24587,True,1.0000000000,4.0000000000,-0.0320000000,0.0000000000,0.0000000000,0.6061282000,-0.5781192000,0.5462480000,True,1.0000000000,4.0000000000,0.0320000000,0.0000000000,0.0000000000,0.5818086000,-0.5911727000,0.5585818000,0.0000000000,0.0000000000,0.0000000000,0.5940363000,-0.5847127000,0.5524780000,1.7027860000,
22.45615,24603,True,1.0000000000,4.0000000000,-0.0320000000,0.0000000000,0.0000000000,0.6061035000,-0.5781336000,0.5462601000,True,1.0000000000,4.0000000000,0.0320000000,0.0000000000,0.0000000000,0.5818330000,-0.5911608000,0.5585690000,0.0000000000,0.0000000000,0.0000000000,0.5940359000,-0.5847137000,0.5524774000,1.7062290000,
22.47281,24619,True,1.0000000000,4.0000000000,-0.0320000000,0.0000000000,0.0000000000,0.6060544000,-0.5781578000,0.5462889000,True,1.0000000000,4.0000000000,0.0320000000,0.0000000000,0.0000000000,0.5818885000,-0.5911289000,0.5585449000,0.0000000000,0.0000000000,0.0000000000,0.5940385000,-0.5847093000,0.5524792000,1.7136030000,
22.4837,24631,True,1.0000000000,4.0000000000,-0.0320000000,0.0000000000,0.0000000000,0.6060225000,-0.5781772000,0.5463037000,True,1.0000000000,4.0000000000,0.0320000000,0.0000000000,0.0000000000,0.5819198000,-0.5911143000,0.5585278000,0.0000000000,0.0000000000,0.0000000000,0.5940378000,-0.5847114000,0.5524777000,1.7181040000,
22.49488,24642,True,1.0000000000,4.0000000000,-0.0320000000,0.0000000000,0.0000000000,0.6059909000,-0.5781957000,0.5463194000,True,1.0000000000,4.0000000000,0.0320000000,0.0000000000,0.0000000000,0.5819582000,-0.5910953000,0.5585078000,0.0000000000,0.0000000000,0.0000000000,0.5940408000,-0.5847108000,0.5524752000,1.7231030000,
22.50646,24653,True,1.0000000000,4.0000000000,-0.0320000000,0.0000000000,0.0000000000,0.6059558000,-0.5782130000,0.5463400000,True,1.0000000000,4.0000000000,0.0320000000,0.0000000000,0.0000000000,0.5819961000,-0.5910735000,0.5584915000,0.0000000000,0.0000000000,0.0000000000,0.5940418000,-0.5847081000,0.5524770000,1.7283480000,
22.51827,24665,True,1.0000000000,4.0000000000,-0.0320000000,0.0000000000,0.0000000000,0.6059173000,-0.5782356000,0.5463588000,True,1.0000000000,4.0000000000,0.0320000000,0.0000000000,0.0000000000,0.5820324000,-0.5910559000,0.5584723000,0.0000000000,0.0000000000,0.0000000000,0.5940403000,-0.5847101000,0.5524764000,1.7337660000,
22.52771,24675,True,1.0000000000,4.0000000000,-0.0320000000,0.0000000000,0.0000000000,0.6058822000,-0.5782545000,0.5463776000,True,1.0000000000,4.0000000000,0.0320000000,0.0000000000,0.0000000000,0.5820723000,-0.5910347000,0.5584532000,0.0000000000,0.0000000000,0.0000000000,0.5940423000,-0.5847086000,0.5524759000,1.7392200000,
22.53896,24686,True,1.0000000000,4.0000000000,-0.0320000000,0.0000000000,0.0000000000,0.6058486000,-0.5782744000,0.5463938000,True,1.0000000000,4.0000000000,0.0320000000,0.0000000000,0.0000000000,0.5821096000,-0.5910164000,0.5584335000,0.0000000000,0.0000000000,0.0000000000,0.5940438000,-0.5847090000,0.5524738000,1.7444140000,
22.55021,24697,True,1.0000000000,4.0000000000,-0.0320000000,0.0000000000,0.0000000000,0.6058118000,-0.5782921000,0.5464160000,True,1.0000000000,4.0000000000,0.0320000000,0.0000000000,0.0000000000,0.5821422000,-0.5909968000,0.5584204000,0.0000000000,0.0000000000,0.0000000000,0.5940412000,-0.5847077000,0.5524780000,1.7495410000,
22.56143,24708,True,1.0000000000,4.0000000000,-0.0320000000,0.0000000000,0.0000000000,0.6057814000,-0.5783130000,0.5464275000,True,1.0000000000,4.0000000000,0.0320000000,0.0000000000,0.0000000000,0.5821766000,-0.5909830000,0.5583990000,0.0000000000,0.0000000000,0.0000000000,0.5940430000,-0.5847110000,0.5524728000,1.7543420000,
22.57235,24719,True,1.0000000000,4.0000000000,-0.0320000000,0.0000000000,0.0000000000,0.6057481000,-0.5783310000,0.5464453000,True,1.0000000000,4.0000000000,0.0320000000,0.0000000000,0.0000000000,0.5822163000,-0.5909621000,0.5583799000,0.0000000000,0.0000000000,0.0000000000,0.5940458000,-0.5847091000,0.5524718000,1.7597620000,
22.58363,24731,True,1.0000000000,4.0000000000,-0.0320000000,0.0000000000,0.0000000000,0.6057090000,-0.5783517000,0.5464667000,True,1.0000000000,4.0000000000,0.0320000000,0.0000000000,0.0000000000,0.5822571000,-0.5909398000,0.5583609000,0.0000000000,0.0000000000,0.0000000000,0.5940462000,-0.5847079000,0.5524725000,1.7657610000,
22.59453,24741,True,1.0000000000,4.0000000000,-0.0320000000,0.0000000000,0.0000000000,0.6056674000,-0.5783727000,0.5464906000,True,1.0000000000,4.0000000000,0.0320000000,0.0000000000,0.0000000000,0.5823021000,-0.5909143000,0.5583409000,0.0000000000,0.0000000000,0.0000000000,0.5940474000,-0.5847051000,0.5524740000,1.7723110000,
22.60709,24754,True,1.0000000000,4.0000000000,-0.0320000000,0.0000000000,0.0000000000,0.6056204000,-0.5783981000,0.5465159000,True,1.0000000000,4.0000000000,0.0320000000,0.0000000000,0.0000000000,0.5823536000,-0.5908868000,0.5583163000,0.0000000000,0.0000000000,0.0000000000,0.5940491000,-0.5847036000,0.5524738000,1.7798110000,
22.61679,24764,True,1.0000000000,4.0000000000,-0.0320000000,0.0000000000,0.0000000000,0.6055702000,-0.5784261000,0.5465419000,True,1.0000000000,4.0000000000,0.0320000000,0.0000000000,0.0000000000,0.5824056000,-0.5908600000,0.5582904000,0.0000000000,0.0000000000,0.0000000000,0.5940495000,-0.5847037000,0.5524734000,1.7876600000,
22.62823,24775,True,1.0000000000,4.0000000000,-0.0320000000,0.0000000000,0.0000000000,0.6055179000,-0.5784570000,0.5465671000,True,1.0000000000,4.0000000000,0.0320000000,0.0000000000,0.0000000000,0.5824589000,-0.5908344000,0.5582620000,0.0000000000,0.0000000000,0.0000000000,0.5940494000,-0.5847057000,0.5524713000,1.7958480000,
22.63934,24786,True,1.0000000000,4.0000000000,-0.0320000000,0.0000000000,0.0000000000,0.6054619000,-0.5784884000,0.5465960000,True,1.0000000000,4.0000000000,0.0320000000,0.0000000000,0.0000000000,0.5825179000,-0.5908040000,0.5582325000,0.0000000000,0.0000000000,0.0000000000,0.5940503000,-0.5847057000,0.5524704000,1.8048550000,
22.66697,24815,True,1.0000000000,4.0000000000,-0.0320000000,0.0000000000,0.0000000000,0.6054127000,-0.5785140000,0.5466232000,True,1.0000000000,4.0000000000,0.0320000000,0.0000000000,0.0000000000,0.5825741000,-0.5907732000,0.5582066000,0.0000000000,0.0000000000,0.0000000000,0.5940533000,-0.5847025000,0.5524706000,1.8131690000,
22.67504,24835,True,1.0000000000,4.0000000000,-0.0320000000,0.0000000000,0.0000000000,0.6053630000,-0.5785422000,0.5466485000,True,1.0000000000,4.0000000000,0.0320000000,0.0000000000,0.0000000000,0.5826255000,-0.5907470000,0.5581806000,0.0000000000,0.0000000000,0.0000000000,0.5940536000,-0.5847030000,0.5524697000,1.8212290000,
22.69672,24844,True,1.0000000000,4.0000000000,-0.0320000000,0.0000000000,0.0000000000,0.6052157000,-0.5786238000,0.5467253000,True,1.0000000000,4.0000000000,0.0320000000,0.0000000000,0.0000000000,0.5827809000,-0.5906662000,0.5581037000,0.0000000000,0.0000000000,0.0000000000,0.5940561000,-0.5847019000,0.5524682000,1.8458040000,
22.70583,24853,True,1.0000000000,4.0000000000,-0.0320000000,0.0000000000,0.0000000000,0.6051158000,-0.5786788000,0.5467776000,True,1.0000000000,4.0000000000,0.0320000000,0.0000000000,0.0000000000,0.5828870000,-0.5906107000,0.5580517000,0.0000000000,0.0000000000,0.0000000000,0.5940581000,-0.5847006000,0.5524674000,1.8629020000,
22.71707,24864,True,1.0000000000,4.0000000000,-0.0320000000,0.0000000000,0.0000000000,0.6051375000,-0.5786682000,0.5467647000,True,1.0000000000,4.0000000000,0.0320000000,0.0000000000,0.0000000000,0.5828639000,-0.5906243000,0.5580616000,0.0000000000,0.0000000000,0.0000000000,0.5940577000,-0.5847023000,0.5524661000,1.8591510000,
22.73621,24883,True,1.0000000000,4.0000000000,-0.0320000000,0.0000000000,0.0000000000,0.6051041000,-0.5786856000,0.5467833000,True,1.0000000000,4.0000000000,0.0320000000,0.0000000000,0.0000000000,0.5828984000,-0.5906051000,0.5580457000,0.0000000000,0.0000000000,0.0000000000,0.5940579000,-0.5847010000,0.5524672000,1.8648450000,
22.75028,24897,True,1.0000000000,4.0000000000,-0.0320000000,0.0000000000,0.0000000000,0.6050210000,-0.5787319000,0.5468264000,True,1.0000000000,4.0000000000,0.0320000000,0.0000000000,0.0000000000,0.5829906000,-0.5905573000,0.5580000000,0.0000000000,0.0000000000,0.0000000000,0.5940615000,-0.5846995000,0.5524650000,1.8796810000,
22.7612,24908,True,1.0000000000,4.0000000000,-0.0320000000,0.0000000000,0.0000000000,0.6049842000,-0.5787523000,0.5468454000,True,1.0000000000,4.0000000000,0.0320000000,0.0000000000,0.0000000000,0.5830278000,-0.5905382000,0.5579814000,0.0000000000,0.0000000000,0.0000000000,0.5940613000,-0.5846997000,0.5524649000,1.8860090000,
22.78166,24929,True,1.0000000000,4.0000000000,-0.0320000000,0.0000000000,0.0000000000,0.6049492000,-0.5787717000,0.5468636000,True,1.0000000000,4.0000000000,0.0320000000,0.0000000000,0.0000000000,0.5830633000,-0.5905197000,0.5579638000,0.0000000000,0.0000000000,0.0000000000,0.5940613000,-0.5846998000,0.5524648000,1.8920870000,
22.79455,24941,True,1.0000000000,4.0000000000,-0.0320000000,0.0000000000,0.0000000000,0.6048653000,-0.5788176000,0.5469078000,True,1.0000000000,4.0000000000,0.0320000000,0.0000000000,0.0000000000,0.5831542000,-0.5904719000,0.5579196000,0.0000000000,0.0000000000,0.0000000000,0.5940638000,-0.5846980000,0.5524640000,1.9073070000,
22.80567,24953,True,1.0000000000,4.0000000000,-0.0320000000,0.0000000000,0.0000000000,0.6048241000,-0.5788406000,0.5469289000,True,1.0000000000,4.0000000000,0.0320000000,0.0000000000,0.0000000000,0.5831960000,-0.5904503000,0.5578987000,0.0000000000,0.0000000000,0.0000000000,0.5940638000,-0.5846983000,0.5524638000,1.9146240000,
22.81714,24964,True,1.0000000000,4.0000000000,-0.0320000000,0.0000000000,0.0000000000,0.6047782000,-0.5788670000,0.5469519000,True,1.0000000000,4.0000000000,0.0320000000,0.0000000000,0.0000000000,0.5832469000,-0.5904248000,0.5578725000,0.0000000000,0.0000000000,0.0000000000,0.5940657000,-0.5846983000,0.5524616000,1.9232380000,
22.8283,24975,True,1.0000000000,4.0000000000,-0.0320000000,0.0000000000,0.0000000000,0.6047305000,-0.5788913000,0.5469788000,True,1.0000000000,4.0000000000,0.0320000000,0.0000000000,0.0000000000,0.5832975000,-0.5903963000,0.5578496000,0.0000000000,0.0000000000,0.0000000000,0.5940667000,-0.5846957000,0.5524632000,1.9320570000,
22.84874,24996,True,1.0000000000,4.0000000000,-0.0320000000,0.0000000000,0.0000000000,0.6046931000,-0.5789132000,0.5469970000,True,1.0000000000,4.0000000000,0.0320000000,0.0000000000,0.0000000000,0.5833380000,-0.5903764000,0.5578284000,0.0000000000,0.0000000000,0.0000000000,0.5940679000,-0.5846963000,0.5524614000,1.9390930000,
22.87396,25021,True,1.0000000000,4.0000000000,-0.0320000000,0.0000000000,0.0000000000,0.6046296000,-0.5789464000,0.5470321000,True,1.0000000000,4.0000000000,0.0320000000,0.0000000000,0.0000000000,0.5834078000,-0.5903382000,0.5577959000,0.0000000000,0.0000000000,0.0000000000,0.5940704000,-0.5846931000,0.5524621000,1.9512720000,
22.88343,25031,True,1.0000000000,4.0000000000,-0.0320000000,0.0000000000,0.0000000000,0.6045159000,-0.5790119000,0.5470886000,True,1.0000000000,4.0000000000,0.0320000000,0.0000000000,0.0000000000,0.5835209000,-0.5902817000,0.5577372000,0.0000000000,0.0000000000,0.0000000000,0.5940689000,-0.5846966000,0.5524600000,1.9723720000,
22.8942,25041,True,1.0000000000,4.0000000000,-0.0320000000,0.0000000000,0.0000000000,0.6045266000,-0.5790040000,0.5470850000,True,1.0000000000,4.0000000000,0.0320000000,0.0000000000,0.0000000000,0.5835138000,-0.5902836000,0.5577428000,0.0000000000,0.0000000000,0.0000000000,0.5940709000,-0.5846936000,0.5524610000,1.9706870000,
22.90549,25052,True,1.0000000000,4.0000000000,-0.0320000000,0.0000000000,0.0000000000,0.6044973000,-0.5790194000,0.5471011000,True,1.0000000000,4.0000000000,0.0320000000,0.0000000000,0.0000000000,0.5835466000,-0.5902656000,0.5577273000,0.0000000000,0.0000000000,0.0000000000,0.5940723000,-0.5846921000,0.5524611000,1.9765220000,
22.97019,25118,True,1.0000000000,4.0000000000,-0.0320000000,0.0000000000,0.0000000000,0.6044775000,-0.5790330000,0.5471086000,True,1.0000000000,4.0000000000,0.0320000000,0.0000000000,0.0000000000,0.5835635000,-0.5902597000,0.5577161000,0.0000000000,0.0000000000,0.0000000000,0.5940707000,-0.5846958000,0.5524590000,1.9800010000,
22.98314,25130,True,1.0000000000,4.0000000000,-0.0320000000,0.0000000000,0.0000000000,0.6042414000,-0.5791617000,0.5472331000,True,1.0000000000,4.0000000000,0.0320000000,0.0000000000,0.0000000000,0.5838147000,-0.5901268000,0.5575936000,0.0000000000,0.0000000000,0.0000000000,0.5940760000,-0.5846914000,0.5524579000,2.0272190000,
22.99441,25141,True,1.0000000000,4.0000000000,-0.0320000000,0.0000000000,0.0000000000,0.6043196000,-0.5791173000,0.5471938000,True,1.0000000000,4.0000000000,0.0320000000,0.0000000000,0.0000000000,0.5837333000,-0.5901681000,0.5576353000,0.0000000000,0.0000000000,0.0000000000,0.5940751000,-0.5846905000,0.5524598000,2.0115030000,
23.00574,25153,True,1.0000000000,4.0000000000,-0.0320000000,0.0000000000,0.0000000000,0.6043013000,-0.5791273000,0.5472035000,True,1.0000000000,4.0000000000,0.0320000000,0.0000000000,0.0000000000,0.5837542000,-0.5901570000,0.5576252000,0.0000000000,0.0000000000,0.0000000000,0.5940762000,-0.5846898000,0.5524594000,2.0153480000,
23.01641,25163,True,1.0000000000,4.0000000000,-0.0320000000,0.0000000000,0.0000000000,0.6042836000,-0.5791388000,0.5472109000,True,1.0000000000,4.0000000000,0.0320000000,0.0000000000,0.0000000000,0.5837693000,-0.5901508000,0.5576158000,0.0000000000,0.0000000000,0.0000000000,0.5940747000,-0.5846923000,0.5524583000,2.0185720000,
23.0284,25176,True,1.0000000000,4.0000000000,-0.0320000000,0.0000000000,0.0000000000,0.6042657000,-0.5791511000,0.5472174000,True,1.0000000000,4.0000000000,0.0320000000,0.0000000000,0.0000000000,0.5837869000,-0.5901442000,0.5576044000,0.0000000000,0.0000000000,0.0000000000,0.5940745000,-0.5846950000,0.5524557000,2.0220690000,
23.0386,25185,True,1.0000000000,4.0000000000,-0.0320000000,0.0000000000,0.0000000000,0.6042495000,-0.5791568000,0.5472293000,True,1.0000000000,4.0000000000,0.0320000000,0.0000000000,0.0000000000,0.5838082000,-0.5901297000,0.5575973000,0.0000000000,0.0000000000,0.0000000000,0.5940768000,-0.5846905000,0.5524579000,2.0257770000,
23.05751,25205,True,1.0000000000,4.0000000000,-0.0320000000,0.0000000000,0.0000000000,0.6042328000,-0.5791641000,0.5472401000,True,1.0000000000,4.0000000000,0.0320000000,0.0000000000,0.0000000000,0.5838275000,-0.5901176000,0.5575899000,0.0000000000,0.0000000000,0.0000000000,0.5940779000,-0.5846879000,0.5524595000,2.0293450000,
23.06638,25214,True,1.0000000000,4.0000000000,-0.0320000000,0.0000000000,0.0000000000,0.6042105000,-0.5791799000,0.5472478000,True,1.0000000000,4.0000000000,0.0320000000,0.0000000000,0.0000000000,0.5838448000,-0.5901123000,0.5575775000,0.0000000000,0.0000000000,0.0000000000,0.5940752000,-0.5846930000,0.5524570000,2.0332870000,
23.08312,25230,True,1.0000000000,4.0000000000,-0.0320000000,0.0000000000,0.0000000000,0.6041754000,-0.5791985000,0.5472671000,True,1.0000000000,4.0000000000,0.0320000000,0.0000000000,0.0000000000,0.5838847000,-0.5900905000,0.5575588000,0.0000000000,0.0000000000,0.0000000000,0.5940773000,-0.5846910000,0.5524569000,2.0408090000,
23.09455,25241,True,1.0000000000,4.0000000000,-0.0320000000,0.0000000000,0.0000000000,0.6041584000,-0.5792060000,0.5472778000,True,1.0000000000,4.0000000000,0.0320000000,0.0000000000,0.0000000000,0.5839037000,-0.5900788000,0.5575513000,0.0000000000,0.0000000000,0.0000000000,0.5940781000,-0.5846888000,0.5524583000,2.0444180000,
23.10578,25253,True,1.0000000000,4.0000000000,-0.0320000000,0.0000000000,0.0000000000,0.6041415000,-0.5792174000,0.5472844000,True,1.0000000000,4.0000000000,0.0320000000,0.0000000000,0.0000000000,0.5839213000,-0.5900718000,0.5575404000,0.0000000000,0.0000000000,0.0000000000,0.5940783000,-0.5846907000,0.5524560000,2.0479080000,
23.13995,25287,True,1.0000000000,4.0000000000,-0.0320000000,0.0000000000,0.0000000000,0.6041240000,-0.5792264000,0.5472943000,True,1.0000000000,4.0000000000,0.0320000000,0.0000000000,0.0000000000,0.5839399000,-0.5900613000,0.5575320000,0.0000000000,0.0000000000,0.0000000000,0.5940787000,-0.5846899000,0.5524566000,2.0515920000,
23.15392,25301,True,1.0000000000,4.0000000000,-0.0320000000,0.0000000000,0.0000000000,0.6040546000,-0.5792657000,0.5473294000,True,1.0000000000,4.0000000000,0.0320000000,0.0000000000,0.0000000000,0.5840114000,-0.5900249000,0.5574955000,0.0000000000,0.0000000000,0.0000000000,0.5940791000,-0.5846907000,0.5524553000,2.0660070000,
23.17206,25319,True,1.0000000000,4.0000000000,-0.0320000000,0.0000000000,0.0000000000,0.6040430000,-0.5792710000,0.5473365000,True,1.0000000000,4.0000000000,0.0320000000,0.0000000000,0.0000000000,0.5840248000,-0.5900169000,0.5574899000,0.0000000000,0.0000000000,0.0000000000,0.5940799000,-0.5846892000,0.5524560000,2.0685830000,
23.1832,25331,True,1.0000000000,4.0000000000,-0.0320000000,0.0000000000,0.0000000000,0.6040290000,-0.5792803000,0.5473422000,True,1.0000000000,4.0000000000,0.0320000000,0.0000000000,0.0000000000,0.5840374000,-0.5900118000,0.5574821000,0.0000000000,0.0000000000,0.0000000000,0.5940791000,-0.5846912000,0.5524548000,2.0713410000,
23.20776,25373,True,1.0000000000,4.0000000000,-0.0320000000,0.0000000000,0.0000000000,0.6040244000,-0.5792826000,0.5473446000,True,1.0000000000,4.0000000000,0.0320000000,0.0000000000,0.0000000000,0.5840423000,-0.5900092000,0.5574798000,0.0000000000,0.0000000000,0.0000000000,0.5940792000,-0.5846910000,0.5524549000,2.0723300000,
23.23142,25379,True,1.0000000000,4.0000000000,-0.0320000000,0.0000000000,0.0000000000,0.6040009000,-0.5792950000,0.5473574000,True,1.0000000000,4.0000000000,0.0320000000,0.0000000000,0.0000000000,0.5840680000,-0.5899953000,0.5574677000,0.0000000000,0.0000000000,0.0000000000,0.5940801000,-0.5846900000,0.5524549000,2.0774290000,
23.24969,25397,True,1.0000000000,4.0000000000,-0.0320000000,0.0000000000,0.0000000000,0.6039920000,-0.5793006000,0.5473613000,True,1.0000000000,4.0000000000,0.0320000000,0.0000000000,0.0000000000,0.5840754000,-0.5899920000,0.5574634000,0.0000000000,0.0000000000,0.0000000000,0.5940793000,-0.5846912000,0.5524547000,2.0791310000,
23.26092,25408,True,1.0000000000,4.0000000000,-0.0320000000,0.0000000000,0.0000000000,0.6039927000,-0.5792986000,0.5473627000,True,1.0000000000,4.0000000000,0.0320000000,0.0000000000,0.0000000000,0.5840780000,-0.5899890000,0.5574637000,0.0000000000,0.0000000000,0.0000000000,0.5940809000,-0.5846886000,0.5524555000,2.0793370000,
23.27214,25419,True,1.0000000000,4.0000000000,-0.0320000000,0.0000000000,0.0000000000,0.6039900000,-0.5793006000,0.5473637000,True,1.0000000000,4.0000000000,0.0320000000,0.0000000000,0.0000000000,0.5840809000,-0.5899879000,0.5574619000,0.0000000000,0.0000000000,0.0000000000,0.5940810000,-0.5846890000,0.5524551000,2.0799180000,
23.28326,25431,True,1.0000000000,4.0000000000,-0.0320000000,0.0000000000,0.0000000000,0.6039876000,-0.5793012000,0.5473655000,True,1.0000000000,4.0000000000,0.0320000000,0.0000000000,0.0000000000,0.5840838000,-0.5899858000,0.5574611000,0.0000000000,0.0000000000,0.0000000000,0.5940812000,-0.5846882000,0.5524556000,2.0804650000,
23.29441,25443,True,1.0000000000,4.0000000000,-0.0320000000,0.0000000000,0.0000000000,0.6039886000,-0.5792993000,0.5473665000,True,1.0000000000,4.0000000000,0.0320000000,0.0000000000,0.0000000000,0.5840842000,-0.5899842000,0.5574625000,0.0000000000,0.0000000000,0.0000000000,0.5940819000,-0.5846865000,0.5524567000,2.0803860000,
23.30567,25453,True,1.0000000000,4.0000000000,-0.0320000000,0.0000000000,0.0000000000,0.6039843000,-0.5793036000,0.5473668000,True,1.0000000000,4.0000000000,0.0320000000,0.0000000000,0.0000000000,0.5840862000,-0.5899851000,0.5574594000,0.0000000000,0.0000000000,0.0000000000,0.5940806000,-0.5846891000,0.5524553000,2.0810640000,
23.317,25464,True,1.0000000000,4.0000000000,-0.0320000000,0.0000000000,0.0000000000,0.6039833000,-0.5793044000,0.5473669000,True,1.0000000000,4.0000000000,0.0320000000,0.0000000000,0.0000000000,0.5840878000,-0.5899845000,0.5574582000,0.0000000000,0.0000000000,0.0000000000,0.5940810000,-0.5846891000,0.5524548000,2.0813410000,
23.32788,25475,True,1.0000000000,4.0000000000,-0.0320000000,0.0000000000,0.0000000000,0.6039814000,-0.5793051000,0.5473683000,True,1.0000000000,4.0000000000,0.0320000000,0.0000000000,0.0000000000,0.5840898000,-0.5899831000,0.5574576000,0.0000000000,0.0000000000,0.0000000000,0.5940810000,-0.5846888000,0.5524552000,2.0817360000,
23.36427,25512,True,1.0000000000,4.0000000000,-0.0320000000,0.0000000000,0.0000000000,0.6039799000,-0.5793058000,0.5473692000,True,1.0000000000,4.0000000000,0.0320000000,0.0000000000,0.0000000000,0.5840906000,-0.5899826000,0.5574574000,0.0000000000,0.0000000000,0.0000000000,0.5940806000,-0.5846888000,0.5524555000,2.0819790000,
23.37675,25524,True,1.0000000000,4.0000000000,-0.0320000000,0.0000000000,0.0000000000,0.6039653000,-0.5793132000,0.5473775000,True,1.0000000000,4.0000000000,0.0320000000,0.0000000000,0.0000000000,0.5841066000,-0.5899736000,0.5574501000,0.0000000000,0.0000000000,0.0000000000,0.5940812000,-0.5846879000,0.5524559000,2.0851910000,
23.41104,25558,True,1.0000000000,4.0000000000,-0.0320000000,0.0000000000,0.0000000000,0.6039333000,-0.5793290000,0.5473962000,True,1.0000000000,4.0000000000,0.0320000000,0.0000000000,0.0000000000,0.5841430000,-0.5899526000,0.5574342000,0.0000000000,0.0000000000,0.0000000000,0.5940831000,-0.5846850000,0.5524570000,2.0923980000,
23.45952,25607,True,1.0000000000,4.0000000000,-0.0320000000,0.0000000000,0.0000000000,0.6038837000,-0.5793598000,0.5474182000,True,1.0000000000,4.0000000000,0.0320000000,0.0000000000,0.0000000000,0.5841923000,-0.5899304000,0.5574060000,0.0000000000,0.0000000000,0.0000000000,0.5940825000,-0.5846889000,0.5524536000,2.1029090000,
23.46816,25615,True,1.0000000000,4.0000000000,-0.0320000000,0.0000000000,0.0000000000,0.6038678000,-0.5793664000,0.5474288000,True,1.0000000000,4.0000000000,0.0320000000,0.0000000000,0.0000000000,0.5842109000,-0.5899184000,0.5573992000,0.0000000000,0.0000000000,0.0000000000,0.5940837000,-0.5846861000,0.5524552000,2.1066020000,
23.48336,25630,True,1.0000000000,4.0000000000,-0.0320000000,0.0000000000,0.0000000000,0.6037956000,-0.5794057000,0.5474669000,True,1.0000000000,4.0000000000,0.0320000000,0.0000000000,0.0000000000,0.5842860000,-0.5898786000,0.5573627000,0.0000000000,0.0000000000,0.0000000000,0.5940845000,-0.5846851000,0.5524554000,2.1224910000,
23.49438,25641,True,1.0000000000,4.0000000000,-0.0320000000,0.0000000000,0.0000000000,0.6037773000,-0.5794155000,0.5474766000,True,1.0000000000,4.0000000000,0.0320000000,0.0000000000,0.0000000000,0.5843084000,-0.5898667000,0.5573518000,0.0000000000,0.0000000000,0.0000000000,0.5940863000,-0.5846840000,0.5524547000,2.1269280000,
23.53918,25691,True,1.0000000000,4.0000000000,-0.0320000000,0.0000000000,0.0000000000,0.6037527000,-0.5794313000,0.5474871000,True,1.0000000000,4.0000000000,0.0320000000,0.0000000000,0.0000000000,0.5843320000,-0.5898566000,0.5573377000,0.0000000000,0.0000000000,0.0000000000,0.5940856000,-0.5846865000,0.5524527000,2.1322120000,
23.54967,25697,True,1.0000000000,4.0000000000,-0.0320000000,0.0000000000,0.0000000000,0.6036735000,-0.5794765000,0.5475266000,True,1.0000000000,4.0000000000,0.0320000000,0.0000000000,0.0000000000,0.5844126000,-0.5898160000,0.5572962000,0.0000000000,0.0000000000,0.0000000000,0.5940856000,-0.5846881000,0.5524510000,2.1499050000,
23.56089,25708,True,1.0000000000,4.0000000000,-0.0320000000,0.0000000000,0.0000000000,0.6034920000,-0.5795735000,0.5476238000,True,1.0000000000,4.0000000000,0.0320000000,0.0000000000,0.0000000000,0.5846086000,-0.5897107000,0.5572021000,0.0000000000,0.0000000000,0.0000000000,0.5940912000,-0.5846824000,0.5524511000,2.1928500000,
23.58322,25730,True,1.0000000000,4.0000000000,-0.0320000000,0.0000000000,0.0000000000,0.6034486000,-0.5795977000,0.5476461000,True,1.0000000000,4.0000000000,0.0320000000,0.0000000000,0.0000000000,0.5846530000,-0.5896876000,0.5571799000,0.0000000000,0.0000000000,0.0000000000,0.5940914000,-0.5846825000,0.5524507000,2.2031070000,
23.60555,25753,True,1.0000000000,4.0000000000,-0.0320000000,0.0000000000,0.0000000000,0.6033496000,-0.5796563000,0.5476931000,True,1.0000000000,4.0000000000,0.0320000000,0.0000000000,0.0000000000,0.5847511000,-0.5896405000,0.5571268000,0.0000000000,0.0000000000,0.0000000000,0.5940900000,-0.5846875000,0.5524469000,2.2264580000,
23.62785,25775,True,1.0000000000,4.0000000000,-0.0320000000,0.0000000000,0.0000000000,0.6032590000,-0.5797020000,0.5477448000,True,1.0000000000,4.0000000000,0.0320000000,0.0000000000,0.0000000000,0.5848532000,-0.5895827000,0.5570808000,0.0000000000,0.0000000000,0.0000000000,0.5940949000,-0.5846806000,0.5524489000,2.2497660000,
23.65837,25805,True,1.0000000000,4.0000000000,-0.0320000000,0.0000000000,0.0000000000,0.6031553000,-0.5797595000,0.5477980000,True,1.0000000000,4.0000000000,0.0320000000,0.0000000000,0.0000000000,0.5849609000,-0.5895268000,0.5570268000,0.0000000000,0.0000000000,0.0000000000,0.5940961000,-0.5846806000,0.5524477000,2.2759030000,
23.67969,25827,True,1.0000000000,4.0000000000,-0.0320000000,0.0000000000,0.0000000000,0.6030531000,-0.5798157000,0.5478509000,True,1.0000000000,4.0000000000,0.0320000000,0.0000000000,0.0000000000,0.5850704000,-0.5894696000,0.5569725000,0.0000000000,0.0000000000,0.0000000000,0.5940989000,-0.5846792000,0.5524462000,2.3026740000,
23.70625,25853,True,1.0000000000,4.0000000000,-0.0320000000,0.0000000000,0.0000000000,0.6029480000,-0.5798727000,0.5479065000,True,1.0000000000,4.0000000000,0.0320000000,0.0000000000,0.0000000000,0.5851790000,-0.5894116000,0.5569196000,0.0000000000,0.0000000000,0.0000000000,0.5940998000,-0.5846778000,0.5524467000,2.3303950000,
23.71625,25863,True,1.0000000000,4.0000000000,-0.0320000000,0.0000000000,0.0000000000,0.6028549000,-0.5799251000,0.5479534000,True,1.0000000000,4.0000000000,0.0320000000,0.0000000000,0.0000000000,0.5852761000,-0.5893620000,0.5568701000,0.0000000000,0.0000000000,0.0000000000,0.5941010000,-0.5846785000,0.5524447000,2.3555840000,
23.73882,25886,True,1.0000000000,4.0000000000,-0.0320000000,0.0000000000,0.0000000000,0.6027784000,-0.5799640000,0.5479963000,True,1.0000000000,4.0000000000,0.0320000000,0.0000000000,0.0000000000,0.5853599000,-0.5893149000,0.5568318000,0.0000000000,0.0000000000,0.0000000000,0.5941039000,-0.5846738000,0.5524465000,2.3772530000,
23.76091,25908,True,1.0000000000,4.0000000000,-0.0320000000,0.0000000000,0.0000000000,0.6027063000,-0.5800065000,0.5480306000,True,1.0000000000,4.0000000000,0.0320000000,0.0000000000,0.0000000000,0.5854320000,-0.5892802000,0.5567929000,0.0000000000,0.0000000000,0.0000000000,0.5941034000,-0.5846771000,0.5524436000,2.3970830000,
23.78318,25930,True,1.0000000000,4.0000000000,-0.0320000000,0.0000000000,0.0000000000,0.6026277000,-0.5800506000,0.5480704000,True,1.0000000000,4.0000000000,0.0320000000,0.0000000000,0.0000000000,0.5855127000,-0.5892387000,0.5567519000,0.0000000000,0.0000000000,0.0000000000,0.5941038000,-0.5846777000,0.5524424000,2.4194200000,
23.80522,25952,True,1.0000000000,4.0000000000,-0.0320000000,0.0000000000,0.0000000000,0.6025478000,-0.5800944000,0.5481118000,True,1.0000000000,4.0000000000,0.0320000000,0.0000000000,0.0000000000,0.5855976000,-0.5891941000,0.5567098000,0.0000000000,0.0000000000,0.0000000000,0.5941057000,-0.5846767000,0.5524415000,2.4429210000,
23.85094,25999,True,1.0000000000,4.0000000000,-0.0320000000,0.0000000000,0.0000000000,0.6024995000,-0.5801202000,0.5481377000,True,1.0000000000,4.0000000000,0.0320000000,0.0000000000,0.0000000000,0.5856473000,-0.5891672000,0.5566859000,0.0000000000,0.0000000000,0.0000000000,0.5941060000,-0.5846758000,0.5524421000,2.4571480000,
23.88267,26030,True,1.0000000000,4.0000000000,-0.0320000000,0.0000000000,0.0000000000,0.6023389000,-0.5802078000,0.5482216000,True,1.0000000000,4.0000000000,0.0320000000,0.0000000000,0.0000000000,0.5858175000,-0.5890772000,0.5566021000,0.0000000000,0.0000000000,0.0000000000,0.5941095000,-0.5846733000,0.5524410000,2.5063340000,
23.89392,26041,True,1.0000000000,4.0000000000,-0.0320000000,0.0000000000,0.0000000000,0.6023510000,-0.5802020000,0.5482143000,True,1.0000000000,4.0000000000,0.0320000000,0.0000000000,0.0000000000,0.5858040000,-0.5890852000,0.5566078000,0.0000000000,0.0000000000,0.0000000000,0.5941089000,-0.5846746000,0.5524403000,2.5024560000,
23.91612,26063,True,1.0000000000,4.0000000000,-0.0320000000,0.0000000000,0.0000000000,0.6023152000,-0.5802205000,0.5482340000,True,1.0000000000,4.0000000000,0.0320000000,0.0000000000,0.0000000000,0.5858425000,-0.5890639000,0.5565900000,0.0000000000,0.0000000000,0.0000000000,0.5941100000,-0.5846729000,0.5524409000,2.5137210000,
23.94016,26088,True,1.0000000000,4.0000000000,-0.0320000000,0.0000000000,0.0000000000,0.6022860000,-0.5802384000,0.5482472000,True,1.0000000000,4.0000000000,0.0320000000,0.0000000000,0.0000000000,0.5858688000,-0.5890520000,0.5565748000,0.0000000000,0.0000000000,0.0000000000,0.5941083000,-0.5846756000,0.5524398000,2.5222420000,
23.96061,26108,True,1.0000000000,4.0000000000,-0.0320000000,0.0000000000,0.0000000000,0.6022641000,-0.5802475000,0.5482617000,True,1.0000000000,4.0000000000,0.0320000000,0.0000000000,0.0000000000,0.5858988000,-0.5890332000,0.5565631000,0.0000000000,0.0000000000,0.0000000000,0.5941122000,-0.5846706000,0.5524410000,2.5302220000,
23.9827,26130,True,1.0000000000,4.0000000000,-0.0320000000,0.0000000000,0.0000000000,0.6022534000,-0.5802531000,0.5482674000,True,1.0000000000,4.0000000000,0.0320000000,0.0000000000,0.0000000000,0.5859100000,-0.5890270000,0.5565578000,0.0000000000,0.0000000000,0.0000000000,0.5941124000,-0.5846702000,0.5524411000,2.5336160000,
24.00527,26152,True,1.0000000000,4.0000000000,-0.0320000000,0.0000000000,0.0000000000,0.6022423000,-0.5802622000,0.5482701000,True,1.0000000000,4.0000000000,0.0320000000,0.0000000000,0.0000000000,0.5859148000,-0.5890276000,0.5565522000,0.0000000000,0.0000000000,0.0000000000,0.5941091000,-0.5846750000,0.5524396000,2.5361050000,
24.0273,26174,True,1.0000000000,4.0000000000,-0.0320000000,0.0000000000,0.0000000000,0.6022379000,-0.5802628000,0.5482741000,True,1.0000000000,4.0000000000,0.0320000000,0.0000000000,0.0000000000,0.5859237000,-0.5890212000,0.5565497000,0.0000000000,0.0000000000,0.0000000000,0.5941113000,-0.5846721000,0.5524403000,2.5381430000,
24.04948,26200,True,1.0000000000,4.0000000000,-0.0320000000,0.0000000000,0.0000000000,0.6022462000,-0.5802582000,0.5482699000,True,1.0000000000,4.0000000000,0.0320000000,0.0000000000,0.0000000000,0.5859141000,-0.5890262000,0.5565546000,0.0000000000,0.0000000000,0.0000000000,0.5941107000,-0.5846723000,0.5524408000,2.5353650000,
24.08377,26231,True,1.0000000000,4.0000000000,-0.0320000000,0.0000000000,0.0000000000,0.6022698000,-0.5802481000,0.5482547000,True,1.0000000000,4.0000000000,0.0320000000,0.0000000000,0.0000000000,0.5858842000,-0.5890449000,0.5565663000,0.0000000000,0.0000000000,0.0000000000,0.5941077000,-0.5846768000,0.5524392000,2.5271010000,
24.09542,26242,True,1.0000000000,4.0000000000,-0.0320000000,0.0000000000,0.0000000000,0.6022785000,-0.5802414000,0.5482523000,True,1.0000000000,4.0000000000,0.0320000000,0.0000000000,0.0000000000,0.5858777000,-0.5890462000,0.5565715000,0.0000000000,0.0000000000,0.0000000000,0.5941090000,-0.5846742000,0.5524406000,2.5247710000,
24.10538,26252,True,1.0000000000,4.0000000000,-0.0320000000,0.0000000000,0.0000000000,0.6022836000,-0.5802363000,0.5482520000,True,1.0000000000,4.0000000000,0.0320000000,0.0000000000,0.0000000000,0.5858769000,-0.5890442000,0.5565745000,0.0000000000,0.0000000000,0.0000000000,0.5941111000,-0.5846706000,0.5524420000,2.5238470000,
24.11624,26263,True,1.0000000000,4.0000000000,-0.0320000000,0.0000000000,0.0000000000,0.6022815000,-0.5802392000,0.5482514000,True,1.0000000000,4.0000000000,0.0320000000,0.0000000000,0.0000000000,0.5858763000,-0.5890462000,0.5565729000,0.0000000000,0.0000000000,0.0000000000,0.5941098000,-0.5846730000,0.5524409000,2.5240840000,
24.12718,26274,True,1.0000000000,4.0000000000,-0.0320000000,0.0000000000,0.0000000000,0.6022823000,-0.5802374000,0.5482524000,True,1.0000000000,4.0000000000,0.0320000000,0.0000000000,0.0000000000,0.5858792000,-0.5890435000,0.5565729000,0.0000000000,0.0000000000,0.0000000000,0.5941116000,-0.5846708000,0.5524414000,2.5243980000,
24.13838,26285,True,1.0000000000,4.0000000000,-0.0320000000,0.0000000000,0.0000000000,0.6022796000,-0.5802393000,0.5482532000,True,1.0000000000,4.0000000000,0.0320000000,0.0000000000,0.0000000000,0.5858774000,-0.5890448000,0.5565734000,0.0000000000,0.0000000000,0.0000000000,0.5941094000,-0.5846725000,0.5524421000,2.5245450000,
24.14938,26296,True,1.0000000000,4.0000000000,-0.0320000000,0.0000000000,0.0000000000,0.6022769000,-0.5802428000,0.5482526000,True,1.0000000000,4.0000000000,0.0320000000,0.0000000000,0.0000000000,0.5858805000,-0.5890452000,0.5565697000,0.0000000000,0.0000000000,0.0000000000,0.5941095000,-0.5846744000,0.5524399000,2.5254340000,
24.16087,26308,True,1.0000000000,4.0000000000,-0.0320000000,0.0000000000,0.0000000000,0.6022735000,-0.5802433000,0.5482557000,True,1.0000000000,4.0000000000,0.0320000000,0.0000000000,0.0000000000,0.5858855000,-0.5890412000,0.5565686000,0.0000000000,0.0000000000,0.0000000000,0.5941103000,-0.5846726000,0.5524408000,2.5267320000,
24.17169,26318,True,1.0000000000,4.0000000000,-0.0320000000,0.0000000000,0.0000000000,0.6022742000,-0.5802415000,0.5482568000,True,1.0000000000,4.0000000000,0.0320000000,0.0000000000,0.0000000000,0.5858871000,-0.5890390000,0.5565694000,0.0000000000,0.0000000000,0.0000000000,0.5941115000,-0.5846705000,0.5524418000,2.5268500000,
24.1827,26330,True,1.0000000000,4.0000000000,-0.0320000000,0.0000000000,0.0000000000,0.6022673000,-0.5802485000,0.5482571000,True,1.0000000000,4.0000000000,0.0320000000,0.0000000000,0.0000000000,0.5858877000,-0.5890418000,0.5565656000,0.0000000000,0.0000000000,0.0000000000,0.5941083000,-0.5846755000,0.5524400000,2.5280330000,
24.19374,26340,True,1.0000000000,4.0000000000,-0.0320000000,0.0000000000,0.0000000000,0.6022648000,-0.5802475000,0.5482609000,True,1.0000000000,4.0000000000,0.0320000000,0.0000000000,0.0000000000,0.5858976000,-0.5890342000,0.5565633000,0.0000000000,0.0000000000,0.0000000000,0.5941120000,-0.5846711000,0.5524407000,2.5299290000,
24.20485,26352,True,1.0000000000,4.0000000000,-0.0320000000,0.0000000000,0.0000000000,0.6022651000,-0.5802483000,0.5482597000,True,1.0000000000,4.0000000000,0.0320000000,0.0000000000,0.0000000000,0.5858943000,-0.5890369000,0.5565639000,0.0000000000,0.0000000000,0.0000000000,0.5941105000,-0.5846729000,0.5524404000,2.5293750000,
24.21598,26363,True,1.0000000000,4.0000000000,-0.0320000000,0.0000000000,0.0000000000,0.6022673000,-0.5802434000,0.5482624000,True,1.0000000000,4.0000000000,0.0320000000,0.0000000000,0.0000000000,0.5858971000,-0.5890318000,0.5565664000,0.0000000000,0.0000000000,0.0000000000,0.5941130000,-0.5846679000,0.5524430000,2.5294520000,
24.22734,26374,True,1.0000000000,4.0000000000,-0.0320000000,0.0000000000,0.0000000000,0.6022635000,-0.5802501000,0.5482596000,True,1.0000000000,4.0000000000,0.0320000000,0.0000000000,0.0000000000,0.5858953000,-0.5890374000,0.5565623000,0.0000000000,0.0000000000,0.0000000000,0.5941101000,-0.5846740000,0.5524395000,2.5297940000,
24.23835,26385,True,1.0000000000,4.0000000000,-0.0320000000,0.0000000000,0.0000000000,0.6022623000,-0.5802498000,0.5482612000,True,1.0000000000,4.0000000000,0.0320000000,0.0000000000,0.0000000000,0.5858958000,-0.5890362000,0.5565632000,0.0000000000,0.0000000000,0.0000000000,0.5941098000,-0.5846732000,0.5524408000,2.5300540000,
24.24964,26398,True,1.0000000000,4.0000000000,-0.0320000000,0.0000000000,0.0000000000,0.6022633000,-0.5802492000,0.5482608000,True,1.0000000000,4.0000000000,0.0320000000,0.0000000000,0.0000000000,0.5858961000,-0.5890358000,0.5565631000,0.0000000000,0.0000000000,0.0000000000,0.5941104000,-0.5846727000,0.5524405000,2.5299440000,
24.26075,26408,True,1.0000000000,4.0000000000,-0.0320000000,0.0000000000,0.0000000000,0.6022605000,-0.5802515000,0.5482613000,True,1.0000000000,4.0000000000,0.0320000000,0.0000000000,0.0000000000,0.5858992000,-0.5890352000,0.5565606000,0.0000000000,0.0000000000,0.0000000000,0.5941105000,-0.5846736000,0.5524395000,2.5308440000,
24.27181,26419,True,1.0000000000,4.0000000000,-0.0320000000,0.0000000000,0.0000000000,0.6022570000,-0.5802524000,0.5482643000,True,1.0000000000,4.0000000000,0.0320000000,0.0000000000,0.0000000000,0.5859047000,-0.5890312000,0.5565590000,0.0000000000,0.0000000000,0.0000000000,0.5941116000,-0.5846720000,0.5524402000,2.5322450000,
24.28286,26430,True,1.0000000000,4.0000000000,-0.0320000000,0.0000000000,0.0000000000,0.6022475000,-0.5802619000,0.5482647000,True,1.0000000000,4.0000000000,0.0320000000,0.0000000000,0.0000000000,0.5859056000,-0.5890350000,0.5565540000,0.0000000000,0.0000000000,0.0000000000,0.5941072000,-0.5846787000,0.5524378000,2.5338830000,
24.29429,26441,True,1.0000000000,4.0000000000,-0.0320000000,0.0000000000,0.0000000000,0.6022420000,-0.5802631000,0.5482693000,True,1.0000000000,4.0000000000,0.0320000000,0.0000000000,0.0000000000,0.5859125000,-0.5890297000,0.5565524000,0.0000000000,0.0000000000,0.0000000000,0.5941079000,-0.5846766000,0.5524393000,2.5357860000,
24.30528,26452,True,1.0000000000,4.0000000000,-0.0320000000,0.0000000000,0.0000000000,0.6022438000,-0.5802571000,0.5482739000,True,1.0000000000,4.0000000000,0.0320000000,0.0000000000,0.0000000000,0.5859196000,-0.5890207000,0.5565545000,0.0000000000,0.0000000000,0.0000000000,0.5941123000,-0.5846690000,0.5524427000,2.5365850000,
24.31625,26463,True,1.0000000000,4.0000000000,-0.0320000000,0.0000000000,0.0000000000,0.6022390000,-0.5802613000,0.5482746000,True,1.0000000000,4.0000000000,0.0320000000,0.0000000000,0.0000000000,0.5859209000,-0.5890217000,0.5565520000,0.0000000000,0.0000000000,0.0000000000,0.5941105000,-0.5846716000,0.5524417000,2.5375550000,
24.32741,26474,True,1.0000000000,4.0000000000,-0.0320000000,0.0000000000,0.0000000000,0.6022367000,-0.5802613000,0.5482771000,True,1.0000000000,4.0000000000,0.0320000000,0.0000000000,0.0000000000,0.5859254000,-0.5890180000,0.5565512000,0.0000000000,0.0000000000,0.0000000000,0.5941116000,-0.5846697000,0.5524426000,2.5386010000,
24.33887,26486,True,1.0000000000,4.0000000000,-0.0320000000,0.0000000000,0.0000000000,0.6022334000,-0.5802665000,0.5482753000,True,1.0000000000,4.0000000000,0.0320000000,0.0000000000,0.0000000000,0.5859247000,-0.5890219000,0.5565479000,0.0000000000,0.0000000000,0.0000000000,0.5941095000,-0.5846742000,0.5524399000,2.5390200000,
24.34985,26497,True,1.0000000000,4.0000000000,-0.0320000000,0.0000000000,0.0000000000,0.6022298000,-0.5802667000,0.5482792000,True,1.0000000000,4.0000000000,0.0320000000,0.0000000000,0.0000000000,0.5859299000,-0.5890172000,0.5565474000,0.0000000000,0.0000000000,0.0000000000,0.5941103000,-0.5846719000,0.5524416000,2.5403840000,
24.36061,26508,True,1.0000000000,4.0000000000,-0.0320000000,0.0000000000,0.0000000000,0.6022229000,-0.5802719000,0.5482811000,True,1.0000000000,4.0000000000,0.0320000000,0.0000000000,0.0000000000,0.5859373000,-0.5890148000,0.5565420000,0.0000000000,0.0000000000,0.0000000000,0.5941105000,-0.5846733000,0.5524399000,2.5426250000,
24.37176,26518,True,1.0000000000,4.0000000000,-0.0320000000,0.0000000000,0.0000000000,0.6022204000,-0.5802708000,0.5482850000,True,1.0000000000,4.0000000000,0.0320000000,0.0000000000,0.0000000000,0.5859440000,-0.5890088000,0.5565413000,0.0000000000,0.0000000000,0.0000000000,0.5941126000,-0.5846697000,0.5524414000,2.5440410000,
24.38278,26530,True,1.0000000000,4.0000000000,-0.0320000000,0.0000000000,0.0000000000,0.6022198000,-0.5802699000,0.5482866000,True,1.0000000000,4.0000000000,0.0320000000,0.0000000000,0.0000000000,0.5859430000,-0.5890082000,0.5565431000,0.0000000000,0.0000000000,0.0000000000,0.5941118000,-0.5846690000,0.5524431000,2.5439930000,
24.39385,26541,True,1.0000000000,4.0000000000,-0.0320000000,0.0000000000,0.0000000000,0.6022217000,-0.5802715000,0.5482829000,True,1.0000000000,4.0000000000,0.0320000000,0.0000000000,0.0000000000,0.5859404000,-0.5890121000,0.5565417000,0.0000000000,0.0000000000,0.0000000000,0.5941114000,-0.5846717000,0.5524406000,2.5432710000,
24.40528,26552,True,1.0000000000,4.0000000000,-0.0320000000,0.0000000000,0.0000000000,0.6022246000,-0.5802712000,0.5482798000,True,1.0000000000,4.0000000000,0.0320000000,0.0000000000,0.0000000000,0.5859377000,-0.5890150000,0.5565414000,0.0000000000,0.0000000000,0.0000000000,0.5941116000,-0.5846731000,0.5524389000,2.5424000000,
24.42049,26568,True,1.0000000000,4.0000000000,-0.0320000000,0.0000000000,0.0000000000,0.6022377000,-0.5802621000,0.5482751000,True,1.0000000000,4.0000000000,0.0320000000,0.0000000000,0.0000000000,0.5859250000,-0.5890197000,0.5565497000,0.0000000000,0.0000000000,0.0000000000,0.5941120000,-0.5846710000,0.5524408000,2.5383810000,
24.44032,26601,True,1.0000000000,4.0000000000,-0.0320000000,0.0000000000,0.0000000000,0.6022530000,-0.5802518000,0.5482692000,True,1.0000000000,4.0000000000,0.0320000000,0.0000000000,0.0000000000,0.5859138000,-0.5890236000,0.5565575000,0.0000000000,0.0000000000,0.0000000000,0.5941141000,-0.5846679000,0.5524418000,2.5342510000,
24.4595,26606,True,1.0000000000,4.0000000000,-0.0320000000,0.0000000000,0.0000000000,0.6022629000,-0.5802491000,0.5482613000,True,1.0000000000,4.0000000000,0.0320000000,0.0000000000,0.0000000000,0.5858970000,-0.5890352000,0.5565630000,0.0000000000,0.0000000000,0.0000000000,0.5941106000,-0.5846723000,0.5524408000,2.5301280000,
24.4715,26618,True,1.0000000000,4.0000000000,-0.0320000000,0.0000000000,0.0000000000,0.6022730000,-0.5802424000,0.5482572000,True,1.0000000000,4.0000000000,0.0320000000,0.0000000000,0.0000000000,0.5858887000,-0.5890384000,0.5565682000,0.0000000000,0.0000000000,0.0000000000,0.5941117000,-0.5846707000,0.5524414000,2.5272870000,
24.48244,26629,True,1.0000000000,4.0000000000,-0.0320000000,0.0000000000,0.0000000000,0.6022816000,-0.5802411000,0.5482491000,True,1.0000000000,4.0000000000,0.0320000000,0.0000000000,0.0000000000,0.5858732000,-0.5890499000,0.5565723000,0.0000000000,0.0000000000,0.0000000000,0.5941083000,-0.5846759000,0.5524395000,2.5235880000,
24.49367,26641,True,1.0000000000,4.0000000000,-0.0320000000,0.0000000000,0.0000000000,0.6022905000,-0.5802376000,0.5482432000,True,1.0000000000,4.0000000000,0.0320000000,0.0000000000,0.0000000000,0.5858629000,-0.5890567000,0.5565760000,0.0000000000,0.0000000000,0.0000000000,0.5941076000,-0.5846776000,0.5524384000,2.5206490000,
24.50483,26652,True,1.0000000000,4.0000000000,-0.0320000000,0.0000000000,0.0000000000,0.6023062000,-0.5802272000,0.5482369000,True,1.0000000000,4.0000000000,0.0320000000,0.0000000000,0.0000000000,0.5858485000,-0.5890625000,0.5565851000,0.0000000000,0.0000000000,0.0000000000,0.5941085000,-0.5846754000,0.5524399000,2.5160210000,
24.51617,26663,True,1.0000000000,4.0000000000,-0.0320000000,0.0000000000,0.0000000000,0.6023311000,-0.5802112000,0.5482265000,True,1.0000000000,4.0000000000,0.0320000000,0.0000000000,0.0000000000,0.5858266000,-0.5890716000,0.5565985000,0.0000000000,0.0000000000,0.0000000000,0.5941101000,-0.5846722000,0.5524415000,2.5088880000,
24.52697,26679,True,1.0000000000,4.0000000000,-0.0320000000,0.0000000000,0.0000000000,0.6023637000,-0.5801919000,0.5482110000,True,1.0000000000,4.0000000000,0.0320000000,0.0000000000,0.0000000000,0.5857928000,-0.5890878000,0.5566168000,0.0000000000,0.0000000000,0.0000000000,0.5941098000,-0.5846708000,0.5524433000,2.4988340000,
24.53838,26685,True,1.0000000000,4.0000000000,-0.0320000000,0.0000000000,0.0000000000,0.6024081000,-0.5801684000,0.5481872000,True,1.0000000000,4.0000000000,0.0320000000,0.0000000000,0.0000000000,0.5857464000,-0.5891132000,0.5566390000,0.0000000000,0.0000000000,0.0000000000,0.5941091000,-0.5846721000,0.5524427000,2.4852320000,
24.54972,26697,True,1.0000000000,4.0000000000,-0.0320000000,0.0000000000,0.0000000000,0.6024513000,-0.5801437000,0.5481658000,True,1.0000000000,4.0000000000,0.0320000000,0.0000000000,0.0000000000,0.5857050000,-0.5891340000,0.5566605000,0.0000000000,0.0000000000,0.0000000000,0.5941104000,-0.5846705000,0.5524431000,2.4726620000,
24.5608,26708,True,1.0000000000,4.0000000000,-0.0320000000,0.0000000000,0.0000000000,0.6024945000,-0.5801226000,0.5481407000,True,1.0000000000,4.0000000000,0.0320000000,0.0000000000,0.0000000000,0.5856552000,-0.5891626000,0.5566824000,0.0000000000,0.0000000000,0.0000000000,0.5941074000,-0.5846747000,0.5524418000,2.4590210000,
24.57175,26718,True,1.0000000000,4.0000000000,-0.0320000000,0.0000000000,0.0000000000,0.6025440000,-0.5800933000,0.5481172000,True,1.0000000000,4.0000000000,0.0320000000,0.0000000000,0.0000000000,0.5856049000,-0.5891870000,0.5567096000,0.0000000000,0.0000000000,0.0000000000,0.5941074000,-0.5846726000,0.5524440000,2.4445240000,
24.58269,26730,True,1.0000000000,4.0000000000,-0.0320000000,0.0000000000,0.0000000000,0.6025901000,-0.5800710000,0.5480902000,True,1.0000000000,4.0000000000,0.0320000000,0.0000000000,0.0000000000,0.5855500000,-0.5892189000,0.5567337000,0.0000000000,0.0000000000,0.0000000000,0.5941033000,-0.5846778000,0.5524428000,2.4300400000,
24.59579,26743,True,1.0000000000,4.0000000000,-0.0320000000,0.0000000000,0.0000000000,0.6026444000,-0.5800402000,0.5480632000,True,1.0000000000,4.0000000000,0.0320000000,0.0000000000,0.0000000000,0.5854954000,-0.5892464000,0.5567619000,0.0000000000,0.0000000000,0.0000000000,0.5941036000,-0.5846765000,0.5524439000,2.4146270000,
24.60491,26752,True,1.0000000000,4.0000000000,-0.0320000000,0.0000000000,0.0000000000,0.6026928000,-0.5800130000,0.5480385000,True,1.0000000000,4.0000000000,0.0320000000,0.0000000000,0.0000000000,0.5854479000,-0.5892709000,0.5567859000,0.0000000000,0.0000000000,0.0000000000,0.5941045000,-0.5846756000,0.5524439000,2.4011800000,
24.6157,26762,True,1.0000000000,4.0000000000,-0.0320000000,0.0000000000,0.0000000000,0.6027371000,-0.5799870000,0.5480173000,True,1.0000000000,4.0000000000,0.0320000000,0.0000000000,0.0000000000,0.5854026000,-0.5892929000,0.5568104000,0.0000000000,0.0000000000,0.0000000000,0.5941043000,-0.5846739000,0.5524459000,2.3887600000,
24.62735,26774,True,1.0000000000,4.0000000000,-0.0320000000,0.0000000000,0.0000000000,0.6027783000,-0.5799665000,0.5479939000,True,1.0000000000,4.0000000000,0.0320000000,0.0000000000,0.0000000000,0.5853564000,-0.5893192000,0.5568311000,0.0000000000,0.0000000000,0.0000000000,0.5941021000,-0.5846772000,0.5524448000,2.3768000000,
24.6382,26785,True,1.0000000000,4.0000000000,-0.0320000000,0.0000000000,0.0000000000,0.6028159000,-0.5799453000,0.5479749000,True,1.0000000000,4.0000000000,0.0320000000,0.0000000000,0.0000000000,0.5853169000,-0.5893394000,0.5568511000,0.0000000000,0.0000000000,0.0000000000,0.5941015000,-0.5846769000,0.5524457000,2.3663210000,
24.655,26802,True,1.0000000000,4.0000000000,-0.0320000000,0.0000000000,0.0000000000,0.6028472000,-0.5799325000,0.5479541000,True,1.0000000000,4.0000000000,0.0320000000,0.0000000000,0.0000000000,0.5852788000,-0.5893639000,0.5568654000,0.0000000000,0.0000000000,0.0000000000,0.5940984000,-0.5846830000,0.5524427000,2.3569860000,
24.66362,26811,True,1.0000000000,4.0000000000,-0.0320000000,0.0000000000,0.0000000000,0.6028860000,-0.5799078000,0.5479375000,True,1.0000000000,4.0000000000,0.0320000000,0.0000000000,0.0000000000,0.5852430000,-0.5893792000,0.5568867000,0.0000000000,0.0000000000,0.0000000000,0.5941002000,-0.5846787000,0.5524453000,2.3470300000,
24.67174,26818,True,1.0000000000,4.0000000000,-0.0320000000,0.0000000000,0.0000000000,0.6029286000,-0.5798832000,0.5479165000,True,1.0000000000,4.0000000000,0.0320000000,0.0000000000,0.0000000000,0.5851994000,-0.5894009000,0.5569096000,0.0000000000,0.0000000000,0.0000000000,0.5941001000,-0.5846776000,0.5524466000,2.3356000000,
24.68266,26830,True,1.0000000000,4.0000000000,-0.0320000000,0.0000000000,0.0000000000,0.6029839000,-0.5798534000,0.5478873000,True,1.0000000000,4.0000000000,0.0320000000,0.0000000000,0.0000000000,0.5851405000,-0.5894324000,0.5569382000,0.0000000000,0.0000000000,0.0000000000,0.5940987000,-0.5846788000,0.5524467000,2.3206530000,
24.69369,26840,True,1.0000000000,4.0000000000,-0.0320000000,0.0000000000,0.0000000000,0.6030391000,-0.5798241000,0.5478574000,True,1.0000000000,4.0000000000,0.0320000000,0.0000000000,0.0000000000,0.5850803000,-0.5894651000,0.5569669000,0.0000000000,0.0000000000,0.0000000000,0.5940968000,-0.5846810000,0.5524466000,2.3057400000,
24.70495,26852,True,1.0000000000,4.0000000000,-0.0320000000,0.0000000000,0.0000000000,0.6030940000,-0.5797942000,0.5478288000,True,1.0000000000,4.0000000000,0.0320000000,0.0000000000,0.0000000000,0.5850238000,-0.5894948000,0.5569947000,0.0000000000,0.0000000000,0.0000000000,0.5940964000,-0.5846814000,0.5524466000,2.2915400000,
24.71624,26863,True,1.0000000000,4.0000000000,-0.0320000000,0.0000000000,0.0000000000,0.6031414000,-0.5797663000,0.5478061000,True,1.0000000000,4.0000000000,0.0320000000,0.0000000000,0.0000000000,0.5849762000,-0.5895179000,0.5570202000,0.0000000000,0.0000000000,0.0000000000,0.5940967000,-0.5846794000,0.5524484000,2.2795420000,
24.72704,26874,True,1.0000000000,4.0000000000,-0.0320000000,0.0000000000,0.0000000000,0.6031731000,-0.5797526000,0.5477857000,True,1.0000000000,4.0000000000,0.0320000000,0.0000000000,0.0000000000,0.5849366000,-0.5895425000,0.5570359000,0.0000000000,0.0000000000,0.0000000000,0.5940930000,-0.5846851000,0.5524462000,2.2706400000,
24.7381,26885,True,1.0000000000,4.0000000000,-0.0320000000,0.0000000000,0.0000000000,0.6032061000,-0.5797325000,0.5477707000,True,1.0000000000,4.0000000000,0.0320000000,0.0000000000,0.0000000000,0.5849060000,-0.5895564000,0.5570531000,0.0000000000,0.0000000000,0.0000000000,0.5940945000,-0.5846823000,0.5524477000,2.2627690000,
24.74948,26896,True,1.0000000000,4.0000000000,-0.0320000000,0.0000000000,0.0000000000,0.6032391000,-0.5797140000,0.5477538000,True,1.0000000000,4.0000000000,0.0320000000,0.0000000000,0.0000000000,0.5848716000,-0.5895742000,0.5570704000,0.0000000000,0.0000000000,0.0000000000,0.5940941000,-0.5846822000,0.5524482000,2.2544440000,
24.76031,26907,True,1.0000000000,4.0000000000,-0.0320000000,0.0000000000,0.0000000000,0.6032783000,-0.5796922000,0.5477338000,True,1.0000000000,4.0000000000,0.0320000000,0.0000000000,0.0000000000,0.5848276000,-0.5895970000,0.5570925000,0.0000000000,0.0000000000,0.0000000000,0.5940920000,-0.5846830000,0.5524495000,2.2442900000,
24.77159,26918,True,1.0000000000,4.0000000000,-0.0320000000,0.0000000000,0.0000000000,0.6033240000,-0.5796661000,0.5477110000,True,1.0000000000,4.0000000000,0.0320000000,0.0000000000,0.0000000000,0.5847846000,-0.5896186000,0.5571148000,0.0000000000,0.0000000000,0.0000000000,0.5940938000,-0.5846812000,0.5524495000,2.2335490000,
24.78256,26930,True,1.0000000000,4.0000000000,-0.0320000000,0.0000000000,0.0000000000,0.6033652000,-0.5796427000,0.5476905000,True,1.0000000000,4.0000000000,0.0320000000,0.0000000000,0.0000000000,0.5847418000,-0.5896401000,0.5571369000,0.0000000000,0.0000000000,0.0000000000,0.5940933000,-0.5846806000,0.5524507000,2.2234840000,
24.79383,26941,True,1.0000000000,4.0000000000,-0.0320000000,0.0000000000,0.0000000000,0.6034064000,-0.5796230000,0.5476659000,True,1.0000000000,4.0000000000,0.0320000000,0.0000000000,0.0000000000,0.5846935000,-0.5896686000,0.5571576000,0.0000000000,0.0000000000,0.0000000000,0.5940901000,-0.5846853000,0.5524491000,2.2128350000,
24.80492,26952,True,1.0000000000,4.0000000000,-0.0320000000,0.0000000000,0.0000000000,0.6034449000,-0.5795992000,0.5476486000,True,1.0000000000,4.0000000000,0.0320000000,0.0000000000,0.0000000000,0.5846576000,-0.5896847000,0.5571782000,0.0000000000,0.0000000000,0.0000000000,0.5940918000,-0.5846818000,0.5524511000,2.2040730000,
24.81592,26963,True,1.0000000000,4.0000000000,-0.0320000000,0.0000000000,0.0000000000,0.6034697000,-0.5795864000,0.5476349000,True,1.0000000000,4.0000000000,0.0320000000,0.0000000000,0.0000000000,0.5846288000,-0.5897006000,0.5571916000,0.0000000000,0.0000000000,0.0000000000,0.5940900000,-0.5846836000,0.5524511000,2.1978180000,
24.82704,26974,True,1.0000000000,4.0000000000,-0.0320000000,0.0000000000,0.0000000000,0.6034873000,-0.5795800000,0.5476224000,True,1.0000000000,4.0000000000,0.0320000000,0.0000000000,0.0000000000,0.5846058000,-0.5897160000,0.5571995000,0.0000000000,0.0000000000,0.0000000000,0.5940874000,-0.5846882000,0.5524490000,2.1930940000,
24.83806,26985,True,1.0000000000,4.0000000000,-0.0320000000,0.0000000000,0.0000000000,0.6035060000,-0.5795681000,0.5476142000,True,1.0000000000,4.0000000000,0.0320000000,0.0000000000,0.0000000000,0.5845890000,-0.5897232000,0.5572093000,0.0000000000,0.0000000000,0.0000000000,0.5940886000,-0.5846861000,0.5524499000,2.1889760000,
24.84999,26997,True,1.0000000000,4.0000000000,-0.0320000000,0.0000000000,0.0000000000,0.6035193000,-0.5795579000,0.5476105000,True,1.0000000000,4.0000000000,0.0320000000,0.0000000000,0.0000000000,0.5845799000,-0.5897250000,0.5572170000,0.0000000000,0.0000000000,0.0000000000,0.5940908000,-0.5846820000,0.5524520000,2.1863870000,
24.86045,27007,True,1.0000000000,4.0000000000,-0.0320000000,0.0000000000,0.0000000000,0.6035294000,-0.5795550000,0.5476022000,True,1.0000000000,4.0000000000,0.0320000000,0.0000000000,0.0000000000,0.5845646000,-0.5897358000,0.5572217000,0.0000000000,0.0000000000,0.0000000000,0.5940883000,-0.5846860000,0.5524504000,2.1834610000,
24.8715,27018,True,1.0000000000,4.0000000000,-0.0320000000,0.0000000000,0.0000000000,0.6035459000,-0.5795439000,0.5475959000,True,1.0000000000,4.0000000000,0.0320000000,0.0000000000,0.0000000000,0.5845506000,-0.5897409000,0.5572308000,0.0000000000,0.0000000000,0.0000000000,0.5940897000,-0.5846832000,0.5524518000,2.1799530000,
24.88282,27030,True,1.0000000000,4.0000000000,-0.0320000000,0.0000000000,0.0000000000,0.6035678000,-0.5795317000,0.5475846000,True,1.0000000000,4.0000000000,0.0320000000,0.0000000000,0.0000000000,0.5845281000,-0.5897527000,0.5572421000,0.0000000000,0.0000000000,0.0000000000,0.5940896000,-0.5846831000,0.5524520000,2.1748720000,
24.89393,27041,True,1.0000000000,4.0000000000,-0.0320000000,0.0000000000,0.0000000000,0.6035936000,-0.5795168000,0.5475718000,True,1.0000000000,4.0000000000,0.0320000000,0.0000000000,0.0000000000,0.5845029000,-0.5897653000,0.5572551000,0.0000000000,0.0000000000,0.0000000000,0.5940901000,-0.5846822000,0.5524524000,2.1690560000,
24.90506,27052,True,1.0000000000,4.0000000000,-0.0320000000,0.0000000000,0.0000000000,0.6036124000,-0.5795091000,0.5475593000,True,1.0000000000,4.0000000000,0.0320000000,0.0000000000,0.0000000000,0.5844776000,-0.5897811000,0.5572649000,0.0000000000,0.0000000000,0.0000000000,0.5940871000,-0.5846865000,0.5524511000,2.1640610000,
24.91577,27063,True,1.0000000000,4.0000000000,-0.0320000000,0.0000000000,0.0000000000,0.6036395000,-0.5794921000,0.5475476000,True,1.0000000000,4.0000000000,0.0320000000,0.0000000000,0.0000000000,0.5844536000,-0.5897914000,0.5572793000,0.0000000000,0.0000000000,0.0000000000,0.5940887000,-0.5846833000,0.5524527000,2.1582980000,
24.92687,27074,True,1.0000000000,4.0000000000,-0.0320000000,0.0000000000,0.0000000000,0.6036580000,-0.5794833000,0.5475365000,True,1.0000000000,4.0000000000,0.0320000000,0.0000000000,0.0000000000,0.5844320000,-0.5898042000,0.5572883000,0.0000000000,0.0000000000,0.0000000000,0.5940875000,-0.5846854000,0.5524518000,2.1537960000,
24.9384,27085,True,1.0000000000,4.0000000000,-0.0320000000,0.0000000000,0.0000000000,0.6036677000,-0.5794764000,0.5475330000,True,1.0000000000,4.0000000000,0.0320000000,0.0000000000,0.0000000000,0.5844244000,-0.5898066000,0.5572938000,0.0000000000,0.0000000000,0.0000000000,0.5940886000,-0.5846834000,0.5524529000,2.1518600000,
24.94929,27096,True,1.0000000000,4.0000000000,-0.0320000000,0.0000000000,0.0000000000,0.6036621000,-0.5794820000,0.5475333000,True,1.0000000000,4.0000000000,0.0320000000,0.0000000000,0.0000000000,0.5844241000,-0.5898094000,0.5572912000,0.0000000000,0.0000000000,0.0000000000,0.5940856000,-0.5846875000,0.5524517000,2.1524580000,
24.96044,27107,True,1.0000000000,4.0000000000,-0.0320000000,0.0000000000,0.0000000000,0.6036457000,-0.5794908000,0.5475420000,True,1.0000000000,4.0000000000,0.0320000000,0.0000000000,0.0000000000,0.5844426000,-0.5897995000,0.5572821000,0.0000000000,0.0000000000,0.0000000000,0.5940865000,-0.5846868000,0.5524514000,2.1563650000,
24.97188,27119,True,1.0000000000,4.0000000000,-0.0320000000,0.0000000000,0.0000000000,0.6036221000,-0.5795028000,0.5475554000,True,1.0000000000,4.0000000000,0.0320000000,0.0000000000,0.0000000000,0.5844686000,-0.5897847000,0.5572705000,0.0000000000,0.0000000000,0.0000000000,0.5940874000,-0.5846851000,0.5524521000,2.1619530000,
24.98265,27130,True,1.0000000000,4.0000000000,-0.0320000000,0.0000000000,0.0000000000,0.6036038000,-0.5795118000,0.5475661000,True,1.0000000000,4.0000000000,0.0320000000,0.0000000000,0.0000000000,0.5844908000,-0.5897720000,0.5572607000,0.0000000000,0.0000000000,0.0000000000,0.5940893000,-0.5846832000,0.5524524000,2.1665260000,
24.99551,27143,True,1.0000000000,4.0000000000,-0.0320000000,0.0000000000,0.0000000000,0.6035779000,-0.5795267000,0.5475788000,True,1.0000000000,4.0000000000,0.0320000000,0.0000000000,0.0000000000,0.5845168000,-0.5897591000,0.5572472000,0.0000000000,0.0000000000,0.0000000000,0.5940890000,-0.5846840000,0.5524518000,2.1724270000,
25.00497,27152,True,1.0000000000,4.0000000000,-0.0320000000,0.0000000000,0.0000000000,0.6035561000,-0.5795397000,0.5475891000,True,1.0000000000,4.0000000000,0.0320000000,0.0000000000,0.0000000000,0.5845376000,-0.5897491000,0.5572358000,0.0000000000,0.0000000000,0.0000000000,0.5940884000,-0.5846853000,0.5524511000,2.1772970000,
25.01584,27163,True,1.0000000000,4.0000000000,-0.0320000000,0.0000000000,0.0000000000,0.6035318000,-0.5795509000,0.5476040000,True,1.0000000000,4.0000000000,0.0320000000,0.0000000000,0.0000000000,0.5845676000,-0.5897312000,0.5572233000,0.0000000000,0.0000000000,0.0000000000,0.5940910000,-0.5846817000,0.5524520000,2.1835180000,
25.02685,27174,True,1.0000000000,4.0000000000,-0.0320000000,0.0000000000,0.0000000000,0.6035018000,-0.5795674000,0.5476196000,True,1.0000000000,4.0000000000,0.0320000000,0.0000000000,0.0000000000,0.5845994000,-0.5897146000,0.5572076000,0.0000000000,0.0000000000,0.0000000000,0.5940916000,-0.5846813000,0.5524517000,2.1906580000,
25.03797,27185,True,1.0000000000,4.0000000000,-0.0320000000,0.0000000000,0.0000000000,0.6034778000,-0.5795823000,0.5476302000,True,1.0000000000,4.0000000000,0.0320000000,0.0000000000,0.0000000000,0.5846204000,-0.5897055000,0.5571951000,0.0000000000,0.0000000000,0.0000000000,0.5940899000,-0.5846841000,0.5524506000,2.1958900000,
25.04916,27197,True,1.0000000000,4.0000000000,-0.0320000000,0.0000000000,0.0000000000,0.6034631000,-0.5795916000,0.5476367000,True,1.0000000000,4.0000000000,0.0320000000,0.0000000000,0.0000000000,0.5846336000,-0.5896996000,0.5571875000,0.0000000000,0.0000000000,0.0000000000,0.5940890000,-0.5846856000,0.5524499000,2.1991540000,
25.06618,27214,True,1.0000000000,4.0000000000,-0.0320000000,0.0000000000,0.0000000000,0.6034531000,-0.5795962000,0.5476428000,True,1.0000000000,4.0000000000,0.0320000000,0.0000000000,0.0000000000,0.5846453000,-0.5896927000,0.5571827000,0.0000000000,0.0000000000,0.0000000000,0.5940898000,-0.5846843000,0.5524505000,2.2016900000,
25.08261,27230,True,1.0000000000,4.0000000000,-0.0320000000,0.0000000000,0.0000000000,0.6034196000,-0.5796132000,0.5476616000,True,1.0000000000,4.0000000000,0.0320000000,0.0000000000,0.0000000000,0.5846847000,-0.5896707000,0.5571646000,0.0000000000,0.0000000000,0.0000000000,0.5940924000,-0.5846816000,0.5524505000,2.2102400000,
25.09336,27240,True,1.0000000000,4.0000000000,-0.0320000000,0.0000000000,0.0000000000,0.6034052000,-0.5796205000,0.5476699000,True,1.0000000000,4.0000000000,0.0320000000,0.0000000000,0.0000000000,0.5847012000,-0.5896612000,0.5571572000,0.0000000000,0.0000000000,0.0000000000,0.5940933000,-0.5846804000,0.5524508000,2.2138880000,
25.10467,27252,True,1.0000000000,4.0000000000,-0.0320000000,0.0000000000,0.0000000000,0.6033935000,-0.5796286000,0.5476742000,True,1.0000000000,4.0000000000,0.0320000000,0.0000000000,0.0000000000,0.5847097000,-0.5896586000,0.5571511000,0.0000000000,0.0000000000,0.0000000000,0.5940917000,-0.5846830000,0.5524499000,2.2162930000,
25.11551,27262,True,1.0000000000,4.0000000000,-0.0320000000,0.0000000000,0.0000000000,0.6033885000,-0.5796317000,0.5476764000,True,1.0000000000,4.0000000000,0.0320000000,0.0000000000,0.0000000000,0.5847157000,-0.5896558000,0.5571478000,0.0000000000,0.0000000000,0.0000000000,0.5940921000,-0.5846831000,0.5524493000,2.2175920000,
25.12674,27274,True,1.0000000000,4.0000000000,-0.0320000000,0.0000000000,0.0000000000,0.6033790000,-0.5796365000,0.5476819000,True,1.0000000000,4.0000000000,0.0320000000,0.0000000000,0.0000000000,0.5847261000,-0.5896497000,0.5571433000,0.0000000000,0.0000000000,0.0000000000,0.5940924000,-0.5846824000,0.5524498000,2.2199600000,
25.13798,27285,True,1.0000000000,4.0000000000,-0.0320000000,0.0000000000,0.0000000000,0.6033672000,-0.5796436000,0.5476872000,True,1.0000000000,4.0000000000,0.0320000000,0.0000000000,0.0000000000,0.5847378000,-0.5896444000,0.5571367000,0.0000000000,0.0000000000,0.0000000000,0.5940923000,-0.5846832000,0.5524490000,2.2227550000,
25.14907,27296,True,1.0000000000,4.0000000000,-0.0320000000,0.0000000000,0.0000000000,0.6033428000,-0.5796569000,0.5477000000,True,1.0000000000,4.0000000000,0.0320000000,0.0000000000,0.0000000000,0.5847628000,-0.5896311000,0.5571244000,0.0000000000,0.0000000000,0.0000000000,0.5940924000,-0.5846830000,0.5524491000,2.2286650000,
25.16016,27307,True,1.0000000000,4.0000000000,-0.0320000000,0.0000000000,0.0000000000,0.6033133000,-0.5796716000,0.5477170000,True,1.0000000000,4.0000000000,0.0320000000,0.0000000000,0.0000000000,0.5847961000,-0.5896121000,0.5571095000,0.0000000000,0.0000000000,0.0000000000,0.5940941000,-0.5846806000,0.5524498000,2.2362340000,
25.17123,27318,True,1.0000000000,4.0000000000,-0.0320000000,0.0000000000,0.0000000000,0.6032737000,-0.5796934000,0.5477375000,True,1.0000000000,4.0000000000,0.0320000000,0.0000000000,0.0000000000,0.5848373000,-0.5895906000,0.5570891000,0.0000000000,0.0000000000,0.0000000000,0.5940945000,-0.5846804000,0.5524496000,2.2460110000,
25.18264,27330,True,1.0000000000,4.0000000000,-0.0320000000,0.0000000000,0.0000000000,0.6032315000,-0.5797176000,0.5477585000,True,1.0000000000,4.0000000000,0.0320000000,0.0000000000,0.0000000000,0.5848801000,-0.5895691000,0.5570670000,0.0000000000,0.0000000000,0.0000000000,0.5940944000,-0.5846813000,0.5524487000,2.2564320000,
25.19345,27340,True,1.0000000000,4.0000000000,-0.0320000000,0.0000000000,0.0000000000,0.6031888000,-0.5797424000,0.5477792000,True,1.0000000000,4.0000000000,0.0320000000,0.0000000000,0.0000000000,0.5849239000,-0.5895476000,0.5570437000,0.0000000000,0.0000000000,0.0000000000,0.5940946000,-0.5846826000,0.5524471000,2.2671180000,
25.2045,27351,True,1.0000000000,4.0000000000,-0.0320000000,0.0000000000,0.0000000000,0.6031400000,-0.5797701000,0.5478035000,True,1.0000000000,4.0000000000,0.0320000000,0.0000000000,0.0000000000,0.5849732000,-0.5895227000,0.5570184000,0.0000000000,0.0000000000,0.0000000000,0.5940945000,-0.5846837000,0.5524462000,2.2793520000,
25.21587,27363,True,1.0000000000,4.0000000000,-0.0320000000,0.0000000000,0.0000000000,0.6030855000,-0.5797974000,0.5478346000,True,1.0000000000,4.0000000000,0.0320000000,0.0000000000,0.0000000000,0.5850347000,-0.5894877000,0.5569907000,0.0000000000,0.0000000000,0.0000000000,0.5940976000,-0.5846794000,0.5524474000,2.2939960000,
25.22672,27375,True,1.0000000000,4.0000000000,-0.0320000000,0.0000000000,0.0000000000,0.6030118000,-0.5798386000,0.5478723000,True,1.0000000000,4.0000000000,0.0320000000,0.0000000000,0.0000000000,0.5851115000,-0.5894480000,0.5569520000,0.0000000000,0.0000000000,0.0000000000,0.5940984000,-0.5846795000,0.5524464000,2.3132810000,
25.23798,27385,True,1.0000000000,4.0000000000,-0.0320000000,0.0000000000,0.0000000000,0.6029282000,-0.5798857000,0.5479143000,True,1.0000000000,4.0000000000,0.0320000000,0.0000000000,0.0000000000,0.5851957000,-0.5894051000,0.5569089000,0.0000000000,0.0000000000,0.0000000000,0.5940981000,-0.5846809000,0.5524452000,2.3351830000,
25.24914,27396,True,1.0000000000,4.0000000000,-0.0320000000,0.0000000000,0.0000000000,0.6028283000,-0.5799401000,0.5479666000,True,1.0000000000,4.0000000000,0.0320000000,0.0000000000,0.0000000000,0.5853047000,-0.5893476000,0.5568553000,0.0000000000,0.0000000000,0.0000000000,0.5941018000,-0.5846785000,0.5524437000,2.3630000000,
25.26033,27407,True,1.0000000000,4.0000000000,-0.0320000000,0.0000000000,0.0000000000,0.6027271000,-0.5799961000,0.5480188000,True,1.0000000000,4.0000000000,0.0320000000,0.0000000000,0.0000000000,0.5854084000,-0.5892935000,0.5568036000,0.0000000000,0.0000000000,0.0000000000,0.5941021000,-0.5846786000,0.5524432000,2.3909690000,
25.2715,27418,True,1.0000000000,4.0000000000,-0.0320000000,0.0000000000,0.0000000000,0.6026183000,-0.5800503000,0.5480809000,True,1.0000000000,4.0000000000,0.0320000000,0.0000000000,0.0000000000,0.5855308000,-0.5892237000,0.5567487000,0.0000000000,0.0000000000,0.0000000000,0.5941080000,-0.5846700000,0.5524460000,2.4232730000,
25.28239,27429,True,1.0000000000,4.0000000000,-0.0320000000,0.0000000000,0.0000000000,0.6025130000,-0.5801117000,0.5481318000,True,1.0000000000,4.0000000000,0.0320000000,0.0000000000,0.0000000000,0.5856365000,-0.5891718000,0.5566924000,0.0000000000,0.0000000000,0.0000000000,0.5941074000,-0.5846740000,0.5524426000,2.4536080000,
25.29335,27440,True,1.0000000000,4.0000000000,-0.0320000000,0.0000000000,0.0000000000,0.6024158000,-0.5801671000,0.5481801000,True,1.0000000000,4.0000000000,0.0320000000,0.0000000000,0.0000000000,0.5857342000,-0.5891226000,0.5566418000,0.0000000000,0.0000000000,0.0000000000,0.5941069000,-0.5846762000,0.5524406000,2.4822680000,
25.30489,27452,True,1.0000000000,4.0000000000,-0.0320000000,0.0000000000,0.0000000000,0.6023292000,-0.5802122000,0.5482275000,True,1.0000000000,4.0000000000,0.0320000000,0.0000000000,0.0000000000,0.5858294000,-0.5890701000,0.5565971000,0.0000000000,0.0000000000,0.0000000000,0.5941105000,-0.5846719000,0.5524414000,2.5095960000,
25.31585,27463,True,1.0000000000,4.0000000000,-0.0320000000,0.0000000000,0.0000000000,0.6022530000,-0.5802538000,0.5482671000,True,1.0000000000,4.0000000000,0.0320000000,0.0000000000,0.0000000000,0.5859079000,-0.5890288000,0.5565583000,0.0000000000,0.0000000000,0.0000000000,0.5941111000,-0.5846715000,0.5524412000,2.5333540000,
25.32707,27474,True,1.0000000000,4.0000000000,-0.0320000000,0.0000000000,0.0000000000,0.6021828000,-0.5802938000,0.5483020000,True,1.0000000000,4.0000000000,0.0320000000,0.0000000000,0.0000000000,0.5859803000,-0.5889921000,0.5565208000,0.0000000000,0.0000000000,0.0000000000,0.5941117000,-0.5846726000,0.5524394000,2.5556570000,
25.33816,27485,True,1.0000000000,4.0000000000,-0.0320000000,0.0000000000,0.0000000000,0.6021136000,-0.5803336000,0.5483358000,True,1.0000000000,4.0000000000,0.0320000000,0.0000000000,0.0000000000,0.5860509000,-0.5889570000,0.5564837000,0.0000000000,0.0000000000,0.0000000000,0.5941119000,-0.5846744000,0.5524373000,2.5778900000,
25.34923,27496,True,1.0000000000,4.0000000000,-0.0320000000,0.0000000000,0.0000000000,0.6020516000,-0.5803617000,0.5483741000,True,1.0000000000,4.0000000000,0.0320000000,0.0000000000,0.0000000000,0.5861212000,-0.5889140000,0.5564550000,0.0000000000,0.0000000000,0.0000000000,0.5941156000,-0.5846666000,0.5524417000,2.5992830000,
25.36302,27510,True,1.0000000000,4.0000000000,-0.0320000000,0.0000000000,0.0000000000,0.6020107000,-0.5803891000,0.5483900000,True,1.0000000000,4.0000000000,0.0320000000,0.0000000000,0.0000000000,0.5861585000,-0.5888994000,0.5564312000,0.0000000000,0.0000000000,0.0000000000,0.5941135000,-0.5846726000,0.5524374000,2.6121190000,
25.37114,27518,True,1.0000000000,4.0000000000,-0.0320000000,0.0000000000,0.0000000000,0.6019793000,-0.5804040000,0.5484087000,True,1.0000000000,4.0000000000,0.0320000000,0.0000000000,0.0000000000,0.5861947000,-0.5888781000,0.5564156000,0.0000000000,0.0000000000,0.0000000000,0.5941156000,-0.5846692000,0.5524387000,2.6233050000,
25.38219,27529,True,1.0000000000,4.0000000000,-0.0320000000,0.0000000000,0.0000000000,0.6019766000,-0.5804096000,0.5484058000,True,1.0000000000,4.0000000000,0.0320000000,0.0000000000,0.0000000000,0.5861918000,-0.5888838000,0.5564127000,0.0000000000,0.0000000000,0.0000000000,0.5941128000,-0.5846748000,0.5524358000,2.6232790000,
25.39387,27541,True,1.0000000000,4.0000000000,-0.0320000000,0.0000000000,0.0000000000,0.6019745000,-0.5804074000,0.5484105000,True,1.0000000000,4.0000000000,0.0320000000,0.0000000000,0.0000000000,0.5861984000,-0.5888768000,0.5564131000,0.0000000000,0.0000000000,0.0000000000,0.5941150000,-0.5846702000,0.5524383000,2.6247300000,
25.40482,27552,True,1.0000000000,4.0000000000,-0.0320000000,0.0000000000,0.0000000000,0.6019570000,-0.5804179000,0.5484186000,True,1.0000000000,4.0000000000,0.0320000000,0.0000000000,0.0000000000,0.5862146000,-0.5888693000,0.5564040000,0.0000000000,0.0000000000,0.0000000000,0.5941142000,-0.5846716000,0.5524378000,2.6303430000,
25.41567,27562,True,1.0000000000,4.0000000000,-0.0320000000,0.0000000000,0.0000000000,0.6019267000,-0.5804349000,0.5484337000,True,1.0000000000,4.0000000000,0.0320000000,0.0000000000,0.0000000000,0.5862470000,-0.5888528000,0.5563875000,0.0000000000,0.0000000000,0.0000000000,0.5941151000,-0.5846716000,0.5524368000,2.6408360000,
25.42712,27574,True,1.0000000000,4.0000000000,-0.0320000000,0.0000000000,0.0000000000,0.6018888000,-0.5804533000,0.5484558000,True,1.0000000000,4.0000000000,0.0320000000,0.0000000000,0.0000000000,0.5862886000,-0.5888284000,0.5563693000,0.0000000000,0.0000000000,0.0000000000,0.5941166000,-0.5846683000,0.5524386000,2.6542890000,
25.43951,27586,True,1.0000000000,4.0000000000,-0.0320000000,0.0000000000,0.0000000000,0.6018618000,-0.5804690000,0.5484691000,True,1.0000000000,4.0000000000,0.0320000000,0.0000000000,0.0000000000,0.5863154000,-0.5888151000,0.5563551000,0.0000000000,0.0000000000,0.0000000000,0.5941163000,-0.5846694000,0.5524379000,2.6635020000,
25.44944,27596,True,1.0000000000,4.0000000000,-0.0320000000,0.0000000000,0.0000000000,0.6018422000,-0.5804814000,0.5484773000,True,1.0000000000,4.0000000000,0.0320000000,0.0000000000,0.0000000000,0.5863343000,-0.5888069000,0.5563438000,0.0000000000,0.0000000000,0.0000000000,0.5941159000,-0.5846714000,0.5524362000,2.6701190000,
25.46066,27608,True,1.0000000000,4.0000000000,-0.0320000000,0.0000000000,0.0000000000,0.6018402000,-0.5804818000,0.5484790000,True,1.0000000000,4.0000000000,0.0320000000,0.0000000000,0.0000000000,0.5863388000,-0.5888039000,0.5563424000,0.0000000000,0.0000000000,0.0000000000,0.5941171000,-0.5846699000,0.5524364000,2.6712090000,
25.47186,27619,True,1.0000000000,4.0000000000,-0.0320000000,0.0000000000,0.0000000000,0.6018462000,-0.5804764000,0.5484782000,True,1.0000000000,4.0000000000,0.0320000000,0.0000000000,0.0000000000,0.5863335000,-0.5888045000,0.5563473000,0.0000000000,0.0000000000,0.0000000000,0.5941175000,-0.5846676000,0.5524384000,2.6692780000,
25.48286,27630,True,1.0000000000,4.0000000000,-0.0320000000,0.0000000000,0.0000000000,0.6018389000,-0.5804824000,0.5484799000,True,1.0000000000,4.0000000000,0.0320000000,0.0000000000,0.0000000000,0.5863382000,-0.5888041000,0.5563428000,0.0000000000,0.0000000000,0.0000000000,0.5941161000,-0.5846704000,0.5524370000,2.6713550000,
25.49422,27641,True,1.0000000000,4.0000000000,-0.0320000000,0.0000000000,0.0000000000,0.6018284000,-0.5804893000,0.5484842000,True,1.0000000000,4.0000000000,0.0320000000,0.0000000000,0.0000000000,0.5863486000,-0.5887997000,0.5563365000,0.0000000000,0.0000000000,0.0000000000,0.5941160000,-0.5846715000,0.5524359000,2.6749610000,
25.50904,27656,True,1.0000000000,4.0000000000,-0.0320000000,0.0000000000,0.0000000000,0.6018087000,-0.5804969000,0.5484977000,True,1.0000000000,4.0000000000,0.0320000000,0.0000000000,0.0000000000,0.5863726000,-0.5887839000,0.5563279000,0.0000000000,0.0000000000,0.0000000000,0.5941181000,-0.5846673000,0.5524381000,2.6825200000,
25.52708,27674,True,1.0000000000,4.0000000000,-0.0320000000,0.0000000000,0.0000000000,0.6017569000,-0.5805223000,0.5485276000,True,1.0000000000,4.0000000000,0.0320000000,0.0000000000,0.0000000000,0.5864293000,-0.5887511000,0.5563028000,0.0000000000,0.0000000000,0.0000000000,0.5941201000,-0.5846633000,0.5524403000,2.7014960000,
25.53815,27685,True,1.0000000000,4.0000000000,-0.0320000000,0.0000000000,0.0000000000,0.6017215000,-0.5805470000,0.5485402000,True,1.0000000000,4.0000000000,0.0320000000,0.0000000000,0.0000000000,0.5864615000,-0.5887396000,0.5562811000,0.0000000000,0.0000000000,0.0000000000,0.5941183000,-0.5846695000,0.5524355000,2.7134760000,
25.55036,27698,True,1.0000000000,4.0000000000,-0.0320000000,0.0000000000,0.0000000000,0.6016901000,-0.5805609000,0.5485601000,True,1.0000000000,4.0000000000,0.0320000000,0.0000000000,0.0000000000,0.5864961000,-0.5887179000,0.5562676000,0.0000000000,0.0000000000,0.0000000000,0.5941195000,-0.5846655000,0.5524385000,2.7252610000,
25.5604,27707,True,1.0000000000,4.0000000000,-0.0320000000,0.0000000000,0.0000000000,0.6016597000,-0.5805811000,0.5485720000,True,1.0000000000,4.0000000000,0.0320000000,0.0000000000,0.0000000000,0.5865256000,-0.5887060000,0.5562490000,0.0000000000,0.0000000000,0.0000000000,0.5941190000,-0.5846694000,0.5524350000,2.7360490000,
25.5715,27718,True,1.0000000000,4.0000000000,-0.0320000000,0.0000000000,0.0000000000,0.6016272000,-0.5805964000,0.5485914000,True,1.0000000000,4.0000000000,0.0320000000,0.0000000000,0.0000000000,0.5865617000,-0.5886845000,0.5562336000,0.0000000000,0.0000000000,0.0000000000,0.5941205000,-0.5846661000,0.5524368000,2.7485080000,
25.58275,27730,True,1.0000000000,4.0000000000,-0.0320000000,0.0000000000,0.0000000000,0.6015912000,-0.5806182000,0.5486078000,True,1.0000000000,4.0000000000,0.0320000000,0.0000000000,0.0000000000,0.5865969000,-0.5886681000,0.5562139000,0.0000000000,0.0000000000,0.0000000000,0.5941199000,-0.5846686000,0.5524348000,2.7615580000,
25.59371,27740,True,1.0000000000,4.0000000000,-0.0320000000,0.0000000000,0.0000000000,0.6015519000,-0.5806363000,0.5486318000,True,1.0000000000,4.0000000000,0.0320000000,0.0000000000,0.0000000000,0.5866412000,-0.5886413000,0.5561956000,0.0000000000,0.0000000000,0.0000000000,0.5941221000,-0.5846639000,0.5524374000,2.7770380000,
25.60504,27752,True,1.0000000000,4.0000000000,-0.0320000000,0.0000000000,0.0000000000,0.6015038000,-0.5806671000,0.5486518000,True,1.0000000000,4.0000000000,0.0320000000,0.0000000000,0.0000000000,0.5866882000,-0.5886212000,0.5561674000,0.0000000000,0.0000000000,0.0000000000,0.5941212000,-0.5846690000,0.5524330000,2.7948270000,
25.61578,27762,True,1.0000000000,4.0000000000,-0.0320000000,0.0000000000,0.0000000000,0.6014557000,-0.5806938000,0.5486764000,True,1.0000000000,4.0000000000,0.0320000000,0.0000000000,0.0000000000,0.5867378000,-0.5885954000,0.5561423000,0.0000000000,0.0000000000,0.0000000000,0.5941216000,-0.5846691000,0.5524325000,2.8134130000,
25.62843,27776,True,1.0000000000,4.0000000000,-0.0320000000,0.0000000000,0.0000000000,0.6014087000,-0.5807169000,0.5487034000,True,1.0000000000,4.0000000000,0.0320000000,0.0000000000,0.0000000000,0.5867906000,-0.5885649000,0.5561188000,0.0000000000,0.0000000000,0.0000000000,0.5941242000,-0.5846650000,0.5524340000,2.8326060000,
25.63798,27792,True,1.0000000000,4.0000000000,-0.0320000000,0.0000000000,0.0000000000,0.6013660000,-0.5807421000,0.5487235000,True,1.0000000000,4.0000000000,0.0320000000,0.0000000000,0.0000000000,0.5868306000,-0.5885457000,0.5560969000,0.0000000000,0.0000000000,0.0000000000,0.5941225000,-0.5846678000,0.5524328000,2.8487370000,
25.70584,27853,True,1.0000000000,4.0000000000,-0.0320000000,0.0000000000,0.0000000000,0.6013665000,-0.5807398000,0.5487254000,True,1.0000000000,4.0000000000,0.0320000000,0.0000000000,0.0000000000,0.5868297000,-0.5885441000,0.5560995000,0.0000000000,0.0000000000,0.0000000000,0.5941224000,-0.5846658000,0.5524350000,2.8484610000,
25.71745,27864,True,1.0000000000,4.0000000000,-0.0320000000,0.0000000000,0.0000000000,0.6012846000,-0.5807832000,0.5487692000,True,1.0000000000,4.0000000000,0.0320000000,0.0000000000,0.0000000000,0.5869212000,-0.5884946000,0.5560555000,0.0000000000,0.0000000000,0.0000000000,0.5941265000,-0.5846622000,0.5524344000,2.8828310000,
25.72658,27874,True,1.0000000000,4.0000000000,-0.0320000000,0.0000000000,0.0000000000,0.6013001000,-0.5807785000,0.5487573000,True,1.0000000000,4.0000000000,0.0320000000,0.0000000000,0.0000000000,0.5868982000,-0.5885104000,0.5560629000,0.0000000000,0.0000000000,0.0000000000,0.5941229000,-0.5846679000,0.5524322000,2.8751610000,
25.73782,27885,True,1.0000000000,4.0000000000,-0.0320000000,0.0000000000,0.0000000000,0.6013075000,-0.5807735000,0.5487546000,True,1.0000000000,4.0000000000,0.0320000000,0.0000000000,0.0000000000,0.5868922000,-0.5885125000,0.5560669000,0.0000000000,0.0000000000,0.0000000000,0.5941238000,-0.5846665000,0.5524330000,2.8724860000,
25.74882,27896,True,1.0000000000,4.0000000000,-0.0320000000,0.0000000000,0.0000000000,0.6013121000,-0.5807713000,0.5487517000,True,1.0000000000,4.0000000000,0.0320000000,0.0000000000,0.0000000000,0.5868871000,-0.5885157000,0.5560691000,0.0000000000,0.0000000000,0.0000000000,0.5941235000,-0.5846670000,0.5524326000,2.8705170000,
25.75975,27906,True,1.0000000000,4.0000000000,-0.0320000000,0.0000000000,0.0000000000,0.6013144000,-0.5807688000,0.5487518000,True,1.0000000000,4.0000000000,0.0320000000,0.0000000000,0.0000000000,0.5868870000,-0.5885145000,0.5560704000,0.0000000000,0.0000000000,0.0000000000,0.5941246000,-0.5846652000,0.5524333000,2.8700470000,
25.77105,27918,True,1.0000000000,4.0000000000,-0.0320000000,0.0000000000,0.0000000000,0.6013088000,-0.5807726000,0.5487540000,True,1.0000000000,4.0000000000,0.0320000000,0.0000000000,0.0000000000,0.5868924000,-0.5885123000,0.5560670000,0.0000000000,0.0000000000,0.0000000000,0.5941244000,-0.5846660000,0.5524327000,2.8722420000,
25.7824,27929,True,1.0000000000,4.0000000000,-0.0320000000,0.0000000000,0.0000000000,0.6012926000,-0.5807786000,0.5487654000,True,1.0000000000,4.0000000000,0.0320000000,0.0000000000,0.0000000000,0.5869094000,-0.5885005000,0.5560616000,0.0000000000,0.0000000000,0.0000000000,0.5941247000,-0.5846629000,0.5524356000,2.8788660000,
25.79711,27944,True,1.0000000000,4.0000000000,-0.0320000000,0.0000000000,0.0000000000,0.6012670000,-0.5807953000,0.5487757000,True,1.0000000000,4.0000000000,0.0320000000,0.0000000000,0.0000000000,0.5869352000,-0.5884897000,0.5560459000,0.0000000000,0.0000000000,0.0000000000,0.5941247000,-0.5846657000,0.5524327000,2.8891920000,
25.81543,27967,True,1.0000000000,4.0000000000,-0.0320000000,0.0000000000,0.0000000000,0.6012257000,-0.5808192000,0.5487958000,True,1.0000000000,4.0000000000,0.0320000000,0.0000000000,0.0000000000,0.5869790000,-0.5884680000,0.5560227000,0.0000000000,0.0000000000,0.0000000000,0.5941256000,-0.5846665000,0.5524309000,2.9064470000,
25.82675,27974,True,1.0000000000,4.0000000000,-0.0320000000,0.0000000000,0.0000000000,0.6012070000,-0.5808271000,0.5488079000,True,1.0000000000,4.0000000000,0.0320000000,0.0000000000,0.0000000000,0.5869982000,-0.5884554000,0.5560156000,0.0000000000,0.0000000000,0.0000000000,0.5941257000,-0.5846640000,0.5524333000,2.9142190000,
25.83754,27984,True,1.0000000000,4.0000000000,-0.0320000000,0.0000000000,0.0000000000,0.6011904000,-0.5808370000,0.5488155000,True,1.0000000000,4.0000000000,0.0320000000,0.0000000000,0.0000000000,0.5870141000,-0.5884478000,0.5560068000,0.0000000000,0.0000000000,0.0000000000,0.5941253000,-0.5846651000,0.5524327000,2.9209020000,
25.84874,27997,True,1.0000000000,4.0000000000,-0.0320000000,0.0000000000,0.0000000000,0.6011752000,-0.5808452000,0.5488235000,True,1.0000000000,4.0000000000,0.0320000000,0.0000000000,0.0000000000,0.5870298000,-0.5884395000,0.5559992000,0.0000000000,0.0000000000,0.0000000000,0.5941254000,-0.5846649000,0.5524327000,2.9272620000,
25.86058,28007,True,1.0000000000,4.0000000000,-0.0320000000,0.0000000000,0.0000000000,0.6011643000,-0.5808513000,0.5488291000,True,1.0000000000,4.0000000000,0.0320000000,0.0000000000,0.0000000000,0.5870430000,-0.5884326000,0.5559925000,0.0000000000,0.0000000000,0.0000000000,0.5941265000,-0.5846645000,0.5524321000,2.9322680000,
25.87106,28018,True,1.0000000000,4.0000000000,-0.0320000000,0.0000000000,0.0000000000,0.6011571000,-0.5808546000,0.5488334000,True,1.0000000000,4.0000000000,0.0320000000,0.0000000000,0.0000000000,0.5870517000,-0.5884275000,0.5559888000,0.0000000000,0.0000000000,0.0000000000,0.5941272000,-0.5846635000,0.5524324000,2.9355500000,
25.933,28080,True,1.0000000000,4.0000000000,-0.0320000000,0.0000000000,0.0000000000,0.6011683000,-0.5808483000,0.5488278000,True,1.0000000000,4.0000000000,0.0320000000,0.0000000000,0.0000000000,0.5870401000,-0.5884333000,0.5559947000,0.0000000000,0.0000000000,0.0000000000,0.5941271000,-0.5846634000,0.5524325000,2.9308010000,
25.94859,28096,True,1.0000000000,4.0000000000,-0.0320000000,0.0000000000,0.0000000000,0.6012461000,-0.5808036000,0.5487899000,True,1.0000000000,4.0000000000,0.0320000000,0.0000000000,0.0000000000,0.5869639000,-0.5884714000,0.5560350000,0.0000000000,0.0000000000,0.0000000000,0.5941284000,-0.5846605000,0.5524342000,2.8992060000,
25.95987,28107,True,1.0000000000,4.0000000000,-0.0320000000,0.0000000000,0.0000000000,0.6012896000,-0.5807848000,0.5487621000,True,1.0000000000,4.0000000000,0.0320000000,0.0000000000,0.0000000000,0.5869089000,-0.5885054000,0.5560569000,0.0000000000,0.0000000000,0.0000000000,0.5941230000,-0.5846685000,0.5524316000,2.8793800000,
25.97079,28118,True,1.0000000000,4.0000000000,-0.0320000000,0.0000000000,0.0000000000,0.6013497000,-0.5807491000,0.5487341000,True,1.0000000000,4.0000000000,0.0320000000,0.0000000000,0.0000000000,0.5868521000,-0.5885323000,0.5560883000,0.0000000000,0.0000000000,0.0000000000,0.5941250000,-0.5846645000,0.5524337000,2.8561640000,
25.98179,28129,True,1.0000000000,4.0000000000,-0.0320000000,0.0000000000,0.0000000000,0.6014219000,-0.5807092000,0.5486973000,True,1.0000000000,4.0000000000,0.0320000000,0.0000000000,0.0000000000,0.5867746000,-0.5885727000,0.5561274000,0.0000000000,0.0000000000,0.0000000000,0.5941229000,-0.5846652000,0.5524352000,2.8269840000,
25.99305,28140,True,1.0000000000,4.0000000000,-0.0320000000,0.0000000000,0.0000000000,0.6015015000,-0.5806639000,0.5486579000,True,1.0000000000,4.0000000000,0.0320000000,0.0000000000,0.0000000000,0.5866950000,-0.5886130000,0.5561689000,0.0000000000,0.0000000000,0.0000000000,0.5941234000,-0.5846632000,0.5524368000,2.7965460000,
26.00476,28152,True,1.0000000000,4.0000000000,-0.0320000000,0.0000000000,0.0000000000,0.6015858000,-0.5806174000,0.5486146000,True,1.0000000000,4.0000000000,0.0320000000,0.0000000000,0.0000000000,0.5866092000,-0.5886579000,0.5562119000,0.0000000000,0.0000000000,0.0000000000,0.5941232000,-0.5846630000,0.5524372000,2.7647870000,
26.01649,28163,True,1.0000000000,4.0000000000,-0.0320000000,0.0000000000,0.0000000000,0.6016741000,-0.5805718000,0.5485662000,True,1.0000000000,4.0000000000,0.0320000000,0.0000000000,0.0000000000,0.5865141000,-0.5887106000,0.5562563000,0.0000000000,0.0000000000,0.0000000000,0.5941204000,-0.5846672000,0.5524358000,2.7313660000,
26.05168,28199,True,1.0000000000,4.0000000000,-0.0320000000,0.0000000000,0.0000000000,0.6018054000,-0.5804979000,0.5485002000,True,1.0000000000,4.0000000000,0.0320000000,0.0000000000,0.0000000000,0.5863793000,-0.5887796000,0.5563254000,0.0000000000,0.0000000000,0.0000000000,0.5941197000,-0.5846656000,0.5524382000,2.6842520000,
26.07186,28219,True,1.0000000000,4.0000000000,-0.0320000000,0.0000000000,0.0000000000,0.6019123000,-0.5804411000,0.5484431000,True,1.0000000000,4.0000000000,0.0320000000,0.0000000000,0.0000000000,0.5862637000,-0.5888420000,0.5563811000,0.0000000000,0.0000000000,0.0000000000,0.5941161000,-0.5846692000,0.5524383000,2.6461080000,
26.08207,28229,True,1.0000000000,4.0000000000,-0.0320000000,0.0000000000,0.0000000000,0.6026827000,-0.5800183000,0.5480441000,True,1.0000000000,4.0000000000,0.0320000000,0.0000000000,0.0000000000,0.5854586000,-0.5892650000,0.5567810000,0.0000000000,0.0000000000,0.0000000000,0.5941047000,-0.5846751000,0.5524442000,2.4040940000,
26.09314,28240,True,1.0000000000,4.0000000000,-0.0320000000,0.0000000000,0.0000000000,0.6024694000,-0.5801346000,0.5481555000,True,1.0000000000,4.0000000000,0.0320000000,0.0000000000,0.0000000000,0.5856823000,-0.5891467000,0.5566709000,0.0000000000,0.0000000000,0.0000000000,0.5941082000,-0.5846725000,0.5524433000,2.4666530000,
26.10416,28251,True,1.0000000000,4.0000000000,-0.0320000000,0.0000000000,0.0000000000,0.6025754000,-0.5800792000,0.5480977000,True,1.0000000000,4.0000000000,0.0320000000,0.0000000000,0.0000000000,0.5855679000,-0.5892096000,0.5567246000,0.0000000000,0.0000000000,0.0000000000,0.5941049000,-0.5846770000,0.5524420000,2.4347020000,
26.11519,28279,True,1.0000000000,4.0000000000,-0.0320000000,0.0000000000,0.0000000000,0.6026778000,-0.5800211000,0.5480466000,True,1.0000000000,4.0000000000,0.0320000000,0.0000000000,0.0000000000,0.5854634000,-0.5892625000,0.5567786000,0.0000000000,0.0000000000,0.0000000000,0.5941046000,-0.5846753000,0.5524442000,2.4054500000,
26.1406,28288,True,1.0000000000,4.0000000000,-0.0320000000,0.0000000000,0.0000000000,0.6027534000,-0.5799804000,0.5480064000,True,1.0000000000,4.0000000000,0.0320000000,0.0000000000,0.0000000000,0.5853814000,-0.5893065000,0.5568183000,0.0000000000,0.0000000000,0.0000000000,0.5941020000,-0.5846775000,0.5524446000,2.3836160000,
26.1599,28307,True,1.0000000000,4.0000000000,-0.0320000000,0.0000000000,0.0000000000,0.6030296000,-0.5798289000,0.5478629000,True,1.0000000000,4.0000000000,0.0320000000,0.0000000000,0.0000000000,0.5850921000,-0.5894583000,0.5569615000,0.0000000000,0.0000000000,0.0000000000,0.5940978000,-0.5846800000,0.5524465000,2.3084900000,
26.17132,28318,True,1.0000000000,4.0000000000,-0.0320000000,0.0000000000,0.0000000000,0.6031058000,-0.5797887000,0.5478216000,True,1.0000000000,4.0000000000,0.0320000000,0.0000000000,0.0000000000,0.5850108000,-0.5895027000,0.5570000000,0.0000000000,0.0000000000,0.0000000000,0.5940958000,-0.5846827000,0.5524457000,2.2883960000,
26.18198,28329,True,1.0000000000,4.0000000000,-0.0320000000,0.0000000000,0.0000000000,0.6031827000,-0.5797429000,0.5477853000,True,1.0000000000,4.0000000000,0.0320000000,0.0000000000,0.0000000000,0.5849342000,-0.5895393000,0.5570416000,0.0000000000,0.0000000000,0.0000000000,0.5940967000,-0.5846788000,0.5524490000,2.2691340000,
26.25311,28401,True,1.0000000000,4.0000000000,-0.0320000000,0.0000000000,0.0000000000,0.6032330000,-0.5797151000,0.5477594000,True,1.0000000000,4.0000000000,0.0320000000,0.0000000000,0.0000000000,0.5848824000,-0.5895662000,0.5570676000,0.0000000000,0.0000000000,0.0000000000,0.5940964000,-0.5846786000,0.5524494000,2.2565120000,
26.26526,28412,True,1.0000000000,4.0000000000,-0.0320000000,0.0000000000,0.0000000000,0.6037629000,-0.5794271000,0.5474803000,True,1.0000000000,4.0000000000,0.0320000000,0.0000000000,0.0000000000,0.5843189000,-0.5898649000,0.5573426000,0.0000000000,0.0000000000,0.0000000000,0.5940843000,-0.5846887000,0.5524518000,2.1296650000,
26.29023,28438,True,1.0000000000,4.0000000000,-0.0320000000,0.0000000000,0.0000000000,0.6036813000,-0.5794713000,0.5475235000,True,1.0000000000,4.0000000000,0.0320000000,0.0000000000,0.0000000000,0.5844049000,-0.5898193000,0.5573009000,0.0000000000,0.0000000000,0.0000000000,0.5940857000,-0.5846873000,0.5524518000,2.1481720000,
26.32728,28475,True,1.0000000000,4.0000000000,-0.0320000000,0.0000000000,0.0000000000,0.6037211000,-0.5794483000,0.5475039000,True,1.0000000000,4.0000000000,0.0320000000,0.0000000000,0.0000000000,0.5843638000,-0.5898398000,0.5573223000,0.0000000000,0.0000000000,0.0000000000,0.5940854000,-0.5846863000,0.5524531000,2.1391890000,
26.34012,28487,True,1.0000000000,4.0000000000,-0.0320000000,0.0000000000,0.0000000000,0.6039811000,-0.5793051000,0.5473687000,True,1.0000000000,4.0000000000,0.0320000000,0.0000000000,0.0000000000,0.5840893000,-0.5899832000,0.5574582000,0.0000000000,0.0000000000,0.0000000000,0.5940806000,-0.5846888000,0.5524557000,2.0817220000,
26.34833,28495,True,1.0000000000,4.0000000000,-0.0320000000,0.0000000000,0.0000000000,0.6039273000,-0.5793384000,0.5473928000,True,1.0000000000,4.0000000000,0.0320000000,0.0000000000,0.0000000000,0.5841425000,-0.5899591000,0.5574278000,0.0000000000,0.0000000000,0.0000000000,0.5940798000,-0.5846929000,0.5524521000,2.0929870000,
26.3597,28507,True,1.0000000000,4.0000000000,-0.0320000000,0.0000000000,0.0000000000,0.6039400000,-0.5793287000,0.5473890000,True,1.0000000000,4.0000000000,0.0320000000,0.0000000000,0.0000000000,0.5841302000,-0.5899628000,0.5574368000,0.0000000000,0.0000000000,0.0000000000,0.5940802000,-0.5846901000,0.5524548000,2.0903400000,
26.3707,28518,True,1.0000000000,4.0000000000,-0.0320000000,0.0000000000,0.0000000000,0.6039479000,-0.5793246000,0.5473847000,True,1.0000000000,4.0000000000,0.0320000000,0.0000000000,0.0000000000,0.5841230000,-0.5899668000,0.5574402000,0.0000000000,0.0000000000,0.0000000000,0.5940806000,-0.5846901000,0.5524544000,2.0887480000,
26.39776,28546,True,1.0000000000,4.0000000000,-0.0320000000,0.0000000000,0.0000000000,0.6039380000,-0.5793296000,0.5473904000,True,1.0000000000,4.0000000000,0.0320000000,0.0000000000,0.0000000000,0.5841333000,-0.5899609000,0.5574356000,0.0000000000,0.0000000000,0.0000000000,0.5940806000,-0.5846896000,0.5524548000,2.0908810000,
26.43901,28586,True,1.0000000000,4.0000000000,-0.0320000000,0.0000000000,0.0000000000,0.6039374000,-0.5793303000,0.5473902000,True,1.0000000000,4.0000000000,0.0320000000,0.0000000000,0.0000000000,0.5841346000,-0.5899607000,0.5574344000,0.0000000000,0.0000000000,0.0000000000,0.5940810000,-0.5846898000,0.5524541000,2.0910740000,
26.44832,28595,True,1.0000000000,4.0000000000,-0.0320000000,0.0000000000,0.0000000000,0.6039323000,-0.5793292000,0.5473970000,True,1.0000000000,4.0000000000,0.0320000000,0.0000000000,0.0000000000,0.5841439000,-0.5899518000,0.5574341000,0.0000000000,0.0000000000,0.0000000000,0.5940831000,-0.5846847000,0.5524573000,2.0925920000,
26.45947,28606,True,1.0000000000,4.0000000000,-0.0320000000,0.0000000000,0.0000000000,0.6039197000,-0.5793390000,0.5474005000,True,1.0000000000,4.0000000000,0.0320000000,0.0000000000,0.0000000000,0.5841545000,-0.5899491000,0.5574259000,0.0000000000,0.0000000000,0.0000000000,0.5940819000,-0.5846881000,0.5524549000,2.0950470000,
26.47067,28618,True,1.0000000000,4.0000000000,-0.0320000000,0.0000000000,0.0000000000,0.6038896000,-0.5793571000,0.5474146000,True,1.0000000000,4.0000000000,0.0320000000,0.0000000000,0.0000000000,0.5841848000,-0.5899349000,0.5574092000,0.0000000000,0.0000000000,0.0000000000,0.5940818000,-0.5846899000,0.5524533000,2.1014660000,
26.48187,28629,True,1.0000000000,4.0000000000,-0.0320000000,0.0000000000,0.0000000000,0.6038232000,-0.5793915000,0.5474513000,True,1.0000000000,4.0000000000,0.0320000000,0.0000000000,0.0000000000,0.5842572000,-0.5898949000,0.5573756000,0.0000000000,0.0000000000,0.0000000000,0.5940842000,-0.5846865000,0.5524543000,2.1163770000,
26.50412,28653,True,1.0000000000,4.0000000000,-0.0320000000,0.0000000000,0.0000000000,0.6037176000,-0.5794526000,0.5475033000,True,1.0000000000,4.0000000000,0.0320000000,0.0000000000,0.0000000000,0.5843659000,-0.5898408000,0.5573189000,0.0000000000,0.0000000000,0.0000000000,0.5940847000,-0.5846890000,0.5524510000,2.1398150000,
26.54601,28693,True,1.0000000000,4.0000000000,-0.0320000000,0.0000000000,0.0000000000,0.6036152000,-0.5795066000,0.5475590000,True,1.0000000000,4.0000000000,0.0320000000,0.0000000000,0.0000000000,0.5844758000,-0.5897810000,0.5572670000,0.0000000000,0.0000000000,0.0000000000,0.5940875000,-0.5846851000,0.5524520000,2.1635540000,
26.57069,28718,True,1.0000000000,4.0000000000,-0.0320000000,0.0000000000,0.0000000000,0.6034435000,-0.5796002000,0.5476492000,True,1.0000000000,4.0000000000,0.0320000000,0.0000000000,0.0000000000,0.5846585000,-0.5896844000,0.5571775000,0.0000000000,0.0000000000,0.0000000000,0.5940915000,-0.5846821000,0.5524510000,2.2043530000,
26.59343,28740,True,1.0000000000,4.0000000000,-0.0320000000,0.0000000000,0.0000000000,0.6033547000,-0.5796492000,0.5476952000,True,1.0000000000,4.0000000000,0.0320000000,0.0000000000,0.0000000000,0.5847505000,-0.5896363000,0.5571319000,0.0000000000,0.0000000000,0.0000000000,0.5940923000,-0.5846819000,0.5524504000,2.2257810000,
26.61524,28762,True,1.0000000000,4.0000000000,-0.0320000000,0.0000000000,0.0000000000,0.6033092000,-0.5796751000,0.5477178000,True,1.0000000000,4.0000000000,0.0320000000,0.0000000000,0.0000000000,0.5847967000,-0.5896131000,0.5571079000,0.0000000000,0.0000000000,0.0000000000,0.5940922000,-0.5846829000,0.5524495000,2.2368070000,
26.63778,28785,True,1.0000000000,4.0000000000,-0.0320000000,0.0000000000,0.0000000000,0.6032670000,-0.5796990000,0.5477389000,True,1.0000000000,4.0000000000,0.0320000000,0.0000000000,0.0000000000,0.5848423000,-0.5895900000,0.5570844000,0.0000000000,0.0000000000,0.0000000000,0.5940937000,-0.5846829000,0.5524479000,2.2474570000,
26.65957,28807,True,1.0000000000,4.0000000000,-0.0320000000,0.0000000000,0.0000000000,0.6032085000,-0.5797316000,0.5477690000,True,1.0000000000,4.0000000000,0.0320000000,0.0000000000,0.0000000000,0.5849043000,-0.5895579000,0.5570534000,0.0000000000,0.0000000000,0.0000000000,0.5940948000,-0.5846826000,0.5524469000,2.2622480000,
26.68289,28830,True,1.0000000000,4.0000000000,-0.0320000000,0.0000000000,0.0000000000,0.6030951000,-0.5797941000,0.5478276000,True,1.0000000000,4.0000000000,0.0320000000,0.0000000000,0.0000000000,0.5850229000,-0.5894959000,0.5569946000,0.0000000000,0.0000000000,0.0000000000,0.5940965000,-0.5846819000,0.5524459000,2.2912750000,
26.70422,28851,True,1.0000000000,4.0000000000,-0.0320000000,0.0000000000,0.0000000000,0.6029437000,-0.5798758000,0.5479078000,True,1.0000000000,4.0000000000,0.0320000000,0.0000000000,0.0000000000,0.5851825000,-0.5894106000,0.5569170000,0.0000000000,0.0000000000,0.0000000000,0.5940993000,-0.5846789000,0.5524461000,2.3314140000,
26.72637,28873,True,1.0000000000,4.0000000000,-0.0320000000,0.0000000000,0.0000000000,0.6027684000,-0.5799713000,0.5479998000,True,1.0000000000,4.0000000000,0.0320000000,0.0000000000,0.0000000000,0.5853669000,-0.5893130000,0.5568265000,0.0000000000,0.0000000000,0.0000000000,0.5941023000,-0.5846763000,0.5524455000,2.3795910000,
26.74846,28895,True,1.0000000000,4.0000000000,-0.0320000000,0.0000000000,0.0000000000,0.6025818000,-0.5800739000,0.5480963000,True,1.0000000000,4.0000000000,0.0320000000,0.0000000000,0.0000000000,0.5855634000,-0.5892101000,0.5567289000,0.0000000000,0.0000000000,0.0000000000,0.5941058000,-0.5846747000,0.5524435000,2.4331450000,
26.77077,28918,True,1.0000000000,4.0000000000,-0.0320000000,0.0000000000,0.0000000000,0.6023677000,-0.5801930000,0.5482055000,True,1.0000000000,4.0000000000,0.0320000000,0.0000000000,0.0000000000,0.5857843000,-0.5890957000,0.5566175000,0.0000000000,0.0000000000,0.0000000000,0.5941075000,-0.5846754000,0.5524408000,2.4969580000,
26.81092,28958,True,1.0000000000,4.0000000000,-0.0320000000,0.0000000000,0.0000000000,0.6021082000,-0.5803336000,0.5483419000,True,1.0000000000,4.0000000000,0.0320000000,0.0000000000,0.0000000000,0.5860591000,-0.5889495000,0.5564829000,0.0000000000,0.0000000000,0.0000000000,0.5941132000,-0.5846706000,0.5524399000,2.5800650000,
26.86102,29008,True,1.0000000000,4.0000000000,-0.0320000000,0.0000000000,0.0000000000,0.6017029000,-0.5805560000,0.5485511000,True,1.0000000000,4.0000000000,0.0320000000,0.0000000000,0.0000000000,0.5864843000,-0.5887263000,0.5562710000,0.0000000000,0.0000000000,0.0000000000,0.5941201000,-0.5846674000,0.5524358000,2.7208600000,
26.86956,29016,True,1.0000000000,4.0000000000,-0.0320000000,0.0000000000,0.0000000000,0.6015249000,-0.5806520000,0.5486448000,True,1.0000000000,4.0000000000,0.0320000000,0.0000000000,0.0000000000,0.5866700000,-0.5886271000,0.5561802000,0.0000000000,0.0000000000,0.0000000000,0.5941227000,-0.5846645000,0.5524361000,2.7874570000,
26.88175,29029,True,1.0000000000,4.0000000000,-0.0320000000,0.0000000000,0.0000000000,0.6013681000,-0.5807371000,0.5487267000,True,1.0000000000,4.0000000000,0.0320000000,0.0000000000,0.0000000000,0.5868339000,-0.5885401000,0.5560995000,0.0000000000,0.0000000000,0.0000000000,0.5941253000,-0.5846624000,0.5524356000,2.8489530000,
26.90413,29051,True,1.0000000000,4.0000000000,-0.0320000000,0.0000000000,0.0000000000,0.6012360000,-0.5808149000,0.5487890000,True,1.0000000000,4.0000000000,0.0320000000,0.0000000000,0.0000000000,0.5869633000,-0.5884775000,0.5560291000,0.0000000000,0.0000000000,0.0000000000,0.5941230000,-0.5846692000,0.5524308000,2.9011780000,
26.92652,29073,True,1.0000000000,4.0000000000,-0.0320000000,0.0000000000,0.0000000000,0.6010866000,-0.5808932000,0.5488698000,True,1.0000000000,4.0000000000,0.0320000000,0.0000000000,0.0000000000,0.5871224000,-0.5883901000,0.5559535000,0.0000000000,0.0000000000,0.0000000000,0.5941269000,-0.5846637000,0.5524325000,2.9652620000,
26.94837,29095,True,1.0000000000,4.0000000000,-0.0320000000,0.0000000000,0.0000000000,0.6009432000,-0.5809724000,0.5489429000,True,1.0000000000,4.0000000000,0.0320000000,0.0000000000,0.0000000000,0.5872725000,-0.5883119000,0.5558779000,0.0000000000,0.0000000000,0.0000000000,0.5941293000,-0.5846633000,0.5524303000,3.0288800000,
26.97951,29126,True,1.0000000000,4.0000000000,-0.0320000000,0.0000000000,0.0000000000,0.6008189000,-0.5810364000,0.5490112000,True,1.0000000000,4.0000000000,0.0320000000,0.0000000000,0.0000000000,0.5874043000,-0.5882385000,0.5558163000,0.0000000000,0.0000000000,0.0000000000,0.5941322000,-0.5846578000,0.5524330000,3.0866930000,
26.99285,29140,True,1.0000000000,4.0000000000,-0.0320000000,0.0000000000,0.0000000000,0.6008276000,-0.5810359000,0.5490023000,True,1.0000000000,4.0000000000,0.0320000000,0.0000000000,0.0000000000,0.5873921000,-0.5882491000,0.5558179000,0.0000000000,0.0000000000,0.0000000000,0.5941306000,-0.5846629000,0.5524294000,3.0819030000,
27.00956,29157,True,1.0000000000,4.0000000000,-0.0320000000,0.0000000000,0.0000000000,0.6006475000,-0.5811338000,0.5490957000,True,1.0000000000,4.0000000000,0.0320000000,0.0000000000,0.0000000000,0.5875784000,-0.5881503000,0.5557255000,0.0000000000,0.0000000000,0.0000000000,0.5941326000,-0.5846613000,0.5524288000,3.1683100000,
27.02603,29173,True,1.0000000000,4.0000000000,-0.0320000000,0.0000000000,0.0000000000,0.6006001000,-0.5811557000,0.5491244000,True,1.0000000000,4.0000000000,0.0320000000,0.0000000000,0.0000000000,0.5876304000,-0.5881189000,0.5557039000,0.0000000000,0.0000000000,0.0000000000,0.5941346000,-0.5846563000,0.5524320000,3.1925700000,
27.03755,29184,True,1.0000000000,4.0000000000,-0.0320000000,0.0000000000,0.0000000000,0.6005533000,-0.5811873000,0.5491422000,True,1.0000000000,4.0000000000,0.0320000000,0.0000000000,0.0000000000,0.5876731000,-0.5881024000,0.5556760000,0.0000000000,0.0000000000,0.0000000000,0.5941323000,-0.5846636000,0.5524268000,3.2147930000,
27.04819,29196,True,1.0000000000,4.0000000000,-0.0320000000,0.0000000000,0.0000000000,0.6005080000,-0.5812100000,0.5491676000,True,1.0000000000,4.0000000000,0.0320000000,0.0000000000,0.0000000000,0.5877215000,-0.5880749000,0.5556540000,0.0000000000,0.0000000000,0.0000000000,0.5941336000,-0.5846609000,0.5524283000,3.2383280000,
27.05961,29206,True,1.0000000000,4.0000000000,-0.0320000000,0.0000000000,0.0000000000,0.6004710000,-0.5812296000,0.5491873000,True,1.0000000000,4.0000000000,0.0320000000,0.0000000000,0.0000000000,0.5877631000,-0.5880523000,0.5556338000,0.0000000000,0.0000000000,0.0000000000,0.5941356000,-0.5846592000,0.5524278000,3.2583620000,
27.07086,29218,True,1.0000000000,4.0000000000,-0.0320000000,0.0000000000,0.0000000000,0.6004406000,-0.5812460000,0.5492032000,True,1.0000000000,4.0000000000,0.0320000000,0.0000000000,0.0000000000,0.5877951000,-0.5880353000,0.5556181000,0.0000000000,0.0000000000,0.0000000000,0.5941362000,-0.5846587000,0.5524277000,3.2744400000,
27.08169,29229,True,1.0000000000,4.0000000000,-0.0320000000,0.0000000000,0.0000000000,0.6004082000,-0.5812653000,0.5492182000,True,1.0000000000,4.0000000000,0.0320000000,0.0000000000,0.0000000000,0.5878255000,-0.5880207000,0.5556012000,0.0000000000,0.0000000000,0.0000000000,0.5941350000,-0.5846609000,0.5524266000,3.2908130000,
27.09262,29239,True,1.0000000000,4.0000000000,-0.0320000000,0.0000000000,0.0000000000,0.6003790000,-0.5812780000,0.5492368000,True,1.0000000000,4.0000000000,0.0320000000,0.0000000000,0.0000000000,0.5878587000,-0.5879999000,0.5555882000,0.0000000000,0.0000000000,0.0000000000,0.5941368000,-0.5846567000,0.5524293000,3.3071700000,
27.10412,29251,True,1.0000000000,4.0000000000,-0.0320000000,0.0000000000,0.0000000000,0.6008171000,-0.5810438000,0.5490054000,True,1.0000000000,4.0000000000,0.0320000000,0.0000000000,0.0000000000,0.5873997000,-0.5882474000,0.5558117000,0.0000000000,0.0000000000,0.0000000000,0.5941290000,-0.5846660000,0.5524278000,3.0860790000,
27.11542,29262,True,1.0000000000,4.0000000000,-0.0320000000,0.0000000000,0.0000000000,0.6009185000,-0.5809859000,0.5489558000,True,1.0000000000,4.0000000000,0.0320000000,0.0000000000,0.0000000000,0.5872971000,-0.5882989000,0.5558656000,0.0000000000,0.0000000000,0.0000000000,0.5941290000,-0.5846633000,0.5524305000,3.0398690000,
27.12629,29273,True,1.0000000000,4.0000000000,-0.0320000000,0.0000000000,0.0000000000,0.6010151000,-0.5809329000,0.5489060000,True,1.0000000000,4.0000000000,0.0320000000,0.0000000000,0.0000000000,0.5871971000,-0.5883515000,0.5559155000,0.0000000000,0.0000000000,0.0000000000,0.5941280000,-0.5846637000,0.5524312000,2.9966050000,
27.13806,29285,True,1.0000000000,4.0000000000,-0.0320000000,0.0000000000,0.0000000000,0.6011144000,-0.5808794000,0.5488539000,True,1.0000000000,4.0000000000,0.0320000000,0.0000000000,0.0000000000,0.5870959000,-0.5884057000,0.5559651000,0.0000000000,0.0000000000,0.0000000000,0.5941277000,-0.5846648000,0.5524304000,2.9537490000,
27.15012,29297,True,1.0000000000,4.0000000000,-0.0320000000,0.0000000000,0.0000000000,0.6012084000,-0.5808256000,0.5488080000,True,1.0000000000,4.0000000000,0.0320000000,0.0000000000,0.0000000000,0.5869981000,-0.5884547000,0.5560166000,0.0000000000,0.0000000000,0.0000000000,0.5941264000,-0.5846629000,0.5524338000,2.9139040000,
27.16161,29311,True,1.0000000000,4.0000000000,-0.0320000000,0.0000000000,0.0000000000,0.6013001000,-0.5807793000,0.5487564000,True,1.0000000000,4.0000000000,0.0320000000,0.0000000000,0.0000000000,0.5868973000,-0.5885118000,0.5560626000,0.0000000000,0.0000000000,0.0000000000,0.5941225000,-0.5846689000,0.5524316000,2.8749480000,
27.17052,29317,True,1.0000000000,4.0000000000,-0.0320000000,0.0000000000,0.0000000000,0.6012849000,-0.5807884000,0.5487636000,True,1.0000000000,4.0000000000,0.0320000000,0.0000000000,0.0000000000,0.5869140000,-0.5885037000,0.5560535000,0.0000000000,0.0000000000,0.0000000000,0.5941231000,-0.5846694000,0.5524305000,2.8813490000,
27.18152,29328,True,1.0000000000,4.0000000000,-0.0320000000,0.0000000000,0.0000000000,0.6012514000,-0.5808004000,0.5487874000,True,1.0000000000,4.0000000000,0.0320000000,0.0000000000,0.0000000000,0.5869560000,-0.5884752000,0.5560392000,0.0000000000,0.0000000000,0.0000000000,0.5941272000,-0.5846609000,0.5524352000,2.8965280000,
27.19284,29340,True,1.0000000000,4.0000000000,-0.0320000000,0.0000000000,0.0000000000,0.6012115000,-0.5808263000,0.5488037000,True,1.0000000000,4.0000000000,0.0320000000,0.0000000000,0.0000000000,0.5869911000,-0.5884608000,0.5560173000,0.0000000000,0.0000000000,0.0000000000,0.5941246000,-0.5846664000,0.5524321000,2.9118210000,
27.20411,29351,True,1.0000000000,4.0000000000,-0.0320000000,0.0000000000,0.0000000000,0.6011777000,-0.5808428000,0.5488232000,True,1.0000000000,4.0000000000,0.0320000000,0.0000000000,0.0000000000,0.5870291000,-0.5884389000,0.5560005000,0.0000000000,0.0000000000,0.0000000000,0.5941264000,-0.5846635000,0.5524333000,2.9265930000,
27.21481,29362,True,1.0000000000,4.0000000000,-0.0320000000,0.0000000000,0.0000000000,0.6011426000,-0.5808598000,0.5488437000,True,1.0000000000,4.0000000000,0.0320000000,0.0000000000,0.0000000000,0.5870680000,-0.5884161000,0.5559835000,0.0000000000,0.0000000000,0.0000000000,0.5941281000,-0.5846604000,0.5524347000,2.9419630000,
27.22605,29373,True,1.0000000000,4.0000000000,-0.0320000000,0.0000000000,0.0000000000,0.6011039000,-0.5808841000,0.5488605000,True,1.0000000000,4.0000000000,0.0320000000,0.0000000000,0.0000000000,0.5871059000,-0.5883992000,0.5559613000,0.0000000000,0.0000000000,0.0000000000,0.5941274000,-0.5846639000,0.5524318000,2.9581070000,
27.23923,29389,True,1.0000000000,4.0000000000,-0.0320000000,0.0000000000,0.0000000000,0.6010641000,-0.5809028000,0.5488842000,True,1.0000000000,4.0000000000,0.0320000000,0.0000000000,0.0000000000,0.5871497000,-0.5883731000,0.5559427000,0.0000000000,0.0000000000,0.0000000000,0.5941291000,-0.5846598000,0.5524341000,2.9758480000,
27.24815,29395,True,1.0000000000,4.0000000000,-0.0320000000,0.0000000000,0.0000000000,0.6010206000,-0.5809309000,0.5489022000,True,1.0000000000,4.0000000000,0.0320000000,0.0000000000,0.0000000000,0.5871899000,-0.5883563000,0.5559181000,0.0000000000,0.0000000000,0.0000000000,0.5941272000,-0.5846652000,0.5524306000,2.9938870000,
27.25928,29406,True,1.0000000000,4.0000000000,-0.0320000000,0.0000000000,0.0000000000,0.6009797000,-0.5809511000,0.5489256000,True,1.0000000000,4.0000000000,0.0320000000,0.0000000000,0.0000000000,0.5872347000,-0.5883304000,0.5558982000,0.0000000000,0.0000000000,0.0000000000,0.5941288000,-0.5846621000,0.5524321000,3.0125390000,
27.27046,29417,True,1.0000000000,4.0000000000,-0.0320000000,0.0000000000,0.0000000000,0.6009341000,-0.5809746000,0.5489506000,True,1.0000000000,4.0000000000,0.0320000000,0.0000000000,0.0000000000,0.5872854000,-0.5883023000,0.5558744000,0.0000000000,0.0000000000,0.0000000000,0.5941311000,-0.5846595000,0.5524324000,3.0337750000,
27.2816,29429,True,1.0000000000,4.0000000000,-0.0320000000,0.0000000000,0.0000000000,0.6008858000,-0.5810017000,0.5489747000,True,1.0000000000,4.0000000000,0.0320000000,0.0000000000,0.0000000000,0.5873320000,-0.5882784000,0.5558504000,0.0000000000,0.0000000000,0.0000000000,0.5941300000,-0.5846608000,0.5524322000,3.0549990000,
27.29246,29439,True,1.0000000000,4.0000000000,-0.0320000000,0.0000000000,0.0000000000,0.6004897000,-0.5812183000,0.5491788000,True,1.0000000000,4.0000000000,0.0320000000,0.0000000000,0.0000000000,0.5877457000,-0.5880604000,0.5556437000,0.0000000000,0.0000000000,0.0000000000,0.5941364000,-0.5846577000,0.5524286000,3.2491190000,
27.3038,29451,True,1.0000000000,4.0000000000,-0.0320000000,0.0000000000,0.0000000000,0.6005394000,-0.5811912000,0.5491532000,True,1.0000000000,4.0000000000,0.0320000000,0.0000000000,0.0000000000,0.5876914000,-0.5880892000,0.5556709000,0.0000000000,0.0000000000,0.0000000000,0.5941343000,-0.5846588000,0.5524297000,3.2228200000,
27.31485,29462,True,1.0000000000,4.0000000000,-0.0320000000,0.0000000000,0.0000000000,0.6005920000,-0.5811637000,0.5491248000,True,1.0000000000,4.0000000000,0.0320000000,0.0000000000,0.0000000000,0.5876364000,-0.5881194000,0.5556970000,0.0000000000,0.0000000000,0.0000000000,0.5941334000,-0.5846605000,0.5524288000,3.1960670000,
27.32594,29473,True,1.0000000000,4.0000000000,-0.0320000000,0.0000000000,0.0000000000,0.6006522000,-0.5811314000,0.5490931000,True,1.0000000000,4.0000000000,0.0320000000,0.0000000000,0.0000000000,0.5875731000,-0.5881534000,0.5557279000,0.0000000000,0.0000000000,0.0000000000,0.5941322000,-0.5846617000,0.5524287000,3.1658850000,
27.33718,29484,True,1.0000000000,4.0000000000,-0.0320000000,0.0000000000,0.0000000000,0.6007135000,-0.5810966000,0.5490628000,True,1.0000000000,4.0000000000,0.0320000000,0.0000000000,0.0000000000,0.5875102000,-0.5881852000,0.5557607000,0.0000000000,0.0000000000,0.0000000000,0.5941319000,-0.5846606000,0.5524304000,3.1361250000,
27.34836,29495,True,1.0000000000,4.0000000000,-0.0320000000,0.0000000000,0.0000000000,0.6007717000,-0.5810655000,0.5490321000,True,1.0000000000,4.0000000000,0.0320000000,0.0000000000,0.0000000000,0.5874515000,-0.5882169000,0.5557892000,0.0000000000,0.0000000000,0.0000000000,0.5941320000,-0.5846612000,0.5524296000,3.1085860000,
27.35921,29506,True,1.0000000000,4.0000000000,-0.0320000000,0.0000000000,0.0000000000,0.6008258000,-0.5810375000,0.5490025000,True,1.0000000000,4.0000000000,0.0320000000,0.0000000000,0.0000000000,0.5873928000,-0.5882495000,0.5558168000,0.0000000000,0.0000000000,0.0000000000,0.5941300000,-0.5846639000,0.5524289000,3.0824680000,
27.37042,29517,True,1.0000000000,4.0000000000,-0.0320000000,0.0000000000,0.0000000000,0.6008827000,-0.5810071000,0.5489725000,True,1.0000000000,4.0000000000,0.0320000000,0.0000000000,0.0000000000,0.5873345000,-0.5882809000,0.5558453000,0.0000000000,0.0000000000,0.0000000000,0.5941296000,-0.5846646000,0.5524284000,3.0562700000,
27.38165,29529,True,1.0000000000,4.0000000000,-0.0320000000,0.0000000000,0.0000000000,0.6008366000,-0.5810267000,0.5490021000,True,1.0000000000,4.0000000000,0.0320000000,0.0000000000,0.0000000000,0.5873855000,-0.5882483000,0.5558257000,0.0000000000,0.0000000000,0.0000000000,0.5941318000,-0.5846580000,0.5524333000,3.0783310000,
27.39253,29539,True,1.0000000000,4.0000000000,-0.0320000000,0.0000000000,0.0000000000,0.6009508000,-0.5809631000,0.5489445000,True,1.0000000000,4.0000000000,0.0320000000,0.0000000000,0.0000000000,0.5872687000,-0.5883086000,0.5558852000,0.0000000000,0.0000000000,0.0000000000,0.5941312000,-0.5846570000,0.5524349000,3.0263570000,
27.40376,29551,True,1.0000000000,4.0000000000,-0.0320000000,0.0000000000,0.0000000000,0.6010113000,-0.5809354000,0.5489076000,True,1.0000000000,4.0000000000,0.0320000000,0.0000000000,0.0000000000,0.5872016000,-0.5883495000,0.5559129000,0.0000000000,0.0000000000,0.0000000000,0.5941284000,-0.5846640000,0.5524306000,2.9984180000,
27.41453,29561,True,1.0000000000,4.0000000000,-0.0320000000,0.0000000000,0.0000000000,0.6010846000,-0.5808935000,0.5488716000,True,1.0000000000,4.0000000000,0.0320000000,0.0000000000,0.0000000000,0.5871262000,-0.5883874000,0.5559525000,0.0000000000,0.0000000000,0.0000000000,0.5941277000,-0.5846624000,0.5524328000,2.9664700000,
27.42608,29573,True,1.0000000000,4.0000000000,-0.0320000000,0.0000000000,0.0000000000,0.6011602000,-0.5808533000,0.5488314000,True,1.0000000000,4.0000000000,0.0320000000,0.0000000000,0.0000000000,0.5870472000,-0.5884302000,0.5559906000,0.0000000000,0.0000000000,0.0000000000,0.5941266000,-0.5846642000,0.5524322000,2.9339810000,
27.43721,29584,True,1.0000000000,4.0000000000,-0.0320000000,0.0000000000,0.0000000000,0.6012470000,-0.5808047000,0.5487877000,True,1.0000000000,4.0000000000,0.0320000000,0.0000000000,0.0000000000,0.5869571000,-0.5884765000,0.5560367000,0.0000000000,0.0000000000,0.0000000000,0.5941254000,-0.5846637000,0.5524340000,2.8976560000,
27.448,29595,True,1.0000000000,4.0000000000,-0.0320000000,0.0000000000,0.0000000000,0.6013341000,-0.5807580000,0.5487417000,True,1.0000000000,4.0000000000,0.0320000000,0.0000000000,0.0000000000,0.5868658000,-0.5885256000,0.5560811000,0.0000000000,0.0000000000,0.0000000000,0.5941240000,-0.5846654000,0.5524337000,2.8619470000,
27.45924,29606,True,1.0000000000,4.0000000000,-0.0320000000,0.0000000000,0.0000000000,0.6019645000,-0.5804096000,0.5484191000,True,1.0000000000,4.0000000000,0.0320000000,0.0000000000,0.0000000000,0.5862141000,-0.5888653000,0.5564088000,0.0000000000,0.0000000000,0.0000000000,0.5941177000,-0.5846655000,0.5524404000,2.6289940000,
27.47048,29617,True,1.0000000000,4.0000000000,-0.0320000000,0.0000000000,0.0000000000,0.6015222000,-0.5806571000,0.5486423000,True,1.0000000000,4.0000000000,0.0320000000,0.0000000000,0.0000000000,0.5866674000,-0.5886321000,0.5561776000,0.0000000000,0.0000000000,0.0000000000,0.5941201000,-0.5846695000,0.5524335000,2.7874950000,
27.48122,29628,True,1.0000000000,4.0000000000,-0.0320000000,0.0000000000,0.0000000000,0.6016111000,-0.5806060000,0.5485988000,True,1.0000000000,4.0000000000,0.0320000000,0.0000000000,0.0000000000,0.5865777000,-0.5886769000,0.5562248000,0.0000000000,0.0000000000,0.0000000000,0.5941204000,-0.5846670000,0.5524359000,2.7543750000,
27.49236,29639,True,1.0000000000,4.0000000000,-0.0320000000,0.0000000000,0.0000000000,0.6016990000,-0.5805589000,0.5485524000,True,1.0000000000,4.0000000000,0.0320000000,0.0000000000,0.0000000000,0.5864850000,-0.5887268000,0.5562699000,0.0000000000,0.0000000000,0.0000000000,0.5941186000,-0.5846690000,0.5524358000,2.7216840000,
27.50369,29651,True,1.0000000000,4.0000000000,-0.0320000000,0.0000000000,0.0000000000,0.6017913000,-0.5805078000,0.5485052000,True,1.0000000000,4.0000000000,0.0320000000,0.0000000000,0.0000000000,0.5863892000,-0.5887765000,0.5563182000,0.0000000000,0.0000000000,0.0000000000,0.5941175000,-0.5846689000,0.5524370000,2.6884550000,
27.51468,29661,True,1.0000000000,4.0000000000,-0.0320000000,0.0000000000,0.0000000000,0.6018828000,-0.5804566000,0.5484591000,True,1.0000000000,4.0000000000,0.0320000000,0.0000000000,0.0000000000,0.5862968000,-0.5888240000,0.5563653000,0.0000000000,0.0000000000,0.0000000000,0.5941176000,-0.5846678000,0.5524381000,2.6567230000,
27.529,29676,True,1.0000000000,4.0000000000,-0.0320000000,0.0000000000,0.0000000000,0.6019824000,-0.5804028000,0.5484066000,True,1.0000000000,4.0000000000,0.0320000000,0.0000000000,0.0000000000,0.5861902000,-0.5888810000,0.5564174000,0.0000000000,0.0000000000,0.0000000000,0.5941150000,-0.5846700000,0.5524386000,2.6220520000,
27.53749,29684,True,1.0000000000,4.0000000000,-0.0320000000,0.0000000000,0.0000000000,0.6020750000,-0.5803526000,0.5483581000,True,1.0000000000,4.0000000000,0.0320000000,0.0000000000,0.0000000000,0.5860934000,-0.5889325000,0.5564650000,0.0000000000,0.0000000000,0.0000000000,0.5941134000,-0.5846714000,0.5524388000,2.5909630000,
27.5481,29695,True,1.0000000000,4.0000000000,-0.0320000000,0.0000000000,0.0000000000,0.6021661000,-0.5803009000,0.5483128000,True,1.0000000000,4.0000000000,0.0320000000,0.0000000000,0.0000000000,0.5860004000,-0.5889795000,0.5565129000,0.0000000000,0.0000000000,0.0000000000,0.5941132000,-0.5846698000,0.5524407000,2.5614800000,
27.55926,29706,True,1.0000000000,4.0000000000,-0.0320000000,0.0000000000,0.0000000000,0.6022513000,-0.5802570000,0.5482658000,True,1.0000000000,4.0000000000,0.0320000000,0.0000000000,0.0000000000,0.5859069000,-0.5890314000,0.5565565000,0.0000000000,0.0000000000,0.0000000000,0.5941098000,-0.5846744000,0.5524396000,2.5334670000,
27.57098,29718,True,1.0000000000,4.0000000000,-0.0320000000,0.0000000000,0.0000000000,0.6023360000,-0.5802089000,0.5482234000,True,1.0000000000,4.0000000000,0.0320000000,0.0000000000,0.0000000000,0.5858220000,-0.5890745000,0.5566003000,0.0000000000,0.0000000000,0.0000000000,0.5941104000,-0.5846726000,0.5524409000,2.5074340000,
27.58149,29729,True,1.0000000000,4.0000000000,-0.0320000000,0.0000000000,0.0000000000,0.6024183000,-0.5801661000,0.5481783000,True,1.0000000000,4.0000000000,0.0320000000,0.0000000000,0.0000000000,0.5857310000,-0.5891247000,0.5566429000,0.0000000000,0.0000000000,0.0000000000,0.5941066000,-0.5846769000,0.5524403000,2.4814210000,
27.59427,29742,True,1.0000000000,4.0000000000,-0.0320000000,0.0000000000,0.0000000000,0.6025054000,-0.5801169000,0.5481347000,True,1.0000000000,4.0000000000,0.0320000000,0.0000000000,0.0000000000,0.5856432000,-0.5891693000,0.5566881000,0.0000000000,0.0000000000,0.0000000000,0.5941069000,-0.5846751000,0.5524418000,2.4556850000,
27.6046,29752,True,1.0000000000,4.0000000000,-0.0320000000,0.0000000000,0.0000000000,0.6025862000,-0.5800735000,0.5480918000,True,1.0000000000,4.0000000000,0.0320000000,0.0000000000,0.0000000000,0.5855563000,-0.5892159000,0.5567302000,0.0000000000,0.0000000000,0.0000000000,0.5941045000,-0.5846775000,0.5524419000,2.4315020000,
27.61491,29762,True,1.0000000000,4.0000000000,-0.0320000000,0.0000000000,0.0000000000,0.6026688000,-0.5800272000,0.5480501000,True,1.0000000000,4.0000000000,0.0320000000,0.0000000000,0.0000000000,0.5854722000,-0.5892590000,0.5567729000,0.0000000000,0.0000000000,0.0000000000,0.5941044000,-0.5846764000,0.5524431000,2.4079400000,
27.6258,29773,True,1.0000000000,4.0000000000,-0.0320000000,0.0000000000,0.0000000000,0.6027517000,-0.5799806000,0.5480080000,True,1.0000000000,4.0000000000,0.0320000000,0.0000000000,0.0000000000,0.5853862000,-0.5893032000,0.5568168000,0.0000000000,0.0000000000,0.0000000000,0.5941036000,-0.5846760000,0.5524445000,2.3844930000,
27.63741,29784,True,1.0000000000,4.0000000000,-0.0320000000,0.0000000000,0.0000000000,0.6028239000,-0.5799418000,0.5479698000,True,1.0000000000,4.0000000000,0.0320000000,0.0000000000,0.0000000000,0.5853096000,-0.5893443000,0.5568538000,0.0000000000,0.0000000000,0.0000000000,0.5941020000,-0.5846776000,0.5524445000,2.3642490000,
27.6481,29795,True,1.0000000000,4.0000000000,-0.0320000000,0.0000000000,0.0000000000,0.6028936000,-0.5799028000,0.5479345000,True,1.0000000000,4.0000000000,0.0320000000,0.0000000000,0.0000000000,0.5852363000,-0.5893818000,0.5568910000,0.0000000000,0.0000000000,0.0000000000,0.5941007000,-0.5846775000,0.5524460000,2.3451010000,
27.65903,29810,True,1.0000000000,4.0000000000,-0.0320000000,0.0000000000,0.0000000000,0.6029581000,-0.5798671000,0.5479012000,True,1.0000000000,4.0000000000,0.0320000000,0.0000000000,0.0000000000,0.5851689000,-0.5894170000,0.5569246000,0.0000000000,0.0000000000,0.0000000000,0.5940998000,-0.5846778000,0.5524467000,2.3277150000,
27.67106,29818,True,1.0000000000,4.0000000000,-0.0320000000,0.0000000000,0.0000000000,0.6113492000,-0.5752079000,0.5434963000,True,1.0000000000,4.0000000000,0.0320000000,0.0000000000,0.0000000000,0.5761412000,-0.5940984000,0.5613452000,0.0000000000,0.0000000000,0.0000000000,0.5938874000,-0.5847932000,0.5525530000,1.1763600000,
27.68167,29829,True,1.0000000000,4.0000000000,-0.0320000000,0.0000000000,0.0000000000,0.6118255000,-0.5749385000,0.5432452000,True,1.0000000000,4.0000000000,0.0320000000,0.0000000000,0.0000000000,0.5756183000,-0.5943643000,0.5616001000,0.0000000000,0.0000000000,0.0000000000,0.5938722000,-0.5847994000,0.5525625000,1.1439080000,
27.69295,29840,True,1.0000000000,4.0000000000,-0.0320000000,0.0000000000,0.0000000000,0.6120971000,-0.5747850000,0.5431017000,True,1.0000000000,4.0000000000,0.0320000000,0.0000000000,0.0000000000,0.5753179000,-0.5945171000,0.5617462000,0.0000000000,0.0000000000,0.0000000000,0.5938627000,-0.5848039000,0.5525683000,1.1261270000,
27.70402,29851,True,1.0000000000,4.0000000000,-0.0320000000,0.0000000000,0.0000000000,0.6122865000,-0.5746824000,0.5429968000,True,1.0000000000,4.0000000000,0.0320000000,0.0000000000,0.0000000000,0.5751036000,-0.5946307000,0.5618452000,0.0000000000,0.0000000000,0.0000000000,0.5938536000,-0.5848127000,0.5525686000,1.1139170000,
27.71583,29864,True,1.0000000000,4.0000000000,-0.0320000000,0.0000000000,0.0000000000,0.6124100000,-0.5746113000,0.5429326000,True,1.0000000000,4.0000000000,0.0320000000,0.0000000000,0.0000000000,0.5749679000,-0.5946985000,0.5619124000,0.0000000000,0.0000000000,0.0000000000,0.5938497000,-0.5848132000,0.5525721000,1.1062050000,
27.72649,29873,True,1.0000000000,4.0000000000,-0.0320000000,0.0000000000,0.0000000000,0.6124970000,-0.5745612000,0.5428876000,True,1.0000000000,4.0000000000,0.0320000000,0.0000000000,0.0000000000,0.5748732000,-0.5947457000,0.5619594000,0.0000000000,0.0000000000,0.0000000000,0.5938475000,-0.5848134000,0.5525746000,1.1008650000,
27.738,29885,True,1.0000000000,4.0000000000,-0.0320000000,0.0000000000,0.0000000000,0.6125501000,-0.5745305000,0.5428600000,True,1.0000000000,4.0000000000,0.0320000000,0.0000000000,0.0000000000,0.5748155000,-0.5947745000,0.5619881000,0.0000000000,0.0000000000,0.0000000000,0.5938461000,-0.5848134000,0.5525761000,1.0976320000,
27.74951,29897,True,1.0000000000,4.0000000000,-0.0320000000,0.0000000000,0.0000000000,0.6125844000,-0.5745116000,0.5428415000,True,1.0000000000,4.0000000000,0.0320000000,0.0000000000,0.0000000000,0.5747774000,-0.5947942000,0.5620060000,0.0000000000,0.0000000000,0.0000000000,0.5938448000,-0.5848144000,0.5525763000,1.0955340000,
27.76076,29908,True,1.0000000000,4.0000000000,-0.0320000000,0.0000000000,0.0000000000,0.6125962000,-0.5745049000,0.5428354000,True,1.0000000000,4.0000000000,0.0320000000,0.0000000000,0.0000000000,0.5747650000,-0.5948005000,0.5620121000,0.0000000000,0.0000000000,0.0000000000,0.5938447000,-0.5848143000,0.5525764000,1.0948360000,
27.77232,29919,True,1.0000000000,4.0000000000,-0.0320000000,0.0000000000,0.0000000000,0.6125858000,-0.5745144000,0.5428370000,True,1.0000000000,4.0000000000,0.0320000000,0.0000000000,0.0000000000,0.5747703000,-0.5948015000,0.5620055000,0.0000000000,0.0000000000,0.0000000000,0.5938421000,-0.5848195000,0.5525739000,1.0952960000,
27.78377,29931,True,1.0000000000,4.0000000000,-0.0320000000,0.0000000000,0.0000000000,0.6125678000,-0.5745222000,0.5428489000,True,1.0000000000,4.0000000000,0.0320000000,0.0000000000,0.0000000000,0.5747944000,-0.5947869000,0.5619966000,0.0000000000,0.0000000000,0.0000000000,0.5938447000,-0.5848157000,0.5525750000,1.0965030000,
27.7951,29944,True,1.0000000000,4.0000000000,-0.0320000000,0.0000000000,0.0000000000,0.6125274000,-0.5745457000,0.5428697000,True,1.0000000000,4.0000000000,0.0320000000,0.0000000000,0.0000000000,0.5748366000,-0.5947661000,0.5619753000,0.0000000000,0.0000000000,0.0000000000,0.5938449000,-0.5848164000,0.5525741000,1.0989130000,
27.80623,29953,True,1.0000000000,4.0000000000,-0.0320000000,0.0000000000,0.0000000000,0.6124807000,-0.5745714000,0.5428950000,True,1.0000000000,4.0000000000,0.0320000000,0.0000000000,0.0000000000,0.5748894000,-0.5947386000,0.5619504000,0.0000000000,0.0000000000,0.0000000000,0.5938471000,-0.5848146000,0.5525735000,1.1018180000,
27.81788,29965,True,1.0000000000,4.0000000000,-0.0320000000,0.0000000000,0.0000000000,0.6124173000,-0.5746074000,0.5429286000,True,1.0000000000,4.0000000000,0.0320000000,0.0000000000,0.0000000000,0.5749590000,-0.5947032000,0.5619166000,0.0000000000,0.0000000000,0.0000000000,0.5938491000,-0.5848138000,0.5525723000,1.1057310000,
27.82884,29977,True,1.0000000000,4.0000000000,-0.0320000000,0.0000000000,0.0000000000,0.6123427000,-0.5746516000,0.5429661000,True,1.0000000000,4.0000000000,0.0320000000,0.0000000000,0.0000000000,0.5750385000,-0.5946649000,0.5618758000,0.0000000000,0.0000000000,0.0000000000,0.5938501000,-0.5848154000,0.5525694000,1.1102990000,
27.84048,29987,True,1.0000000000,4.0000000000,-0.0320000000,0.0000000000,0.0000000000,0.6122671000,-0.5746893000,0.5430113000,True,1.0000000000,4.0000000000,0.0320000000,0.0000000000,0.0000000000,0.5751309000,-0.5946127000,0.5618365000,0.0000000000,0.0000000000,0.0000000000,0.5938571000,-0.5848067000,0.5525711000,1.1153090000,
27.85217,29999,True,1.0000000000,4.0000000000,-0.0320000000,0.0000000000,0.0000000000,0.6121781000,-0.5747408000,0.5430571000,True,1.0000000000,4.0000000000,0.0320000000,0.0000000000,0.0000000000,0.5752270000,-0.5945651000,0.5617885000,0.0000000000,0.0000000000,0.0000000000,0.5938591000,-0.5848071000,0.5525685000,1.1208970000,
27.86539,30012,True,1.0000000000,4.0000000000,-0.0320000000,0.0000000000,0.0000000000,0.6120983000,-0.5747848000,0.5431005000,True,1.0000000000,4.0000000000,0.0320000000,0.0000000000,0.0000000000,0.5753168000,-0.5945183000,0.5617461000,0.0000000000,0.0000000000,0.0000000000,0.5938628000,-0.5848044000,0.5525677000,1.1260560000,
27.87364,30020,True,1.0000000000,4.0000000000,-0.0320000000,0.0000000000,0.0000000000,0.6119949000,-0.5748416000,0.5431569000,True,1.0000000000,4.0000000000,0.0320000000,0.0000000000,0.0000000000,0.5754336000,-0.5944571000,0.5616912000,0.0000000000,0.0000000000,0.0000000000,0.5938675000,-0.5848003000,0.5525667000,1.1328330000,
27.88441,30032,True,1.0000000000,4.0000000000,-0.0320000000,0.0000000000,0.0000000000,0.6118949000,-0.5748991000,0.5432087000,True,1.0000000000,4.0000000000,0.0320000000,0.0000000000,0.0000000000,0.5755424000,-0.5944028000,0.5616371000,0.0000000000,0.0000000000,0.0000000000,0.5938702000,-0.5848002000,0.5525639000,1.1393400000,
27.89613,30043,True,1.0000000000,4.0000000000,-0.0320000000,0.0000000000,0.0000000000,0.6117882000,-0.5749593000,0.5432651000,True,1.0000000000,4.0000000000,0.0320000000,0.0000000000,0.0000000000,0.5756600000,-0.5943428000,0.5615801000,0.0000000000,0.0000000000,0.0000000000,0.5938738000,-0.5847985000,0.5525619000,1.1464080000,
27.90822,30055,True,1.0000000000,4.0000000000,-0.0320000000,0.0000000000,0.0000000000,0.6116898000,-0.5750160000,0.5433159000,True,1.0000000000,4.0000000000,0.0320000000,0.0000000000,0.0000000000,0.5757659000,-0.5942900000,0.5615274000,0.0000000000,0.0000000000,0.0000000000,0.5938758000,-0.5847988000,0.5525594000,1.1529260000,
27.91865,30066,True,1.0000000000,4.0000000000,-0.0320000000,0.0000000000,0.0000000000,0.6115777000,-0.5750793000,0.5433752000,True,1.0000000000,4.0000000000,0.0320000000,0.0000000000,0.0000000000,0.5758904000,-0.5942266000,0.5614669000,0.0000000000,0.0000000000,0.0000000000,0.5938801000,-0.5847967000,0.5525569000,1.1605670000,
27.92976,30077,True,1.0000000000,4.0000000000,-0.0320000000,0.0000000000,0.0000000000,0.6114681000,-0.5751412000,0.5434331000,True,1.0000000000,4.0000000000,0.0320000000,0.0000000000,0.0000000000,0.5760096000,-0.5941659000,0.5614089000,0.0000000000,0.0000000000,0.0000000000,0.5938830000,-0.5847955000,0.5525551000,1.1680530000,
27.94137,30088,True,1.0000000000,4.0000000000,-0.0320000000,0.0000000000,0.0000000000,0.6113794000,-0.5751889000,0.5434822000,True,1.0000000000,4.0000000000,0.0320000000,0.0000000000,0.0000000000,0.5761114000,-0.5941116000,0.5613618000,0.0000000000,0.0000000000,0.0000000000,0.5938881000,-0.5847907000,0.5525547000,1.1743510000,
27.95269,30100,True,1.0000000000,4.0000000000,-0.0320000000,0.0000000000,0.0000000000,0.6112854000,-0.5752448000,0.5435288000,True,1.0000000000,4.0000000000,0.0320000000,0.0000000000,0.0000000000,0.5762083000,-0.5940651000,0.5613115000,0.0000000000,0.0000000000,0.0000000000,0.5938880000,-0.5847940000,0.5525514000,1.1807480000,
27.96318,30110,True,1.0000000000,4.0000000000,-0.0320000000,0.0000000000,0.0000000000,0.6112157000,-0.5752818000,0.5435681000,True,1.0000000000,4.0000000000,0.0320000000,0.0000000000,0.0000000000,0.5762896000,-0.5940213000,0.5612745000,0.0000000000,0.0000000000,0.0000000000,0.5938926000,-0.5847893000,0.5525514000,1.1858470000,
27.97484,30122,True,1.0000000000,4.0000000000,-0.0320000000,0.0000000000,0.0000000000,0.6111592000,-0.5753138000,0.5435977000,True,1.0000000000,4.0000000000,0.0320000000,0.0000000000,0.0000000000,0.5763507000,-0.5939903000,0.5612445000,0.0000000000,0.0000000000,0.0000000000,0.5938939000,-0.5847889000,0.5525504000,1.1898480000,
27.98636,30133,True,1.0000000000,4.0000000000,-0.0320000000,0.0000000000,0.0000000000,0.6111943000,-0.5752928000,0.5435805000,True,1.0000000000,4.0000000000,0.0320000000,0.0000000000,0.0000000000,0.5763152000,-0.5940071000,0.5612632000,0.0000000000,0.0000000000,0.0000000000,0.5938943000,-0.5847874000,0.5525516000,1.1874370000,
27.99719,30144,True,1.0000000000,4.0000000000,-0.0320000000,0.0000000000,0.0000000000,0.6112350000,-0.5752698000,0.5435591000,True,1.0000000000,4.0000000000,0.0320000000,0.0000000000,0.0000000000,0.5762696000,-0.5940303000,0.5612856000,0.0000000000,0.0000000000,0.0000000000,0.5938925000,-0.5847881000,0.5525528000,1.1845110000,
28.00762,30155,True,1.0000000000,4.0000000000,-0.0320000000,0.0000000000,0.0000000000,0.6113241000,-0.5752220000,0.5435095000,True,1.0000000000,4.0000000000,0.0320000000,0.0000000000,0.0000000000,0.5761682000,-0.5940845000,0.5613323000,0.0000000000,0.0000000000,0.0000000000,0.5938879000,-0.5847928000,0.5525528000,1.1780950000,
28.01963,30167,True,1.0000000000,4.0000000000,-0.0320000000,0.0000000000,0.0000000000,0.6114244000,-0.5751658000,0.5434561000,True,1.0000000000,4.0000000000,0.0320000000,0.0000000000,0.0000000000,0.5760576000,-0.5941414000,0.5613855000,0.0000000000,0.0000000000,0.0000000000,0.5938845000,-0.5847949000,0.5525542000,1.1710810000,
28.03667,30183,True,1.0000000000,4.0000000000,-0.0320000000,0.0000000000,0.0000000000,0.6116043000,-0.5750641000,0.5433614000,True,1.0000000000,4.0000000000,0.0320000000,0.0000000000,0.0000000000,0.5758601000,-0.5942419000,0.5614819000,0.0000000000,0.0000000000,0.0000000000,0.5938787000,-0.5847972000,0.5525580000,1.1587220000,
28.04782,30195,True,1.0000000000,4.0000000000,-0.0320000000,0.0000000000,0.0000000000,0.6116918000,-0.5750140000,0.5433159000,True,1.0000000000,4.0000000000,0.0320000000,0.0000000000,0.0000000000,0.5757659000,-0.5942892000,0.5615284000,0.0000000000,0.0000000000,0.0000000000,0.5938768000,-0.5847974000,0.5525599000,1.1528620000,
28.05898,30206,True,1.0000000000,4.0000000000,-0.0320000000,0.0000000000,0.0000000000,0.6117627000,-0.5749745000,0.5432779000,True,1.0000000000,4.0000000000,0.0320000000,0.0000000000,0.0000000000,0.5756858000,-0.5943305000,0.5615668000,0.0000000000,0.0000000000,0.0000000000,0.5938736000,-0.5847995000,0.5525612000,1.1480400000,
28.07028,30217,True,1.0000000000,4.0000000000,-0.0320000000,0.0000000000,0.0000000000,0.6118287000,-0.5749397000,0.5432403000,True,1.0000000000,4.0000000000,0.0320000000,0.0000000000,0.0000000000,0.5756094000,-0.5943719000,0.5616012000,0.0000000000,0.0000000000,0.0000000000,0.5938696000,-0.5848039000,0.5525607000,1.1435350000,
28.0815,30229,True,1.0000000000,4.0000000000,-0.0320000000,0.0000000000,0.0000000000,0.6118922000,-0.5749008000,0.5432099000,True,1.0000000000,4.0000000000,0.0320000000,0.0000000000,0.0000000000,0.5755446000,-0.5944018000,0.5616359000,0.0000000000,0.0000000000,0.0000000000,0.5938699000,-0.5848005000,0.5525639000,1.1394900000,
28.09222,30239,True,1.0000000000,4.0000000000,-0.0320000000,0.0000000000,0.0000000000,0.6119549000,-0.5748658000,0.5431763000,True,1.0000000000,4.0000000000,0.0320000000,0.0000000000,0.0000000000,0.5754744000,-0.5944381000,0.5616696000,0.0000000000,0.0000000000,0.0000000000,0.5938672000,-0.5848023000,0.5525649000,1.1353410000,
28.1035,30250,True,1.0000000000,4.0000000000,-0.0320000000,0.0000000000,0.0000000000,0.6120134000,-0.5748314000,0.5431469000,True,1.0000000000,4.0000000000,0.0320000000,0.0000000000,0.0000000000,0.5754136000,-0.5944675000,0.5617007000,0.0000000000,0.0000000000,0.0000000000,0.5938671000,-0.5848007000,0.5525668000,1.1316400000,
28.11474,30263,True,1.0000000000,4.0000000000,-0.0320000000,0.0000000000,0.0000000000,0.6120651000,-0.5748058000,0.5431156000,True,1.0000000000,4.0000000000,0.0320000000,0.0000000000,0.0000000000,0.5753500000,-0.5945037000,0.5617275000,0.0000000000,0.0000000000,0.0000000000,0.5938621000,-0.5848070000,0.5525654000,1.1280940000,
28.12565,30273,True,1.0000000000,4.0000000000,-0.0320000000,0.0000000000,0.0000000000,0.6121181000,-0.5747762000,0.5430873000,True,1.0000000000,4.0000000000,0.0320000000,0.0000000000,0.0000000000,0.5752898000,-0.5945346000,0.5617565000,0.0000000000,0.0000000000,0.0000000000,0.5938594000,-0.5848086000,0.5525666000,1.1246320000,
28.1371,30284,True,1.0000000000,4.0000000000,-0.0320000000,0.0000000000,0.0000000000,0.6121593000,-0.5747505000,0.5430679000,True,1.0000000000,4.0000000000,0.0320000000,0.0000000000,0.0000000000,0.5752509000,-0.5945520000,0.5617779000,0.0000000000,0.0000000000,0.0000000000,0.5938613000,-0.5848051000,0.5525683000,1.1221860000,
28.14795,30295,True,1.0000000000,4.0000000000,-0.0320000000,0.0000000000,0.0000000000,0.6121975000,-0.5747300000,0.5430466000,True,1.0000000000,4.0000000000,0.0320000000,0.0000000000,0.0000000000,0.5752051000,-0.5945764000,0.5617990000,0.0000000000,0.0000000000,0.0000000000,0.5938582000,-0.5848078000,0.5525689000,1.1196430000,
28.15908,30306,True,1.0000000000,4.0000000000,-0.0320000000,0.0000000000,0.0000000000,0.6122347000,-0.5747083000,0.5430276000,True,1.0000000000,4.0000000000,0.0320000000,0.0000000000,0.0000000000,0.5751663000,-0.5945956000,0.5618185000,0.0000000000,0.0000000000,0.0000000000,0.5938581000,-0.5848072000,0.5525696000,1.1173500000,
28.17063,30318,True,1.0000000000,4.0000000000,-0.0320000000,0.0000000000,0.0000000000,0.6122789000,-0.5746843000,0.5430032000,True,1.0000000000,4.0000000000,0.0320000000,0.0000000000,0.0000000000,0.5751147000,-0.5946227000,0.5618424000,0.0000000000,0.0000000000,0.0000000000,0.5938553000,-0.5848095000,0.5525702000,1.1144730000,
28.18134,30328,True,1.0000000000,4.0000000000,-0.0320000000,0.0000000000,0.0000000000,0.6123236000,-0.5746588000,0.5429798000,True,1.0000000000,4.0000000000,0.0320000000,0.0000000000,0.0000000000,0.5750653000,-0.5946476000,0.5618667000,0.0000000000,0.0000000000,0.0000000000,0.5938537000,-0.5848100000,0.5525714000,1.1116590000,
28.19516,30342,True,1.0000000000,4.0000000000,-0.0320000000,0.0000000000,0.0000000000,0.6123724000,-0.5746304000,0.5429547000,True,1.0000000000,4.0000000000,0.0320000000,0.0000000000,0.0000000000,0.5750133000,-0.5946733000,0.5618927000,0.0000000000,0.0000000000,0.0000000000,0.5938529000,-0.5848095000,0.5525727000,1.1086590000,
28.20432,30351,True,1.0000000000,4.0000000000,-0.0320000000,0.0000000000,0.0000000000,0.6124182000,-0.5746067000,0.5429282000,True,1.0000000000,4.0000000000,0.0320000000,0.0000000000,0.0000000000,0.5749584000,-0.5947034000,0.5619170000,0.0000000000,0.0000000000,0.0000000000,0.5938493000,-0.5848135000,0.5525724000,1.1056860000,
28.21539,30362,True,1.0000000000,4.0000000000,-0.0320000000,0.0000000000,0.0000000000,0.6124663000,-0.5745798000,0.5429025000,True,1.0000000000,4.0000000000,0.0320000000,0.0000000000,0.0000000000,0.5749059000,-0.5947304000,0.5619422000,0.0000000000,0.0000000000,0.0000000000,0.5938479000,-0.5848144000,0.5525729000,1.1027230000,
28.22583,30373,True,1.0000000000,4.0000000000,-0.0320000000,0.0000000000,0.0000000000,0.6125183000,-0.5745502000,0.5428752000,True,1.0000000000,4.0000000000,0.0320000000,0.0000000000,0.0000000000,0.5748488000,-0.5947592000,0.5619701000,0.0000000000,0.0000000000,0.0000000000,0.5938463000,-0.5848150000,0.5525741000,1.0995350000,
28.23704,30384,True,1.0000000000,4.0000000000,-0.0320000000,0.0000000000,0.0000000000,0.6125655000,-0.5745205000,0.5428534000,True,1.0000000000,4.0000000000,0.0320000000,0.0000000000,0.0000000000,0.5748016000,-0.5947801000,0.5619963000,0.0000000000,0.0000000000,0.0000000000,0.5938471000,-0.5848114000,0.5525770000,1.0967800000,
28.2479,30395,True,1.0000000000,4.0000000000,-0.0320000000,0.0000000000,0.0000000000,0.6126107000,-0.5744989000,0.5428252000,True,1.0000000000,4.0000000000,0.0320000000,0.0000000000,0.0000000000,0.5747442000,-0.5948133000,0.5620198000,0.0000000000,0.0000000000,0.0000000000,0.5938419000,-0.5848180000,0.5525755000,1.0938160000,
28.26193,30410,True,1.0000000000,4.0000000000,-0.0320000000,0.0000000000,0.0000000000,0.6126492000,-0.5744766000,0.5428054000,True,1.0000000000,4.0000000000,0.0320000000,0.0000000000,0.0000000000,0.5747035000,-0.5948336000,0.5620401000,0.0000000000,0.0000000000,0.0000000000,0.5938414000,-0.5848176000,0.5525764000,1.0915310000,
28.27046,30417,True,1.0000000000,4.0000000000,-0.0320000000,0.0000000000,0.0000000000,0.6126743000,-0.5744618000,0.5427926000,True,1.0000000000,4.0000000000,0.0320000000,0.0000000000,0.0000000000,0.5746762000,-0.5948470000,0.5620538000,0.0000000000,0.0000000000,0.0000000000,0.5938408000,-0.5848175000,0.5525773000,1.0900300000,
28.28126,30428,True,1.0000000000,4.0000000000,-0.0320000000,0.0000000000,0.0000000000,0.6126956000,-0.5744509000,0.5427802000,True,1.0000000000,4.0000000000,0.0320000000,0.0000000000,0.0000000000,0.5746500000,-0.5948613000,0.5620652000,0.0000000000,0.0000000000,0.0000000000,0.5938388000,-0.5848196000,0.5525771000,1.0886760000,
28.29243,30439,True,1.0000000000,4.0000000000,-0.0320000000,0.0000000000,0.0000000000,0.6127087000,-0.5744414000,0.5427753000,True,1.0000000000,4.0000000000,0.0320000000,0.0000000000,0.0000000000,0.5746398000,-0.5948644000,0.5620725000,0.0000000000,0.0000000000,0.0000000000,0.5938405000,-0.5848166000,0.5525786000,1.0879990000,
28.304,30451,True,1.0000000000,4.0000000000,-0.0320000000,0.0000000000,0.0000000000,0.6127118000,-0.5744410000,0.5427725000,True,1.0000000000,4.0000000000,0.0320000000,0.0000000000,0.0000000000,0.5746339000,-0.5948686000,0.5620740000,0.0000000000,0.0000000000,0.0000000000,0.5938391000,-0.5848185000,0.5525779000,1.0877480000,
28.31525,30462,True,1.0000000000,4.0000000000,-0.0320000000,0.0000000000,0.0000000000,0.6127048000,-0.5744465000,0.5427744000,True,1.0000000000,4.0000000000,0.0320000000,0.0000000000,0.0000000000,0.5746393000,-0.5948676000,0.5620697000,0.0000000000,0.0000000000,0.0000000000,0.5938382000,-0.5848207000,0.5525767000,1.0881020000,
28.3261,30473,True,1.0000000000,4.0000000000,-0.0320000000,0.0000000000,0.0000000000,0.6126973000,-0.5744496000,0.5427797000,True,1.0000000000,4.0000000000,0.0320000000,0.0000000000,0.0000000000,0.5746504000,-0.5948608000,0.5620655000,0.0000000000,0.0000000000,0.0000000000,0.5938399000,-0.5848187000,0.5525770000,1.0886310000,
28.33734,30484,True,1.0000000000,4.0000000000,-0.0320000000,0.0000000000,0.0000000000,0.6126775000,-0.5744606000,0.5427904000,True,1.0000000000,4.0000000000,0.0320000000,0.0000000000,0.0000000000,0.5746710000,-0.5948501000,0.5620557000,0.0000000000,0.0000000000,0.0000000000,0.5938399000,-0.5848185000,0.5525771000,1.0897930000,
28.34805,30495,True,1.0000000000,4.0000000000,-0.0320000000,0.0000000000,0.0000000000,0.6126568000,-0.5744724000,0.5428013000,True,1.0000000000,4.0000000000,0.0320000000,0.0000000000,0.0000000000,0.5746945000,-0.5948381000,0.5620443000,0.0000000000,0.0000000000,0.0000000000,0.5938409000,-0.5848180000,0.5525766000,1.0910560000,
28.35949,30506,True,1.0000000000,4.0000000000,-0.0320000000,0.0000000000,0.0000000000,0.6126289000,-0.5744863000,0.5428180000,True,1.0000000000,4.0000000000,0.0320000000,0.0000000000,0.0000000000,0.5747283000,-0.5948192000,0.5620299000,0.0000000000,0.0000000000,0.0000000000,0.5938433000,-0.5848150000,0.5525773000,1.0928310000,
28.3709,30518,True,1.0000000000,4.0000000000,-0.0320000000,0.0000000000,0.0000000000,0.6125987000,-0.5745032000,0.5428342000,True,1.0000000000,4.0000000000,0.0320000000,0.0000000000,0.0000000000,0.5747616000,-0.5948019000,0.5620140000,0.0000000000,0.0000000000,0.0000000000,0.5938444000,-0.5848143000,0.5525768000,1.0946610000,
28.38173,30529,True,1.0000000000,4.0000000000,-0.0320000000,0.0000000000,0.0000000000,0.6125622000,-0.5745261000,0.5428512000,True,1.0000000000,4.0000000000,0.0320000000,0.0000000000,0.0000000000,0.5747993000,-0.5947852000,0.5619932000,0.0000000000,0.0000000000,0.0000000000,0.5938443000,-0.5848167000,0.5525743000,1.0968150000,
28.39279,30540,True,1.0000000000,4.0000000000,-0.0320000000,0.0000000000,0.0000000000,0.6125248000,-0.5745468000,0.5428714000,True,1.0000000000,4.0000000000,0.0320000000,0.0000000000,0.0000000000,0.5748418000,-0.5947630000,0.5619732000,0.0000000000,0.0000000000,0.0000000000,0.5938461000,-0.5848153000,0.5525738000,1.0991370000,
28.40424,30551,True,1.0000000000,4.0000000000,-0.0320000000,0.0000000000,0.0000000000,0.6124879000,-0.5745670000,0.5428919000,True,1.0000000000,4.0000000000,0.0320000000,0.0000000000,0.0000000000,0.5748827000,-0.5947415000,0.5619542000,0.0000000000,0.0000000000,0.0000000000,0.5938474000,-0.5848140000,0.5525739000,1.1014110000,
28.41697,30565,True,1.0000000000,4.0000000000,-0.0320000000,0.0000000000,0.0000000000,0.6124484000,-0.5745879000,0.5429140000,True,1.0000000000,4.0000000000,0.0320000000,0.0000000000,0.0000000000,0.5749294000,-0.5947164000,0.5619330000,0.0000000000,0.0000000000,0.0000000000,0.5938504000,-0.5848112000,0.5525737000,1.1039340000,
28.4274,30574,True,1.0000000000,4.0000000000,-0.0320000000,0.0000000000,0.0000000000,0.6124089000,-0.5746124000,0.5429327000,True,1.0000000000,4.0000000000,0.0320000000,0.0000000000,0.0000000000,0.5749677000,-0.5946991000,0.5619121000,0.0000000000,0.0000000000,0.0000000000,0.5938491000,-0.5848141000,0.5525720000,1.1062340000,
28.43866,30585,True,1.0000000000,4.0000000000,-0.0320000000,0.0000000000,0.0000000000,0.6123700000,-0.5746315000,0.5429564000,True,1.0000000000,4.0000000000,0.0320000000,0.0000000000,0.0000000000,0.5750163000,-0.5946714000,0.5618916000,0.0000000000,0.0000000000,0.0000000000,0.5938532000,-0.5848091000,0.5525728000,1.1088200000,
28.46372,30611,True,1.0000000000,4.0000000000,-0.0320000000,0.0000000000,0.0000000000,0.6123394000,-0.5746504000,0.5429709000,True,1.0000000000,4.0000000000,0.0320000000,0.0000000000,0.0000000000,0.5750473000,-0.5946573000,0.5618749000,0.0000000000,0.0000000000,0.0000000000,0.5938528000,-0.5848109000,0.5525713000,1.1106510000,
28.48123,30628,True,1.0000000000,4.0000000000,-0.0320000000,0.0000000000,0.0000000000,0.6122117000,-0.5747230000,0.5430381000,True,1.0000000000,4.0000000000,0.0320000000,0.0000000000,0.0000000000,0.5751873000,-0.5945865000,0.5618064000,0.0000000000,0.0000000000,0.0000000000,0.5938567000,-0.5848096000,0.5525686000,1.1186790000,
28.49798,30645,True,1.0000000000,4.0000000000,-0.0320000000,0.0000000000,0.0000000000,0.6121783000,-0.5747417000,0.5430559000,True,1.0000000000,4.0000000000,0.0320000000,0.0000000000,0.0000000000,0.5752249000,-0.5945671000,0.5617885000,0.0000000000,0.0000000000,0.0000000000,0.5938582000,-0.5848086000,0.5525679000,1.1208240000,
28.51456,30661,True,1.0000000000,4.0000000000,-0.0320000000,0.0000000000,0.0000000000,0.6120979000,-0.5747851000,0.5431007000,True,1.0000000000,4.0000000000,0.0320000000,0.0000000000,0.0000000000,0.5753164000,-0.5945184000,0.5617464000,0.0000000000,0.0000000000,0.0000000000,0.5938623000,-0.5848046000,0.5525679000,1.1260570000,
28.5263,30673,True,1.0000000000,4.0000000000,-0.0320000000,0.0000000000,0.0000000000,0.6120631000,-0.5748020000,0.5431219000,True,1.0000000000,4.0000000000,0.0320000000,0.0000000000,0.0000000000,0.5753597000,-0.5944936000,0.5617282000,0.0000000000,0.0000000000,0.0000000000,0.5938659000,-0.5847999000,0.5525689000,1.1284490000,
28.53719,30684,True,1.0000000000,4.0000000000,-0.0320000000,0.0000000000,0.0000000000,0.6120147000,-0.5748333000,0.5431435000,True,1.0000000000,4.0000000000,0.0320000000,0.0000000000,0.0000000000,0.5754070000,-0.5944736000,0.5617011000,0.0000000000,0.0000000000,0.0000000000,0.5938645000,-0.5848048000,0.5525652000,1.1314030000,
28.55674,30704,True,1.0000000000,4.0000000000,-0.0320000000,0.0000000000,0.0000000000,0.6119764000,-0.5748528000,0.5431657000,True,1.0000000000,4.0000000000,0.0320000000,0.0000000000,0.0000000000,0.5754521000,-0.5944486000,0.5616813000,0.0000000000,0.0000000000,0.0000000000,0.5938672000,-0.5848014000,0.5525659000,1.1339800000,
28.57038,30717,True,1.0000000000,4.0000000000,-0.0320000000,0.0000000000,0.0000000000,0.6118771000,-0.5749120000,0.5432151000,True,1.0000000000,4.0000000000,0.0320000000,0.0000000000,0.0000000000,0.5755564000,-0.5943986000,0.5616273000,0.0000000000,0.0000000000,0.0000000000,0.5938680000,-0.5848042000,0.5525620000,1.1403390000,
28.58123,30728,True,1.0000000000,4.0000000000,-0.0320000000,0.0000000000,0.0000000000,0.6118330000,-0.5749351000,0.5432404000,True,1.0000000000,4.0000000000,0.0320000000,0.0000000000,0.0000000000,0.5756080000,-0.5943704000,0.5616041000,0.0000000000,0.0000000000,0.0000000000,0.5938710000,-0.5848010000,0.5525623000,1.1433500000,
28.59226,30739,True,1.0000000000,4.0000000000,-0.0320000000,0.0000000000,0.0000000000,0.6117821000,-0.5749652000,0.5432659000,True,1.0000000000,4.0000000000,0.0320000000,0.0000000000,0.0000000000,0.5756630000,-0.5943438000,0.5615760000,0.0000000000,0.0000000000,0.0000000000,0.5938721000,-0.5848018000,0.5525602000,1.1467010000,
28.60339,30750,True,1.0000000000,4.0000000000,-0.0320000000,0.0000000000,0.0000000000,0.6117406000,-0.5749853000,0.5432911000,True,1.0000000000,4.0000000000,0.0320000000,0.0000000000,0.0000000000,0.5757132000,-0.5943149000,0.5615551000,0.0000000000,0.0000000000,0.0000000000,0.5938759000,-0.5847967000,0.5525616000,1.1496100000,
28.61458,30761,True,1.0000000000,4.0000000000,-0.0320000000,0.0000000000,0.0000000000,0.6116992000,-0.5750093000,0.5433124000,True,1.0000000000,4.0000000000,0.0320000000,0.0000000000,0.0000000000,0.5757582000,-0.5942925000,0.5615327000,0.0000000000,0.0000000000,0.0000000000,0.5938768000,-0.5847968000,0.5525604000,1.1523710000,
28.62532,30772,True,1.0000000000,4.0000000000,-0.0320000000,0.0000000000,0.0000000000,0.6116556000,-0.5750356000,0.5433336000,True,1.0000000000,4.0000000000,0.0320000000,0.0000000000,0.0000000000,0.5758038000,-0.5942711000,0.5615087000,0.0000000000,0.0000000000,0.0000000000,0.5938771000,-0.5847985000,0.5525583000,1.1552390000,
28.63704,30784,True,1.0000000000,4.0000000000,-0.0320000000,0.0000000000,0.0000000000,0.6116081000,-0.5750616000,0.5433597000,True,1.0000000000,4.0000000000,0.0320000000,0.0000000000,0.0000000000,0.5758578000,-0.5942426000,0.5614833000,0.0000000000,0.0000000000,0.0000000000,0.5938795000,-0.5847965000,0.5525579000,1.1585190000,
28.6479,30795,True,1.0000000000,4.0000000000,-0.0320000000,0.0000000000,0.0000000000,0.6115669000,-0.5750839000,0.5433823000,True,1.0000000000,4.0000000000,0.0320000000,0.0000000000,0.0000000000,0.5759028000,-0.5942188000,0.5614624000,0.0000000000,0.0000000000,0.0000000000,0.5938807000,-0.5847950000,0.5525581000,1.1613190000,
28.65898,30806,True,1.0000000000,4.0000000000,-0.0320000000,0.0000000000,0.0000000000,0.6115106000,-0.5751166000,0.5434111000,True,1.0000000000,4.0000000000,0.0320000000,0.0000000000,0.0000000000,0.5759637000,-0.5941887000,0.5614318000,0.0000000000,0.0000000000,0.0000000000,0.5938821000,-0.5847954000,0.5525563000,1.1651460000,
28.67039,30817,True,1.0000000000,4.0000000000,-0.0320000000,0.0000000000,0.0000000000,0.6114656000,-0.5751399000,0.5434371000,True,1.0000000000,4.0000000000,0.0320000000,0.0000000000,0.0000000000,0.5760167000,-0.5941595000,0.5614084000,0.0000000000,0.0000000000,0.0000000000,0.5938853000,-0.5847916000,0.5525568000,1.1683580000,
28.68091,30828,True,1.0000000000,4.0000000000,-0.0320000000,0.0000000000,0.0000000000,0.6114003000,-0.5751786000,0.5434696000,True,1.0000000000,4.0000000000,0.0320000000,0.0000000000,0.0000000000,0.5760856000,-0.5941263000,0.5613728000,0.0000000000,0.0000000000,0.0000000000,0.5938860000,-0.5847933000,0.5525543000,1.1728020000,
28.69216,30839,True,1.0000000000,4.0000000000,-0.0320000000,0.0000000000,0.0000000000,0.6113263000,-0.5752214000,0.5435078000,True,1.0000000000,4.0000000000,0.0320000000,0.0000000000,0.0000000000,0.5761647000,-0.5940871000,0.5613332000,0.0000000000,0.0000000000,0.0000000000,0.5938873000,-0.5847938000,0.5525523000,1.1779090000,
28.70335,30850,True,1.0000000000,4.0000000000,-0.0320000000,0.0000000000,0.0000000000,0.6112564000,-0.5752599000,0.5435454000,True,1.0000000000,4.0000000000,0.0320000000,0.0000000000,0.0000000000,0.5762442000,-0.5940455000,0.5612954000,0.0000000000,0.0000000000,0.0000000000,0.5938910000,-0.5847911000,0.5525512000,1.1829340000,
28.71399,30861,True,1.0000000000,4.0000000000,-0.0320000000,0.0000000000,0.0000000000,0.6111580000,-0.5753179000,0.5435948000,True,1.0000000000,4.0000000000,0.0320000000,0.0000000000,0.0000000000,0.5763460000,-0.5939960000,0.5612432000,0.0000000000,0.0000000000,0.0000000000,0.5938910000,-0.5847938000,0.5525483000,1.1897360000,
28.7293,30877,True,1.0000000000,4.0000000000,-0.0320000000,0.0000000000,0.0000000000,0.6110510000,-0.5753732000,0.5436566000,True,1.0000000000,4.0000000000,0.0320000000,0.0000000000,0.0000000000,0.5764727000,-0.5939263000,0.5611870000,0.0000000000,0.0000000000,0.0000000000,0.5938990000,-0.5847847000,0.5525494000,1.1977660000,
28.74767,30895,True,1.0000000000,4.0000000000,-0.0320000000,0.0000000000,0.0000000000,0.6024777000,-0.5801325000,0.5481486000,True,1.0000000000,4.0000000000,0.0320000000,0.0000000000,0.0000000000,0.5856701000,-0.5891557000,0.5566742000,0.0000000000,0.0000000000,0.0000000000,0.5941063000,-0.5846760000,0.5524415000,2.4636330000,
28.75919,30906,True,1.0000000000,4.0000000000,-0.0320000000,0.0000000000,0.0000000000,0.6024616000,-0.5801413000,0.5481570000,True,1.0000000000,4.0000000000,0.0320000000,0.0000000000,0.0000000000,0.5856863000,-0.5891470000,0.5566663000,0.0000000000,0.0000000000,0.0000000000,0.5941063000,-0.5846760000,0.5524417000,2.4683990000,
28.77051,30918,True,1.0000000000,4.0000000000,-0.0320000000,0.0000000000,0.0000000000,0.6024464000,-0.5801469000,0.5481679000,True,1.0000000000,4.0000000000,0.0320000000,0.0000000000,0.0000000000,0.5857078000,-0.5891330000,0.5566586000,0.0000000000,0.0000000000,0.0000000000,0.5941092000,-0.5846716000,0.5524431000,2.4738120000,
28.78113,30928,True,1.0000000000,4.0000000000,-0.0320000000,0.0000000000,0.0000000000,0.6024313000,-0.5801557000,0.5481750000,True,1.0000000000,4.0000000000,0.0320000000,0.0000000000,0.0000000000,0.5857223000,-0.5891259000,0.5566508000,0.0000000000,0.0000000000,0.0000000000,0.5941089000,-0.5846723000,0.5524427000,2.4781830000,
28.79224,30939,True,1.0000000000,4.0000000000,-0.0320000000,0.0000000000,0.0000000000,0.6024119000,-0.5801685000,0.5481829000,True,1.0000000000,4.0000000000,0.0320000000,0.0000000000,0.0000000000,0.5857394000,-0.5891191000,0.5566400000,0.0000000000,0.0000000000,0.0000000000,0.5941075000,-0.5846752000,0.5524411000,2.4836130000,
28.80351,30950,True,1.0000000000,4.0000000000,-0.0320000000,0.0000000000,0.0000000000,0.6023935000,-0.5801797000,0.5481912000,True,1.0000000000,4.0000000000,0.0320000000,0.0000000000,0.0000000000,0.5857573000,-0.5891109000,0.5566300000,0.0000000000,0.0000000000,0.0000000000,0.5941071000,-0.5846765000,0.5524402000,2.4890240000,
28.81438,30961,True,1.0000000000,4.0000000000,-0.0320000000,0.0000000000,0.0000000000,0.6023831000,-0.5801814000,0.5482008000,True,1.0000000000,4.0000000000,0.0320000000,0.0000000000,0.0000000000,0.5857737000,-0.5890980000,0.5566261000,0.0000000000,0.0000000000,0.0000000000,0.5941101000,-0.5846709000,0.5524430000,2.4930310000,
28.83673,30984,True,1.0000000000,4.0000000000,-0.0320000000,0.0000000000,0.0000000000,0.6023673000,-0.5801908000,0.5482082000,True,1.0000000000,4.0000000000,0.0320000000,0.0000000000,0.0000000000,0.5857896000,-0.5890906000,0.5566173000,0.0000000000,0.0000000000,0.0000000000,0.5941100000,-0.5846717000,0.5524421000,2.4978190000,
28.8505,30998,True,1.0000000000,4.0000000000,-0.0320000000,0.0000000000,0.0000000000,0.6023337000,-0.5802106000,0.5482243000,True,1.0000000000,4.0000000000,0.0320000000,0.0000000000,0.0000000000,0.5858226000,-0.5890746000,0.5565996000,0.0000000000,0.0000000000,0.0000000000,0.5941094000,-0.5846733000,0.5524410000,2.5079010000,
28.85864,31005,True,1.0000000000,4.0000000000,-0.0320000000,0.0000000000,0.0000000000,0.6023208000,-0.5802178000,0.5482308000,True,1.0000000000,4.0000000000,0.0320000000,0.0000000000,0.0000000000,0.5858364000,-0.5890675000,0.5565925000,0.0000000000,0.0000000000,0.0000000000,0.5941098000,-0.5846733000,0.5524406000,2.5119550000,
28.87036,31017,True,1.0000000000,4.0000000000,-0.0320000000,0.0000000000,0.0000000000,0.6023113000,-0.5802227000,0.5482360000,True,1.0000000000,4.0000000000,0.0320000000,0.0000000000,0.0000000000,0.5858471000,-0.5890616000,0.5565876000,0.0000000000,0.0000000000,0.0000000000,0.5941103000,-0.5846727000,0.5524406000,2.5150170000,
28.88074,31028,True,1.0000000000,4.0000000000,-0.0320000000,0.0000000000,0.0000000000,0.6023048000,-0.5802251000,0.5482407000,True,1.0000000000,4.0000000000,0.0320000000,0.0000000000,0.0000000000,0.5858555000,-0.5890560000,0.5565846000,0.0000000000,0.0000000000,0.0000000000,0.5941112000,-0.5846711000,0.5524415000,2.5173120000,
28.90891,31056,True,1.0000000000,4.0000000000,-0.0320000000,0.0000000000,0.0000000000,0.6022996000,-0.5802270000,0.5482444000,True,1.0000000000,4.0000000000,0.0320000000,0.0000000000,0.0000000000,0.5858620000,-0.5890515000,0.5565825000,0.0000000000,0.0000000000,0.0000000000,0.5941117000,-0.5846698000,0.5524423000,2.5191080000,
28.92603,31073,True,1.0000000000,4.0000000000,-0.0320000000,0.0000000000,0.0000000000,0.6022385000,-0.5802639000,0.5482724000,True,1.0000000000,4.0000000000,0.0320000000,0.0000000000,0.0000000000,0.5859213000,-0.5890238000,0.5565494000,0.0000000000,0.0000000000,0.0000000000,0.5941104000,-0.5846739000,0.5524393000,2.5376940000,
28.93695,31084,True,1.0000000000,4.0000000000,-0.0320000000,0.0000000000,0.0000000000,0.6022317000,-0.5802663000,0.5482774000,True,1.0000000000,4.0000000000,0.0320000000,0.0000000000,0.0000000000,0.5859293000,-0.5890182000,0.5565468000,0.0000000000,0.0000000000,0.0000000000,0.5941110000,-0.5846723000,0.5524405000,2.5400010000,
28.97605,31123,True,1.0000000000,4.0000000000,-0.0320000000,0.0000000000,0.0000000000,0.6021674000,-0.5803024000,0.5483098000,True,1.0000000000,4.0000000000,0.0320000000,0.0000000000,0.0000000000,0.5859957000,-0.5889843000,0.5565130000,0.0000000000,0.0000000000,0.0000000000,0.5941116000,-0.5846728000,0.5524393000,2.5605280000,
28.9922,31139,True,1.0000000000,4.0000000000,-0.0320000000,0.0000000000,0.0000000000,0.6018766000,-0.5804601000,0.5484622000,True,1.0000000000,4.0000000000,0.0320000000,0.0000000000,0.0000000000,0.5863013000,-0.5888219000,0.5563629000,0.0000000000,0.0000000000,0.0000000000,0.5941167000,-0.5846684000,0.5524384000,2.6585370000,
29.00307,31150,True,1.0000000000,4.0000000000,-0.0320000000,0.0000000000,0.0000000000,0.6019266000,-0.5804341000,0.5484348000,True,1.0000000000,4.0000000000,0.0320000000,0.0000000000,0.0000000000,0.5862477000,-0.5888513000,0.5563881000,0.0000000000,0.0000000000,0.0000000000,0.5941154000,-0.5846705000,0.5524377000,2.6410030000,
29.01649,31163,True,1.0000000000,4.0000000000,-0.0320000000,0.0000000000,0.0000000000,0.6018888000,-0.5804555000,0.5484536000,True,1.0000000000,4.0000000000,0.0320000000,0.0000000000,0.0000000000,0.5862883000,-0.5888308000,0.5563671000,0.0000000000,0.0000000000,0.0000000000,0.5941164000,-0.5846706000,0.5524364000,2.6542720000,
29.02501,31181,True,1.0000000000,4.0000000000,-0.0320000000,0.0000000000,0.0000000000,0.6018491000,-0.5804758000,0.5484756000,True,1.0000000000,4.0000000000,0.0320000000,0.0000000000,0.0000000000,0.5863277000,-0.5888087000,0.5563490000,0.0000000000,0.0000000000,0.0000000000,0.5941160000,-0.5846695000,0.5524380000,2.6677770000,
29.04027,31187,True,1.0000000000,4.0000000000,-0.0320000000,0.0000000000,0.0000000000,0.6018251000,-0.5804902000,0.5484867000,True,1.0000000000,4.0000000000,0.0320000000,0.0000000000,0.0000000000,0.5863535000,-0.5887963000,0.5563348000,0.0000000000,0.0000000000,0.0000000000,0.5941168000,-0.5846703000,0.5524363000,2.6763700000,
29.06281,31210,True,1.0000000000,4.0000000000,-0.0320000000,0.0000000000,0.0000000000,0.6018013000,-0.5805026000,0.5484996000,True,1.0000000000,4.0000000000,0.0320000000,0.0000000000,0.0000000000,0.5863793000,-0.5887821000,0.5563227000,0.0000000000,0.0000000000,0.0000000000,0.5941176000,-0.5846692000,0.5524365000,2.6849740000,
29.08127,31228,True,1.0000000000,4.0000000000,-0.0320000000,0.0000000000,0.0000000000,0.6017009000,-0.5805579000,0.5485513000,True,1.0000000000,4.0000000000,0.0320000000,0.0000000000,0.0000000000,0.5864815000,-0.5887288000,0.5562716000,0.0000000000,0.0000000000,0.0000000000,0.5941178000,-0.5846695000,0.5524361000,2.7207060000,
29.0921,31239,True,1.0000000000,4.0000000000,-0.0320000000,0.0000000000,0.0000000000,0.6016783000,-0.5805691000,0.5485642000,True,1.0000000000,4.0000000000,0.0320000000,0.0000000000,0.0000000000,0.5865079000,-0.5887136000,0.5562597000,0.0000000000,0.0000000000,0.0000000000,0.5941195000,-0.5846674000,0.5524365000,2.7294920000,
29.10329,31250,True,1.0000000000,4.0000000000,-0.0320000000,0.0000000000,0.0000000000,0.6016663000,-0.5805719000,0.5485744000,True,1.0000000000,4.0000000000,0.0320000000,0.0000000000,0.0000000000,0.5865254000,-0.5887005000,0.5562550000,0.0000000000,0.0000000000,0.0000000000,0.5941222000,-0.5846621000,0.5524393000,2.7348120000,
29.12305,31270,True,1.0000000000,4.0000000000,-0.0320000000,0.0000000000,0.0000000000,0.6016730000,-0.5805720000,0.5485670000,True,1.0000000000,4.0000000000,0.0320000000,0.0000000000,0.0000000000,0.5865142000,-0.5887102000,0.5562566000,0.0000000000,0.0000000000,0.0000000000,0.5941200000,-0.5846671000,0.5524364000,2.7315780000,
29.13688,31284,True,1.0000000000,4.0000000000,-0.0320000000,0.0000000000,0.0000000000,0.6016715000,-0.5805709000,0.5485700000,True,1.0000000000,4.0000000000,0.0320000000,0.0000000000,0.0000000000,0.5865172000,-0.5887067000,0.5562573000,0.0000000000,0.0000000000,0.0000000000,0.5941207000,-0.5846647000,0.5524381000,2.7323920000,
29.14795,31295,True,1.0000000000,4.0000000000,-0.0320000000,0.0000000000,0.0000000000,0.6016899000,-0.5805664000,0.5485545000,True,1.0000000000,4.0000000000,0.0320000000,0.0000000000,0.0000000000,0.5864919000,-0.5887256000,0.5562639000,0.0000000000,0.0000000000,0.0000000000,0.5941174000,-0.5846721000,0.5524338000,2.7245610000,
29.17833,31325,True,1.0000000000,4.0000000000,-0.0320000000,0.0000000000,0.0000000000,0.6017655000,-0.5805223000,0.5485182000,True,1.0000000000,4.0000000000,0.0320000000,0.0000000000,0.0000000000,0.5864169000,-0.5887624000,0.5563040000,0.0000000000,0.0000000000,0.0000000000,0.5941182000,-0.5846689000,0.5524362000,2.6978030000,
29.20749,31355,True,1.0000000000,4.0000000000,-0.0320000000,0.0000000000,0.0000000000,0.6019177000,-0.5804395000,0.5484387000,True,1.0000000000,4.0000000000,0.0320000000,0.0000000000,0.0000000000,0.5862542000,-0.5888485000,0.5563841000,0.0000000000,0.0000000000,0.0000000000,0.5941142000,-0.5846717000,0.5524376000,2.6435880000,
29.22502,31372,True,1.0000000000,4.0000000000,-0.0320000000,0.0000000000,0.0000000000,0.6021135000,-0.5803307000,0.5483389000,True,1.0000000000,4.0000000000,0.0320000000,0.0000000000,0.0000000000,0.5860540000,-0.5889523000,0.5564853000,0.0000000000,0.0000000000,0.0000000000,0.5941134000,-0.5846706000,0.5524397000,2.5783910000,
29.23676,31383,True,1.0000000000,4.0000000000,-0.0320000000,0.0000000000,0.0000000000,0.6021947000,-0.5802854000,0.5482977000,True,1.0000000000,4.0000000000,0.0320000000,0.0000000000,0.0000000000,0.5859689000,-0.5889964000,0.5565284000,0.0000000000,0.0000000000,0.0000000000,0.5941120000,-0.5846706000,0.5524412000,2.5519650000,
29.2474,31394,True,1.0000000000,4.0000000000,-0.0320000000,0.0000000000,0.0000000000,0.6022694000,-0.5802482000,0.5482550000,True,1.0000000000,4.0000000000,0.0320000000,0.0000000000,0.0000000000,0.5858866000,-0.5890434000,0.5565652000,0.0000000000,0.0000000000,0.0000000000,0.5941088000,-0.5846761000,0.5524388000,2.5275340000,
29.25856,31405,True,1.0000000000,4.0000000000,-0.0320000000,0.0000000000,0.0000000000,0.6023506000,-0.5802002000,0.5482168000,True,1.0000000000,4.0000000000,0.0320000000,0.0000000000,0.0000000000,0.5858055000,-0.5890824000,0.5566092000,0.0000000000,0.0000000000,0.0000000000,0.5941095000,-0.5846723000,0.5524422000,2.5027430000,
29.27156,31420,True,1.0000000000,4.0000000000,-0.0320000000,0.0000000000,0.0000000000,0.6024327000,-0.5801551000,0.5481742000,True,1.0000000000,4.0000000000,0.0320000000,0.0000000000,0.0000000000,0.5857200000,-0.5891272000,0.5566517000,0.0000000000,0.0000000000,0.0000000000,0.5941084000,-0.5846727000,0.5524428000,2.4776350000,
29.28127,31428,True,1.0000000000,4.0000000000,-0.0320000000,0.0000000000,0.0000000000,0.6025144000,-0.5801113000,0.5481307000,True,1.0000000000,4.0000000000,0.0320000000,0.0000000000,0.0000000000,0.5856350000,-0.5891730000,0.5566929000,0.0000000000,0.0000000000,0.0000000000,0.5941074000,-0.5846743000,0.5524422000,2.4531730000,
29.29177,31438,True,1.0000000000,4.0000000000,-0.0320000000,0.0000000000,0.0000000000,0.6025998000,-0.5800636000,0.5480873000,True,1.0000000000,4.0000000000,0.0320000000,0.0000000000,0.0000000000,0.5855458000,-0.5892189000,0.5567379000,0.0000000000,0.0000000000,0.0000000000,0.5941062000,-0.5846741000,0.5524436000,2.4280650000,
29.30317,31450,True,1.0000000000,4.0000000000,-0.0320000000,0.0000000000,0.0000000000,0.6026925000,-0.5800132000,0.5480387000,True,1.0000000000,4.0000000000,0.0320000000,0.0000000000,0.0000000000,0.5854487000,-0.5892704000,0.5567856000,0.0000000000,0.0000000000,0.0000000000,0.5941048000,-0.5846754000,0.5524439000,2.4013380000,
29.31706,31465,True,1.0000000000,4.0000000000,-0.0320000000,0.0000000000,0.0000000000,0.6028067000,-0.5799509000,0.5479790000,True,1.0000000000,4.0000000000,0.0320000000,0.0000000000,0.0000000000,0.5853277000,-0.5893343000,0.5568451000,0.0000000000,0.0000000000,0.0000000000,0.5941023000,-0.5846771000,0.5524446000,2.3690310000,
29.33617,31483,True,1.0000000000,4.0000000000,-0.0320000000,0.0000000000,0.0000000000,0.6030468000,-0.5798193000,0.5478541000,True,1.0000000000,4.0000000000,0.0320000000,0.0000000000,0.0000000000,0.5850748000,-0.5894673000,0.5569701000,0.0000000000,0.0000000000,0.0000000000,0.5940979000,-0.5846798000,0.5524465000,2.3040550000,
29.34735,31494,True,1.0000000000,4.0000000000,-0.0320000000,0.0000000000,0.0000000000,0.6031810000,-0.5797455000,0.5477846000,True,1.0000000000,4.0000000000,0.0320000000,0.0000000000,0.0000000000,0.5849335000,-0.5895413000,0.5570403000,0.0000000000,0.0000000000,0.0000000000,0.5940955000,-0.5846810000,0.5524480000,2.2692680000,
29.35837,31505,True,1.0000000000,4.0000000000,-0.0320000000,0.0000000000,0.0000000000,0.6033258000,-0.5796644000,0.5477108000,True,1.0000000000,4.0000000000,0.0320000000,0.0000000000,0.0000000000,0.5847844000,-0.5896180000,0.5571157000,0.0000000000,0.0000000000,0.0000000000,0.5940946000,-0.5846800000,0.5524499000,2.2333040000,
29.37018,31517,True,1.0000000000,4.0000000000,-0.0320000000,0.0000000000,0.0000000000,0.6034614000,-0.5795928000,0.5476372000,True,1.0000000000,4.0000000000,0.0320000000,0.0000000000,0.0000000000,0.5846360000,-0.5896987000,0.5571860000,0.0000000000,0.0000000000,0.0000000000,0.5940894000,-0.5846857000,0.5524494000,2.1996330000,
29.38076,31528,True,1.0000000000,4.0000000000,-0.0320000000,0.0000000000,0.0000000000,0.6035883000,-0.5795223000,0.5475721000,True,1.0000000000,4.0000000000,0.0320000000,0.0000000000,0.0000000000,0.5845033000,-0.5897674000,0.5572525000,0.0000000000,0.0000000000,0.0000000000,0.5940876000,-0.5846860000,0.5524511000,2.1697050000,
29.39636,31543,True,1.0000000000,4.0000000000,-0.0320000000,0.0000000000,0.0000000000,0.6037105000,-0.5794548000,0.5475087000,True,1.0000000000,4.0000000000,0.0320000000,0.0000000000,0.0000000000,0.5843753000,-0.5898343000,0.5573159000,0.0000000000,0.0000000000,0.0000000000,0.5940858000,-0.5846868000,0.5524522000,2.1416310000,
29.41395,31561,True,1.0000000000,4.0000000000,-0.0320000000,0.0000000000,0.0000000000,0.6039383000,-0.5793269000,0.5473928000,True,1.0000000000,4.0000000000,0.0320000000,0.0000000000,0.0000000000,0.5841396000,-0.5899550000,0.5574352000,0.0000000000,0.0000000000,0.0000000000,0.5940839000,-0.5846853000,0.5524558000,2.0914980000,
29.4254,31572,True,1.0000000000,4.0000000000,-0.0320000000,0.0000000000,0.0000000000,0.6040379000,-0.5792743000,0.5473386000,True,1.0000000000,4.0000000000,0.0320000000,0.0000000000,0.0000000000,0.5840290000,-0.5900152000,0.5574874000,0.0000000000,0.0000000000,0.0000000000,0.5940794000,-0.5846900000,0.5524557000,2.0695360000,
29.43635,31583,True,1.0000000000,4.0000000000,-0.0320000000,0.0000000000,0.0000000000,0.6041407000,-0.5792176000,0.5472850000,True,1.0000000000,4.0000000000,0.0320000000,0.0000000000,0.0000000000,0.5839212000,-0.5900716000,0.5575407000,0.0000000000,0.0000000000,0.0000000000,0.5940779000,-0.5846908000,0.5524565000,2.0479800000,
29.45361,31601,True,1.0000000000,4.0000000000,-0.0320000000,0.0000000000,0.0000000000,0.6042305000,-0.5791659000,0.5472407000,True,1.0000000000,4.0000000000,0.0320000000,0.0000000000,0.0000000000,0.5838282000,-0.5901179000,0.5575891000,0.0000000000,0.0000000000,0.0000000000,0.5940771000,-0.5846890000,0.5524593000,2.0296430000,
29.47052,31617,True,1.0000000000,4.0000000000,-0.0320000000,0.0000000000,0.0000000000,0.6044032000,-0.5790725000,0.5471487000,True,1.0000000000,4.0000000000,0.0320000000,0.0000000000,0.0000000000,0.5836431000,-0.5902165000,0.5576784000,0.0000000000,0.0000000000,0.0000000000,0.5940726000,-0.5846933000,0.5524596000,1.9946640000,
29.48025,31627,True,1.0000000000,4.0000000000,-0.0320000000,0.0000000000,0.0000000000,0.6044697000,-0.5790365000,0.5471134000,True,1.0000000000,4.0000000000,0.0320000000,0.0000000000,0.0000000000,0.5835711000,-0.5902548000,0.5577133000,0.0000000000,0.0000000000,0.0000000000,0.5940706000,-0.5846950000,0.5524600000,1.9814520000,
29.4914,31638,True,1.0000000000,4.0000000000,-0.0320000000,0.0000000000,0.0000000000,0.6045271000,-0.5790049000,0.5470836000,True,1.0000000000,4.0000000000,0.0320000000,0.0000000000,0.0000000000,0.5835134000,-0.5902849000,0.5577418000,0.0000000000,0.0000000000,0.0000000000,0.5940709000,-0.5846947000,0.5524598000,1.9706010000,
29.5027,31650,True,1.0000000000,4.0000000000,-0.0320000000,0.0000000000,0.0000000000,0.6045771000,-0.5789756000,0.5470594000,True,1.0000000000,4.0000000000,0.0320000000,0.0000000000,0.0000000000,0.5834624000,-0.5903097000,0.5577689000,0.0000000000,0.0000000000,0.0000000000,0.5940709000,-0.5846930000,0.5524617000,1.9611780000,
29.51384,31661,True,1.0000000000,4.0000000000,-0.0320000000,0.0000000000,0.0000000000,0.6046177000,-0.5789552000,0.5470361000,True,1.0000000000,4.0000000000,0.0320000000,0.0000000000,0.0000000000,0.5834163000,-0.5903360000,0.5577893000,0.0000000000,0.0000000000,0.0000000000,0.5940686000,-0.5846964000,0.5524606000,1.9531640000,
29.5249,31676,True,1.0000000000,4.0000000000,-0.0320000000,0.0000000000,0.0000000000,0.6046598000,-0.5789309000,0.5470152000,True,1.0000000000,4.0000000000,0.0320000000,0.0000000000,0.0000000000,0.5833741000,-0.5903568000,0.5578113000,0.0000000000,0.0000000000,0.0000000000,0.5940690000,-0.5846950000,0.5524616000,1.9454250000,
29.53646,31683,True,1.0000000000,4.0000000000,-0.0320000000,0.0000000000,0.0000000000,0.6046978000,-0.5789090000,0.5469962000,True,1.0000000000,4.0000000000,0.0320000000,0.0000000000,0.0000000000,0.5833331000,-0.5903773000,0.5578326000,0.0000000000,0.0000000000,0.0000000000,0.5940678000,-0.5846947000,0.5524631000,1.9382250000,
29.54708,31694,True,1.0000000000,4.0000000000,-0.0320000000,0.0000000000,0.0000000000,0.6047325000,-0.5788932000,0.5469747000,True,1.0000000000,4.0000000000,0.0320000000,0.0000000000,0.0000000000,0.5832890000,-0.5904037000,0.5578507000,0.0000000000,0.0000000000,0.0000000000,0.5940635000,-0.5847004000,0.5524618000,1.9311180000,
29.55815,31705,True,1.0000000000,4.0000000000,-0.0320000000,0.0000000000,0.0000000000,0.6047758000,-0.5788670000,0.5469545000,True,1.0000000000,4.0000000000,0.0320000000,0.0000000000,0.0000000000,0.5832472000,-0.5904232000,0.5578737000,0.0000000000,0.0000000000,0.0000000000,0.5940647000,-0.5846974000,0.5524636000,1.9234850000,
29.56963,31717,True,1.0000000000,4.0000000000,-0.0320000000,0.0000000000,0.0000000000,0.6048180000,-0.5788430000,0.5469332000,True,1.0000000000,4.0000000000,0.0320000000,0.0000000000,0.0000000000,0.5832059000,-0.5904441000,0.5578949000,0.0000000000,0.0000000000,0.0000000000,0.5940655000,-0.5846964000,0.5524639000,1.9160320000,
29.58044,31727,True,1.0000000000,4.0000000000,-0.0320000000,0.0000000000,0.0000000000,0.6048630000,-0.5788185000,0.5469094000,True,1.0000000000,4.0000000000,0.0320000000,0.0000000000,0.0000000000,0.5831597000,-0.5904686000,0.5579172000,0.0000000000,0.0000000000,0.0000000000,0.5940654000,-0.5846967000,0.5524636000,1.9079980000,
29.59163,31738,True,1.0000000000,4.0000000000,-0.0320000000,0.0000000000,0.0000000000,0.6048988000,-0.5787987000,0.5468908000,True,1.0000000000,4.0000000000,0.0320000000,0.0000000000,0.0000000000,0.5831218000,-0.5904884000,0.5579360000,0.0000000000,0.0000000000,0.0000000000,0.5940647000,-0.5846971000,0.5524640000,1.9015300000,
29.60291,31750,True,1.0000000000,4.0000000000,-0.0320000000,0.0000000000,0.0000000000,0.6049279000,-0.5787833000,0.5468749000,True,1.0000000000,4.0000000000,0.0320000000,0.0000000000,0.0000000000,0.5830858000,-0.5905077000,0.5579530000,0.0000000000,0.0000000000,0.0000000000,0.5940616000,-0.5846994000,0.5524648000,1.8958880000,
29.6136,31760,True,1.0000000000,4.0000000000,-0.0320000000,0.0000000000,0.0000000000,0.6049562000,-0.5787668000,0.5468612000,True,1.0000000000,4.0000000000,0.0320000000,0.0000000000,0.0000000000,0.5830595000,-0.5905205000,0.5579669000,0.0000000000,0.0000000000,0.0000000000,0.5940629000,-0.5846978000,0.5524652000,1.8911530000,
29.625,31772,True,1.0000000000,4.0000000000,-0.0320000000,0.0000000000,0.0000000000,0.6049681000,-0.5787609000,0.5468542000,True,1.0000000000,4.0000000000,0.0320000000,0.0000000000,0.0000000000,0.5830441000,-0.5905293000,0.5579738000,0.0000000000,0.0000000000,0.0000000000,0.5940613000,-0.5846994000,0.5524653000,1.8887960000,
29.63619,31783,True,1.0000000000,4.0000000000,-0.0320000000,0.0000000000,0.0000000000,0.6049740000,-0.5787575000,0.5468511000,True,1.0000000000,4.0000000000,0.0320000000,0.0000000000,0.0000000000,0.5830369000,-0.5905330000,0.5579774000,0.0000000000,0.0000000000,0.0000000000,0.5940607000,-0.5846996000,0.5524656000,1.8876680000,
29.64733,31794,True,1.0000000000,4.0000000000,-0.0320000000,0.0000000000,0.0000000000,0.6049801000,-0.5787532000,0.5468490000,True,1.0000000000,4.0000000000,0.0320000000,0.0000000000,0.0000000000,0.5830352000,-0.5905329000,0.5579792000,0.0000000000,0.0000000000,0.0000000000,0.5940629000,-0.5846975000,0.5524654000,1.8869920000,
29.6582,31805,True,1.0000000000,4.0000000000,-0.0320000000,0.0000000000,0.0000000000,0.6049743000,-0.5787567000,0.5468518000,True,1.0000000000,4.0000000000,0.0320000000,0.0000000000,0.0000000000,0.5830412000,-0.5905300000,0.5579760000,0.0000000000,0.0000000000,0.0000000000,0.5940629000,-0.5846977000,0.5524652000,1.8880100000,
29.66978,31817,True,1.0000000000,4.0000000000,-0.0320000000,0.0000000000,0.0000000000,0.6049625000,-0.5787635000,0.5468577000,True,1.0000000000,4.0000000000,0.0320000000,0.0000000000,0.0000000000,0.5830525000,-0.5905244000,0.5579701000,0.0000000000,0.0000000000,0.0000000000,0.5940626000,-0.5846982000,0.5524651000,1.8900050000,
29.68038,31827,True,1.0000000000,4.0000000000,-0.0320000000,0.0000000000,0.0000000000,0.6049483000,-0.5787725000,0.5468638000,True,1.0000000000,4.0000000000,0.0320000000,0.0000000000,0.0000000000,0.5830645000,-0.5905194000,0.5579630000,0.0000000000,0.0000000000,0.0000000000,0.5940614000,-0.5847000000,0.5524645000,1.8922640000,
29.69147,31838,True,1.0000000000,4.0000000000,-0.0320000000,0.0000000000,0.0000000000,0.6049303000,-0.5787814000,0.5468742000,True,1.0000000000,4.0000000000,0.0320000000,0.0000000000,0.0000000000,0.5830862000,-0.5905070000,0.5579534000,0.0000000000,0.0000000000,0.0000000000,0.5940630000,-0.5846981000,0.5524647000,1.8956970000,
29.70271,31850,True,1.0000000000,4.0000000000,-0.0320000000,0.0000000000,0.0000000000,0.6048986000,-0.5787988000,0.5468909000,True,1.0000000000,4.0000000000,0.0320000000,0.0000000000,0.0000000000,0.5831172000,-0.5904906000,0.5579382000,0.0000000000,0.0000000000,0.0000000000,0.5940624000,-0.5846983000,0.5524652000,1.9011630000,
29.71373,31860,True,1.0000000000,4.0000000000,-0.0320000000,0.0000000000,0.0000000000,0.6048636000,-0.5788180000,0.5469093000,True,1.0000000000,4.0000000000,0.0320000000,0.0000000000,0.0000000000,0.5831596000,-0.5904685000,0.5579175000,0.0000000000,0.0000000000,0.0000000000,0.5940657000,-0.5846965000,0.5524637000,1.9079230000,
29.7248,31872,True,1.0000000000,4.0000000000,-0.0320000000,0.0000000000,0.0000000000,0.6048137000,-0.5788462000,0.5469345000,True,1.0000000000,4.0000000000,0.0320000000,0.0000000000,0.0000000000,0.5832071000,-0.5904444000,0.5578933000,0.0000000000,0.0000000000,0.0000000000,0.5940640000,-0.5846980000,0.5524637000,1.9165360000,
29.73637,31883,True,1.0000000000,4.0000000000,-0.0320000000,0.0000000000,0.0000000000,0.6047567000,-0.5788785000,0.5469635000,True,1.0000000000,4.0000000000,0.0320000000,0.0000000000,0.0000000000,0.5832670000,-0.5904139000,0.5578629000,0.0000000000,0.0000000000,0.0000000000,0.5940648000,-0.5846984000,0.5524625000,1.9269620000,
29.74735,31894,True,1.0000000000,4.0000000000,-0.0320000000,0.0000000000,0.0000000000,0.6046971000,-0.5789104000,0.5469956000,True,1.0000000000,4.0000000000,0.0320000000,0.0000000000,0.0000000000,0.5833302000,-0.5903800000,0.5578328000,0.0000000000,0.0000000000,0.0000000000,0.5940660000,-0.5846967000,0.5524629000,1.9380350000,
29.79473,31942,True,1.0000000000,4.0000000000,-0.0320000000,0.0000000000,0.0000000000,0.6046106000,-0.5789577000,0.5470412000,True,1.0000000000,4.0000000000,0.0320000000,0.0000000000,0.0000000000,0.5834229000,-0.5903310000,0.5577877000,0.0000000000,0.0000000000,0.0000000000,0.5940682000,-0.5846950000,0.5524623000,1.9544200000,
29.82166,31969,True,1.0000000000,4.0000000000,-0.0320000000,0.0000000000,0.0000000000,0.6045434000,-0.5789961000,0.5470747000,True,1.0000000000,4.0000000000,0.0320000000,0.0000000000,0.0000000000,0.5834932000,-0.5902958000,0.5577514000,0.0000000000,0.0000000000,0.0000000000,0.5940691000,-0.5846961000,0.5524603000,1.9671850000,
29.83592,31983,True,1.0000000000,4.0000000000,-0.0320000000,0.0000000000,0.0000000000,0.6039512000,-0.5793208000,0.5473851000,True,1.0000000000,4.0000000000,0.0320000000,0.0000000000,0.0000000000,0.5841228000,-0.5899649000,0.5574424000,0.0000000000,0.0000000000,0.0000000000,0.5940821000,-0.5846873000,0.5524557000,2.0883740000,
29.84694,31994,True,1.0000000000,4.0000000000,-0.0320000000,0.0000000000,0.0000000000,0.6040241000,-0.5792819000,0.5473459000,True,1.0000000000,4.0000000000,0.0320000000,0.0000000000,0.0000000000,0.5840440000,-0.5900073000,0.5574800000,0.0000000000,0.0000000000,0.0000000000,0.5940799000,-0.5846897000,0.5524555000,2.0725230000,
29.85793,32005,True,1.0000000000,4.0000000000,-0.0320000000,0.0000000000,0.0000000000,0.6039566000,-0.5793195000,0.5473804000,True,1.0000000000,4.0000000000,0.0320000000,0.0000000000,0.0000000000,0.5841148000,-0.5899708000,0.5574445000,0.0000000000,0.0000000000,0.0000000000,0.5940809000,-0.5846897000,0.5524544000,2.0869670000,
29.8698,32017,True,1.0000000000,4.0000000000,-0.0320000000,0.0000000000,0.0000000000,0.6038991000,-0.5793509000,0.5474107000,True,1.0000000000,4.0000000000,0.0320000000,0.0000000000,0.0000000000,0.5841752000,-0.5899389000,0.5574150000,0.0000000000,0.0000000000,0.0000000000,0.5940818000,-0.5846888000,0.5524543000,2.0994360000,
29.88022,32027,True,1.0000000000,4.0000000000,-0.0320000000,0.0000000000,0.0000000000,0.6037078000,-0.5794576000,0.5475088000,True,1.0000000000,4.0000000000,0.0320000000,0.0000000000,0.0000000000,0.5843729000,-0.5898368000,0.5573157000,0.0000000000,0.0000000000,0.0000000000,0.5940832000,-0.5846894000,0.5524521000,2.1416860000,
29.90314,32050,True,1.0000000000,4.0000000000,-0.0320000000,0.0000000000,0.0000000000,0.6035989000,-0.5795157000,0.5475673000,True,1.0000000000,4.0000000000,0.0320000000,0.0000000000,0.0000000000,0.5844949000,-0.5897712000,0.5572574000,0.0000000000,0.0000000000,0.0000000000,0.5940888000,-0.5846846000,0.5524513000,2.1675470000,
29.9247,32072,True,1.0000000000,4.0000000000,-0.0320000000,0.0000000000,0.0000000000,0.6034764000,-0.5795820000,0.5476321000,True,1.0000000000,4.0000000000,0.0320000000,0.0000000000,0.0000000000,0.5846240000,-0.5897025000,0.5571947000,0.0000000000,0.0000000000,0.0000000000,0.5940910000,-0.5846823000,0.5524513000,2.1964560000,
29.9482,32095,True,1.0000000000,4.0000000000,-0.0320000000,0.0000000000,0.0000000000,0.6033797000,-0.5796357000,0.5476819000,True,1.0000000000,4.0000000000,0.0320000000,0.0000000000,0.0000000000,0.5847248000,-0.5896500000,0.5571442000,0.0000000000,0.0000000000,0.0000000000,0.5940922000,-0.5846822000,0.5524502000,2.2197230000,
29.96935,32118,True,1.0000000000,4.0000000000,-0.0320000000,0.0000000000,0.0000000000,0.6032610000,-0.5797004000,0.5477441000,True,1.0000000000,4.0000000000,0.0320000000,0.0000000000,0.0000000000,0.5848511000,-0.5895833000,0.5570823000,0.0000000000,0.0000000000,0.0000000000,0.5940951000,-0.5846801000,0.5524494000,2.2492540000,
29.9914,32138,True,1.0000000000,4.0000000000,-0.0320000000,0.0000000000,0.0000000000,0.6030914000,-0.5797955000,0.5478303000,True,1.0000000000,4.0000000000,0.0320000000,0.0000000000,0.0000000000,0.5850268000,-0.5894932000,0.5569933000,0.0000000000,0.0000000000,0.0000000000,0.5940965000,-0.5846812000,0.5524466000,2.2922430000,
30.01358,32161,True,1.0000000000,4.0000000000,-0.0320000000,0.0000000000,0.0000000000,0.6029032000,-0.5798973000,0.5479298000,True,1.0000000000,4.0000000000,0.0320000000,0.0000000000,0.0000000000,0.5852276000,-0.5893862000,0.5568956000,0.0000000000,0.0000000000,0.0000000000,0.5941013000,-0.5846770000,0.5524460000,2.3426880000,
30.03696,32184,True,1.0000000000,4.0000000000,-0.0320000000,0.0000000000,0.0000000000,0.6027256000,-0.5799947000,0.5480219000,True,1.0000000000,4.0000000000,0.0320000000,0.0000000000,0.0000000000,0.5854128000,-0.5892891000,0.5568037000,0.0000000000,0.0000000000,0.0000000000,0.5941036000,-0.5846757000,0.5524448000,2.3917700000,
30.05804,32206,True,1.0000000000,4.0000000000,-0.0320000000,0.0000000000,0.0000000000,0.6025389000,-0.5800984000,0.5481175000,True,1.0000000000,4.0000000000,0.0320000000,0.0000000000,0.0000000000,0.5856062000,-0.5891886000,0.5567065000,0.0000000000,0.0000000000,0.0000000000,0.5941055000,-0.5846758000,0.5524426000,2.4454580000,
30.08023,32227,True,1.0000000000,4.0000000000,-0.0320000000,0.0000000000,0.0000000000,0.6023522000,-0.5801997000,0.5482154000,True,1.0000000000,4.0000000000,0.0320000000,0.0000000000,0.0000000000,0.5858026000,-0.5890843000,0.5566103000,0.0000000000,0.0000000000,0.0000000000,0.5941088000,-0.5846730000,0.5524421000,2.5020490000,
30.10275,32250,True,1.0000000000,4.0000000000,-0.0320000000,0.0000000000,0.0000000000,0.6022184000,-0.5802717000,0.5482862000,True,1.0000000000,4.0000000000,0.0320000000,0.0000000000,0.0000000000,0.5859453000,-0.5890080000,0.5565409000,0.0000000000,0.0000000000,0.0000000000,0.5941122000,-0.5846698000,0.5524418000,2.5445610000,
30.12476,32272,True,1.0000000000,4.0000000000,-0.0320000000,0.0000000000,0.0000000000,0.6021030000,-0.5803362000,0.5483447000,True,1.0000000000,4.0000000000,0.0320000000,0.0000000000,0.0000000000,0.5860649000,-0.5889463000,0.5564801000,0.0000000000,0.0000000000,0.0000000000,0.5941135000,-0.5846703000,0.5524399000,2.5818410000,
30.14716,32294,True,1.0000000000,4.0000000000,-0.0320000000,0.0000000000,0.0000000000,0.6020219000,-0.5803835000,0.5483837000,True,1.0000000000,4.0000000000,0.0320000000,0.0000000000,0.0000000000,0.5861473000,-0.5889059000,0.5564362000,0.0000000000,0.0000000000,0.0000000000,0.5941135000,-0.5846732000,0.5524368000,2.6084350000,
30.17206,32319,True,1.0000000000,4.0000000000,-0.0320000000,0.0000000000,0.0000000000,0.6020250000,-0.5803792000,0.5483848000,True,1.0000000000,4.0000000000,0.0320000000,0.0000000000,0.0000000000,0.5861468000,-0.5889035000,0.5564393000,0.0000000000,0.0000000000,0.0000000000,0.5941148000,-0.5846698000,0.5524389000,2.6078190000,
30.19355,32341,True,1.0000000000,4.0000000000,-0.0320000000,0.0000000000,0.0000000000,0.6020634000,-0.5803595000,0.5483635000,True,1.0000000000,4.0000000000,0.0320000000,0.0000000000,0.0000000000,0.5861045000,-0.5889271000,0.5564588000,0.0000000000,0.0000000000,0.0000000000,0.5941132000,-0.5846720000,0.5524384000,2.5946570000,
30.21355,32361,True,1.0000000000,4.0000000000,-0.0320000000,0.0000000000,0.0000000000,0.6021178000,-0.5803310000,0.5483339000,True,1.0000000000,4.0000000000,0.0320000000,0.0000000000,0.0000000000,0.5860462000,-0.5889591000,0.5564864000,0.0000000000,0.0000000000,0.0000000000,0.5941117000,-0.5846742000,0.5524377000,2.5764520000,
30.23603,32383,True,1.0000000000,4.0000000000,-0.0320000000,0.0000000000,0.0000000000,0.6021764000,-0.5802983000,0.5483043000,True,1.0000000000,4.0000000000,0.0320000000,0.0000000000,0.0000000000,0.5859861000,-0.5889901000,0.5565169000,0.0000000000,0.0000000000,0.0000000000,0.5941113000,-0.5846738000,0.5524386000,2.5575890000,
30.25794,32405,True,1.0000000000,4.0000000000,-0.0320000000,0.0000000000,0.0000000000,0.6022088000,-0.5802768000,0.5482914000,True,1.0000000000,4.0000000000,0.0320000000,0.0000000000,0.0000000000,0.5859557000,-0.5890023000,0.5565360000,0.0000000000,0.0000000000,0.0000000000,0.5941126000,-0.5846693000,0.5524419000,2.5476810000,
30.28018,32427,True,1.0000000000,4.0000000000,-0.0320000000,0.0000000000,0.0000000000,0.6022926000,-0.5802327000,0.5482461000,True,1.0000000000,4.0000000000,0.0320000000,0.0000000000,0.0000000000,0.5858644000,-0.5890521000,0.5565794000,0.0000000000,0.0000000000,0.0000000000,0.5941095000,-0.5846729000,0.5524415000,2.5205500000,
30.3103,32458,True,1.0000000000,4.0000000000,-0.0320000000,0.0000000000,0.0000000000,0.6024756000,-0.5801337000,0.5481497000,True,1.0000000000,4.0000000000,0.0320000000,0.0000000000,0.0000000000,0.5856726000,-0.5891544000,0.5566729000,0.0000000000,0.0000000000,0.0000000000,0.5941065000,-0.5846759000,0.5524414000,2.4643380000,
30.32449,32472,True,1.0000000000,4.0000000000,-0.0320000000,0.0000000000,0.0000000000,0.6026129000,-0.5800565000,0.5480804000,True,1.0000000000,4.0000000000,0.0320000000,0.0000000000,0.0000000000,0.5855299000,-0.5892274000,0.5567458000,0.0000000000,0.0000000000,0.0000000000,0.5941049000,-0.5846749000,0.5524443000,2.4239440000,
30.34694,32494,True,1.0000000000,4.0000000000,-0.0320000000,0.0000000000,0.0000000000,0.6027780000,-0.5799677000,0.5479929000,True,1.0000000000,4.0000000000,0.0320000000,0.0000000000,0.0000000000,0.5853559000,-0.5893205000,0.5568302000,0.0000000000,0.0000000000,0.0000000000,0.5941017000,-0.5846784000,0.5524440000,2.3767620000,
30.36932,32516,True,1.0000000000,4.0000000000,-0.0320000000,0.0000000000,0.0000000000,0.6029359000,-0.5798807000,0.5479113000,True,1.0000000000,4.0000000000,0.0320000000,0.0000000000,0.0000000000,0.5851917000,-0.5894064000,0.5569119000,0.0000000000,0.0000000000,0.0000000000,0.5940999000,-0.5846791000,0.5524452000,2.3336190000,
30.39116,32538,True,1.0000000000,4.0000000000,-0.0320000000,0.0000000000,0.0000000000,0.6029319000,-0.5798829000,0.5479133000,True,1.0000000000,4.0000000000,0.0320000000,0.0000000000,0.0000000000,0.5851951000,-0.5894047000,0.5569100000,0.0000000000,0.0000000000,0.0000000000,0.5940996000,-0.5846794000,0.5524452000,2.3345970000,
30.40228,32549,True,1.0000000000,4.0000000000,-0.0320000000,0.0000000000,0.0000000000,0.6031104000,-0.5797839000,0.5478216000,True,1.0000000000,4.0000000000,0.0320000000,0.0000000000,0.0000000000,0.5850081000,-0.5895019000,0.5570037000,0.0000000000,0.0000000000,0.0000000000,0.5940968000,-0.5846799000,0.5524476000,2.2874750000,
30.41429,32561,True,1.0000000000,4.0000000000,-0.0320000000,0.0000000000,0.0000000000,0.6030899000,-0.5797964000,0.5478309000,True,1.0000000000,4.0000000000,0.0320000000,0.0000000000,0.0000000000,0.5850270000,-0.5894931000,0.5569931000,0.0000000000,0.0000000000,0.0000000000,0.5940959000,-0.5846816000,0.5524468000,2.2924810000,
30.42451,32571,True,1.0000000000,4.0000000000,-0.0320000000,0.0000000000,0.0000000000,0.6359606000,-0.5609324000,0.5300084000,True,1.0000000000,4.0000000000,0.0320000000,0.0000000000,0.0000000000,0.5469521000,-0.6084997000,0.5749534000,0.0000000000,0.0000000000,0.0000000000,0.5923609000,-0.5856102000,0.5533258000,0.4660183000,
30.43662,32583,True,1.0000000000,4.0000000000,-0.0320000000,0.0000000000,0.0000000000,0.6368395000,-0.5604054000,0.5295105000,True,1.0000000000,4.0000000000,0.0320000000,0.0000000000,0.0000000000,0.5458257000,-0.6090338000,0.5754582000,0.0000000000,0.0000000000,0.0000000000,0.5922779000,-0.5856544000,0.5533677000,0.4557878000,
30.4467,32594,True,1.0000000000,4.0000000000,-0.0320000000,0.0000000000,0.0000000000,0.6370311000,-0.5602908000,0.5294012000,True,1.0000000000,4.0000000000,0.0320000000,0.0000000000,0.0000000000,0.5455781000,-0.6091517000,0.5755682000,0.0000000000,0.0000000000,0.0000000000,0.5922591000,-0.5856651000,0.5533766000,0.4536080000,
30.45778,32604,True,1.0000000000,4.0000000000,-0.0320000000,0.0000000000,0.0000000000,0.6368978000,-0.5603717000,0.5294759000,True,1.0000000000,4.0000000000,0.0320000000,0.0000000000,0.0000000000,0.5457501000,-0.6090711000,0.5754904000,0.0000000000,0.0000000000,0.0000000000,0.5922721000,-0.5856590000,0.5533690000,0.4551217000,
30.46891,32616,True,1.0000000000,4.0000000000,-0.0320000000,0.0000000000,0.0000000000,0.6364948000,-0.5606127000,0.5297054000,True,1.0000000000,4.0000000000,0.0320000000,0.0000000000,0.0000000000,0.5462663000,-0.6088258000,0.5752602000,0.0000000000,0.0000000000,0.0000000000,0.5923098000,-0.5856380000,0.5533509000,0.4597419000,
30.4802,32627,True,1.0000000000,4.0000000000,-0.0320000000,0.0000000000,0.0000000000,0.6034313000,-0.5796087000,0.5476536000,True,1.0000000000,4.0000000000,0.0320000000,0.0000000000,0.0000000000,0.5846690000,-0.5896807000,0.5571703000,0.0000000000,0.0000000000,0.0000000000,0.5940906000,-0.5846845000,0.5524495000,2.2070210000,
30.49119,32638,True,1.0000000000,4.0000000000,-0.0320000000,0.0000000000,0.0000000000,0.6034866000,-0.5795782000,0.5476248000,True,1.0000000000,4.0000000000,0.0320000000,0.0000000000,0.0000000000,0.5846104000,-0.5897114000,0.5571994000,0.0000000000,0.0000000000,0.0000000000,0.5940894000,-0.5846850000,0.5524502000,2.1936990000,
30.50248,32650,True,1.0000000000,4.0000000000,-0.0320000000,0.0000000000,0.0000000000,0.6035464000,-0.5795447000,0.5475944000,True,1.0000000000,4.0000000000,0.0320000000,0.0000000000,0.0000000000,0.5845473000,-0.5897439000,0.5572312000,0.0000000000,0.0000000000,0.0000000000,0.5940883000,-0.5846851000,0.5524514000,2.1795130000,
30.51343,32660,True,1.0000000000,4.0000000000,-0.0320000000,0.0000000000,0.0000000000,0.6036087000,-0.5795082000,0.5475643000,True,1.0000000000,4.0000000000,0.0320000000,0.0000000000,0.0000000000,0.5844845000,-0.5897745000,0.5572647000,0.0000000000,0.0000000000,0.0000000000,0.5940886000,-0.5846826000,0.5524536000,2.1652450000,
30.52446,32671,True,1.0000000000,4.0000000000,-0.0320000000,0.0000000000,0.0000000000,0.6036754000,-0.5794742000,0.5475270000,True,1.0000000000,4.0000000000,0.0320000000,0.0000000000,0.0000000000,0.5844125000,-0.5898148000,0.5572975000,0.0000000000,0.0000000000,0.0000000000,0.5940865000,-0.5846864000,0.5524518000,2.1496860000,
30.53583,32683,True,1.0000000000,4.0000000000,-0.0320000000,0.0000000000,0.0000000000,0.6037430000,-0.5794377000,0.5474909000,True,1.0000000000,4.0000000000,0.0320000000,0.0000000000,0.0000000000,0.5843422000,-0.5898525000,0.5573314000,0.0000000000,0.0000000000,0.0000000000,0.5940858000,-0.5846876000,0.5524513000,2.1344040000,
30.54669,32694,True,1.0000000000,4.0000000000,-0.0320000000,0.0000000000,0.0000000000,0.6038050000,-0.5794021000,0.5474601000,True,1.0000000000,4.0000000000,0.0320000000,0.0000000000,0.0000000000,0.5842780000,-0.5898846000,0.5573646000,0.0000000000,0.0000000000,0.0000000000,0.5940853000,-0.5846865000,0.5524531000,2.1206040000,
30.55799,32705,True,1.0000000000,4.0000000000,-0.0320000000,0.0000000000,0.0000000000,0.6038644000,-0.5793700000,0.5474289000,True,1.0000000000,4.0000000000,0.0320000000,0.0000000000,0.0000000000,0.5842106000,-0.5899203000,0.5573976000,0.0000000000,0.0000000000,0.0000000000,0.5940818000,-0.5846888000,0.5524545000,2.1069340000,
30.56964,32717,True,1.0000000000,4.0000000000,-0.0320000000,0.0000000000,0.0000000000,0.6039301000,-0.5793347000,0.5473936000,True,1.0000000000,4.0000000000,0.0320000000,0.0000000000,0.0000000000,0.5841427000,-0.5899568000,0.5574301000,0.0000000000,0.0000000000,0.0000000000,0.5940813000,-0.5846899000,0.5524537000,2.0927070000,
30.57993,32727,True,1.0000000000,4.0000000000,-0.0320000000,0.0000000000,0.0000000000,0.6040044000,-0.5792916000,0.5473572000,True,1.0000000000,4.0000000000,0.0320000000,0.0000000000,0.0000000000,0.5840668000,-0.5899943000,0.5574700000,0.0000000000,0.0000000000,0.0000000000,0.5940812000,-0.5846878000,0.5524560000,2.0769300000,
30.59105,32738,True,1.0000000000,4.0000000000,-0.0320000000,0.0000000000,0.0000000000,0.6040841000,-0.5792486000,0.5473148000,True,1.0000000000,4.0000000000,0.0320000000,0.0000000000,0.0000000000,0.5839816000,-0.5900398000,0.5575111000,0.0000000000,0.0000000000,0.0000000000,0.5940792000,-0.5846899000,0.5524561000,2.0599030000,
30.60251,32750,True,1.0000000000,4.0000000000,-0.0320000000,0.0000000000,0.0000000000,0.6041780000,-0.5791959000,0.5472671000,True,1.0000000000,4.0000000000,0.0320000000,0.0000000000,0.0000000000,0.5838829000,-0.5900903000,0.5575610000,0.0000000000,0.0000000000,0.0000000000,0.5940776000,-0.5846896000,0.5524580000,2.0403570000,
30.61316,32760,True,1.0000000000,4.0000000000,-0.0320000000,0.0000000000,0.0000000000,0.6042731000,-0.5791456000,0.5472152000,True,1.0000000000,4.0000000000,0.0320000000,0.0000000000,0.0000000000,0.5837801000,-0.5901463000,0.5576094000,0.0000000000,0.0000000000,0.0000000000,0.5940748000,-0.5846934000,0.5524571000,2.0206480000,
30.62437,32771,True,1.0000000000,4.0000000000,-0.0320000000,0.0000000000,0.0000000000,0.6043768000,-0.5790898000,0.5471597000,True,1.0000000000,4.0000000000,0.0320000000,0.0000000000,0.0000000000,0.5836684000,-0.5902060000,0.5576630000,0.0000000000,0.0000000000,0.0000000000,0.5940718000,-0.5846964000,0.5524572000,1.9996510000,
30.636,32783,True,1.0000000000,4.0000000000,-0.0320000000,0.0000000000,0.0000000000,0.6044859000,-0.5790282000,0.5471043000,True,1.0000000000,4.0000000000,0.0320000000,0.0000000000,0.0000000000,0.5835543000,-0.5902643000,0.5577208000,0.0000000000,0.0000000000,0.0000000000,0.5940704000,-0.5846957000,0.5524593000,1.9783270000,
30.64652,32793,True,1.0000000000,4.0000000000,-0.0320000000,0.0000000000,0.0000000000,0.6045941000,-0.5789676000,0.5470489000,True,1.0000000000,4.0000000000,0.0320000000,0.0000000000,0.0000000000,0.5834398000,-0.5903232000,0.5577783000,0.0000000000,0.0000000000,0.0000000000,0.5940683000,-0.5846959000,0.5524614000,1.9575160000,
30.65874,32806,True,1.0000000000,4.0000000000,-0.0320000000,0.0000000000,0.0000000000,0.6047067000,-0.5789067000,0.5469889000,True,1.0000000000,4.0000000000,0.0320000000,0.0000000000,0.0000000000,0.5833195000,-0.5903872000,0.5578364000,0.0000000000,0.0000000000,0.0000000000,0.5940655000,-0.5846986000,0.5524614000,1.9362050000,
30.66939,32816,True,1.0000000000,4.0000000000,-0.0320000000,0.0000000000,0.0000000000,0.6048234000,-0.5788383000,0.5469323000,True,1.0000000000,4.0000000000,0.0320000000,0.0000000000,0.0000000000,0.5832023000,-0.5904443000,0.5578985000,0.0000000000,0.0000000000,0.0000000000,0.5940665000,-0.5846941000,0.5524653000,1.9152480000,
30.6801,32827,True,1.0000000000,4.0000000000,-0.0320000000,0.0000000000,0.0000000000,0.6049353000,-0.5787775000,0.5468727000,True,1.0000000000,4.0000000000,0.0320000000,0.0000000000,0.0000000000,0.5830814000,-0.5905085000,0.5579569000,0.0000000000,0.0000000000,0.0000000000,0.5940632000,-0.5846969000,0.5524658000,1.8948400000,
30.69107,32838,True,1.0000000000,4.0000000000,-0.0320000000,0.0000000000,0.0000000000,0.6050476000,-0.5787150000,0.5468148000,True,1.0000000000,4.0000000000,0.0320000000,0.0000000000,0.0000000000,0.5829623000,-0.5905699000,0.5580164000,0.0000000000,0.0000000000,0.0000000000,0.5940610000,-0.5846975000,0.5524676000,1.8749970000,
30.70223,32849,True,1.0000000000,4.0000000000,-0.0320000000,0.0000000000,0.0000000000,0.6051575000,-0.5786573000,0.5467541000,True,1.0000000000,4.0000000000,0.0320000000,0.0000000000,0.0000000000,0.5828396000,-0.5906371000,0.5580734000,0.0000000000,0.0000000000,0.0000000000,0.5940557000,-0.5847034000,0.5524669000,1.8554710000,
30.71318,32860,True,1.0000000000,4.0000000000,-0.0320000000,0.0000000000,0.0000000000,0.6052697000,-0.5785943000,0.5466967000,True,1.0000000000,4.0000000000,0.0320000000,0.0000000000,0.0000000000,0.5827249000,-0.5906958000,0.5581310000,0.0000000000,0.0000000000,0.0000000000,0.5940556000,-0.5847024000,0.5524681000,1.8367960000,
30.72434,32871,True,1.0000000000,4.0000000000,-0.0320000000,0.0000000000,0.0000000000,0.6053749000,-0.5785364000,0.5466415000,True,1.0000000000,4.0000000000,0.0320000000,0.0000000000,0.0000000000,0.5826115000,-0.5907552000,0.5581866000,0.0000000000,0.0000000000,0.0000000000,0.5940527000,-0.5847043000,0.5524693000,1.8191670000,
30.7368,32884,True,1.0000000000,4.0000000000,-0.0320000000,0.0000000000,0.0000000000,0.6054684000,-0.5784824000,0.5465949000,True,1.0000000000,4.0000000000,0.0320000000,0.0000000000,0.0000000000,0.5825137000,-0.5908039000,0.5582371000,0.0000000000,0.0000000000,0.0000000000,0.5940515000,-0.5847027000,0.5524722000,1.8040040000,
30.74643,32893,True,1.0000000000,4.0000000000,-0.0320000000,0.0000000000,0.0000000000,0.6055517000,-0.5784402000,0.5465475000,True,1.0000000000,4.0000000000,0.0320000000,0.0000000000,0.0000000000,0.5824241000,-0.5908543000,0.5582772000,0.0000000000,0.0000000000,0.0000000000,0.5940492000,-0.5847076000,0.5524694000,1.7905260000,
30.75749,32904,True,1.0000000000,4.0000000000,-0.0320000000,0.0000000000,0.0000000000,0.6056273000,-0.5783936000,0.5465131000,True,1.0000000000,4.0000000000,0.0320000000,0.0000000000,0.0000000000,0.5823448000,-0.5908906000,0.5583214000,0.0000000000,0.0000000000,0.0000000000,0.5940482000,-0.5847034000,0.5524751000,1.7786120000,
30.76887,32916,True,1.0000000000,4.0000000000,-0.0320000000,0.0000000000,0.0000000000,0.6056979000,-0.5783572000,0.5464733000,True,1.0000000000,4.0000000000,0.0320000000,0.0000000000,0.0000000000,0.5822686000,-0.5909331000,0.5583560000,0.0000000000,0.0000000000,0.0000000000,0.5940462000,-0.5847071000,0.5524732000,1.7674720000,
30.78015,32927,True,1.0000000000,4.0000000000,-0.0320000000,0.0000000000,0.0000000000,0.6055971000,-0.5784124000,0.5465264000,True,1.0000000000,4.0000000000,0.0320000000,0.0000000000,0.0000000000,0.5823773000,-0.5908761000,0.5583030000,0.0000000000,0.0000000000,0.0000000000,0.5940491000,-0.5847051000,0.5524722000,1.7834030000,
30.79106,32938,True,1.0000000000,4.0000000000,-0.0320000000,0.0000000000,0.0000000000,0.6057559000,-0.5783238000,0.5464443000,True,1.0000000000,4.0000000000,0.0320000000,0.0000000000,0.0000000000,0.5822088000,-0.5909629000,0.5583866000,0.0000000000,0.0000000000,0.0000000000,0.5940460000,-0.5847061000,0.5524747000,1.7586310000,
30.81053,32958,True,1.0000000000,4.0000000000,-0.0320000000,0.0000000000,0.0000000000,0.6058224000,-0.5782865000,0.5464101000,True,1.0000000000,4.0000000000,0.0320000000,0.0000000000,0.0000000000,0.5821399000,-0.5909983000,0.5584211000,0.0000000000,0.0000000000,0.0000000000,0.5940455000,-0.5847058000,0.5524755000,1.7485760000,
30.82424,32971,True,1.0000000000,4.0000000000,-0.0320000000,0.0000000000,0.0000000000,0.6419500000,-0.5573152000,0.5265929000,True,1.0000000000,4.0000000000,0.0320000000,0.0000000000,0.0000000000,0.5391617000,-0.6121608000,0.5784149000,0.0000000000,0.0000000000,0.0000000000,0.5917597000,-0.5859300000,0.5536302000,0.4037824000,
30.83555,32982,True,1.0000000000,4.0000000000,-0.0320000000,0.0000000000,0.0000000000,0.6420137000,-0.5572761000,0.5265565000,True,1.0000000000,4.0000000000,0.0320000000,0.0000000000,0.0000000000,0.5390744000,-0.6122010000,0.5784538000,0.0000000000,0.0000000000,0.0000000000,0.5917514000,-0.5859341000,0.5536348000,0.4031931000,
30.84694,32994,True,1.0000000000,4.0000000000,-0.0320000000,0.0000000000,0.0000000000,0.6445727000,-0.5557147000,0.5250783000,True,1.0000000000,4.0000000000,0.0320000000,0.0000000000,0.0000000000,0.5356553000,-0.6137862000,0.5799482000,0.0000000000,0.0000000000,0.0000000000,0.5914646000,-0.5860887000,0.5537777000,0.3811706000,
30.85772,33004,True,1.0000000000,4.0000000000,-0.0320000000,0.0000000000,0.0000000000,0.6445982000,-0.5556984000,0.5250642000,True,1.0000000000,4.0000000000,0.0320000000,0.0000000000,0.0000000000,0.5356221000,-0.6138008000,0.5799635000,0.0000000000,0.0000000000,0.0000000000,0.5914621000,-0.5860893000,0.5537797000,0.3809659000,
30.8689,33016,True,1.0000000000,4.0000000000,-0.0320000000,0.0000000000,0.0000000000,0.6461971000,-0.5547184000,0.5241345000,True,1.0000000000,4.0000000000,0.0320000000,0.0000000000,0.0000000000,0.5334581000,-0.6147977000,0.5809014000,0.0000000000,0.0000000000,0.0000000000,0.5912737000,-0.5861917000,0.5538725000,0.3683175000,
30.8798,33027,True,1.0000000000,4.0000000000,-0.0320000000,0.0000000000,0.0000000000,0.6461914000,-0.5547187000,0.5241410000,True,1.0000000000,4.0000000000,0.0320000000,0.0000000000,0.0000000000,0.5334652000,-0.6147910000,0.5809017000,0.0000000000,0.0000000000,0.0000000000,0.5912741000,-0.5861883000,0.5538757000,0.3683598000,
30.89108,33038,True,1.0000000000,4.0000000000,-0.0320000000,0.0000000000,0.0000000000,0.6473738000,-0.5539922000,0.5234500000,True,1.0000000000,4.0000000000,0.0320000000,0.0000000000,0.0000000000,0.5318506000,-0.6155321000,0.5815971000,0.0000000000,0.0000000000,0.0000000000,0.5911299000,-0.5862674000,0.5539458000,0.3594912000,
30.90242,33049,True,1.0000000000,4.0000000000,-0.0320000000,0.0000000000,0.0000000000,0.6478713000,-0.5536830000,0.5231615000,True,1.0000000000,4.0000000000,0.0320000000,0.0000000000,0.0000000000,0.5311675000,-0.6158417000,0.5818935000,0.0000000000,0.0000000000,0.0000000000,0.5910680000,-0.5862985000,0.5539790000,0.3558764000,
30.9132,33060,True,1.0000000000,4.0000000000,-0.0320000000,0.0000000000,0.0000000000,0.6478222000,-0.5537125000,0.5231910000,True,1.0000000000,4.0000000000,0.0320000000,0.0000000000,0.0000000000,0.5312369000,-0.6158090000,0.5818648000,0.0000000000,0.0000000000,0.0000000000,0.5910751000,-0.5862938000,0.5539764000,0.3562346000,
30.92426,33071,True,1.0000000000,4.0000000000,-0.0320000000,0.0000000000,0.0000000000,0.6484532000,-0.5533243000,0.5228199000,True,1.0000000000,4.0000000000,0.0320000000,0.0000000000,0.0000000000,0.5303634000,-0.6162091000,0.5822380000,0.0000000000,0.0000000000,0.0000000000,0.5909936000,-0.5863395000,0.5540150000,0.3517249000,
30.93548,33082,True,1.0000000000,4.0000000000,-0.0320000000,0.0000000000,0.0000000000,0.6482707000,-0.5534387000,0.5229251000,True,1.0000000000,4.0000000000,0.0320000000,0.0000000000,0.0000000000,0.5306131000,-0.6160971000,0.5821290000,0.0000000000,0.0000000000,0.0000000000,0.5910157000,-0.5863292000,0.5540023000,0.3530093000,
30.94635,33093,True,1.0000000000,4.0000000000,-0.0320000000,0.0000000000,0.0000000000,0.6484951000,-0.5532966000,0.5227973000,True,1.0000000000,4.0000000000,0.0320000000,0.0000000000,0.0000000000,0.5303054000,-0.6162335000,0.5822649000,0.0000000000,0.0000000000,0.0000000000,0.5909882000,-0.5863405000,0.5540197000,0.3514296000,
30.95783,33104,True,1.0000000000,4.0000000000,-0.0320000000,0.0000000000,0.0000000000,0.6479881000,-0.5536121000,0.5230919000,True,1.0000000000,4.0000000000,0.0320000000,0.0000000000,0.0000000000,0.5310071000,-0.6159161000,0.5819612000,0.0000000000,0.0000000000,0.0000000000,0.5910535000,-0.5863075000,0.5539849000,0.3550375000,
30.96891,33116,True,1.0000000000,4.0000000000,-0.0320000000,0.0000000000,0.0000000000,0.6061321000,-0.5781183000,0.5462445000,True,1.0000000000,4.0000000000,0.0320000000,0.0000000000,0.0000000000,0.5818042000,-0.5911763000,0.5585825000,0.0000000000,0.0000000000,0.0000000000,0.5940361000,-0.5847142000,0.5524766000,1.7022060000,
30.98011,33127,True,1.0000000000,4.0000000000,-0.0320000000,0.0000000000,0.0000000000,0.6060969000,-0.5781367000,0.5462641000,True,1.0000000000,4.0000000000,0.0320000000,0.0000000000,0.0000000000,0.5818417000,-0.5911558000,0.5585653000,0.0000000000,0.0000000000,0.0000000000,0.5940368000,-0.5847127000,0.5524775000,1.7073040000,
30.99104,33138,True,1.0000000000,4.0000000000,-0.0320000000,0.0000000000,0.0000000000,0.6060498000,-0.5781619000,0.5462898000,True,1.0000000000,4.0000000000,0.0320000000,0.0000000000,0.0000000000,0.5818930000,-0.5911280000,0.5585412000,0.0000000000,0.0000000000,0.0000000000,0.5940383000,-0.5847108000,0.5524778000,1.7142600000,
31.00281,33151,True,1.0000000000,4.0000000000,-0.0320000000,0.0000000000,0.0000000000,0.6060023000,-0.5781900000,0.5463127000,True,1.0000000000,4.0000000000,0.0320000000,0.0000000000,0.0000000000,0.5819419000,-0.5911044000,0.5585151000,0.0000000000,0.0000000000,0.0000000000,0.5940385000,-0.5847126000,0.5524757000,1.7211280000,
31.01294,33160,True,1.0000000000,4.0000000000,-0.0320000000,0.0000000000,0.0000000000,0.6059523000,-0.5782149000,0.5463417000,True,1.0000000000,4.0000000000,0.0320000000,0.0000000000,0.0000000000,0.5819972000,-0.5910729000,0.5584908000,0.0000000000,0.0000000000,0.0000000000,0.5940406000,-0.5847088000,0.5524775000,1.7286830000,
31.02438,33171,True,1.0000000000,4.0000000000,-0.0320000000,0.0000000000,0.0000000000,0.6058938000,-0.5782488000,0.5463707000,True,1.0000000000,4.0000000000,0.0320000000,0.0000000000,0.0000000000,0.5820588000,-0.5910424000,0.5584590000,0.0000000000,0.0000000000,0.0000000000,0.5940415000,-0.5847098000,0.5524755000,1.7373950000,
31.03575,33183,True,1.0000000000,4.0000000000,-0.0320000000,0.0000000000,0.0000000000,0.6058342000,-0.5782820000,0.5464017000,True,1.0000000000,4.0000000000,0.0320000000,0.0000000000,0.0000000000,0.5821247000,-0.5910082000,0.5584264000,0.0000000000,0.0000000000,0.0000000000,0.5940440000,-0.5847086000,0.5524740000,1.7465790000,
31.04634,33194,True,1.0000000000,4.0000000000,-0.0320000000,0.0000000000,0.0000000000,0.6057646000,-0.5783210000,0.5464376000,True,1.0000000000,4.0000000000,0.0320000000,0.0000000000,0.0000000000,0.5821946000,-0.5909724000,0.5583916000,0.0000000000,0.0000000000,0.0000000000,0.5940433000,-0.5847094000,0.5524739000,1.7569190000,
31.06338,33210,True,1.0000000000,4.0000000000,-0.0320000000,0.0000000000,0.0000000000,0.6056810000,-0.5783668000,0.5464819000,True,1.0000000000,4.0000000000,0.0320000000,0.0000000000,0.0000000000,0.5822836000,-0.5909256000,0.5583484000,0.0000000000,0.0000000000,0.0000000000,0.5940450000,-0.5847080000,0.5524735000,1.7698860000,
31.07242,33220,True,1.0000000000,4.0000000000,-0.0320000000,0.0000000000,0.0000000000,0.6056034000,-0.5784076000,0.5465246000,True,1.0000000000,4.0000000000,0.0320000000,0.0000000000,0.0000000000,0.5823717000,-0.5908776000,0.5583072000,0.0000000000,0.0000000000,0.0000000000,0.5940495000,-0.5847036000,0.5524735000,1.7824920000,
31.08295,33230,True,1.0000000000,4.0000000000,-0.0320000000,0.0000000000,0.0000000000,0.6055128000,-0.5784601000,0.5465695000,True,1.0000000000,4.0000000000,0.0320000000,0.0000000000,0.0000000000,0.5824642000,-0.5908318000,0.5582591000,0.0000000000,0.0000000000,0.0000000000,0.5940495000,-0.5847059000,0.5524710000,1.7966650000,
31.09646,33243,True,1.0000000000,4.0000000000,-0.0320000000,0.0000000000,0.0000000000,0.6054084000,-0.5785168000,0.5466251000,True,1.0000000000,4.0000000000,0.0320000000,0.0000000000,0.0000000000,0.5825766000,-0.5907722000,0.5582049000,0.0000000000,0.0000000000,0.0000000000,0.5940523000,-0.5847034000,0.5524707000,1.8137120000,
31.11209,33259,True,1.0000000000,4.0000000000,-0.0320000000,0.0000000000,0.0000000000,0.6052986000,-0.5785781000,0.5466820000,True,1.0000000000,4.0000000000,0.0320000000,0.0000000000,0.0000000000,0.5826933000,-0.5907119000,0.5581470000,0.0000000000,0.0000000000,0.0000000000,0.5940546000,-0.5847027000,0.5524690000,1.8318860000,
31.12436,33271,True,1.0000000000,4.0000000000,-0.0320000000,0.0000000000,0.0000000000,0.6051930000,-0.5786372000,0.5467362000,True,1.0000000000,4.0000000000,0.0320000000,0.0000000000,0.0000000000,0.5828041000,-0.5906550000,0.5580914000,0.0000000000,0.0000000000,0.0000000000,0.5940561000,-0.5847027000,0.5524673000,1.8495860000,
31.13554,33282,True,1.0000000000,4.0000000000,-0.0320000000,0.0000000000,0.0000000000,0.6049901000,-0.5787498000,0.5468416000,True,1.0000000000,4.0000000000,0.0320000000,0.0000000000,0.0000000000,0.5830199000,-0.5905430000,0.5579845000,0.0000000000,0.0000000000,0.0000000000,0.5940604000,-0.5847009000,0.5524646000,1.8848350000,
31.14647,33293,True,1.0000000000,4.0000000000,-0.0320000000,0.0000000000,0.0000000000,0.6048793000,-0.5788085000,0.5469021000,True,1.0000000000,4.0000000000,0.0320000000,0.0000000000,0.0000000000,0.5831396000,-0.5904780000,0.5579283000,0.0000000000,0.0000000000,0.0000000000,0.5940636000,-0.5846967000,0.5524656000,1.9048090000,
31.1577,33304,True,1.0000000000,4.0000000000,-0.0320000000,0.0000000000,0.0000000000,0.6047624000,-0.5788766000,0.5469592000,True,1.0000000000,4.0000000000,0.0320000000,0.0000000000,0.0000000000,0.5832592000,-0.5904193000,0.5578654000,0.0000000000,0.0000000000,0.0000000000,0.5940639000,-0.5847001000,0.5524616000,1.9257500000,
31.16885,33316,True,1.0000000000,4.0000000000,-0.0320000000,0.0000000000,0.0000000000,0.6046463000,-0.5789394000,0.5470210000,True,1.0000000000,4.0000000000,0.0320000000,0.0000000000,0.0000000000,0.5833849000,-0.5903523000,0.5578048000,0.0000000000,0.0000000000,0.0000000000,0.5940675000,-0.5846969000,0.5524611000,1.9476500000,
31.17997,33327,True,1.0000000000,4.0000000000,-0.0320000000,0.0000000000,0.0000000000,0.6045306000,-0.5790017000,0.5470831000,True,1.0000000000,4.0000000000,0.0320000000,0.0000000000,0.0000000000,0.5835104000,-0.5902852000,0.5577446000,0.0000000000,0.0000000000,0.0000000000,0.5940712000,-0.5846933000,0.5524610000,1.9699820000,
31.19106,33338,True,1.0000000000,4.0000000000,-0.0320000000,0.0000000000,0.0000000000,0.6044096000,-0.5790700000,0.5471445000,True,1.0000000000,4.0000000000,0.0320000000,0.0000000000,0.0000000000,0.5836358000,-0.5902213000,0.5576810000,0.0000000000,0.0000000000,0.0000000000,0.5940722000,-0.5846944000,0.5524588000,1.9933630000,
31.20283,33350,True,1.0000000000,4.0000000000,-0.0320000000,0.0000000000,0.0000000000,0.6042864000,-0.5791395000,0.5472069000,True,1.0000000000,4.0000000000,0.0320000000,0.0000000000,0.0000000000,0.5837636000,-0.5901563000,0.5576162000,0.0000000000,0.0000000000,0.0000000000,0.5940734000,-0.5846955000,0.5524564000,2.0177310000,
31.21311,33360,True,1.0000000000,4.0000000000,-0.0320000000,0.0000000000,0.0000000000,0.6041692000,-0.5791997000,0.5472726000,True,1.0000000000,4.0000000000,0.0320000000,0.0000000000,0.0000000000,0.5838951000,-0.5900831000,0.5575559000,0.0000000000,0.0000000000,0.0000000000,0.5940793000,-0.5846878000,0.5524581000,2.0424650000,
31.22448,33373,True,1.0000000000,4.0000000000,-0.0320000000,0.0000000000,0.0000000000,0.6040450000,-0.5792693000,0.5473360000,True,1.0000000000,4.0000000000,0.0320000000,0.0000000000,0.0000000000,0.5840241000,-0.5900167000,0.5574909000,0.0000000000,0.0000000000,0.0000000000,0.5940806000,-0.5846883000,0.5524563000,2.0682950000,
31.23564,33382,True,1.0000000000,4.0000000000,-0.0320000000,0.0000000000,0.0000000000,0.6039250000,-0.5793360000,0.5473978000,True,1.0000000000,4.0000000000,0.0320000000,0.0000000000,0.0000000000,0.5841492000,-0.5899519000,0.5574285000,0.0000000000,0.0000000000,0.0000000000,0.5940821000,-0.5846881000,0.5524549000,2.0939200000,
31.24653,33394,True,1.0000000000,4.0000000000,-0.0320000000,0.0000000000,0.0000000000,0.6038075000,-0.5793981000,0.5474617000,True,1.0000000000,4.0000000000,0.0320000000,0.0000000000,0.0000000000,0.5842775000,-0.5898821000,0.5573679000,0.0000000000,0.0000000000,0.0000000000,0.5940863000,-0.5846832000,0.5524555000,2.1202680000,
31.25752,33404,True,1.0000000000,4.0000000000,-0.0320000000,0.0000000000,0.0000000000,0.6036918000,-0.5794628000,0.5475209000,True,1.0000000000,4.0000000000,0.0320000000,0.0000000000,0.0000000000,0.5843969000,-0.5898205000,0.5573078000,0.0000000000,0.0000000000,0.0000000000,0.5940871000,-0.5846837000,0.5524541000,2.1461110000,
31.26867,33416,True,1.0000000000,4.0000000000,-0.0320000000,0.0000000000,0.0000000000,0.6035747000,-0.5795287000,0.5475802000,True,1.0000000000,4.0000000000,0.0320000000,0.0000000000,0.0000000000,0.5845193000,-0.5897580000,0.5572457000,0.0000000000,0.0000000000,0.0000000000,0.5940886000,-0.5846844000,0.5524517000,2.1730720000,
31.27978,33426,True,1.0000000000,4.0000000000,-0.0320000000,0.0000000000,0.0000000000,0.6034674000,-0.5795866000,0.5476371000,True,1.0000000000,4.0000000000,0.0320000000,0.0000000000,0.0000000000,0.5846345000,-0.5896966000,0.5571898000,0.0000000000,0.0000000000,0.0000000000,0.5940917000,-0.5846817000,0.5524513000,2.1987440000,
31.29112,33438,True,1.0000000000,4.0000000000,-0.0320000000,0.0000000000,0.0000000000,0.6033612000,-0.5796444000,0.5476930000,True,1.0000000000,4.0000000000,0.0320000000,0.0000000000,0.0000000000,0.5847462000,-0.5896375000,0.5571351000,0.0000000000,0.0000000000,0.0000000000,0.5940935000,-0.5846801000,0.5524510000,2.2244760000,
31.30238,33453,True,1.0000000000,4.0000000000,-0.0320000000,0.0000000000,0.0000000000,0.6032622000,-0.5797010000,0.5477422000,True,1.0000000000,4.0000000000,0.0320000000,0.0000000000,0.0000000000,0.5848498000,-0.5895853000,0.5570816000,0.0000000000,0.0000000000,0.0000000000,0.5940949000,-0.5846815000,0.5524481000,2.2489490000,
31.31318,33460,True,1.0000000000,4.0000000000,-0.0320000000,0.0000000000,0.0000000000,0.6031692000,-0.5797517000,0.5477909000,True,1.0000000000,4.0000000000,0.0320000000,0.0000000000,0.0000000000,0.5849450000,-0.5895350000,0.5570349000,0.0000000000,0.0000000000,0.0000000000,0.5940952000,-0.5846809000,0.5524483000,2.2721830000,
31.32426,33471,True,1.0000000000,4.0000000000,-0.0320000000,0.0000000000,0.0000000000,0.6030738000,-0.5798045000,0.5478401000,True,1.0000000000,4.0000000000,0.0320000000,0.0000000000,0.0000000000,0.5850468000,-0.5894819000,0.5569841000,0.0000000000,0.0000000000,0.0000000000,0.5940976000,-0.5846800000,0.5524467000,2.2970430000,
31.33566,33482,True,1.0000000000,4.0000000000,-0.0320000000,0.0000000000,0.0000000000,0.6029806000,-0.5798574000,0.5478868000,True,1.0000000000,4.0000000000,0.0320000000,0.0000000000,0.0000000000,0.5851418000,-0.5894338000,0.5569352000,0.0000000000,0.0000000000,0.0000000000,0.5940977000,-0.5846816000,0.5524449000,2.3212630000,
31.34645,33493,True,1.0000000000,4.0000000000,-0.0320000000,0.0000000000,0.0000000000,0.6028938000,-0.5799043000,0.5479326000,True,1.0000000000,4.0000000000,0.0320000000,0.0000000000,0.0000000000,0.5852339000,-0.5893849000,0.5568904000,0.0000000000,0.0000000000,0.0000000000,0.5940996000,-0.5846798000,0.5524448000,2.3447740000,
31.35766,33504,True,1.0000000000,4.0000000000,-0.0320000000,0.0000000000,0.0000000000,0.6028171000,-0.5799475000,0.5479712000,True,1.0000000000,4.0000000000,0.0320000000,0.0000000000,0.0000000000,0.5853130000,-0.5893444000,0.5568499000,0.0000000000,0.0000000000,0.0000000000,0.5941002000,-0.5846806000,0.5524433000,2.3656450000,
31.36869,33516,True,1.0000000000,4.0000000000,-0.0320000000,0.0000000000,0.0000000000,0.6027397000,-0.5799872000,0.5480144000,True,1.0000000000,4.0000000000,0.0320000000,0.0000000000,0.0000000000,0.5853973000,-0.5892973000,0.5568113000,0.0000000000,0.0000000000,0.0000000000,0.5941030000,-0.5846762000,0.5524449000,2.3877070000,
31.38642,33534,True,1.0000000000,4.0000000000,-0.0320000000,0.0000000000,0.0000000000,0.6026767000,-0.5800236000,0.5480450000,True,1.0000000000,4.0000000000,0.0320000000,0.0000000000,0.0000000000,0.5854610000,-0.5892658000,0.5567777000,0.0000000000,0.0000000000,0.0000000000,0.5941029000,-0.5846782000,0.5524430000,2.4052590000,
31.40472,33552,True,1.0000000000,4.0000000000,-0.0320000000,0.0000000000,0.0000000000,0.6025464000,-0.5800967000,0.5481110000,True,1.0000000000,4.0000000000,0.0320000000,0.0000000000,0.0000000000,0.5855957000,-0.5891967000,0.5567091000,0.0000000000,0.0000000000,0.0000000000,0.5941041000,-0.5846792000,0.5524407000,2.4428690000,
31.41293,33560,True,1.0000000000,4.0000000000,-0.0320000000,0.0000000000,0.0000000000,0.6024929000,-0.5801237000,0.5481414000,True,1.0000000000,4.0000000000,0.0320000000,0.0000000000,0.0000000000,0.5856552000,-0.5891628000,0.5566822000,0.0000000000,0.0000000000,0.0000000000,0.5941066000,-0.5846753000,0.5524421000,2.4592680000,
31.42413,33571,True,1.0000000000,4.0000000000,-0.0320000000,0.0000000000,0.0000000000,0.6024467000,-0.5801480000,0.5481662000,True,1.0000000000,4.0000000000,0.0320000000,0.0000000000,0.0000000000,0.5857049000,-0.5891359000,0.5566586000,0.0000000000,0.0000000000,0.0000000000,0.5941080000,-0.5846736000,0.5524423000,2.4733210000,
31.43528,33582,True,1.0000000000,4.0000000000,-0.0320000000,0.0000000000,0.0000000000,0.6024041000,-0.5801691000,0.5481909000,True,1.0000000000,4.0000000000,0.0320000000,0.0000000000,0.0000000000,0.5857533000,-0.5891080000,0.5566371000,0.0000000000,0.0000000000,0.0000000000,0.5941104000,-0.5846698000,0.5524436000,2.4868590000,
31.44653,33593,True,1.0000000000,4.0000000000,-0.0320000000,0.0000000000,0.0000000000,0.6023574000,-0.5801978000,0.5482117000,True,1.0000000000,4.0000000000,0.0320000000,0.0000000000,0.0000000000,0.5857980000,-0.5890877000,0.5566115000,0.0000000000,0.0000000000,0.0000000000,0.5941092000,-0.5846738000,0.5524408000,2.5005770000,
31.4575,33604,True,1.0000000000,4.0000000000,-0.0320000000,0.0000000000,0.0000000000,0.6023139000,-0.5802199000,0.5482363000,True,1.0000000000,4.0000000000,0.0320000000,0.0000000000,0.0000000000,0.5858452000,-0.5890610000,0.5565901000,0.0000000000,0.0000000000,0.0000000000,0.5941106000,-0.5846711000,0.5524421000,2.5143380000,
31.46881,33616,True,1.0000000000,4.0000000000,-0.0320000000,0.0000000000,0.0000000000,0.6022644000,-0.5802497000,0.5482590000,True,1.0000000000,4.0000000000,0.0320000000,0.0000000000,0.0000000000,0.5858930000,-0.5890387000,0.5565634000,0.0000000000,0.0000000000,0.0000000000,0.5941095000,-0.5846744000,0.5524398000,2.5292920000,
31.47978,33626,True,1.0000000000,4.0000000000,-0.0320000000,0.0000000000,0.0000000000,0.6022146000,-0.5802717000,0.5482903000,True,1.0000000000,4.0000000000,0.0320000000,0.0000000000,0.0000000000,0.5859535000,-0.5890017000,0.5565389000,0.0000000000,0.0000000000,0.0000000000,0.5941144000,-0.5846666000,0.5524428000,2.5464200000,
31.49073,33638,True,1.0000000000,4.0000000000,-0.0320000000,0.0000000000,0.0000000000,0.6021606000,-0.5803023000,0.5483173000,True,1.0000000000,4.0000000000,0.0320000000,0.0000000000,0.0000000000,0.5860075000,-0.5889741000,0.5565113000,0.0000000000,0.0000000000,0.0000000000,0.5941140000,-0.5846677000,0.5524421000,2.5634740000,
31.50215,33649,True,1.0000000000,4.0000000000,-0.0320000000,0.0000000000,0.0000000000,0.6021029000,-0.5803370000,0.5483440000,True,1.0000000000,4.0000000000,0.0320000000,0.0000000000,0.0000000000,0.5860643000,-0.5889474000,0.5564798000,0.0000000000,0.0000000000,0.0000000000,0.5941131000,-0.5846713000,0.5524393000,2.5817650000,
31.51295,33660,True,1.0000000000,4.0000000000,-0.0320000000,0.0000000000,0.0000000000,0.6020498000,-0.5803638000,0.5483738000,True,1.0000000000,4.0000000000,0.0320000000,0.0000000000,0.0000000000,0.5861229000,-0.5889143000,0.5564530000,0.0000000000,0.0000000000,0.0000000000,0.5941155000,-0.5846677000,0.5524405000,2.5998460000,
31.52395,33671,True,1.0000000000,4.0000000000,-0.0320000000,0.0000000000,0.0000000000,0.6019992000,-0.5803946000,0.5483967000,True,1.0000000000,4.0000000000,0.0320000000,0.0000000000,0.0000000000,0.5861720000,-0.5888916000,0.5564252000,0.0000000000,0.0000000000,0.0000000000,0.5941144000,-0.5846714000,0.5524377000,2.6162320000,
31.53535,33682,True,1.0000000000,4.0000000000,-0.0320000000,0.0000000000,0.0000000000,0.6019528000,-0.5804206000,0.5484203000,True,1.0000000000,4.0000000000,0.0320000000,0.0000000000,0.0000000000,0.5862181000,-0.5888678000,0.5564019000,0.0000000000,0.0000000000,0.0000000000,0.5941139000,-0.5846722000,0.5524375000,2.6316390000,
31.54628,33693,True,1.0000000000,4.0000000000,-0.0320000000,0.0000000000,0.0000000000,0.6019070000,-0.5804463000,0.5484433000,True,1.0000000000,4.0000000000,0.0320000000,0.0000000000,0.0000000000,0.5862660000,-0.5888433000,0.5563773000,0.0000000000,0.0000000000,0.0000000000,0.5941146000,-0.5846725000,0.5524364000,2.6473920000,
31.55755,33704,True,1.0000000000,4.0000000000,-0.0320000000,0.0000000000,0.0000000000,0.6018686000,-0.5804639000,0.5484667000,True,1.0000000000,4.0000000000,0.0320000000,0.0000000000,0.0000000000,0.5863105000,-0.5888166000,0.5563588000,0.0000000000,0.0000000000,0.0000000000,0.5941174000,-0.5846676000,0.5524386000,2.6614670000,
31.56912,33716,True,1.0000000000,4.0000000000,-0.0320000000,0.0000000000,0.0000000000,0.6018239000,-0.5804900000,0.5484882000,True,1.0000000000,4.0000000000,0.0320000000,0.0000000000,0.0000000000,0.5863550000,-0.5887946000,0.5563350000,0.0000000000,0.0000000000,0.0000000000,0.5941170000,-0.5846694000,0.5524372000,2.6768370000,
31.5797,33727,True,1.0000000000,4.0000000000,-0.0320000000,0.0000000000,0.0000000000,0.6017798000,-0.5805149000,0.5485104000,True,1.0000000000,4.0000000000,0.0320000000,0.0000000000,0.0000000000,0.5863993000,-0.5887719000,0.5563124000,0.0000000000,0.0000000000,0.0000000000,0.5941167000,-0.5846701000,0.5524366000,2.6922350000,
31.59072,33738,True,1.0000000000,4.0000000000,-0.0320000000,0.0000000000,0.0000000000,0.6017389000,-0.5805387000,0.5485299000,True,1.0000000000,4.0000000000,0.0320000000,0.0000000000,0.0000000000,0.5864423000,-0.5887510000,0.5562893000,0.0000000000,0.0000000000,0.0000000000,0.5941175000,-0.5846713000,0.5524346000,2.7069740000,
31.60158,33749,True,1.0000000000,4.0000000000,-0.0320000000,0.0000000000,0.0000000000,0.6016948000,-0.5805603000,0.5485557000,True,1.0000000000,4.0000000000,0.0320000000,0.0000000000,0.0000000000,0.5864897000,-0.5887232000,0.5562686000,0.0000000000,0.0000000000,0.0000000000,0.5941188000,-0.5846678000,0.5524368000,2.7232970000,
31.61296,33760,True,1.0000000000,4.0000000000,-0.0320000000,0.0000000000,0.0000000000,0.6016493000,-0.5805835000,0.5485808000,True,1.0000000000,4.0000000000,0.0320000000,0.0000000000,0.0000000000,0.5865398000,-0.5886952000,0.5562454000,0.0000000000,0.0000000000,0.0000000000,0.5941208000,-0.5846652000,0.5524375000,2.7404790000,
31.62402,33771,True,1.0000000000,4.0000000000,-0.0320000000,0.0000000000,0.0000000000,0.6016015000,-0.5806115000,0.5486037000,True,1.0000000000,4.0000000000,0.0320000000,0.0000000000,0.0000000000,0.5865873000,-0.5886720000,0.5562199000,0.0000000000,0.0000000000,0.0000000000,0.5941202000,-0.5846672000,0.5524359000,2.7578990000,
31.63543,33782,True,1.0000000000,4.0000000000,-0.0320000000,0.0000000000,0.0000000000,0.6015594000,-0.5806330000,0.5486271000,True,1.0000000000,4.0000000000,0.0320000000,0.0000000000,0.0000000000,0.5866341000,-0.5886458000,0.5561984000,0.0000000000,0.0000000000,0.0000000000,0.5941223000,-0.5846646000,0.5524365000,2.7743200000,
31.64622,33793,True,1.0000000000,4.0000000000,-0.0320000000,0.0000000000,0.0000000000,0.6015088000,-0.5806645000,0.5486493000,True,1.0000000000,4.0000000000,0.0320000000,0.0000000000,0.0000000000,0.5866809000,-0.5886250000,0.5561709000,0.0000000000,0.0000000000,0.0000000000,0.5941201000,-0.5846696000,0.5524335000,2.7925720000,
31.65743,33804,True,1.0000000000,4.0000000000,-0.0320000000,0.0000000000,0.0000000000,0.6014641000,-0.5806875000,0.5486739000,True,1.0000000000,4.0000000000,0.0320000000,0.0000000000,0.0000000000,0.5867313000,-0.5885971000,0.5561474000,0.0000000000,0.0000000000,0.0000000000,0.5941226000,-0.5846668000,0.5524338000,2.8105630000,
31.66869,33816,True,1.0000000000,4.0000000000,-0.0320000000,0.0000000000,0.0000000000,0.6014085000,-0.5807169000,0.5487038000,True,1.0000000000,4.0000000000,0.0320000000,0.0000000000,0.0000000000,0.5867890000,-0.5885656000,0.5561198000,0.0000000000,0.0000000000,0.0000000000,0.5941232000,-0.5846654000,0.5524346000,2.8323600000,
31.67975,33827,True,1.0000000000,4.0000000000,-0.0320000000,0.0000000000,0.0000000000,0.6013567000,-0.5807444000,0.5487313000,True,1.0000000000,4.0000000000,0.0320000000,0.0000000000,0.0000000000,0.5868440000,-0.5885358000,0.5560932000,0.0000000000,0.0000000000,0.0000000000,0.5941246000,-0.5846639000,0.5524347000,2.8531780000,
31.69035,33855,True,1.0000000000,4.0000000000,-0.0320000000,0.0000000000,0.0000000000,0.6012958000,-0.5807799000,0.5487605000,True,1.0000000000,4.0000000000,0.0320000000,0.0000000000,0.0000000000,0.5869031000,-0.5885069000,0.5560616000,0.0000000000,0.0000000000,0.0000000000,0.5941232000,-0.5846667000,0.5524331000,2.8769630000,
31.73937,33887,True,1.0000000000,4.0000000000,-0.0320000000,0.0000000000,0.0000000000,0.6012266000,-0.5808173000,0.5487968000,True,1.0000000000,4.0000000000,0.0320000000,0.0000000000,0.0000000000,0.5869763000,-0.5884679000,0.5560256000,0.0000000000,0.0000000000,0.0000000000,0.5941247000,-0.5846655000,0.5524329000,2.9057380000,
31.75242,33899,True,1.0000000000,4.0000000000,-0.0320000000,0.0000000000,0.0000000000,0.6009030000,-0.5809945000,0.5489636000,True,1.0000000000,4.0000000000,0.0320000000,0.0000000000,0.0000000000,0.5873124000,-0.5882909000,0.5558578000,0.0000000000,0.0000000000,0.0000000000,0.5941289000,-0.5846636000,0.5524304000,3.0467320000,
31.76892,33916,True,1.0000000000,4.0000000000,-0.0320000000,0.0000000000,0.0000000000,0.6008086000,-0.5810434000,0.5490152000,True,1.0000000000,4.0000000000,0.0320000000,0.0000000000,0.0000000000,0.5874156000,-0.5882338000,0.5558093000,0.0000000000,0.0000000000,0.0000000000,0.5941327000,-0.5846588000,0.5524313000,3.0916850000,
31.7799,33927,True,1.0000000000,4.0000000000,-0.0320000000,0.0000000000,0.0000000000,0.6007050000,-0.5811030000,0.5490653000,True,1.0000000000,4.0000000000,0.0320000000,0.0000000000,0.0000000000,0.5875182000,-0.5881828000,0.5557548000,0.0000000000,0.0000000000,0.0000000000,0.5941315000,-0.5846626000,0.5524286000,3.1400300000,
31.79097,33938,True,1.0000000000,4.0000000000,-0.0320000000,0.0000000000,0.0000000000,0.6004121000,-0.5812633000,0.5492160000,True,1.0000000000,4.0000000000,0.0320000000,0.0000000000,0.0000000000,0.5878209000,-0.5880234000,0.5556033000,0.0000000000,0.0000000000,0.0000000000,0.5941347000,-0.5846612000,0.5524266000,3.2885460000,
31.81349,33960,True,1.0000000000,4.0000000000,-0.0320000000,0.0000000000,0.0000000000,0.6001362000,-0.5814129000,0.5493593000,True,1.0000000000,4.0000000000,0.0320000000,0.0000000000,0.0000000000,0.5881076000,-0.5878710000,0.5554613000,0.0000000000,0.0000000000,0.0000000000,0.5941385000,-0.5846583000,0.5524258000,3.4423490000,
31.83564,33983,True,1.0000000000,4.0000000000,-0.0320000000,0.0000000000,0.0000000000,0.5998182000,-0.5815865000,0.5495228000,True,1.0000000000,4.0000000000,0.0320000000,0.0000000000,0.0000000000,0.5884365000,-0.5876973000,0.5552966000,0.0000000000,0.0000000000,0.0000000000,0.5941423000,-0.5846565000,0.5524236000,3.6380050000,
31.85783,34005,True,1.0000000000,4.0000000000,-0.0320000000,0.0000000000,0.0000000000,0.5994976000,-0.5817610000,0.5496879000,True,1.0000000000,4.0000000000,0.0320000000,0.0000000000,0.0000000000,0.5887668000,-0.5875224000,0.5551316000,0.0000000000,0.0000000000,0.0000000000,0.5941454000,-0.5846547000,0.5524220000,3.8586420000,
31.88552,34033,True,1.0000000000,4.0000000000,-0.0320000000,0.0000000000,0.0000000000,0.5994539000,-0.5817841000,0.5497111000,True,1.0000000000,4.0000000000,0.0320000000,0.0000000000,0.0000000000,0.5888121000,-0.5874977000,0.5551097000,0.0000000000,0.0000000000,0.0000000000,0.5941460000,-0.5846537000,0.5524225000,3.8908650000,
31.90237,34049,True,1.0000000000,4.0000000000,-0.0320000000,0.0000000000,0.0000000000,0.5994080000,-0.5818081000,0.5497356000,True,1.0000000000,4.0000000000,0.0320000000,0.0000000000,0.0000000000,0.5888585000,-0.5874723000,0.5550874000,0.0000000000,0.0000000000,0.0000000000,0.5941461000,-0.5846528000,0.5524234000,3.9249330000,
31.92428,34071,True,1.0000000000,4.0000000000,-0.0320000000,0.0000000000,0.0000000000,0.5993502000,-0.5818409000,0.5497640000,True,1.0000000000,4.0000000000,0.0320000000,0.0000000000,0.0000000000,0.5889182000,-0.5874419000,0.5550562000,0.0000000000,0.0000000000,0.0000000000,0.5941467000,-0.5846537000,0.5524217000,3.9691590000,
31.94621,34093,True,1.0000000000,4.0000000000,-0.0320000000,0.0000000000,0.0000000000,0.5993003000,-0.5818688000,0.5497889000,True,1.0000000000,4.0000000000,0.0320000000,0.0000000000,0.0000000000,0.5889685000,-0.5874161000,0.5550302000,0.0000000000,0.0000000000,0.0000000000,0.5941467000,-0.5846545000,0.5524210000,4.0076380000,
31.96915,34116,True,1.0000000000,4.0000000000,-0.0320000000,0.0000000000,0.0000000000,0.5992668000,-0.5818848000,0.5498086000,True,1.0000000000,4.0000000000,0.0320000000,0.0000000000,0.0000000000,0.5890079000,-0.5873928000,0.5550131000,0.0000000000,0.0000000000,0.0000000000,0.5941494000,-0.5846506000,0.5524220000,4.0361800000,
31.99095,34138,True,1.0000000000,4.0000000000,-0.0320000000,0.0000000000,0.0000000000,0.5992532000,-0.5818940000,0.5498136000,True,1.0000000000,4.0000000000,0.0320000000,0.0000000000,0.0000000000,0.5890145000,-0.5873911000,0.5550078000,0.0000000000,0.0000000000,0.0000000000,0.5941458000,-0.5846545000,0.5524219000,4.0441540000,
32.02703,34174,True,1.0000000000,4.0000000000,-0.0320000000,0.0000000000,0.0000000000,0.5992799000,-0.5818799000,0.5497994000,True,1.0000000000,4.0000000000,0.0320000000,0.0000000000,0.0000000000,0.5889882000,-0.5874055000,0.5550203000,0.0000000000,0.0000000000,0.0000000000,0.5941463000,-0.5846547000,0.5524212000,4.0233400000,
32.04318,34190,True,1.0000000000,4.0000000000,-0.0320000000,0.0000000000,0.0000000000,0.5992932000,-0.5818714000,0.5497940000,True,1.0000000000,4.0000000000,0.0320000000,0.0000000000,0.0000000000,0.5889812000,-0.5874079000,0.5550253000,0.0000000000,0.0000000000,0.0000000000,0.5941494000,-0.5846516000,0.5524210000,4.0153750000,
32.05719,34204,True,1.0000000000,4.0000000000,-0.0320000000,0.0000000000,0.0000000000,0.5993108000,-0.5818602000,0.5497865000,True,1.0000000000,4.0000000000,0.0320000000,0.0000000000,0.0000000000,0.5889613000,-0.5874169000,0.5550369000,0.0000000000,0.0000000000,0.0000000000,0.5941483000,-0.5846507000,0.5524232000,4.0007810000,
32.07951,34226,True,1.0000000000,4.0000000000,-0.0320000000,0.0000000000,0.0000000000,0.5993524000,-0.5818369000,0.5497659000,True,1.0000000000,4.0000000000,0.0320000000,0.0000000000,0.0000000000,0.5889236000,-0.5874361000,0.5550566000,0.0000000000,0.0000000000,0.0000000000,0.5941505000,-0.5846487000,0.5524229000,3.9703890000,
32.10227,34249,True,1.0000000000,4.0000000000,-0.0320000000,0.0000000000,0.0000000000,0.5993833000,-0.5818219000,0.5497482000,True,1.0000000000,4.0000000000,0.0320000000,0.0000000000,0.0000000000,0.5888876000,-0.5874569000,0.5550728000,0.0000000000,0.0000000000,0.0000000000,0.5941480000,-0.5846518000,0.5524222000,3.9451260000,
32.12426,34271,True,1.0000000000,4.0000000000,-0.0320000000,0.0000000000,0.0000000000,0.5994135000,-0.5818060000,0.5497320000,True,1.0000000000,4.0000000000,0.0320000000,0.0000000000,0.0000000000,0.5888530000,-0.5874760000,0.5550894000,0.0000000000,0.0000000000,0.0000000000,0.5941460000,-0.5846536000,0.5524226000,3.9209090000,
32.14622,34293,True,1.0000000000,4.0000000000,-0.0320000000,0.0000000000,0.0000000000,0.5994450000,-0.5817889000,0.5497158000,True,1.0000000000,4.0000000000,0.0320000000,0.0000000000,0.0000000000,0.5888240000,-0.5874912000,0.5551038000,0.0000000000,0.0000000000,0.0000000000,0.5941475000,-0.5846528000,0.5524219000,3.8985660000,
32.19134,34338,True,1.0000000000,4.0000000000,-0.0320000000,0.0000000000,0.0000000000,0.5994633000,-0.5817794000,0.5497057000,True,1.0000000000,4.0000000000,0.0320000000,0.0000000000,0.0000000000,0.5888035000,-0.5875027000,0.5551136000,0.0000000000,0.0000000000,0.0000000000,0.5941464000,-0.5846539000,0.5524218000,3.8842920000,
32.21287,34360,True,1.0000000000,4.0000000000,-0.0320000000,0.0000000000,0.0000000000,0.5994996000,-0.5817574000,0.5496895000,True,1.0000000000,4.0000000000,0.0320000000,0.0000000000,0.0000000000,0.5887712000,-0.5875174000,0.5551321000,0.0000000000,0.0000000000,0.0000000000,0.5941486000,-0.5846505000,0.5524231000,3.8595250000,
32.23486,34382,True,1.0000000000,4.0000000000,-0.0320000000,0.0000000000,0.0000000000,0.5994973000,-0.5817562000,0.5496933000,True,1.0000000000,4.0000000000,0.0320000000,0.0000000000,0.0000000000,0.5887734000,-0.5875139000,0.5551337000,0.0000000000,0.0000000000,0.0000000000,0.5941485000,-0.5846480000,0.5524258000,3.8611080000,
32.25708,34404,True,1.0000000000,4.0000000000,-0.0320000000,0.0000000000,0.0000000000,0.5994992000,-0.5817593000,0.5496880000,True,1.0000000000,4.0000000000,0.0320000000,0.0000000000,0.0000000000,0.5887653000,-0.5875224000,0.5551333000,0.0000000000,0.0000000000,0.0000000000,0.5941455000,-0.5846539000,0.5524229000,3.8575330000,
32.27923,34426,True,1.0000000000,4.0000000000,-0.0320000000,0.0000000000,0.0000000000,0.5995106000,-0.5817533000,0.5496819000,True,1.0000000000,4.0000000000,0.0320000000,0.0000000000,0.0000000000,0.5887557000,-0.5875276000,0.5551379000,0.0000000000,0.0000000000,0.0000000000,0.5941464000,-0.5846536000,0.5524222000,3.8500210000,
32.30179,34451,True,1.0000000000,4.0000000000,-0.0320000000,0.0000000000,0.0000000000,0.5995085000,-0.5817512000,0.5496864000,True,1.0000000000,4.0000000000,0.0320000000,0.0000000000,0.0000000000,0.5887607000,-0.5875217000,0.5551388000,0.0000000000,0.0000000000,0.0000000000,0.5941479000,-0.5846496000,0.5524250000,3.8525130000,
32.31276,34459,True,1.0000000000,4.0000000000,-0.0320000000,0.0000000000,0.0000000000,0.5995207000,-0.5817431000,0.5496817000,True,1.0000000000,4.0000000000,0.0320000000,0.0000000000,0.0000000000,0.5887479000,-0.5875270000,0.5551468000,0.0000000000,0.0000000000,0.0000000000,0.5941476000,-0.5846481000,0.5524266000,3.8436500000,
32.32388,34471,True,1.0000000000,4.0000000000,-0.0320000000,0.0000000000,0.0000000000,0.5995184000,-0.5817471000,0.5496800000,True,1.0000000000,4.0000000000,0.0320000000,0.0000000000,0.0000000000,0.5887457000,-0.5875310000,0.5551449000,0.0000000000,0.0000000000,0.0000000000,0.5941454000,-0.5846522000,0.5524248000,3.8436070000,
32.35425,34501,True,1.0000000000,4.0000000000,-0.0320000000,0.0000000000,0.0000000000,0.5995247000,-0.5817457000,0.5496747000,True,1.0000000000,4.0000000000,0.0320000000,0.0000000000,0.0000000000,0.5887405000,-0.5875356000,0.5551455000,0.0000000000,0.0000000000,0.0000000000,0.5941460000,-0.5846538000,0.5524225000,3.8395480000,
32.36887,34516,True,1.0000000000,4.0000000000,-0.0320000000,0.0000000000,0.0000000000,0.5995414000,-0.5817361000,0.5496666000,True,1.0000000000,4.0000000000,0.0320000000,0.0000000000,0.0000000000,0.5887254000,-0.5875431000,0.5551536000,0.0000000000,0.0000000000,0.0000000000,0.5941468000,-0.5846528000,0.5524226000,3.8282800000,
32.38593,34533,True,1.0000000000,4.0000000000,-0.0320000000,0.0000000000,0.0000000000,0.5995488000,-0.5817305000,0.5496643000,True,1.0000000000,4.0000000000,0.0320000000,0.0000000000,0.0000000000,0.5887218000,-0.5875436000,0.5551569000,0.0000000000,0.0000000000,0.0000000000,0.5941487000,-0.5846503000,0.5524231000,3.8243420000,
32.40207,34549,True,1.0000000000,4.0000000000,-0.0320000000,0.0000000000,0.0000000000,0.5995582000,-0.5817271000,0.5496578000,True,1.0000000000,4.0000000000,0.0320000000,0.0000000000,0.0000000000,0.5887027000,-0.5875553000,0.5551648000,0.0000000000,0.0000000000,0.0000000000,0.5941440000,-0.5846545000,0.5524239000,3.8143680000,
32.42316,34571,True,1.0000000000,4.0000000000,-0.0320000000,0.0000000000,0.0000000000,0.5995672000,-0.5817241000,0.5496511000,True,1.0000000000,4.0000000000,0.0320000000,0.0000000000,0.0000000000,0.5886903000,-0.5875639000,0.5551688000,0.0000000000,0.0000000000,0.0000000000,0.5941423000,-0.5846574000,0.5524226000,3.8068550000,
32.43808,34585,True,1.0000000000,4.0000000000,-0.0320000000,0.0000000000,0.0000000000,0.5995881000,-0.5817093000,0.5496439000,True,1.0000000000,4.0000000000,0.0320000000,0.0000000000,0.0000000000,0.5886767000,-0.5875676000,0.5551792000,0.0000000000,0.0000000000,0.0000000000,0.5941461000,-0.5846519000,0.5524243000,3.7947900000,
32.45706,34604,True,1.0000000000,4.0000000000,-0.0320000000,0.0000000000,0.0000000000,0.5996038000,-0.5817016000,0.5496348000,True,1.0000000000,4.0000000000,0.0320000000,0.0000000000,0.0000000000,0.5886581000,-0.5875784000,0.5551876000,0.0000000000,0.0000000000,0.0000000000,0.5941448000,-0.5846536000,0.5524240000,3.7828690000,
32.46839,34615,True,1.0000000000,4.0000000000,-0.0320000000,0.0000000000,0.0000000000,0.5996122000,-0.5816972000,0.5496306000,True,1.0000000000,4.0000000000,0.0320000000,0.0000000000,0.0000000000,0.5886506000,-0.5875824000,0.5551913000,0.0000000000,0.0000000000,0.0000000000,0.5941452000,-0.5846533000,0.5524237000,3.7774140000,
32.47974,34627,True,1.0000000000,4.0000000000,-0.0320000000,0.0000000000,0.0000000000,0.5996166000,-0.5816959000,0.5496270000,True,1.0000000000,4.0000000000,0.0320000000,0.0000000000,0.0000000000,0.5886419000,-0.5875883000,0.5551944000,0.0000000000,0.0000000000,0.0000000000,0.5941431000,-0.5846556000,0.5524235000,3.7728830000,
32.50618,34654,True,1.0000000000,4.0000000000,-0.0320000000,0.0000000000,0.0000000000,0.5996204000,-0.5816947000,0.5496241000,True,1.0000000000,4.0000000000,0.0320000000,0.0000000000,0.0000000000,0.5886378000,-0.5875912000,0.5551956000,0.0000000000,0.0000000000,0.0000000000,0.5941430000,-0.5846565000,0.5524227000,3.7702400000,
32.53437,34681,True,1.0000000000,4.0000000000,-0.0320000000,0.0000000000,0.0000000000,0.5996357000,-0.5816837000,0.5496190000,True,1.0000000000,4.0000000000,0.0320000000,0.0000000000,0.0000000000,0.5886271000,-0.5875942000,0.5552038000,0.0000000000,0.0000000000,0.0000000000,0.5941453000,-0.5846526000,0.5524244000,3.7612670000,
32.54622,34693,True,1.0000000000,4.0000000000,-0.0320000000,0.0000000000,0.0000000000,0.5996572000,-0.5816723000,0.5496077000,True,1.0000000000,4.0000000000,0.0320000000,0.0000000000,0.0000000000,0.5886072000,-0.5876050000,0.5552134000,0.0000000000,0.0000000000,0.0000000000,0.5941462000,-0.5846525000,0.5524236000,3.7471920000,
32.55712,34704,True,1.0000000000,4.0000000000,-0.0320000000,0.0000000000,0.0000000000,0.5996643000,-0.5816695000,0.5496030000,True,1.0000000000,4.0000000000,0.0320000000,0.0000000000,0.0000000000,0.5885973000,-0.5876113000,0.5552173000,0.0000000000,0.0000000000,0.0000000000,0.5941448000,-0.5846542000,0.5524232000,3.7414320000,
32.58519,34732,True,1.0000000000,4.0000000000,-0.0320000000,0.0000000000,0.0000000000,0.5996767000,-0.5816621000,0.5495971000,True,1.0000000000,4.0000000000,0.0320000000,0.0000000000,0.0000000000,0.5885820000,-0.5876188000,0.5552254000,0.0000000000,0.0000000000,0.0000000000,0.5941435000,-0.5846544000,0.5524244000,3.7320830000,
32.60201,34749,True,1.0000000000,4.0000000000,-0.0320000000,0.0000000000,0.0000000000,0.5997176000,-0.5816401000,0.5495758000,True,1.0000000000,4.0000000000,0.0320000000,0.0000000000,0.0000000000,0.5885392000,-0.5876418000,0.5552466000,0.0000000000,0.0000000000,0.0000000000,0.5941428000,-0.5846551000,0.5524246000,3.7041340000,
32.63397,34781,True,1.0000000000,4.0000000000,-0.0320000000,0.0000000000,0.0000000000,0.5997339000,-0.5816316000,0.5495670000,True,1.0000000000,4.0000000000,0.0320000000,0.0000000000,0.0000000000,0.5885263000,-0.5876490000,0.5552527000,0.0000000000,0.0000000000,0.0000000000,0.5941445000,-0.5846545000,0.5524233000,3.6945070000,
32.64772,34795,True,1.0000000000,4.0000000000,-0.0320000000,0.0000000000,0.0000000000,0.5997719000,-0.5816130000,0.5495453000,True,1.0000000000,4.0000000000,0.0320000000,0.0000000000,0.0000000000,0.5884819000,-0.5876746000,0.5552726000,0.0000000000,0.0000000000,0.0000000000,0.5941415000,-0.5846581000,0.5524226000,3.6675580000,
32.65962,34806,True,1.0000000000,4.0000000000,-0.0320000000,0.0000000000,0.0000000000,0.5995995000,-0.5817087000,0.5496322000,True,1.0000000000,4.0000000000,0.0320000000,0.0000000000,0.0000000000,0.5886536000,-0.5875854000,0.5551850000,0.0000000000,0.0000000000,0.0000000000,0.5941403000,-0.5846605000,0.5524213000,3.7828650000,
32.67734,34824,True,1.0000000000,4.0000000000,-0.0320000000,0.0000000000,0.0000000000,0.5993907000,-0.5818187000,0.5497434000,True,1.0000000000,4.0000000000,0.0320000000,0.0000000000,0.0000000000,0.5888769000,-0.5874636000,0.5550770000,0.0000000000,0.0000000000,0.0000000000,0.5941465000,-0.5846536000,0.5524220000,3.9382890000,
32.69047,34837,True,1.0000000000,4.0000000000,-0.0320000000,0.0000000000,0.0000000000,0.5996665000,-0.5816692000,0.5496010000,True,1.0000000000,4.0000000000,0.0320000000,0.0000000000,0.0000000000,0.5885922000,-0.5876148000,0.5552189000,0.0000000000,0.0000000000,0.0000000000,0.5941434000,-0.5846559000,0.5524230000,3.7390250000,
32.70162,34849,True,1.0000000000,4.0000000000,-0.0320000000,0.0000000000,0.0000000000,0.5996861000,-0.5816588000,0.5495904000,True,1.0000000000,4.0000000000,0.0320000000,0.0000000000,0.0000000000,0.5885718000,-0.5876261000,0.5552285000,0.0000000000,0.0000000000,0.0000000000,0.5941432000,-0.5846564000,0.5524226000,3.7255570000,
32.7126,34859,True,1.0000000000,4.0000000000,-0.0320000000,0.0000000000,0.0000000000,0.5997436000,-0.5816243000,0.5495641000,True,1.0000000000,4.0000000000,0.0320000000,0.0000000000,0.0000000000,0.5885203000,-0.5876501000,0.5552578000,0.0000000000,0.0000000000,0.0000000000,0.5941464000,-0.5846515000,0.5524244000,3.6893480000,
32.7239,34876,True,1.0000000000,4.0000000000,-0.0320000000,0.0000000000,0.0000000000,0.5999140000,-0.5815328000,0.5494751000,True,1.0000000000,4.0000000000,0.0320000000,0.0000000000,0.0000000000,0.5883368000,-0.5877485000,0.5553481000,0.0000000000,0.0000000000,0.0000000000,0.5941408000,-0.5846558000,0.5524259000,3.5765830000,
32.73512,34882,True,1.0000000000,4.0000000000,-0.0320000000,0.0000000000,0.0000000000,0.5997829000,-0.5816020000,0.5495449000,True,1.0000000000,4.0000000000,0.0320000000,0.0000000000,0.0000000000,0.5884775000,-0.5876719000,0.5552801000,0.0000000000,0.0000000000,0.0000000000,0.5941449000,-0.5846515000,0.5524262000,3.6625140000,
32.74609,34893,True,1.0000000000,4.0000000000,-0.0320000000,0.0000000000,0.0000000000,0.6001247000,-0.5814149000,0.5493697000,True,1.0000000000,4.0000000000,0.0320000000,0.0000000000,0.0000000000,0.5881269000,-0.5878564000,0.5554562000,0.0000000000,0.0000000000,0.0000000000,0.5941423000,-0.5846519000,0.5524283000,3.4512000000,
32.82909,34976,True,1.0000000000,4.0000000000,-0.0320000000,0.0000000000,0.0000000000,0.6003344000,-0.5813042000,0.5492577000,True,1.0000000000,4.0000000000,0.0320000000,0.0000000000,0.0000000000,0.5879058000,-0.5879769000,0.5555628000,0.0000000000,0.0000000000,0.0000000000,0.5941378000,-0.5846580000,0.5524268000,3.3315420000,
32.84563,34993,True,1.0000000000,4.0000000000,-0.0320000000,0.0000000000,0.0000000000,0.6017625000,-0.5805246000,0.5485190000,True,1.0000000000,4.0000000000,0.0320000000,0.0000000000,0.0000000000,0.5864173000,-0.5887629000,0.5563030000,0.0000000000,0.0000000000,0.0000000000,0.5941169000,-0.5846704000,0.5524362000,2.6984070000,
32.85697,35004,True,1.0000000000,4.0000000000,-0.0320000000,0.0000000000,0.0000000000,0.6019174000,-0.5804394000,0.5484391000,True,1.0000000000,4.0000000000,0.0320000000,0.0000000000,0.0000000000,0.5862581000,-0.5888463000,0.5563825000,0.0000000000,0.0000000000,0.0000000000,0.5941159000,-0.5846706000,0.5524370000,2.6442810000,
32.86789,35015,True,1.0000000000,4.0000000000,-0.0320000000,0.0000000000,0.0000000000,0.6020505000,-0.5803648000,0.5483720000,True,1.0000000000,4.0000000000,0.0320000000,0.0000000000,0.0000000000,0.5861192000,-0.5889177000,0.5564533000,0.0000000000,0.0000000000,0.0000000000,0.5941139000,-0.5846699000,0.5524397000,2.5991420000,
32.87906,35026,True,1.0000000000,4.0000000000,-0.0320000000,0.0000000000,0.0000000000,0.6021760000,-0.5802922000,0.5483111000,True,1.0000000000,4.0000000000,0.0320000000,0.0000000000,0.0000000000,0.5859948000,-0.5889791000,0.5565193000,0.0000000000,0.0000000000,0.0000000000,0.5941155000,-0.5846652000,0.5524431000,2.5590020000,
32.9032,35050,True,1.0000000000,4.0000000000,-0.0320000000,0.0000000000,0.0000000000,0.6022444000,-0.5802578000,0.5482723000,True,1.0000000000,4.0000000000,0.0320000000,0.0000000000,0.0000000000,0.5859183000,-0.5890226000,0.5565539000,0.0000000000,0.0000000000,0.0000000000,0.5941120000,-0.5846703000,0.5524416000,2.5362900000,
32.91505,35062,True,1.0000000000,4.0000000000,-0.0320000000,0.0000000000,0.0000000000,0.6024452000,-0.5801510000,0.5481647000,True,1.0000000000,4.0000000000,0.0320000000,0.0000000000,0.0000000000,0.5857052000,-0.5891379000,0.5566561000,0.0000000000,0.0000000000,0.0000000000,0.5941074000,-0.5846761000,0.5524403000,2.4735990000,
32.92367,35071,True,1.0000000000,4.0000000000,-0.0320000000,0.0000000000,0.0000000000,0.6025397000,-0.5800996000,0.5481153000,True,1.0000000000,4.0000000000,0.0320000000,0.0000000000,0.0000000000,0.5856056000,-0.5891907000,0.5567051000,0.0000000000,0.0000000000,0.0000000000,0.5941055000,-0.5846775000,0.5524408000,2.4452450000,
32.93491,35082,True,1.0000000000,4.0000000000,-0.0320000000,0.0000000000,0.0000000000,0.6026470000,-0.5800396000,0.5480608000,True,1.0000000000,4.0000000000,0.0320000000,0.0000000000,0.0000000000,0.5854944000,-0.5892479000,0.5567615000,0.0000000000,0.0000000000,0.0000000000,0.5941045000,-0.5846770000,0.5524425000,2.4141000000,
32.9455,35092,True,1.0000000000,4.0000000000,-0.0320000000,0.0000000000,0.0000000000,0.6027619000,-0.5799746000,0.5480033000,True,1.0000000000,4.0000000000,0.0320000000,0.0000000000,0.0000000000,0.5853770000,-0.5893075000,0.5568218000,0.0000000000,0.0000000000,0.0000000000,0.5941041000,-0.5846751000,0.5524448000,2.3818510000,
32.95679,35103,True,1.0000000000,4.0000000000,-0.0320000000,0.0000000000,0.0000000000,0.6028745000,-0.5799134000,0.5479441000,True,1.0000000000,4.0000000000,0.0320000000,0.0000000000,0.0000000000,0.5852560000,-0.5893717000,0.5568810000,0.0000000000,0.0000000000,0.0000000000,0.5941009000,-0.5846776000,0.5524457000,2.3502710000,
32.96788,35115,True,1.0000000000,4.0000000000,-0.0320000000,0.0000000000,0.0000000000,0.6029928000,-0.5798483000,0.5478830000,True,1.0000000000,4.0000000000,0.0320000000,0.0000000000,0.0000000000,0.5851313000,-0.5894369000,0.5569429000,0.0000000000,0.0000000000,0.0000000000,0.5940986000,-0.5846786000,0.5524470000,2.3183250000,
32.97908,35126,True,1.0000000000,4.0000000000,-0.0320000000,0.0000000000,0.0000000000,0.6030954000,-0.5797936000,0.5478279000,True,1.0000000000,4.0000000000,0.0320000000,0.0000000000,0.0000000000,0.5850231000,-0.5894954000,0.5569947000,0.0000000000,0.0000000000,0.0000000000,0.5940967000,-0.5846813000,0.5524462000,2.2912730000,
32.9904,35137,True,1.0000000000,4.0000000000,-0.0320000000,0.0000000000,0.0000000000,0.6031880000,-0.5797417000,0.5477810000,True,1.0000000000,4.0000000000,0.0320000000,0.0000000000,0.0000000000,0.5849265000,-0.5895448000,0.5570439000,0.0000000000,0.0000000000,0.0000000000,0.5940955000,-0.5846809000,0.5524480000,2.2675390000,
33.00439,35152,True,1.0000000000,4.0000000000,-0.0320000000,0.0000000000,0.0000000000,0.6032770000,-0.5796946000,0.5477328000,True,1.0000000000,4.0000000000,0.0320000000,0.0000000000,0.0000000000,0.5848292000,-0.5895978000,0.5570900000,0.0000000000,0.0000000000,0.0000000000,0.5940921000,-0.5846847000,0.5524477000,2.2446500000,
33.02382,35171,True,1.0000000000,4.0000000000,-0.0320000000,0.0000000000,0.0000000000,0.6034603000,-0.5795903000,0.5476410000,True,1.0000000000,4.0000000000,0.0320000000,0.0000000000,0.0000000000,0.5846422000,-0.5896924000,0.5571861000,0.0000000000,0.0000000000,0.0000000000,0.5940919000,-0.5846814000,0.5524514000,2.2004590000,
33.03492,35182,True,1.0000000000,4.0000000000,-0.0320000000,0.0000000000,0.0000000000,0.6035517000,-0.5795409000,0.5475928000,True,1.0000000000,4.0000000000,0.0320000000,0.0000000000,0.0000000000,0.5845453000,-0.5897440000,0.5572333000,0.0000000000,0.0000000000,0.0000000000,0.5940899000,-0.5846832000,0.5524516000,2.1786710000,
33.0457,35193,True,1.0000000000,4.0000000000,-0.0320000000,0.0000000000,0.0000000000,0.6036381000,-0.5794937000,0.5475473000,True,1.0000000000,4.0000000000,0.0320000000,0.0000000000,0.0000000000,0.5844527000,-0.5897929000,0.5572786000,0.0000000000,0.0000000000,0.0000000000,0.5940877000,-0.5846849000,0.5524523000,2.1583490000,
33.05694,35204,True,1.0000000000,4.0000000000,-0.0320000000,0.0000000000,0.0000000000,0.6037119000,-0.5794546000,0.5475073000,True,1.0000000000,4.0000000000,0.0320000000,0.0000000000,0.0000000000,0.5843721000,-0.5898366000,0.5573169000,0.0000000000,0.0000000000,0.0000000000,0.5940849000,-0.5846879000,0.5524520000,2.1411240000,
33.06829,35215,True,1.0000000000,4.0000000000,-0.0320000000,0.0000000000,0.0000000000,0.6037806000,-0.5794132000,0.5474755000,True,1.0000000000,4.0000000000,0.0320000000,0.0000000000,0.0000000000,0.5843071000,-0.5898668000,0.5573529000,0.0000000000,0.0000000000,0.0000000000,0.5940874000,-0.5846829000,0.5524547000,2.1264210000,
33.09013,35237,True,1.0000000000,4.0000000000,-0.0320000000,0.0000000000,0.0000000000,0.6038424000,-0.5793822000,0.5474400000,True,1.0000000000,4.0000000000,0.0320000000,0.0000000000,0.0000000000,0.5842367000,-0.5899069000,0.5573844000,0.0000000000,0.0000000000,0.0000000000,0.5940837000,-0.5846880000,0.5524532000,2.1120850000,
33.10149,35249,True,1.0000000000,4.0000000000,-0.0320000000,0.0000000000,0.0000000000,0.6039745000,-0.5793091000,0.5473717000,True,1.0000000000,4.0000000000,0.0320000000,0.0000000000,0.0000000000,0.5840970000,-0.5899796000,0.5574540000,0.0000000000,0.0000000000,0.0000000000,0.5940811000,-0.5846890000,0.5524550000,2.0832090000,
33.11214,35259,True,1.0000000000,4.0000000000,-0.0320000000,0.0000000000,0.0000000000,0.6040525000,-0.5792664000,0.5473310000,True,1.0000000000,4.0000000000,0.0320000000,0.0000000000,0.0000000000,0.5840151000,-0.5900226000,0.5574942000,0.0000000000,0.0000000000,0.0000000000,0.5940799000,-0.5846899000,0.5524554000,2.0666030000,
33.12336,35270,True,1.0000000000,4.0000000000,-0.0320000000,0.0000000000,0.0000000000,0.6041380000,-0.5792202000,0.5472854000,True,1.0000000000,4.0000000000,0.0320000000,0.0000000000,0.0000000000,0.5839208000,-0.5900729000,0.5575398000,0.0000000000,0.0000000000,0.0000000000,0.5940762000,-0.5846928000,0.5524562000,2.0482260000,
33.13456,35281,True,1.0000000000,4.0000000000,-0.0320000000,0.0000000000,0.0000000000,0.6042175000,-0.5791755000,0.5472450000,True,1.0000000000,4.0000000000,0.0320000000,0.0000000000,0.0000000000,0.5838389000,-0.5901147000,0.5575811000,0.0000000000,0.0000000000,0.0000000000,0.5940759000,-0.5846921000,0.5524573000,2.0320170000,
33.14587,35300,True,1.0000000000,4.0000000000,-0.0320000000,0.0000000000,0.0000000000,0.6042816000,-0.5791405000,0.5472111000,True,1.0000000000,4.0000000000,0.0320000000,0.0000000000,0.0000000000,0.5837715000,-0.5901504000,0.5576140000,0.0000000000,0.0000000000,0.0000000000,0.5940748000,-0.5846930000,0.5524574000,2.0189670000,
33.15917,35306,True,1.0000000000,4.0000000000,-0.0320000000,0.0000000000,0.0000000000,0.6043152000,-0.5791221000,0.5471936000,True,1.0000000000,4.0000000000,0.0320000000,0.0000000000,0.0000000000,0.5837349000,-0.5901695000,0.5576320000,0.0000000000,0.0000000000,0.0000000000,0.5940736000,-0.5846937000,0.5524580000,2.0120980000,
33.16905,35316,True,1.0000000000,4.0000000000,-0.0320000000,0.0000000000,0.0000000000,0.6043410000,-0.5791069000,0.5471812000,True,1.0000000000,4.0000000000,0.0320000000,0.0000000000,0.0000000000,0.5837092000,-0.5901819000,0.5576458000,0.0000000000,0.0000000000,0.0000000000,0.5940740000,-0.5846925000,0.5524589000,2.0070730000,
33.17924,35326,True,1.0000000000,4.0000000000,-0.0320000000,0.0000000000,0.0000000000,0.6043513000,-0.5791009000,0.5471761000,True,1.0000000000,4.0000000000,0.0320000000,0.0000000000,0.0000000000,0.5836989000,-0.5901871000,0.5576512000,0.0000000000,0.0000000000,0.0000000000,0.5940741000,-0.5846921000,0.5524591000,2.0050790000,
33.19034,35337,True,1.0000000000,4.0000000000,-0.0320000000,0.0000000000,0.0000000000,0.6043642000,-0.5790918000,0.5471715000,True,1.0000000000,4.0000000000,0.0320000000,0.0000000000,0.0000000000,0.5836889000,-0.5901903000,0.5576583000,0.0000000000,0.0000000000,0.0000000000,0.5940756000,-0.5846893000,0.5524605000,2.0028440000,
33.20144,35349,True,1.0000000000,4.0000000000,-0.0320000000,0.0000000000,0.0000000000,0.6110149000,-0.5753959000,0.5436730000,True,1.0000000000,4.0000000000,0.0320000000,0.0000000000,0.0000000000,0.5765078000,-0.5939109000,0.5611672000,0.0000000000,0.0000000000,0.0000000000,0.5938979000,-0.5847878000,0.5525472000,1.2002390000,
33.21293,35360,True,1.0000000000,4.0000000000,-0.0320000000,0.0000000000,0.0000000000,0.6114239000,-0.5751652000,0.5434573000,True,1.0000000000,4.0000000000,0.0320000000,0.0000000000,0.0000000000,0.5760601000,-0.5941391000,0.5613853000,0.0000000000,0.0000000000,0.0000000000,0.5938855000,-0.5847934000,0.5525548000,1.1711770000,
33.22348,35370,True,1.0000000000,4.0000000000,-0.0320000000,0.0000000000,0.0000000000,0.6115500000,-0.5750942000,0.5433906000,True,1.0000000000,4.0000000000,0.0320000000,0.0000000000,0.0000000000,0.5759214000,-0.5942100000,0.5614527000,0.0000000000,0.0000000000,0.0000000000,0.5938813000,-0.5847954000,0.5525571000,1.1624740000,
33.23454,35381,True,1.0000000000,4.0000000000,-0.0320000000,0.0000000000,0.0000000000,0.6113942000,-0.5751830000,0.5434719000,True,1.0000000000,4.0000000000,0.0320000000,0.0000000000,0.0000000000,0.5760900000,-0.5941250000,0.5613696000,0.0000000000,0.0000000000,0.0000000000,0.5938851000,-0.5847948000,0.5525538000,1.1731530000,
33.24578,35393,True,1.0000000000,4.0000000000,-0.0320000000,0.0000000000,0.0000000000,0.6110802000,-0.5753580000,0.5436398000,True,1.0000000000,4.0000000000,0.0320000000,0.0000000000,0.0000000000,0.5764380000,-0.5939453000,0.5612024000,0.0000000000,0.0000000000,0.0000000000,0.5938967000,-0.5847872000,0.5525492000,1.1955590000,
33.25696,35404,True,1.0000000000,4.0000000000,-0.0320000000,0.0000000000,0.0000000000,0.6046728000,-0.5789226000,0.5470094000,True,1.0000000000,4.0000000000,0.0320000000,0.0000000000,0.0000000000,0.5833606000,-0.5903629000,0.5578191000,0.0000000000,0.0000000000,0.0000000000,0.5940688000,-0.5846941000,0.5524627000,1.9429900000,
33.26824,35415,True,1.0000000000,4.0000000000,-0.0320000000,0.0000000000,0.0000000000,0.6047488000,-0.5788797000,0.5469708000,True,1.0000000000,4.0000000000,0.0320000000,0.0000000000,0.0000000000,0.5832829000,-0.5904025000,0.5578585000,0.0000000000,0.0000000000,0.0000000000,0.5940687000,-0.5846931000,0.5524638000,1.9290810000,
33.27907,35426,True,1.0000000000,4.0000000000,-0.0320000000,0.0000000000,0.0000000000,0.6048258000,-0.5788387000,0.5469292000,True,1.0000000000,4.0000000000,0.0320000000,0.0000000000,0.0000000000,0.5831981000,-0.5904482000,0.5578987000,0.0000000000,0.0000000000,0.0000000000,0.5940656000,-0.5846963000,0.5524639000,1.9146600000,
33.29015,35437,True,1.0000000000,4.0000000000,-0.0320000000,0.0000000000,0.0000000000,0.6049183000,-0.5787878000,0.5468807000,True,1.0000000000,4.0000000000,0.0320000000,0.0000000000,0.0000000000,0.5830995000,-0.5904998000,0.5579470000,0.0000000000,0.0000000000,0.0000000000,0.5940636000,-0.5846975000,0.5524647000,1.8979000000,
33.30119,35449,True,1.0000000000,4.0000000000,-0.0320000000,0.0000000000,0.0000000000,0.6050152000,-0.5787337000,0.5468308000,True,1.0000000000,4.0000000000,0.0320000000,0.0000000000,0.0000000000,0.5829964000,-0.5905530000,0.5579985000,0.0000000000,0.0000000000,0.0000000000,0.5940614000,-0.5846981000,0.5524664000,1.8806650000,
33.31338,35460,True,1.0000000000,4.0000000000,-0.0320000000,0.0000000000,0.0000000000,0.6051085000,-0.5786846000,0.5467795000,True,1.0000000000,4.0000000000,0.0320000000,0.0000000000,0.0000000000,0.5828934000,-0.5906092000,0.5580467000,0.0000000000,0.0000000000,0.0000000000,0.5940576000,-0.5847027000,0.5524658000,1.8640540000,
33.32372,35471,True,1.0000000000,4.0000000000,-0.0320000000,0.0000000000,0.0000000000,0.6051995000,-0.5786321000,0.5467345000,True,1.0000000000,4.0000000000,0.0320000000,0.0000000000,0.0000000000,0.5828012000,-0.5906549000,0.5580946000,0.0000000000,0.0000000000,0.0000000000,0.5940579000,-0.5847002000,0.5524681000,1.8488050000,
33.33489,35482,True,1.0000000000,4.0000000000,-0.0320000000,0.0000000000,0.0000000000,0.6052788000,-0.5785885000,0.5466926000,True,1.0000000000,4.0000000000,0.0320000000,0.0000000000,0.0000000000,0.5827155000,-0.5907000000,0.5581363000,0.0000000000,0.0000000000,0.0000000000,0.5940556000,-0.5847018000,0.5524688000,1.8352870000,
33.34568,35493,True,1.0000000000,4.0000000000,-0.0320000000,0.0000000000,0.0000000000,0.6053544000,-0.5785487000,0.5466512000,True,1.0000000000,4.0000000000,0.0320000000,0.0000000000,0.0000000000,0.5826311000,-0.5907459000,0.5581759000,0.0000000000,0.0000000000,0.0000000000,0.5940520000,-0.5847057000,0.5524687000,1.8223750000,
33.3568,35503,True,1.0000000000,4.0000000000,-0.0320000000,0.0000000000,0.0000000000,0.6054389000,-0.5784996000,0.5466095000,True,1.0000000000,4.0000000000,0.0320000000,0.0000000000,0.0000000000,0.5825456000,-0.5907880000,0.5582206000,0.0000000000,0.0000000000,0.0000000000,0.5940524000,-0.5847030000,0.5524710000,1.8088380000,
33.37438,35521,True,1.0000000000,4.0000000000,-0.0320000000,0.0000000000,0.0000000000,0.6055338000,-0.5784490000,0.5465580000,True,1.0000000000,4.0000000000,0.0320000000,0.0000000000,0.0000000000,0.5824422000,-0.5908439000,0.5582694000,0.0000000000,0.0000000000,0.0000000000,0.5940492000,-0.5847066000,0.5524706000,1.7933100000,
33.38626,35533,True,1.0000000000,4.0000000000,-0.0320000000,0.0000000000,0.0000000000,0.6056313000,-0.5783936000,0.5465086000,True,1.0000000000,4.0000000000,0.0320000000,0.0000000000,0.0000000000,0.5823427000,-0.5908940000,0.5583200000,0.0000000000,0.0000000000,0.0000000000,0.5940492000,-0.5847051000,0.5524722000,1.7781360000,
33.4016,35549,True,1.0000000000,4.0000000000,-0.0320000000,0.0000000000,0.0000000000,0.6058198000,-0.5782907000,0.5464085000,True,1.0000000000,4.0000000000,0.0320000000,0.0000000000,0.0000000000,0.5821354000,-0.5910034000,0.5584203000,0.0000000000,0.0000000000,0.0000000000,0.5940420000,-0.5847104000,0.5524743000,1.7484460000,
33.41252,35559,True,1.0000000000,4.0000000000,-0.0320000000,0.0000000000,0.0000000000,0.6059161000,-0.5782357000,0.5463600000,True,1.0000000000,4.0000000000,0.0320000000,0.0000000000,0.0000000000,0.5820360000,-0.5910534000,0.5584711000,0.0000000000,0.0000000000,0.0000000000,0.5940415000,-0.5847090000,0.5524764000,1.7341180000,
33.42315,35570,True,1.0000000000,4.0000000000,-0.0320000000,0.0000000000,0.0000000000,0.6060201000,-0.5781782000,0.5463055000,True,1.0000000000,4.0000000000,0.0320000000,0.0000000000,0.0000000000,0.5819271000,-0.5911101000,0.5585245000,0.0000000000,0.0000000000,0.0000000000,0.5940402000,-0.5847097000,0.5524769000,1.7187880000,
33.43467,35582,True,1.0000000000,4.0000000000,-0.0320000000,0.0000000000,0.0000000000,0.6061275000,-0.5781198000,0.5462481000,True,1.0000000000,4.0000000000,0.0320000000,0.0000000000,0.0000000000,0.5818093000,-0.5911725000,0.5585812000,0.0000000000,0.0000000000,0.0000000000,0.5940363000,-0.5847129000,0.5524778000,1.7028850000,
33.44695,35594,True,1.0000000000,4.0000000000,-0.0320000000,0.0000000000,0.0000000000,0.6062243000,-0.5780651000,0.5461985000,True,1.0000000000,4.0000000000,0.0320000000,0.0000000000,0.0000000000,0.5817057000,-0.5912254000,0.5586331000,0.0000000000,0.0000000000,0.0000000000,0.5940340000,-0.5847132000,0.5524800000,1.6889650000,
33.45678,35603,True,1.0000000000,4.0000000000,-0.0320000000,0.0000000000,0.0000000000,0.6063246000,-0.5780110000,0.5461445000,True,1.0000000000,4.0000000000,0.0320000000,0.0000000000,0.0000000000,0.5815959000,-0.5912839000,0.5586857000,0.0000000000,0.0000000000,0.0000000000,0.5940305000,-0.5847165000,0.5524803000,1.6746240000,
33.46805,35615,True,1.0000000000,4.0000000000,-0.0320000000,0.0000000000,0.0000000000,0.6064224000,-0.5779553000,0.5460948000,True,1.0000000000,4.0000000000,0.0320000000,0.0000000000,0.0000000000,0.5814937000,-0.5913354000,0.5587373000,0.0000000000,0.0000000000,0.0000000000,0.5940294000,-0.5847155000,0.5524824000,1.6611900000,
33.47903,35626,True,1.0000000000,4.0000000000,-0.0320000000,0.0000000000,0.0000000000,0.6065097000,-0.5779072000,0.5460488000,True,1.0000000000,4.0000000000,0.0320000000,0.0000000000,0.0000000000,0.5813995000,-0.5913848000,0.5587833000,0.0000000000,0.0000000000,0.0000000000,0.5940269000,-0.5847172000,0.5524833000,1.6491840000,
33.48998,35637,True,1.0000000000,4.0000000000,-0.0320000000,0.0000000000,0.0000000000,0.6065894000,-0.5778629000,0.5460072000,True,1.0000000000,4.0000000000,0.0320000000,0.0000000000,0.0000000000,0.5813150000,-0.5914285000,0.5588249000,0.0000000000,0.0000000000,0.0000000000,0.5940255000,-0.5847179000,0.5524842000,1.6384740000,
33.50131,35648,True,1.0000000000,4.0000000000,-0.0320000000,0.0000000000,0.0000000000,0.6066668000,-0.5778215000,0.5459650000,True,1.0000000000,4.0000000000,0.0320000000,0.0000000000,0.0000000000,0.5812271000,-0.5914757000,0.5588663000,0.0000000000,0.0000000000,0.0000000000,0.5940212000,-0.5847217000,0.5524847000,1.6278390000,
33.52096,35668,True,1.0000000000,4.0000000000,-0.0320000000,0.0000000000,0.0000000000,0.6067447000,-0.5777764000,0.5459261000,True,1.0000000000,4.0000000000,0.0320000000,0.0000000000,0.0000000000,0.5811498000,-0.5915139000,0.5589063000,0.0000000000,0.0000000000,0.0000000000,0.5940224000,-0.5847191000,0.5524861000,1.6179590000,
33.53448,35681,True,1.0000000000,4.0000000000,-0.0320000000,0.0000000000,0.0000000000,0.6069138000,-0.5776827000,0.5458373000,True,1.0000000000,4.0000000000,0.0320000000,0.0000000000,0.0000000000,0.5809684000,-0.5916081000,0.5589952000,0.0000000000,0.0000000000,0.0000000000,0.5940183000,-0.5847214000,0.5524881000,1.5961080000,
33.54549,35692,True,1.0000000000,4.0000000000,-0.0320000000,0.0000000000,0.0000000000,0.6069920000,-0.5776402000,0.5457953000,True,1.0000000000,4.0000000000,0.0320000000,0.0000000000,0.0000000000,0.5808806000,-0.5916547000,0.5590371000,0.0000000000,0.0000000000,0.0000000000,0.5940146000,-0.5847244000,0.5524890000,1.5859720000,
33.55664,35703,True,1.0000000000,4.0000000000,-0.0320000000,0.0000000000,0.0000000000,0.6070760000,-0.5775928000,0.5457521000,True,1.0000000000,4.0000000000,0.0320000000,0.0000000000,0.0000000000,0.5807992000,-0.5916960000,0.5590779000,0.0000000000,0.0000000000,0.0000000000,0.5940168000,-0.5847225000,0.5524887000,1.5759820000,
33.56754,35715,True,1.0000000000,4.0000000000,-0.0320000000,0.0000000000,0.0000000000,0.6071506000,-0.5775520000,0.5457124000,True,1.0000000000,4.0000000000,0.0320000000,0.0000000000,0.0000000000,0.5807090000,-0.5917434000,0.5591214000,0.0000000000,0.0000000000,0.0000000000,0.5940101000,-0.5847267000,0.5524914000,1.5661760000,
33.57885,35726,True,1.0000000000,4.0000000000,-0.0320000000,0.0000000000,0.0000000000,0.6072294000,-0.5775078000,0.5456713000,True,1.0000000000,4.0000000000,0.0320000000,0.0000000000,0.0000000000,0.5806265000,-0.5917858000,0.5591623000,0.0000000000,0.0000000000,0.0000000000,0.5940091000,-0.5847268000,0.5524923000,1.5566770000,
33.59012,35737,True,1.0000000000,4.0000000000,-0.0320000000,0.0000000000,0.0000000000,0.6073078000,-0.5774640000,0.5456304000,True,1.0000000000,4.0000000000,0.0320000000,0.0000000000,0.0000000000,0.5805461000,-0.5918272000,0.5592018000,0.0000000000,0.0000000000,0.0000000000,0.5940092000,-0.5847265000,0.5524926000,1.5474400000,
33.60136,35749,True,1.0000000000,4.0000000000,-0.0320000000,0.0000000000,0.0000000000,0.6073855000,-0.5774217000,0.5455889000,True,1.0000000000,4.0000000000,0.0320000000,0.0000000000,0.0000000000,0.5804551000,-0.5918753000,0.5592456000,0.0000000000,0.0000000000,0.0000000000,0.5940035000,-0.5847304000,0.5524946000,1.5377560000,
33.61228,35759,True,1.0000000000,4.0000000000,-0.0320000000,0.0000000000,0.0000000000,0.6074620000,-0.5773789000,0.5455488000,True,1.0000000000,4.0000000000,0.0320000000,0.0000000000,0.0000000000,0.5803756000,-0.5919163000,0.5592847000,0.0000000000,0.0000000000,0.0000000000,0.5940030000,-0.5847304000,0.5524951000,1.5288990000,
33.62321,35770,True,1.0000000000,4.0000000000,-0.0320000000,0.0000000000,0.0000000000,0.6075360000,-0.5773376000,0.5455101000,True,1.0000000000,4.0000000000,0.0320000000,0.0000000000,0.0000000000,0.5802971000,-0.5919568000,0.5593232000,0.0000000000,0.0000000000,0.0000000000,0.5940017000,-0.5847310000,0.5524958000,1.5203450000,
33.63427,35781,True,1.0000000000,4.0000000000,-0.0320000000,0.0000000000,0.0000000000,0.6076022000,-0.5773008000,0.5454754000,True,1.0000000000,4.0000000000,0.0320000000,0.0000000000,0.0000000000,0.5802255000,-0.5919937000,0.5593584000,0.0000000000,0.0000000000,0.0000000000,0.5939999000,-0.5847319000,0.5524969000,1.5126910000,
33.64528,35792,True,1.0000000000,4.0000000000,-0.0320000000,0.0000000000,0.0000000000,0.6076623000,-0.5772681000,0.5454431000,True,1.0000000000,4.0000000000,0.0320000000,0.0000000000,0.0000000000,0.5801591000,-0.5920289000,0.5593901000,0.0000000000,0.0000000000,0.0000000000,0.5939974000,-0.5847339000,0.5524973000,1.5057340000,
33.65679,35803,True,1.0000000000,4.0000000000,-0.0320000000,0.0000000000,0.0000000000,0.6077159000,-0.5772374000,0.5454159000,True,1.0000000000,4.0000000000,0.0320000000,0.0000000000,0.0000000000,0.5801037000,-0.5920566000,0.5594182000,0.0000000000,0.0000000000,0.0000000000,0.5939972000,-0.5847331000,0.5524984000,1.4997970000,
33.66814,35815,True,1.0000000000,4.0000000000,-0.0320000000,0.0000000000,0.0000000000,0.6077651000,-0.5772103000,0.5453897000,True,1.0000000000,4.0000000000,0.0320000000,0.0000000000,0.0000000000,0.5800477000,-0.5920860000,0.5594453000,0.0000000000,0.0000000000,0.0000000000,0.5939945000,-0.5847349000,0.5524995000,1.4941050000,
33.67897,35826,True,1.0000000000,4.0000000000,-0.0320000000,0.0000000000,0.0000000000,0.6078132000,-0.5771835000,0.5453644000,True,1.0000000000,4.0000000000,0.0320000000,0.0000000000,0.0000000000,0.5799955000,-0.5921129000,0.5594708000,0.0000000000,0.0000000000,0.0000000000,0.5939931000,-0.5847356000,0.5525002000,1.4887230000,
33.68958,35836,True,1.0000000000,4.0000000000,-0.0320000000,0.0000000000,0.0000000000,0.6078564000,-0.5771592000,0.5453420000,True,1.0000000000,4.0000000000,0.0320000000,0.0000000000,0.0000000000,0.5799499000,-0.5921361000,0.5594934000,0.0000000000,0.0000000000,0.0000000000,0.5939925000,-0.5847356000,0.5525008000,1.4839880000,
33.70149,35852,True,1.0000000000,4.0000000000,-0.0320000000,0.0000000000,0.0000000000,0.6078916000,-0.5771402000,0.5453229000,True,1.0000000000,4.0000000000,0.0320000000,0.0000000000,0.0000000000,0.5799114000,-0.5921567000,0.5595116000,0.0000000000,0.0000000000,0.0000000000,0.5939913000,-0.5847369000,0.5525008000,1.4800780000,
33.7122,35859,True,1.0000000000,4.0000000000,-0.0320000000,0.0000000000,0.0000000000,0.6079248000,-0.5771216000,0.5453055000,True,1.0000000000,4.0000000000,0.0320000000,0.0000000000,0.0000000000,0.5798807000,-0.5921725000,0.5595266000,0.0000000000,0.0000000000,0.0000000000,0.5939930000,-0.5847359000,0.5525000000,1.4766980000,
33.72318,35870,True,1.0000000000,4.0000000000,-0.0320000000,0.0000000000,0.0000000000,0.6079450000,-0.5771101000,0.5452952000,True,1.0000000000,4.0000000000,0.0320000000,0.0000000000,0.0000000000,0.5798558000,-0.5921851000,0.5595392000,0.0000000000,0.0000000000,0.0000000000,0.5939909000,-0.5847367000,0.5525014000,1.4743340000,
33.73433,35881,True,1.0000000000,4.0000000000,-0.0320000000,0.0000000000,0.0000000000,0.6079627000,-0.5771007000,0.5452855000,True,1.0000000000,4.0000000000,0.0320000000,0.0000000000,0.0000000000,0.5798352000,-0.5921962000,0.5595487000,0.0000000000,0.0000000000,0.0000000000,0.5939897000,-0.5847378000,0.5525015000,1.4723320000,
33.74537,35892,True,1.0000000000,4.0000000000,-0.0320000000,0.0000000000,0.0000000000,0.6079776000,-0.5770925000,0.5452774000,True,1.0000000000,4.0000000000,0.0320000000,0.0000000000,0.0000000000,0.5798212000,-0.5922036000,0.5595554000,0.0000000000,0.0000000000,0.0000000000,0.5939903000,-0.5847376000,0.5525010000,1.4708140000,
33.75639,35903,True,1.0000000000,4.0000000000,-0.0320000000,0.0000000000,0.0000000000,0.6079949000,-0.5770820000,0.5452693000,True,1.0000000000,4.0000000000,0.0320000000,0.0000000000,0.0000000000,0.5798059000,-0.5922107000,0.5595639000,0.0000000000,0.0000000000,0.0000000000,0.5939915000,-0.5847361000,0.5525014000,1.4691100000,
33.76749,35915,True,1.0000000000,4.0000000000,-0.0320000000,0.0000000000,0.0000000000,0.6080063000,-0.5770757000,0.5452632000,True,1.0000000000,4.0000000000,0.0320000000,0.0000000000,0.0000000000,0.5797918000,-0.5922180000,0.5595707000,0.0000000000,0.0000000000,0.0000000000,0.5939904000,-0.5847368000,0.5525019000,1.4677890000,
33.77868,35926,True,1.0000000000,4.0000000000,-0.0320000000,0.0000000000,0.0000000000,0.6080149000,-0.5770717000,0.5452579000,True,1.0000000000,4.0000000000,0.0320000000,0.0000000000,0.0000000000,0.5797771000,-0.5922263000,0.5595771000,0.0000000000,0.0000000000,0.0000000000,0.5939875000,-0.5847390000,0.5525026000,1.4665800000,
33.78969,35937,True,1.0000000000,4.0000000000,-0.0320000000,0.0000000000,0.0000000000,0.6080259000,-0.5770649000,0.5452528000,True,1.0000000000,4.0000000000,0.0320000000,0.0000000000,0.0000000000,0.5797740000,-0.5922273000,0.5595793000,0.0000000000,0.0000000000,0.0000000000,0.5939915000,-0.5847362000,0.5525013000,1.4658380000,
33.80068,35948,True,1.0000000000,4.0000000000,-0.0320000000,0.0000000000,0.0000000000,0.6080278000,-0.5770643000,0.5452513000,True,1.0000000000,4.0000000000,0.0320000000,0.0000000000,0.0000000000,0.5797665000,-0.5922316000,0.5595824000,0.0000000000,0.0000000000,0.0000000000,0.5939888000,-0.5847382000,0.5525022000,1.4653580000,
33.81214,35959,True,1.0000000000,4.0000000000,-0.0320000000,0.0000000000,0.0000000000,0.6080258000,-0.5770654000,0.5452524000,True,1.0000000000,4.0000000000,0.0320000000,0.0000000000,0.0000000000,0.5797738000,-0.5922278000,0.5595790000,0.0000000000,0.0000000000,0.0000000000,0.5939914000,-0.5847368000,0.5525008000,1.4658380000,
33.82297,35970,True,1.0000000000,4.0000000000,-0.0320000000,0.0000000000,0.0000000000,0.6080203000,-0.5770680000,0.5452558000,True,1.0000000000,4.0000000000,0.0320000000,0.0000000000,0.0000000000,0.5797729000,-0.5922278000,0.5595798000,0.0000000000,0.0000000000,0.0000000000,0.5939882000,-0.5847380000,0.5525030000,1.4660870000,
33.83438,35981,True,1.0000000000,4.0000000000,-0.0320000000,0.0000000000,0.0000000000,0.6080093000,-0.5770744000,0.5452613000,True,1.0000000000,4.0000000000,0.0320000000,0.0000000000,0.0000000000,0.5797849000,-0.5922219000,0.5595737000,0.0000000000,0.0000000000,0.0000000000,0.5939885000,-0.5847381000,0.5525025000,1.4672760000,
33.84532,35992,True,1.0000000000,4.0000000000,-0.0320000000,0.0000000000,0.0000000000,0.6079993000,-0.5770805000,0.5452659000,True,1.0000000000,4.0000000000,0.0320000000,0.0000000000,0.0000000000,0.5797935000,-0.5922180000,0.5595689000,0.0000000000,0.0000000000,0.0000000000,0.5939877000,-0.5847391000,0.5525023000,1.4682420000,
33.85655,36003,True,1.0000000000,4.0000000000,-0.0320000000,0.0000000000,0.0000000000,0.6079871000,-0.5770862000,0.5452735000,True,1.0000000000,4.0000000000,0.0320000000,0.0000000000,0.0000000000,0.5798110000,-0.5922078000,0.5595616000,0.0000000000,0.0000000000,0.0000000000,0.5939901000,-0.5847366000,0.5525023000,1.4697870000,
33.86744,36014,True,1.0000000000,4.0000000000,-0.0320000000,0.0000000000,0.0000000000,0.6079702000,-0.5770956000,0.5452824000,True,1.0000000000,4.0000000000,0.0320000000,0.0000000000,0.0000000000,0.5798330000,-0.5921965000,0.5595508000,0.0000000000,0.0000000000,0.0000000000,0.5939924000,-0.5847355000,0.5525011000,1.4718080000,
33.87874,36027,True,1.0000000000,4.0000000000,-0.0320000000,0.0000000000,0.0000000000,0.6079473000,-0.5771092000,0.5452935000,True,1.0000000000,4.0000000000,0.0320000000,0.0000000000,0.0000000000,0.5798524000,-0.5921873000,0.5595403000,0.0000000000,0.0000000000,0.0000000000,0.5939904000,-0.5847374000,0.5525011000,1.4740340000,
33.89013,36037,True,1.0000000000,4.0000000000,-0.0320000000,0.0000000000,0.0000000000,0.6079193000,-0.5771242000,0.5453089000,True,1.0000000000,4.0000000000,0.0320000000,0.0000000000,0.0000000000,0.5798817000,-0.5921715000,0.5595267000,0.0000000000,0.0000000000,0.0000000000,0.5939906000,-0.5847367000,0.5525017000,1.4770490000,
33.90118,36048,True,1.0000000000,4.0000000000,-0.0320000000,0.0000000000,0.0000000000,0.6078900000,-0.5771409000,0.5453240000,True,1.0000000000,4.0000000000,0.0320000000,0.0000000000,0.0000000000,0.5799131000,-0.5921556000,0.5595109000,0.0000000000,0.0000000000,0.0000000000,0.5939913000,-0.5847366000,0.5525010000,1.4802580000,
33.91208,36059,True,1.0000000000,4.0000000000,-0.0320000000,0.0000000000,0.0000000000,0.6078601000,-0.5771571000,0.5453401000,True,1.0000000000,4.0000000000,0.0320000000,0.0000000000,0.0000000000,0.5799515000,-0.5921353000,0.5594926000,0.0000000000,0.0000000000,0.0000000000,0.5939952000,-0.5847341000,0.5524995000,1.4838730000,
33.92364,36071,True,1.0000000000,4.0000000000,-0.0320000000,0.0000000000,0.0000000000,0.6078247000,-0.5771778000,0.5453576000,True,1.0000000000,4.0000000000,0.0320000000,0.0000000000,0.0000000000,0.5799826000,-0.5921202000,0.5594763000,0.0000000000,0.0000000000,0.0000000000,0.5939927000,-0.5847366000,0.5524997000,1.4874180000,
33.93442,36081,True,1.0000000000,4.0000000000,-0.0320000000,0.0000000000,0.0000000000,0.6077926000,-0.5771950000,0.5453752000,True,1.0000000000,4.0000000000,0.0320000000,0.0000000000,0.0000000000,0.5800189000,-0.5921009000,0.5594593000,0.0000000000,0.0000000000,0.0000000000,0.5939942000,-0.5847350000,0.5524996000,1.4910820000,
33.94556,36093,True,1.0000000000,4.0000000000,-0.0320000000,0.0000000000,0.0000000000,0.6077642000,-0.5772101000,0.5453907000,True,1.0000000000,4.0000000000,0.0320000000,0.0000000000,0.0000000000,0.5800556000,-0.5920812000,0.5594420000,0.0000000000,0.0000000000,0.0000000000,0.5939980000,-0.5847324000,0.5524983000,1.4945650000,
33.96304,36110,True,1.0000000000,4.0000000000,-0.0320000000,0.0000000000,0.0000000000,0.6077217000,-0.5772340000,0.5454130000,True,1.0000000000,4.0000000000,0.0320000000,0.0000000000,0.0000000000,0.5800971000,-0.5920599000,0.5594215000,0.0000000000,0.0000000000,0.0000000000,0.5939969000,-0.5847331000,0.5524987000,1.4991250000,
33.97888,36126,True,1.0000000000,4.0000000000,-0.0320000000,0.0000000000,0.0000000000,0.6076420000,-0.5772790000,0.5454541000,True,1.0000000000,4.0000000000,0.0320000000,0.0000000000,0.0000000000,0.5801860000,-0.5920146000,0.5593774000,0.0000000000,0.0000000000,0.0000000000,0.5940005000,-0.5847319000,0.5524962000,1.5083180000,
33.99045,36138,True,1.0000000000,4.0000000000,-0.0320000000,0.0000000000,0.0000000000,0.6075897000,-0.5773077000,0.5454821000,True,1.0000000000,4.0000000000,0.0320000000,0.0000000000,0.0000000000,0.5802400000,-0.5919862000,0.5593514000,0.0000000000,0.0000000000,0.0000000000,0.5940006000,-0.5847314000,0.5524966000,1.5141900000,
34.00633,36154,True,1.0000000000,4.0000000000,-0.0320000000,0.0000000000,0.0000000000,0.6075370000,-0.5773376000,0.5455090000,True,1.0000000000,4.0000000000,0.0320000000,0.0000000000,0.0000000000,0.5802942000,-0.5919588000,0.5593241000,0.0000000000,0.0000000000,0.0000000000,0.5940008000,-0.5847320000,0.5524958000,1.5201250000,
34.02327,36170,True,1.0000000000,4.0000000000,-0.0320000000,0.0000000000,0.0000000000,0.6074332000,-0.5773939000,0.5455651000,True,1.0000000000,4.0000000000,0.0320000000,0.0000000000,0.0000000000,0.5804077000,-0.5918986000,0.5592701000,0.0000000000,0.0000000000,0.0000000000,0.5940043000,-0.5847287000,0.5524956000,1.5323430000,
34.03448,36181,True,1.0000000000,4.0000000000,-0.0320000000,0.0000000000,0.0000000000,0.6073769000,-0.5774260000,0.5455937000,True,1.0000000000,4.0000000000,0.0320000000,0.0000000000,0.0000000000,0.5804683000,-0.5918680000,0.5592396000,0.0000000000,0.0000000000,0.0000000000,0.5940057000,-0.5847288000,0.5524939000,1.5389950000,
34.04596,36193,True,1.0000000000,4.0000000000,-0.0320000000,0.0000000000,0.0000000000,0.6073167000,-0.5774601000,0.5456247000,True,1.0000000000,4.0000000000,0.0320000000,0.0000000000,0.0000000000,0.5805315000,-0.5918359000,0.5592079000,0.0000000000,0.0000000000,0.0000000000,0.5940064000,-0.5847291000,0.5524929000,1.5460870000,
34.05645,36203,True,1.0000000000,4.0000000000,-0.0320000000,0.0000000000,0.0000000000,0.6072550000,-0.5774933000,0.5456583000,True,1.0000000000,4.0000000000,0.0320000000,0.0000000000,0.0000000000,0.5806019000,-0.5917983000,0.5591747000,0.0000000000,0.0000000000,0.0000000000,0.5940099000,-0.5847260000,0.5524923000,1.5537350000,
34.06785,36215,True,1.0000000000,4.0000000000,-0.0320000000,0.0000000000,0.0000000000,0.6071880000,-0.5775311000,0.5456929000,True,1.0000000000,4.0000000000,0.0320000000,0.0000000000,0.0000000000,0.5806713000,-0.5917628000,0.5591400000,0.0000000000,0.0000000000,0.0000000000,0.5940104000,-0.5847264000,0.5524915000,1.5617410000,
34.09094,36238,True,1.0000000000,4.0000000000,-0.0320000000,0.0000000000,0.0000000000,0.6071074000,-0.5775757000,0.5457352000,True,1.0000000000,4.0000000000,0.0320000000,0.0000000000,0.0000000000,0.5807593000,-0.5917171000,0.5590971000,0.0000000000,0.0000000000,0.0000000000,0.5940130000,-0.5847249000,0.5524902000,1.5717250000,
34.10329,36250,True,1.0000000000,4.0000000000,-0.0320000000,0.0000000000,0.0000000000,0.6069568000,-0.5776600000,0.5458136000,True,1.0000000000,4.0000000000,0.0320000000,0.0000000000,0.0000000000,0.5809195000,-0.5916348000,0.5590178000,0.0000000000,0.0000000000,0.0000000000,0.5940160000,-0.5847239000,0.5524880000,1.5904850000,
34.11212,36259,True,1.0000000000,4.0000000000,-0.0320000000,0.0000000000,0.0000000000,0.6068630000,-0.5777122000,0.5458626000,True,1.0000000000,4.0000000000,0.0320000000,0.0000000000,0.0000000000,0.5810164000,-0.5915846000,0.5589702000,0.0000000000,0.0000000000,0.0000000000,0.5940163000,-0.5847238000,0.5524877000,1.6022150000,
34.12342,36270,True,1.0000000000,4.0000000000,-0.0320000000,0.0000000000,0.0000000000,0.6067638000,-0.5777653000,0.5459166000,True,1.0000000000,4.0000000000,0.0320000000,0.0000000000,0.0000000000,0.5811334000,-0.5915219000,0.5589148000,0.0000000000,0.0000000000,0.0000000000,0.5940240000,-0.5847178000,0.5524858000,1.6157110000,
34.13443,36281,True,1.0000000000,4.0000000000,-0.0320000000,0.0000000000,0.0000000000,0.6066531000,-0.5778276000,0.5459738000,True,1.0000000000,4.0000000000,0.0320000000,0.0000000000,0.0000000000,0.5812488000,-0.5914629000,0.5588574000,0.0000000000,0.0000000000,0.0000000000,0.5940250000,-0.5847181000,0.5524845000,1.6300860000,
34.14887,36296,True,1.0000000000,4.0000000000,-0.0320000000,0.0000000000,0.0000000000,0.6065305000,-0.5778946000,0.5460389000,True,1.0000000000,4.0000000000,0.0320000000,0.0000000000,0.0000000000,0.5813835000,-0.5913920000,0.5587923000,0.0000000000,0.0000000000,0.0000000000,0.5940295000,-0.5847147000,0.5524831000,1.6467600000,
34.16791,36315,True,1.0000000000,4.0000000000,-0.0320000000,0.0000000000,0.0000000000,0.6062831000,-0.5780329000,0.5461674000,True,1.0000000000,4.0000000000,0.0320000000,0.0000000000,0.0000000000,0.5816454000,-0.5912570000,0.5586625000,0.0000000000,0.0000000000,0.0000000000,0.5940339000,-0.5847135000,0.5524797000,1.6807990000,
34.17874,36325,True,1.0000000000,4.0000000000,-0.0320000000,0.0000000000,0.0000000000,0.6061530000,-0.5781040000,0.5462365000,True,1.0000000000,4.0000000000,0.0320000000,0.0000000000,0.0000000000,0.5817862000,-0.5911828000,0.5585943000,0.0000000000,0.0000000000,0.0000000000,0.5940377000,-0.5847105000,0.5524788000,1.6994830000,
34.18982,36337,True,1.0000000000,4.0000000000,-0.0320000000,0.0000000000,0.0000000000,0.6060058000,-0.5781863000,0.5463127000,True,1.0000000000,4.0000000000,0.0320000000,0.0000000000,0.0000000000,0.5819388000,-0.5911043000,0.5585186000,0.0000000000,0.0000000000,0.0000000000,0.5940388000,-0.5847107000,0.5524774000,1.7206410000,
34.2014,36348,True,1.0000000000,4.0000000000,-0.0320000000,0.0000000000,0.0000000000,0.6058547000,-0.5782716000,0.5463899000,True,1.0000000000,4.0000000000,0.0320000000,0.0000000000,0.0000000000,0.5820970000,-0.5910237000,0.5584390000,0.0000000000,0.0000000000,0.0000000000,0.5940406000,-0.5847114000,0.5524747000,1.7430520000,
34.21193,36359,True,1.0000000000,4.0000000000,-0.0320000000,0.0000000000,0.0000000000,0.6056917000,-0.5783621000,0.5464750000,True,1.0000000000,4.0000000000,0.0320000000,0.0000000000,0.0000000000,0.5822676000,-0.5909351000,0.5583548000,0.0000000000,0.0000000000,0.0000000000,0.5940426000,-0.5847106000,0.5524734000,1.7678840000,
34.22319,36370,True,1.0000000000,4.0000000000,-0.0320000000,0.0000000000,0.0000000000,0.6055233000,-0.5784539000,0.5465643000,True,1.0000000000,4.0000000000,0.0320000000,0.0000000000,0.0000000000,0.5824532000,-0.5908371000,0.5582650000,0.0000000000,0.0000000000,0.0000000000,0.5940494000,-0.5847057000,0.5524715000,1.7949850000,
34.23465,36381,True,1.0000000000,4.0000000000,-0.0320000000,0.0000000000,0.0000000000,0.6053454000,-0.5785522000,0.5466575000,True,1.0000000000,4.0000000000,0.0320000000,0.0000000000,0.0000000000,0.5826446000,-0.5907373000,0.5581709000,0.0000000000,0.0000000000,0.0000000000,0.5940541000,-0.5847030000,0.5524692000,1.8241800000,
34.24543,36392,True,1.0000000000,4.0000000000,-0.0320000000,0.0000000000,0.0000000000,0.6051696000,-0.5786491000,0.5467495000,True,1.0000000000,4.0000000000,0.0320000000,0.0000000000,0.0000000000,0.5828304000,-0.5906403000,0.5580796000,0.0000000000,0.0000000000,0.0000000000,0.5940573000,-0.5847011000,0.5524678000,1.8536930000,
34.25684,36404,True,1.0000000000,4.0000000000,-0.0320000000,0.0000000000,0.0000000000,0.6049735000,-0.5787570000,0.5468522000,True,1.0000000000,4.0000000000,0.0320000000,0.0000000000,0.0000000000,0.5830401000,-0.5905305000,0.5579766000,0.0000000000,0.0000000000,0.0000000000,0.5940620000,-0.5846981000,0.5524658000,1.8879960000,
34.27123,36419,True,1.0000000000,4.0000000000,-0.0320000000,0.0000000000,0.0000000000,0.6047728000,-0.5788680000,0.5469568000,True,1.0000000000,4.0000000000,0.0320000000,0.0000000000,0.0000000000,0.5832561000,-0.5904179000,0.5578701000,0.0000000000,0.0000000000,0.0000000000,0.5940676000,-0.5846952000,0.5524629000,1.9245360000,
34.28983,36438,True,1.0000000000,4.0000000000,-0.0320000000,0.0000000000,0.0000000000,0.6109994000,-0.5754043000,0.5436817000,True,1.0000000000,4.0000000000,0.0320000000,0.0000000000,0.0000000000,0.5765239000,-0.5939022000,0.5611598000,0.0000000000,0.0000000000,0.0000000000,0.5938979000,-0.5847875000,0.5525476000,1.2013420000,
34.30309,36450,True,1.0000000000,4.0000000000,-0.0320000000,0.0000000000,0.0000000000,0.6122797000,-0.5746826000,0.5430042000,True,1.0000000000,4.0000000000,0.0320000000,0.0000000000,0.0000000000,0.5751177000,-0.5946199000,0.5618423000,0.0000000000,0.0000000000,0.0000000000,0.5938572000,-0.5848072000,0.5525706000,1.1145340000,
34.31163,36458,True,1.0000000000,4.0000000000,-0.0320000000,0.0000000000,0.0000000000,0.6128139000,-0.5743831000,0.5427183000,True,1.0000000000,4.0000000000,0.0320000000,0.0000000000,0.0000000000,0.5745207000,-0.5949262000,0.5621288000,0.0000000000,0.0000000000,0.0000000000,0.5938355000,-0.5848203000,0.5525800000,1.0816370000,
34.32306,36471,True,1.0000000000,4.0000000000,-0.0320000000,0.0000000000,0.0000000000,0.6131752000,-0.5741799000,0.5425253000,True,1.0000000000,4.0000000000,0.0320000000,0.0000000000,0.0000000000,0.5741190000,-0.5951316000,0.5623217000,0.0000000000,0.0000000000,0.0000000000,0.5938220000,-0.5848281000,0.5525863000,1.0605220000,
34.33478,36482,True,1.0000000000,4.0000000000,-0.0320000000,0.0000000000,0.0000000000,0.6133874000,-0.5740591000,0.5424132000,True,1.0000000000,4.0000000000,0.0320000000,0.0000000000,0.0000000000,0.5738859000,-0.5952491000,0.5624352000,0.0000000000,0.0000000000,0.0000000000,0.5938156000,-0.5848303000,0.5525907000,1.0485670000,
34.34513,36492,True,1.0000000000,4.0000000000,-0.0320000000,0.0000000000,0.0000000000,0.6134720000,-0.5740104000,0.5423691000,True,1.0000000000,4.0000000000,0.0320000000,0.0000000000,0.0000000000,0.5737919000,-0.5952961000,0.5624814000,0.0000000000,0.0000000000,0.0000000000,0.5938125000,-0.5848311000,0.5525933000,1.0438560000,
34.35606,36503,True,1.0000000000,4.0000000000,-0.0320000000,0.0000000000,0.0000000000,0.6134254000,-0.5740397000,0.5423908000,True,1.0000000000,4.0000000000,0.0320000000,0.0000000000,0.0000000000,0.5738361000,-0.5952768000,0.5624568000,0.0000000000,0.0000000000,0.0000000000,0.5938105000,-0.5848352000,0.5525911000,1.0462540000,
34.36726,36514,True,1.0000000000,4.0000000000,-0.0320000000,0.0000000000,0.0000000000,0.6132424000,-0.5741420000,0.5424894000,True,1.0000000000,4.0000000000,0.0320000000,0.0000000000,0.0000000000,0.5740424000,-0.5951706000,0.5623587000,0.0000000000,0.0000000000,0.0000000000,0.5938186000,-0.5848298000,0.5525880000,1.0566320000,
34.3785,36525,True,1.0000000000,4.0000000000,-0.0320000000,0.0000000000,0.0000000000,0.6128683000,-0.5743530000,0.5426888000,True,1.0000000000,4.0000000000,0.0320000000,0.0000000000,0.0000000000,0.5744596000,-0.5949579000,0.5621578000,0.0000000000,0.0000000000,0.0000000000,0.5938331000,-0.5848220000,0.5525807000,1.0783830000,
34.38972,36537,True,1.0000000000,4.0000000000,-0.0320000000,0.0000000000,0.0000000000,0.6121956000,-0.5747336000,0.5430450000,True,1.0000000000,4.0000000000,0.0320000000,0.0000000000,0.0000000000,0.5752015000,-0.5945808000,0.5617979000,0.0000000000,0.0000000000,0.0000000000,0.5938555000,-0.5848118000,0.5525675000,1.1196010000,
34.40094,36548,True,1.0000000000,4.0000000000,-0.0320000000,0.0000000000,0.0000000000,0.6028036000,-0.5799553000,0.5479779000,True,1.0000000000,4.0000000000,0.0320000000,0.0000000000,0.0000000000,0.5853242000,-0.5893389000,0.5568441000,0.0000000000,0.0000000000,0.0000000000,0.5940989000,-0.5846816000,0.5524436000,2.3689870000,
34.41185,36559,True,1.0000000000,4.0000000000,-0.0320000000,0.0000000000,0.0000000000,0.6027278000,-0.5799952000,0.5480190000,True,1.0000000000,4.0000000000,0.0320000000,0.0000000000,0.0000000000,0.5854074000,-0.5892935000,0.5568047000,0.0000000000,0.0000000000,0.0000000000,0.5941020000,-0.5846782000,0.5524439000,2.3907290000,
34.42289,36570,True,1.0000000000,4.0000000000,-0.0320000000,0.0000000000,0.0000000000,0.6026718000,-0.5800264000,0.5480475000,True,1.0000000000,4.0000000000,0.0320000000,0.0000000000,0.0000000000,0.5854657000,-0.5892633000,0.5567752000,0.0000000000,0.0000000000,0.0000000000,0.5941027000,-0.5846784000,0.5524429000,2.4066160000,
34.43382,36581,True,1.0000000000,4.0000000000,-0.0320000000,0.0000000000,0.0000000000,0.6026407000,-0.5800436000,0.5480636000,True,1.0000000000,4.0000000000,0.0320000000,0.0000000000,0.0000000000,0.5854985000,-0.5892462000,0.5567589000,0.0000000000,0.0000000000,0.0000000000,0.5941033000,-0.5846781000,0.5524426000,2.4155780000,
34.4453,36592,True,1.0000000000,4.0000000000,-0.0320000000,0.0000000000,0.0000000000,0.6026284000,-0.5800503000,0.5480700000,True,1.0000000000,4.0000000000,0.0320000000,0.0000000000,0.0000000000,0.5855115000,-0.5892393000,0.5567525000,0.0000000000,0.0000000000,0.0000000000,0.5941036000,-0.5846779000,0.5524426000,2.4191480000,
34.45644,36603,True,1.0000000000,4.0000000000,-0.0320000000,0.0000000000,0.0000000000,0.6026351000,-0.5800466000,0.5480666000,True,1.0000000000,4.0000000000,0.0320000000,0.0000000000,0.0000000000,0.5855051000,-0.5892427000,0.5567555000,0.0000000000,0.0000000000,0.0000000000,0.5941038000,-0.5846778000,0.5524424000,2.4172930000,
34.4702,36619,True,1.0000000000,4.0000000000,-0.0320000000,0.0000000000,0.0000000000,0.6026497000,-0.5800349000,0.5480628000,True,1.0000000000,4.0000000000,0.0320000000,0.0000000000,0.0000000000,0.5854961000,-0.5892437000,0.5567640000,0.0000000000,0.0000000000,0.0000000000,0.5941067000,-0.5846726000,0.5524448000,2.4139610000,
34.47849,36625,True,1.0000000000,4.0000000000,-0.0320000000,0.0000000000,0.0000000000,0.6026619000,-0.5800301000,0.5480546000,True,1.0000000000,4.0000000000,0.0320000000,0.0000000000,0.0000000000,0.5854804000,-0.5892538000,0.5567698000,0.0000000000,0.0000000000,0.0000000000,0.5941050000,-0.5846753000,0.5524437000,2.4100380000,
34.48954,36636,True,1.0000000000,4.0000000000,-0.0320000000,0.0000000000,0.0000000000,0.6027200000,-0.5799973000,0.5480254000,True,1.0000000000,4.0000000000,0.0320000000,0.0000000000,0.0000000000,0.5854212000,-0.5892840000,0.5568002000,0.0000000000,0.0000000000,0.0000000000,0.5941049000,-0.5846744000,0.5524447000,2.3937000000,
34.50063,36648,True,1.0000000000,4.0000000000,-0.0320000000,0.0000000000,0.0000000000,0.6027812000,-0.5799657000,0.5479916000,True,1.0000000000,4.0000000000,0.0320000000,0.0000000000,0.0000000000,0.5853519000,-0.5893224000,0.5568324000,0.0000000000,0.0000000000,0.0000000000,0.5941014000,-0.5846784000,0.5524444000,2.3757920000,
34.51182,36659,True,1.0000000000,4.0000000000,-0.0320000000,0.0000000000,0.0000000000,0.6028729000,-0.5799146000,0.5479446000,True,1.0000000000,4.0000000000,0.0320000000,0.0000000000,0.0000000000,0.5852573000,-0.5893713000,0.5568800000,0.0000000000,0.0000000000,0.0000000000,0.5941008000,-0.5846780000,0.5524455000,2.3506690000,
34.52314,36670,True,1.0000000000,4.0000000000,-0.0320000000,0.0000000000,0.0000000000,0.6029636000,-0.5798641000,0.5478984000,True,1.0000000000,4.0000000000,0.0320000000,0.0000000000,0.0000000000,0.5851626000,-0.5894203000,0.5569278000,0.0000000000,0.0000000000,0.0000000000,0.5940994000,-0.5846779000,0.5524469000,2.3261880000,
34.53437,36681,True,1.0000000000,4.0000000000,-0.0320000000,0.0000000000,0.0000000000,0.6030452000,-0.5798197000,0.5478555000,True,1.0000000000,4.0000000000,0.0320000000,0.0000000000,0.0000000000,0.5850770000,-0.5894657000,0.5569696000,0.0000000000,0.0000000000,0.0000000000,0.5940982000,-0.5846791000,0.5524470000,2.3045340000,
34.55057,36698,True,1.0000000000,4.0000000000,-0.0320000000,0.0000000000,0.0000000000,0.6031415000,-0.5797677000,0.5478044000,True,1.0000000000,4.0000000000,0.0320000000,0.0000000000,0.0000000000,0.5849743000,-0.5895205000,0.5570196000,0.0000000000,0.0000000000,0.0000000000,0.5940958000,-0.5846813000,0.5524473000,2.2792910000,
34.56897,36716,True,1.0000000000,4.0000000000,-0.0320000000,0.0000000000,0.0000000000,0.6032960000,-0.5796831000,0.5477239000,True,1.0000000000,4.0000000000,0.0320000000,0.0000000000,0.0000000000,0.5848114000,-0.5896061000,0.5570998000,0.0000000000,0.0000000000,0.0000000000,0.5940930000,-0.5846832000,0.5524483000,2.2401840000,
34.58023,36727,True,1.0000000000,4.0000000000,-0.0320000000,0.0000000000,0.0000000000,0.6033766000,-0.5796391000,0.5476815000,True,1.0000000000,4.0000000000,0.0320000000,0.0000000000,0.0000000000,0.5847256000,-0.5896516000,0.5571420000,0.0000000000,0.0000000000,0.0000000000,0.5940911000,-0.5846847000,0.5524489000,2.2201800000,
34.59155,36738,True,1.0000000000,4.0000000000,-0.0320000000,0.0000000000,0.0000000000,0.6034701000,-0.5795873000,0.5476333000,True,1.0000000000,4.0000000000,0.0320000000,0.0000000000,0.0000000000,0.5846278000,-0.5897024000,0.5571906000,0.0000000000,0.0000000000,0.0000000000,0.5940897000,-0.5846850000,0.5524499000,2.1976480000,
34.60281,36750,True,1.0000000000,4.0000000000,-0.0320000000,0.0000000000,0.0000000000,0.6035552000,-0.5795395000,0.5475903000,True,1.0000000000,4.0000000000,0.0320000000,0.0000000000,0.0000000000,0.5845404000,-0.5897471000,0.5572351000,0.0000000000,0.0000000000,0.0000000000,0.5940893000,-0.5846841000,0.5524513000,2.1777030000,
34.61429,36761,True,1.0000000000,4.0000000000,-0.0320000000,0.0000000000,0.0000000000,0.6036308000,-0.5794976000,0.5475512000,True,1.0000000000,4.0000000000,0.0320000000,0.0000000000,0.0000000000,0.5844609000,-0.5897884000,0.5572747000,0.0000000000,0.0000000000,0.0000000000,0.5940880000,-0.5846846000,0.5524522000,2.1600980000,
34.62577,36773,True,1.0000000000,4.0000000000,-0.0320000000,0.0000000000,0.0000000000,0.6037025000,-0.5794588000,0.5475132000,True,1.0000000000,4.0000000000,0.0320000000,0.0000000000,0.0000000000,0.5843852000,-0.5898287000,0.5573115000,0.0000000000,0.0000000000,0.0000000000,0.5940866000,-0.5846859000,0.5524521000,2.1436150000,
34.63734,36784,True,1.0000000000,4.0000000000,-0.0320000000,0.0000000000,0.0000000000,0.6037720000,-0.5794208000,0.5474768000,True,1.0000000000,4.0000000000,0.0320000000,0.0000000000,0.0000000000,0.5843099000,-0.5898683000,0.5573485000,0.0000000000,0.0000000000,0.0000000000,0.5940844000,-0.5846873000,0.5524531000,2.1276710000,
34.64888,36796,True,1.0000000000,4.0000000000,-0.0320000000,0.0000000000,0.0000000000,0.6038514000,-0.5793756000,0.5474372000,True,1.0000000000,4.0000000000,0.0320000000,0.0000000000,0.0000000000,0.5842302000,-0.5899084000,0.5573895000,0.0000000000,0.0000000000,0.0000000000,0.5940850000,-0.5846854000,0.5524545000,2.1104300000,
34.65983,36807,True,1.0000000000,4.0000000000,-0.0320000000,0.0000000000,0.0000000000,0.6039327000,-0.5793315000,0.5473942000,True,1.0000000000,4.0000000000,0.0320000000,0.0000000000,0.0000000000,0.5841424000,-0.5899551000,0.5574322000,0.0000000000,0.0000000000,0.0000000000,0.5940825000,-0.5846875000,0.5524549000,2.0923940000,
34.67178,36819,True,1.0000000000,4.0000000000,-0.0320000000,0.0000000000,0.0000000000,0.6040283000,-0.5792788000,0.5473444000,True,1.0000000000,4.0000000000,0.0320000000,0.0000000000,0.0000000000,0.5840418000,-0.5900077000,0.5574819000,0.0000000000,0.0000000000,0.0000000000,0.5940809000,-0.5846884000,0.5524558000,2.0718540000,
34.68581,36833,True,1.0000000000,4.0000000000,-0.0320000000,0.0000000000,0.0000000000,0.6041335000,-0.5792221000,0.5472881000,True,1.0000000000,4.0000000000,0.0320000000,0.0000000000,0.0000000000,0.5839283000,-0.5900685000,0.5575365000,0.0000000000,0.0000000000,0.0000000000,0.5940778000,-0.5846915000,0.5524558000,2.0494390000,
34.70479,36852,True,1.0000000000,4.0000000000,-0.0320000000,0.0000000000,0.0000000000,0.6043434000,-0.5791056000,0.5471798000,True,1.0000000000,4.0000000000,0.0320000000,0.0000000000,0.0000000000,0.5837066000,-0.5901834000,0.5576470000,0.0000000000,0.0000000000,0.0000000000,0.5940739000,-0.5846925000,0.5524589000,2.0065790000,
34.73766,36885,True,1.0000000000,4.0000000000,-0.0320000000,0.0000000000,0.0000000000,0.6044773000,-0.5790314000,0.5471103000,True,1.0000000000,4.0000000000,0.0320000000,0.0000000000,0.0000000000,0.5835655000,-0.5902569000,0.5577170000,0.0000000000,0.0000000000,0.0000000000,0.5940716000,-0.5846936000,0.5524603000,1.9801860000,
34.76468,36912,True,1.0000000000,4.0000000000,-0.0320000000,0.0000000000,0.0000000000,0.6050026000,-0.5787441000,0.5468336000,True,1.0000000000,4.0000000000,0.0320000000,0.0000000000,0.0000000000,0.5830042000,-0.5905524000,0.5579909000,0.0000000000,0.0000000000,0.0000000000,0.5940590000,-0.5847029000,0.5524639000,1.8824170000,
34.77718,36924,True,1.0000000000,4.0000000000,-0.0320000000,0.0000000000,0.0000000000,0.6049072000,-0.5787942000,0.5468863000,True,1.0000000000,4.0000000000,0.0320000000,0.0000000000,0.0000000000,0.5831094000,-0.5904948000,0.5579420000,0.0000000000,0.0000000000,0.0000000000,0.5940629000,-0.5846982000,0.5524649000,1.8997380000,
34.8023,36965,True,1.0000000000,4.0000000000,-0.0320000000,0.0000000000,0.0000000000,0.6052011000,-0.5786293000,0.5467358000,True,1.0000000000,4.0000000000,0.0320000000,0.0000000000,0.0000000000,0.5828035000,-0.5906518000,0.5580956000,0.0000000000,0.0000000000,0.0000000000,0.5940598000,-0.5846972000,0.5524691000,1.8488610000,
34.82334,36970,True,1.0000000000,4.0000000000,-0.0320000000,0.0000000000,0.0000000000,0.6054603000,-0.5784857000,0.5466004000,True,1.0000000000,4.0000000000,0.0320000000,0.0000000000,0.0000000000,0.5825267000,-0.5907958000,0.5582319000,0.0000000000,0.0000000000,0.0000000000,0.5940539000,-0.5847002000,0.5524723000,1.8056580000,
34.83382,36981,True,1.0000000000,4.0000000000,-0.0320000000,0.0000000000,0.0000000000,0.6056115000,-0.5784076000,0.5465155000,True,1.0000000000,4.0000000000,0.0320000000,0.0000000000,0.0000000000,0.5823556000,-0.5908906000,0.5583102000,0.0000000000,0.0000000000,0.0000000000,0.5940456000,-0.5847102000,0.5524706000,1.7806480000,
34.84481,36992,True,1.0000000000,4.0000000000,-0.0320000000,0.0000000000,0.0000000000,0.6055974000,-0.5784119000,0.5465266000,True,1.0000000000,4.0000000000,0.0320000000,0.0000000000,0.0000000000,0.5823758000,-0.5908766000,0.5583041000,0.0000000000,0.0000000000,0.0000000000,0.5940484000,-0.5847052000,0.5524729000,1.7832750000,
34.8558,37002,True,1.0000000000,4.0000000000,-0.0320000000,0.0000000000,0.0000000000,0.6056591000,-0.5783792000,0.5464931000,True,1.0000000000,4.0000000000,0.0320000000,0.0000000000,0.0000000000,0.5823092000,-0.5909125000,0.5583355000,0.0000000000,0.0000000000,0.0000000000,0.5940467000,-0.5847074000,0.5524725000,1.7734840000,
34.86712,37014,True,1.0000000000,4.0000000000,-0.0320000000,0.0000000000,0.0000000000,0.6057132000,-0.5783485000,0.5464656000,True,1.0000000000,4.0000000000,0.0320000000,0.0000000000,0.0000000000,0.5822526000,-0.5909413000,0.5583641000,0.0000000000,0.0000000000,0.0000000000,0.5940461000,-0.5847070000,0.5524735000,1.7651050000,
34.87834,37025,True,1.0000000000,4.0000000000,-0.0320000000,0.0000000000,0.0000000000,0.6057600000,-0.5783225000,0.5464412000,True,1.0000000000,4.0000000000,0.0320000000,0.0000000000,0.0000000000,0.5822003000,-0.5909683000,0.5583899000,0.0000000000,0.0000000000,0.0000000000,0.5940438000,-0.5847081000,0.5524748000,1.7577000000,
34.90812,37055,True,1.0000000000,4.0000000000,-0.0320000000,0.0000000000,0.0000000000,0.6057970000,-0.5783016000,0.5464223000,True,1.0000000000,4.0000000000,0.0320000000,0.0000000000,0.0000000000,0.5821620000,-0.5909878000,0.5584092000,0.0000000000,0.0000000000,0.0000000000,0.5940436000,-0.5847078000,0.5524754000,1.7521010000,
34.93351,37081,True,1.0000000000,4.0000000000,-0.0320000000,0.0000000000,0.0000000000,0.6058403000,-0.5782785000,0.5463986000,True,1.0000000000,4.0000000000,0.0320000000,0.0000000000,0.0000000000,0.5821157000,-0.5910130000,0.5584310000,0.0000000000,0.0000000000,0.0000000000,0.5940425000,-0.5847093000,0.5524749000,1.7454700000,
34.9448,37092,True,1.0000000000,4.0000000000,-0.0320000000,0.0000000000,0.0000000000,0.6060420000,-0.5781665000,0.5462934000,True,1.0000000000,4.0000000000,0.0320000000,0.0000000000,0.0000000000,0.5819020000,-0.5911238000,0.5585363000,0.0000000000,0.0000000000,0.0000000000,0.5940388000,-0.5847110000,0.5524771000,1.7154520000,
34.95682,37104,True,1.0000000000,4.0000000000,-0.0320000000,0.0000000000,0.0000000000,0.6060422000,-0.5781659000,0.5462940000,True,1.0000000000,4.0000000000,0.0320000000,0.0000000000,0.0000000000,0.5819033000,-0.5911224000,0.5585364000,0.0000000000,0.0000000000,0.0000000000,0.5940396000,-0.5847100000,0.5524773000,1.7155180000,
34.96708,37132,True,1.0000000000,4.0000000000,-0.0320000000,0.0000000000,0.0000000000,0.6060711000,-0.5781510000,0.5462776000,True,1.0000000000,4.0000000000,0.0320000000,0.0000000000,0.0000000000,0.5818694000,-0.5911413000,0.5585518000,0.0000000000,0.0000000000,0.0000000000,0.5940375000,-0.5847123000,0.5524772000,1.7110710000,
34.99029,37137,True,1.0000000000,4.0000000000,-0.0320000000,0.0000000000,0.0000000000,0.6060915000,-0.5781403000,0.5462664000,True,1.0000000000,4.0000000000,0.0320000000,0.0000000000,0.0000000000,0.5818452000,-0.5911543000,0.5585631000,0.0000000000,0.0000000000,0.0000000000,0.5940359000,-0.5847137000,0.5524775000,1.7079360000,
35.00023,37147,True,1.0000000000,4.0000000000,-0.0320000000,0.0000000000,0.0000000000,0.6061636000,-0.5781018000,0.5462272000,True,1.0000000000,4.0000000000,0.0320000000,0.0000000000,0.0000000000,0.5817656000,-0.5911973000,0.5586006000,0.0000000000,0.0000000000,0.0000000000,0.5940328000,-0.5847168000,0.5524774000,1.6973180000,
35.01175,37158,True,1.0000000000,4.0000000000,-0.0320000000,0.0000000000,0.0000000000,0.6061531000,-0.5781079000,0.5462323000,True,1.0000000000,4.0000000000,0.0320000000,0.0000000000,0.0000000000,0.5817760000,-0.5911921000,0.5585952000,0.0000000000,0.0000000000,0.0000000000,0.5940328000,-0.5847172000,0.5524772000,1.6987840000,
35.02256,37169,True,1.0000000000,4.0000000000,-0.0320000000,0.0000000000,0.0000000000,0.6061722000,-0.5780939000,0.5462258000,True,1.0000000000,4.0000000000,0.0320000000,0.0000000000,0.0000000000,0.5817624000,-0.5911958000,0.5586055000,0.0000000000,0.0000000000,0.0000000000,0.5940357000,-0.5847121000,0.5524793000,1.6964840000,
35.03353,37180,True,1.0000000000,4.0000000000,-0.0320000000,0.0000000000,0.0000000000,0.6061793000,-0.5780917000,0.5462203000,True,1.0000000000,4.0000000000,0.0320000000,0.0000000000,0.0000000000,0.5817527000,-0.5912026000,0.5586085000,0.0000000000,0.0000000000,0.0000000000,0.5940344000,-0.5847145000,0.5524781000,1.6953210000,
35.0448,37192,True,1.0000000000,4.0000000000,-0.0320000000,0.0000000000,0.0000000000,0.6061859000,-0.5780885000,0.5462166000,True,1.0000000000,4.0000000000,0.0320000000,0.0000000000,0.0000000000,0.5817444000,-0.5912072000,0.5586120000,0.0000000000,0.0000000000,0.0000000000,0.5940337000,-0.5847153000,0.5524781000,1.6943090000,
35.05607,37203,True,1.0000000000,4.0000000000,-0.0320000000,0.0000000000,0.0000000000,0.6061885000,-0.5780869000,0.5462154000,True,1.0000000000,4.0000000000,0.0320000000,0.0000000000,0.0000000000,0.5817437000,-0.5912074000,0.5586126000,0.0000000000,0.0000000000,0.0000000000,0.5940346000,-0.5847146000,0.5524778000,1.6940670000,
35.0828,37230,True,1.0000000000,4.0000000000,-0.0320000000,0.0000000000,0.0000000000,0.6061748000,-0.5780936000,0.5462234000,True,1.0000000000,4.0000000000,0.0320000000,0.0000000000,0.0000000000,0.5817585000,-0.5911989000,0.5586061000,0.0000000000,0.0000000000,0.0000000000,0.5940350000,-0.5847136000,0.5524784000,1.6960470000,
35.10032,37256,True,1.0000000000,4.0000000000,-0.0320000000,0.0000000000,0.0000000000,0.6061708000,-0.5780949000,0.5462265000,True,1.0000000000,4.0000000000,0.0320000000,0.0000000000,0.0000000000,0.5817652000,-0.5911945000,0.5586039000,0.0000000000,0.0000000000,0.0000000000,0.5940363000,-0.5847119000,0.5524788000,1.6967840000,
35.11406,37261,True,1.0000000000,4.0000000000,-0.0320000000,0.0000000000,0.0000000000,0.6061575000,-0.5781034000,0.5462322000,True,1.0000000000,4.0000000000,0.0320000000,0.0000000000,0.0000000000,0.5817770000,-0.5911895000,0.5585969000,0.0000000000,0.0000000000,0.0000000000,0.5940354000,-0.5847136000,0.5524780000,1.6985330000,
35.12246,37269,True,1.0000000000,4.0000000000,-0.0320000000,0.0000000000,0.0000000000,0.6061447000,-0.5781096000,0.5462399000,True,1.0000000000,4.0000000000,0.0320000000,0.0000000000,0.0000000000,0.5817884000,-0.5911826000,0.5585923000,0.0000000000,0.0000000000,0.0000000000,0.5940347000,-0.5847131000,0.5524794000,1.7002230000,
35.13382,37281,True,1.0000000000,4.0000000000,-0.0320000000,0.0000000000,0.0000000000,0.6061282000,-0.5781204000,0.5462468000,True,1.0000000000,4.0000000000,0.0320000000,0.0000000000,0.0000000000,0.5818095000,-0.5911733000,0.5585802000,0.0000000000,0.0000000000,0.0000000000,0.5940367000,-0.5847136000,0.5524766000,1.7028470000,
35.14463,37292,True,1.0000000000,4.0000000000,-0.0320000000,0.0000000000,0.0000000000,0.6061159000,-0.5781254000,0.5462551000,True,1.0000000000,4.0000000000,0.0320000000,0.0000000000,0.0000000000,0.5818236000,-0.5911642000,0.5585752000,0.0000000000,0.0000000000,0.0000000000,0.5940374000,-0.5847115000,0.5524781000,1.7046950000,
35.15583,37303,True,1.0000000000,4.0000000000,-0.0320000000,0.0000000000,0.0000000000,0.6061039000,-0.5781308000,0.5462626000,True,1.0000000000,4.0000000000,0.0320000000,0.0000000000,0.0000000000,0.5818358000,-0.5911567000,0.5585704000,0.0000000000,0.0000000000,0.0000000000,0.5940374000,-0.5847102000,0.5524794000,1.7063970000,
35.16706,37314,True,1.0000000000,4.0000000000,-0.0320000000,0.0000000000,0.0000000000,0.6060978000,-0.5781378000,0.5462620000,True,1.0000000000,4.0000000000,0.0320000000,0.0000000000,0.0000000000,0.5818347000,-0.5911610000,0.5585670000,0.0000000000,0.0000000000,0.0000000000,0.5940338000,-0.5847159000,0.5524774000,1.7067610000,
35.1791,37326,True,1.0000000000,4.0000000000,-0.0320000000,0.0000000000,0.0000000000,0.6060993000,-0.5781356000,0.5462627000,True,1.0000000000,4.0000000000,0.0320000000,0.0000000000,0.0000000000,0.5818397000,-0.5911569000,0.5585662000,0.0000000000,0.0000000000,0.0000000000,0.5940370000,-0.5847127000,0.5524773000,1.7069920000,
35.20607,37353,True,1.0000000000,4.0000000000,-0.0320000000,0.0000000000,0.0000000000,0.6061055000,-0.5781306000,0.5462611000,True,1.0000000000,4.0000000000,0.0320000000,0.0000000000,0.0000000000,0.5818355000,-0.5911574000,0.5585699000,0.0000000000,0.0000000000,0.0000000000,0.5940381000,-0.5847105000,0.5524784000,1.7062610000,
35.22285,37370,True,1.0000000000,4.0000000000,-0.0320000000,0.0000000000,0.0000000000,0.6060991000,-0.5781356000,0.5462629000,True,1.0000000000,4.0000000000,0.0320000000,0.0000000000,0.0000000000,0.5818415000,-0.5911559000,0.5585653000,0.0000000000,0.0000000000,0.0000000000,0.5940378000,-0.5847122000,0.5524769000,1.7071260000,
35.2424,37391,True,1.0000000000,4.0000000000,-0.0320000000,0.0000000000,0.0000000000,0.6061128000,-0.5781264000,0.5462576000,True,1.0000000000,4.0000000000,0.0320000000,0.0000000000,0.0000000000,0.5818263000,-0.5911620000,0.5585747000,0.0000000000,0.0000000000,0.0000000000,0.5940372000,-0.5847108000,0.5524790000,1.7051080000,
35.25187,37399,True,1.0000000000,4.0000000000,-0.0320000000,0.0000000000,0.0000000000,0.6061167000,-0.5781247000,0.5462549000,True,1.0000000000,4.0000000000,0.0320000000,0.0000000000,0.0000000000,0.5818245000,-0.5911635000,0.5585750000,0.0000000000,0.0000000000,0.0000000000,0.5940382000,-0.5847107000,0.5524780000,1.7047040000,
35.26725,37415,True,1.0000000000,4.0000000000,-0.0320000000,0.0000000000,0.0000000000,0.6061157000,-0.5781246000,0.5462561000,True,1.0000000000,4.0000000000,0.0320000000,0.0000000000,0.0000000000,0.5818241000,-0.5911631000,0.5585759000,0.0000000000,0.0000000000,0.0000000000,0.5940376000,-0.5847105000,0.5524789000,1.7047380000,
35.28831,37436,True,1.0000000000,4.0000000000,-0.0320000000,0.0000000000,0.0000000000,0.6060998000,-0.5781369000,0.5462606000,True,1.0000000000,4.0000000000,0.0320000000,0.0000000000,0.0000000000,0.5818362000,-0.5911605000,0.5585660000,0.0000000000,0.0000000000,0.0000000000,0.5940356000,-0.5847152000,0.5524761000,1.7067130000,
35.29771,37445,True,1.0000000000,4.0000000000,-0.0320000000,0.0000000000,0.0000000000,0.6060938000,-0.5781364000,0.5462678000,True,1.0000000000,4.0000000000,0.0320000000,0.0000000000,0.0000000000,0.5818468000,-0.5911509000,0.5585650000,0.0000000000,0.0000000000,0.0000000000,0.5940378000,-0.5847101000,0.5524791000,1.7078750000,
35.30957,37457,True,1.0000000000,4.0000000000,-0.0320000000,0.0000000000,0.0000000000,0.6060854000,-0.5781427000,0.5462707000,True,1.0000000000,4.0000000000,0.0320000000,0.0000000000,0.0000000000,0.5818549000,-0.5911484000,0.5585592000,0.0000000000,0.0000000000,0.0000000000,0.5940375000,-0.5847118000,0.5524776000,1.7090490000,
35.32254,37470,True,1.0000000000,4.0000000000,-0.0320000000,0.0000000000,0.0000000000,0.6060674000,-0.5781538000,0.5462787000,True,1.0000000000,4.0000000000,0.0320000000,0.0000000000,0.0000000000,0.5818698000,-0.5911418000,0.5585508000,0.0000000000,0.0000000000,0.0000000000,0.5940358000,-0.5847139000,0.5524772000,1.7113680000,
35.33394,37481,True,1.0000000000,4.0000000000,-0.0320000000,0.0000000000,0.0000000000,0.6060579000,-0.5781559000,0.5462871000,True,1.0000000000,4.0000000000,0.0320000000,0.0000000000,0.0000000000,0.5818877000,-0.5911293000,0.5585454000,0.0000000000,0.0000000000,0.0000000000,0.5940399000,-0.5847086000,0.5524786000,1.7132940000,
35.34504,37492,True,1.0000000000,4.0000000000,-0.0320000000,0.0000000000,0.0000000000,0.6060418000,-0.5781670000,0.5462933000,True,1.0000000000,4.0000000000,0.0320000000,0.0000000000,0.0000000000,0.5819024000,-0.5911238000,0.5585357000,0.0000000000,0.0000000000,0.0000000000,0.5940390000,-0.5847113000,0.5524767000,1.7154880000,
35.35582,37503,True,1.0000000000,4.0000000000,-0.0320000000,0.0000000000,0.0000000000,0.6060284000,-0.5781752000,0.5462993000,True,1.0000000000,4.0000000000,0.0320000000,0.0000000000,0.0000000000,0.5819108000,-0.5911202000,0.5585308000,0.0000000000,0.0000000000,0.0000000000,0.5940363000,-0.5847135000,0.5524772000,1.7170470000,
35.38033,37527,True,1.0000000000,4.0000000000,-0.0320000000,0.0000000000,0.0000000000,0.6060205000,-0.5781811000,0.5463020000,True,1.0000000000,4.0000000000,0.0320000000,0.0000000000,0.0000000000,0.5819207000,-0.5911166000,0.5585244000,0.0000000000,0.0000000000,0.0000000000,0.5940372000,-0.5847145000,0.5524752000,1.7183150000,
35.41573,37563,True,1.0000000000,4.0000000000,-0.0320000000,0.0000000000,0.0000000000,0.6060135000,-0.5781803000,0.5463105000,True,1.0000000000,4.0000000000,0.0320000000,0.0000000000,0.0000000000,0.5819378000,-0.5911031000,0.5585209000,0.0000000000,0.0000000000,0.0000000000,0.5940422000,-0.5847071000,0.5524776000,1.7200140000,
35.43407,37581,True,1.0000000000,4.0000000000,-0.0320000000,0.0000000000,0.0000000000,0.6060076000,-0.5781868000,0.5463102000,True,1.0000000000,4.0000000000,0.0320000000,0.0000000000,0.0000000000,0.5819342000,-0.5911082000,0.5585193000,0.0000000000,0.0000000000,0.0000000000,0.5940374000,-0.5847129000,0.5524766000,1.7201900000,
35.44515,37592,True,1.0000000000,4.0000000000,-0.0320000000,0.0000000000,0.0000000000,0.6060199000,-0.5781789000,0.5463050000,True,1.0000000000,4.0000000000,0.0320000000,0.0000000000,0.0000000000,0.5819292000,-0.5911096000,0.5585229000,0.0000000000,0.0000000000,0.0000000000,0.5940411000,-0.5847098000,0.5524759000,1.7189490000,
35.45612,37603,True,1.0000000000,4.0000000000,-0.0320000000,0.0000000000,0.0000000000,0.6060281000,-0.5781757000,0.5462991000,True,1.0000000000,4.0000000000,0.0320000000,0.0000000000,0.0000000000,0.5819114000,-0.5911204000,0.5585300000,0.0000000000,0.0000000000,0.0000000000,0.5940365000,-0.5847138000,0.5524766000,1.7171150000,
35.47811,37625,True,1.0000000000,4.0000000000,-0.0320000000,0.0000000000,0.0000000000,0.6060634000,-0.5781523000,0.5462849000,True,1.0000000000,4.0000000000,0.0320000000,0.0000000000,0.0000000000,0.5818836000,-0.5911307000,0.5585480000,0.0000000000,0.0000000000,0.0000000000,0.5940406000,-0.5847076000,0.5524788000,1.7126230000,
35.49054,37637,True,1.0000000000,4.0000000000,-0.0320000000,0.0000000000,0.0000000000,0.6061067000,-0.5781305000,0.5462599000,True,1.0000000000,4.0000000000,0.0320000000,0.0000000000,0.0000000000,0.5818326000,-0.5911595000,0.5585707000,0.0000000000,0.0000000000,0.0000000000,0.5940372000,-0.5847116000,0.5524782000,1.7059790000,
35.50055,37648,True,1.0000000000,4.0000000000,-0.0320000000,0.0000000000,0.0000000000,0.6061471000,-0.5781113000,0.5462354000,True,1.0000000000,4.0000000000,0.0320000000,0.0000000000,0.0000000000,0.5817819000,-0.5911891000,0.5585922000,0.0000000000,0.0000000000,0.0000000000,0.5940326000,-0.5847173000,0.5524772000,1.6996100000,
35.51167,37658,True,1.0000000000,4.0000000000,-0.0320000000,0.0000000000,0.0000000000,0.6062008000,-0.5780787000,0.5462103000,True,1.0000000000,4.0000000000,0.0320000000,0.0000000000,0.0000000000,0.5817322000,-0.5912121000,0.5586196000,0.0000000000,0.0000000000,0.0000000000,0.5940351000,-0.5847130000,0.5524788000,1.6924180000,
35.52299,37670,True,1.0000000000,4.0000000000,-0.0320000000,0.0000000000,0.0000000000,0.6062577000,-0.5780479000,0.5461797000,True,1.0000000000,4.0000000000,0.0320000000,0.0000000000,0.0000000000,0.5816681000,-0.5912462000,0.5586503000,0.0000000000,0.0000000000,0.0000000000,0.5940323000,-0.5847154000,0.5524795000,1.6840960000,
35.54239,37689,True,1.0000000000,4.0000000000,-0.0320000000,0.0000000000,0.0000000000,0.6063345000,-0.5780050000,0.5461398000,True,1.0000000000,4.0000000000,0.0320000000,0.0000000000,0.0000000000,0.5815889000,-0.5912870000,0.5586895000,0.0000000000,0.0000000000,0.0000000000,0.5940320000,-0.5847152000,0.5524800000,1.6734770000,
35.57257,37720,True,1.0000000000,4.0000000000,-0.0320000000,0.0000000000,0.0000000000,0.6063929000,-0.5779730000,0.5461089000,True,1.0000000000,4.0000000000,0.0320000000,0.0000000000,0.0000000000,0.5815246000,-0.5913208000,0.5587208000,0.0000000000,0.0000000000,0.0000000000,0.5940297000,-0.5847167000,0.5524809000,1.6652190000,
35.58961,37736,True,1.0000000000,4.0000000000,-0.0320000000,0.0000000000,0.0000000000,0.6065193000,-0.5779028000,0.5460428000,True,1.0000000000,4.0000000000,0.0320000000,0.0000000000,0.0000000000,0.5813891000,-0.5913911000,0.5587873000,0.0000000000,0.0000000000,0.0000000000,0.5940267000,-0.5847183000,0.5524825000,1.6478770000,
35.60046,37748,True,1.0000000000,4.0000000000,-0.0320000000,0.0000000000,0.0000000000,0.6065211000,-0.5779010000,0.5460427000,True,1.0000000000,4.0000000000,0.0320000000,0.0000000000,0.0000000000,0.5813895000,-0.5913900000,0.5587881000,0.0000000000,0.0000000000,0.0000000000,0.5940278000,-0.5847169000,0.5524828000,1.6477830000,
35.61133,37758,True,1.0000000000,4.0000000000,-0.0320000000,0.0000000000,0.0000000000,0.6065243000,-0.5779005000,0.5460397000,True,1.0000000000,4.0000000000,0.0320000000,0.0000000000,0.0000000000,0.5813845000,-0.5913938000,0.5587893000,0.0000000000,0.0000000000,0.0000000000,0.5940269000,-0.5847185000,0.5524819000,1.6472350000,
35.62229,37769,True,1.0000000000,4.0000000000,-0.0320000000,0.0000000000,0.0000000000,0.6065145000,-0.5779054000,0.5460454000,True,1.0000000000,4.0000000000,0.0320000000,0.0000000000,0.0000000000,0.5813945000,-0.5913882000,0.5587848000,0.0000000000,0.0000000000,0.0000000000,0.5940269000,-0.5847180000,0.5524824000,1.6485420000,
35.63356,37780,True,1.0000000000,4.0000000000,-0.0320000000,0.0000000000,0.0000000000,0.6064871000,-0.5779212000,0.5460592000,True,1.0000000000,4.0000000000,0.0320000000,0.0000000000,0.0000000000,0.5814231000,-0.5913739000,0.5587703000,0.0000000000,0.0000000000,0.0000000000,0.5940272000,-0.5847185000,0.5524818000,1.6522230000,
35.64498,37792,True,1.0000000000,4.0000000000,-0.0320000000,0.0000000000,0.0000000000,0.6064420000,-0.5779464000,0.5460824000,True,1.0000000000,4.0000000000,0.0320000000,0.0000000000,0.0000000000,0.5814708000,-0.5913494000,0.5587464000,0.0000000000,0.0000000000,0.0000000000,0.5940280000,-0.5847183000,0.5524809000,1.6583660000,
35.66424,37811,True,1.0000000000,4.0000000000,-0.0320000000,0.0000000000,0.0000000000,0.6063843000,-0.5779771000,0.5461141000,True,1.0000000000,4.0000000000,0.0320000000,0.0000000000,0.0000000000,0.5815365000,-0.5913139000,0.5587157000,0.0000000000,0.0000000000,0.0000000000,0.5940313000,-0.5847152000,0.5524808000,1.6665980000,
35.67798,37825,True,1.0000000000,4.0000000000,-0.0320000000,0.0000000000,0.0000000000,0.6062514000,-0.5780506000,0.5461838000,True,1.0000000000,4.0000000000,0.0320000000,0.0000000000,0.0000000000,0.5816770000,-0.5912408000,0.5586467000,0.0000000000,0.0000000000,0.0000000000,0.5940335000,-0.5847139000,0.5524797000,1.6851350000,
35.6984,37846,True,1.0000000000,4.0000000000,-0.0320000000,0.0000000000,0.0000000000,0.6061680000,-0.5780983000,0.5462258000,True,1.0000000000,4.0000000000,0.0320000000,0.0000000000,0.0000000000,0.5817634000,-0.5911974000,0.5586027000,0.0000000000,0.0000000000,0.0000000000,0.5940340000,-0.5847152000,0.5524778000,1.6968540000,
35.71164,37858,True,1.0000000000,4.0000000000,-0.0320000000,0.0000000000,0.0000000000,0.6059589000,-0.5782121000,0.5463374000,True,1.0000000000,4.0000000000,0.0320000000,0.0000000000,0.0000000000,0.5819915000,-0.5910767000,0.5584927000,0.0000000000,0.0000000000,0.0000000000,0.5940411000,-0.5847093000,0.5524764000,1.7277990000,
35.72292,37870,True,1.0000000000,4.0000000000,-0.0320000000,0.0000000000,0.0000000000,0.6058295000,-0.5782856000,0.5464032000,True,1.0000000000,4.0000000000,0.0320000000,0.0000000000,0.0000000000,0.5821249000,-0.5910091000,0.5584252000,0.0000000000,0.0000000000,0.0000000000,0.5940417000,-0.5847108000,0.5524741000,1.7469610000,
35.73366,37881,True,1.0000000000,4.0000000000,-0.0320000000,0.0000000000,0.0000000000,0.6056913000,-0.5783603000,0.5464772000,True,1.0000000000,4.0000000000,0.0320000000,0.0000000000,0.0000000000,0.5822769000,-0.5909283000,0.5583524000,0.0000000000,0.0000000000,0.0000000000,0.5940471000,-0.5847062000,0.5524733000,1.7685890000,
35.7622,37909,True,1.0000000000,4.0000000000,-0.0320000000,0.0000000000,0.0000000000,0.6055542000,-0.5784382000,0.5465469000,True,1.0000000000,4.0000000000,0.0320000000,0.0000000000,0.0000000000,0.5824207000,-0.5908554000,0.5582795000,0.0000000000,0.0000000000,0.0000000000,0.5940489000,-0.5847072000,0.5524703000,1.7900710000,
35.77792,37925,True,1.0000000000,4.0000000000,-0.0320000000,0.0000000000,0.0000000000,0.6050822000,-0.5786983000,0.5467942000,True,1.0000000000,4.0000000000,0.0320000000,0.0000000000,0.0000000000,0.5829242000,-0.5905922000,0.5580324000,0.0000000000,0.0000000000,0.0000000000,0.5940595000,-0.5847007000,0.5524657000,1.8688580000,
35.78941,37936,True,1.0000000000,4.0000000000,-0.0320000000,0.0000000000,0.0000000000,0.6049105000,-0.5787926000,0.5468844000,True,1.0000000000,4.0000000000,0.0320000000,0.0000000000,0.0000000000,0.5831055000,-0.5904971000,0.5579436000,0.0000000000,0.0000000000,0.0000000000,0.5940626000,-0.5846985000,0.5524648000,1.8991100000,
35.80005,37947,True,1.0000000000,4.0000000000,-0.0320000000,0.0000000000,0.0000000000,0.6047301000,-0.5788901000,0.5469806000,True,1.0000000000,4.0000000000,0.0320000000,0.0000000000,0.0000000000,0.5833002000,-0.5903935000,0.5578498000,0.0000000000,0.0000000000,0.0000000000,0.5940678000,-0.5846937000,0.5524642000,1.9323260000,
35.8113,37958,True,1.0000000000,4.0000000000,-0.0320000000,0.0000000000,0.0000000000,0.6045510000,-0.5789877000,0.5470754000,True,1.0000000000,4.0000000000,0.0320000000,0.0000000000,0.0000000000,0.5834932000,-0.5902914000,0.5577560000,0.0000000000,0.0000000000,0.0000000000,0.5940729000,-0.5846896000,0.5524630000,1.9664700000,
35.8858,38033,True,1.0000000000,4.0000000000,-0.0320000000,0.0000000000,0.0000000000,0.6044009000,-0.5790737000,0.5471501000,True,1.0000000000,4.0000000000,0.0320000000,0.0000000000,0.0000000000,0.5836462000,-0.5902148000,0.5576770000,0.0000000000,0.0000000000,0.0000000000,0.5940730000,-0.5846930000,0.5524595000,1.9951780000,
35.90002,38047,True,1.0000000000,4.0000000000,-0.0320000000,0.0000000000,0.0000000000,0.6032141000,-0.5797275000,0.5477672000,True,1.0000000000,4.0000000000,0.0320000000,0.0000000000,0.0000000000,0.5848985000,-0.5895598000,0.5570575000,0.0000000000,0.0000000000,0.0000000000,0.5940948000,-0.5846815000,0.5524482000,2.2608360000,
35.91109,38058,True,1.0000000000,4.0000000000,-0.0320000000,0.0000000000,0.0000000000,0.6030935000,-0.5797925000,0.5478311000,True,1.0000000000,4.0000000000,0.0320000000,0.0000000000,0.0000000000,0.5850262000,-0.5894915000,0.5569955000,0.0000000000,0.0000000000,0.0000000000,0.5940973000,-0.5846789000,0.5524482000,2.2919040000,
35.92228,38069,True,1.0000000000,4.0000000000,-0.0320000000,0.0000000000,0.0000000000,0.6029833000,-0.5798541000,0.5478872000,True,1.0000000000,4.0000000000,0.0320000000,0.0000000000,0.0000000000,0.5851412000,-0.5894323000,0.5569375000,0.0000000000,0.0000000000,0.0000000000,0.5940988000,-0.5846791000,0.5524464000,2.3208300000,
35.96992,38117,True,1.0000000000,4.0000000000,-0.0320000000,0.0000000000,0.0000000000,0.6029533000,-0.5798690000,0.5479044000,True,1.0000000000,4.0000000000,0.0320000000,0.0000000000,0.0000000000,0.5851747000,-0.5894132000,0.5569225000,0.0000000000,0.0000000000,0.0000000000,0.5941002000,-0.5846768000,0.5524472000,2.3291080000,
35.98212,38129,True,1.0000000000,4.0000000000,-0.0320000000,0.0000000000,0.0000000000,0.6024421000,-0.5801494000,0.5481699000,True,1.0000000000,4.0000000000,0.0320000000,0.0000000000,0.0000000000,0.5857112000,-0.5891313000,0.5566567000,0.0000000000,0.0000000000,0.0000000000,0.5941088000,-0.5846720000,0.5524432000,2.4749560000,
35.9999,38147,True,1.0000000000,4.0000000000,-0.0320000000,0.0000000000,0.0000000000,0.6024988000,-0.5801200000,0.5481387000,True,1.0000000000,4.0000000000,0.0320000000,0.0000000000,0.0000000000,0.5856506000,-0.5891649000,0.5566849000,0.0000000000,0.0000000000,0.0000000000,0.5941073000,-0.5846745000,0.5524421000,2.4577110000,
36.0113,38158,True,1.0000000000,4.0000000000,-0.0320000000,0.0000000000,0.0000000000,0.6024544000,-0.5801430000,0.5481632000,True,1.0000000000,4.0000000000,0.0320000000,0.0000000000,0.0000000000,0.5856988000,-0.5891382000,0.5566625000,0.0000000000,0.0000000000,0.0000000000,0.5941088000,-0.5846723000,0.5524428000,2.4712980000,
36.02201,38171,True,1.0000000000,4.0000000000,-0.0320000000,0.0000000000,0.0000000000,0.6024078000,-0.5801712000,0.5481845000,True,1.0000000000,4.0000000000,0.0320000000,0.0000000000,0.0000000000,0.5857434000,-0.5891174000,0.5566375000,0.0000000000,0.0000000000,0.0000000000,0.5941074000,-0.5846757000,0.5524406000,2.4848320000,
36.03649,38183,True,1.0000000000,4.0000000000,-0.0320000000,0.0000000000,0.0000000000,0.6379400000,-0.5597450000,0.5288838000,True,1.0000000000,4.0000000000,0.0320000000,0.0000000000,0.0000000000,0.5444077000,-0.6097057000,0.5760897000,0.0000000000,0.0000000000,0.0000000000,0.5921720000,-0.5857126000,0.5534195000,0.4435613000,
36.08401,38232,True,1.0000000000,4.0000000000,-0.0320000000,0.0000000000,0.0000000000,0.6399690000,-0.5585203000,0.5277261000,True,1.0000000000,4.0000000000,0.0320000000,0.0000000000,0.0000000000,0.5417672000,-0.6109470000,0.5772626000,0.0000000000,0.0000000000,0.0000000000,0.5919677000,-0.5858218000,0.5535225000,0.4225554000,
36.10016,38247,True,1.0000000000,4.0000000000,-0.0320000000,0.0000000000,0.0000000000,0.6402076000,-0.5583760000,0.5275893000,True,1.0000000000,4.0000000000,0.0320000000,0.0000000000,0.0000000000,0.5414571000,-0.6110926000,0.5773994000,0.0000000000,0.0000000000,0.0000000000,0.5919442000,-0.5858346000,0.5535340000,0.4202163000,
36.11116,38258,True,1.0000000000,4.0000000000,-0.0320000000,0.0000000000,0.0000000000,0.6392763000,-0.5589397000,0.5281214000,True,1.0000000000,4.0000000000,0.0320000000,0.0000000000,0.0000000000,0.5426741000,-0.6105222000,0.5768601000,0.0000000000,0.0000000000,0.0000000000,0.5920395000,-0.5857839000,0.5534857000,0.4295212000,
36.12222,38269,True,1.0000000000,4.0000000000,-0.0320000000,0.0000000000,0.0000000000,0.6388979000,-0.5591653000,0.5283405000,True,1.0000000000,4.0000000000,0.0320000000,0.0000000000,0.0000000000,0.5431675000,-0.6102872000,0.5766442000,0.0000000000,0.0000000000,0.0000000000,0.5920779000,-0.5857604000,0.5534695000,0.4334166000,
36.13324,38286,True,1.0000000000,4.0000000000,-0.0320000000,0.0000000000,0.0000000000,0.6024368000,-0.5801536000,0.5481713000,True,1.0000000000,4.0000000000,0.0320000000,0.0000000000,0.0000000000,0.5857161000,-0.5891300000,0.5566529000,0.0000000000,0.0000000000,0.0000000000,0.5941086000,-0.5846733000,0.5524419000,2.4764490000,
36.15539,38302,True,1.0000000000,4.0000000000,-0.0320000000,0.0000000000,0.0000000000,0.6024887000,-0.5801252000,0.5481443000,True,1.0000000000,4.0000000000,0.0320000000,0.0000000000,0.0000000000,0.5856618000,-0.5891586000,0.5566798000,0.0000000000,0.0000000000,0.0000000000,0.5941077000,-0.5846739000,0.5524423000,2.4608170000,
36.17743,38325,True,1.0000000000,4.0000000000,-0.0320000000,0.0000000000,0.0000000000,0.6024332000,-0.5801561000,0.5481727000,True,1.0000000000,4.0000000000,0.0320000000,0.0000000000,0.0000000000,0.5857188000,-0.5891291000,0.5566511000,0.0000000000,0.0000000000,0.0000000000,0.5941080000,-0.5846742000,0.5524417000,2.4773930000,
36.19978,38347,True,1.0000000000,4.0000000000,-0.0320000000,0.0000000000,0.0000000000,0.6022696000,-0.5802447000,0.5482585000,True,1.0000000000,4.0000000000,0.0320000000,0.0000000000,0.0000000000,0.5858914000,-0.5890373000,0.5565665000,0.0000000000,0.0000000000,0.0000000000,0.5941114000,-0.5846713000,0.5524412000,2.5282290000,
36.22201,38369,True,1.0000000000,4.0000000000,-0.0320000000,0.0000000000,0.0000000000,0.6381543000,-0.5596155000,0.5287623000,True,1.0000000000,4.0000000000,0.0320000000,0.0000000000,0.0000000000,0.5441309000,-0.6098354000,0.5762138000,0.0000000000,0.0000000000,0.0000000000,0.5921512000,-0.5857231000,0.5534307000,0.4412538000,
36.24482,38392,True,1.0000000000,4.0000000000,-0.0320000000,0.0000000000,0.0000000000,0.6404295000,-0.5582387000,0.5274653000,True,1.0000000000,4.0000000000,0.0320000000,0.0000000000,0.0000000000,0.5411692000,-0.6112242000,0.5775300000,0.0000000000,0.0000000000,0.0000000000,0.5919226000,-0.5858431000,0.5535480000,0.4180670000,
36.26708,38414,True,1.0000000000,4.0000000000,-0.0320000000,0.0000000000,0.0000000000,0.6408720000,-0.5579692000,0.5272130000,True,1.0000000000,4.0000000000,0.0320000000,0.0000000000,0.0000000000,0.5405876000,-0.6114950000,0.5777881000,0.0000000000,0.0000000000,0.0000000000,0.5918762000,-0.5858668000,0.5535727000,0.4138168000,
36.2889,38436,True,1.0000000000,4.0000000000,-0.0320000000,0.0000000000,0.0000000000,0.6018497000,-0.5804752000,0.5484757000,True,1.0000000000,4.0000000000,0.0320000000,0.0000000000,0.0000000000,0.5863289000,-0.5888076000,0.5563488000,0.0000000000,0.0000000000,0.0000000000,0.5941169000,-0.5846686000,0.5524380000,2.6678870000,
36.31128,38458,True,1.0000000000,4.0000000000,-0.0320000000,0.0000000000,0.0000000000,0.6017562000,-0.5805266000,0.5485239000,True,1.0000000000,4.0000000000,0.0320000000,0.0000000000,0.0000000000,0.5864276000,-0.5887559000,0.5562996000,0.0000000000,0.0000000000,0.0000000000,0.5941189000,-0.5846678000,0.5524368000,2.7013230000,
36.33468,38482,True,1.0000000000,4.0000000000,-0.0320000000,0.0000000000,0.0000000000,0.6016626000,-0.5805786000,0.5485716000,True,1.0000000000,4.0000000000,0.0320000000,0.0000000000,0.0000000000,0.5865229000,-0.5887065000,0.5562514000,0.0000000000,0.0000000000,0.0000000000,0.5941191000,-0.5846685000,0.5524359000,2.7350470000,
36.35607,38503,True,1.0000000000,4.0000000000,-0.0320000000,0.0000000000,0.0000000000,0.6015781000,-0.5806198000,0.5486206000,True,1.0000000000,4.0000000000,0.0320000000,0.0000000000,0.0000000000,0.5866156000,-0.5886526000,0.5562108000,0.0000000000,0.0000000000,0.0000000000,0.5941225000,-0.5846614000,0.5524396000,2.7674190000,
36.37785,38525,True,1.0000000000,4.0000000000,-0.0320000000,0.0000000000,0.0000000000,0.6014858000,-0.5806755000,0.5486627000,True,1.0000000000,4.0000000000,0.0320000000,0.0000000000,0.0000000000,0.5867085000,-0.5886090000,0.5561588000,0.0000000000,0.0000000000,0.0000000000,0.5941222000,-0.5846670000,0.5524340000,2.8021170000,
36.39964,38547,True,1.0000000000,4.0000000000,-0.0320000000,0.0000000000,0.0000000000,0.6013864000,-0.5807287000,0.5487155000,True,1.0000000000,4.0000000000,0.0320000000,0.0000000000,0.0000000000,0.5868125000,-0.5885529000,0.5561085000,0.0000000000,0.0000000000,0.0000000000,0.5941238000,-0.5846647000,0.5524346000,2.8411930000,
36.42194,38569,True,1.0000000000,4.0000000000,-0.0320000000,0.0000000000,0.0000000000,0.6012970000,-0.5807776000,0.5487617000,True,1.0000000000,4.0000000000,0.0320000000,0.0000000000,0.0000000000,0.5869046000,-0.5885044000,0.5560626000,0.0000000000,0.0000000000,0.0000000000,0.5941246000,-0.5846643000,0.5524343000,2.8770220000,
36.44444,38591,True,1.0000000000,4.0000000000,-0.0320000000,0.0000000000,0.0000000000,0.6012759000,-0.5807881000,0.5487735000,True,1.0000000000,4.0000000000,0.0320000000,0.0000000000,0.0000000000,0.5869284000,-0.5884910000,0.5560518000,0.0000000000,0.0000000000,0.0000000000,0.5941258000,-0.5846629000,0.5524346000,2.8860120000,
36.46643,38613,True,1.0000000000,4.0000000000,-0.0320000000,0.0000000000,0.0000000000,0.6013343000,-0.5807567000,0.5487428000,True,1.0000000000,4.0000000000,0.0320000000,0.0000000000,0.0000000000,0.5868669000,-0.5885239000,0.5560818000,0.0000000000,0.0000000000,0.0000000000,0.5941246000,-0.5846639000,0.5524346000,2.8621000000,
36.49063,38638,True,1.0000000000,4.0000000000,-0.0320000000,0.0000000000,0.0000000000,0.6013756000,-0.5807359000,0.5487196000,True,1.0000000000,4.0000000000,0.0320000000,0.0000000000,0.0000000000,0.5868228000,-0.5885488000,0.5561019000,0.0000000000,0.0000000000,0.0000000000,0.5941235000,-0.5846663000,0.5524334000,2.8453310000,
36.51095,38658,True,1.0000000000,4.0000000000,-0.0320000000,0.0000000000,0.0000000000,0.6013960000,-0.5807256000,0.5487083000,True,1.0000000000,4.0000000000,0.0320000000,0.0000000000,0.0000000000,0.5868000000,-0.5885617000,0.5561124000,0.0000000000,0.0000000000,0.0000000000,0.5941224000,-0.5846676000,0.5524331000,2.8369150000,
36.53309,38680,True,1.0000000000,4.0000000000,-0.0320000000,0.0000000000,0.0000000000,0.6014441000,-0.5806980000,0.5486847000,True,1.0000000000,4.0000000000,0.0320000000,0.0000000000,0.0000000000,0.5867510000,-0.5885862000,0.5561380000,0.0000000000,0.0000000000,0.0000000000,0.5941224000,-0.5846664000,0.5524344000,2.8181770000,
36.55553,38702,True,1.0000000000,4.0000000000,-0.0320000000,0.0000000000,0.0000000000,0.6014796000,-0.5806811000,0.5486637000,True,1.0000000000,4.0000000000,0.0320000000,0.0000000000,0.0000000000,0.5867121000,-0.5886093000,0.5561547000,0.0000000000,0.0000000000,0.0000000000,0.5941208000,-0.5846699000,0.5524324000,2.8039740000,
36.57779,38725,True,1.0000000000,4.0000000000,-0.0320000000,0.0000000000,0.0000000000,0.6014822000,-0.5806754000,0.5486668000,True,1.0000000000,4.0000000000,0.0320000000,0.0000000000,0.0000000000,0.5867137000,-0.5886042000,0.5561585000,0.0000000000,0.0000000000,0.0000000000,0.5941230000,-0.5846645000,0.5524359000,2.8037760000,
36.59984,38747,True,1.0000000000,4.0000000000,-0.0320000000,0.0000000000,0.0000000000,0.6014995000,-0.5806690000,0.5486546000,True,1.0000000000,4.0000000000,0.0320000000,0.0000000000,0.0000000000,0.5866923000,-0.5886186000,0.5561658000,0.0000000000,0.0000000000,0.0000000000,0.5941210000,-0.5846686000,0.5524336000,2.7964470000,
36.62865,38776,True,1.0000000000,4.0000000000,-0.0320000000,0.0000000000,0.0000000000,0.6015607000,-0.5806338000,0.5486247000,True,1.0000000000,4.0000000000,0.0320000000,0.0000000000,0.0000000000,0.5866303000,-0.5886495000,0.5561985000,0.0000000000,0.0000000000,0.0000000000,0.5941211000,-0.5846668000,0.5524354000,2.7733740000,
36.64402,38791,True,1.0000000000,4.0000000000,-0.0320000000,0.0000000000,0.0000000000,0.6015675000,-0.5806314000,0.5486199000,True,1.0000000000,4.0000000000,0.0320000000,0.0000000000,0.0000000000,0.5866219000,-0.5886552000,0.5562012000,0.0000000000,0.0000000000,0.0000000000,0.5941203000,-0.5846685000,0.5524344000,2.7705420000,
36.6552,38802,True,1.0000000000,4.0000000000,-0.0320000000,0.0000000000,0.0000000000,0.6016178000,-0.5806040000,0.5485937000,True,1.0000000000,4.0000000000,0.0320000000,0.0000000000,0.0000000000,0.5865695000,-0.5886828000,0.5562272000,0.0000000000,0.0000000000,0.0000000000,0.5941196000,-0.5846690000,0.5524346000,2.7516530000,
36.66652,38813,True,1.0000000000,4.0000000000,-0.0320000000,0.0000000000,0.0000000000,0.6016136000,-0.5806028000,0.5485997000,True,1.0000000000,4.0000000000,0.0320000000,0.0000000000,0.0000000000,0.5865766000,-0.5886756000,0.5562274000,0.0000000000,0.0000000000,0.0000000000,0.5941211000,-0.5846648000,0.5524377000,2.7537080000,
36.6779,38825,True,1.0000000000,4.0000000000,-0.0320000000,0.0000000000,0.0000000000,0.6016214000,-0.5806020000,0.5485918000,True,1.0000000000,4.0000000000,0.0320000000,0.0000000000,0.0000000000,0.5865657000,-0.5886849000,0.5562291000,0.0000000000,0.0000000000,0.0000000000,0.5941195000,-0.5846691000,0.5524346000,2.7502920000,
36.68904,38836,True,1.0000000000,4.0000000000,-0.0320000000,0.0000000000,0.0000000000,0.6016424000,-0.5805880000,0.5485836000,True,1.0000000000,4.0000000000,0.0320000000,0.0000000000,0.0000000000,0.5865467000,-0.5886924000,0.5562412000,0.0000000000,0.0000000000,0.0000000000,0.5941207000,-0.5846660000,0.5524368000,2.7429950000,
36.70582,38853,True,1.0000000000,4.0000000000,-0.0320000000,0.0000000000,0.0000000000,0.6016538000,-0.5805822000,0.5485774000,True,1.0000000000,4.0000000000,0.0320000000,0.0000000000,0.0000000000,0.5865332000,-0.5886999000,0.5562475000,0.0000000000,0.0000000000,0.0000000000,0.5941197000,-0.5846668000,0.5524368000,2.7385090000,
36.72342,38870,True,1.0000000000,4.0000000000,-0.0320000000,0.0000000000,0.0000000000,0.6016747000,-0.5805706000,0.5485667000,True,1.0000000000,4.0000000000,0.0320000000,0.0000000000,0.0000000000,0.5865131000,-0.5887102000,0.5562577000,0.0000000000,0.0000000000,0.0000000000,0.5941203000,-0.5846664000,0.5524368000,2.7310900000,
36.73331,38880,True,1.0000000000,4.0000000000,-0.0320000000,0.0000000000,0.0000000000,0.6016796000,-0.5805680000,0.5485641000,True,1.0000000000,4.0000000000,0.0320000000,0.0000000000,0.0000000000,0.5865070000,-0.5887136000,0.5562606000,0.0000000000,0.0000000000,0.0000000000,0.5941197000,-0.5846668000,0.5524369000,2.7291130000,
36.74444,38891,True,1.0000000000,4.0000000000,-0.0320000000,0.0000000000,0.0000000000,0.6016832000,-0.5805672000,0.5485609000,True,1.0000000000,4.0000000000,0.0320000000,0.0000000000,0.0000000000,0.5865015000,-0.5887178000,0.5562620000,0.0000000000,0.0000000000,0.0000000000,0.5941188000,-0.5846685000,0.5524361000,2.7274760000,
36.75555,38902,True,1.0000000000,4.0000000000,-0.0320000000,0.0000000000,0.0000000000,0.6016838000,-0.5805638000,0.5485638000,True,1.0000000000,4.0000000000,0.0320000000,0.0000000000,0.0000000000,0.5865043000,-0.5887132000,0.5562640000,0.0000000000,0.0000000000,0.0000000000,0.5941205000,-0.5846645000,0.5524384000,2.7278360000,
36.7667,38914,True,1.0000000000,4.0000000000,-0.0320000000,0.0000000000,0.0000000000,0.6016845000,-0.5805628000,0.5485642000,True,1.0000000000,4.0000000000,0.0320000000,0.0000000000,0.0000000000,0.5865037000,-0.5887128000,0.5562649000,0.0000000000,0.0000000000,0.0000000000,0.5941205000,-0.5846638000,0.5524392000,2.7276230000,
36.77757,38924,True,1.0000000000,4.0000000000,-0.0320000000,0.0000000000,0.0000000000,0.6016778000,-0.5805697000,0.5485643000,True,1.0000000000,4.0000000000,0.0320000000,0.0000000000,0.0000000000,0.5865078000,-0.5887138000,0.5562595000,0.0000000000,0.0000000000,0.0000000000,0.5941192000,-0.5846677000,0.5524365000,2.7295820000,
36.78876,38936,True,1.0000000000,4.0000000000,-0.0320000000,0.0000000000,0.0000000000,0.6016745000,-0.5805701000,0.5485674000,True,1.0000000000,4.0000000000,0.0320000000,0.0000000000,0.0000000000,0.5865130000,-0.5887098000,0.5562584000,0.0000000000,0.0000000000,0.0000000000,0.5941201000,-0.5846659000,0.5524374000,2.7311030000,
36.8015,38949,True,1.0000000000,4.0000000000,-0.0320000000,0.0000000000,0.0000000000,0.6016642000,-0.5805774000,0.5485709000,True,1.0000000000,4.0000000000,0.0320000000,0.0000000000,0.0000000000,0.5865226000,-0.5887064000,0.5562517000,0.0000000000,0.0000000000,0.0000000000,0.5941197000,-0.5846679000,0.5524358000,2.7346970000,
36.81091,38958,True,1.0000000000,4.0000000000,-0.0320000000,0.0000000000,0.0000000000,0.6016549000,-0.5805843000,0.5485739000,True,1.0000000000,4.0000000000,0.0320000000,0.0000000000,0.0000000000,0.5865297000,-0.5887043000,0.5562463000,0.0000000000,0.0000000000,0.0000000000,0.5941186000,-0.5846701000,0.5524345000,2.7376540000,
36.82265,38970,True,1.0000000000,4.0000000000,-0.0320000000,0.0000000000,0.0000000000,0.6016442000,-0.5805873000,0.5485824000,True,1.0000000000,4.0000000000,0.0320000000,0.0000000000,0.0000000000,0.5865437000,-0.5886942000,0.5562425000,0.0000000000,0.0000000000,0.0000000000,0.5941201000,-0.5846665000,0.5524368000,2.7421250000,
36.83303,38980,True,1.0000000000,4.0000000000,-0.0320000000,0.0000000000,0.0000000000,0.6016291000,-0.5805964000,0.5485893000,True,1.0000000000,4.0000000000,0.0320000000,0.0000000000,0.0000000000,0.5865592000,-0.5886869000,0.5562338000,0.0000000000,0.0000000000,0.0000000000,0.5941202000,-0.5846673000,0.5524358000,2.7476970000,
36.84666,38994,True,1.0000000000,4.0000000000,-0.0320000000,0.0000000000,0.0000000000,0.6016174000,-0.5806026000,0.5485957000,True,1.0000000000,4.0000000000,0.0320000000,0.0000000000,0.0000000000,0.5865714000,-0.5886802000,0.5562280000,0.0000000000,0.0000000000,0.0000000000,0.5941204000,-0.5846669000,0.5524360000,2.7520660000,
36.85505,39002,True,1.0000000000,4.0000000000,-0.0320000000,0.0000000000,0.0000000000,0.6016092000,-0.5806085000,0.5485983000,True,1.0000000000,4.0000000000,0.0320000000,0.0000000000,0.0000000000,0.5865783000,-0.5886781000,0.5562230000,0.0000000000,0.0000000000,0.0000000000,0.5941197000,-0.5846688000,0.5524347000,2.7548250000,
36.86619,39015,True,1.0000000000,4.0000000000,-0.0320000000,0.0000000000,0.0000000000,0.6016033000,-0.5806129000,0.5486001000,True,1.0000000000,4.0000000000,0.0320000000,0.0000000000,0.0000000000,0.5865828000,-0.5886769000,0.5562195000,0.0000000000,0.0000000000,0.0000000000,0.5941190000,-0.5846704000,0.5524339000,2.7567500000,
36.87775,39025,True,1.0000000000,4.0000000000,-0.0320000000,0.0000000000,0.0000000000,0.6016016000,-0.5806086000,0.5486066000,True,1.0000000000,4.0000000000,0.0320000000,0.0000000000,0.0000000000,0.5865905000,-0.5886676000,0.5562213000,0.0000000000,0.0000000000,0.0000000000,0.5941219000,-0.5846636000,0.5524380000,2.7584430000,
36.88881,39036,True,1.0000000000,4.0000000000,-0.0320000000,0.0000000000,0.0000000000,0.6015935000,-0.5806152000,0.5486085000,True,1.0000000000,4.0000000000,0.0320000000,0.0000000000,0.0000000000,0.5865973000,-0.5886660000,0.5562158000,0.0000000000,0.0000000000,0.0000000000,0.5941212000,-0.5846660000,0.5524361000,2.7612000000,
36.90008,39047,True,1.0000000000,4.0000000000,-0.0320000000,0.0000000000,0.0000000000,0.6015893000,-0.5806156000,0.5486127000,True,1.0000000000,4.0000000000,0.0320000000,0.0000000000,0.0000000000,0.5866041000,-0.5886607000,0.5562143000,0.0000000000,0.0000000000,0.0000000000,0.5941225000,-0.5846635000,0.5524374000,2.7632200000,
36.91119,39058,True,1.0000000000,4.0000000000,-0.0320000000,0.0000000000,0.0000000000,0.6015932000,-0.5806125000,0.5486116000,True,1.0000000000,4.0000000000,0.0320000000,0.0000000000,0.0000000000,0.5866001000,-0.5886618000,0.5562173000,0.0000000000,0.0000000000,0.0000000000,0.5941225000,-0.5846625000,0.5524384000,2.7617550000,
36.92206,39069,True,1.0000000000,4.0000000000,-0.0320000000,0.0000000000,0.0000000000,0.6015949000,-0.5806175000,0.5486046000,True,1.0000000000,4.0000000000,0.0320000000,0.0000000000,0.0000000000,0.5865921000,-0.5886720000,0.5562150000,0.0000000000,0.0000000000,0.0000000000,0.5941193000,-0.5846702000,0.5524338000,2.7600030000,
36.93315,39080,True,1.0000000000,4.0000000000,-0.0320000000,0.0000000000,0.0000000000,0.6016120000,-0.5806050000,0.5485990000,True,1.0000000000,4.0000000000,0.0320000000,0.0000000000,0.0000000000,0.5865774000,-0.5886766000,0.5562256000,0.0000000000,0.0000000000,0.0000000000,0.5941207000,-0.5846664000,0.5524364000,2.7541370000,
36.94432,39091,True,1.0000000000,4.0000000000,-0.0320000000,0.0000000000,0.0000000000,0.6016316000,-0.5805950000,0.5485882000,True,1.0000000000,4.0000000000,0.0320000000,0.0000000000,0.0000000000,0.5865567000,-0.5886881000,0.5562352000,0.0000000000,0.0000000000,0.0000000000,0.5941202000,-0.5846671000,0.5524359000,2.7467740000,
36.95547,39102,True,1.0000000000,4.0000000000,-0.0320000000,0.0000000000,0.0000000000,0.6016540000,-0.5805831000,0.5485762000,True,1.0000000000,4.0000000000,0.0320000000,0.0000000000,0.0000000000,0.5865334000,-0.5887008000,0.5562465000,0.0000000000,0.0000000000,0.0000000000,0.5941199000,-0.5846677000,0.5524358000,2.7384720000,
36.96624,39113,True,1.0000000000,4.0000000000,-0.0320000000,0.0000000000,0.0000000000,0.6016763000,-0.5805694000,0.5485662000,True,1.0000000000,4.0000000000,0.0320000000,0.0000000000,0.0000000000,0.5865104000,-0.5887114000,0.5562594000,0.0000000000,0.0000000000,0.0000000000,0.5941197000,-0.5846664000,0.5524373000,2.7303080000,
36.97845,39125,True,1.0000000000,4.0000000000,-0.0320000000,0.0000000000,0.0000000000,0.6016859000,-0.5805670000,0.5485581000,True,1.0000000000,4.0000000000,0.0320000000,0.0000000000,0.0000000000,0.5864986000,-0.5887206000,0.5562621000,0.0000000000,0.0000000000,0.0000000000,0.5941187000,-0.5846699000,0.5524347000,2.7264540000,
36.99003,39137,True,1.0000000000,4.0000000000,-0.0320000000,0.0000000000,0.0000000000,0.6016924000,-0.5805609000,0.5485576000,True,1.0000000000,4.0000000000,0.0320000000,0.0000000000,0.0000000000,0.5864947000,-0.5887199000,0.5562670000,0.0000000000,0.0000000000,0.0000000000,0.5941200000,-0.5846664000,0.5524369000,2.7245880000,
36.9997,39146,True,1.0000000000,4.0000000000,-0.0320000000,0.0000000000,0.0000000000,0.6016960000,-0.5805611000,0.5485535000,True,1.0000000000,4.0000000000,0.0320000000,0.0000000000,0.0000000000,0.5864888000,-0.5887252000,0.5562676000,0.0000000000,0.0000000000,0.0000000000,0.5941189000,-0.5846692000,0.5524352000,2.7229030000,
37.0108,39158,True,1.0000000000,4.0000000000,-0.0320000000,0.0000000000,0.0000000000,0.6017029000,-0.5805523000,0.5485550000,True,1.0000000000,4.0000000000,0.0320000000,0.0000000000,0.0000000000,0.5864856000,-0.5887219000,0.5562744000,0.0000000000,0.0000000000,0.0000000000,0.5941209000,-0.5846633000,0.5524394000,2.7210770000,
37.02246,39169,True,1.0000000000,4.0000000000,-0.0320000000,0.0000000000,0.0000000000,0.6016963000,-0.5805610000,0.5485532000,True,1.0000000000,4.0000000000,0.0320000000,0.0000000000,0.0000000000,0.5864878000,-0.5887259000,0.5562679000,0.0000000000,0.0000000000,0.0000000000,0.5941186000,-0.5846695000,0.5524352000,2.7226840000,
37.03325,39180,True,1.0000000000,4.0000000000,-0.0320000000,0.0000000000,0.0000000000,0.6016909000,-0.5805607000,0.5485592000,True,1.0000000000,4.0000000000,0.0320000000,0.0000000000,0.0000000000,0.5864966000,-0.5887181000,0.5562669000,0.0000000000,0.0000000000,0.0000000000,0.5941203000,-0.5846655000,0.5524377000,2.7251800000,
37.04434,39192,True,1.0000000000,4.0000000000,-0.0320000000,0.0000000000,0.0000000000,0.6017027000,-0.5805556000,0.5485518000,True,1.0000000000,4.0000000000,0.0320000000,0.0000000000,0.0000000000,0.5864820000,-0.5887269000,0.5562727000,0.0000000000,0.0000000000,0.0000000000,0.5941190000,-0.5846674000,0.5524370000,2.7204910000,
37.05545,39202,True,1.0000000000,4.0000000000,-0.0320000000,0.0000000000,0.0000000000,0.6017082000,-0.5805537000,0.5485478000,True,1.0000000000,4.0000000000,0.0320000000,0.0000000000,0.0000000000,0.5864757000,-0.5887314000,0.5562748000,0.0000000000,0.0000000000,0.0000000000,0.5941186000,-0.5846688000,0.5524360000,2.7183740000,
37.06651,39213,True,1.0000000000,4.0000000000,-0.0320000000,0.0000000000,0.0000000000,0.6017187000,-0.5805448000,0.5485457000,True,1.0000000000,4.0000000000,0.0320000000,0.0000000000,0.0000000000,0.5864685000,-0.5887322000,0.5562816000,0.0000000000,0.0000000000,0.0000000000,0.5941203000,-0.5846648000,0.5524384000,2.7151920000,
37.07793,39225,True,1.0000000000,4.0000000000,-0.0320000000,0.0000000000,0.0000000000,0.6017305000,-0.5805423000,0.5485354000,True,1.0000000000,4.0000000000,0.0320000000,0.0000000000,0.0000000000,0.5864519000,-0.5887448000,0.5562857000,0.0000000000,0.0000000000,0.0000000000,0.5941180000,-0.5846699000,0.5524355000,2.7101840000,
37.08889,39236,True,1.0000000000,4.0000000000,-0.0320000000,0.0000000000,0.0000000000,0.6017525000,-0.5805289000,0.5485255000,True,1.0000000000,4.0000000000,0.0320000000,0.0000000000,0.0000000000,0.5864319000,-0.5887540000,0.5562971000,0.0000000000,0.0000000000,0.0000000000,0.5941191000,-0.5846679000,0.5524364000,2.7027350000,
37.09976,39246,True,1.0000000000,4.0000000000,-0.0320000000,0.0000000000,0.0000000000,0.6017780000,-0.5805150000,0.5485123000,True,1.0000000000,4.0000000000,0.0320000000,0.0000000000,0.0000000000,0.5864053000,-0.5887679000,0.5563103000,0.0000000000,0.0000000000,0.0000000000,0.5941188000,-0.5846682000,0.5524365000,2.6935870000,
37.11086,39258,True,1.0000000000,4.0000000000,-0.0320000000,0.0000000000,0.0000000000,0.6018028000,-0.5805001000,0.5485008000,True,1.0000000000,4.0000000000,0.0320000000,0.0000000000,0.0000000000,0.5863793000,-0.5887804000,0.5563245000,0.0000000000,0.0000000000,0.0000000000,0.5941184000,-0.5846671000,0.5524380000,2.6847200000,
37.12219,39269,True,1.0000000000,4.0000000000,-0.0320000000,0.0000000000,0.0000000000,0.6018341000,-0.5804840000,0.5484834000,True,1.0000000000,4.0000000000,0.0320000000,0.0000000000,0.0000000000,0.5863439000,-0.5888001000,0.5563411000,0.0000000000,0.0000000000,0.0000000000,0.5941165000,-0.5846692000,0.5524378000,2.6731650000,
37.13426,39281,True,1.0000000000,4.0000000000,-0.0320000000,0.0000000000,0.0000000000,0.6018636000,-0.5804720000,0.5484638000,True,1.0000000000,4.0000000000,0.0320000000,0.0000000000,0.0000000000,0.5863083000,-0.5888230000,0.5563543000,0.0000000000,0.0000000000,0.0000000000,0.5941137000,-0.5846748000,0.5524349000,2.6619940000,
37.14404,39291,True,1.0000000000,4.0000000000,-0.0320000000,0.0000000000,0.0000000000,0.6019020000,-0.5804482000,0.5484470000,True,1.0000000000,4.0000000000,0.0320000000,0.0000000000,0.0000000000,0.5862718000,-0.5888394000,0.5563756000,0.0000000000,0.0000000000,0.0000000000,0.5941149000,-0.5846713000,0.5524373000,2.6492230000,
37.15955,39308,True,1.0000000000,4.0000000000,-0.0320000000,0.0000000000,0.0000000000,0.6019437000,-0.5804253000,0.5484253000,True,1.0000000000,4.0000000000,0.0320000000,0.0000000000,0.0000000000,0.5862282000,-0.5888623000,0.5563971000,0.0000000000,0.0000000000,0.0000000000,0.5941142000,-0.5846717000,0.5524375000,2.6348330000,
37.17763,39324,True,1.0000000000,4.0000000000,-0.0320000000,0.0000000000,0.0000000000,0.6020415000,-0.5803709000,0.5483754000,True,1.0000000000,4.0000000000,0.0320000000,0.0000000000,0.0000000000,0.5861272000,-0.5889147000,0.5564480000,0.0000000000,0.0000000000,0.0000000000,0.5941135000,-0.5846714000,0.5524387000,2.6019290000,
37.18863,39336,True,1.0000000000,4.0000000000,-0.0320000000,0.0000000000,0.0000000000,0.6020966000,-0.5803409000,0.5483467000,True,1.0000000000,4.0000000000,0.0320000000,0.0000000000,0.0000000000,0.5860704000,-0.5889447000,0.5564761000,0.0000000000,0.0000000000,0.0000000000,0.5941130000,-0.5846717000,0.5524389000,2.5837650000,
37.19953,39346,True,1.0000000000,4.0000000000,-0.0320000000,0.0000000000,0.0000000000,0.6021466000,-0.5803117000,0.5483227000,True,1.0000000000,4.0000000000,0.0320000000,0.0000000000,0.0000000000,0.5860212000,-0.5889688000,0.5565026000,0.0000000000,0.0000000000,0.0000000000,0.5941137000,-0.5846696000,0.5524404000,2.5678580000,
37.21073,39358,True,1.0000000000,4.0000000000,-0.0320000000,0.0000000000,0.0000000000,0.6021950000,-0.5802863000,0.5482965000,True,1.0000000000,4.0000000000,0.0320000000,0.0000000000,0.0000000000,0.5859683000,-0.5889976000,0.5565276000,0.0000000000,0.0000000000,0.0000000000,0.5941119000,-0.5846717000,0.5524402000,2.5518340000,
37.22227,39369,True,1.0000000000,4.0000000000,-0.0320000000,0.0000000000,0.0000000000,0.6022457000,-0.5802598000,0.5482689000,True,1.0000000000,4.0000000000,0.0320000000,0.0000000000,0.0000000000,0.5859144000,-0.5890272000,0.5565530000,0.0000000000,0.0000000000,0.0000000000,0.5941106000,-0.5846736000,0.5524395000,2.5354860000,
37.23835,39385,True,1.0000000000,4.0000000000,-0.0320000000,0.0000000000,0.0000000000,0.6023102000,-0.5802230000,0.5482368000,True,1.0000000000,4.0000000000,0.0320000000,0.0000000000,0.0000000000,0.5858478000,-0.5890608000,0.5565875000,0.0000000000,0.0000000000,0.0000000000,0.5941101000,-0.5846726000,0.5524411000,2.5153010000,
37.25522,39402,True,1.0000000000,4.0000000000,-0.0320000000,0.0000000000,0.0000000000,0.6024569000,-0.5801427000,0.5481607000,True,1.0000000000,4.0000000000,0.0320000000,0.0000000000,0.0000000000,0.5856945000,-0.5891416000,0.5566635000,0.0000000000,0.0000000000,0.0000000000,0.5941079000,-0.5846739000,0.5524420000,2.4702860000,
37.26645,39413,True,1.0000000000,4.0000000000,-0.0320000000,0.0000000000,0.0000000000,0.6025461000,-0.5800902000,0.5481182000,True,1.0000000000,4.0000000000,0.0320000000,0.0000000000,0.0000000000,0.5856077000,-0.5891835000,0.5567103000,0.0000000000,0.0000000000,0.0000000000,0.5941098000,-0.5846692000,0.5524449000,2.4446160000,
37.27705,39424,True,1.0000000000,4.0000000000,-0.0320000000,0.0000000000,0.0000000000,0.6026297000,-0.5800508000,0.5480680000,True,1.0000000000,4.0000000000,0.0320000000,0.0000000000,0.0000000000,0.5855060000,-0.5892436000,0.5567539000,0.0000000000,0.0000000000,0.0000000000,0.5941015000,-0.5846803000,0.5524422000,2.4181910000,
37.29045,39437,True,1.0000000000,4.0000000000,-0.0320000000,0.0000000000,0.0000000000,0.6027186000,-0.5799997000,0.5480243000,True,1.0000000000,4.0000000000,0.0320000000,0.0000000000,0.0000000000,0.5854176000,-0.5892877000,0.5568001000,0.0000000000,0.0000000000,0.0000000000,0.5941024000,-0.5846775000,0.5524442000,2.3933950000,
37.29917,39446,True,1.0000000000,4.0000000000,-0.0320000000,0.0000000000,0.0000000000,0.6028033000,-0.5799530000,0.5479806000,True,1.0000000000,4.0000000000,0.0320000000,0.0000000000,0.0000000000,0.5853304000,-0.5893331000,0.5568436000,0.0000000000,0.0000000000,0.0000000000,0.5941019000,-0.5846775000,0.5524447000,2.3698540000,
37.31047,39457,True,1.0000000000,4.0000000000,-0.0320000000,0.0000000000,0.0000000000,0.6028881000,-0.5799060000,0.5479369000,True,1.0000000000,4.0000000000,0.0320000000,0.0000000000,0.0000000000,0.5852430000,-0.5893787000,0.5568873000,0.0000000000,0.0000000000,0.0000000000,0.5941014000,-0.5846775000,0.5524454000,2.3467360000,
37.33052,39478,True,1.0000000000,4.0000000000,-0.0320000000,0.0000000000,0.0000000000,0.6029876000,-0.5798501000,0.5478866000,True,1.0000000000,4.0000000000,0.0320000000,0.0000000000,0.0000000000,0.5851372000,-0.5894328000,0.5569411000,0.0000000000,0.0000000000,0.0000000000,0.5940990000,-0.5846775000,0.5524479000,2.3197470000,
37.3437,39491,True,1.0000000000,4.0000000000,-0.0320000000,0.0000000000,0.0000000000,0.6031817000,-0.5797455000,0.5477839000,True,1.0000000000,4.0000000000,0.0320000000,0.0000000000,0.0000000000,0.5849325000,-0.5895420000,0.5570405000,0.0000000000,0.0000000000,0.0000000000,0.5940953000,-0.5846813000,0.5524477000,2.2690740000,
37.35484,39502,True,1.0000000000,4.0000000000,-0.0320000000,0.0000000000,0.0000000000,0.6032740000,-0.5796911000,0.5477396000,True,1.0000000000,4.0000000000,0.0320000000,0.0000000000,0.0000000000,0.5848394000,-0.5895873000,0.5570904000,0.0000000000,0.0000000000,0.0000000000,0.5940957000,-0.5846776000,0.5524513000,2.2462300000,
37.36593,39513,True,1.0000000000,4.0000000000,-0.0320000000,0.0000000000,0.0000000000,0.6033577000,-0.5796499000,0.5476912000,True,1.0000000000,4.0000000000,0.0320000000,0.0000000000,0.0000000000,0.5847458000,-0.5896412000,0.5571316000,0.0000000000,0.0000000000,0.0000000000,0.5940915000,-0.5846847000,0.5524483000,2.2248550000,
37.37696,39524,True,1.0000000000,4.0000000000,-0.0320000000,0.0000000000,0.0000000000,0.6034335000,-0.5796054000,0.5476546000,True,1.0000000000,4.0000000000,0.0320000000,0.0000000000,0.0000000000,0.5846692000,-0.5896786000,0.5571725000,0.0000000000,0.0000000000,0.0000000000,0.5940917000,-0.5846817000,0.5524512000,2.2067740000,
37.38823,39535,True,1.0000000000,4.0000000000,-0.0320000000,0.0000000000,0.0000000000,0.6035088000,-0.5795633000,0.5476162000,True,1.0000000000,4.0000000000,0.0320000000,0.0000000000,0.0000000000,0.5845917000,-0.5897185000,0.5572115000,0.0000000000,0.0000000000,0.0000000000,0.5940914000,-0.5846813000,0.5524520000,2.1889660000,
37.3994,39546,True,1.0000000000,4.0000000000,-0.0320000000,0.0000000000,0.0000000000,0.6035801000,-0.5795257000,0.5475774000,True,1.0000000000,4.0000000000,0.0320000000,0.0000000000,0.0000000000,0.5845133000,-0.5897613000,0.5572485000,0.0000000000,0.0000000000,0.0000000000,0.5940884000,-0.5846846000,0.5524518000,2.1717800000,
37.4107,39558,True,1.0000000000,4.0000000000,-0.0320000000,0.0000000000,0.0000000000,0.6036530000,-0.5794889000,0.5475361000,True,1.0000000000,4.0000000000,0.0320000000,0.0000000000,0.0000000000,0.5844311000,-0.5898076000,0.5572858000,0.0000000000,0.0000000000,0.0000000000,0.5940844000,-0.5846899000,0.5524504000,2.1542730000,
37.42155,39569,True,1.0000000000,4.0000000000,-0.0320000000,0.0000000000,0.0000000000,0.6037334000,-0.5794407000,0.5474984000,True,1.0000000000,4.0000000000,0.0320000000,0.0000000000,0.0000000000,0.5843542000,-0.5898438000,0.5573280000,0.0000000000,0.0000000000,0.0000000000,0.5940869000,-0.5846846000,0.5524533000,2.1367680000,
37.43295,39580,True,1.0000000000,4.0000000000,-0.0320000000,0.0000000000,0.0000000000,0.6038142000,-0.5793955000,0.5474571000,True,1.0000000000,4.0000000000,0.0320000000,0.0000000000,0.0000000000,0.5842658000,-0.5898893000,0.5573725000,0.0000000000,0.0000000000,0.0000000000,0.5940838000,-0.5846856000,0.5524555000,2.1182840000,
37.44392,39591,True,1.0000000000,4.0000000000,-0.0320000000,0.0000000000,0.0000000000,0.6038980000,-0.5793504000,0.5474125000,True,1.0000000000,4.0000000000,0.0320000000,0.0000000000,0.0000000000,0.5841767000,-0.5899370000,0.5574155000,0.0000000000,0.0000000000,0.0000000000,0.5940820000,-0.5846876000,0.5524555000,2.0997220000,
37.45489,39602,True,1.0000000000,4.0000000000,-0.0320000000,0.0000000000,0.0000000000,0.6039837000,-0.5793045000,0.5473665000,True,1.0000000000,4.0000000000,0.0320000000,0.0000000000,0.0000000000,0.5840855000,-0.5899859000,0.5574592000,0.0000000000,0.0000000000,0.0000000000,0.5940800000,-0.5846899000,0.5524551000,2.0810580000,
37.46584,39613,True,1.0000000000,4.0000000000,-0.0320000000,0.0000000000,0.0000000000,0.6040787000,-0.5792519000,0.5473173000,True,1.0000000000,4.0000000000,0.0320000000,0.0000000000,0.0000000000,0.5839866000,-0.5900375000,0.5575082000,0.0000000000,0.0000000000,0.0000000000,0.5940790000,-0.5846903000,0.5524558000,2.0609810000,
37.47707,39624,True,1.0000000000,4.0000000000,-0.0320000000,0.0000000000,0.0000000000,0.6041825000,-0.5791944000,0.5472636000,True,1.0000000000,4.0000000000,0.0320000000,0.0000000000,0.0000000000,0.5838776000,-0.5900942000,0.5575624000,0.0000000000,0.0000000000,0.0000000000,0.5940773000,-0.5846908000,0.5524570000,2.0393780000,
37.48806,39635,True,1.0000000000,4.0000000000,-0.0320000000,0.0000000000,0.0000000000,0.6042877000,-0.5791373000,0.5472077000,True,1.0000000000,4.0000000000,0.0320000000,0.0000000000,0.0000000000,0.5837636000,-0.5901548000,0.5576177000,0.0000000000,0.0000000000,0.0000000000,0.5940740000,-0.5846936000,0.5524576000,2.0175980000,
37.49939,39647,True,1.0000000000,4.0000000000,-0.0320000000,0.0000000000,0.0000000000,0.6044028000,-0.5790722000,0.5471495000,True,1.0000000000,4.0000000000,0.0320000000,0.0000000000,0.0000000000,0.5836447000,-0.5902152000,0.5576781000,0.0000000000,0.0000000000,0.0000000000,0.5940732000,-0.5846924000,0.5524598000,1.9948650000,
37.51076,39658,True,1.0000000000,4.0000000000,-0.0320000000,0.0000000000,0.0000000000,0.6045145000,-0.5790094000,0.5470927000,True,1.0000000000,4.0000000000,0.0320000000,0.0000000000,0.0000000000,0.5835271000,-0.5902752000,0.5577375000,0.0000000000,0.0000000000,0.0000000000,0.5940714000,-0.5846921000,0.5524622000,1.9730660000,
37.52205,39669,True,1.0000000000,4.0000000000,-0.0320000000,0.0000000000,0.0000000000,0.6046270000,-0.5789471000,0.5470343000,True,1.0000000000,4.0000000000,0.0320000000,0.0000000000,0.0000000000,0.5834084000,-0.5903371000,0.5577964000,0.0000000000,0.0000000000,0.0000000000,0.5940694000,-0.5846930000,0.5524634000,1.9515750000,
37.5325,39680,True,1.0000000000,4.0000000000,-0.0320000000,0.0000000000,0.0000000000,0.6047318000,-0.5788919000,0.5469769000,True,1.0000000000,4.0000000000,0.0320000000,0.0000000000,0.0000000000,0.5832960000,-0.5903984000,0.5578490000,0.0000000000,0.0000000000,0.0000000000,0.5940666000,-0.5846970000,0.5524620000,1.9318020000,
37.54385,39691,True,1.0000000000,4.0000000000,-0.0320000000,0.0000000000,0.0000000000,0.6048309000,-0.5788372000,0.5469252000,True,1.0000000000,4.0000000000,0.0320000000,0.0000000000,0.0000000000,0.5831894000,-0.5904540000,0.5579016000,0.0000000000,0.0000000000,0.0000000000,0.5940639000,-0.5846986000,0.5524634000,1.9134600000,
37.55497,39702,True,1.0000000000,4.0000000000,-0.0320000000,0.0000000000,0.0000000000,0.6049170000,-0.5787887000,0.5468813000,True,1.0000000000,4.0000000000,0.0320000000,0.0000000000,0.0000000000,0.5830982000,-0.5905007000,0.5579476000,0.0000000000,0.0000000000,0.0000000000,0.5940623000,-0.5846984000,0.5524651000,1.8979050000,
37.5662,39713,True,1.0000000000,4.0000000000,-0.0320000000,0.0000000000,0.0000000000,0.6049966000,-0.5787464000,0.5468381000,True,1.0000000000,4.0000000000,0.0320000000,0.0000000000,0.0000000000,0.5830131000,-0.5905467000,0.5579878000,0.0000000000,0.0000000000,0.0000000000,0.5940603000,-0.5847011000,0.5524645000,1.8836930000,
37.57725,39724,True,1.0000000000,4.0000000000,-0.0320000000,0.0000000000,0.0000000000,0.6050656000,-0.5787044000,0.5468060000,True,1.0000000000,4.0000000000,0.0320000000,0.0000000000,0.0000000000,0.5829440000,-0.5905789000,0.5580260000,0.0000000000,0.0000000000,0.0000000000,0.5940610000,-0.5846969000,0.5524682000,1.8719180000,
37.58854,39736,True,1.0000000000,4.0000000000,-0.0320000000,0.0000000000,0.0000000000,0.6051276000,-0.5786749000,0.5467687000,True,1.0000000000,4.0000000000,0.0320000000,0.0000000000,0.0000000000,0.5828729000,-0.5906208000,0.5580559000,0.0000000000,0.0000000000,0.0000000000,0.5940571000,-0.5847037000,0.5524651000,1.8607340000,
37.60192,39752,True,1.0000000000,4.0000000000,-0.0320000000,0.0000000000,0.0000000000,0.6051757000,-0.5786443000,0.5467478000,True,1.0000000000,4.0000000000,0.0320000000,0.0000000000,0.0000000000,0.5828276000,-0.5906402000,0.5580825000,0.0000000000,0.0000000000,0.0000000000,0.5940589000,-0.5846987000,0.5524685000,1.8529520000,
37.61245,39759,True,1.0000000000,4.0000000000,-0.0320000000,0.0000000000,0.0000000000,0.6052325000,-0.5786118000,0.5467193000,True,1.0000000000,4.0000000000,0.0320000000,0.0000000000,0.0000000000,0.5827671000,-0.5906706000,0.5581135000,0.0000000000,0.0000000000,0.0000000000,0.5940577000,-0.5846983000,0.5524703000,1.8432900000,
37.63095,39778,True,1.0000000000,4.0000000000,-0.0320000000,0.0000000000,0.0000000000,0.6052645000,-0.5785966000,0.5467000000,True,1.0000000000,4.0000000000,0.0320000000,0.0000000000,0.0000000000,0.5827285000,-0.5906934000,0.5581298000,0.0000000000,0.0000000000,0.0000000000,0.5940548000,-0.5847023000,0.5524691000,1.8375090000,
37.64363,39792,True,1.0000000000,4.0000000000,-0.0320000000,0.0000000000,0.0000000000,0.6053578000,-0.5785428000,0.5466537000,True,1.0000000000,4.0000000000,0.0320000000,0.0000000000,0.0000000000,0.5826327000,-0.5907409000,0.5581794000,0.0000000000,0.0000000000,0.0000000000,0.5940545000,-0.5847002000,0.5524716000,1.8222350000,
37.65479,39801,True,1.0000000000,4.0000000000,-0.0320000000,0.0000000000,0.0000000000,0.6053857000,-0.5785316000,0.5466346000,True,1.0000000000,4.0000000000,0.0320000000,0.0000000000,0.0000000000,0.5825981000,-0.5907632000,0.5581919000,0.0000000000,0.0000000000,0.0000000000,0.5940515000,-0.5847061000,0.5524687000,1.8172360000,
37.66602,39813,True,1.0000000000,4.0000000000,-0.0320000000,0.0000000000,0.0000000000,0.6054170000,-0.5785121000,0.5466206000,True,1.0000000000,4.0000000000,0.0320000000,0.0000000000,0.0000000000,0.5825709000,-0.5907753000,0.5582077000,0.0000000000,0.0000000000,0.0000000000,0.5940538000,-0.5847027000,0.5524698000,1.8125780000,
37.6772,39824,True,1.0000000000,4.0000000000,-0.0320000000,0.0000000000,0.0000000000,0.6054337000,-0.5785065000,0.5466080000,True,1.0000000000,4.0000000000,0.0320000000,0.0000000000,0.0000000000,0.5825460000,-0.5907919000,0.5582160000,0.0000000000,0.0000000000,0.0000000000,0.5940499000,-0.5847083000,0.5524679000,1.8092890000,
37.68894,39836,True,1.0000000000,4.0000000000,-0.0320000000,0.0000000000,0.0000000000,0.6054564000,-0.5784895000,0.5466008000,True,1.0000000000,4.0000000000,0.0320000000,0.0000000000,0.0000000000,0.5825289000,-0.5907964000,0.5582291000,0.0000000000,0.0000000000,0.0000000000,0.5940530000,-0.5847023000,0.5524710000,1.8061460000,
37.6993,39846,True,1.0000000000,4.0000000000,-0.0320000000,0.0000000000,0.0000000000,0.6054704000,-0.5784835000,0.5465918000,True,1.0000000000,4.0000000000,0.0320000000,0.0000000000,0.0000000000,0.5825094000,-0.5908082000,0.5582370000,0.0000000000,0.0000000000,0.0000000000,0.5940503000,-0.5847054000,0.5524706000,1.8035080000,
37.71021,39857,True,1.0000000000,4.0000000000,-0.0320000000,0.0000000000,0.0000000000,0.6054830000,-0.5784764000,0.5465851000,True,1.0000000000,4.0000000000,0.0320000000,0.0000000000,0.0000000000,0.5824963000,-0.5908149000,0.5582435000,0.0000000000,0.0000000000,0.0000000000,0.5940503000,-0.5847054000,0.5524707000,1.8014990000,
37.72165,39869,True,1.0000000000,4.0000000000,-0.0320000000,0.0000000000,0.0000000000,0.6054914000,-0.5784733000,0.5465793000,True,1.0000000000,4.0000000000,0.0320000000,0.0000000000,0.0000000000,0.5824854000,-0.5908221000,0.5582472000,0.0000000000,0.0000000000,0.0000000000,0.5940492000,-0.5847074000,0.5524697000,1.7999910000,
37.73278,39879,True,1.0000000000,4.0000000000,-0.0320000000,0.0000000000,0.0000000000,0.6054965000,-0.5784684000,0.5465788000,True,1.0000000000,4.0000000000,0.0320000000,0.0000000000,0.0000000000,0.5824819000,-0.5908219000,0.5582512000,0.0000000000,0.0000000000,0.0000000000,0.5940499000,-0.5847050000,0.5524715000,1.7993120000,
37.74336,39890,True,1.0000000000,4.0000000000,-0.0320000000,0.0000000000,0.0000000000,0.6055029000,-0.5784634000,0.5465769000,True,1.0000000000,4.0000000000,0.0320000000,0.0000000000,0.0000000000,0.5824790000,-0.5908220000,0.5582541000,0.0000000000,0.0000000000,0.0000000000,0.5940518000,-0.5847026000,0.5524721000,1.7985780000,
37.76977,39917,True,1.0000000000,4.0000000000,-0.0320000000,0.0000000000,0.0000000000,0.6054878000,-0.5784733000,0.5465833000,True,1.0000000000,4.0000000000,0.0320000000,0.0000000000,0.0000000000,0.5824913000,-0.5908170000,0.5582465000,0.0000000000,0.0000000000,0.0000000000,0.5940502000,-0.5847049000,0.5524713000,1.8007330000,
37.78883,39936,True,1.0000000000,4.0000000000,-0.0320000000,0.0000000000,0.0000000000,0.6054825000,-0.5784743000,0.5465881000,True,1.0000000000,4.0000000000,0.0320000000,0.0000000000,0.0000000000,0.5824993000,-0.5908109000,0.5582446000,0.0000000000,0.0000000000,0.0000000000,0.5940515000,-0.5847023000,0.5524727000,1.8017720000,
37.81749,39965,True,1.0000000000,4.0000000000,-0.0320000000,0.0000000000,0.0000000000,0.6054745000,-0.5784824000,0.5465883000,True,1.0000000000,4.0000000000,0.0320000000,0.0000000000,0.0000000000,0.5825045000,-0.5908120000,0.5582381000,0.0000000000,0.0000000000,0.0000000000,0.5940500000,-0.5847068000,0.5524696000,1.8028010000,
37.83395,39981,True,1.0000000000,4.0000000000,-0.0320000000,0.0000000000,0.0000000000,0.6054674000,-0.5784844000,0.5465940000,True,1.0000000000,4.0000000000,0.0320000000,0.0000000000,0.0000000000,0.5825155000,-0.5908043000,0.5582347000,0.0000000000,0.0000000000,0.0000000000,0.5940520000,-0.5847038000,0.5524705000,1.8042190000,
37.84517,39994,True,1.0000000000,4.0000000000,-0.0320000000,0.0000000000,0.0000000000,0.6054660000,-0.5784835000,0.5465966000,True,1.0000000000,4.0000000000,0.0320000000,0.0000000000,0.0000000000,0.5825188000,-0.5908008000,0.5582349000,0.0000000000,0.0000000000,0.0000000000,0.5940529000,-0.5847016000,0.5524719000,1.8045850000,
37.87122,40018,True,1.0000000000,4.0000000000,-0.0320000000,0.0000000000,0.0000000000,0.6054502000,-0.5784950000,0.5466019000,True,1.0000000000,4.0000000000,0.0320000000,0.0000000000,0.0000000000,0.5825306000,-0.5907975000,0.5582262000,0.0000000000,0.0000000000,0.0000000000,0.5940506000,-0.5847057000,0.5524701000,1.8067730000,
37.88358,40031,True,1.0000000000,4.0000000000,-0.0320000000,0.0000000000,0.0000000000,0.6054356000,-0.5785028000,0.5466098000,True,1.0000000000,4.0000000000,0.0320000000,0.0000000000,0.0000000000,0.5825467000,-0.5907889000,0.5582185000,0.0000000000,0.0000000000,0.0000000000,0.5940512000,-0.5847050000,0.5524701000,1.8091940000,
37.89965,40046,True,1.0000000000,4.0000000000,-0.0320000000,0.0000000000,0.0000000000,0.6054226000,-0.5785083000,0.5466184000,True,1.0000000000,4.0000000000,0.0320000000,0.0000000000,0.0000000000,0.5825626000,-0.5907788000,0.5582126000,0.0000000000,0.0000000000,0.0000000000,0.5940526000,-0.5847026000,0.5524712000,1.8114720000,
37.93165,40079,True,1.0000000000,4.0000000000,-0.0320000000,0.0000000000,0.0000000000,0.6054230000,-0.5785089000,0.5466172000,True,1.0000000000,4.0000000000,0.0320000000,0.0000000000,0.0000000000,0.5825614000,-0.5907804000,0.5582122000,0.0000000000,0.0000000000,0.0000000000,0.5940522000,-0.5847037000,0.5524704000,1.8113420000,
37.94582,40093,True,1.0000000000,4.0000000000,-0.0320000000,0.0000000000,0.0000000000,0.6054132000,-0.5785158000,0.5466208000,True,1.0000000000,4.0000000000,0.0320000000,0.0000000000,0.0000000000,0.5825689000,-0.5907779000,0.5582069000,0.0000000000,0.0000000000,0.0000000000,0.5940509000,-0.5847058000,0.5524696000,1.8127200000,
37.95481,40102,True,1.0000000000,4.0000000000,-0.0320000000,0.0000000000,0.0000000000,0.6054127000,-0.5785158000,0.5466214000,True,1.0000000000,4.0000000000,0.0320000000,0.0000000000,0.0000000000,0.5825722000,-0.5907759000,0.5582056000,0.0000000000,0.0000000000,0.0000000000,0.5940524000,-0.5847048000,0.5524691000,1.8130140000,
37.96579,40113,True,1.0000000000,4.0000000000,-0.0320000000,0.0000000000,0.0000000000,0.6054154000,-0.5785135000,0.5466209000,True,1.0000000000,4.0000000000,0.0320000000,0.0000000000,0.0000000000,0.5825667000,-0.5907780000,0.5582092000,0.0000000000,0.0000000000,0.0000000000,0.5940509000,-0.5847047000,0.5524707000,1.8123750000,
37.97688,40124,True,1.0000000000,4.0000000000,-0.0320000000,0.0000000000,0.0000000000,0.6054217000,-0.5785096000,0.5466179000,True,1.0000000000,4.0000000000,0.0320000000,0.0000000000,0.0000000000,0.5825619000,-0.5907801000,0.5582120000,0.0000000000,0.0000000000,0.0000000000,0.5940517000,-0.5847039000,0.5524707000,1.8114850000,
37.98784,40135,True,1.0000000000,4.0000000000,-0.0320000000,0.0000000000,0.0000000000,0.6054325000,-0.5785038000,0.5466121000,True,1.0000000000,4.0000000000,0.0320000000,0.0000000000,0.0000000000,0.5825547000,-0.5907840000,0.5582154000,0.0000000000,0.0000000000,0.0000000000,0.5940537000,-0.5847030000,0.5524696000,1.8100580000,
37.99934,40146,True,1.0000000000,4.0000000000,-0.0320000000,0.0000000000,0.0000000000,0.6054406000,-0.5784982000,0.5466092000,True,1.0000000000,4.0000000000,0.0320000000,0.0000000000,0.0000000000,0.5825433000,-0.5907888000,0.5582222000,0.0000000000,0.0000000000,0.0000000000,0.5940521000,-0.5847027000,0.5524717000,1.8085230000,
38.0108,40158,True,1.0000000000,4.0000000000,-0.0320000000,0.0000000000,0.0000000000,0.6054475000,-0.5784940000,0.5466059000,True,1.0000000000,4.0000000000,0.0320000000,0.0000000000,0.0000000000,0.5825359000,-0.5907923000,0.5582262000,0.0000000000,0.0000000000,0.0000000000,0.5940519000,-0.5847024000,0.5524721000,1.8073980000,
38.02174,40169,True,1.0000000000,4.0000000000,-0.0320000000,0.0000000000,0.0000000000,0.6054544000,-0.5784923000,0.5466000000,True,1.0000000000,4.0000000000,0.0320000000,0.0000000000,0.0000000000,0.5825279000,-0.5907986000,0.5582278000,0.0000000000,0.0000000000,0.0000000000,0.5940515000,-0.5847048000,0.5524700000,1.8062110000,
38.03231,40179,True,1.0000000000,4.0000000000,-0.0320000000,0.0000000000,0.0000000000,0.6054551000,-0.5784925000,0.5465991000,True,1.0000000000,4.0000000000,0.0320000000,0.0000000000,0.0000000000,0.5825254000,-0.5908003000,0.5582286000,0.0000000000,0.0000000000,0.0000000000,0.5940506000,-0.5847058000,0.5524700000,1.8059750000,
38.04363,40191,True,1.0000000000,4.0000000000,-0.0320000000,0.0000000000,0.0000000000,0.6054569000,-0.5784917000,0.5465979000,True,1.0000000000,4.0000000000,0.0320000000,0.0000000000,0.0000000000,0.5825242000,-0.5908012000,0.5582288000,0.0000000000,0.0000000000,0.0000000000,0.5940509000,-0.5847059000,0.5524695000,1.8057430000,
38.08266,40230,True,1.0000000000,4.0000000000,-0.0320000000,0.0000000000,0.0000000000,0.6054664000,-0.5784864000,0.5465931000,True,1.0000000000,4.0000000000,0.0320000000,0.0000000000,0.0000000000,0.5825154000,-0.5908058000,0.5582333000,0.0000000000,0.0000000000,0.0000000000,0.5940513000,-0.5847055000,0.5524694000,1.8042990000,
38.09902,40246,True,1.0000000000,4.0000000000,-0.0320000000,0.0000000000,0.0000000000,0.6055315000,-0.5784498000,0.5465598000,True,1.0000000000,4.0000000000,0.0320000000,0.0000000000,0.0000000000,0.5824468000,-0.5908409000,0.5582677000,0.0000000000,0.0000000000,0.0000000000,0.5940502000,-0.5847055000,0.5524706000,1.7938590000,
38.11009,40257,True,1.0000000000,4.0000000000,-0.0320000000,0.0000000000,0.0000000000,0.6055342000,-0.5784500000,0.5465564000,True,1.0000000000,4.0000000000,0.0320000000,0.0000000000,0.0000000000,0.5824397000,-0.5908464000,0.5582693000,0.0000000000,0.0000000000,0.0000000000,0.5940481000,-0.5847085000,0.5524698000,1.7930910000,
38.12159,40269,True,1.0000000000,4.0000000000,-0.0320000000,0.0000000000,0.0000000000,0.6055709000,-0.5784285000,0.5465385000,True,1.0000000000,4.0000000000,0.0320000000,0.0000000000,0.0000000000,0.5824059000,-0.5908627000,0.5582873000,0.0000000000,0.0000000000,0.0000000000,0.5940500000,-0.5847062000,0.5524701000,1.7876270000,
38.1322,40279,True,1.0000000000,4.0000000000,-0.0320000000,0.0000000000,0.0000000000,0.6056069000,-0.5784074000,0.5465209000,True,1.0000000000,4.0000000000,0.0320000000,0.0000000000,0.0000000000,0.5823646000,-0.5908831000,0.5583088000,0.0000000000,0.0000000000,0.0000000000,0.5940477000,-0.5847062000,0.5524725000,1.7816880000,
38.14352,40298,True,1.0000000000,4.0000000000,-0.0320000000,0.0000000000,0.0000000000,0.6056564000,-0.5783782000,0.5464969000,True,1.0000000000,4.0000000000,0.0320000000,0.0000000000,0.0000000000,0.5823144000,-0.5909073000,0.5583355000,0.0000000000,0.0000000000,0.0000000000,0.5940479000,-0.5847043000,0.5524744000,1.7740650000,
38.15633,40303,True,1.0000000000,4.0000000000,-0.0320000000,0.0000000000,0.0000000000,0.6057087000,-0.5783514000,0.5464674000,True,1.0000000000,4.0000000000,0.0320000000,0.0000000000,0.0000000000,0.5822565000,-0.5909396000,0.5583616000,0.0000000000,0.0000000000,0.0000000000,0.5940457000,-0.5847077000,0.5524732000,1.7657440000,
38.16558,40312,True,1.0000000000,4.0000000000,-0.0320000000,0.0000000000,0.0000000000,0.6057643000,-0.5783179000,0.5464413000,True,1.0000000000,4.0000000000,0.0320000000,0.0000000000,0.0000000000,0.5821967000,-0.5909679000,0.5583940000,0.0000000000,0.0000000000,0.0000000000,0.5940443000,-0.5847057000,0.5524769000,1.7570970000,
38.17708,40324,True,1.0000000000,4.0000000000,-0.0320000000,0.0000000000,0.0000000000,0.6058245000,-0.5782858000,0.5464085000,True,1.0000000000,4.0000000000,0.0320000000,0.0000000000,0.0000000000,0.5821301000,-0.5910039000,0.5584254000,0.0000000000,0.0000000000,0.0000000000,0.5940417000,-0.5847083000,0.5524769000,1.7477120000,
38.18835,40335,True,1.0000000000,4.0000000000,-0.0320000000,0.0000000000,0.0000000000,0.6058787000,-0.5782577000,0.5463781000,True,1.0000000000,4.0000000000,0.0320000000,0.0000000000,0.0000000000,0.5820745000,-0.5910347000,0.5584507000,0.0000000000,0.0000000000,0.0000000000,0.5940416000,-0.5847102000,0.5524749000,1.7396420000,
38.19894,40346,True,1.0000000000,4.0000000000,-0.0320000000,0.0000000000,0.0000000000,0.6059209000,-0.5782346000,0.5463559000,True,1.0000000000,4.0000000000,0.0320000000,0.0000000000,0.0000000000,0.5820275000,-0.5910594000,0.5584736000,0.0000000000,0.0000000000,0.0000000000,0.5940397000,-0.5847114000,0.5524757000,1.7331600000,
38.22617,40377,True,1.0000000000,4.0000000000,-0.0320000000,0.0000000000,0.0000000000,0.6059541000,-0.5782146000,0.5463402000,True,1.0000000000,4.0000000000,0.0320000000,0.0000000000,0.0000000000,0.5819965000,-0.5910739000,0.5584906000,0.0000000000,0.0000000000,0.0000000000,0.5940412000,-0.5847090000,0.5524766000,1.7285010000,
38.23677,40383,True,1.0000000000,4.0000000000,-0.0320000000,0.0000000000,0.0000000000,0.6060640000,-0.5781549000,0.5462813000,True,1.0000000000,4.0000000000,0.0320000000,0.0000000000,0.0000000000,0.5818782000,-0.5911367000,0.5585474000,0.0000000000,0.0000000000,0.0000000000,0.5940382000,-0.5847118000,0.5524768000,1.7121980000,
38.27079,40418,True,1.0000000000,4.0000000000,-0.0320000000,0.0000000000,0.0000000000,0.6060774000,-0.5781464000,0.5462756000,True,1.0000000000,4.0000000000,0.0320000000,0.0000000000,0.0000000000,0.5818635000,-0.5911433000,0.5585558000,0.0000000000,0.0000000000,0.0000000000,0.5940377000,-0.5847110000,0.5524783000,1.7102130000,
38.28804,40435,True,1.0000000000,4.0000000000,-0.0320000000,0.0000000000,0.0000000000,0.6061293000,-0.5781177000,0.5462483000,True,1.0000000000,4.0000000000,0.0320000000,0.0000000000,0.0000000000,0.5818073000,-0.5911725000,0.5585834000,0.0000000000,0.0000000000,0.0000000000,0.5940362000,-0.5847119000,0.5524790000,1.7026110000,
38.29906,40446,True,1.0000000000,4.0000000000,-0.0320000000,0.0000000000,0.0000000000,0.6061331000,-0.5781157000,0.5462462000,True,1.0000000000,4.0000000000,0.0320000000,0.0000000000,0.0000000000,0.5818020000,-0.5911753000,0.5585860000,0.0000000000,0.0000000000,0.0000000000,0.5940354000,-0.5847123000,0.5524793000,1.7019740000,
38.3098,40457,True,1.0000000000,4.0000000000,-0.0320000000,0.0000000000,0.0000000000,0.6061430000,-0.5781124000,0.5462387000,True,1.0000000000,4.0000000000,0.0320000000,0.0000000000,0.0000000000,0.5817919000,-0.5911828000,0.5585884000,0.0000000000,0.0000000000,0.0000000000,0.5940356000,-0.5847146000,0.5524769000,1.7005900000,
38.32108,40468,True,1.0000000000,4.0000000000,-0.0320000000,0.0000000000,0.0000000000,0.6061581000,-0.5781018000,0.5462333000,True,1.0000000000,4.0000000000,0.0320000000,0.0000000000,0.0000000000,0.5817758000,-0.5911888000,0.5585989000,0.0000000000,0.0000000000,0.0000000000,0.5940351000,-0.5847124000,0.5524796000,1.6984030000,
38.33244,40479,True,1.0000000000,4.0000000000,-0.0320000000,0.0000000000,0.0000000000,0.6061769000,-0.5780912000,0.5462235000,True,1.0000000000,4.0000000000,0.0320000000,0.0000000000,0.0000000000,0.5817553000,-0.5911994000,0.5586091000,0.0000000000,0.0000000000,0.0000000000,0.5940346000,-0.5847126000,0.5524799000,1.6956680000,
38.34318,40490,True,1.0000000000,4.0000000000,-0.0320000000,0.0000000000,0.0000000000,0.6061999000,-0.5780773000,0.5462127000,True,1.0000000000,4.0000000000,0.0320000000,0.0000000000,0.0000000000,0.5817332000,-0.5912096000,0.5586213000,0.0000000000,0.0000000000,0.0000000000,0.5940353000,-0.5847111000,0.5524809000,1.6925410000,
38.3653,40513,True,1.0000000000,4.0000000000,-0.0320000000,0.0000000000,0.0000000000,0.6062160000,-0.5780695000,0.5462030000,True,1.0000000000,4.0000000000,0.0320000000,0.0000000000,0.0000000000,0.5817165000,-0.5912195000,0.5586281000,0.0000000000,0.0000000000,0.0000000000,0.5940351000,-0.5847123000,0.5524797000,1.6902780000,
38.37728,40524,True,1.0000000000,4.0000000000,-0.0320000000,0.0000000000,0.0000000000,0.6062260000,-0.5780650000,0.5461967000,True,1.0000000000,4.0000000000,0.0320000000,0.0000000000,0.0000000000,0.5817021000,-0.5912282000,0.5586341000,0.0000000000,0.0000000000,0.0000000000,0.5940330000,-0.5847145000,0.5524796000,1.6886020000,
38.38828,40535,True,1.0000000000,4.0000000000,-0.0320000000,0.0000000000,0.0000000000,0.6062629000,-0.5780450000,0.5461770000,True,1.0000000000,4.0000000000,0.0320000000,0.0000000000,0.0000000000,0.5816661000,-0.5912472000,0.5586514000,0.0000000000,0.0000000000,0.0000000000,0.5940339000,-0.5847144000,0.5524787000,1.6835960000,
38.3989,40546,True,1.0000000000,4.0000000000,-0.0320000000,0.0000000000,0.0000000000,0.6062607000,-0.5780443000,0.5461801000,True,1.0000000000,4.0000000000,0.0320000000,0.0000000000,0.0000000000,0.5816645000,-0.5912461000,0.5586541000,0.0000000000,0.0000000000,0.0000000000,0.5940320000,-0.5847136000,0.5524817000,1.6836390000,
38.42884,40576,True,1.0000000000,4.0000000000,-0.0320000000,0.0000000000,0.0000000000,0.6062774000,-0.5780331000,0.5461735000,True,1.0000000000,4.0000000000,0.0320000000,0.0000000000,0.0000000000,0.5816500000,-0.5912516000,0.5586635000,0.0000000000,0.0000000000,0.0000000000,0.5940333000,-0.5847108000,0.5524832000,1.6815070000,
38.45994,40607,True,1.0000000000,4.0000000000,-0.0320000000,0.0000000000,0.0000000000,0.6063078000,-0.5780208000,0.5461528000,True,1.0000000000,4.0000000000,0.0320000000,0.0000000000,0.0000000000,0.5816169000,-0.5912735000,0.5586748000,0.0000000000,0.0000000000,0.0000000000,0.5940323000,-0.5847160000,0.5524788000,1.6771890000,
38.47668,40624,True,1.0000000000,4.0000000000,-0.0320000000,0.0000000000,0.0000000000,0.6063322000,-0.5780056000,0.5461416000,True,1.0000000000,4.0000000000,0.0320000000,0.0000000000,0.0000000000,0.5815942000,-0.5912836000,0.5586876000,0.0000000000,0.0000000000,0.0000000000,0.5940335000,-0.5847137000,0.5524800000,1.6739830000,
38.52094,40670,True,1.0000000000,4.0000000000,-0.0320000000,0.0000000000,0.0000000000,0.6063380000,-0.5780041000,0.5461370000,True,1.0000000000,4.0000000000,0.0320000000,0.0000000000,0.0000000000,0.5815865000,-0.5912892000,0.5586898000,0.0000000000,0.0000000000,0.0000000000,0.5940325000,-0.5847158000,0.5524787000,1.6730790000,
38.52922,40676,True,1.0000000000,4.0000000000,-0.0320000000,0.0000000000,0.0000000000,0.6063414000,-0.5780025000,0.5461348000,True,1.0000000000,4.0000000000,0.0320000000,0.0000000000,0.0000000000,0.5815802000,-0.5912929000,0.5586925000,0.0000000000,0.0000000000,0.0000000000,0.5940311000,-0.5847170000,0.5524791000,1.6724180000,
38.54391,40691,True,1.0000000000,4.0000000000,-0.0320000000,0.0000000000,0.0000000000,0.6063513000,-0.5779963000,0.5461305000,True,1.0000000000,4.0000000000,0.0320000000,0.0000000000,0.0000000000,0.5815729000,-0.5912958000,0.5586969000,0.0000000000,0.0000000000,0.0000000000,0.5940325000,-0.5847154000,0.5524792000,1.6712650000,
38.55466,40701,True,1.0000000000,4.0000000000,-0.0320000000,0.0000000000,0.0000000000,0.6063462000,-0.5779989000,0.5461333000,True,1.0000000000,4.0000000000,0.0320000000,0.0000000000,0.0000000000,0.5815780000,-0.5912930000,0.5586946000,0.0000000000,0.0000000000,0.0000000000,0.5940325000,-0.5847152000,0.5524794000,1.6719430000,
38.58916,40736,True,1.0000000000,4.0000000000,-0.0320000000,0.0000000000,0.0000000000,0.6063359000,-0.5780039000,0.5461394000,True,1.0000000000,4.0000000000,0.0320000000,0.0000000000,0.0000000000,0.5815910000,-0.5912855000,0.5586889000,0.0000000000,0.0000000000,0.0000000000,0.5940337000,-0.5847139000,0.5524795000,1.6735240000,
38.59887,40746,True,1.0000000000,4.0000000000,-0.0320000000,0.0000000000,0.0000000000,0.6063104000,-0.5780182000,0.5461525000,True,1.0000000000,4.0000000000,0.0320000000,0.0000000000,0.0000000000,0.5816164000,-0.5912727000,0.5586762000,0.0000000000,0.0000000000,0.0000000000,0.5940334000,-0.5847143000,0.5524794000,1.6769670000,
38.6098,40757,True,1.0000000000,4.0000000000,-0.0320000000,0.0000000000,0.0000000000,0.6063074000,-0.5780181000,0.5461559000,True,1.0000000000,4.0000000000,0.0320000000,0.0000000000,0.0000000000,0.5816189000,-0.5912695000,0.5586769000,0.0000000000,0.0000000000,0.0000000000,0.5940331000,-0.5847127000,0.5524815000,1.6773390000,
38.62112,40768,True,1.0000000000,4.0000000000,-0.0320000000,0.0000000000,0.0000000000,0.6062876000,-0.5780290000,0.5461665000,True,1.0000000000,4.0000000000,0.0320000000,0.0000000000,0.0000000000,0.5816356000,-0.5912607000,0.5586689000,0.0000000000,0.0000000000,0.0000000000,0.5940313000,-0.5847135000,0.5524825000,1.6798370000,
38.63194,40779,True,1.0000000000,4.0000000000,-0.0320000000,0.0000000000,0.0000000000,0.6062672000,-0.5780442000,0.5461731000,True,1.0000000000,4.0000000000,0.0320000000,0.0000000000,0.0000000000,0.5816556000,-0.5912542000,0.5586548000,0.0000000000,0.0000000000,0.0000000000,0.5940309000,-0.5847176000,0.5524786000,1.6825960000,
38.64314,40790,True,1.0000000000,4.0000000000,-0.0320000000,0.0000000000,0.0000000000,0.6062496000,-0.5780525000,0.5461838000,True,1.0000000000,4.0000000000,0.0320000000,0.0000000000,0.0000000000,0.5816777000,-0.5912414000,0.5586455000,0.0000000000,0.0000000000,0.0000000000,0.5940329000,-0.5847151000,0.5524791000,1.6852970000,
38.65427,40818,True,1.0000000000,4.0000000000,-0.0320000000,0.0000000000,0.0000000000,0.6062267000,-0.5780652000,0.5461957000,True,1.0000000000,4.0000000000,0.0320000000,0.0000000000,0.0000000000,0.5817013000,-0.5912291000,0.5586339000,0.0000000000,0.0000000000,0.0000000000,0.5940330000,-0.5847151000,0.5524790000,1.6884960000,
38.67714,40824,True,1.0000000000,4.0000000000,-0.0320000000,0.0000000000,0.0000000000,0.6061994000,-0.5780758000,0.5462148000,True,1.0000000000,4.0000000000,0.0320000000,0.0000000000,0.0000000000,0.5817329000,-0.5912081000,0.5586233000,0.0000000000,0.0000000000,0.0000000000,0.5940349000,-0.5847096000,0.5524830000,1.6925540000,
38.68855,40836,True,1.0000000000,4.0000000000,-0.0320000000,0.0000000000,0.0000000000,0.6061246000,-0.5781231000,0.5462478000,True,1.0000000000,4.0000000000,0.0320000000,0.0000000000,0.0000000000,0.5818079000,-0.5911750000,0.5585802000,0.0000000000,0.0000000000,0.0000000000,0.5940341000,-0.5847158000,0.5524771000,1.7030010000,
38.69939,40846,True,1.0000000000,4.0000000000,-0.0320000000,0.0000000000,0.0000000000,0.6061158000,-0.5781252000,0.5462555000,True,1.0000000000,4.0000000000,0.0320000000,0.0000000000,0.0000000000,0.5818247000,-0.5911633000,0.5585749000,0.0000000000,0.0000000000,0.0000000000,0.5940379000,-0.5847109000,0.5524782000,1.7047830000,
38.70987,40857,True,1.0000000000,4.0000000000,-0.0320000000,0.0000000000,0.0000000000,0.6060737000,-0.5781460000,0.5462799000,True,1.0000000000,4.0000000000,0.0320000000,0.0000000000,0.0000000000,0.5818691000,-0.5911378000,0.5585557000,0.0000000000,0.0000000000,0.0000000000,0.5940387000,-0.5847081000,0.5524803000,1.7108640000,
38.73178,40879,True,1.0000000000,4.0000000000,-0.0320000000,0.0000000000,0.0000000000,0.6060206000,-0.5781763000,0.5463070000,True,1.0000000000,4.0000000000,0.0320000000,0.0000000000,0.0000000000,0.5819278000,-0.5911082000,0.5585260000,0.0000000000,0.0000000000,0.0000000000,0.5940408000,-0.5847078000,0.5524784000,1.7188050000,
38.7437,40891,True,1.0000000000,4.0000000000,-0.0320000000,0.0000000000,0.0000000000,0.6059308000,-0.5782271000,0.5463527000,True,1.0000000000,4.0000000000,0.0320000000,0.0000000000,0.0000000000,0.5820171000,-0.5910628000,0.5584809000,0.0000000000,0.0000000000,0.0000000000,0.5940396000,-0.5847096000,0.5524778000,1.7316800000,
38.75576,40903,True,1.0000000000,4.0000000000,-0.0320000000,0.0000000000,0.0000000000,0.6058846000,-0.5782527000,0.5463769000,True,1.0000000000,4.0000000000,0.0320000000,0.0000000000,0.0000000000,0.5820701000,-0.5910353000,0.5584549000,0.0000000000,0.0000000000,0.0000000000,0.5940424000,-0.5847080000,0.5524764000,1.7388820000,
38.76563,40913,True,1.0000000000,4.0000000000,-0.0320000000,0.0000000000,0.0000000000,0.6058396000,-0.5782800000,0.5463980000,True,1.0000000000,4.0000000000,0.0320000000,0.0000000000,0.0000000000,0.5821199000,-0.5910117000,0.5584277000,0.0000000000,0.0000000000,0.0000000000,0.5940443000,-0.5847095000,0.5524729000,1.7458470000,
38.77648,40923,True,1.0000000000,4.0000000000,-0.0320000000,0.0000000000,0.0000000000,0.6057938000,-0.5783048000,0.5464225000,True,1.0000000000,4.0000000000,0.0320000000,0.0000000000,0.0000000000,0.5821636000,-0.5909885000,0.5584068000,0.0000000000,0.0000000000,0.0000000000,0.5940428000,-0.5847097000,0.5524743000,1.7524550000,
38.78766,40935,True,1.0000000000,4.0000000000,-0.0320000000,0.0000000000,0.0000000000,0.6057571000,-0.5783244000,0.5464424000,True,1.0000000000,4.0000000000,0.0320000000,0.0000000000,0.0000000000,0.5822057000,-0.5909658000,0.5583870000,0.0000000000,0.0000000000,0.0000000000,0.5940450000,-0.5847077000,0.5524738000,1.7583110000,
38.79855,40945,True,1.0000000000,4.0000000000,-0.0320000000,0.0000000000,0.0000000000,0.6057202000,-0.5783465000,0.5464599000,True,1.0000000000,4.0000000000,0.0320000000,0.0000000000,0.0000000000,0.5822428000,-0.5909482000,0.5583668000,0.0000000000,0.0000000000,0.0000000000,0.5940447000,-0.5847096000,0.5524722000,1.7638570000,
38.81017,40990,True,1.0000000000,4.0000000000,-0.0320000000,0.0000000000,0.0000000000,0.6056873000,-0.5783635000,0.5464783000,True,1.0000000000,4.0000000000,0.0320000000,0.0000000000,0.0000000000,0.5822797000,-0.5909279000,0.5583499000,0.0000000000,0.0000000000,0.0000000000,0.5940464000,-0.5847076000,0.5524726000,1.7691090000,
38.84988,40997,True,1.0000000000,4.0000000000,-0.0320000000,0.0000000000,0.0000000000,0.6056614000,-0.5783757000,0.5464941000,True,1.0000000000,4.0000000000,0.0320000000,0.0000000000,0.0000000000,0.5823088000,-0.5909105000,0.5583379000,0.0000000000,0.0000000000,0.0000000000,0.5940477000,-0.5847047000,0.5524743000,1.7732650000,
38.86554,41013,True,1.0000000000,4.0000000000,-0.0320000000,0.0000000000,0.0000000000,0.6055210000,-0.5784563000,0.5465643000,True,1.0000000000,4.0000000000,0.0320000000,0.0000000000,0.0000000000,0.5824525000,-0.5908387000,0.5582640000,0.0000000000,0.0000000000,0.0000000000,0.5940479000,-0.5847076000,0.5524709000,1.7951220000,
38.93421,41083,True,1.0000000000,4.0000000000,-0.0320000000,0.0000000000,0.0000000000,0.6054891000,-0.5784738000,0.5465812000,True,1.0000000000,4.0000000000,0.0320000000,0.0000000000,0.0000000000,0.5824896000,-0.5908192000,0.5582460000,0.0000000000,0.0000000000,0.0000000000,0.5940500000,-0.5847062000,0.5524700000,1.8004870000,
38.94774,41095,True,1.0000000000,4.0000000000,-0.0320000000,0.0000000000,0.0000000000,0.6051599000,-0.5786551000,0.5467539000,True,1.0000000000,4.0000000000,0.0320000000,0.0000000000,0.0000000000,0.5828423000,-0.5906346000,0.5580731000,0.0000000000,0.0000000000,0.0000000000,0.5940583000,-0.5847011000,0.5524667000,1.8554870000,
38.96542,41112,True,1.0000000000,4.0000000000,-0.0320000000,0.0000000000,0.0000000000,0.6051938000,-0.5786381000,0.5467343000,True,1.0000000000,4.0000000000,0.0320000000,0.0000000000,0.0000000000,0.5827994000,-0.5906588000,0.5580923000,0.0000000000,0.0000000000,0.0000000000,0.5940542000,-0.5847051000,0.5524668000,1.8491410000,
38.97659,41123,True,1.0000000000,4.0000000000,-0.0320000000,0.0000000000,0.0000000000,0.6051622000,-0.5786546000,0.5467519000,True,1.0000000000,4.0000000000,0.0320000000,0.0000000000,0.0000000000,0.5828398000,-0.5906368000,0.5580733000,0.0000000000,0.0000000000,0.0000000000,0.5940582000,-0.5847020000,0.5524658000,1.8550940000,
38.98782,41135,True,1.0000000000,4.0000000000,-0.0320000000,0.0000000000,0.0000000000,0.6051313000,-0.5786704000,0.5467693000,True,1.0000000000,4.0000000000,0.0320000000,0.0000000000,0.0000000000,0.5828720000,-0.5906188000,0.5580590000,0.0000000000,0.0000000000,0.0000000000,0.5940585000,-0.5847006000,0.5524670000,1.8603370000,
38.99855,41145,True,1.0000000000,4.0000000000,-0.0320000000,0.0000000000,0.0000000000,0.6050997000,-0.5786895000,0.5467840000,True,1.0000000000,4.0000000000,0.0320000000,0.0000000000,0.0000000000,0.5829061000,-0.5906026000,0.5580404000,0.0000000000,0.0000000000,0.0000000000,0.5940594000,-0.5847017000,0.5524648000,1.8658500000,
39.01012,41157,True,1.0000000000,4.0000000000,-0.0320000000,0.0000000000,0.0000000000,0.6050669000,-0.5787039000,0.5468051000,True,1.0000000000,4.0000000000,0.0320000000,0.0000000000,0.0000000000,0.5829414000,-0.5905805000,0.5580269000,0.0000000000,0.0000000000,0.0000000000,0.5940604000,-0.5846975000,0.5524683000,1.8716030000,
39.02107,41173,True,1.0000000000,4.0000000000,-0.0320000000,0.0000000000,0.0000000000,0.6050361000,-0.5787225000,0.5468194000,True,1.0000000000,4.0000000000,0.0320000000,0.0000000000,0.0000000000,0.5829740000,-0.5905651000,0.5580091000,0.0000000000,0.0000000000,0.0000000000,0.5940609000,-0.5846988000,0.5524662000,1.8769650000,
39.03202,41179,True,1.0000000000,4.0000000000,-0.0320000000,0.0000000000,0.0000000000,0.6050045000,-0.5787381000,0.5468380000,True,1.0000000000,4.0000000000,0.0320000000,0.0000000000,0.0000000000,0.5830071000,-0.5905458000,0.5579949000,0.0000000000,0.0000000000,0.0000000000,0.5940614000,-0.5846967000,0.5524681000,1.8824890000,
39.04308,41197,True,1.0000000000,4.0000000000,-0.0320000000,0.0000000000,0.0000000000,0.6049758000,-0.5787548000,0.5468520000,True,1.0000000000,4.0000000000,0.0320000000,0.0000000000,0.0000000000,0.5830387000,-0.5905303000,0.5579785000,0.0000000000,0.0000000000,0.0000000000,0.5940624000,-0.5846969000,0.5524666000,1.8876590000,
39.05605,41203,True,1.0000000000,4.0000000000,-0.0320000000,0.0000000000,0.0000000000,0.6049464000,-0.5787721000,0.5468664000,True,1.0000000000,4.0000000000,0.0320000000,0.0000000000,0.0000000000,0.5830728000,-0.5905135000,0.5579605000,0.0000000000,0.0000000000,0.0000000000,0.5940645000,-0.5846968000,0.5524645000,1.8931530000,
39.06528,41217,True,1.0000000000,4.0000000000,-0.0320000000,0.0000000000,0.0000000000,0.6049116000,-0.5787929000,0.5468829000,True,1.0000000000,4.0000000000,0.0320000000,0.0000000000,0.0000000000,0.5831031000,-0.5904992000,0.5579439000,0.0000000000,0.0000000000,0.0000000000,0.5940619000,-0.5846998000,0.5524642000,1.8988070000,
39.07618,41223,True,1.0000000000,4.0000000000,-0.0320000000,0.0000000000,0.0000000000,0.6048837000,-0.5788080000,0.5468975000,True,1.0000000000,4.0000000000,0.0320000000,0.0000000000,0.0000000000,0.5831331000,-0.5904835000,0.5579293000,0.0000000000,0.0000000000,0.0000000000,0.5940627000,-0.5846992000,0.5524639000,1.9038450000,
39.08754,41235,True,1.0000000000,4.0000000000,-0.0320000000,0.0000000000,0.0000000000,0.6048555000,-0.5788242000,0.5469118000,True,1.0000000000,4.0000000000,0.0320000000,0.0000000000,0.0000000000,0.5831618000,-0.5904689000,0.5579146000,0.0000000000,0.0000000000,0.0000000000,0.5940627000,-0.5846997000,0.5524634000,1.9088560000,
39.0985,41245,True,1.0000000000,4.0000000000,-0.0320000000,0.0000000000,0.0000000000,0.6048322000,-0.5788360000,0.5469249000,True,1.0000000000,4.0000000000,0.0320000000,0.0000000000,0.0000000000,0.5831863000,-0.5904552000,0.5579036000,0.0000000000,0.0000000000,0.0000000000,0.5940630000,-0.5846985000,0.5524643000,1.9130610000,
39.10953,41257,True,1.0000000000,4.0000000000,-0.0320000000,0.0000000000,0.0000000000,0.6048111000,-0.5788472000,0.5469365000,True,1.0000000000,4.0000000000,0.0320000000,0.0000000000,0.0000000000,0.5832127000,-0.5904408000,0.5578911000,0.0000000000,0.0000000000,0.0000000000,0.5940655000,-0.5846967000,0.5524637000,1.9172680000,
39.12098,41268,True,1.0000000000,4.0000000000,-0.0320000000,0.0000000000,0.0000000000,0.6047896000,-0.5788587000,0.5469481000,True,1.0000000000,4.0000000000,0.0320000000,0.0000000000,0.0000000000,0.5832336000,-0.5904297000,0.5578811000,0.0000000000,0.0000000000,0.0000000000,0.5940650000,-0.5846967000,0.5524642000,1.9210410000,
39.13171,41279,True,1.0000000000,4.0000000000,-0.0320000000,0.0000000000,0.0000000000,0.6047704000,-0.5788698000,0.5469574000,True,1.0000000000,4.0000000000,0.0320000000,0.0000000000,0.0000000000,0.5832551000,-0.5904191000,0.5578700000,0.0000000000,0.0000000000,0.0000000000,0.5940658000,-0.5846967000,0.5524631000,1.9246570000,
39.15004,41297,True,1.0000000000,4.0000000000,-0.0320000000,0.0000000000,0.0000000000,0.6047570000,-0.5788766000,0.5469651000,True,1.0000000000,4.0000000000,0.0320000000,0.0000000000,0.0000000000,0.5832670000,-0.5904122000,0.5578647000,0.0000000000,0.0000000000,0.0000000000,0.5940650000,-0.5846966000,0.5524641000,1.9269380000,
39.16721,41315,True,1.0000000000,4.0000000000,-0.0320000000,0.0000000000,0.0000000000,0.6047300000,-0.5788924000,0.5469782000,True,1.0000000000,4.0000000000,0.0320000000,0.0000000000,0.0000000000,0.5832980000,-0.5903969000,0.5578485000,0.0000000000,0.0000000000,0.0000000000,0.5940667000,-0.5846966000,0.5524624000,1.9321500000,
39.17584,41323,True,1.0000000000,4.0000000000,-0.0320000000,0.0000000000,0.0000000000,0.6047183000,-0.5788975000,0.5469857000,True,1.0000000000,4.0000000000,0.0320000000,0.0000000000,0.0000000000,0.5833125000,-0.5903879000,0.5578428000,0.0000000000,0.0000000000,0.0000000000,0.5940680000,-0.5846945000,0.5524632000,1.9345020000,
39.18934,41336,True,1.0000000000,4.0000000000,-0.0320000000,0.0000000000,0.0000000000,0.6047062000,-0.5789063000,0.5469899000,True,1.0000000000,4.0000000000,0.0320000000,0.0000000000,0.0000000000,0.5833209000,-0.5903857000,0.5578364000,0.0000000000,0.0000000000,0.0000000000,0.5940660000,-0.5846977000,0.5524620000,1.9363670000,
39.19878,41346,True,1.0000000000,4.0000000000,-0.0320000000,0.0000000000,0.0000000000,0.6046964000,-0.5789109000,0.5469958000,True,1.0000000000,4.0000000000,0.0320000000,0.0000000000,0.0000000000,0.5833313000,-0.5903795000,0.5578321000,0.0000000000,0.0000000000,0.0000000000,0.5940663000,-0.5846968000,0.5524627000,1.9381980000,
39.20968,41357,True,1.0000000000,4.0000000000,-0.0320000000,0.0000000000,0.0000000000,0.6046886000,-0.5789173000,0.5469977000,True,1.0000000000,4.0000000000,0.0320000000,0.0000000000,0.0000000000,0.5833386000,-0.5903777000,0.5578263000,0.0000000000,0.0000000000,0.0000000000,0.5940659000,-0.5846990000,0.5524607000,1.9395750000,
39.22127,41368,True,1.0000000000,4.0000000000,-0.0320000000,0.0000000000,0.0000000000,0.6046858000,-0.5789154000,0.5470030000,True,1.0000000000,4.0000000000,0.0320000000,0.0000000000,0.0000000000,0.5833451000,-0.5903708000,0.5578270000,0.0000000000,0.0000000000,0.0000000000,0.5940676000,-0.5846945000,0.5524635000,1.9404130000,
39.23201,41379,True,1.0000000000,4.0000000000,-0.0320000000,0.0000000000,0.0000000000,0.6046812000,-0.5789219000,0.5470011000,True,1.0000000000,4.0000000000,0.0320000000,0.0000000000,0.0000000000,0.5833448000,-0.5903751000,0.5578226000,0.0000000000,0.0000000000,0.0000000000,0.5940652000,-0.5846999000,0.5524604000,1.9408120000,
39.24305,41390,True,1.0000000000,4.0000000000,-0.0320000000,0.0000000000,0.0000000000,0.6046817000,-0.5789199000,0.5470025000,True,1.0000000000,4.0000000000,0.0320000000,0.0000000000,0.0000000000,0.5833496000,-0.5903708000,0.5578220000,0.0000000000,0.0000000000,0.0000000000,0.5940679000,-0.5846968000,0.5524608000,1.9411940000,
39.25443,41401,True,1.0000000000,4.0000000000,-0.0320000000,0.0000000000,0.0000000000,0.6046811000,-0.5789194000,0.5470037000,True,1.0000000000,4.0000000000,0.0320000000,0.0000000000,0.0000000000,0.5833493000,-0.5903702000,0.5578231000,0.0000000000,0.0000000000,0.0000000000,0.5940675000,-0.5846962000,0.5524620000,1.9412210000,
39.26574,41413,True,1.0000000000,4.0000000000,-0.0320000000,0.0000000000,0.0000000000,0.6046792000,-0.5789200000,0.5470054000,True,1.0000000000,4.0000000000,0.0320000000,0.0000000000,0.0000000000,0.5833511000,-0.5903686000,0.5578229000,0.0000000000,0.0000000000,0.0000000000,0.5940673000,-0.5846957000,0.5524626000,1.9415650000,
39.27662,41423,True,1.0000000000,4.0000000000,-0.0320000000,0.0000000000,0.0000000000,0.6046793000,-0.5789179000,0.5470074000,True,1.0000000000,4.0000000000,0.0320000000,0.0000000000,0.0000000000,0.5833508000,-0.5903668000,0.5578251000,0.0000000000,0.0000000000,0.0000000000,0.5940673000,-0.5846937000,0.5524648000,1.9415210000,
39.28753,41435,True,1.0000000000,4.0000000000,-0.0320000000,0.0000000000,0.0000000000,0.6046759000,-0.5789217000,0.5470071000,True,1.0000000000,4.0000000000,0.0320000000,0.0000000000,0.0000000000,0.5833535000,-0.5903673000,0.5578219000,0.0000000000,0.0000000000,0.0000000000,0.5940669000,-0.5846958000,0.5524631000,1.9420770000,
39.2988,41446,True,1.0000000000,4.0000000000,-0.0320000000,0.0000000000,0.0000000000,0.6046771000,-0.5789214000,0.5470062000,True,1.0000000000,4.0000000000,0.0320000000,0.0000000000,0.0000000000,0.5833590000,-0.5903648000,0.5578188000,0.0000000000,0.0000000000,0.0000000000,0.5940702000,-0.5846944000,0.5524610000,1.9424590000,
39.31564,41463,True,1.0000000000,4.0000000000,-0.0320000000,0.0000000000,0.0000000000,0.6046742000,-0.5789233000,0.5470073000,True,1.0000000000,4.0000000000,0.0320000000,0.0000000000,0.0000000000,0.5833555000,-0.5903670000,0.5578200000,0.0000000000,0.0000000000,0.0000000000,0.5940670000,-0.5846965000,0.5524622000,1.9424170000,
39.33175,41478,True,1.0000000000,4.0000000000,-0.0320000000,0.0000000000,0.0000000000,0.6046743000,-0.5789222000,0.5470083000,True,1.0000000000,4.0000000000,0.0320000000,0.0000000000,0.0000000000,0.5833547000,-0.5903665000,0.5578216000,0.0000000000,0.0000000000,0.0000000000,0.5940666000,-0.5846956000,0.5524634000,1.9423300000,
39.34295,41491,True,1.0000000000,4.0000000000,-0.0320000000,0.0000000000,0.0000000000,0.6046788000,-0.5789207000,0.5470049000,True,1.0000000000,4.0000000000,0.0320000000,0.0000000000,0.0000000000,0.5833530000,-0.5903682000,0.5578214000,0.0000000000,0.0000000000,0.0000000000,0.5940681000,-0.5846958000,0.5524617000,1.9417660000,
39.3544,41501,True,1.0000000000,4.0000000000,-0.0320000000,0.0000000000,0.0000000000,0.6046852000,-0.5789171000,0.5470016000,True,1.0000000000,4.0000000000,0.0320000000,0.0000000000,0.0000000000,0.5833439000,-0.5903730000,0.5578258000,0.0000000000,0.0000000000,0.0000000000,0.5940668000,-0.5846965000,0.5524623000,1.9403630000,
39.36593,41524,True,1.0000000000,4.0000000000,-0.0320000000,0.0000000000,0.0000000000,0.6046900000,-0.5789146000,0.5469991000,True,1.0000000000,4.0000000000,0.0320000000,0.0000000000,0.0000000000,0.5833400000,-0.5903751000,0.5578277000,0.0000000000,0.0000000000,0.0000000000,0.5940673000,-0.5846963000,0.5524620000,1.9395750000,
39.38311,41530,True,1.0000000000,4.0000000000,-0.0320000000,0.0000000000,0.0000000000,0.6046957000,-0.5789115000,0.5469960000,True,1.0000000000,4.0000000000,0.0320000000,0.0000000000,0.0000000000,0.5833350000,-0.5903777000,0.5578301000,0.0000000000,0.0000000000,0.0000000000,0.5940678000,-0.5846961000,0.5524617000,1.9385950000,
39.39887,41546,True,1.0000000000,4.0000000000,-0.0320000000,0.0000000000,0.0000000000,0.6047008000,-0.5789093000,0.5469928000,True,1.0000000000,4.0000000000,0.0320000000,0.0000000000,0.0000000000,0.5833265000,-0.5903828000,0.5578337000,0.0000000000,0.0000000000,0.0000000000,0.5940661000,-0.5846976000,0.5524620000,1.9373670000,
39.40945,41556,True,1.0000000000,4.0000000000,-0.0320000000,0.0000000000,0.0000000000,0.6047089000,-0.5789050000,0.5469884000,True,1.0000000000,4.0000000000,0.0320000000,0.0000000000,0.0000000000,0.5833179000,-0.5903875000,0.5578377000,0.0000000000,0.0000000000,0.0000000000,0.5940658000,-0.5846979000,0.5524619000,1.9358630000,
39.42106,41568,True,1.0000000000,4.0000000000,-0.0320000000,0.0000000000,0.0000000000,0.6047201000,-0.5788971000,0.5469843000,True,1.0000000000,4.0000000000,0.0320000000,0.0000000000,0.0000000000,0.5833076000,-0.5903911000,0.5578447000,0.0000000000,0.0000000000,0.0000000000,0.5940664000,-0.5846959000,0.5524635000,1.9339060000,
39.4318,41579,True,1.0000000000,4.0000000000,-0.0320000000,0.0000000000,0.0000000000,0.6047305000,-0.5788929000,0.5469772000,True,1.0000000000,4.0000000000,0.0320000000,0.0000000000,0.0000000000,0.5832971000,-0.5903981000,0.5578481000,0.0000000000,0.0000000000,0.0000000000,0.5940666000,-0.5846974000,0.5524617000,1.9320270000,
39.44294,41590,True,1.0000000000,4.0000000000,-0.0320000000,0.0000000000,0.0000000000,0.6047370000,-0.5788872000,0.5469760000,True,1.0000000000,4.0000000000,0.0320000000,0.0000000000,0.0000000000,0.5832902000,-0.5903997000,0.5578539000,0.0000000000,0.0000000000,0.0000000000,0.5940664000,-0.5846953000,0.5524640000,1.9308040000,
39.45434,41601,True,1.0000000000,4.0000000000,-0.0320000000,0.0000000000,0.0000000000,0.6047415000,-0.5788860000,0.5469725000,True,1.0000000000,4.0000000000,0.0320000000,0.0000000000,0.0000000000,0.5832844000,-0.5904039000,0.5578554000,0.0000000000,0.0000000000,0.0000000000,0.5940657000,-0.5846969000,0.5524631000,1.9298960000,
39.46529,41613,True,1.0000000000,4.0000000000,-0.0320000000,0.0000000000,0.0000000000,0.6047429000,-0.5788876000,0.5469691000,True,1.0000000000,4.0000000000,0.0320000000,0.0000000000,0.0000000000,0.5832799000,-0.5904087000,0.5578549000,0.0000000000,0.0000000000,0.0000000000,0.5940643000,-0.5847002000,0.5524611000,1.9293720000,
39.47646,41623,True,1.0000000000,4.0000000000,-0.0320000000,0.0000000000,0.0000000000,0.6047486000,-0.5788831000,0.5469676000,True,1.0000000000,4.0000000000,0.0320000000,0.0000000000,0.0000000000,0.5832757000,-0.5904095000,0.5578586000,0.0000000000,0.0000000000,0.0000000000,0.5940651000,-0.5846983000,0.5524623000,1.9284690000,
39.48747,41634,True,1.0000000000,4.0000000000,-0.0320000000,0.0000000000,0.0000000000,0.6047553000,-0.5788772000,0.5469665000,True,1.0000000000,4.0000000000,0.0320000000,0.0000000000,0.0000000000,0.5832705000,-0.5904099000,0.5578635000,0.0000000000,0.0000000000,0.0000000000,0.5940659000,-0.5846956000,0.5524642000,1.9274070000,
39.49868,41645,True,1.0000000000,4.0000000000,-0.0320000000,0.0000000000,0.0000000000,0.6047606000,-0.5788758000,0.5469620000,True,1.0000000000,4.0000000000,0.0320000000,0.0000000000,0.0000000000,0.5832642000,-0.5904148000,0.5578650000,0.0000000000,0.0000000000,0.0000000000,0.5940654000,-0.5846975000,0.5524628000,1.9263560000,
39.51091,41658,True,1.0000000000,4.0000000000,-0.0320000000,0.0000000000,0.0000000000,0.6047639000,-0.5788736000,0.5469607000,True,1.0000000000,4.0000000000,0.0320000000,0.0000000000,0.0000000000,0.5832607000,-0.5904163000,0.5578669000,0.0000000000,0.0000000000,0.0000000000,0.5940654000,-0.5846971000,0.5524632000,1.9257500000,
39.52092,41668,True,1.0000000000,4.0000000000,-0.0320000000,0.0000000000,0.0000000000,0.6047671000,-0.5788721000,0.5469588000,True,1.0000000000,4.0000000000,0.0320000000,0.0000000000,0.0000000000,0.5832579000,-0.5904179000,0.5578682000,0.0000000000,0.0000000000,0.0000000000,0.5940656000,-0.5846972000,0.5524628000,1.9252170000,
39.53703,41684,True,1.0000000000,4.0000000000,-0.0320000000,0.0000000000,0.0000000000,0.6047649000,-0.5788721000,0.5469612000,True,1.0000000000,4.0000000000,0.0320000000,0.0000000000,0.0000000000,0.5832610000,-0.5904152000,0.5578679000,0.0000000000,0.0000000000,0.0000000000,0.5940660000,-0.5846958000,0.5524639000,1.9256860000,
39.55413,41701,True,1.0000000000,4.0000000000,-0.0320000000,0.0000000000,0.0000000000,0.6047587000,-0.5788772000,0.5469627000,True,1.0000000000,4.0000000000,0.0320000000,0.0000000000,0.0000000000,0.5832668000,-0.5904138000,0.5578633000,0.0000000000,0.0000000000,0.0000000000,0.5940657000,-0.5846977000,0.5524622000,1.9267620000,
39.56516,41712,True,1.0000000000,4.0000000000,-0.0320000000,0.0000000000,0.0000000000,0.6047474000,-0.5788838000,0.5469681000,True,1.0000000000,4.0000000000,0.0320000000,0.0000000000,0.0000000000,0.5832770000,-0.5904089000,0.5578578000,0.0000000000,0.0000000000,0.0000000000,0.5940652000,-0.5846984000,0.5524621000,1.9286960000,
39.57635,41723,True,1.0000000000,4.0000000000,-0.0320000000,0.0000000000,0.0000000000,0.6047289000,-0.5788938000,0.5469779000,True,1.0000000000,4.0000000000,0.0320000000,0.0000000000,0.0000000000,0.5832953000,-0.5903991000,0.5578489000,0.0000000000,0.0000000000,0.0000000000,0.5940648000,-0.5846983000,0.5524625000,1.9320050000,
39.58776,41735,True,1.0000000000,4.0000000000,-0.0320000000,0.0000000000,0.0000000000,0.6047150000,-0.5788996000,0.5469872000,True,1.0000000000,4.0000000000,0.0320000000,0.0000000000,0.0000000000,0.5833128000,-0.5903881000,0.5578423000,0.0000000000,0.0000000000,0.0000000000,0.5940665000,-0.5846956000,0.5524637000,1.9348380000,
39.59992,41747,True,1.0000000000,4.0000000000,-0.0320000000,0.0000000000,0.0000000000,0.6046982000,-0.5789090000,0.5469958000,True,1.0000000000,4.0000000000,0.0320000000,0.0000000000,0.0000000000,0.5833341000,-0.5903771000,0.5578318000,0.0000000000,0.0000000000,0.0000000000,0.5940685000,-0.5846946000,0.5524625000,1.9382810000,
39.60942,41756,True,1.0000000000,4.0000000000,-0.0320000000,0.0000000000,0.0000000000,0.6046729000,-0.5789244000,0.5470076000,True,1.0000000000,4.0000000000,0.0320000000,0.0000000000,0.0000000000,0.5833568000,-0.5903667000,0.5578190000,0.0000000000,0.0000000000,0.0000000000,0.5940670000,-0.5846969000,0.5524617000,1.9426510000,
39.62086,41768,True,1.0000000000,4.0000000000,-0.0320000000,0.0000000000,0.0000000000,0.6046495000,-0.5789344000,0.5470228000,True,1.0000000000,4.0000000000,0.0320000000,0.0000000000,0.0000000000,0.5833842000,-0.5903495000,0.5578086000,0.0000000000,0.0000000000,0.0000000000,0.5940687000,-0.5846930000,0.5524639000,1.9472850000,
39.632,41779,True,1.0000000000,4.0000000000,-0.0320000000,0.0000000000,0.0000000000,0.6046200000,-0.5789506000,0.5470383000,True,1.0000000000,4.0000000000,0.0320000000,0.0000000000,0.0000000000,0.5834187000,-0.5903313000,0.5577917000,0.0000000000,0.0000000000,0.0000000000,0.5940710000,-0.5846918000,0.5524630000,1.9531670000,
39.64276,41790,True,1.0000000000,4.0000000000,-0.0320000000,0.0000000000,0.0000000000,0.6045920000,-0.5789666000,0.5470523000,True,1.0000000000,4.0000000000,0.0320000000,0.0000000000,0.0000000000,0.5834453000,-0.5903180000,0.5577781000,0.0000000000,0.0000000000,0.0000000000,0.5940699000,-0.5846928000,0.5524629000,1.9582020000,
39.65454,41801,True,1.0000000000,4.0000000000,-0.0320000000,0.0000000000,0.0000000000,0.6045573000,-0.5789850000,0.5470711000,True,1.0000000000,4.0000000000,0.0320000000,0.0000000000,0.0000000000,0.5834817000,-0.5902983000,0.5577608000,0.0000000000,0.0000000000,0.0000000000,0.5940705000,-0.5846918000,0.5524634000,1.9648120000,
39.66511,41812,True,1.0000000000,4.0000000000,-0.0320000000,0.0000000000,0.0000000000,0.6045175000,-0.5790111000,0.5470875000,True,1.0000000000,4.0000000000,0.0320000000,0.0000000000,0.0000000000,0.5835213000,-0.5902818000,0.5577368000,0.0000000000,0.0000000000,0.0000000000,0.5940700000,-0.5846962000,0.5524592000,1.9722420000,
39.68201,41829,True,1.0000000000,4.0000000000,-0.0320000000,0.0000000000,0.0000000000,0.6044687000,-0.5790358000,0.5471154000,True,1.0000000000,4.0000000000,0.0320000000,0.0000000000,0.0000000000,0.5835720000,-0.5902530000,0.5577143000,0.0000000000,0.0000000000,0.0000000000,0.5940705000,-0.5846937000,0.5524614000,1.9816340000,
39.69771,41844,True,1.0000000000,4.0000000000,-0.0320000000,0.0000000000,0.0000000000,0.6044150000,-0.5790665000,0.5471421000,True,1.0000000000,4.0000000000,0.0320000000,0.0000000000,0.0000000000,0.5836300000,-0.5902238000,0.5576844000,0.0000000000,0.0000000000,0.0000000000,0.5940721000,-0.5846940000,0.5524593000,1.9922740000,
39.70945,41856,True,1.0000000000,4.0000000000,-0.0320000000,0.0000000000,0.0000000000,0.6043113000,-0.5791253000,0.5471944000,True,1.0000000000,4.0000000000,0.0320000000,0.0000000000,0.0000000000,0.5837379000,-0.5901691000,0.5576293000,0.0000000000,0.0000000000,0.0000000000,0.5940732000,-0.5846950000,0.5524570000,2.0127670000,
39.72329,41871,True,1.0000000000,4.0000000000,-0.0320000000,0.0000000000,0.0000000000,0.6042385000,-0.5791630000,0.5472351000,True,1.0000000000,4.0000000000,0.0320000000,0.0000000000,0.0000000000,0.5838211000,-0.5901231000,0.5575910000,0.0000000000,0.0000000000,0.0000000000,0.5940776000,-0.5846902000,0.5524575000,2.0281470000,
39.73183,41879,True,1.0000000000,4.0000000000,-0.0320000000,0.0000000000,0.0000000000,0.6041693000,-0.5791999000,0.5472723000,True,1.0000000000,4.0000000000,0.0320000000,0.0000000000,0.0000000000,0.5838936000,-0.5900841000,0.5575565000,0.0000000000,0.0000000000,0.0000000000,0.5940787000,-0.5846884000,0.5524582000,2.0423090000,
39.74296,41890,True,1.0000000000,4.0000000000,-0.0320000000,0.0000000000,0.0000000000,0.6040913000,-0.5792437000,0.5473121000,True,1.0000000000,4.0000000000,0.0320000000,0.0000000000,0.0000000000,0.5839750000,-0.5900422000,0.5575155000,0.0000000000,0.0000000000,0.0000000000,0.5940796000,-0.5846886000,0.5524570000,2.0584840000,
39.75459,41901,True,1.0000000000,4.0000000000,-0.0320000000,0.0000000000,0.0000000000,0.6040136000,-0.5792865000,0.5473525000,True,1.0000000000,4.0000000000,0.0320000000,0.0000000000,0.0000000000,0.5840554000,-0.5900003000,0.5574756000,0.0000000000,0.0000000000,0.0000000000,0.5940802000,-0.5846884000,0.5524566000,2.0747950000,
39.76504,41912,True,1.0000000000,4.0000000000,-0.0320000000,0.0000000000,0.0000000000,0.6039295000,-0.5793353000,0.5473936000,True,1.0000000000,4.0000000000,0.0320000000,0.0000000000,0.0000000000,0.5841413000,-0.5899578000,0.5574305000,0.0000000000,0.0000000000,0.0000000000,0.5940803000,-0.5846908000,0.5524538000,2.0926160000,
39.77629,41923,True,1.0000000000,4.0000000000,-0.0320000000,0.0000000000,0.0000000000,0.6038476000,-0.5793766000,0.5474404000,True,1.0000000000,4.0000000000,0.0320000000,0.0000000000,0.0000000000,0.5842351000,-0.5899049000,0.5573883000,0.0000000000,0.0000000000,0.0000000000,0.5940855000,-0.5846842000,0.5524554000,2.1113560000,
39.78855,41936,True,1.0000000000,4.0000000000,-0.0320000000,0.0000000000,0.0000000000,0.6037577000,-0.5794276000,0.5474854000,True,1.0000000000,4.0000000000,0.0320000000,0.0000000000,0.0000000000,0.5843275000,-0.5898581000,0.5573409000,0.0000000000,0.0000000000,0.0000000000,0.5940860000,-0.5846855000,0.5524534000,2.1311680000,
39.79853,41945,True,1.0000000000,4.0000000000,-0.0320000000,0.0000000000,0.0000000000,0.6036669000,-0.5794798000,0.5475303000,True,1.0000000000,4.0000000000,0.0320000000,0.0000000000,0.0000000000,0.5844197000,-0.5898120000,0.5572929000,0.0000000000,0.0000000000,0.0000000000,0.5940858000,-0.5846878000,0.5524512000,2.1514260000,
39.80957,41957,True,1.0000000000,4.0000000000,-0.0320000000,0.0000000000,0.0000000000,0.6035768000,-0.5795279000,0.5475788000,True,1.0000000000,4.0000000000,0.0320000000,0.0000000000,0.0000000000,0.5845170000,-0.5897596000,0.5572464000,0.0000000000,0.0000000000,0.0000000000,0.5940886000,-0.5846847000,0.5524514000,2.1725770000,
39.82082,41968,True,1.0000000000,4.0000000000,-0.0320000000,0.0000000000,0.0000000000,0.6034805000,-0.5795805000,0.5476292000,True,1.0000000000,4.0000000000,0.0320000000,0.0000000000,0.0000000000,0.5846180000,-0.5897064000,0.5571969000,0.0000000000,0.0000000000,0.0000000000,0.5940900000,-0.5846836000,0.5524510000,2.1952860000,
39.83141,41978,True,1.0000000000,4.0000000000,-0.0320000000,0.0000000000,0.0000000000,0.6033846000,-0.5796344000,0.5476778000,True,1.0000000000,4.0000000000,0.0320000000,0.0000000000,0.0000000000,0.5847170000,-0.5896557000,0.5571465000,0.0000000000,0.0000000000,0.0000000000,0.5940908000,-0.5846844000,0.5524493000,2.2182200000,
39.84271,41990,True,1.0000000000,4.0000000000,-0.0320000000,0.0000000000,0.0000000000,0.6032903000,-0.5796854000,0.5477278000,True,1.0000000000,4.0000000000,0.0320000000,0.0000000000,0.0000000000,0.5848172000,-0.5896023000,0.5570979000,0.0000000000,0.0000000000,0.0000000000,0.5940928000,-0.5846824000,0.5524492000,2.2415650000,
39.85436,42001,True,1.0000000000,4.0000000000,-0.0320000000,0.0000000000,0.0000000000,0.6031931000,-0.5797392000,0.5477779000,True,1.0000000000,4.0000000000,0.0320000000,0.0000000000,0.0000000000,0.5849202000,-0.5895486000,0.5570466000,0.0000000000,0.0000000000,0.0000000000,0.5940949000,-0.5846816000,0.5524479000,2.2661270000,
39.86491,42012,True,1.0000000000,4.0000000000,-0.0320000000,0.0000000000,0.0000000000,0.6030943000,-0.5797928000,0.5478299000,True,1.0000000000,4.0000000000,0.0320000000,0.0000000000,0.0000000000,0.5850248000,-0.5894931000,0.5569955000,0.0000000000,0.0000000000,0.0000000000,0.5940970000,-0.5846798000,0.5524475000,2.2916160000,
39.87596,42023,True,1.0000000000,4.0000000000,-0.0320000000,0.0000000000,0.0000000000,0.6030014000,-0.5798446000,0.5478774000,True,1.0000000000,4.0000000000,0.0320000000,0.0000000000,0.0000000000,0.5851238000,-0.5894419000,0.5569456000,0.0000000000,0.0000000000,0.0000000000,0.5940992000,-0.5846794000,0.5524456000,2.3162180000,
39.89246,42040,True,1.0000000000,4.0000000000,-0.0320000000,0.0000000000,0.0000000000,0.6029124000,-0.5798928000,0.5479244000,True,1.0000000000,4.0000000000,0.0320000000,0.0000000000,0.0000000000,0.5852155000,-0.5893930000,0.5569010000,0.0000000000,0.0000000000,0.0000000000,0.5940999000,-0.5846782000,0.5524461000,2.3398740000,
39.90976,42057,True,1.0000000000,4.0000000000,-0.0320000000,0.0000000000,0.0000000000,0.6027455000,-0.5799840000,0.5480115000,True,1.0000000000,4.0000000000,0.0320000000,0.0000000000,0.0000000000,0.5853932000,-0.5892994000,0.5568134000,0.0000000000,0.0000000000,0.0000000000,0.5941038000,-0.5846757000,0.5524445000,2.3863260000,
39.92104,42068,True,1.0000000000,4.0000000000,-0.0320000000,0.0000000000,0.0000000000,0.6026704000,-0.5800260000,0.5480496000,True,1.0000000000,4.0000000000,0.0320000000,0.0000000000,0.0000000000,0.5854706000,-0.5892596000,0.5567741000,0.0000000000,0.0000000000,0.0000000000,0.5941044000,-0.5846762000,0.5524434000,2.4074870000,
39.9319,42079,True,1.0000000000,4.0000000000,-0.0320000000,0.0000000000,0.0000000000,0.6026149000,-0.5800554000,0.5480794000,True,1.0000000000,4.0000000000,0.0320000000,0.0000000000,0.0000000000,0.5855280000,-0.5892283000,0.5567467000,0.0000000000,0.0000000000,0.0000000000,0.5941050000,-0.5846748000,0.5524442000,2.4233920000,
39.94315,42090,True,1.0000000000,4.0000000000,-0.0320000000,0.0000000000,0.0000000000,0.6025732000,-0.5800764000,0.5481031000,True,1.0000000000,4.0000000000,0.0320000000,0.0000000000,0.0000000000,0.5855761000,-0.5892012000,0.5567248000,0.0000000000,0.0000000000,0.0000000000,0.5941078000,-0.5846714000,0.5524448000,2.4361890000,
39.95417,42101,True,1.0000000000,4.0000000000,-0.0320000000,0.0000000000,0.0000000000,0.6025448000,-0.5800951000,0.5481144000,True,1.0000000000,4.0000000000,0.0320000000,0.0000000000,0.0000000000,0.5856012000,-0.5891913000,0.5567091000,0.0000000000,0.0000000000,0.0000000000,0.5941060000,-0.5846756000,0.5524424000,2.4438740000,
39.96513,42112,True,1.0000000000,4.0000000000,-0.0320000000,0.0000000000,0.0000000000,0.6025238000,-0.5801066000,0.5481254000,True,1.0000000000,4.0000000000,0.0320000000,0.0000000000,0.0000000000,0.5856222000,-0.5891801000,0.5566987000,0.0000000000,0.0000000000,0.0000000000,0.5941058000,-0.5846756000,0.5524426000,2.4499580000,
39.9763,42123,True,1.0000000000,4.0000000000,-0.0320000000,0.0000000000,0.0000000000,0.6025017000,-0.5801163000,0.5481394000,True,1.0000000000,4.0000000000,0.0320000000,0.0000000000,0.0000000000,0.5856487000,-0.5891637000,0.5566882000,0.0000000000,0.0000000000,0.0000000000,0.5941078000,-0.5846721000,0.5524441000,2.4570030000,
39.98749,42134,True,1.0000000000,4.0000000000,-0.0320000000,0.0000000000,0.0000000000,0.6024685000,-0.5801367000,0.5481543000,True,1.0000000000,4.0000000000,0.0320000000,0.0000000000,0.0000000000,0.5856814000,-0.5891488000,0.5566695000,0.0000000000,0.0000000000,0.0000000000,0.5941073000,-0.5846746000,0.5524420000,2.4666710000,
39.99856,42153,True,1.0000000000,4.0000000000,-0.0320000000,0.0000000000,0.0000000000,0.6024384000,-0.5801513000,0.5481719000,True,1.0000000000,4.0000000000,0.0320000000,0.0000000000,0.0000000000,0.5857165000,-0.5891284000,0.5566542000,0.0000000000,0.0000000000,0.0000000000,0.5941095000,-0.5846714000,0.5524430000,2.4762630000,
40.01256,42160,True,1.0000000000,4.0000000000,-0.0320000000,0.0000000000,0.0000000000,0.6024010000,-0.5801720000,0.5481912000,True,1.0000000000,4.0000000000,0.0320000000,0.0000000000,0.0000000000,0.5857542000,-0.5891088000,0.5566353000,0.0000000000,0.0000000000,0.0000000000,0.5941094000,-0.5846717000,0.5524428000,2.4874520000,
40.02388,42171,True,1.0000000000,4.0000000000,-0.0320000000,0.0000000000,0.0000000000,0.6023610000,-0.5801960000,0.5482097000,True,1.0000000000,4.0000000000,0.0320000000,0.0000000000,0.0000000000,0.5857943000,-0.5890899000,0.5566132000,0.0000000000,0.0000000000,0.0000000000,0.5941092000,-0.5846739000,0.5524408000,2.4994670000,
40.04308,42190,True,1.0000000000,4.0000000000,-0.0320000000,0.0000000000,0.0000000000,0.6022829000,-0.5802389000,0.5482501000,True,1.0000000000,4.0000000000,0.0320000000,0.0000000000,0.0000000000,0.5858759000,-0.5890470000,0.5565726000,0.0000000000,0.0000000000,0.0000000000,0.5941103000,-0.5846733000,0.5524401000,2.5238050000,
